run_id,dataset,model,variant,selected_epoch,checkpoint_relative_path,locally_present,bytes,recorded_sha256,hash_status,included_in_archive
jiim_ext_isic2019_split_01_seed_42_resnet18_A,isic2019,resnet18,shared,2,research-lab/experiments/registered-workflow/extensions/jiim_2026_major_revision/runs/jiim_ext_isic2019_split_01_seed_42_resnet18_A/checkpoints/best_validation_loss.pt,True,44803044,754b40032ebd2b416044f1ebc0ef8c7e31a89eb4c090204d3ba0c8d62ac03769,saved_training_manifest; 12 representative files fully checked in P3a; remaining full-file hashes not recalculated in P3b,False
jiim_ext_isic2019_split_01_seed_52_resnet18_A,isic2019,resnet18,shared,2,research-lab/experiments/registered-workflow/extensions/jiim_2026_major_revision/runs/jiim_ext_isic2019_split_01_seed_52_resnet18_A/checkpoints/best_validation_loss.pt,True,44803044,33f7ffb09d1d423dc71fa6e5fac8c96bf5e54b92ff435806a0928f7929841190,saved_training_manifest; 12 representative files fully checked in P3a; remaining full-file hashes not recalculated in P3b,False
jiim_ext_isic2019_split_01_seed_62_resnet18_A,isic2019,resnet18,shared,2,research-lab/experiments/registered-workflow/extensions/jiim_2026_major_revision/runs/jiim_ext_isic2019_split_01_seed_62_resnet18_A/checkpoints/best_validation_loss.pt,True,44803044,4ed9f621e8ff45d0900a1d9a0297db6403760e968bdc12bb42b298922371e98f,saved_training_manifest; 12 representative files fully checked in P3a; remaining full-file hashes not recalculated in P3b,False
jiim_ext_isic2019_split_01_seed_42_resnet50_A,isic2019,resnet50,shared,2,research-lab/experiments/registered-workflow/extensions/jiim_2026_major_revision/runs/jiim_ext_isic2019_split_01_seed_42_resnet50_A/checkpoints/best_validation_loss.pt,True,94419622,f538e6f231c100a95a4bf383d4b86cd94b342d8cd3e50127b47a5c1fd36f4721,saved_training_manifest; 12 representative files fully checked in P3a; remaining full-file hashes not recalculated in P3b,False
jiim_ext_isic2019_split_01_seed_52_resnet50_A,isic2019,resnet50,shared,2,research-lab/experiments/registered-workflow/extensions/jiim_2026_major_revision/runs/jiim_ext_isic2019_split_01_seed_52_resnet50_A/checkpoints/best_validation_loss.pt,True,94419622,119c7c8f6d943118cf9ede309573ce57bcfb6f219f36e4b842d96a30c146ff84,saved_training_manifest; 12 representative files fully checked in P3a; remaining full-file hashes not recalculated in P3b,False
jiim_ext_isic2019_split_01_seed_62_resnet50_A,isic2019,resnet50,shared,2,research-lab/experiments/registered-workflow/extensions/jiim_2026_major_revision/runs/jiim_ext_isic2019_split_01_seed_62_resnet50_A/checkpoints/best_validation_loss.pt,True,94419622,5984fbda0fabe8d6c0695131e627a4ccb6993cfcb2ba0a85f92e22e8d32dbbb8,saved_training_manifest; 12 representative files fully checked in P3a; remaining full-file hashes not recalculated in P3b,False
jiim_ext_isic2019_split_01_seed_42_densenet121_A,isic2019,densenet121,shared,4,research-lab/experiments/registered-workflow/extensions/jiim_2026_major_revision/runs/jiim_ext_isic2019_split_01_seed_42_densenet121_A/checkpoints/best_validation_loss.pt,True,28462499,f6f976e5a352b304156ac31b1a156ddd7f7acd11acdd0015ce191da6497b5b9f,saved_training_manifest; 12 representative files fully checked in P3a; remaining full-file hashes not recalculated in P3b,False
jiim_ext_isic2019_split_01_seed_52_densenet121_A,isic2019,densenet121,shared,3,research-lab/experiments/registered-workflow/extensions/jiim_2026_major_revision/runs/jiim_ext_isic2019_split_01_seed_52_densenet121_A/checkpoints/best_validation_loss.pt,True,28462499,68d719338a52006a6b4eabcfb3f38065453ab4e86324ab144a8f54399247dfa0,saved_training_manifest; 12 representative files fully checked in P3a; remaining full-file hashes not recalculated in P3b,False
jiim_ext_isic2019_split_01_seed_62_densenet121_A,isic2019,densenet121,shared,4,research-lab/experiments/registered-workflow/extensions/jiim_2026_major_revision/runs/jiim_ext_isic2019_split_01_seed_62_densenet121_A/checkpoints/best_validation_loss.pt,True,28462499,6829683c8791ce8024ecf0972ebafe73df89bfd737a3ff49e5f9ed62901e6fa1,saved_training_manifest; 12 representative files fully checked in P3a; remaining full-file hashes not recalculated in P3b,False
jiim_ext_isic2019_split_01_seed_42_efficientnet_b0_A,isic2019,efficientnet_b0,shared,14,research-lab/experiments/registered-workflow/extensions/jiim_2026_major_revision/runs/jiim_ext_isic2019_split_01_seed_42_efficientnet_b0_A/checkpoints/best_validation_loss.pt,True,16374046,fda4749d351ab4f40cbcd24db96d8e72ca02378d83a964d8b693db9d55d4c01b,saved_training_manifest; 12 representative files fully checked in P3a; remaining full-file hashes not recalculated in P3b,False
jiim_ext_isic2019_split_01_seed_52_efficientnet_b0_A,isic2019,efficientnet_b0,shared,21,research-lab/experiments/registered-workflow/extensions/jiim_2026_major_revision/runs/jiim_ext_isic2019_split_01_seed_52_efficientnet_b0_A/checkpoints/best_validation_loss.pt,True,16374046,c35eff26a215f6a6313b307340dec1ce23e64a8f918c67ac96495cc56d4ee932,saved_training_manifest; 12 representative files fully checked in P3a; remaining full-file hashes not recalculated in P3b,False
jiim_ext_isic2019_split_01_seed_62_efficientnet_b0_A,isic2019,efficientnet_b0,shared,21,research-lab/experiments/registered-workflow/extensions/jiim_2026_major_revision/runs/jiim_ext_isic2019_split_01_seed_62_efficientnet_b0_A/checkpoints/best_validation_loss.pt,True,16374046,0c4c47ed2d6c507c6d5fc7babe398a7b80fdc52e717be8bd94557b57d912419e,saved_training_manifest; 12 representative files fully checked in P3a; remaining full-file hashes not recalculated in P3b,False
jiim_ext_isic2019_split_01_seed_42_swin_t_A,isic2019,swin_t,shared,3,research-lab/experiments/registered-workflow/extensions/jiim_2026_major_revision/runs/jiim_ext_isic2019_split_01_seed_42_swin_t_A/checkpoints/best_validation_loss.pt,True,110400665,23cd3e428be469a151fba9f58f6bd9274c40a367c6013a7ec57abb134946f5d3,saved_training_manifest; 12 representative files fully checked in P3a; remaining full-file hashes not recalculated in P3b,False
jiim_ext_isic2019_split_01_seed_52_swin_t_A,isic2019,swin_t,shared,2,research-lab/experiments/registered-workflow/extensions/jiim_2026_major_revision/runs/jiim_ext_isic2019_split_01_seed_52_swin_t_A/checkpoints/best_validation_loss.pt,True,110400665,ce137dd2ba812037444107734c806bb0a0a82c2f2d02ff87c70d4c91932fda26,saved_training_manifest; 12 representative files fully checked in P3a; remaining full-file hashes not recalculated in P3b,False
jiim_ext_isic2019_split_01_seed_62_swin_t_A,isic2019,swin_t,shared,3,research-lab/experiments/registered-workflow/extensions/jiim_2026_major_revision/runs/jiim_ext_isic2019_split_01_seed_62_swin_t_A/checkpoints/best_validation_loss.pt,True,110400665,8250221feffa28bd109539d589b64990316d9629cbc89774338ab34c519fc9df,saved_training_manifest; 12 representative files fully checked in P3a; remaining full-file hashes not recalculated in P3b,False
jiim_ext_isic2019_split_01_seed_42_swin_t_B,isic2019,swin_t,swin_weight_eval,3,research-lab/experiments/registered-workflow/extensions/jiim_2026_major_revision/runs/jiim_ext_isic2019_split_01_seed_42_swin_t_B/checkpoints/best_validation_loss.pt,True,110400665,25ceb2e2a0bf03d387a6ad5dca3aa5e359ba418caf92c0b5341c88284c26b48c,saved_training_manifest; 12 representative files fully checked in P3a; remaining full-file hashes not recalculated in P3b,False
jiim_ext_isic2019_split_01_seed_52_swin_t_B,isic2019,swin_t,swin_weight_eval,4,research-lab/experiments/registered-workflow/extensions/jiim_2026_major_revision/runs/jiim_ext_isic2019_split_01_seed_52_swin_t_B/checkpoints/best_validation_loss.pt,True,110400665,e4a713b871c426050384d9d83ab25d8d2415a518a828738c19f63bf5695045d2,saved_training_manifest; 12 representative files fully checked in P3a; remaining full-file hashes not recalculated in P3b,False
jiim_ext_isic2019_split_01_seed_62_swin_t_B,isic2019,swin_t,swin_weight_eval,3,research-lab/experiments/registered-workflow/extensions/jiim_2026_major_revision/runs/jiim_ext_isic2019_split_01_seed_62_swin_t_B/checkpoints/best_validation_loss.pt,True,110400665,c144896de5781dd53bb99169aa699ff8144f48df0e69fe6a983e43417268178d,saved_training_manifest; 12 representative files fully checked in P3a; remaining full-file hashes not recalculated in P3b,False
jiim_ext_isic2019_split_02_seed_42_resnet18_A,isic2019,resnet18,shared,1,research-lab/experiments/registered-workflow/extensions/jiim_2026_major_revision/runs/jiim_ext_isic2019_split_02_seed_42_resnet18_A/checkpoints/best_validation_loss.pt,True,44803044,47035aac0117601ab39a17f46842ccb92da7fe50733c59f20395b2d9e41ba467,saved_training_manifest; 12 representative files fully checked in P3a; remaining full-file hashes not recalculated in P3b,False
jiim_ext_isic2019_split_02_seed_52_resnet18_A,isic2019,resnet18,shared,1,research-lab/experiments/registered-workflow/extensions/jiim_2026_major_revision/runs/jiim_ext_isic2019_split_02_seed_52_resnet18_A/checkpoints/best_validation_loss.pt,True,44803044,38d588401319c270db1659aab22a30fdfb538432feb49e96115b4d4e83fd372d,saved_training_manifest; 12 representative files fully checked in P3a; remaining full-file hashes not recalculated in P3b,False
jiim_ext_isic2019_split_02_seed_62_resnet18_A,isic2019,resnet18,shared,3,research-lab/experiments/registered-workflow/extensions/jiim_2026_major_revision/runs/jiim_ext_isic2019_split_02_seed_62_resnet18_A/checkpoints/best_validation_loss.pt,True,44803044,59f84a512fd086a11a3a3f3419046ea20a9d7c5df4a6fa90823b49a2f4af50c8,saved_training_manifest; 12 representative files fully checked in P3a; remaining full-file hashes not recalculated in P3b,False
jiim_ext_isic2019_split_02_seed_42_resnet50_A,isic2019,resnet50,shared,3,research-lab/experiments/registered-workflow/extensions/jiim_2026_major_revision/runs/jiim_ext_isic2019_split_02_seed_42_resnet50_A/checkpoints/best_validation_loss.pt,True,94419622,896bc23fd6b75e59c3db95813f8a7fe4c8162524b3326a5e243355184172e5ed,saved_training_manifest; 12 representative files fully checked in P3a; remaining full-file hashes not recalculated in P3b,False
jiim_ext_isic2019_split_02_seed_52_resnet50_A,isic2019,resnet50,shared,2,research-lab/experiments/registered-workflow/extensions/jiim_2026_major_revision/runs/jiim_ext_isic2019_split_02_seed_52_resnet50_A/checkpoints/best_validation_loss.pt,True,94419622,c060073ada643c736911d5eed1c89658d352febb809d8694085461d27fd5d9ef,saved_training_manifest; 12 representative files fully checked in P3a; remaining full-file hashes not recalculated in P3b,False
jiim_ext_isic2019_split_02_seed_62_resnet50_A,isic2019,resnet50,shared,2,research-lab/experiments/registered-workflow/extensions/jiim_2026_major_revision/runs/jiim_ext_isic2019_split_02_seed_62_resnet50_A/checkpoints/best_validation_loss.pt,True,94419622,9951d548bab8bced828c63a472a8e79f89ee57e55c883e10810a506084f51d78,saved_training_manifest; 12 representative files fully checked in P3a; remaining full-file hashes not recalculated in P3b,False
jiim_ext_isic2019_split_02_seed_42_densenet121_A,isic2019,densenet121,shared,2,research-lab/experiments/registered-workflow/extensions/jiim_2026_major_revision/runs/jiim_ext_isic2019_split_02_seed_42_densenet121_A/checkpoints/best_validation_loss.pt,True,28462499,9a156b4d75e005dc566830fd2e04b0614ace664ad7dc5be21b3241ba0ed3e34b,saved_training_manifest; 12 representative files fully checked in P3a; remaining full-file hashes not recalculated in P3b,False
jiim_ext_isic2019_split_02_seed_52_densenet121_A,isic2019,densenet121,shared,3,research-lab/experiments/registered-workflow/extensions/jiim_2026_major_revision/runs/jiim_ext_isic2019_split_02_seed_52_densenet121_A/checkpoints/best_validation_loss.pt,True,28462499,4551010c4def8f822062d739e07802f27a6b7c3b66d52aace5ffd3f1e0683eb9,saved_training_manifest; 12 representative files fully checked in P3a; remaining full-file hashes not recalculated in P3b,False
jiim_ext_isic2019_split_02_seed_62_densenet121_A,isic2019,densenet121,shared,4,research-lab/experiments/registered-workflow/extensions/jiim_2026_major_revision/runs/jiim_ext_isic2019_split_02_seed_62_densenet121_A/checkpoints/best_validation_loss.pt,True,28462499,43d4fc74123599695ef752da313d9e6b698be62d62b2b418efb6de17616535de,saved_training_manifest; 12 representative files fully checked in P3a; remaining full-file hashes not recalculated in P3b,False
jiim_ext_isic2019_split_02_seed_42_efficientnet_b0_A,isic2019,efficientnet_b0,shared,10,research-lab/experiments/registered-workflow/extensions/jiim_2026_major_revision/runs/jiim_ext_isic2019_split_02_seed_42_efficientnet_b0_A/checkpoints/best_validation_loss.pt,True,16374046,d1c500f9f5c0b9d56de3784b42b52b01daa73fcdf03889b956107de619e7dbff,saved_training_manifest; 12 representative files fully checked in P3a; remaining full-file hashes not recalculated in P3b,False
jiim_ext_isic2019_split_02_seed_52_efficientnet_b0_A,isic2019,efficientnet_b0,shared,17,research-lab/experiments/registered-workflow/extensions/jiim_2026_major_revision/runs/jiim_ext_isic2019_split_02_seed_52_efficientnet_b0_A/checkpoints/best_validation_loss.pt,True,16374046,3ead8c663025d1ba92edc52cc255216268891a3686f5edced912885628137473,saved_training_manifest; 12 representative files fully checked in P3a; remaining full-file hashes not recalculated in P3b,False
jiim_ext_isic2019_split_02_seed_62_efficientnet_b0_A,isic2019,efficientnet_b0,shared,19,research-lab/experiments/registered-workflow/extensions/jiim_2026_major_revision/runs/jiim_ext_isic2019_split_02_seed_62_efficientnet_b0_A/checkpoints/best_validation_loss.pt,True,16374046,433459d91651282cb0f8ddc310009fec675ec9ff43d20550960f2633586fbce5,saved_training_manifest; 12 representative files fully checked in P3a; remaining full-file hashes not recalculated in P3b,False
jiim_ext_isic2019_split_02_seed_42_swin_t_A,isic2019,swin_t,shared,3,research-lab/experiments/registered-workflow/extensions/jiim_2026_major_revision/runs/jiim_ext_isic2019_split_02_seed_42_swin_t_A/checkpoints/best_validation_loss.pt,True,110400665,df25cbd6d94c9cbaeb2651fd6117a6372f49c5c2d94bc754d614df4d82c7ec27,saved_training_manifest; 12 representative files fully checked in P3a; remaining full-file hashes not recalculated in P3b,False
jiim_ext_isic2019_split_02_seed_52_swin_t_A,isic2019,swin_t,shared,3,research-lab/experiments/registered-workflow/extensions/jiim_2026_major_revision/runs/jiim_ext_isic2019_split_02_seed_52_swin_t_A/checkpoints/best_validation_loss.pt,True,110400665,58b7ebf13f8b4730561e2004a42355d3d128eb98135247766b8f4f15073c45e2,saved_training_manifest; 12 representative files fully checked in P3a; remaining full-file hashes not recalculated in P3b,False
jiim_ext_isic2019_split_02_seed_62_swin_t_A,isic2019,swin_t,shared,3,research-lab/experiments/registered-workflow/extensions/jiim_2026_major_revision/runs/jiim_ext_isic2019_split_02_seed_62_swin_t_A/checkpoints/best_validation_loss.pt,True,110400665,59c5fbc3a4bebd47c9ce36c5e13a9acdc0a9f69ddb7e48109f1372b2f3850425,saved_training_manifest; 12 representative files fully checked in P3a; remaining full-file hashes not recalculated in P3b,False
jiim_ext_isic2019_split_02_seed_42_swin_t_B,isic2019,swin_t,swin_weight_eval,3,research-lab/experiments/registered-workflow/extensions/jiim_2026_major_revision/runs/jiim_ext_isic2019_split_02_seed_42_swin_t_B/checkpoints/best_validation_loss.pt,True,110400665,a4a5f05c8ddf1272315bd6d1a6b92550468c087297aef7013cbb38a83ec84653,saved_training_manifest; 12 representative files fully checked in P3a; remaining full-file hashes not recalculated in P3b,False
jiim_ext_isic2019_split_02_seed_52_swin_t_B,isic2019,swin_t,swin_weight_eval,3,research-lab/experiments/registered-workflow/extensions/jiim_2026_major_revision/runs/jiim_ext_isic2019_split_02_seed_52_swin_t_B/checkpoints/best_validation_loss.pt,True,110400665,f2720d838d35fe9b91b061add9f6af814d8b9a17335fe778e32e135621d6eb0b,saved_training_manifest; 12 representative files fully checked in P3a; remaining full-file hashes not recalculated in P3b,False
jiim_ext_isic2019_split_02_seed_62_swin_t_B,isic2019,swin_t,swin_weight_eval,3,research-lab/experiments/registered-workflow/extensions/jiim_2026_major_revision/runs/jiim_ext_isic2019_split_02_seed_62_swin_t_B/checkpoints/best_validation_loss.pt,True,110400665,fa43de4008ea51e638ebd7c524e34a760ea4ff19fa0bc5871bd3ce215d5d3352,saved_training_manifest; 12 representative files fully checked in P3a; remaining full-file hashes not recalculated in P3b,False
jiim_ext_isic2019_split_03_seed_42_resnet18_A,isic2019,resnet18,shared,1,research-lab/experiments/registered-workflow/extensions/jiim_2026_major_revision/runs/jiim_ext_isic2019_split_03_seed_42_resnet18_A/checkpoints/best_validation_loss.pt,True,44803044,da5d56006e845ad7a923afa9583b8b6f0c4fbdf874dcb0aba500d8bbb03de298,saved_training_manifest; 12 representative files fully checked in P3a; remaining full-file hashes not recalculated in P3b,False
jiim_ext_isic2019_split_03_seed_52_resnet18_A,isic2019,resnet18,shared,2,research-lab/experiments/registered-workflow/extensions/jiim_2026_major_revision/runs/jiim_ext_isic2019_split_03_seed_52_resnet18_A/checkpoints/best_validation_loss.pt,True,44803044,860f3834fac4badfbf907b31f14a7290d4bb07586cd4889a925eae67a469db44,saved_training_manifest; 12 representative files fully checked in P3a; remaining full-file hashes not recalculated in P3b,False
jiim_ext_isic2019_split_03_seed_62_resnet18_A,isic2019,resnet18,shared,1,research-lab/experiments/registered-workflow/extensions/jiim_2026_major_revision/runs/jiim_ext_isic2019_split_03_seed_62_resnet18_A/checkpoints/best_validation_loss.pt,True,44803044,0b2cecd8f8b07337ea23328d94ebeaaa5f6e8f2faece925cc9b4151d26a4038e,saved_training_manifest; 12 representative files fully checked in P3a; remaining full-file hashes not recalculated in P3b,False
jiim_ext_isic2019_split_03_seed_42_resnet50_A,isic2019,resnet50,shared,1,research-lab/experiments/registered-workflow/extensions/jiim_2026_major_revision/runs/jiim_ext_isic2019_split_03_seed_42_resnet50_A/checkpoints/best_validation_loss.pt,True,94419622,117c55cec42d7ccdbe1e8c6e9207f0616c39c8273b3345f29000301907c4d84b,saved_training_manifest; 12 representative files fully checked in P3a; remaining full-file hashes not recalculated in P3b,False
jiim_ext_isic2019_split_03_seed_52_resnet50_A,isic2019,resnet50,shared,2,research-lab/experiments/registered-workflow/extensions/jiim_2026_major_revision/runs/jiim_ext_isic2019_split_03_seed_52_resnet50_A/checkpoints/best_validation_loss.pt,True,94419622,6eb3e97187478a2f7d8925a9cbada51cd6863982b1cccae2e3c7e4ca45dd5e93,saved_training_manifest; 12 representative files fully checked in P3a; remaining full-file hashes not recalculated in P3b,False
jiim_ext_isic2019_split_03_seed_62_resnet50_A,isic2019,resnet50,shared,1,research-lab/experiments/registered-workflow/extensions/jiim_2026_major_revision/runs/jiim_ext_isic2019_split_03_seed_62_resnet50_A/checkpoints/best_validation_loss.pt,True,94419622,e6f9eadc7b349266bfdc4e68eddbfb73f175f547b88f3f771555e2e9b3c6cf77,saved_training_manifest; 12 representative files fully checked in P3a; remaining full-file hashes not recalculated in P3b,False
jiim_ext_isic2019_split_03_seed_42_densenet121_A,isic2019,densenet121,shared,2,research-lab/experiments/registered-workflow/extensions/jiim_2026_major_revision/runs/jiim_ext_isic2019_split_03_seed_42_densenet121_A/checkpoints/best_validation_loss.pt,True,28462499,e66b036568c846d551e6f0ccdf8f05e805d701d2b431ac2658d66cab2f93c891,saved_training_manifest; 12 representative files fully checked in P3a; remaining full-file hashes not recalculated in P3b,False
jiim_ext_isic2019_split_03_seed_52_densenet121_A,isic2019,densenet121,shared,2,research-lab/experiments/registered-workflow/extensions/jiim_2026_major_revision/runs/jiim_ext_isic2019_split_03_seed_52_densenet121_A/checkpoints/best_validation_loss.pt,True,28462499,1d4f59fabd1508962c1ffb5a08d29123c8793a902d78d9d94b950c6036078db1,saved_training_manifest; 12 representative files fully checked in P3a; remaining full-file hashes not recalculated in P3b,False
jiim_ext_isic2019_split_03_seed_62_densenet121_A,isic2019,densenet121,shared,3,research-lab/experiments/registered-workflow/extensions/jiim_2026_major_revision/runs/jiim_ext_isic2019_split_03_seed_62_densenet121_A/checkpoints/best_validation_loss.pt,True,28462499,3276dc3dbc874679ed080abcd8a3af5997150c90b13dc4ed914eddc6a6a95efb,saved_training_manifest; 12 representative files fully checked in P3a; remaining full-file hashes not recalculated in P3b,False
jiim_ext_isic2019_split_03_seed_42_efficientnet_b0_A,isic2019,efficientnet_b0,shared,12,research-lab/experiments/registered-workflow/extensions/jiim_2026_major_revision/runs/jiim_ext_isic2019_split_03_seed_42_efficientnet_b0_A/checkpoints/best_validation_loss.pt,True,16374046,1f645fbd778eb2c11055c8978d25b743d398322bddb1ac11e471b398a5cc6a12,saved_training_manifest; 12 representative files fully checked in P3a; remaining full-file hashes not recalculated in P3b,False
jiim_ext_isic2019_split_03_seed_52_efficientnet_b0_A,isic2019,efficientnet_b0,shared,19,research-lab/experiments/registered-workflow/extensions/jiim_2026_major_revision/runs/jiim_ext_isic2019_split_03_seed_52_efficientnet_b0_A/checkpoints/best_validation_loss.pt,True,16374046,86e6e254bb501d8b9c719743ea130c1d0d469cb0d3426b99e9b08c57f3795e99,saved_training_manifest; 12 representative files fully checked in P3a; remaining full-file hashes not recalculated in P3b,False
jiim_ext_isic2019_split_03_seed_62_efficientnet_b0_A,isic2019,efficientnet_b0,shared,17,research-lab/experiments/registered-workflow/extensions/jiim_2026_major_revision/runs/jiim_ext_isic2019_split_03_seed_62_efficientnet_b0_A/checkpoints/best_validation_loss.pt,True,16374046,74a4082280e5944987fb8a0be842aca5efaf6a82bbc6450c15a47d839303ac07,saved_training_manifest; 12 representative files fully checked in P3a; remaining full-file hashes not recalculated in P3b,False
jiim_ext_isic2019_split_03_seed_42_swin_t_A,isic2019,swin_t,shared,3,research-lab/experiments/registered-workflow/extensions/jiim_2026_major_revision/runs/jiim_ext_isic2019_split_03_seed_42_swin_t_A/checkpoints/best_validation_loss.pt,True,110400665,89ac7884c4cd3e17797bfac9d3a5408e9573dad483d95060b1d489f0e87f1840,saved_training_manifest; 12 representative files fully checked in P3a; remaining full-file hashes not recalculated in P3b,False
jiim_ext_isic2019_split_03_seed_52_swin_t_A,isic2019,swin_t,shared,2,research-lab/experiments/registered-workflow/extensions/jiim_2026_major_revision/runs/jiim_ext_isic2019_split_03_seed_52_swin_t_A/checkpoints/best_validation_loss.pt,True,110400665,ef6d460af48e2448b609140dcb02af1ed5115662f92fd180228c35d72c34acf7,saved_training_manifest; 12 representative files fully checked in P3a; remaining full-file hashes not recalculated in P3b,False
jiim_ext_isic2019_split_03_seed_62_swin_t_A,isic2019,swin_t,shared,3,research-lab/experiments/registered-workflow/extensions/jiim_2026_major_revision/runs/jiim_ext_isic2019_split_03_seed_62_swin_t_A/checkpoints/best_validation_loss.pt,True,110400665,e76c29b4878333da6e6f4a9b38fa62a86193e6125bde8ca87247ed5ddc8aa11d,saved_training_manifest; 12 representative files fully checked in P3a; remaining full-file hashes not recalculated in P3b,False
jiim_ext_isic2019_split_03_seed_42_swin_t_B,isic2019,swin_t,swin_weight_eval,3,research-lab/experiments/registered-workflow/extensions/jiim_2026_major_revision/runs/jiim_ext_isic2019_split_03_seed_42_swin_t_B/checkpoints/best_validation_loss.pt,True,110400665,eb1c323f9eefa91bf3119eb043e6c4411063fd3b0a5f04ff356821af4a2ce647,saved_training_manifest; 12 representative files fully checked in P3a; remaining full-file hashes not recalculated in P3b,False
jiim_ext_isic2019_split_03_seed_52_swin_t_B,isic2019,swin_t,swin_weight_eval,3,research-lab/experiments/registered-workflow/extensions/jiim_2026_major_revision/runs/jiim_ext_isic2019_split_03_seed_52_swin_t_B/checkpoints/best_validation_loss.pt,True,110400665,4d0ca2d5525ddd385ab6e220e0614475e73ed29c712d8b486f2a6f714afc813e,saved_training_manifest; 12 representative files fully checked in P3a; remaining full-file hashes not recalculated in P3b,False
jiim_ext_isic2019_split_03_seed_62_swin_t_B,isic2019,swin_t,swin_weight_eval,3,research-lab/experiments/registered-workflow/extensions/jiim_2026_major_revision/runs/jiim_ext_isic2019_split_03_seed_62_swin_t_B/checkpoints/best_validation_loss.pt,True,110400665,54060a990eb4fc228b7b8383e34c8f44d9f54cf67d9ae1ab755ccc0ca10be44c,saved_training_manifest; 12 representative files fully checked in P3a; remaining full-file hashes not recalculated in P3b,False
jiim_ext_isic2019_split_04_seed_42_resnet18_A,isic2019,resnet18,shared,1,research-lab/experiments/registered-workflow/extensions/jiim_2026_major_revision/runs/jiim_ext_isic2019_split_04_seed_42_resnet18_A/checkpoints/best_validation_loss.pt,True,44803044,0e5402e2f0a639178eab5a08abc5f8fb7a3a281b65d2e1433163c6105f77f87f,saved_training_manifest; 12 representative files fully checked in P3a; remaining full-file hashes not recalculated in P3b,False
jiim_ext_isic2019_split_04_seed_52_resnet18_A,isic2019,resnet18,shared,1,research-lab/experiments/registered-workflow/extensions/jiim_2026_major_revision/runs/jiim_ext_isic2019_split_04_seed_52_resnet18_A/checkpoints/best_validation_loss.pt,True,44803044,2f1b51185d12aedacfe55ef11f3c1454cc0ecb30719167071ced6191363f3f08,saved_training_manifest; 12 representative files fully checked in P3a; remaining full-file hashes not recalculated in P3b,False
jiim_ext_isic2019_split_04_seed_62_resnet18_A,isic2019,resnet18,shared,1,research-lab/experiments/registered-workflow/extensions/jiim_2026_major_revision/runs/jiim_ext_isic2019_split_04_seed_62_resnet18_A/checkpoints/best_validation_loss.pt,True,44803044,d9b13213a95fa16fe08e284ee97447b2e2a08cd07ab52fe4e4c91c6fce7cde1b,saved_training_manifest; 12 representative files fully checked in P3a; remaining full-file hashes not recalculated in P3b,False
jiim_ext_isic2019_split_04_seed_42_resnet50_A,isic2019,resnet50,shared,1,research-lab/experiments/registered-workflow/extensions/jiim_2026_major_revision/runs/jiim_ext_isic2019_split_04_seed_42_resnet50_A/checkpoints/best_validation_loss.pt,True,94419622,2f6b5d5a49560281d6f4a6df464db60ab00faef411af56f8562ed1a65046aec8,saved_training_manifest; 12 representative files fully checked in P3a; remaining full-file hashes not recalculated in P3b,False
jiim_ext_isic2019_split_04_seed_52_resnet50_A,isic2019,resnet50,shared,2,research-lab/experiments/registered-workflow/extensions/jiim_2026_major_revision/runs/jiim_ext_isic2019_split_04_seed_52_resnet50_A/checkpoints/best_validation_loss.pt,True,94419622,d1f69e71df4e486caf9381f7e95b5e5e87ae8b9f67bdc5170bb407810f1c196e,saved_training_manifest; 12 representative files fully checked in P3a; remaining full-file hashes not recalculated in P3b,False
jiim_ext_isic2019_split_04_seed_62_resnet50_A,isic2019,resnet50,shared,1,research-lab/experiments/registered-workflow/extensions/jiim_2026_major_revision/runs/jiim_ext_isic2019_split_04_seed_62_resnet50_A/checkpoints/best_validation_loss.pt,True,94419622,b84860609abfde19f255f5e515e4e1a997eb954c016a4d1a5ce33c7f6587392d,saved_training_manifest; 12 representative files fully checked in P3a; remaining full-file hashes not recalculated in P3b,False
jiim_ext_isic2019_split_04_seed_42_densenet121_A,isic2019,densenet121,shared,2,research-lab/experiments/registered-workflow/extensions/jiim_2026_major_revision/runs/jiim_ext_isic2019_split_04_seed_42_densenet121_A/checkpoints/best_validation_loss.pt,True,28462499,1c93ec654147ed9463ad0715930913d14a4d142e8c360314940278e5dc936097,saved_training_manifest; 12 representative files fully checked in P3a; remaining full-file hashes not recalculated in P3b,False
jiim_ext_isic2019_split_04_seed_52_densenet121_A,isic2019,densenet121,shared,2,research-lab/experiments/registered-workflow/extensions/jiim_2026_major_revision/runs/jiim_ext_isic2019_split_04_seed_52_densenet121_A/checkpoints/best_validation_loss.pt,True,28462499,fb33d0fbfab71f352092d205111ec95d06ccbdaaa38933142d2b176a1c271edc,saved_training_manifest; 12 representative files fully checked in P3a; remaining full-file hashes not recalculated in P3b,False
jiim_ext_isic2019_split_04_seed_62_densenet121_A,isic2019,densenet121,shared,3,research-lab/experiments/registered-workflow/extensions/jiim_2026_major_revision/runs/jiim_ext_isic2019_split_04_seed_62_densenet121_A/checkpoints/best_validation_loss.pt,True,28462499,bdeb608a74a9d499c99a2addcc5fee2157a7bb3700867944dae83fb4f78b4372,saved_training_manifest; 12 representative files fully checked in P3a; remaining full-file hashes not recalculated in P3b,False
jiim_ext_isic2019_split_04_seed_42_efficientnet_b0_A,isic2019,efficientnet_b0,shared,16,research-lab/experiments/registered-workflow/extensions/jiim_2026_major_revision/runs/jiim_ext_isic2019_split_04_seed_42_efficientnet_b0_A/checkpoints/best_validation_loss.pt,True,16374046,5052a4df88fd94bc81f275a5d960365603236747549ff3136d71de918bc8a147,saved_training_manifest; 12 representative files fully checked in P3a; remaining full-file hashes not recalculated in P3b,False
jiim_ext_isic2019_split_04_seed_52_efficientnet_b0_A,isic2019,efficientnet_b0,shared,14,research-lab/experiments/registered-workflow/extensions/jiim_2026_major_revision/runs/jiim_ext_isic2019_split_04_seed_52_efficientnet_b0_A/checkpoints/best_validation_loss.pt,True,16374046,a4dc0ba7bd75abe7b31d27436e4635dd04a448688615f96d02aee409684c7532,saved_training_manifest; 12 representative files fully checked in P3a; remaining full-file hashes not recalculated in P3b,False
jiim_ext_isic2019_split_04_seed_62_efficientnet_b0_A,isic2019,efficientnet_b0,shared,18,research-lab/experiments/registered-workflow/extensions/jiim_2026_major_revision/runs/jiim_ext_isic2019_split_04_seed_62_efficientnet_b0_A/checkpoints/best_validation_loss.pt,True,16374046,d96d5e2b33dd2ad65cd4e0f672caacd90584c7c9e888c2ec0d4f5a171c468e9f,saved_training_manifest; 12 representative files fully checked in P3a; remaining full-file hashes not recalculated in P3b,False
jiim_ext_isic2019_split_04_seed_42_swin_t_A,isic2019,swin_t,shared,3,research-lab/experiments/registered-workflow/extensions/jiim_2026_major_revision/runs/jiim_ext_isic2019_split_04_seed_42_swin_t_A/checkpoints/best_validation_loss.pt,True,110400665,75428c0a2572ced71f0bb807f57987fcacac4e55ea5a993843cde2e5e69eed33,saved_training_manifest; 12 representative files fully checked in P3a; remaining full-file hashes not recalculated in P3b,False
jiim_ext_isic2019_split_04_seed_52_swin_t_A,isic2019,swin_t,shared,3,research-lab/experiments/registered-workflow/extensions/jiim_2026_major_revision/runs/jiim_ext_isic2019_split_04_seed_52_swin_t_A/checkpoints/best_validation_loss.pt,True,110400665,441a177a1edf4fcffdb506a0d7229e469dc169de6c53c307647c799ea712ed7b,saved_training_manifest; 12 representative files fully checked in P3a; remaining full-file hashes not recalculated in P3b,False
jiim_ext_isic2019_split_04_seed_62_swin_t_A,isic2019,swin_t,shared,4,research-lab/experiments/registered-workflow/extensions/jiim_2026_major_revision/runs/jiim_ext_isic2019_split_04_seed_62_swin_t_A/checkpoints/best_validation_loss.pt,True,110400665,41d10da271ec087ee050adf655ececa553660885b051d89dd98244f3337d5488,saved_training_manifest; 12 representative files fully checked in P3a; remaining full-file hashes not recalculated in P3b,False
jiim_ext_isic2019_split_04_seed_42_swin_t_B,isic2019,swin_t,swin_weight_eval,3,research-lab/experiments/registered-workflow/extensions/jiim_2026_major_revision/runs/jiim_ext_isic2019_split_04_seed_42_swin_t_B/checkpoints/best_validation_loss.pt,True,110400665,cc7f0cab39b6482035032232dee0aa132d27a55a97f0578f58dab083321dba44,saved_training_manifest; 12 representative files fully checked in P3a; remaining full-file hashes not recalculated in P3b,False
jiim_ext_isic2019_split_04_seed_52_swin_t_B,isic2019,swin_t,swin_weight_eval,3,research-lab/experiments/registered-workflow/extensions/jiim_2026_major_revision/runs/jiim_ext_isic2019_split_04_seed_52_swin_t_B/checkpoints/best_validation_loss.pt,True,110400665,0a98dce62923bebee0d6813b840c337f65731c6241ea8fa08d48fb8756ade140,saved_training_manifest; 12 representative files fully checked in P3a; remaining full-file hashes not recalculated in P3b,False
jiim_ext_isic2019_split_04_seed_62_swin_t_B,isic2019,swin_t,swin_weight_eval,4,research-lab/experiments/registered-workflow/extensions/jiim_2026_major_revision/runs/jiim_ext_isic2019_split_04_seed_62_swin_t_B/checkpoints/best_validation_loss.pt,True,110400665,d722d83e4a66580e9dc8b912c83223870891c710246ee753deaa375b808f900f,saved_training_manifest; 12 representative files fully checked in P3a; remaining full-file hashes not recalculated in P3b,False
jiim_ext_isic2019_split_05_seed_42_resnet18_A,isic2019,resnet18,shared,1,research-lab/experiments/registered-workflow/extensions/jiim_2026_major_revision/runs/jiim_ext_isic2019_split_05_seed_42_resnet18_A/checkpoints/best_validation_loss.pt,True,44803044,492045de32a47a2d9cd4c6d5d274f052442d4fb02d1f54fa1cff2790c75de9f2,saved_training_manifest; 12 representative files fully checked in P3a; remaining full-file hashes not recalculated in P3b,False
jiim_ext_isic2019_split_05_seed_52_resnet18_A,isic2019,resnet18,shared,2,research-lab/experiments/registered-workflow/extensions/jiim_2026_major_revision/runs/jiim_ext_isic2019_split_05_seed_52_resnet18_A/checkpoints/best_validation_loss.pt,True,44803044,046576c17077a14c172f57d31977236ae6842062f95befff3ff6611381a80375,saved_training_manifest; 12 representative files fully checked in P3a; remaining full-file hashes not recalculated in P3b,False
jiim_ext_isic2019_split_05_seed_62_resnet18_A,isic2019,resnet18,shared,2,research-lab/experiments/registered-workflow/extensions/jiim_2026_major_revision/runs/jiim_ext_isic2019_split_05_seed_62_resnet18_A/checkpoints/best_validation_loss.pt,True,44803044,9da689586d47cbde987cb47249b04c375f653b11c41b0976c25a30eb5cd2e9b9,saved_training_manifest; 12 representative files fully checked in P3a; remaining full-file hashes not recalculated in P3b,False
jiim_ext_isic2019_split_05_seed_42_resnet50_A,isic2019,resnet50,shared,1,research-lab/experiments/registered-workflow/extensions/jiim_2026_major_revision/runs/jiim_ext_isic2019_split_05_seed_42_resnet50_A/checkpoints/best_validation_loss.pt,True,94419622,37578f6703fff5aad2ee44a176f03788018a5f220dc4c97cb905871e47ffb14a,saved_training_manifest; 12 representative files fully checked in P3a; remaining full-file hashes not recalculated in P3b,False
jiim_ext_isic2019_split_05_seed_52_resnet50_A,isic2019,resnet50,shared,2,research-lab/experiments/registered-workflow/extensions/jiim_2026_major_revision/runs/jiim_ext_isic2019_split_05_seed_52_resnet50_A/checkpoints/best_validation_loss.pt,True,94419622,6b90f197b19c7ae1ac59d4929123cd3190b6a80d6257bece56a901aabf344155,saved_training_manifest; 12 representative files fully checked in P3a; remaining full-file hashes not recalculated in P3b,False
jiim_ext_isic2019_split_05_seed_62_resnet50_A,isic2019,resnet50,shared,2,research-lab/experiments/registered-workflow/extensions/jiim_2026_major_revision/runs/jiim_ext_isic2019_split_05_seed_62_resnet50_A/checkpoints/best_validation_loss.pt,True,94419622,926f5cb065327cbf6c993b3b257444770f563556fe60082e214da97e824e0261,saved_training_manifest; 12 representative files fully checked in P3a; remaining full-file hashes not recalculated in P3b,False
jiim_ext_isic2019_split_05_seed_42_densenet121_A,isic2019,densenet121,shared,2,research-lab/experiments/registered-workflow/extensions/jiim_2026_major_revision/runs/jiim_ext_isic2019_split_05_seed_42_densenet121_A/checkpoints/best_validation_loss.pt,True,28462499,0fcf50f92cc2c5d9e4f9ac6c84df3d26257f88bd5902a6f2ef6e382e27a7eaff,saved_training_manifest; 12 representative files fully checked in P3a; remaining full-file hashes not recalculated in P3b,False
jiim_ext_isic2019_split_05_seed_52_densenet121_A,isic2019,densenet121,shared,2,research-lab/experiments/registered-workflow/extensions/jiim_2026_major_revision/runs/jiim_ext_isic2019_split_05_seed_52_densenet121_A/checkpoints/best_validation_loss.pt,True,28462499,cd2b9ddda4f3e2e8a652466ae5a0a02bb0b8d0ad7d9fb373c2d2cbdec88bab9e,saved_training_manifest; 12 representative files fully checked in P3a; remaining full-file hashes not recalculated in P3b,False
jiim_ext_isic2019_split_05_seed_62_densenet121_A,isic2019,densenet121,shared,3,research-lab/experiments/registered-workflow/extensions/jiim_2026_major_revision/runs/jiim_ext_isic2019_split_05_seed_62_densenet121_A/checkpoints/best_validation_loss.pt,True,28462499,8d1da680e639560ab534a51aa0b6fd9771e47c8b6f426d9759a91372651600d5,saved_training_manifest; 12 representative files fully checked in P3a; remaining full-file hashes not recalculated in P3b,False
jiim_ext_isic2019_split_05_seed_42_efficientnet_b0_A,isic2019,efficientnet_b0,shared,20,research-lab/experiments/registered-workflow/extensions/jiim_2026_major_revision/runs/jiim_ext_isic2019_split_05_seed_42_efficientnet_b0_A/checkpoints/best_validation_loss.pt,True,16374046,a3e243bf76d5265795d5f7aaad412509b0714f44d9822923d198b9bba386e2ba,saved_training_manifest; 12 representative files fully checked in P3a; remaining full-file hashes not recalculated in P3b,False
jiim_ext_isic2019_split_05_seed_52_efficientnet_b0_A,isic2019,efficientnet_b0,shared,18,research-lab/experiments/registered-workflow/extensions/jiim_2026_major_revision/runs/jiim_ext_isic2019_split_05_seed_52_efficientnet_b0_A/checkpoints/best_validation_loss.pt,True,16374046,54829f62172144a7e71a695835d5da3313befed3b5ea214504c2508135f62645,saved_training_manifest; 12 representative files fully checked in P3a; remaining full-file hashes not recalculated in P3b,False
jiim_ext_isic2019_split_05_seed_62_efficientnet_b0_A,isic2019,efficientnet_b0,shared,26,research-lab/experiments/registered-workflow/extensions/jiim_2026_major_revision/runs/jiim_ext_isic2019_split_05_seed_62_efficientnet_b0_A/checkpoints/best_validation_loss.pt,True,16374046,5656980ad1676c9c678bd82f4855d37b43ece0583f8408cfadea1f6edaf804ba,saved_training_manifest; 12 representative files fully checked in P3a; remaining full-file hashes not recalculated in P3b,False
jiim_ext_isic2019_split_05_seed_42_swin_t_A,isic2019,swin_t,shared,3,research-lab/experiments/registered-workflow/extensions/jiim_2026_major_revision/runs/jiim_ext_isic2019_split_05_seed_42_swin_t_A/checkpoints/best_validation_loss.pt,True,110400665,c5e103e72f64fa8819a3ef019c71f3f6a6246fddc1738794aa0d6e8946efe560,saved_training_manifest; 12 representative files fully checked in P3a; remaining full-file hashes not recalculated in P3b,False
jiim_ext_isic2019_split_05_seed_52_swin_t_A,isic2019,swin_t,shared,2,research-lab/experiments/registered-workflow/extensions/jiim_2026_major_revision/runs/jiim_ext_isic2019_split_05_seed_52_swin_t_A/checkpoints/best_validation_loss.pt,True,110400665,6f857c6c740c0a268da7f007332017bc5802542507874a35fa530cc423dd3425,saved_training_manifest; 12 representative files fully checked in P3a; remaining full-file hashes not recalculated in P3b,False
jiim_ext_isic2019_split_05_seed_62_swin_t_A,isic2019,swin_t,shared,2,research-lab/experiments/registered-workflow/extensions/jiim_2026_major_revision/runs/jiim_ext_isic2019_split_05_seed_62_swin_t_A/checkpoints/best_validation_loss.pt,True,110400665,94f5aaaba82abded50dc4417765c9def373472c9ec82d8ff23522955aa380a2e,saved_training_manifest; 12 representative files fully checked in P3a; remaining full-file hashes not recalculated in P3b,False
jiim_ext_isic2019_split_05_seed_42_swin_t_B,isic2019,swin_t,swin_weight_eval,4,research-lab/experiments/registered-workflow/extensions/jiim_2026_major_revision/runs/jiim_ext_isic2019_split_05_seed_42_swin_t_B/checkpoints/best_validation_loss.pt,True,110400665,815241484ac049e6d494b44aac0cd5de13524fc3f92e4e03f203c92a33d73468,saved_training_manifest; 12 representative files fully checked in P3a; remaining full-file hashes not recalculated in P3b,False
jiim_ext_isic2019_split_05_seed_52_swin_t_B,isic2019,swin_t,swin_weight_eval,3,research-lab/experiments/registered-workflow/extensions/jiim_2026_major_revision/runs/jiim_ext_isic2019_split_05_seed_52_swin_t_B/checkpoints/best_validation_loss.pt,True,110400665,8b965e4938092aadc453e4714f7112ec2e7b74a5c7409cd633e4fe3ce5e9eca6,saved_training_manifest; 12 representative files fully checked in P3a; remaining full-file hashes not recalculated in P3b,False
jiim_ext_isic2019_split_05_seed_62_swin_t_B,isic2019,swin_t,swin_weight_eval,3,research-lab/experiments/registered-workflow/extensions/jiim_2026_major_revision/runs/jiim_ext_isic2019_split_05_seed_62_swin_t_B/checkpoints/best_validation_loss.pt,True,110400665,bfb7de8fdfbc07c3e3a0c7bbe0b8bff15a9e4e23fd43d61d6617c34eb91eb932,saved_training_manifest; 12 representative files fully checked in P3a; remaining full-file hashes not recalculated in P3b,False
jiim_ext_isic2019_split_06_seed_42_resnet18_A,isic2019,resnet18,shared,2,research-lab/experiments/registered-workflow/extensions/jiim_2026_major_revision/runs/jiim_ext_isic2019_split_06_seed_42_resnet18_A/checkpoints/best_validation_loss.pt,True,44803044,081552c4d8231e9c6af2cbd2c9bf0e6560e0ce548d1c58f02b4b3822d4ea01a6,saved_training_manifest; 12 representative files fully checked in P3a; remaining full-file hashes not recalculated in P3b,False
jiim_ext_isic2019_split_06_seed_52_resnet18_A,isic2019,resnet18,shared,2,research-lab/experiments/registered-workflow/extensions/jiim_2026_major_revision/runs/jiim_ext_isic2019_split_06_seed_52_resnet18_A/checkpoints/best_validation_loss.pt,True,44803044,84f590307063aea0e09e72e7eb1bb528672c5034e6b991653670a50b5d53606f,saved_training_manifest; 12 representative files fully checked in P3a; remaining full-file hashes not recalculated in P3b,False
jiim_ext_isic2019_split_06_seed_62_resnet18_A,isic2019,resnet18,shared,2,research-lab/experiments/registered-workflow/extensions/jiim_2026_major_revision/runs/jiim_ext_isic2019_split_06_seed_62_resnet18_A/checkpoints/best_validation_loss.pt,True,44803044,e56cfdeb0716f82a770e6dac84e9908b53500c610222196011e9596c31df6de7,saved_training_manifest; 12 representative files fully checked in P3a; remaining full-file hashes not recalculated in P3b,False
jiim_ext_isic2019_split_06_seed_42_resnet50_A,isic2019,resnet50,shared,2,research-lab/experiments/registered-workflow/extensions/jiim_2026_major_revision/runs/jiim_ext_isic2019_split_06_seed_42_resnet50_A/checkpoints/best_validation_loss.pt,True,94419622,4e666256643bb9ceae6aa1423550366f0ae7c63725915c8707d32c57ae9fa4b9,saved_training_manifest; 12 representative files fully checked in P3a; remaining full-file hashes not recalculated in P3b,False
jiim_ext_isic2019_split_06_seed_52_resnet50_A,isic2019,resnet50,shared,2,research-lab/experiments/registered-workflow/extensions/jiim_2026_major_revision/runs/jiim_ext_isic2019_split_06_seed_52_resnet50_A/checkpoints/best_validation_loss.pt,True,94419622,8861cfee253c02622a612039471a5853ed64fa05bb842bf51c4497d5232e86e2,saved_training_manifest; 12 representative files fully checked in P3a; remaining full-file hashes not recalculated in P3b,False
jiim_ext_isic2019_split_06_seed_62_resnet50_A,isic2019,resnet50,shared,2,research-lab/experiments/registered-workflow/extensions/jiim_2026_major_revision/runs/jiim_ext_isic2019_split_06_seed_62_resnet50_A/checkpoints/best_validation_loss.pt,True,94419622,826096aab94925a6edd8ca707a3d98696579b7bad807808b6c4215663ccda90a,saved_training_manifest; 12 representative files fully checked in P3a; remaining full-file hashes not recalculated in P3b,False
jiim_ext_isic2019_split_06_seed_42_densenet121_A,isic2019,densenet121,shared,2,research-lab/experiments/registered-workflow/extensions/jiim_2026_major_revision/runs/jiim_ext_isic2019_split_06_seed_42_densenet121_A/checkpoints/best_validation_loss.pt,True,28462499,064855d0047d0543ee942b029fde331eb0b96b2dae6e4c0f10f43ae33d8a0423,saved_training_manifest; 12 representative files fully checked in P3a; remaining full-file hashes not recalculated in P3b,False
jiim_ext_isic2019_split_06_seed_52_densenet121_A,isic2019,densenet121,shared,2,research-lab/experiments/registered-workflow/extensions/jiim_2026_major_revision/runs/jiim_ext_isic2019_split_06_seed_52_densenet121_A/checkpoints/best_validation_loss.pt,True,28462499,cce86c4bbfda91b805230e4cf8308c86ed4b66e5720d507bc866b22547dd75f3,saved_training_manifest; 12 representative files fully checked in P3a; remaining full-file hashes not recalculated in P3b,False
jiim_ext_isic2019_split_06_seed_62_densenet121_A,isic2019,densenet121,shared,3,research-lab/experiments/registered-workflow/extensions/jiim_2026_major_revision/runs/jiim_ext_isic2019_split_06_seed_62_densenet121_A/checkpoints/best_validation_loss.pt,True,28462499,1f3569cd63a7e0c06a18301f1461d76d76d4e1a6bd9e6461d4b62d199d4b1aea,saved_training_manifest; 12 representative files fully checked in P3a; remaining full-file hashes not recalculated in P3b,False
jiim_ext_isic2019_split_06_seed_42_efficientnet_b0_A,isic2019,efficientnet_b0,shared,15,research-lab/experiments/registered-workflow/extensions/jiim_2026_major_revision/runs/jiim_ext_isic2019_split_06_seed_42_efficientnet_b0_A/checkpoints/best_validation_loss.pt,True,16374046,56fc03e9aa29d0c982fd8c146d2338cb319029da8be94c56e339e1735727b82c,saved_training_manifest; 12 representative files fully checked in P3a; remaining full-file hashes not recalculated in P3b,False
jiim_ext_isic2019_split_06_seed_52_efficientnet_b0_A,isic2019,efficientnet_b0,shared,20,research-lab/experiments/registered-workflow/extensions/jiim_2026_major_revision/runs/jiim_ext_isic2019_split_06_seed_52_efficientnet_b0_A/checkpoints/best_validation_loss.pt,True,16374046,9f5134c7a527a1ae27688c70b5bcd0ba17e67ed32970a84194e52b3e20d7acdd,saved_training_manifest; 12 representative files fully checked in P3a; remaining full-file hashes not recalculated in P3b,False
jiim_ext_isic2019_split_06_seed_62_efficientnet_b0_A,isic2019,efficientnet_b0,shared,17,research-lab/experiments/registered-workflow/extensions/jiim_2026_major_revision/runs/jiim_ext_isic2019_split_06_seed_62_efficientnet_b0_A/checkpoints/best_validation_loss.pt,True,16374046,141443321dfcc7943831e4c5c112db233751f5039f7bcb55869b18c6ff1e570f,saved_training_manifest; 12 representative files fully checked in P3a; remaining full-file hashes not recalculated in P3b,False
jiim_ext_isic2019_split_07_seed_42_resnet18_A,isic2019,resnet18,shared,1,research-lab/experiments/registered-workflow/extensions/jiim_2026_major_revision/runs/jiim_ext_isic2019_split_07_seed_42_resnet18_A/checkpoints/best_validation_loss.pt,True,44803044,43685f9bd722aaff9372dfc06f09f38165cc2674f4ef9cc0cbc2adbd61eb9efb,saved_training_manifest; 12 representative files fully checked in P3a; remaining full-file hashes not recalculated in P3b,False
jiim_ext_isic2019_split_07_seed_52_resnet18_A,isic2019,resnet18,shared,1,research-lab/experiments/registered-workflow/extensions/jiim_2026_major_revision/runs/jiim_ext_isic2019_split_07_seed_52_resnet18_A/checkpoints/best_validation_loss.pt,True,44803044,382178bf7423d0af78b4c7fd7349fecf02bdc80d2a92bb81cfcd76dc434dd539,saved_training_manifest; 12 representative files fully checked in P3a; remaining full-file hashes not recalculated in P3b,False
jiim_ext_isic2019_split_07_seed_62_resnet18_A,isic2019,resnet18,shared,2,research-lab/experiments/registered-workflow/extensions/jiim_2026_major_revision/runs/jiim_ext_isic2019_split_07_seed_62_resnet18_A/checkpoints/best_validation_loss.pt,True,44803044,e7191919b673546a55ac6f30101cc95be4d108e15e038e4cc9ec93ac3fc2d855,saved_training_manifest; 12 representative files fully checked in P3a; remaining full-file hashes not recalculated in P3b,False
jiim_ext_isic2019_split_07_seed_42_resnet50_A,isic2019,resnet50,shared,1,research-lab/experiments/registered-workflow/extensions/jiim_2026_major_revision/runs/jiim_ext_isic2019_split_07_seed_42_resnet50_A/checkpoints/best_validation_loss.pt,True,94419622,e75c9b68b50fcaf1f178b42222d8b3503239fb4ebe9609d0b40ce6523904e6f8,saved_training_manifest; 12 representative files fully checked in P3a; remaining full-file hashes not recalculated in P3b,False
jiim_ext_isic2019_split_07_seed_52_resnet50_A,isic2019,resnet50,shared,3,research-lab/experiments/registered-workflow/extensions/jiim_2026_major_revision/runs/jiim_ext_isic2019_split_07_seed_52_resnet50_A/checkpoints/best_validation_loss.pt,True,94419622,871a81a045fb1cef8561be3a09cdbc747c58d4270081443e8f5cff175223040d,saved_training_manifest; 12 representative files fully checked in P3a; remaining full-file hashes not recalculated in P3b,False
jiim_ext_isic2019_split_07_seed_62_resnet50_A,isic2019,resnet50,shared,2,research-lab/experiments/registered-workflow/extensions/jiim_2026_major_revision/runs/jiim_ext_isic2019_split_07_seed_62_resnet50_A/checkpoints/best_validation_loss.pt,True,94419622,f7f60427cdb2284f01938e03dc3bf90521fafce1a71d4c37b1a89da58cee0f7e,saved_training_manifest; 12 representative files fully checked in P3a; remaining full-file hashes not recalculated in P3b,False
jiim_ext_isic2019_split_07_seed_42_densenet121_A,isic2019,densenet121,shared,3,research-lab/experiments/registered-workflow/extensions/jiim_2026_major_revision/runs/jiim_ext_isic2019_split_07_seed_42_densenet121_A/checkpoints/best_validation_loss.pt,True,28462499,cf7df4f3c2ead7e194d708bdb97eb8631cb68f35da20f23dcbcd8b0b99134f54,saved_training_manifest; 12 representative files fully checked in P3a; remaining full-file hashes not recalculated in P3b,False
jiim_ext_isic2019_split_07_seed_52_densenet121_A,isic2019,densenet121,shared,3,research-lab/experiments/registered-workflow/extensions/jiim_2026_major_revision/runs/jiim_ext_isic2019_split_07_seed_52_densenet121_A/checkpoints/best_validation_loss.pt,True,28462499,8ca35a3a82b2e69506cc499b99493c7059c81e37808a39ff6650a82117ca58ef,saved_training_manifest; 12 representative files fully checked in P3a; remaining full-file hashes not recalculated in P3b,False
jiim_ext_isic2019_split_07_seed_62_densenet121_A,isic2019,densenet121,shared,2,research-lab/experiments/registered-workflow/extensions/jiim_2026_major_revision/runs/jiim_ext_isic2019_split_07_seed_62_densenet121_A/checkpoints/best_validation_loss.pt,True,28462499,04cf8ac3b77e9fb2927b5eed0452fbc9f5fc636b59dbecc2a24404b3ab5deba1,saved_training_manifest; 12 representative files fully checked in P3a; remaining full-file hashes not recalculated in P3b,False
jiim_ext_isic2019_split_07_seed_42_efficientnet_b0_A,isic2019,efficientnet_b0,shared,14,research-lab/experiments/registered-workflow/extensions/jiim_2026_major_revision/runs/jiim_ext_isic2019_split_07_seed_42_efficientnet_b0_A/checkpoints/best_validation_loss.pt,True,16374046,8d01cbcf661c50643192cadf190700b66db320221cb679ad824014d9f21c054b,saved_training_manifest; 12 representative files fully checked in P3a; remaining full-file hashes not recalculated in P3b,False
jiim_ext_isic2019_split_07_seed_52_efficientnet_b0_A,isic2019,efficientnet_b0,shared,16,research-lab/experiments/registered-workflow/extensions/jiim_2026_major_revision/runs/jiim_ext_isic2019_split_07_seed_52_efficientnet_b0_A/checkpoints/best_validation_loss.pt,True,16374046,266f7976f71c6ef436f23d42e0a302e28d593c62a3516b77d728f1a324086caf,saved_training_manifest; 12 representative files fully checked in P3a; remaining full-file hashes not recalculated in P3b,False
jiim_ext_isic2019_split_07_seed_62_efficientnet_b0_A,isic2019,efficientnet_b0,shared,11,research-lab/experiments/registered-workflow/extensions/jiim_2026_major_revision/runs/jiim_ext_isic2019_split_07_seed_62_efficientnet_b0_A/checkpoints/best_validation_loss.pt,True,16374046,05e5d3035119448a7e307002d5718f16bddbd7e5a75c9ce59e74a03d6016de32,saved_training_manifest; 12 representative files fully checked in P3a; remaining full-file hashes not recalculated in P3b,False
jiim_ext_isic2019_split_08_seed_42_resnet18_A,isic2019,resnet18,shared,2,research-lab/experiments/registered-workflow/extensions/jiim_2026_major_revision/runs/jiim_ext_isic2019_split_08_seed_42_resnet18_A/checkpoints/best_validation_loss.pt,True,44803044,30f353a49ef9cac0dc84ba9ac292d80d8cc65e374b4045033f0eb1304a7da841,saved_training_manifest; 12 representative files fully checked in P3a; remaining full-file hashes not recalculated in P3b,False
jiim_ext_isic2019_split_08_seed_52_resnet18_A,isic2019,resnet18,shared,1,research-lab/experiments/registered-workflow/extensions/jiim_2026_major_revision/runs/jiim_ext_isic2019_split_08_seed_52_resnet18_A/checkpoints/best_validation_loss.pt,True,44803044,0f6bbf1d84ca866c6809ca35e6233c2fc82ea42c3a279af3975ac139036cdb10,saved_training_manifest; 12 representative files fully checked in P3a; remaining full-file hashes not recalculated in P3b,False
jiim_ext_isic2019_split_08_seed_62_resnet18_A,isic2019,resnet18,shared,2,research-lab/experiments/registered-workflow/extensions/jiim_2026_major_revision/runs/jiim_ext_isic2019_split_08_seed_62_resnet18_A/checkpoints/best_validation_loss.pt,True,44803044,adbf21839d912334ed4f2681f85d1399b1f7579bcd29e6f3dd8868081a8a5716,saved_training_manifest; 12 representative files fully checked in P3a; remaining full-file hashes not recalculated in P3b,False
jiim_ext_isic2019_split_08_seed_42_resnet50_A,isic2019,resnet50,shared,1,research-lab/experiments/registered-workflow/extensions/jiim_2026_major_revision/runs/jiim_ext_isic2019_split_08_seed_42_resnet50_A/checkpoints/best_validation_loss.pt,True,94419622,ffe5a56a4389006ddabc001b2fc552c054d2d4598a1e45efd7500cabe268ca76,saved_training_manifest; 12 representative files fully checked in P3a; remaining full-file hashes not recalculated in P3b,False
jiim_ext_isic2019_split_08_seed_52_resnet50_A,isic2019,resnet50,shared,1,research-lab/experiments/registered-workflow/extensions/jiim_2026_major_revision/runs/jiim_ext_isic2019_split_08_seed_52_resnet50_A/checkpoints/best_validation_loss.pt,True,94419622,f68c09f2ea7d2b7f4310f6f17927f1bbfb9b32baa63fc5b49b7ad635bb869a6a,saved_training_manifest; 12 representative files fully checked in P3a; remaining full-file hashes not recalculated in P3b,False
jiim_ext_isic2019_split_08_seed_62_resnet50_A,isic2019,resnet50,shared,2,research-lab/experiments/registered-workflow/extensions/jiim_2026_major_revision/runs/jiim_ext_isic2019_split_08_seed_62_resnet50_A/checkpoints/best_validation_loss.pt,True,94419622,e8a09775773eab01fe4afa538b711cf3ff81241dab63912a2fefe409bb08b223,saved_training_manifest; 12 representative files fully checked in P3a; remaining full-file hashes not recalculated in P3b,False
jiim_ext_isic2019_split_08_seed_42_densenet121_A,isic2019,densenet121,shared,2,research-lab/experiments/registered-workflow/extensions/jiim_2026_major_revision/runs/jiim_ext_isic2019_split_08_seed_42_densenet121_A/checkpoints/best_validation_loss.pt,True,28462499,1aa52447845f65cd7279b4e65bd3aa10d507162db41331f820e3dd19f40cb912,saved_training_manifest; 12 representative files fully checked in P3a; remaining full-file hashes not recalculated in P3b,False
jiim_ext_isic2019_split_08_seed_52_densenet121_A,isic2019,densenet121,shared,2,research-lab/experiments/registered-workflow/extensions/jiim_2026_major_revision/runs/jiim_ext_isic2019_split_08_seed_52_densenet121_A/checkpoints/best_validation_loss.pt,True,28462499,0bbe331cd7deed45ad2da425845069507c1d61941d2299b74c4e513e3b1e51e6,saved_training_manifest; 12 representative files fully checked in P3a; remaining full-file hashes not recalculated in P3b,False
jiim_ext_isic2019_split_08_seed_62_densenet121_A,isic2019,densenet121,shared,2,research-lab/experiments/registered-workflow/extensions/jiim_2026_major_revision/runs/jiim_ext_isic2019_split_08_seed_62_densenet121_A/checkpoints/best_validation_loss.pt,True,28462499,61a29fba3f44609adb5c5bf2a5503cc3d69ef7f65834714c28f0e702dc078d26,saved_training_manifest; 12 representative files fully checked in P3a; remaining full-file hashes not recalculated in P3b,False
jiim_ext_isic2019_split_08_seed_42_efficientnet_b0_A,isic2019,efficientnet_b0,shared,15,research-lab/experiments/registered-workflow/extensions/jiim_2026_major_revision/runs/jiim_ext_isic2019_split_08_seed_42_efficientnet_b0_A/checkpoints/best_validation_loss.pt,True,16374046,293b3c9a22f21bf3b0efb048cbffdf75b0f4b41573ab0b4a8eed0cf2fab2398c,saved_training_manifest; 12 representative files fully checked in P3a; remaining full-file hashes not recalculated in P3b,False
jiim_ext_isic2019_split_08_seed_52_efficientnet_b0_A,isic2019,efficientnet_b0,shared,18,research-lab/experiments/registered-workflow/extensions/jiim_2026_major_revision/runs/jiim_ext_isic2019_split_08_seed_52_efficientnet_b0_A/checkpoints/best_validation_loss.pt,True,16374046,0fc7df3beb86998666e72f830f75216733bf68dfae175406bd9b0a0b5be7a7b1,saved_training_manifest; 12 representative files fully checked in P3a; remaining full-file hashes not recalculated in P3b,False
jiim_ext_isic2019_split_08_seed_62_efficientnet_b0_A,isic2019,efficientnet_b0,shared,16,research-lab/experiments/registered-workflow/extensions/jiim_2026_major_revision/runs/jiim_ext_isic2019_split_08_seed_62_efficientnet_b0_A/checkpoints/best_validation_loss.pt,True,16374046,518a215526fc2697f2d49569586b317525fea9b11d09d5a7d0f7fc78140f58f9,saved_training_manifest; 12 representative files fully checked in P3a; remaining full-file hashes not recalculated in P3b,False
jiim_ext_isic2019_split_09_seed_42_resnet18_A,isic2019,resnet18,shared,1,research-lab/experiments/registered-workflow/extensions/jiim_2026_major_revision/runs/jiim_ext_isic2019_split_09_seed_42_resnet18_A/checkpoints/best_validation_loss.pt,True,44803044,cad985b0f0da5f987239df8a50b59ed5e6325dd950536ec87785c888b37f5840,saved_training_manifest; 12 representative files fully checked in P3a; remaining full-file hashes not recalculated in P3b,False
jiim_ext_isic2019_split_09_seed_52_resnet18_A,isic2019,resnet18,shared,2,research-lab/experiments/registered-workflow/extensions/jiim_2026_major_revision/runs/jiim_ext_isic2019_split_09_seed_52_resnet18_A/checkpoints/best_validation_loss.pt,True,44803044,4c21b19dd60229fa3a81bfe4aeda3f7628641c39071fed3976e074946f2ae8f3,saved_training_manifest; 12 representative files fully checked in P3a; remaining full-file hashes not recalculated in P3b,False
jiim_ext_isic2019_split_09_seed_62_resnet18_A,isic2019,resnet18,shared,2,research-lab/experiments/registered-workflow/extensions/jiim_2026_major_revision/runs/jiim_ext_isic2019_split_09_seed_62_resnet18_A/checkpoints/best_validation_loss.pt,True,44803044,76a4eec18a744af227a946aba566120a689014c8d66c168a1de3bd32b6a78ffc,saved_training_manifest; 12 representative files fully checked in P3a; remaining full-file hashes not recalculated in P3b,False
jiim_ext_isic2019_split_09_seed_42_resnet50_A,isic2019,resnet50,shared,1,research-lab/experiments/registered-workflow/extensions/jiim_2026_major_revision/runs/jiim_ext_isic2019_split_09_seed_42_resnet50_A/checkpoints/best_validation_loss.pt,True,94419622,05647c4660a311857e4b82f81bc60010257d80cec311abb7707655f31ca81934,saved_training_manifest; 12 representative files fully checked in P3a; remaining full-file hashes not recalculated in P3b,False
jiim_ext_isic2019_split_09_seed_52_resnet50_A,isic2019,resnet50,shared,2,research-lab/experiments/registered-workflow/extensions/jiim_2026_major_revision/runs/jiim_ext_isic2019_split_09_seed_52_resnet50_A/checkpoints/best_validation_loss.pt,True,94419622,f7af3823edc8a34891c7ea26406f572b0eccd8af61dfe9a9f9d14f0fde21254a,saved_training_manifest; 12 representative files fully checked in P3a; remaining full-file hashes not recalculated in P3b,False
jiim_ext_isic2019_split_09_seed_62_resnet50_A,isic2019,resnet50,shared,2,research-lab/experiments/registered-workflow/extensions/jiim_2026_major_revision/runs/jiim_ext_isic2019_split_09_seed_62_resnet50_A/checkpoints/best_validation_loss.pt,True,94419622,bc7829db863e26cd00cf338af0c0b36ad90625c8dd83e3bb722ff4f0f2db5d4e,saved_training_manifest; 12 representative files fully checked in P3a; remaining full-file hashes not recalculated in P3b,False
jiim_ext_isic2019_split_09_seed_42_densenet121_A,isic2019,densenet121,shared,4,research-lab/experiments/registered-workflow/extensions/jiim_2026_major_revision/runs/jiim_ext_isic2019_split_09_seed_42_densenet121_A/checkpoints/best_validation_loss.pt,True,28462499,3bb32104b013ba3ed504b5cbac74f3e0d617482e629eaec76522b58b307f55b7,saved_training_manifest; 12 representative files fully checked in P3a; remaining full-file hashes not recalculated in P3b,False
jiim_ext_isic2019_split_09_seed_52_densenet121_A,isic2019,densenet121,shared,3,research-lab/experiments/registered-workflow/extensions/jiim_2026_major_revision/runs/jiim_ext_isic2019_split_09_seed_52_densenet121_A/checkpoints/best_validation_loss.pt,True,28462499,87d8280fcee95c2dc78e46f25cba03f32832d91777e359f30d68991efec80e07,saved_training_manifest; 12 representative files fully checked in P3a; remaining full-file hashes not recalculated in P3b,False
jiim_ext_isic2019_split_09_seed_62_densenet121_A,isic2019,densenet121,shared,2,research-lab/experiments/registered-workflow/extensions/jiim_2026_major_revision/runs/jiim_ext_isic2019_split_09_seed_62_densenet121_A/checkpoints/best_validation_loss.pt,True,28462499,b59ff77153811df1c2446163520abf7444824ed05d340a67c615326d6120d2ca,saved_training_manifest; 12 representative files fully checked in P3a; remaining full-file hashes not recalculated in P3b,False
jiim_ext_isic2019_split_09_seed_42_efficientnet_b0_A,isic2019,efficientnet_b0,shared,16,research-lab/experiments/registered-workflow/extensions/jiim_2026_major_revision/runs/jiim_ext_isic2019_split_09_seed_42_efficientnet_b0_A/checkpoints/best_validation_loss.pt,True,16374046,7a8b5fdf0f1b09c494f98b73c18a6a65ace773ebeeecf0ddb1d0bcc7f735a045,saved_training_manifest; 12 representative files fully checked in P3a; remaining full-file hashes not recalculated in P3b,False
jiim_ext_isic2019_split_09_seed_52_efficientnet_b0_A,isic2019,efficientnet_b0,shared,13,research-lab/experiments/registered-workflow/extensions/jiim_2026_major_revision/runs/jiim_ext_isic2019_split_09_seed_52_efficientnet_b0_A/checkpoints/best_validation_loss.pt,True,16374046,28ff894a4833c7e6a8984e0d07ab5830de4842a6449ce41174d835be4f45e2f1,saved_training_manifest; 12 representative files fully checked in P3a; remaining full-file hashes not recalculated in P3b,False
jiim_ext_isic2019_split_09_seed_62_efficientnet_b0_A,isic2019,efficientnet_b0,shared,13,research-lab/experiments/registered-workflow/extensions/jiim_2026_major_revision/runs/jiim_ext_isic2019_split_09_seed_62_efficientnet_b0_A/checkpoints/best_validation_loss.pt,True,16374046,e53ceed6187fbc793544ef0f7da56c55daa80f0326020ebff304b9d539865a82,saved_training_manifest; 12 representative files fully checked in P3a; remaining full-file hashes not recalculated in P3b,False
jiim_ext_isic2019_split_10_seed_42_resnet18_A,isic2019,resnet18,shared,1,research-lab/experiments/registered-workflow/extensions/jiim_2026_major_revision/runs/jiim_ext_isic2019_split_10_seed_42_resnet18_A/checkpoints/best_validation_loss.pt,True,44803044,6c329a5b263d10cf2bd29e8a6d48b523b62f7d49a476020943479c4094003f7f,saved_training_manifest; 12 representative files fully checked in P3a; remaining full-file hashes not recalculated in P3b,False
jiim_ext_isic2019_split_10_seed_52_resnet18_A,isic2019,resnet18,shared,1,research-lab/experiments/registered-workflow/extensions/jiim_2026_major_revision/runs/jiim_ext_isic2019_split_10_seed_52_resnet18_A/checkpoints/best_validation_loss.pt,True,44803044,8439fc8759557f85f5c720e60430bfe4ae560c6e6e9a83865500b1ab22d08f64,saved_training_manifest; 12 representative files fully checked in P3a; remaining full-file hashes not recalculated in P3b,False
jiim_ext_isic2019_split_10_seed_62_resnet18_A,isic2019,resnet18,shared,2,research-lab/experiments/registered-workflow/extensions/jiim_2026_major_revision/runs/jiim_ext_isic2019_split_10_seed_62_resnet18_A/checkpoints/best_validation_loss.pt,True,44803044,c2f150ea6c5db5be22874139a707de2f0776abd84542601efe1019f598df87bc,saved_training_manifest; 12 representative files fully checked in P3a; remaining full-file hashes not recalculated in P3b,False
jiim_ext_isic2019_split_10_seed_42_resnet50_A,isic2019,resnet50,shared,1,research-lab/experiments/registered-workflow/extensions/jiim_2026_major_revision/runs/jiim_ext_isic2019_split_10_seed_42_resnet50_A/checkpoints/best_validation_loss.pt,True,94419622,b7c9ed6998c969eaf55177e7f892be81040160bf4bd4ea3eebbb706977008fb6,saved_training_manifest; 12 representative files fully checked in P3a; remaining full-file hashes not recalculated in P3b,False
jiim_ext_isic2019_split_10_seed_52_resnet50_A,isic2019,resnet50,shared,2,research-lab/experiments/registered-workflow/extensions/jiim_2026_major_revision/runs/jiim_ext_isic2019_split_10_seed_52_resnet50_A/checkpoints/best_validation_loss.pt,True,94419622,2c8161ae2f9a5e7a37a216c29d21a64175e9d69ffe8fab551c3b684929ed8e38,saved_training_manifest; 12 representative files fully checked in P3a; remaining full-file hashes not recalculated in P3b,False
jiim_ext_isic2019_split_10_seed_62_resnet50_A,isic2019,resnet50,shared,2,research-lab/experiments/registered-workflow/extensions/jiim_2026_major_revision/runs/jiim_ext_isic2019_split_10_seed_62_resnet50_A/checkpoints/best_validation_loss.pt,True,94419622,a869934e5e3c61da7f5b0661f2d31701299fbe5cc43cd4748001601e95edd116,saved_training_manifest; 12 representative files fully checked in P3a; remaining full-file hashes not recalculated in P3b,False
jiim_ext_isic2019_split_10_seed_42_densenet121_A,isic2019,densenet121,shared,3,research-lab/experiments/registered-workflow/extensions/jiim_2026_major_revision/runs/jiim_ext_isic2019_split_10_seed_42_densenet121_A/checkpoints/best_validation_loss.pt,True,28462499,2add7fc8bc4673d615f6527f8f236a718d0c2790b44c42531880090ea661ecfa,saved_training_manifest; 12 representative files fully checked in P3a; remaining full-file hashes not recalculated in P3b,False
jiim_ext_isic2019_split_10_seed_52_densenet121_A,isic2019,densenet121,shared,3,research-lab/experiments/registered-workflow/extensions/jiim_2026_major_revision/runs/jiim_ext_isic2019_split_10_seed_52_densenet121_A/checkpoints/best_validation_loss.pt,True,28462499,3cd4cc9819d6718094b831346e2d172b081f20df15f91c5b763ac07cfa726ced,saved_training_manifest; 12 representative files fully checked in P3a; remaining full-file hashes not recalculated in P3b,False
jiim_ext_isic2019_split_10_seed_62_densenet121_A,isic2019,densenet121,shared,2,research-lab/experiments/registered-workflow/extensions/jiim_2026_major_revision/runs/jiim_ext_isic2019_split_10_seed_62_densenet121_A/checkpoints/best_validation_loss.pt,True,28462499,ad18d94f9104d298e13cb0a887dd6da34d668658dcfcd7350285b73bb53af3f2,saved_training_manifest; 12 representative files fully checked in P3a; remaining full-file hashes not recalculated in P3b,False
jiim_ext_isic2019_split_10_seed_42_efficientnet_b0_A,isic2019,efficientnet_b0,shared,18,research-lab/experiments/registered-workflow/extensions/jiim_2026_major_revision/runs/jiim_ext_isic2019_split_10_seed_42_efficientnet_b0_A/checkpoints/best_validation_loss.pt,True,16374046,18a167f63feacac1ea64d6453e49360e74fa0e38ed84e76cd38f3c76daa0319c,saved_training_manifest; 12 representative files fully checked in P3a; remaining full-file hashes not recalculated in P3b,False
jiim_ext_isic2019_split_10_seed_52_efficientnet_b0_A,isic2019,efficientnet_b0,shared,15,research-lab/experiments/registered-workflow/extensions/jiim_2026_major_revision/runs/jiim_ext_isic2019_split_10_seed_52_efficientnet_b0_A/checkpoints/best_validation_loss.pt,True,16374046,24f8160e504810eecd2394909689d41e4f2b476f63de672127d0e1298dc9595e,saved_training_manifest; 12 representative files fully checked in P3a; remaining full-file hashes not recalculated in P3b,False
jiim_ext_isic2019_split_10_seed_62_efficientnet_b0_A,isic2019,efficientnet_b0,shared,17,research-lab/experiments/registered-workflow/extensions/jiim_2026_major_revision/runs/jiim_ext_isic2019_split_10_seed_62_efficientnet_b0_A/checkpoints/best_validation_loss.pt,True,16374046,be086c9f9223531973fba9d59c0a40aacd57f6f489cb9c2d25d422cb58fc66b7,saved_training_manifest; 12 representative files fully checked in P3a; remaining full-file hashes not recalculated in P3b,False
jiim_ext_mura_split_01_seed_42_resnet18_A,mura,resnet18,shared,5,research-lab/experiments/registered-workflow/extensions/jiim_2026_major_revision/runs/jiim_ext_mura_split_01_seed_42_resnet18_A/checkpoints/best_validation_loss.pt,True,44790756,7d627a1fd23ba4598d237d480d931aeddf8b22bb3f4c5cec7604789fddf5f964,saved_training_manifest; 12 representative files fully checked in P3a; remaining full-file hashes not recalculated in P3b,False
jiim_ext_mura_split_01_seed_52_resnet18_A,mura,resnet18,shared,6,research-lab/experiments/registered-workflow/extensions/jiim_2026_major_revision/runs/jiim_ext_mura_split_01_seed_52_resnet18_A/checkpoints/best_validation_loss.pt,True,44790756,1e5a7071906e09d707a4cc2317e3a36fd7f28ced82af82dccb52286b2be89441,saved_training_manifest; 12 representative files fully checked in P3a; remaining full-file hashes not recalculated in P3b,False
jiim_ext_mura_split_01_seed_62_resnet18_A,mura,resnet18,shared,3,research-lab/experiments/registered-workflow/extensions/jiim_2026_major_revision/runs/jiim_ext_mura_split_01_seed_62_resnet18_A/checkpoints/best_validation_loss.pt,True,44790756,2190cb806400f81dd158dbe8668a2ad2b2015c8e0821d8642cd13d7a5be4380f,saved_training_manifest; 12 representative files fully checked in P3a; remaining full-file hashes not recalculated in P3b,False
jiim_ext_mura_split_01_seed_42_resnet50_A,mura,resnet50,shared,2,research-lab/experiments/registered-workflow/extensions/jiim_2026_major_revision/runs/jiim_ext_mura_split_01_seed_42_resnet50_A/checkpoints/best_validation_loss.pt,True,94370470,58b84586a6b6edca44ddb27b66b69d14bb46c151fcabca8e800d933744d6f7df,saved_training_manifest; 12 representative files fully checked in P3a; remaining full-file hashes not recalculated in P3b,False
jiim_ext_mura_split_01_seed_52_resnet50_A,mura,resnet50,shared,5,research-lab/experiments/registered-workflow/extensions/jiim_2026_major_revision/runs/jiim_ext_mura_split_01_seed_52_resnet50_A/checkpoints/best_validation_loss.pt,True,94370470,6c4bca24ecca9005208273d6deb7a90766e00a347497a446dd83eb50c103c3bc,saved_training_manifest; 12 representative files fully checked in P3a; remaining full-file hashes not recalculated in P3b,False
jiim_ext_mura_split_01_seed_62_resnet50_A,mura,resnet50,shared,4,research-lab/experiments/registered-workflow/extensions/jiim_2026_major_revision/runs/jiim_ext_mura_split_01_seed_62_resnet50_A/checkpoints/best_validation_loss.pt,True,94370470,a136a86ab9d18f0c60cff7ab4bcc9716b47bca49345646acc268ae977353b6f0,saved_training_manifest; 12 representative files fully checked in P3a; remaining full-file hashes not recalculated in P3b,False
jiim_ext_mura_split_01_seed_42_densenet121_A,mura,densenet121,shared,6,research-lab/experiments/registered-workflow/extensions/jiim_2026_major_revision/runs/jiim_ext_mura_split_01_seed_42_densenet121_A/checkpoints/best_validation_loss.pt,True,28437859,db1fb0cc12af990769f02cc764e5565feceb3c284f4983c62ca6af8616e655bf,saved_training_manifest; 12 representative files fully checked in P3a; remaining full-file hashes not recalculated in P3b,False
jiim_ext_mura_split_01_seed_52_densenet121_A,mura,densenet121,shared,6,research-lab/experiments/registered-workflow/extensions/jiim_2026_major_revision/runs/jiim_ext_mura_split_01_seed_52_densenet121_A/checkpoints/best_validation_loss.pt,True,28437859,5180888e9de8697ca2ce37dcbbead4f50721f3d6a4cc6405b21aa3f7540a098d,saved_training_manifest; 12 representative files fully checked in P3a; remaining full-file hashes not recalculated in P3b,False
jiim_ext_mura_split_01_seed_62_densenet121_A,mura,densenet121,shared,9,research-lab/experiments/registered-workflow/extensions/jiim_2026_major_revision/runs/jiim_ext_mura_split_01_seed_62_densenet121_A/checkpoints/best_validation_loss.pt,True,28437859,3287bf61f3c5554b47b7030431164e5dc8efe7dc2cbe81f619f809002758eb7c,saved_training_manifest; 12 representative files fully checked in P3a; remaining full-file hashes not recalculated in P3b,False
jiim_ext_mura_split_01_seed_42_efficientnet_b0_A,mura,efficientnet_b0,shared,29,research-lab/experiments/registered-workflow/extensions/jiim_2026_major_revision/runs/jiim_ext_mura_split_01_seed_42_efficientnet_b0_A/checkpoints/best_validation_loss.pt,True,16343326,71bed0a6840137dd723d840c87f651b79cf13f3185149ea901eb67f3ddfb349c,saved_training_manifest; 12 representative files fully checked in P3a; remaining full-file hashes not recalculated in P3b,False
jiim_ext_mura_split_01_seed_52_efficientnet_b0_A,mura,efficientnet_b0,shared,29,research-lab/experiments/registered-workflow/extensions/jiim_2026_major_revision/runs/jiim_ext_mura_split_01_seed_52_efficientnet_b0_A/checkpoints/best_validation_loss.pt,True,16343326,34c4f30fd87f5bac0a5b5e73c444e65cdf647925b2bce5351d550657d8ec428f,saved_training_manifest; 12 representative files fully checked in P3a; remaining full-file hashes not recalculated in P3b,False
jiim_ext_mura_split_01_seed_62_efficientnet_b0_A,mura,efficientnet_b0,shared,21,research-lab/experiments/registered-workflow/extensions/jiim_2026_major_revision/runs/jiim_ext_mura_split_01_seed_62_efficientnet_b0_A/checkpoints/best_validation_loss.pt,True,16343326,53e6be44c5605eb2e599ece89a661b4e817f0b2fad48c2755a8b8d0b64f187ee,saved_training_manifest; 12 representative files fully checked in P3a; remaining full-file hashes not recalculated in P3b,False
jiim_ext_mura_split_01_seed_42_swin_t_A,mura,swin_t,shared,5,research-lab/experiments/registered-workflow/extensions/jiim_2026_major_revision/runs/jiim_ext_mura_split_01_seed_42_swin_t_A/checkpoints/best_validation_loss.pt,True,110382233,c3726a6fe7a4c5d849e7390bf81e3e41f869d0be4f24be12ad67d42ceeef6f9b,saved_training_manifest; 12 representative files fully checked in P3a; remaining full-file hashes not recalculated in P3b,False
jiim_ext_mura_split_01_seed_52_swin_t_A,mura,swin_t,shared,9,research-lab/experiments/registered-workflow/extensions/jiim_2026_major_revision/runs/jiim_ext_mura_split_01_seed_52_swin_t_A/checkpoints/best_validation_loss.pt,True,110382233,eb49d38fc753c9d9a959ca69ab00a26f1639b20d07952582a59b6448992ea9a6,saved_training_manifest; 12 representative files fully checked in P3a; remaining full-file hashes not recalculated in P3b,False
jiim_ext_mura_split_01_seed_62_swin_t_A,mura,swin_t,shared,9,research-lab/experiments/registered-workflow/extensions/jiim_2026_major_revision/runs/jiim_ext_mura_split_01_seed_62_swin_t_A/checkpoints/best_validation_loss.pt,True,110382233,8cee21a33f7655d071d0febcedcd7125ac729a5607488c88302a4eeca5f40081,saved_training_manifest; 12 representative files fully checked in P3a; remaining full-file hashes not recalculated in P3b,False
jiim_ext_mura_split_01_seed_42_swin_t_B,mura,swin_t,swin_weight_eval,5,research-lab/experiments/registered-workflow/extensions/jiim_2026_major_revision/runs/jiim_ext_mura_split_01_seed_42_swin_t_B/checkpoints/best_validation_loss.pt,True,110382233,21887ab14c7fd0dee9f1f610c1ee7d55dee989731d32644fcf439525aad6ebfc,saved_training_manifest; 12 representative files fully checked in P3a; remaining full-file hashes not recalculated in P3b,False
jiim_ext_mura_split_01_seed_52_swin_t_B,mura,swin_t,swin_weight_eval,9,research-lab/experiments/registered-workflow/extensions/jiim_2026_major_revision/runs/jiim_ext_mura_split_01_seed_52_swin_t_B/checkpoints/best_validation_loss.pt,True,110382233,ac4330e3742665e35c83f8545c22d8ded3bece391dc2a761d2d82dbbe47e0f7f,saved_training_manifest; 12 representative files fully checked in P3a; remaining full-file hashes not recalculated in P3b,False
jiim_ext_mura_split_01_seed_62_swin_t_B,mura,swin_t,swin_weight_eval,7,research-lab/experiments/registered-workflow/extensions/jiim_2026_major_revision/runs/jiim_ext_mura_split_01_seed_62_swin_t_B/checkpoints/best_validation_loss.pt,True,110382233,0508ce911977395ba901befcf03a433fc1ca9daee05b96c04b3012931e8cca8c,saved_training_manifest; 12 representative files fully checked in P3a; remaining full-file hashes not recalculated in P3b,False
jiim_ext_mura_split_02_seed_42_resnet18_A,mura,resnet18,shared,5,research-lab/experiments/registered-workflow/extensions/jiim_2026_major_revision/runs/jiim_ext_mura_split_02_seed_42_resnet18_A/checkpoints/best_validation_loss.pt,True,44790756,397170ea60b94891484a8426b23eaec51900a85df83a49d608ba598119569c2c,saved_training_manifest; 12 representative files fully checked in P3a; remaining full-file hashes not recalculated in P3b,False
jiim_ext_mura_split_02_seed_52_resnet18_A,mura,resnet18,shared,2,research-lab/experiments/registered-workflow/extensions/jiim_2026_major_revision/runs/jiim_ext_mura_split_02_seed_52_resnet18_A/checkpoints/best_validation_loss.pt,True,44790756,290c070bbd8eb28c110c9667859cf74261866b38e14cb4655fde72dcafdd2421,saved_training_manifest; 12 representative files fully checked in P3a; remaining full-file hashes not recalculated in P3b,False
jiim_ext_mura_split_02_seed_62_resnet18_A,mura,resnet18,shared,4,research-lab/experiments/registered-workflow/extensions/jiim_2026_major_revision/runs/jiim_ext_mura_split_02_seed_62_resnet18_A/checkpoints/best_validation_loss.pt,True,44790756,04860df0d5c6b2d9bc724251027d2f28bafbedc9a2e08f97ef4e554975697dc9,saved_training_manifest; 12 representative files fully checked in P3a; remaining full-file hashes not recalculated in P3b,False
jiim_ext_mura_split_02_seed_42_resnet50_A,mura,resnet50,shared,4,research-lab/experiments/registered-workflow/extensions/jiim_2026_major_revision/runs/jiim_ext_mura_split_02_seed_42_resnet50_A/checkpoints/best_validation_loss.pt,True,94370470,956cdae49150e00ef772f6c2dbd5a964c110f370c3e955d5c198c92b963e343a,saved_training_manifest; 12 representative files fully checked in P3a; remaining full-file hashes not recalculated in P3b,False
jiim_ext_mura_split_02_seed_52_resnet50_A,mura,resnet50,shared,5,research-lab/experiments/registered-workflow/extensions/jiim_2026_major_revision/runs/jiim_ext_mura_split_02_seed_52_resnet50_A/checkpoints/best_validation_loss.pt,True,94370470,a71817c4a2380f9976a597e886eea738147bdd32baf0f23d6b726f0ea9232838,saved_training_manifest; 12 representative files fully checked in P3a; remaining full-file hashes not recalculated in P3b,False
jiim_ext_mura_split_02_seed_62_resnet50_A,mura,resnet50,shared,4,research-lab/experiments/registered-workflow/extensions/jiim_2026_major_revision/runs/jiim_ext_mura_split_02_seed_62_resnet50_A/checkpoints/best_validation_loss.pt,True,94370470,d28c6b15697d6da5c499ff1c928bc1991158184e117576674fb661c3b761993a,saved_training_manifest; 12 representative files fully checked in P3a; remaining full-file hashes not recalculated in P3b,False
jiim_ext_mura_split_02_seed_42_densenet121_A,mura,densenet121,shared,6,research-lab/experiments/registered-workflow/extensions/jiim_2026_major_revision/runs/jiim_ext_mura_split_02_seed_42_densenet121_A/checkpoints/best_validation_loss.pt,True,28437859,0dff24f0d4bd90d4c082c6e35dc34ab86edaa0d93e390448133693722a5507dc,saved_training_manifest; 12 representative files fully checked in P3a; remaining full-file hashes not recalculated in P3b,False
jiim_ext_mura_split_02_seed_52_densenet121_A,mura,densenet121,shared,7,research-lab/experiments/registered-workflow/extensions/jiim_2026_major_revision/runs/jiim_ext_mura_split_02_seed_52_densenet121_A/checkpoints/best_validation_loss.pt,True,28437859,284c0c083f42f382bf719b8238cceb643b302b983f7b49a6bec1c57d9f568409,saved_training_manifest; 12 representative files fully checked in P3a; remaining full-file hashes not recalculated in P3b,False
jiim_ext_mura_split_02_seed_62_densenet121_A,mura,densenet121,shared,5,research-lab/experiments/registered-workflow/extensions/jiim_2026_major_revision/runs/jiim_ext_mura_split_02_seed_62_densenet121_A/checkpoints/best_validation_loss.pt,True,28437859,f5af0c0fbd005909040baf1d53e7bd2d82e34a76bc239bad1c138a177d8e675e,saved_training_manifest; 12 representative files fully checked in P3a; remaining full-file hashes not recalculated in P3b,False
jiim_ext_mura_split_02_seed_42_efficientnet_b0_A,mura,efficientnet_b0,shared,33,research-lab/experiments/registered-workflow/extensions/jiim_2026_major_revision/runs/jiim_ext_mura_split_02_seed_42_efficientnet_b0_A/checkpoints/best_validation_loss.pt,True,16343326,ead6bd3074cfa34df497bfeb1ee6c0c98e5f68b1ad50d540b17026019d775d0f,saved_training_manifest; 12 representative files fully checked in P3a; remaining full-file hashes not recalculated in P3b,False
jiim_ext_mura_split_02_seed_52_efficientnet_b0_A,mura,efficientnet_b0,shared,20,research-lab/experiments/registered-workflow/extensions/jiim_2026_major_revision/runs/jiim_ext_mura_split_02_seed_52_efficientnet_b0_A/checkpoints/best_validation_loss.pt,True,16343326,e229c4e2f1866ae9364dcf12a8969a069d11fefb8e2c1b2f2215cdedc490a0f2,saved_training_manifest; 12 representative files fully checked in P3a; remaining full-file hashes not recalculated in P3b,False
jiim_ext_mura_split_02_seed_62_efficientnet_b0_A,mura,efficientnet_b0,shared,22,research-lab/experiments/registered-workflow/extensions/jiim_2026_major_revision/runs/jiim_ext_mura_split_02_seed_62_efficientnet_b0_A/checkpoints/best_validation_loss.pt,True,16343326,8bb2f68e526fce896fb555a00ab48e2448882fd1a69f5d5c991d815ae023819c,saved_training_manifest; 12 representative files fully checked in P3a; remaining full-file hashes not recalculated in P3b,False
jiim_ext_mura_split_02_seed_42_swin_t_A,mura,swin_t,shared,8,research-lab/experiments/registered-workflow/extensions/jiim_2026_major_revision/runs/jiim_ext_mura_split_02_seed_42_swin_t_A/checkpoints/best_validation_loss.pt,True,110382233,081f9f897bb0162e5442db0a97cff6243be09be10aa52b9bcb37b360636414a1,saved_training_manifest; 12 representative files fully checked in P3a; remaining full-file hashes not recalculated in P3b,False
jiim_ext_mura_split_02_seed_52_swin_t_A,mura,swin_t,shared,7,research-lab/experiments/registered-workflow/extensions/jiim_2026_major_revision/runs/jiim_ext_mura_split_02_seed_52_swin_t_A/checkpoints/best_validation_loss.pt,True,110382233,421896ab3605fe07051c0045a74245745f10b2e300e8e23585e14fbd35577138,saved_training_manifest; 12 representative files fully checked in P3a; remaining full-file hashes not recalculated in P3b,False
jiim_ext_mura_split_02_seed_62_swin_t_A,mura,swin_t,shared,5,research-lab/experiments/registered-workflow/extensions/jiim_2026_major_revision/runs/jiim_ext_mura_split_02_seed_62_swin_t_A/checkpoints/best_validation_loss.pt,True,110382233,dbbff679642ef1c725bc15f2a1071700dbf30b4ae2308dde9c6fc48977e60a7d,saved_training_manifest; 12 representative files fully checked in P3a; remaining full-file hashes not recalculated in P3b,False
jiim_ext_mura_split_02_seed_42_swin_t_B,mura,swin_t,swin_weight_eval,8,research-lab/experiments/registered-workflow/extensions/jiim_2026_major_revision/runs/jiim_ext_mura_split_02_seed_42_swin_t_B/checkpoints/best_validation_loss.pt,True,110382233,b23a8e0d4c46234c482260500e2c542c00394d2b0c8e990416d847f59f24b0c6,saved_training_manifest; 12 representative files fully checked in P3a; remaining full-file hashes not recalculated in P3b,False
jiim_ext_mura_split_02_seed_52_swin_t_B,mura,swin_t,swin_weight_eval,7,research-lab/experiments/registered-workflow/extensions/jiim_2026_major_revision/runs/jiim_ext_mura_split_02_seed_52_swin_t_B/checkpoints/best_validation_loss.pt,True,110382233,5650a7825da79388a3cec9e91aaf8269c5fc00c0bc54399e30425ffbaeaa9a33,saved_training_manifest; 12 representative files fully checked in P3a; remaining full-file hashes not recalculated in P3b,False
jiim_ext_mura_split_02_seed_62_swin_t_B,mura,swin_t,swin_weight_eval,5,research-lab/experiments/registered-workflow/extensions/jiim_2026_major_revision/runs/jiim_ext_mura_split_02_seed_62_swin_t_B/checkpoints/best_validation_loss.pt,True,110382233,cd0e2573fab24626cbd04277f957a2d264326eb9f32bb8c2cd65cf5f5005ba55,saved_training_manifest; 12 representative files fully checked in P3a; remaining full-file hashes not recalculated in P3b,False
jiim_ext_mura_split_03_seed_42_resnet18_A,mura,resnet18,shared,2,research-lab/experiments/registered-workflow/extensions/jiim_2026_major_revision/runs/jiim_ext_mura_split_03_seed_42_resnet18_A/checkpoints/best_validation_loss.pt,True,44790756,b80f377ba9da6549f1079698ad6ddce4778af4462ac1467d47eb01af40b04bc6,saved_training_manifest; 12 representative files fully checked in P3a; remaining full-file hashes not recalculated in P3b,False
jiim_ext_mura_split_03_seed_52_resnet18_A,mura,resnet18,shared,3,research-lab/experiments/registered-workflow/extensions/jiim_2026_major_revision/runs/jiim_ext_mura_split_03_seed_52_resnet18_A/checkpoints/best_validation_loss.pt,True,44790756,9d487de63aa23b1b1c5065685eab4f64126f36e30031cec0c9a867c168b9ed9b,saved_training_manifest; 12 representative files fully checked in P3a; remaining full-file hashes not recalculated in P3b,False
jiim_ext_mura_split_03_seed_62_resnet18_A,mura,resnet18,shared,4,research-lab/experiments/registered-workflow/extensions/jiim_2026_major_revision/runs/jiim_ext_mura_split_03_seed_62_resnet18_A/checkpoints/best_validation_loss.pt,True,44790756,beab63fa5d59b3fa68b49095bee48f3e7d82becf83f4081ae4fa9bbcbe7d142e,saved_training_manifest; 12 representative files fully checked in P3a; remaining full-file hashes not recalculated in P3b,False
jiim_ext_mura_split_03_seed_42_resnet50_A,mura,resnet50,shared,5,research-lab/experiments/registered-workflow/extensions/jiim_2026_major_revision/runs/jiim_ext_mura_split_03_seed_42_resnet50_A/checkpoints/best_validation_loss.pt,True,94370470,932fdd841c8e82474f417150b540c587fe2f9e2870a993e2c0bc1ef1281cf811,saved_training_manifest; 12 representative files fully checked in P3a; remaining full-file hashes not recalculated in P3b,False
jiim_ext_mura_split_03_seed_52_resnet50_A,mura,resnet50,shared,4,research-lab/experiments/registered-workflow/extensions/jiim_2026_major_revision/runs/jiim_ext_mura_split_03_seed_52_resnet50_A/checkpoints/best_validation_loss.pt,True,94370470,1505bd61db2c8d0e06a3521b64163cb4b3c08e404555279efde698ca2812f191,saved_training_manifest; 12 representative files fully checked in P3a; remaining full-file hashes not recalculated in P3b,False
jiim_ext_mura_split_03_seed_62_resnet50_A,mura,resnet50,shared,4,research-lab/experiments/registered-workflow/extensions/jiim_2026_major_revision/runs/jiim_ext_mura_split_03_seed_62_resnet50_A/checkpoints/best_validation_loss.pt,True,94370470,59755b73121a950ad681d9f7a1bdfae327cdbaac8e5f9fe7ff652e3938ddeb67,saved_training_manifest; 12 representative files fully checked in P3a; remaining full-file hashes not recalculated in P3b,False
jiim_ext_mura_split_03_seed_42_densenet121_A,mura,densenet121,shared,7,research-lab/experiments/registered-workflow/extensions/jiim_2026_major_revision/runs/jiim_ext_mura_split_03_seed_42_densenet121_A/checkpoints/best_validation_loss.pt,True,28437859,d2ed73cc1dfc56b7b67d9fd3a4a6a7256e5beaf03c120cf8ca745cb0291ff935,saved_training_manifest; 12 representative files fully checked in P3a; remaining full-file hashes not recalculated in P3b,False
jiim_ext_mura_split_03_seed_52_densenet121_A,mura,densenet121,shared,3,research-lab/experiments/registered-workflow/extensions/jiim_2026_major_revision/runs/jiim_ext_mura_split_03_seed_52_densenet121_A/checkpoints/best_validation_loss.pt,True,28437859,ad5314c93fc4a7c03474ec695ad3e1dd5f6588479171590252f294f87d152e8d,saved_training_manifest; 12 representative files fully checked in P3a; remaining full-file hashes not recalculated in P3b,False
jiim_ext_mura_split_03_seed_62_densenet121_A,mura,densenet121,shared,4,research-lab/experiments/registered-workflow/extensions/jiim_2026_major_revision/runs/jiim_ext_mura_split_03_seed_62_densenet121_A/checkpoints/best_validation_loss.pt,True,28437859,ea290a76e8d9497213331fb9b4a766cd3072efeae05d48290ae8808c206fb609,saved_training_manifest; 12 representative files fully checked in P3a; remaining full-file hashes not recalculated in P3b,False
jiim_ext_mura_split_03_seed_42_efficientnet_b0_A,mura,efficientnet_b0,shared,26,research-lab/experiments/registered-workflow/extensions/jiim_2026_major_revision/runs/jiim_ext_mura_split_03_seed_42_efficientnet_b0_A/checkpoints/best_validation_loss.pt,True,16343326,84501aea59540d98549c62c15b5f8b9b7d47f9dcbae109349077f29426b37ece,saved_training_manifest; 12 representative files fully checked in P3a; remaining full-file hashes not recalculated in P3b,False
jiim_ext_mura_split_03_seed_52_efficientnet_b0_A,mura,efficientnet_b0,shared,28,research-lab/experiments/registered-workflow/extensions/jiim_2026_major_revision/runs/jiim_ext_mura_split_03_seed_52_efficientnet_b0_A/checkpoints/best_validation_loss.pt,True,16343326,0ece5e3c41e92eaa520b5bad2b1ef47a247831089f15bd94f16d3e50ae41b433,saved_training_manifest; 12 representative files fully checked in P3a; remaining full-file hashes not recalculated in P3b,False
jiim_ext_mura_split_03_seed_62_efficientnet_b0_A,mura,efficientnet_b0,shared,33,research-lab/experiments/registered-workflow/extensions/jiim_2026_major_revision/runs/jiim_ext_mura_split_03_seed_62_efficientnet_b0_A/checkpoints/best_validation_loss.pt,True,16343326,21820132f8f8c6cb660148e7a04c23c3da5640d6300a571041dd3f0cedbdc552,saved_training_manifest; 12 representative files fully checked in P3a; remaining full-file hashes not recalculated in P3b,False
jiim_ext_mura_split_03_seed_42_swin_t_A,mura,swin_t,shared,9,research-lab/experiments/registered-workflow/extensions/jiim_2026_major_revision/runs/jiim_ext_mura_split_03_seed_42_swin_t_A/checkpoints/best_validation_loss.pt,True,110382233,7239343f5117650c7f72fc658f14cf5d9c18002bae21d68a1ce733a26781852c,saved_training_manifest; 12 representative files fully checked in P3a; remaining full-file hashes not recalculated in P3b,False
jiim_ext_mura_split_03_seed_52_swin_t_A,mura,swin_t,shared,7,research-lab/experiments/registered-workflow/extensions/jiim_2026_major_revision/runs/jiim_ext_mura_split_03_seed_52_swin_t_A/checkpoints/best_validation_loss.pt,True,110382233,760bb4fcb3bff1881e4188d0c299917475e7d6bc4d62d3af63aacbaf26d877e3,saved_training_manifest; 12 representative files fully checked in P3a; remaining full-file hashes not recalculated in P3b,False
jiim_ext_mura_split_03_seed_62_swin_t_A,mura,swin_t,shared,8,research-lab/experiments/registered-workflow/extensions/jiim_2026_major_revision/runs/jiim_ext_mura_split_03_seed_62_swin_t_A/checkpoints/best_validation_loss.pt,True,110382233,15c43706ef7ba698a3cfaf1cf9bc16cefdce339ce9d623f622aa275d16d68d2b,saved_training_manifest; 12 representative files fully checked in P3a; remaining full-file hashes not recalculated in P3b,False
jiim_ext_mura_split_03_seed_42_swin_t_B,mura,swin_t,swin_weight_eval,9,research-lab/experiments/registered-workflow/extensions/jiim_2026_major_revision/runs/jiim_ext_mura_split_03_seed_42_swin_t_B/checkpoints/best_validation_loss.pt,True,110382233,369eef2fec02ffad311ebf4f67bca559d477b5b4d2d5e9404a9d49504c6d2215,saved_training_manifest; 12 representative files fully checked in P3a; remaining full-file hashes not recalculated in P3b,False
jiim_ext_mura_split_03_seed_52_swin_t_B,mura,swin_t,swin_weight_eval,5,research-lab/experiments/registered-workflow/extensions/jiim_2026_major_revision/runs/jiim_ext_mura_split_03_seed_52_swin_t_B/checkpoints/best_validation_loss.pt,True,110382233,aa13af12ad6526409ea68aafbac3fe123e97d49af3452cc0e2ef346122effac9,saved_training_manifest; 12 representative files fully checked in P3a; remaining full-file hashes not recalculated in P3b,False
jiim_ext_mura_split_03_seed_62_swin_t_B,mura,swin_t,swin_weight_eval,8,research-lab/experiments/registered-workflow/extensions/jiim_2026_major_revision/runs/jiim_ext_mura_split_03_seed_62_swin_t_B/checkpoints/best_validation_loss.pt,True,110382233,4e6e4ab9e7ebdc95d0dc25e4853989f06deec4c7d9ec297fe0aba7e08de65937,saved_training_manifest; 12 representative files fully checked in P3a; remaining full-file hashes not recalculated in P3b,False
jiim_ext_mura_split_04_seed_42_resnet18_A,mura,resnet18,shared,3,research-lab/experiments/registered-workflow/extensions/jiim_2026_major_revision/runs/jiim_ext_mura_split_04_seed_42_resnet18_A/checkpoints/best_validation_loss.pt,True,44790756,d16efcfd397970d550120fe4dd70eea78145e50d1cde83eac941055ef02533d7,saved_training_manifest; 12 representative files fully checked in P3a; remaining full-file hashes not recalculated in P3b,False
jiim_ext_mura_split_04_seed_52_resnet18_A,mura,resnet18,shared,3,research-lab/experiments/registered-workflow/extensions/jiim_2026_major_revision/runs/jiim_ext_mura_split_04_seed_52_resnet18_A/checkpoints/best_validation_loss.pt,True,44790756,4c2f270658a7538331ec942de1e42026f2f2d82b9e47115a60bc7611afb57624,saved_training_manifest; 12 representative files fully checked in P3a; remaining full-file hashes not recalculated in P3b,False
jiim_ext_mura_split_04_seed_62_resnet18_A,mura,resnet18,shared,4,research-lab/experiments/registered-workflow/extensions/jiim_2026_major_revision/runs/jiim_ext_mura_split_04_seed_62_resnet18_A/checkpoints/best_validation_loss.pt,True,44790756,7cc0cb7fdb11fbd8f92f0d93c36261797a9c058398148bbb766fdc0edf61003b,saved_training_manifest; 12 representative files fully checked in P3a; remaining full-file hashes not recalculated in P3b,False
jiim_ext_mura_split_04_seed_42_resnet50_A,mura,resnet50,shared,3,research-lab/experiments/registered-workflow/extensions/jiim_2026_major_revision/runs/jiim_ext_mura_split_04_seed_42_resnet50_A/checkpoints/best_validation_loss.pt,True,94370470,7e2b6d2c41d530319e57f5ba46bb56fbda2c05e3678383d836ad49a352ede8d2,saved_training_manifest; 12 representative files fully checked in P3a; remaining full-file hashes not recalculated in P3b,False
jiim_ext_mura_split_04_seed_52_resnet50_A,mura,resnet50,shared,4,research-lab/experiments/registered-workflow/extensions/jiim_2026_major_revision/runs/jiim_ext_mura_split_04_seed_52_resnet50_A/checkpoints/best_validation_loss.pt,True,94370470,478d6fa37902c2feb193e85e9cc0a7e89cf2b9197c10cdaf6cf646f3bb8eb80b,saved_training_manifest; 12 representative files fully checked in P3a; remaining full-file hashes not recalculated in P3b,False
jiim_ext_mura_split_04_seed_62_resnet50_A,mura,resnet50,shared,3,research-lab/experiments/registered-workflow/extensions/jiim_2026_major_revision/runs/jiim_ext_mura_split_04_seed_62_resnet50_A/checkpoints/best_validation_loss.pt,True,94370470,43d314fc7d2548f7af9d9f62bb34b58af01ad2ba2ca383410dc56fd86098ccb5,saved_training_manifest; 12 representative files fully checked in P3a; remaining full-file hashes not recalculated in P3b,False
jiim_ext_mura_split_04_seed_42_densenet121_A,mura,densenet121,shared,5,research-lab/experiments/registered-workflow/extensions/jiim_2026_major_revision/runs/jiim_ext_mura_split_04_seed_42_densenet121_A/checkpoints/best_validation_loss.pt,True,28437859,39e1e52b50c70cc183840467c6b4a48465c9c712181081740c0b0b85fbc5a86e,saved_training_manifest; 12 representative files fully checked in P3a; remaining full-file hashes not recalculated in P3b,False
jiim_ext_mura_split_04_seed_52_densenet121_A,mura,densenet121,shared,5,research-lab/experiments/registered-workflow/extensions/jiim_2026_major_revision/runs/jiim_ext_mura_split_04_seed_52_densenet121_A/checkpoints/best_validation_loss.pt,True,28437859,2d527d9eaa2e006377bec662ae57f0682d30579100942425c2fe8d3e1870d739,saved_training_manifest; 12 representative files fully checked in P3a; remaining full-file hashes not recalculated in P3b,False
jiim_ext_mura_split_04_seed_62_densenet121_A,mura,densenet121,shared,5,research-lab/experiments/registered-workflow/extensions/jiim_2026_major_revision/runs/jiim_ext_mura_split_04_seed_62_densenet121_A/checkpoints/best_validation_loss.pt,True,28437859,3320c514964f7d0da97cf41df1d5d80d2a6736524b0b9d05942bffe52bcd7e6b,saved_training_manifest; 12 representative files fully checked in P3a; remaining full-file hashes not recalculated in P3b,False
jiim_ext_mura_split_04_seed_42_efficientnet_b0_A,mura,efficientnet_b0,shared,27,research-lab/experiments/registered-workflow/extensions/jiim_2026_major_revision/runs/jiim_ext_mura_split_04_seed_42_efficientnet_b0_A/checkpoints/best_validation_loss.pt,True,16343326,1490467c665557a265c47351cba91714a5c61af254d312ec07470317b6ad444a,saved_training_manifest; 12 representative files fully checked in P3a; remaining full-file hashes not recalculated in P3b,False
jiim_ext_mura_split_04_seed_52_efficientnet_b0_A,mura,efficientnet_b0,shared,26,research-lab/experiments/registered-workflow/extensions/jiim_2026_major_revision/runs/jiim_ext_mura_split_04_seed_52_efficientnet_b0_A/checkpoints/best_validation_loss.pt,True,16343326,6384bf17070b8d7b8f0d95495506f4084ff192433495341f22b15636b81495cb,saved_training_manifest; 12 representative files fully checked in P3a; remaining full-file hashes not recalculated in P3b,False
jiim_ext_mura_split_04_seed_62_efficientnet_b0_A,mura,efficientnet_b0,shared,29,research-lab/experiments/registered-workflow/extensions/jiim_2026_major_revision/runs/jiim_ext_mura_split_04_seed_62_efficientnet_b0_A/checkpoints/best_validation_loss.pt,True,16343326,39d073413961c8fdb46258ce831ac56e6499ba666092af78a527cfce8665cd13,saved_training_manifest; 12 representative files fully checked in P3a; remaining full-file hashes not recalculated in P3b,False
jiim_ext_mura_split_04_seed_42_swin_t_A,mura,swin_t,shared,6,research-lab/experiments/registered-workflow/extensions/jiim_2026_major_revision/runs/jiim_ext_mura_split_04_seed_42_swin_t_A/checkpoints/best_validation_loss.pt,True,110382233,3dec17bcfc9a862c632fda5b9d4d18cd328081edd4ddaa111b5bceed6debda15,saved_training_manifest; 12 representative files fully checked in P3a; remaining full-file hashes not recalculated in P3b,False
jiim_ext_mura_split_04_seed_52_swin_t_A,mura,swin_t,shared,8,research-lab/experiments/registered-workflow/extensions/jiim_2026_major_revision/runs/jiim_ext_mura_split_04_seed_52_swin_t_A/checkpoints/best_validation_loss.pt,True,110382233,594ae48075f8b45562353da1c33d42b3ed80f95cb6a1e5f0f14dd50a74a40f1a,saved_training_manifest; 12 representative files fully checked in P3a; remaining full-file hashes not recalculated in P3b,False
jiim_ext_mura_split_04_seed_62_swin_t_A,mura,swin_t,shared,9,research-lab/experiments/registered-workflow/extensions/jiim_2026_major_revision/runs/jiim_ext_mura_split_04_seed_62_swin_t_A/checkpoints/best_validation_loss.pt,True,110382233,b2f48457a929fd18f4eb7d09474fc0e98387f3fc393a09931179f48f42097de8,saved_training_manifest; 12 representative files fully checked in P3a; remaining full-file hashes not recalculated in P3b,False
jiim_ext_mura_split_04_seed_42_swin_t_B,mura,swin_t,swin_weight_eval,6,research-lab/experiments/registered-workflow/extensions/jiim_2026_major_revision/runs/jiim_ext_mura_split_04_seed_42_swin_t_B/checkpoints/best_validation_loss.pt,True,110382233,f306aeb95e7c6b4406c5141abdf3fbdfc8ed41f048db6ad306742f53ee16cd49,saved_training_manifest; 12 representative files fully checked in P3a; remaining full-file hashes not recalculated in P3b,False
jiim_ext_mura_split_04_seed_52_swin_t_B,mura,swin_t,swin_weight_eval,9,research-lab/experiments/registered-workflow/extensions/jiim_2026_major_revision/runs/jiim_ext_mura_split_04_seed_52_swin_t_B/checkpoints/best_validation_loss.pt,True,110382233,f981552158b36e2cee84221c11646adb5e4e4ec84656f0914d65647e3e68734e,saved_training_manifest; 12 representative files fully checked in P3a; remaining full-file hashes not recalculated in P3b,False
jiim_ext_mura_split_04_seed_62_swin_t_B,mura,swin_t,swin_weight_eval,9,research-lab/experiments/registered-workflow/extensions/jiim_2026_major_revision/runs/jiim_ext_mura_split_04_seed_62_swin_t_B/checkpoints/best_validation_loss.pt,True,110382233,af6e5b590e3fdbe05f84eb9a8a20c0c4aedfe4f39a6004ec7df448192c389c07,saved_training_manifest; 12 representative files fully checked in P3a; remaining full-file hashes not recalculated in P3b,False
jiim_ext_mura_split_05_seed_42_resnet18_A,mura,resnet18,shared,4,research-lab/experiments/registered-workflow/extensions/jiim_2026_major_revision/runs/jiim_ext_mura_split_05_seed_42_resnet18_A/checkpoints/best_validation_loss.pt,True,44790756,0d3cfb3d35e0b5f5b5e7f3dac020a1d7eb8453d0630d893d51fffd2e457c2b0a,saved_training_manifest; 12 representative files fully checked in P3a; remaining full-file hashes not recalculated in P3b,False
jiim_ext_mura_split_05_seed_52_resnet18_A,mura,resnet18,shared,4,research-lab/experiments/registered-workflow/extensions/jiim_2026_major_revision/runs/jiim_ext_mura_split_05_seed_52_resnet18_A/checkpoints/best_validation_loss.pt,True,44790756,ea391708a794382ee1cda2e1577752e936bbc6db374c4bd24588b3841fd44827,saved_training_manifest; 12 representative files fully checked in P3a; remaining full-file hashes not recalculated in P3b,False
jiim_ext_mura_split_05_seed_62_resnet18_A,mura,resnet18,shared,5,research-lab/experiments/registered-workflow/extensions/jiim_2026_major_revision/runs/jiim_ext_mura_split_05_seed_62_resnet18_A/checkpoints/best_validation_loss.pt,True,44790756,5e893abf27d327eade781e0ff011ea66947e167fef572cb43c5c7051b3cf1961,saved_training_manifest; 12 representative files fully checked in P3a; remaining full-file hashes not recalculated in P3b,False
jiim_ext_mura_split_05_seed_42_resnet50_A,mura,resnet50,shared,5,research-lab/experiments/registered-workflow/extensions/jiim_2026_major_revision/runs/jiim_ext_mura_split_05_seed_42_resnet50_A/checkpoints/best_validation_loss.pt,True,94370470,0bdccdc9857999e478539fb4553a88cf6c624fc82c3290e3a7f640fa03624c68,saved_training_manifest; 12 representative files fully checked in P3a; remaining full-file hashes not recalculated in P3b,False
jiim_ext_mura_split_05_seed_52_resnet50_A,mura,resnet50,shared,4,research-lab/experiments/registered-workflow/extensions/jiim_2026_major_revision/runs/jiim_ext_mura_split_05_seed_52_resnet50_A/checkpoints/best_validation_loss.pt,True,94370470,36854256c6d4aacca1cac022f2d63a105e5f498e711ed422749901cc29b7a1d1,saved_training_manifest; 12 representative files fully checked in P3a; remaining full-file hashes not recalculated in P3b,False
jiim_ext_mura_split_05_seed_62_resnet50_A,mura,resnet50,shared,5,research-lab/experiments/registered-workflow/extensions/jiim_2026_major_revision/runs/jiim_ext_mura_split_05_seed_62_resnet50_A/checkpoints/best_validation_loss.pt,True,94370470,ebb83d566e73c2e06dad3bdc9e400240ba40bd7ffbf8dfe9bc3790024ec48713,saved_training_manifest; 12 representative files fully checked in P3a; remaining full-file hashes not recalculated in P3b,False
jiim_ext_mura_split_05_seed_42_densenet121_A,mura,densenet121,shared,7,research-lab/experiments/registered-workflow/extensions/jiim_2026_major_revision/runs/jiim_ext_mura_split_05_seed_42_densenet121_A/checkpoints/best_validation_loss.pt,True,28437859,da162c74f68d4f95c6824eb95e3e1fef91053ecaab7328a91bb38080f92dd246,saved_training_manifest; 12 representative files fully checked in P3a; remaining full-file hashes not recalculated in P3b,False
jiim_ext_mura_split_05_seed_52_densenet121_A,mura,densenet121,shared,8,research-lab/experiments/registered-workflow/extensions/jiim_2026_major_revision/runs/jiim_ext_mura_split_05_seed_52_densenet121_A/checkpoints/best_validation_loss.pt,True,28437859,979716bfe5a8cb62e5b2d326ddd5ee977ba79b941faac68edcd1aaff6a844a7f,saved_training_manifest; 12 representative files fully checked in P3a; remaining full-file hashes not recalculated in P3b,False
jiim_ext_mura_split_05_seed_62_densenet121_A,mura,densenet121,shared,4,research-lab/experiments/registered-workflow/extensions/jiim_2026_major_revision/runs/jiim_ext_mura_split_05_seed_62_densenet121_A/checkpoints/best_validation_loss.pt,True,28437859,666dafac684d98d8321ec90875cce0615b804b65c260b656a80b18868f44820f,saved_training_manifest; 12 representative files fully checked in P3a; remaining full-file hashes not recalculated in P3b,False
jiim_ext_mura_split_05_seed_42_efficientnet_b0_A,mura,efficientnet_b0,shared,33,research-lab/experiments/registered-workflow/extensions/jiim_2026_major_revision/runs/jiim_ext_mura_split_05_seed_42_efficientnet_b0_A/checkpoints/best_validation_loss.pt,True,16343326,3487f345f19ef4c0d2fd3eb0ad087e4fde6898f68ff5c2ebd783c32745a1008b,saved_training_manifest; 12 representative files fully checked in P3a; remaining full-file hashes not recalculated in P3b,False
jiim_ext_mura_split_05_seed_52_efficientnet_b0_A,mura,efficientnet_b0,shared,27,research-lab/experiments/registered-workflow/extensions/jiim_2026_major_revision/runs/jiim_ext_mura_split_05_seed_52_efficientnet_b0_A/checkpoints/best_validation_loss.pt,True,16343326,1d117b0467bca376e22a32a888975594b301495ebf11872c6f6d0f73bdc9d402,saved_training_manifest; 12 representative files fully checked in P3a; remaining full-file hashes not recalculated in P3b,False
jiim_ext_mura_split_05_seed_62_efficientnet_b0_A,mura,efficientnet_b0,shared,25,research-lab/experiments/registered-workflow/extensions/jiim_2026_major_revision/runs/jiim_ext_mura_split_05_seed_62_efficientnet_b0_A/checkpoints/best_validation_loss.pt,True,16343326,a5cbc98b10c51d29a3d7db4004e683ab6c022d6e9f16c57d1155034f22d3becb,saved_training_manifest; 12 representative files fully checked in P3a; remaining full-file hashes not recalculated in P3b,False
jiim_ext_mura_split_05_seed_42_swin_t_A,mura,swin_t,shared,6,research-lab/experiments/registered-workflow/extensions/jiim_2026_major_revision/runs/jiim_ext_mura_split_05_seed_42_swin_t_A/checkpoints/best_validation_loss.pt,True,110382233,411bc656022b97fa137c2e536735a1cf5ec8f2b0ce7a44f9593c9456717a0906,saved_training_manifest; 12 representative files fully checked in P3a; remaining full-file hashes not recalculated in P3b,False
jiim_ext_mura_split_05_seed_52_swin_t_A,mura,swin_t,shared,6,research-lab/experiments/registered-workflow/extensions/jiim_2026_major_revision/runs/jiim_ext_mura_split_05_seed_52_swin_t_A/checkpoints/best_validation_loss.pt,True,110382233,e626fc1ed995f044492181f3a69395ead74725f310fc6250ef74ca8c377a45b9,saved_training_manifest; 12 representative files fully checked in P3a; remaining full-file hashes not recalculated in P3b,False
jiim_ext_mura_split_05_seed_62_swin_t_A,mura,swin_t,shared,5,research-lab/experiments/registered-workflow/extensions/jiim_2026_major_revision/runs/jiim_ext_mura_split_05_seed_62_swin_t_A/checkpoints/best_validation_loss.pt,True,110382233,6b66a5e18041b5e17a8b48ce0f7cc00d263efe0a50a7b6b7a9ef05a876dfd8e0,saved_training_manifest; 12 representative files fully checked in P3a; remaining full-file hashes not recalculated in P3b,False
jiim_ext_mura_split_05_seed_42_swin_t_B,mura,swin_t,swin_weight_eval,6,research-lab/experiments/registered-workflow/extensions/jiim_2026_major_revision/runs/jiim_ext_mura_split_05_seed_42_swin_t_B/checkpoints/best_validation_loss.pt,True,110382233,b2477cd38450aa362c7fe3b92bb2d214f71da051fb0ff79a9d720e7d3a8a1007,saved_training_manifest; 12 representative files fully checked in P3a; remaining full-file hashes not recalculated in P3b,False
jiim_ext_mura_split_05_seed_52_swin_t_B,mura,swin_t,swin_weight_eval,6,research-lab/experiments/registered-workflow/extensions/jiim_2026_major_revision/runs/jiim_ext_mura_split_05_seed_52_swin_t_B/checkpoints/best_validation_loss.pt,True,110382233,2787f16ad16ea1edb94cf4d5f07053061e5b0ccaa9ee4d73761e11871c75f875,saved_training_manifest; 12 representative files fully checked in P3a; remaining full-file hashes not recalculated in P3b,False
jiim_ext_mura_split_05_seed_62_swin_t_B,mura,swin_t,swin_weight_eval,5,research-lab/experiments/registered-workflow/extensions/jiim_2026_major_revision/runs/jiim_ext_mura_split_05_seed_62_swin_t_B/checkpoints/best_validation_loss.pt,True,110382233,f13a86211d2768852a05986ef8af6cc18b6f8ec9fa1d3ca56e4ae7c7c47e2453,saved_training_manifest; 12 representative files fully checked in P3a; remaining full-file hashes not recalculated in P3b,False
jiim_ext_mura_split_06_seed_42_resnet18_A,mura,resnet18,shared,3,research-lab/experiments/registered-workflow/extensions/jiim_2026_major_revision/runs/jiim_ext_mura_split_06_seed_42_resnet18_A/checkpoints/best_validation_loss.pt,True,44790756,f6ef7f954c93f531a97231da254cab64e4fddc613598ed506be3e838e6b70245,saved_training_manifest; 12 representative files fully checked in P3a; remaining full-file hashes not recalculated in P3b,False
jiim_ext_mura_split_06_seed_52_resnet18_A,mura,resnet18,shared,2,research-lab/experiments/registered-workflow/extensions/jiim_2026_major_revision/runs/jiim_ext_mura_split_06_seed_52_resnet18_A/checkpoints/best_validation_loss.pt,True,44790756,464cf6f43d4714087772fd765d13af1e0740f9259173103f3cb0b86dcb010206,saved_training_manifest; 12 representative files fully checked in P3a; remaining full-file hashes not recalculated in P3b,False
jiim_ext_mura_split_06_seed_62_resnet18_A,mura,resnet18,shared,4,research-lab/experiments/registered-workflow/extensions/jiim_2026_major_revision/runs/jiim_ext_mura_split_06_seed_62_resnet18_A/checkpoints/best_validation_loss.pt,True,44790756,d4f164bb1eec32988649d6da0e9f1391e2350a7809f18deaa47f17319688b8cb,saved_training_manifest; 12 representative files fully checked in P3a; remaining full-file hashes not recalculated in P3b,False
jiim_ext_mura_split_06_seed_42_resnet50_A,mura,resnet50,shared,4,research-lab/experiments/registered-workflow/extensions/jiim_2026_major_revision/runs/jiim_ext_mura_split_06_seed_42_resnet50_A/checkpoints/best_validation_loss.pt,True,94370470,689305d16205e7b87570dac2ad64722b6e63e9db08449c397ef1517a55904cf6,saved_training_manifest; 12 representative files fully checked in P3a; remaining full-file hashes not recalculated in P3b,False
jiim_ext_mura_split_06_seed_52_resnet50_A,mura,resnet50,shared,5,research-lab/experiments/registered-workflow/extensions/jiim_2026_major_revision/runs/jiim_ext_mura_split_06_seed_52_resnet50_A/checkpoints/best_validation_loss.pt,True,94370470,13b57c4239d31e09e06e1a7b17988884af40770b0ddc2f15c4b98a918dbaa193,saved_training_manifest; 12 representative files fully checked in P3a; remaining full-file hashes not recalculated in P3b,False
jiim_ext_mura_split_06_seed_62_resnet50_A,mura,resnet50,shared,4,research-lab/experiments/registered-workflow/extensions/jiim_2026_major_revision/runs/jiim_ext_mura_split_06_seed_62_resnet50_A/checkpoints/best_validation_loss.pt,True,94370470,b15198bca43ad0d662904f2d17847a50d0156b7e64b34ef7b89d8b16d5edbd28,saved_training_manifest; 12 representative files fully checked in P3a; remaining full-file hashes not recalculated in P3b,False
jiim_ext_mura_split_06_seed_42_densenet121_A,mura,densenet121,shared,7,research-lab/experiments/registered-workflow/extensions/jiim_2026_major_revision/runs/jiim_ext_mura_split_06_seed_42_densenet121_A/checkpoints/best_validation_loss.pt,True,28437859,7a446518af47c56a21d341399a6ad77140cf7373580e7cf7e1a6b13811cf800e,saved_training_manifest; 12 representative files fully checked in P3a; remaining full-file hashes not recalculated in P3b,False
jiim_ext_mura_split_06_seed_52_densenet121_A,mura,densenet121,shared,5,research-lab/experiments/registered-workflow/extensions/jiim_2026_major_revision/runs/jiim_ext_mura_split_06_seed_52_densenet121_A/checkpoints/best_validation_loss.pt,True,28437859,99a0f3b38d8b3d37c30b6bccf5b3f67f094dc6d54e0976af40cef959707653cf,saved_training_manifest; 12 representative files fully checked in P3a; remaining full-file hashes not recalculated in P3b,False
jiim_ext_mura_split_06_seed_62_densenet121_A,mura,densenet121,shared,4,research-lab/experiments/registered-workflow/extensions/jiim_2026_major_revision/runs/jiim_ext_mura_split_06_seed_62_densenet121_A/checkpoints/best_validation_loss.pt,True,28437859,2c9b50b2c787802f4c3c2448da3229fefe4e82893faacb2fe68a75ef204ad256,saved_training_manifest; 12 representative files fully checked in P3a; remaining full-file hashes not recalculated in P3b,False
jiim_ext_mura_split_06_seed_42_efficientnet_b0_A,mura,efficientnet_b0,shared,29,research-lab/experiments/registered-workflow/extensions/jiim_2026_major_revision/runs/jiim_ext_mura_split_06_seed_42_efficientnet_b0_A/checkpoints/best_validation_loss.pt,True,16343326,2ac5a24ccdbb13b0cf1ee0ec97ea92258e74252423f53315748705ebbd5f105f,saved_training_manifest; 12 representative files fully checked in P3a; remaining full-file hashes not recalculated in P3b,False
jiim_ext_mura_split_06_seed_52_efficientnet_b0_A,mura,efficientnet_b0,shared,24,research-lab/experiments/registered-workflow/extensions/jiim_2026_major_revision/runs/jiim_ext_mura_split_06_seed_52_efficientnet_b0_A/checkpoints/best_validation_loss.pt,True,16343326,62fcf43fe97517c6a6feefa25c7c19ae71530e565e7e3cfc2cfb3566609a016b,saved_training_manifest; 12 representative files fully checked in P3a; remaining full-file hashes not recalculated in P3b,False
jiim_ext_mura_split_06_seed_62_efficientnet_b0_A,mura,efficientnet_b0,shared,30,research-lab/experiments/registered-workflow/extensions/jiim_2026_major_revision/runs/jiim_ext_mura_split_06_seed_62_efficientnet_b0_A/checkpoints/best_validation_loss.pt,True,16343326,3bc4ed86d66a1c89e97df2bc7d6f14919531bf9badcc118703e55f59e1c7041e,saved_training_manifest; 12 representative files fully checked in P3a; remaining full-file hashes not recalculated in P3b,False
jiim_ext_mura_split_07_seed_42_resnet18_A,mura,resnet18,shared,3,research-lab/experiments/registered-workflow/extensions/jiim_2026_major_revision/runs/jiim_ext_mura_split_07_seed_42_resnet18_A/checkpoints/best_validation_loss.pt,True,44790756,7404bba3e0c17ee3333d50195364cad07c1546682e7cbab6c1bffe082bdffc81,saved_training_manifest; 12 representative files fully checked in P3a; remaining full-file hashes not recalculated in P3b,False
jiim_ext_mura_split_07_seed_52_resnet18_A,mura,resnet18,shared,3,research-lab/experiments/registered-workflow/extensions/jiim_2026_major_revision/runs/jiim_ext_mura_split_07_seed_52_resnet18_A/checkpoints/best_validation_loss.pt,True,44790756,cc0ff1c241d2cb5b264416ce10f47c73485cca4a800def01cb3dd06262b37535,saved_training_manifest; 12 representative files fully checked in P3a; remaining full-file hashes not recalculated in P3b,False
jiim_ext_mura_split_07_seed_62_resnet18_A,mura,resnet18,shared,2,research-lab/experiments/registered-workflow/extensions/jiim_2026_major_revision/runs/jiim_ext_mura_split_07_seed_62_resnet18_A/checkpoints/best_validation_loss.pt,True,44790756,981039bbbf210bd0637d0e432820151319728135c0496403740d4b29c4cb38c9,saved_training_manifest; 12 representative files fully checked in P3a; remaining full-file hashes not recalculated in P3b,False
jiim_ext_mura_split_07_seed_42_resnet50_A,mura,resnet50,shared,3,research-lab/experiments/registered-workflow/extensions/jiim_2026_major_revision/runs/jiim_ext_mura_split_07_seed_42_resnet50_A/checkpoints/best_validation_loss.pt,True,94370470,5f42926e5bc3b0045b11dae7271658bf6831af3a6c5f561b9e156c4f448cebe0,saved_training_manifest; 12 representative files fully checked in P3a; remaining full-file hashes not recalculated in P3b,False
jiim_ext_mura_split_07_seed_52_resnet50_A,mura,resnet50,shared,3,research-lab/experiments/registered-workflow/extensions/jiim_2026_major_revision/runs/jiim_ext_mura_split_07_seed_52_resnet50_A/checkpoints/best_validation_loss.pt,True,94370470,18275ad3cfea423ed4b9ec2885238aaad2eb30a8cbc2401b14512f50716521b2,saved_training_manifest; 12 representative files fully checked in P3a; remaining full-file hashes not recalculated in P3b,False
jiim_ext_mura_split_07_seed_62_resnet50_A,mura,resnet50,shared,5,research-lab/experiments/registered-workflow/extensions/jiim_2026_major_revision/runs/jiim_ext_mura_split_07_seed_62_resnet50_A/checkpoints/best_validation_loss.pt,True,94370470,d439549ccd1ea1cf722e981abbc1d4fed58fc28ab4bbc3aba1a95868aadd904d,saved_training_manifest; 12 representative files fully checked in P3a; remaining full-file hashes not recalculated in P3b,False
jiim_ext_mura_split_07_seed_42_densenet121_A,mura,densenet121,shared,6,research-lab/experiments/registered-workflow/extensions/jiim_2026_major_revision/runs/jiim_ext_mura_split_07_seed_42_densenet121_A/checkpoints/best_validation_loss.pt,True,28437859,dd9aa03f3ab887edcaebb6aa885846c00bf8c5aa14108079f092de44ff0f7cbc,saved_training_manifest; 12 representative files fully checked in P3a; remaining full-file hashes not recalculated in P3b,False
jiim_ext_mura_split_07_seed_52_densenet121_A,mura,densenet121,shared,5,research-lab/experiments/registered-workflow/extensions/jiim_2026_major_revision/runs/jiim_ext_mura_split_07_seed_52_densenet121_A/checkpoints/best_validation_loss.pt,True,28437859,7c0ca27008ceadb26fc6d7e8e526ace526401aed70f9a64ce0f6e5849e6d2557,saved_training_manifest; 12 representative files fully checked in P3a; remaining full-file hashes not recalculated in P3b,False
jiim_ext_mura_split_07_seed_62_densenet121_A,mura,densenet121,shared,7,research-lab/experiments/registered-workflow/extensions/jiim_2026_major_revision/runs/jiim_ext_mura_split_07_seed_62_densenet121_A/checkpoints/best_validation_loss.pt,True,28437859,54a770f75281546d27f98e97fd96bc3a7025d7f7218f63d28caf5b2f3dbc1242,saved_training_manifest; 12 representative files fully checked in P3a; remaining full-file hashes not recalculated in P3b,False
jiim_ext_mura_split_07_seed_42_efficientnet_b0_A,mura,efficientnet_b0,shared,36,research-lab/experiments/registered-workflow/extensions/jiim_2026_major_revision/runs/jiim_ext_mura_split_07_seed_42_efficientnet_b0_A/checkpoints/best_validation_loss.pt,True,16343326,1741f1e676b69dd95c5804b2e452def694672e941782788e544512e497b75016,saved_training_manifest; 12 representative files fully checked in P3a; remaining full-file hashes not recalculated in P3b,False
jiim_ext_mura_split_07_seed_52_efficientnet_b0_A,mura,efficientnet_b0,shared,16,research-lab/experiments/registered-workflow/extensions/jiim_2026_major_revision/runs/jiim_ext_mura_split_07_seed_52_efficientnet_b0_A/checkpoints/best_validation_loss.pt,True,16343326,641b1fad3a08a7a0456530091dcb4096b91416ad219a89cbc29799466cc2aab7,saved_training_manifest; 12 representative files fully checked in P3a; remaining full-file hashes not recalculated in P3b,False
jiim_ext_mura_split_07_seed_62_efficientnet_b0_A,mura,efficientnet_b0,shared,20,research-lab/experiments/registered-workflow/extensions/jiim_2026_major_revision/runs/jiim_ext_mura_split_07_seed_62_efficientnet_b0_A/checkpoints/best_validation_loss.pt,True,16343326,9baabbc077902e6729b3cc7d69050e7f9d8a4fc9d3d34be8463defafe4750df2,saved_training_manifest; 12 representative files fully checked in P3a; remaining full-file hashes not recalculated in P3b,False
jiim_ext_mura_split_08_seed_42_resnet18_A,mura,resnet18,shared,3,research-lab/experiments/registered-workflow/extensions/jiim_2026_major_revision/runs/jiim_ext_mura_split_08_seed_42_resnet18_A/checkpoints/best_validation_loss.pt,True,44790756,4abd11d41bf7a8d5d1398c2137209674cb15217cc542c3e7c3b179b7d8592894,saved_training_manifest; 12 representative files fully checked in P3a; remaining full-file hashes not recalculated in P3b,False
jiim_ext_mura_split_08_seed_52_resnet18_A,mura,resnet18,shared,5,research-lab/experiments/registered-workflow/extensions/jiim_2026_major_revision/runs/jiim_ext_mura_split_08_seed_52_resnet18_A/checkpoints/best_validation_loss.pt,True,44790756,2443dff2dfbe3facaa15fabe83850d85ec103d87bc1e519a3572ed07956edff4,saved_training_manifest; 12 representative files fully checked in P3a; remaining full-file hashes not recalculated in P3b,False
jiim_ext_mura_split_08_seed_62_resnet18_A,mura,resnet18,shared,4,research-lab/experiments/registered-workflow/extensions/jiim_2026_major_revision/runs/jiim_ext_mura_split_08_seed_62_resnet18_A/checkpoints/best_validation_loss.pt,True,44790756,f5ceb6e38f0884b333470274c46fb8918f0a74ef8f1d6992e7d2f45c089a4ed1,saved_training_manifest; 12 representative files fully checked in P3a; remaining full-file hashes not recalculated in P3b,False
jiim_ext_mura_split_08_seed_42_resnet50_A,mura,resnet50,shared,4,research-lab/experiments/registered-workflow/extensions/jiim_2026_major_revision/runs/jiim_ext_mura_split_08_seed_42_resnet50_A/checkpoints/best_validation_loss.pt,True,94370470,8ccf2e5aac6fab50f6b795aed64027ab0c2f742de1616890deb0d9ac6da77329,saved_training_manifest; 12 representative files fully checked in P3a; remaining full-file hashes not recalculated in P3b,False
jiim_ext_mura_split_08_seed_52_resnet50_A,mura,resnet50,shared,4,research-lab/experiments/registered-workflow/extensions/jiim_2026_major_revision/runs/jiim_ext_mura_split_08_seed_52_resnet50_A/checkpoints/best_validation_loss.pt,True,94370470,8089a216194868f83be2903230e7ccd80a8f8e1ce6f1b956c82b99898dbb7f2b,saved_training_manifest; 12 representative files fully checked in P3a; remaining full-file hashes not recalculated in P3b,False
jiim_ext_mura_split_08_seed_62_resnet50_A,mura,resnet50,shared,5,research-lab/experiments/registered-workflow/extensions/jiim_2026_major_revision/runs/jiim_ext_mura_split_08_seed_62_resnet50_A/checkpoints/best_validation_loss.pt,True,94370470,9fd93e80b4fdfb7971aa3e7a3dc49cce4dbf542736351297cbb010dfadce88bb,saved_training_manifest; 12 representative files fully checked in P3a; remaining full-file hashes not recalculated in P3b,False
jiim_ext_mura_split_08_seed_42_densenet121_A,mura,densenet121,shared,5,research-lab/experiments/registered-workflow/extensions/jiim_2026_major_revision/runs/jiim_ext_mura_split_08_seed_42_densenet121_A/checkpoints/best_validation_loss.pt,True,28437859,cdb12eea7571e78d27af80eb1e9109ef03f8376dde36b5820067e9faa2ef9f74,saved_training_manifest; 12 representative files fully checked in P3a; remaining full-file hashes not recalculated in P3b,False
jiim_ext_mura_split_08_seed_52_densenet121_A,mura,densenet121,shared,4,research-lab/experiments/registered-workflow/extensions/jiim_2026_major_revision/runs/jiim_ext_mura_split_08_seed_52_densenet121_A/checkpoints/best_validation_loss.pt,True,28437859,daf6700b87b4de5ebfd22c794f20bfd0dcd220a01058f40f3cfa7dfdad6a196b,saved_training_manifest; 12 representative files fully checked in P3a; remaining full-file hashes not recalculated in P3b,False
jiim_ext_mura_split_08_seed_62_densenet121_A,mura,densenet121,shared,4,research-lab/experiments/registered-workflow/extensions/jiim_2026_major_revision/runs/jiim_ext_mura_split_08_seed_62_densenet121_A/checkpoints/best_validation_loss.pt,True,28437859,9d862e3890a3da2fbc14d326f70165ae72f2d22ad46fd6ed69ffc89779d19a6f,saved_training_manifest; 12 representative files fully checked in P3a; remaining full-file hashes not recalculated in P3b,False
jiim_ext_mura_split_08_seed_42_efficientnet_b0_A,mura,efficientnet_b0,shared,27,research-lab/experiments/registered-workflow/extensions/jiim_2026_major_revision/runs/jiim_ext_mura_split_08_seed_42_efficientnet_b0_A/checkpoints/best_validation_loss.pt,True,16343326,044d34d392a7fd915465710d023ed94872b51f31fef85da432f98b4fcd648f0f,saved_training_manifest; 12 representative files fully checked in P3a; remaining full-file hashes not recalculated in P3b,False
jiim_ext_mura_split_08_seed_52_efficientnet_b0_A,mura,efficientnet_b0,shared,19,research-lab/experiments/registered-workflow/extensions/jiim_2026_major_revision/runs/jiim_ext_mura_split_08_seed_52_efficientnet_b0_A/checkpoints/best_validation_loss.pt,True,16343326,3adf01f6fa7577078501eb0c43fc4dd3a42f80aa1c65fee5566bfb7982bbc81c,saved_training_manifest; 12 representative files fully checked in P3a; remaining full-file hashes not recalculated in P3b,False
jiim_ext_mura_split_08_seed_62_efficientnet_b0_A,mura,efficientnet_b0,shared,31,research-lab/experiments/registered-workflow/extensions/jiim_2026_major_revision/runs/jiim_ext_mura_split_08_seed_62_efficientnet_b0_A/checkpoints/best_validation_loss.pt,True,16343326,db77f6da7cc6b851c3f9691b174ca6620a350e42d1e4a0502e0e7cb375ec7ba3,saved_training_manifest; 12 representative files fully checked in P3a; remaining full-file hashes not recalculated in P3b,False
jiim_ext_mura_split_09_seed_42_resnet18_A,mura,resnet18,shared,4,research-lab/experiments/registered-workflow/extensions/jiim_2026_major_revision/runs/jiim_ext_mura_split_09_seed_42_resnet18_A/checkpoints/best_validation_loss.pt,True,44790756,ef984e784e7cc56f362aaac8dea40c2270d87f58dfe93f693cf970613b634d5b,saved_training_manifest; 12 representative files fully checked in P3a; remaining full-file hashes not recalculated in P3b,False
jiim_ext_mura_split_09_seed_52_resnet18_A,mura,resnet18,shared,2,research-lab/experiments/registered-workflow/extensions/jiim_2026_major_revision/runs/jiim_ext_mura_split_09_seed_52_resnet18_A/checkpoints/best_validation_loss.pt,True,44790756,2579b15a9b0c3389472046a1a838503ef3dacd572ff27767d3f391083dc04157,saved_training_manifest; 12 representative files fully checked in P3a; remaining full-file hashes not recalculated in P3b,False
jiim_ext_mura_split_09_seed_62_resnet18_A,mura,resnet18,shared,5,research-lab/experiments/registered-workflow/extensions/jiim_2026_major_revision/runs/jiim_ext_mura_split_09_seed_62_resnet18_A/checkpoints/best_validation_loss.pt,True,44790756,f91bf8ec5386b915fc45d8f605d3dfdbd791660e1cf5de6a69881101d26fb438,saved_training_manifest; 12 representative files fully checked in P3a; remaining full-file hashes not recalculated in P3b,False
jiim_ext_mura_split_09_seed_42_resnet50_A,mura,resnet50,shared,4,research-lab/experiments/registered-workflow/extensions/jiim_2026_major_revision/runs/jiim_ext_mura_split_09_seed_42_resnet50_A/checkpoints/best_validation_loss.pt,True,94370470,b1d312eedf47215886d1ed9fd5d867d63e2160a3cdcea544720ed8a19a1040af,saved_training_manifest; 12 representative files fully checked in P3a; remaining full-file hashes not recalculated in P3b,False
jiim_ext_mura_split_09_seed_52_resnet50_A,mura,resnet50,shared,4,research-lab/experiments/registered-workflow/extensions/jiim_2026_major_revision/runs/jiim_ext_mura_split_09_seed_52_resnet50_A/checkpoints/best_validation_loss.pt,True,94370470,6d832b49d8ea30d8fe2de51782e112fa26ec0066c5ea4142281a9a0f331fdbc9,saved_training_manifest; 12 representative files fully checked in P3a; remaining full-file hashes not recalculated in P3b,False
jiim_ext_mura_split_09_seed_62_resnet50_A,mura,resnet50,shared,3,research-lab/experiments/registered-workflow/extensions/jiim_2026_major_revision/runs/jiim_ext_mura_split_09_seed_62_resnet50_A/checkpoints/best_validation_loss.pt,True,94370470,c1b52c4a6e7af48a3a1d8d37cd4fc4677d2fd1bbcf3c997d61360706b90c4fb7,saved_training_manifest; 12 representative files fully checked in P3a; remaining full-file hashes not recalculated in P3b,False
jiim_ext_mura_split_09_seed_42_densenet121_A,mura,densenet121,shared,7,research-lab/experiments/registered-workflow/extensions/jiim_2026_major_revision/runs/jiim_ext_mura_split_09_seed_42_densenet121_A/checkpoints/best_validation_loss.pt,True,28437859,39decdab1f5090702a47bfc1eeaf3e94b5612f362192152866b0a4f2ea022ba8,saved_training_manifest; 12 representative files fully checked in P3a; remaining full-file hashes not recalculated in P3b,False
jiim_ext_mura_split_09_seed_52_densenet121_A,mura,densenet121,shared,4,research-lab/experiments/registered-workflow/extensions/jiim_2026_major_revision/runs/jiim_ext_mura_split_09_seed_52_densenet121_A/checkpoints/best_validation_loss.pt,True,28437859,f30c4ca61627c88fbbedb4092d334b5334d072ce43c6406898d5d8731a8165ce,saved_training_manifest; 12 representative files fully checked in P3a; remaining full-file hashes not recalculated in P3b,False
jiim_ext_mura_split_09_seed_62_densenet121_A,mura,densenet121,shared,5,research-lab/experiments/registered-workflow/extensions/jiim_2026_major_revision/runs/jiim_ext_mura_split_09_seed_62_densenet121_A/checkpoints/best_validation_loss.pt,True,28437859,8c7e732dfacea43c77aa29a1e64e8aa3f0b21703041eb0c254b023ebbf6994ae,saved_training_manifest; 12 representative files fully checked in P3a; remaining full-file hashes not recalculated in P3b,False
jiim_ext_mura_split_09_seed_42_efficientnet_b0_A,mura,efficientnet_b0,shared,27,research-lab/experiments/registered-workflow/extensions/jiim_2026_major_revision/runs/jiim_ext_mura_split_09_seed_42_efficientnet_b0_A/checkpoints/best_validation_loss.pt,True,16343326,1f5471626175b513368b3c7b031ad3e95f904c3663d80de84ae8ee7486410b50,saved_training_manifest; 12 representative files fully checked in P3a; remaining full-file hashes not recalculated in P3b,False
jiim_ext_mura_split_09_seed_52_efficientnet_b0_A,mura,efficientnet_b0,shared,17,research-lab/experiments/registered-workflow/extensions/jiim_2026_major_revision/runs/jiim_ext_mura_split_09_seed_52_efficientnet_b0_A/checkpoints/best_validation_loss.pt,True,16343326,ede2b76ec09a2238c1f775c3c45a5d51843b88921b28260ede631ca83213d775,saved_training_manifest; 12 representative files fully checked in P3a; remaining full-file hashes not recalculated in P3b,False
jiim_ext_mura_split_09_seed_62_efficientnet_b0_A,mura,efficientnet_b0,shared,24,research-lab/experiments/registered-workflow/extensions/jiim_2026_major_revision/runs/jiim_ext_mura_split_09_seed_62_efficientnet_b0_A/checkpoints/best_validation_loss.pt,True,16343326,c5ee693a62732dcef9485cd4dfa5aaac64495aed2d90eba5a622469fa7ff2e08,saved_training_manifest; 12 representative files fully checked in P3a; remaining full-file hashes not recalculated in P3b,False
jiim_ext_mura_split_10_seed_42_resnet18_A,mura,resnet18,shared,2,research-lab/experiments/registered-workflow/extensions/jiim_2026_major_revision/runs/jiim_ext_mura_split_10_seed_42_resnet18_A/checkpoints/best_validation_loss.pt,True,44790756,3d1bf28634923b65f3d7f85aa5265fa395b5a29fb4a20eb66dfede6bc84a63a3,saved_training_manifest; 12 representative files fully checked in P3a; remaining full-file hashes not recalculated in P3b,False
jiim_ext_mura_split_10_seed_52_resnet18_A,mura,resnet18,shared,3,research-lab/experiments/registered-workflow/extensions/jiim_2026_major_revision/runs/jiim_ext_mura_split_10_seed_52_resnet18_A/checkpoints/best_validation_loss.pt,True,44790756,bd98d421463864bc6493190f79f45cf6b7c5fd8e1d7098b5b14af7da8c865d9b,saved_training_manifest; 12 representative files fully checked in P3a; remaining full-file hashes not recalculated in P3b,False
jiim_ext_mura_split_10_seed_62_resnet18_A,mura,resnet18,shared,4,research-lab/experiments/registered-workflow/extensions/jiim_2026_major_revision/runs/jiim_ext_mura_split_10_seed_62_resnet18_A/checkpoints/best_validation_loss.pt,True,44790756,c6327d1be048a323c69cd41f22d2456a998b8c254ba01802208ea17fe4f98d39,saved_training_manifest; 12 representative files fully checked in P3a; remaining full-file hashes not recalculated in P3b,False
jiim_ext_mura_split_10_seed_42_resnet50_A,mura,resnet50,shared,6,research-lab/experiments/registered-workflow/extensions/jiim_2026_major_revision/runs/jiim_ext_mura_split_10_seed_42_resnet50_A/checkpoints/best_validation_loss.pt,True,94370470,7a05bd862164607f15b3e3cf5928cc2df6dba1fdf1faaa85aa2be850c2f19264,saved_training_manifest; 12 representative files fully checked in P3a; remaining full-file hashes not recalculated in P3b,False
jiim_ext_mura_split_10_seed_52_resnet50_A,mura,resnet50,shared,5,research-lab/experiments/registered-workflow/extensions/jiim_2026_major_revision/runs/jiim_ext_mura_split_10_seed_52_resnet50_A/checkpoints/best_validation_loss.pt,True,94370470,4bcab0eb1bf9d615db6eb455a83e286295e4abace5ba97a60e83baf07a1c08d0,saved_training_manifest; 12 representative files fully checked in P3a; remaining full-file hashes not recalculated in P3b,False
jiim_ext_mura_split_10_seed_62_resnet50_A,mura,resnet50,shared,4,research-lab/experiments/registered-workflow/extensions/jiim_2026_major_revision/runs/jiim_ext_mura_split_10_seed_62_resnet50_A/checkpoints/best_validation_loss.pt,True,94370470,10f4fc62d9272a76fe082d242e560b13f91c61e60205c4f7a40bd586da58d1e8,saved_training_manifest; 12 representative files fully checked in P3a; remaining full-file hashes not recalculated in P3b,False
jiim_ext_mura_split_10_seed_42_densenet121_A,mura,densenet121,shared,7,research-lab/experiments/registered-workflow/extensions/jiim_2026_major_revision/runs/jiim_ext_mura_split_10_seed_42_densenet121_A/checkpoints/best_validation_loss.pt,True,28437859,d84cbe140897f125074f51077820b5dc6df4e7fcf83cb602e91ffb40bff6f4aa,saved_training_manifest; 12 representative files fully checked in P3a; remaining full-file hashes not recalculated in P3b,False
jiim_ext_mura_split_10_seed_52_densenet121_A,mura,densenet121,shared,4,research-lab/experiments/registered-workflow/extensions/jiim_2026_major_revision/runs/jiim_ext_mura_split_10_seed_52_densenet121_A/checkpoints/best_validation_loss.pt,True,28437859,a4eefcc9cea11d709a8d041e319f3a9dcd99a28e3b4b8296a5246bd2fc8455b1,saved_training_manifest; 12 representative files fully checked in P3a; remaining full-file hashes not recalculated in P3b,False
jiim_ext_mura_split_10_seed_62_densenet121_A,mura,densenet121,shared,7,research-lab/experiments/registered-workflow/extensions/jiim_2026_major_revision/runs/jiim_ext_mura_split_10_seed_62_densenet121_A/checkpoints/best_validation_loss.pt,True,28437859,299a4ffb09408643d13de569c9a6245cded88025fc306e41587fce53e1e67080,saved_training_manifest; 12 representative files fully checked in P3a; remaining full-file hashes not recalculated in P3b,False
jiim_ext_mura_split_10_seed_42_efficientnet_b0_A,mura,efficientnet_b0,shared,28,research-lab/experiments/registered-workflow/extensions/jiim_2026_major_revision/runs/jiim_ext_mura_split_10_seed_42_efficientnet_b0_A/checkpoints/best_validation_loss.pt,True,16343326,f57b5e5e535a84d004d4370826250270478239a1c5a7695fe24d7d2a5d98e22f,saved_training_manifest; 12 representative files fully checked in P3a; remaining full-file hashes not recalculated in P3b,False
jiim_ext_mura_split_10_seed_52_efficientnet_b0_A,mura,efficientnet_b0,shared,38,research-lab/experiments/registered-workflow/extensions/jiim_2026_major_revision/runs/jiim_ext_mura_split_10_seed_52_efficientnet_b0_A/checkpoints/best_validation_loss.pt,True,16343326,05154cbbb105f294ce9904495ff30e5dd383fc481341fef47728ce57406e6fa9,saved_training_manifest; 12 representative files fully checked in P3a; remaining full-file hashes not recalculated in P3b,False
jiim_ext_mura_split_10_seed_62_efficientnet_b0_A,mura,efficientnet_b0,shared,27,research-lab/experiments/registered-workflow/extensions/jiim_2026_major_revision/runs/jiim_ext_mura_split_10_seed_62_efficientnet_b0_A/checkpoints/best_validation_loss.pt,True,16343326,b813f8e0135c6f66e11513f80cb4da51bb2a0907f1e18792c63595566534dbfe,saved_training_manifest; 12 representative files fully checked in P3a; remaining full-file hashes not recalculated in P3b,False
