run_id,dataset,split_id,split_seed,training_seed,model,checkpoint_policy,config_hash,split_hash,output_dir,status,analysis_role
run_0001,sipakmed,split_01,1001,42,resnet18,A,5e203de9913a10ae47f75aab7d778e21e9a142a0699f4a4a6c374b725d67c1ae,b60e4b883ce818e8035c976b18eb7a39bc4697eca98f6b8c885322c1912120da,research-lab/experiments/registered-workflow/runs/primary/run_0001,pending,primary_analysis
run_0002,sipakmed,split_01,1001,42,resnet18,B,5e203de9913a10ae47f75aab7d778e21e9a142a0699f4a4a6c374b725d67c1ae,b60e4b883ce818e8035c976b18eb7a39bc4697eca98f6b8c885322c1912120da,research-lab/experiments/registered-workflow/runs/primary/run_0002,pending,primary_analysis
run_0003,sipakmed,split_01,1001,42,resnet50,A,5e203de9913a10ae47f75aab7d778e21e9a142a0699f4a4a6c374b725d67c1ae,b60e4b883ce818e8035c976b18eb7a39bc4697eca98f6b8c885322c1912120da,research-lab/experiments/registered-workflow/runs/primary/run_0003,pending,primary_analysis
run_0004,sipakmed,split_01,1001,42,resnet50,B,5e203de9913a10ae47f75aab7d778e21e9a142a0699f4a4a6c374b725d67c1ae,b60e4b883ce818e8035c976b18eb7a39bc4697eca98f6b8c885322c1912120da,research-lab/experiments/registered-workflow/runs/primary/run_0004,pending,primary_analysis
run_0005,sipakmed,split_01,1001,42,densenet121,A,5e203de9913a10ae47f75aab7d778e21e9a142a0699f4a4a6c374b725d67c1ae,b60e4b883ce818e8035c976b18eb7a39bc4697eca98f6b8c885322c1912120da,research-lab/experiments/registered-workflow/runs/primary/run_0005,pending,primary_analysis
run_0006,sipakmed,split_01,1001,42,densenet121,B,5e203de9913a10ae47f75aab7d778e21e9a142a0699f4a4a6c374b725d67c1ae,b60e4b883ce818e8035c976b18eb7a39bc4697eca98f6b8c885322c1912120da,research-lab/experiments/registered-workflow/runs/primary/run_0006,pending,primary_analysis
run_0007,sipakmed,split_01,1001,42,efficientnet_b0,A,5e203de9913a10ae47f75aab7d778e21e9a142a0699f4a4a6c374b725d67c1ae,b60e4b883ce818e8035c976b18eb7a39bc4697eca98f6b8c885322c1912120da,research-lab/experiments/registered-workflow/runs/primary/run_0007,pending,primary_analysis
run_0008,sipakmed,split_01,1001,42,efficientnet_b0,B,5e203de9913a10ae47f75aab7d778e21e9a142a0699f4a4a6c374b725d67c1ae,b60e4b883ce818e8035c976b18eb7a39bc4697eca98f6b8c885322c1912120da,research-lab/experiments/registered-workflow/runs/primary/run_0008,pending,primary_analysis
run_0009,sipakmed,split_01,1001,52,resnet18,A,5e203de9913a10ae47f75aab7d778e21e9a142a0699f4a4a6c374b725d67c1ae,b60e4b883ce818e8035c976b18eb7a39bc4697eca98f6b8c885322c1912120da,research-lab/experiments/registered-workflow/runs/primary/run_0009,pending,primary_analysis
run_0010,sipakmed,split_01,1001,52,resnet18,B,5e203de9913a10ae47f75aab7d778e21e9a142a0699f4a4a6c374b725d67c1ae,b60e4b883ce818e8035c976b18eb7a39bc4697eca98f6b8c885322c1912120da,research-lab/experiments/registered-workflow/runs/primary/run_0010,pending,primary_analysis
run_0011,sipakmed,split_01,1001,52,resnet50,A,5e203de9913a10ae47f75aab7d778e21e9a142a0699f4a4a6c374b725d67c1ae,b60e4b883ce818e8035c976b18eb7a39bc4697eca98f6b8c885322c1912120da,research-lab/experiments/registered-workflow/runs/primary/run_0011,pending,primary_analysis
run_0012,sipakmed,split_01,1001,52,resnet50,B,5e203de9913a10ae47f75aab7d778e21e9a142a0699f4a4a6c374b725d67c1ae,b60e4b883ce818e8035c976b18eb7a39bc4697eca98f6b8c885322c1912120da,research-lab/experiments/registered-workflow/runs/primary/run_0012,pending,primary_analysis
run_0013,sipakmed,split_01,1001,52,densenet121,A,5e203de9913a10ae47f75aab7d778e21e9a142a0699f4a4a6c374b725d67c1ae,b60e4b883ce818e8035c976b18eb7a39bc4697eca98f6b8c885322c1912120da,research-lab/experiments/registered-workflow/runs/primary/run_0013,pending,primary_analysis
run_0014,sipakmed,split_01,1001,52,densenet121,B,5e203de9913a10ae47f75aab7d778e21e9a142a0699f4a4a6c374b725d67c1ae,b60e4b883ce818e8035c976b18eb7a39bc4697eca98f6b8c885322c1912120da,research-lab/experiments/registered-workflow/runs/primary/run_0014,pending,primary_analysis
run_0015,sipakmed,split_01,1001,52,efficientnet_b0,A,5e203de9913a10ae47f75aab7d778e21e9a142a0699f4a4a6c374b725d67c1ae,b60e4b883ce818e8035c976b18eb7a39bc4697eca98f6b8c885322c1912120da,research-lab/experiments/registered-workflow/runs/primary/run_0015,pending,primary_analysis
run_0016,sipakmed,split_01,1001,52,efficientnet_b0,B,5e203de9913a10ae47f75aab7d778e21e9a142a0699f4a4a6c374b725d67c1ae,b60e4b883ce818e8035c976b18eb7a39bc4697eca98f6b8c885322c1912120da,research-lab/experiments/registered-workflow/runs/primary/run_0016,pending,primary_analysis
run_0017,sipakmed,split_01,1001,62,resnet18,A,5e203de9913a10ae47f75aab7d778e21e9a142a0699f4a4a6c374b725d67c1ae,b60e4b883ce818e8035c976b18eb7a39bc4697eca98f6b8c885322c1912120da,research-lab/experiments/registered-workflow/runs/primary/run_0017,pending,primary_analysis
run_0018,sipakmed,split_01,1001,62,resnet18,B,5e203de9913a10ae47f75aab7d778e21e9a142a0699f4a4a6c374b725d67c1ae,b60e4b883ce818e8035c976b18eb7a39bc4697eca98f6b8c885322c1912120da,research-lab/experiments/registered-workflow/runs/primary/run_0018,pending,primary_analysis
run_0019,sipakmed,split_01,1001,62,resnet50,A,5e203de9913a10ae47f75aab7d778e21e9a142a0699f4a4a6c374b725d67c1ae,b60e4b883ce818e8035c976b18eb7a39bc4697eca98f6b8c885322c1912120da,research-lab/experiments/registered-workflow/runs/primary/run_0019,pending,primary_analysis
run_0020,sipakmed,split_01,1001,62,resnet50,B,5e203de9913a10ae47f75aab7d778e21e9a142a0699f4a4a6c374b725d67c1ae,b60e4b883ce818e8035c976b18eb7a39bc4697eca98f6b8c885322c1912120da,research-lab/experiments/registered-workflow/runs/primary/run_0020,pending,primary_analysis
run_0021,sipakmed,split_01,1001,62,densenet121,A,5e203de9913a10ae47f75aab7d778e21e9a142a0699f4a4a6c374b725d67c1ae,b60e4b883ce818e8035c976b18eb7a39bc4697eca98f6b8c885322c1912120da,research-lab/experiments/registered-workflow/runs/primary/run_0021,pending,primary_analysis
run_0022,sipakmed,split_01,1001,62,densenet121,B,5e203de9913a10ae47f75aab7d778e21e9a142a0699f4a4a6c374b725d67c1ae,b60e4b883ce818e8035c976b18eb7a39bc4697eca98f6b8c885322c1912120da,research-lab/experiments/registered-workflow/runs/primary/run_0022,pending,primary_analysis
run_0023,sipakmed,split_01,1001,62,efficientnet_b0,A,5e203de9913a10ae47f75aab7d778e21e9a142a0699f4a4a6c374b725d67c1ae,b60e4b883ce818e8035c976b18eb7a39bc4697eca98f6b8c885322c1912120da,research-lab/experiments/registered-workflow/runs/primary/run_0023,pending,primary_analysis
run_0024,sipakmed,split_01,1001,62,efficientnet_b0,B,5e203de9913a10ae47f75aab7d778e21e9a142a0699f4a4a6c374b725d67c1ae,b60e4b883ce818e8035c976b18eb7a39bc4697eca98f6b8c885322c1912120da,research-lab/experiments/registered-workflow/runs/primary/run_0024,pending,primary_analysis
run_0025,sipakmed,split_01,1001,72,resnet18,A,5e203de9913a10ae47f75aab7d778e21e9a142a0699f4a4a6c374b725d67c1ae,b60e4b883ce818e8035c976b18eb7a39bc4697eca98f6b8c885322c1912120da,research-lab/experiments/registered-workflow/runs/primary/run_0025,pending,primary_analysis
run_0026,sipakmed,split_01,1001,72,resnet18,B,5e203de9913a10ae47f75aab7d778e21e9a142a0699f4a4a6c374b725d67c1ae,b60e4b883ce818e8035c976b18eb7a39bc4697eca98f6b8c885322c1912120da,research-lab/experiments/registered-workflow/runs/primary/run_0026,pending,primary_analysis
run_0027,sipakmed,split_01,1001,72,resnet50,A,5e203de9913a10ae47f75aab7d778e21e9a142a0699f4a4a6c374b725d67c1ae,b60e4b883ce818e8035c976b18eb7a39bc4697eca98f6b8c885322c1912120da,research-lab/experiments/registered-workflow/runs/primary/run_0027,pending,primary_analysis
run_0028,sipakmed,split_01,1001,72,resnet50,B,5e203de9913a10ae47f75aab7d778e21e9a142a0699f4a4a6c374b725d67c1ae,b60e4b883ce818e8035c976b18eb7a39bc4697eca98f6b8c885322c1912120da,research-lab/experiments/registered-workflow/runs/primary/run_0028,pending,primary_analysis
run_0029,sipakmed,split_01,1001,72,densenet121,A,5e203de9913a10ae47f75aab7d778e21e9a142a0699f4a4a6c374b725d67c1ae,b60e4b883ce818e8035c976b18eb7a39bc4697eca98f6b8c885322c1912120da,research-lab/experiments/registered-workflow/runs/primary/run_0029,pending,primary_analysis
run_0030,sipakmed,split_01,1001,72,densenet121,B,5e203de9913a10ae47f75aab7d778e21e9a142a0699f4a4a6c374b725d67c1ae,b60e4b883ce818e8035c976b18eb7a39bc4697eca98f6b8c885322c1912120da,research-lab/experiments/registered-workflow/runs/primary/run_0030,pending,primary_analysis
run_0031,sipakmed,split_01,1001,72,efficientnet_b0,A,5e203de9913a10ae47f75aab7d778e21e9a142a0699f4a4a6c374b725d67c1ae,b60e4b883ce818e8035c976b18eb7a39bc4697eca98f6b8c885322c1912120da,research-lab/experiments/registered-workflow/runs/primary/run_0031,pending,primary_analysis
run_0032,sipakmed,split_01,1001,72,efficientnet_b0,B,5e203de9913a10ae47f75aab7d778e21e9a142a0699f4a4a6c374b725d67c1ae,b60e4b883ce818e8035c976b18eb7a39bc4697eca98f6b8c885322c1912120da,research-lab/experiments/registered-workflow/runs/primary/run_0032,pending,primary_analysis
run_0033,sipakmed,split_01,1001,82,resnet18,A,5e203de9913a10ae47f75aab7d778e21e9a142a0699f4a4a6c374b725d67c1ae,b60e4b883ce818e8035c976b18eb7a39bc4697eca98f6b8c885322c1912120da,research-lab/experiments/registered-workflow/runs/primary/run_0033,pending,primary_analysis
run_0034,sipakmed,split_01,1001,82,resnet18,B,5e203de9913a10ae47f75aab7d778e21e9a142a0699f4a4a6c374b725d67c1ae,b60e4b883ce818e8035c976b18eb7a39bc4697eca98f6b8c885322c1912120da,research-lab/experiments/registered-workflow/runs/primary/run_0034,pending,primary_analysis
run_0035,sipakmed,split_01,1001,82,resnet50,A,5e203de9913a10ae47f75aab7d778e21e9a142a0699f4a4a6c374b725d67c1ae,b60e4b883ce818e8035c976b18eb7a39bc4697eca98f6b8c885322c1912120da,research-lab/experiments/registered-workflow/runs/primary/run_0035,pending,primary_analysis
run_0036,sipakmed,split_01,1001,82,resnet50,B,5e203de9913a10ae47f75aab7d778e21e9a142a0699f4a4a6c374b725d67c1ae,b60e4b883ce818e8035c976b18eb7a39bc4697eca98f6b8c885322c1912120da,research-lab/experiments/registered-workflow/runs/primary/run_0036,pending,primary_analysis
run_0037,sipakmed,split_01,1001,82,densenet121,A,5e203de9913a10ae47f75aab7d778e21e9a142a0699f4a4a6c374b725d67c1ae,b60e4b883ce818e8035c976b18eb7a39bc4697eca98f6b8c885322c1912120da,research-lab/experiments/registered-workflow/runs/primary/run_0037,pending,primary_analysis
run_0038,sipakmed,split_01,1001,82,densenet121,B,5e203de9913a10ae47f75aab7d778e21e9a142a0699f4a4a6c374b725d67c1ae,b60e4b883ce818e8035c976b18eb7a39bc4697eca98f6b8c885322c1912120da,research-lab/experiments/registered-workflow/runs/primary/run_0038,pending,primary_analysis
run_0039,sipakmed,split_01,1001,82,efficientnet_b0,A,5e203de9913a10ae47f75aab7d778e21e9a142a0699f4a4a6c374b725d67c1ae,b60e4b883ce818e8035c976b18eb7a39bc4697eca98f6b8c885322c1912120da,research-lab/experiments/registered-workflow/runs/primary/run_0039,pending,primary_analysis
run_0040,sipakmed,split_01,1001,82,efficientnet_b0,B,5e203de9913a10ae47f75aab7d778e21e9a142a0699f4a4a6c374b725d67c1ae,b60e4b883ce818e8035c976b18eb7a39bc4697eca98f6b8c885322c1912120da,research-lab/experiments/registered-workflow/runs/primary/run_0040,pending,primary_analysis
run_0041,sipakmed,split_02,1002,42,resnet18,A,5e203de9913a10ae47f75aab7d778e21e9a142a0699f4a4a6c374b725d67c1ae,c7cdebd9ca3573584f75bb37e740e028efa50549eca00308df18d1cf3d9b446b,research-lab/experiments/registered-workflow/runs/primary/run_0041,pending,primary_analysis
run_0042,sipakmed,split_02,1002,42,resnet18,B,5e203de9913a10ae47f75aab7d778e21e9a142a0699f4a4a6c374b725d67c1ae,c7cdebd9ca3573584f75bb37e740e028efa50549eca00308df18d1cf3d9b446b,research-lab/experiments/registered-workflow/runs/primary/run_0042,pending,primary_analysis
run_0043,sipakmed,split_02,1002,42,resnet50,A,5e203de9913a10ae47f75aab7d778e21e9a142a0699f4a4a6c374b725d67c1ae,c7cdebd9ca3573584f75bb37e740e028efa50549eca00308df18d1cf3d9b446b,research-lab/experiments/registered-workflow/runs/primary/run_0043,pending,primary_analysis
run_0044,sipakmed,split_02,1002,42,resnet50,B,5e203de9913a10ae47f75aab7d778e21e9a142a0699f4a4a6c374b725d67c1ae,c7cdebd9ca3573584f75bb37e740e028efa50549eca00308df18d1cf3d9b446b,research-lab/experiments/registered-workflow/runs/primary/run_0044,pending,primary_analysis
run_0045,sipakmed,split_02,1002,42,densenet121,A,5e203de9913a10ae47f75aab7d778e21e9a142a0699f4a4a6c374b725d67c1ae,c7cdebd9ca3573584f75bb37e740e028efa50549eca00308df18d1cf3d9b446b,research-lab/experiments/registered-workflow/runs/primary/run_0045,pending,primary_analysis
run_0046,sipakmed,split_02,1002,42,densenet121,B,5e203de9913a10ae47f75aab7d778e21e9a142a0699f4a4a6c374b725d67c1ae,c7cdebd9ca3573584f75bb37e740e028efa50549eca00308df18d1cf3d9b446b,research-lab/experiments/registered-workflow/runs/primary/run_0046,pending,primary_analysis
run_0047,sipakmed,split_02,1002,42,efficientnet_b0,A,5e203de9913a10ae47f75aab7d778e21e9a142a0699f4a4a6c374b725d67c1ae,c7cdebd9ca3573584f75bb37e740e028efa50549eca00308df18d1cf3d9b446b,research-lab/experiments/registered-workflow/runs/primary/run_0047,pending,primary_analysis
run_0048,sipakmed,split_02,1002,42,efficientnet_b0,B,5e203de9913a10ae47f75aab7d778e21e9a142a0699f4a4a6c374b725d67c1ae,c7cdebd9ca3573584f75bb37e740e028efa50549eca00308df18d1cf3d9b446b,research-lab/experiments/registered-workflow/runs/primary/run_0048,pending,primary_analysis
run_0049,sipakmed,split_02,1002,52,resnet18,A,5e203de9913a10ae47f75aab7d778e21e9a142a0699f4a4a6c374b725d67c1ae,c7cdebd9ca3573584f75bb37e740e028efa50549eca00308df18d1cf3d9b446b,research-lab/experiments/registered-workflow/runs/primary/run_0049,pending,primary_analysis
run_0050,sipakmed,split_02,1002,52,resnet18,B,5e203de9913a10ae47f75aab7d778e21e9a142a0699f4a4a6c374b725d67c1ae,c7cdebd9ca3573584f75bb37e740e028efa50549eca00308df18d1cf3d9b446b,research-lab/experiments/registered-workflow/runs/primary/run_0050,pending,primary_analysis
run_0051,sipakmed,split_02,1002,52,resnet50,A,5e203de9913a10ae47f75aab7d778e21e9a142a0699f4a4a6c374b725d67c1ae,c7cdebd9ca3573584f75bb37e740e028efa50549eca00308df18d1cf3d9b446b,research-lab/experiments/registered-workflow/runs/primary/run_0051,pending,primary_analysis
run_0052,sipakmed,split_02,1002,52,resnet50,B,5e203de9913a10ae47f75aab7d778e21e9a142a0699f4a4a6c374b725d67c1ae,c7cdebd9ca3573584f75bb37e740e028efa50549eca00308df18d1cf3d9b446b,research-lab/experiments/registered-workflow/runs/primary/run_0052,pending,primary_analysis
run_0053,sipakmed,split_02,1002,52,densenet121,A,5e203de9913a10ae47f75aab7d778e21e9a142a0699f4a4a6c374b725d67c1ae,c7cdebd9ca3573584f75bb37e740e028efa50549eca00308df18d1cf3d9b446b,research-lab/experiments/registered-workflow/runs/primary/run_0053,pending,primary_analysis
run_0054,sipakmed,split_02,1002,52,densenet121,B,5e203de9913a10ae47f75aab7d778e21e9a142a0699f4a4a6c374b725d67c1ae,c7cdebd9ca3573584f75bb37e740e028efa50549eca00308df18d1cf3d9b446b,research-lab/experiments/registered-workflow/runs/primary/run_0054,pending,primary_analysis
run_0055,sipakmed,split_02,1002,52,efficientnet_b0,A,5e203de9913a10ae47f75aab7d778e21e9a142a0699f4a4a6c374b725d67c1ae,c7cdebd9ca3573584f75bb37e740e028efa50549eca00308df18d1cf3d9b446b,research-lab/experiments/registered-workflow/runs/primary/run_0055,pending,primary_analysis
run_0056,sipakmed,split_02,1002,52,efficientnet_b0,B,5e203de9913a10ae47f75aab7d778e21e9a142a0699f4a4a6c374b725d67c1ae,c7cdebd9ca3573584f75bb37e740e028efa50549eca00308df18d1cf3d9b446b,research-lab/experiments/registered-workflow/runs/primary/run_0056,pending,primary_analysis
run_0057,sipakmed,split_02,1002,62,resnet18,A,5e203de9913a10ae47f75aab7d778e21e9a142a0699f4a4a6c374b725d67c1ae,c7cdebd9ca3573584f75bb37e740e028efa50549eca00308df18d1cf3d9b446b,research-lab/experiments/registered-workflow/runs/primary/run_0057,pending,primary_analysis
run_0058,sipakmed,split_02,1002,62,resnet18,B,5e203de9913a10ae47f75aab7d778e21e9a142a0699f4a4a6c374b725d67c1ae,c7cdebd9ca3573584f75bb37e740e028efa50549eca00308df18d1cf3d9b446b,research-lab/experiments/registered-workflow/runs/primary/run_0058,pending,primary_analysis
run_0059,sipakmed,split_02,1002,62,resnet50,A,5e203de9913a10ae47f75aab7d778e21e9a142a0699f4a4a6c374b725d67c1ae,c7cdebd9ca3573584f75bb37e740e028efa50549eca00308df18d1cf3d9b446b,research-lab/experiments/registered-workflow/runs/primary/run_0059,pending,primary_analysis
run_0060,sipakmed,split_02,1002,62,resnet50,B,5e203de9913a10ae47f75aab7d778e21e9a142a0699f4a4a6c374b725d67c1ae,c7cdebd9ca3573584f75bb37e740e028efa50549eca00308df18d1cf3d9b446b,research-lab/experiments/registered-workflow/runs/primary/run_0060,pending,primary_analysis
run_0061,sipakmed,split_02,1002,62,densenet121,A,5e203de9913a10ae47f75aab7d778e21e9a142a0699f4a4a6c374b725d67c1ae,c7cdebd9ca3573584f75bb37e740e028efa50549eca00308df18d1cf3d9b446b,research-lab/experiments/registered-workflow/runs/primary/run_0061,pending,primary_analysis
run_0062,sipakmed,split_02,1002,62,densenet121,B,5e203de9913a10ae47f75aab7d778e21e9a142a0699f4a4a6c374b725d67c1ae,c7cdebd9ca3573584f75bb37e740e028efa50549eca00308df18d1cf3d9b446b,research-lab/experiments/registered-workflow/runs/primary/run_0062,pending,primary_analysis
run_0063,sipakmed,split_02,1002,62,efficientnet_b0,A,5e203de9913a10ae47f75aab7d778e21e9a142a0699f4a4a6c374b725d67c1ae,c7cdebd9ca3573584f75bb37e740e028efa50549eca00308df18d1cf3d9b446b,research-lab/experiments/registered-workflow/runs/primary/run_0063,pending,primary_analysis
run_0064,sipakmed,split_02,1002,62,efficientnet_b0,B,5e203de9913a10ae47f75aab7d778e21e9a142a0699f4a4a6c374b725d67c1ae,c7cdebd9ca3573584f75bb37e740e028efa50549eca00308df18d1cf3d9b446b,research-lab/experiments/registered-workflow/runs/primary/run_0064,pending,primary_analysis
run_0065,sipakmed,split_02,1002,72,resnet18,A,5e203de9913a10ae47f75aab7d778e21e9a142a0699f4a4a6c374b725d67c1ae,c7cdebd9ca3573584f75bb37e740e028efa50549eca00308df18d1cf3d9b446b,research-lab/experiments/registered-workflow/runs/primary/run_0065,pending,primary_analysis
run_0066,sipakmed,split_02,1002,72,resnet18,B,5e203de9913a10ae47f75aab7d778e21e9a142a0699f4a4a6c374b725d67c1ae,c7cdebd9ca3573584f75bb37e740e028efa50549eca00308df18d1cf3d9b446b,research-lab/experiments/registered-workflow/runs/primary/run_0066,pending,primary_analysis
run_0067,sipakmed,split_02,1002,72,resnet50,A,5e203de9913a10ae47f75aab7d778e21e9a142a0699f4a4a6c374b725d67c1ae,c7cdebd9ca3573584f75bb37e740e028efa50549eca00308df18d1cf3d9b446b,research-lab/experiments/registered-workflow/runs/primary/run_0067,pending,primary_analysis
run_0068,sipakmed,split_02,1002,72,resnet50,B,5e203de9913a10ae47f75aab7d778e21e9a142a0699f4a4a6c374b725d67c1ae,c7cdebd9ca3573584f75bb37e740e028efa50549eca00308df18d1cf3d9b446b,research-lab/experiments/registered-workflow/runs/primary/run_0068,pending,primary_analysis
run_0069,sipakmed,split_02,1002,72,densenet121,A,5e203de9913a10ae47f75aab7d778e21e9a142a0699f4a4a6c374b725d67c1ae,c7cdebd9ca3573584f75bb37e740e028efa50549eca00308df18d1cf3d9b446b,research-lab/experiments/registered-workflow/runs/primary/run_0069,pending,primary_analysis
run_0070,sipakmed,split_02,1002,72,densenet121,B,5e203de9913a10ae47f75aab7d778e21e9a142a0699f4a4a6c374b725d67c1ae,c7cdebd9ca3573584f75bb37e740e028efa50549eca00308df18d1cf3d9b446b,research-lab/experiments/registered-workflow/runs/primary/run_0070,pending,primary_analysis
run_0071,sipakmed,split_02,1002,72,efficientnet_b0,A,5e203de9913a10ae47f75aab7d778e21e9a142a0699f4a4a6c374b725d67c1ae,c7cdebd9ca3573584f75bb37e740e028efa50549eca00308df18d1cf3d9b446b,research-lab/experiments/registered-workflow/runs/primary/run_0071,pending,primary_analysis
run_0072,sipakmed,split_02,1002,72,efficientnet_b0,B,5e203de9913a10ae47f75aab7d778e21e9a142a0699f4a4a6c374b725d67c1ae,c7cdebd9ca3573584f75bb37e740e028efa50549eca00308df18d1cf3d9b446b,research-lab/experiments/registered-workflow/runs/primary/run_0072,pending,primary_analysis
run_0073,sipakmed,split_02,1002,82,resnet18,A,5e203de9913a10ae47f75aab7d778e21e9a142a0699f4a4a6c374b725d67c1ae,c7cdebd9ca3573584f75bb37e740e028efa50549eca00308df18d1cf3d9b446b,research-lab/experiments/registered-workflow/runs/primary/run_0073,pending,primary_analysis
run_0074,sipakmed,split_02,1002,82,resnet18,B,5e203de9913a10ae47f75aab7d778e21e9a142a0699f4a4a6c374b725d67c1ae,c7cdebd9ca3573584f75bb37e740e028efa50549eca00308df18d1cf3d9b446b,research-lab/experiments/registered-workflow/runs/primary/run_0074,pending,primary_analysis
run_0075,sipakmed,split_02,1002,82,resnet50,A,5e203de9913a10ae47f75aab7d778e21e9a142a0699f4a4a6c374b725d67c1ae,c7cdebd9ca3573584f75bb37e740e028efa50549eca00308df18d1cf3d9b446b,research-lab/experiments/registered-workflow/runs/primary/run_0075,pending,primary_analysis
run_0076,sipakmed,split_02,1002,82,resnet50,B,5e203de9913a10ae47f75aab7d778e21e9a142a0699f4a4a6c374b725d67c1ae,c7cdebd9ca3573584f75bb37e740e028efa50549eca00308df18d1cf3d9b446b,research-lab/experiments/registered-workflow/runs/primary/run_0076,pending,primary_analysis
run_0077,sipakmed,split_02,1002,82,densenet121,A,5e203de9913a10ae47f75aab7d778e21e9a142a0699f4a4a6c374b725d67c1ae,c7cdebd9ca3573584f75bb37e740e028efa50549eca00308df18d1cf3d9b446b,research-lab/experiments/registered-workflow/runs/primary/run_0077,pending,primary_analysis
run_0078,sipakmed,split_02,1002,82,densenet121,B,5e203de9913a10ae47f75aab7d778e21e9a142a0699f4a4a6c374b725d67c1ae,c7cdebd9ca3573584f75bb37e740e028efa50549eca00308df18d1cf3d9b446b,research-lab/experiments/registered-workflow/runs/primary/run_0078,pending,primary_analysis
run_0079,sipakmed,split_02,1002,82,efficientnet_b0,A,5e203de9913a10ae47f75aab7d778e21e9a142a0699f4a4a6c374b725d67c1ae,c7cdebd9ca3573584f75bb37e740e028efa50549eca00308df18d1cf3d9b446b,research-lab/experiments/registered-workflow/runs/primary/run_0079,pending,primary_analysis
run_0080,sipakmed,split_02,1002,82,efficientnet_b0,B,5e203de9913a10ae47f75aab7d778e21e9a142a0699f4a4a6c374b725d67c1ae,c7cdebd9ca3573584f75bb37e740e028efa50549eca00308df18d1cf3d9b446b,research-lab/experiments/registered-workflow/runs/primary/run_0080,pending,primary_analysis
run_0081,sipakmed,split_03,1003,42,resnet18,A,5e203de9913a10ae47f75aab7d778e21e9a142a0699f4a4a6c374b725d67c1ae,124d25065c446a92c033e4eeeb92bf02c1d9e0e56c8069be874a27fb64da085b,research-lab/experiments/registered-workflow/runs/primary/run_0081,pending,primary_analysis
run_0082,sipakmed,split_03,1003,42,resnet18,B,5e203de9913a10ae47f75aab7d778e21e9a142a0699f4a4a6c374b725d67c1ae,124d25065c446a92c033e4eeeb92bf02c1d9e0e56c8069be874a27fb64da085b,research-lab/experiments/registered-workflow/runs/primary/run_0082,pending,primary_analysis
run_0083,sipakmed,split_03,1003,42,resnet50,A,5e203de9913a10ae47f75aab7d778e21e9a142a0699f4a4a6c374b725d67c1ae,124d25065c446a92c033e4eeeb92bf02c1d9e0e56c8069be874a27fb64da085b,research-lab/experiments/registered-workflow/runs/primary/run_0083,pending,primary_analysis
run_0084,sipakmed,split_03,1003,42,resnet50,B,5e203de9913a10ae47f75aab7d778e21e9a142a0699f4a4a6c374b725d67c1ae,124d25065c446a92c033e4eeeb92bf02c1d9e0e56c8069be874a27fb64da085b,research-lab/experiments/registered-workflow/runs/primary/run_0084,pending,primary_analysis
run_0085,sipakmed,split_03,1003,42,densenet121,A,5e203de9913a10ae47f75aab7d778e21e9a142a0699f4a4a6c374b725d67c1ae,124d25065c446a92c033e4eeeb92bf02c1d9e0e56c8069be874a27fb64da085b,research-lab/experiments/registered-workflow/runs/primary/run_0085,pending,primary_analysis
run_0086,sipakmed,split_03,1003,42,densenet121,B,5e203de9913a10ae47f75aab7d778e21e9a142a0699f4a4a6c374b725d67c1ae,124d25065c446a92c033e4eeeb92bf02c1d9e0e56c8069be874a27fb64da085b,research-lab/experiments/registered-workflow/runs/primary/run_0086,pending,primary_analysis
run_0087,sipakmed,split_03,1003,42,efficientnet_b0,A,5e203de9913a10ae47f75aab7d778e21e9a142a0699f4a4a6c374b725d67c1ae,124d25065c446a92c033e4eeeb92bf02c1d9e0e56c8069be874a27fb64da085b,research-lab/experiments/registered-workflow/runs/primary/run_0087,pending,primary_analysis
run_0088,sipakmed,split_03,1003,42,efficientnet_b0,B,5e203de9913a10ae47f75aab7d778e21e9a142a0699f4a4a6c374b725d67c1ae,124d25065c446a92c033e4eeeb92bf02c1d9e0e56c8069be874a27fb64da085b,research-lab/experiments/registered-workflow/runs/primary/run_0088,pending,primary_analysis
run_0089,sipakmed,split_03,1003,52,resnet18,A,5e203de9913a10ae47f75aab7d778e21e9a142a0699f4a4a6c374b725d67c1ae,124d25065c446a92c033e4eeeb92bf02c1d9e0e56c8069be874a27fb64da085b,research-lab/experiments/registered-workflow/runs/primary/run_0089,pending,primary_analysis
run_0090,sipakmed,split_03,1003,52,resnet18,B,5e203de9913a10ae47f75aab7d778e21e9a142a0699f4a4a6c374b725d67c1ae,124d25065c446a92c033e4eeeb92bf02c1d9e0e56c8069be874a27fb64da085b,research-lab/experiments/registered-workflow/runs/primary/run_0090,pending,primary_analysis
run_0091,sipakmed,split_03,1003,52,resnet50,A,5e203de9913a10ae47f75aab7d778e21e9a142a0699f4a4a6c374b725d67c1ae,124d25065c446a92c033e4eeeb92bf02c1d9e0e56c8069be874a27fb64da085b,research-lab/experiments/registered-workflow/runs/primary/run_0091,pending,primary_analysis
run_0092,sipakmed,split_03,1003,52,resnet50,B,5e203de9913a10ae47f75aab7d778e21e9a142a0699f4a4a6c374b725d67c1ae,124d25065c446a92c033e4eeeb92bf02c1d9e0e56c8069be874a27fb64da085b,research-lab/experiments/registered-workflow/runs/primary/run_0092,pending,primary_analysis
run_0093,sipakmed,split_03,1003,52,densenet121,A,5e203de9913a10ae47f75aab7d778e21e9a142a0699f4a4a6c374b725d67c1ae,124d25065c446a92c033e4eeeb92bf02c1d9e0e56c8069be874a27fb64da085b,research-lab/experiments/registered-workflow/runs/primary/run_0093,pending,primary_analysis
run_0094,sipakmed,split_03,1003,52,densenet121,B,5e203de9913a10ae47f75aab7d778e21e9a142a0699f4a4a6c374b725d67c1ae,124d25065c446a92c033e4eeeb92bf02c1d9e0e56c8069be874a27fb64da085b,research-lab/experiments/registered-workflow/runs/primary/run_0094,pending,primary_analysis
run_0095,sipakmed,split_03,1003,52,efficientnet_b0,A,5e203de9913a10ae47f75aab7d778e21e9a142a0699f4a4a6c374b725d67c1ae,124d25065c446a92c033e4eeeb92bf02c1d9e0e56c8069be874a27fb64da085b,research-lab/experiments/registered-workflow/runs/primary/run_0095,pending,primary_analysis
run_0096,sipakmed,split_03,1003,52,efficientnet_b0,B,5e203de9913a10ae47f75aab7d778e21e9a142a0699f4a4a6c374b725d67c1ae,124d25065c446a92c033e4eeeb92bf02c1d9e0e56c8069be874a27fb64da085b,research-lab/experiments/registered-workflow/runs/primary/run_0096,pending,primary_analysis
run_0097,sipakmed,split_03,1003,62,resnet18,A,5e203de9913a10ae47f75aab7d778e21e9a142a0699f4a4a6c374b725d67c1ae,124d25065c446a92c033e4eeeb92bf02c1d9e0e56c8069be874a27fb64da085b,research-lab/experiments/registered-workflow/runs/primary/run_0097,pending,primary_analysis
run_0098,sipakmed,split_03,1003,62,resnet18,B,5e203de9913a10ae47f75aab7d778e21e9a142a0699f4a4a6c374b725d67c1ae,124d25065c446a92c033e4eeeb92bf02c1d9e0e56c8069be874a27fb64da085b,research-lab/experiments/registered-workflow/runs/primary/run_0098,pending,primary_analysis
run_0099,sipakmed,split_03,1003,62,resnet50,A,5e203de9913a10ae47f75aab7d778e21e9a142a0699f4a4a6c374b725d67c1ae,124d25065c446a92c033e4eeeb92bf02c1d9e0e56c8069be874a27fb64da085b,research-lab/experiments/registered-workflow/runs/primary/run_0099,pending,primary_analysis
run_0100,sipakmed,split_03,1003,62,resnet50,B,5e203de9913a10ae47f75aab7d778e21e9a142a0699f4a4a6c374b725d67c1ae,124d25065c446a92c033e4eeeb92bf02c1d9e0e56c8069be874a27fb64da085b,research-lab/experiments/registered-workflow/runs/primary/run_0100,pending,primary_analysis
run_0101,sipakmed,split_03,1003,62,densenet121,A,5e203de9913a10ae47f75aab7d778e21e9a142a0699f4a4a6c374b725d67c1ae,124d25065c446a92c033e4eeeb92bf02c1d9e0e56c8069be874a27fb64da085b,research-lab/experiments/registered-workflow/runs/primary/run_0101,pending,primary_analysis
run_0102,sipakmed,split_03,1003,62,densenet121,B,5e203de9913a10ae47f75aab7d778e21e9a142a0699f4a4a6c374b725d67c1ae,124d25065c446a92c033e4eeeb92bf02c1d9e0e56c8069be874a27fb64da085b,research-lab/experiments/registered-workflow/runs/primary/run_0102,pending,primary_analysis
run_0103,sipakmed,split_03,1003,62,efficientnet_b0,A,5e203de9913a10ae47f75aab7d778e21e9a142a0699f4a4a6c374b725d67c1ae,124d25065c446a92c033e4eeeb92bf02c1d9e0e56c8069be874a27fb64da085b,research-lab/experiments/registered-workflow/runs/primary/run_0103,pending,primary_analysis
run_0104,sipakmed,split_03,1003,62,efficientnet_b0,B,5e203de9913a10ae47f75aab7d778e21e9a142a0699f4a4a6c374b725d67c1ae,124d25065c446a92c033e4eeeb92bf02c1d9e0e56c8069be874a27fb64da085b,research-lab/experiments/registered-workflow/runs/primary/run_0104,pending,primary_analysis
run_0105,sipakmed,split_03,1003,72,resnet18,A,5e203de9913a10ae47f75aab7d778e21e9a142a0699f4a4a6c374b725d67c1ae,124d25065c446a92c033e4eeeb92bf02c1d9e0e56c8069be874a27fb64da085b,research-lab/experiments/registered-workflow/runs/primary/run_0105,pending,primary_analysis
run_0106,sipakmed,split_03,1003,72,resnet18,B,5e203de9913a10ae47f75aab7d778e21e9a142a0699f4a4a6c374b725d67c1ae,124d25065c446a92c033e4eeeb92bf02c1d9e0e56c8069be874a27fb64da085b,research-lab/experiments/registered-workflow/runs/primary/run_0106,pending,primary_analysis
run_0107,sipakmed,split_03,1003,72,resnet50,A,5e203de9913a10ae47f75aab7d778e21e9a142a0699f4a4a6c374b725d67c1ae,124d25065c446a92c033e4eeeb92bf02c1d9e0e56c8069be874a27fb64da085b,research-lab/experiments/registered-workflow/runs/primary/run_0107,pending,primary_analysis
run_0108,sipakmed,split_03,1003,72,resnet50,B,5e203de9913a10ae47f75aab7d778e21e9a142a0699f4a4a6c374b725d67c1ae,124d25065c446a92c033e4eeeb92bf02c1d9e0e56c8069be874a27fb64da085b,research-lab/experiments/registered-workflow/runs/primary/run_0108,pending,primary_analysis
run_0109,sipakmed,split_03,1003,72,densenet121,A,5e203de9913a10ae47f75aab7d778e21e9a142a0699f4a4a6c374b725d67c1ae,124d25065c446a92c033e4eeeb92bf02c1d9e0e56c8069be874a27fb64da085b,research-lab/experiments/registered-workflow/runs/primary/run_0109,pending,primary_analysis
run_0110,sipakmed,split_03,1003,72,densenet121,B,5e203de9913a10ae47f75aab7d778e21e9a142a0699f4a4a6c374b725d67c1ae,124d25065c446a92c033e4eeeb92bf02c1d9e0e56c8069be874a27fb64da085b,research-lab/experiments/registered-workflow/runs/primary/run_0110,pending,primary_analysis
run_0111,sipakmed,split_03,1003,72,efficientnet_b0,A,5e203de9913a10ae47f75aab7d778e21e9a142a0699f4a4a6c374b725d67c1ae,124d25065c446a92c033e4eeeb92bf02c1d9e0e56c8069be874a27fb64da085b,research-lab/experiments/registered-workflow/runs/primary/run_0111,pending,primary_analysis
run_0112,sipakmed,split_03,1003,72,efficientnet_b0,B,5e203de9913a10ae47f75aab7d778e21e9a142a0699f4a4a6c374b725d67c1ae,124d25065c446a92c033e4eeeb92bf02c1d9e0e56c8069be874a27fb64da085b,research-lab/experiments/registered-workflow/runs/primary/run_0112,pending,primary_analysis
run_0113,sipakmed,split_03,1003,82,resnet18,A,5e203de9913a10ae47f75aab7d778e21e9a142a0699f4a4a6c374b725d67c1ae,124d25065c446a92c033e4eeeb92bf02c1d9e0e56c8069be874a27fb64da085b,research-lab/experiments/registered-workflow/runs/primary/run_0113,pending,primary_analysis
run_0114,sipakmed,split_03,1003,82,resnet18,B,5e203de9913a10ae47f75aab7d778e21e9a142a0699f4a4a6c374b725d67c1ae,124d25065c446a92c033e4eeeb92bf02c1d9e0e56c8069be874a27fb64da085b,research-lab/experiments/registered-workflow/runs/primary/run_0114,pending,primary_analysis
run_0115,sipakmed,split_03,1003,82,resnet50,A,5e203de9913a10ae47f75aab7d778e21e9a142a0699f4a4a6c374b725d67c1ae,124d25065c446a92c033e4eeeb92bf02c1d9e0e56c8069be874a27fb64da085b,research-lab/experiments/registered-workflow/runs/primary/run_0115,pending,primary_analysis
run_0116,sipakmed,split_03,1003,82,resnet50,B,5e203de9913a10ae47f75aab7d778e21e9a142a0699f4a4a6c374b725d67c1ae,124d25065c446a92c033e4eeeb92bf02c1d9e0e56c8069be874a27fb64da085b,research-lab/experiments/registered-workflow/runs/primary/run_0116,pending,primary_analysis
run_0117,sipakmed,split_03,1003,82,densenet121,A,5e203de9913a10ae47f75aab7d778e21e9a142a0699f4a4a6c374b725d67c1ae,124d25065c446a92c033e4eeeb92bf02c1d9e0e56c8069be874a27fb64da085b,research-lab/experiments/registered-workflow/runs/primary/run_0117,pending,primary_analysis
run_0118,sipakmed,split_03,1003,82,densenet121,B,5e203de9913a10ae47f75aab7d778e21e9a142a0699f4a4a6c374b725d67c1ae,124d25065c446a92c033e4eeeb92bf02c1d9e0e56c8069be874a27fb64da085b,research-lab/experiments/registered-workflow/runs/primary/run_0118,pending,primary_analysis
run_0119,sipakmed,split_03,1003,82,efficientnet_b0,A,5e203de9913a10ae47f75aab7d778e21e9a142a0699f4a4a6c374b725d67c1ae,124d25065c446a92c033e4eeeb92bf02c1d9e0e56c8069be874a27fb64da085b,research-lab/experiments/registered-workflow/runs/primary/run_0119,pending,primary_analysis
run_0120,sipakmed,split_03,1003,82,efficientnet_b0,B,5e203de9913a10ae47f75aab7d778e21e9a142a0699f4a4a6c374b725d67c1ae,124d25065c446a92c033e4eeeb92bf02c1d9e0e56c8069be874a27fb64da085b,research-lab/experiments/registered-workflow/runs/primary/run_0120,pending,primary_analysis
run_0121,sipakmed,split_04,1004,42,resnet18,A,5e203de9913a10ae47f75aab7d778e21e9a142a0699f4a4a6c374b725d67c1ae,c80b92c7aec4569b782f4592e5fccf0a69da39398983071325bfc3c14c3819b1,research-lab/experiments/registered-workflow/runs/primary/run_0121,pending,primary_analysis
run_0122,sipakmed,split_04,1004,42,resnet18,B,5e203de9913a10ae47f75aab7d778e21e9a142a0699f4a4a6c374b725d67c1ae,c80b92c7aec4569b782f4592e5fccf0a69da39398983071325bfc3c14c3819b1,research-lab/experiments/registered-workflow/runs/primary/run_0122,pending,primary_analysis
run_0123,sipakmed,split_04,1004,42,resnet50,A,5e203de9913a10ae47f75aab7d778e21e9a142a0699f4a4a6c374b725d67c1ae,c80b92c7aec4569b782f4592e5fccf0a69da39398983071325bfc3c14c3819b1,research-lab/experiments/registered-workflow/runs/primary/run_0123,pending,primary_analysis
run_0124,sipakmed,split_04,1004,42,resnet50,B,5e203de9913a10ae47f75aab7d778e21e9a142a0699f4a4a6c374b725d67c1ae,c80b92c7aec4569b782f4592e5fccf0a69da39398983071325bfc3c14c3819b1,research-lab/experiments/registered-workflow/runs/primary/run_0124,pending,primary_analysis
run_0125,sipakmed,split_04,1004,42,densenet121,A,5e203de9913a10ae47f75aab7d778e21e9a142a0699f4a4a6c374b725d67c1ae,c80b92c7aec4569b782f4592e5fccf0a69da39398983071325bfc3c14c3819b1,research-lab/experiments/registered-workflow/runs/primary/run_0125,pending,primary_analysis
run_0126,sipakmed,split_04,1004,42,densenet121,B,5e203de9913a10ae47f75aab7d778e21e9a142a0699f4a4a6c374b725d67c1ae,c80b92c7aec4569b782f4592e5fccf0a69da39398983071325bfc3c14c3819b1,research-lab/experiments/registered-workflow/runs/primary/run_0126,pending,primary_analysis
run_0127,sipakmed,split_04,1004,42,efficientnet_b0,A,5e203de9913a10ae47f75aab7d778e21e9a142a0699f4a4a6c374b725d67c1ae,c80b92c7aec4569b782f4592e5fccf0a69da39398983071325bfc3c14c3819b1,research-lab/experiments/registered-workflow/runs/primary/run_0127,pending,primary_analysis
run_0128,sipakmed,split_04,1004,42,efficientnet_b0,B,5e203de9913a10ae47f75aab7d778e21e9a142a0699f4a4a6c374b725d67c1ae,c80b92c7aec4569b782f4592e5fccf0a69da39398983071325bfc3c14c3819b1,research-lab/experiments/registered-workflow/runs/primary/run_0128,pending,primary_analysis
run_0129,sipakmed,split_04,1004,52,resnet18,A,5e203de9913a10ae47f75aab7d778e21e9a142a0699f4a4a6c374b725d67c1ae,c80b92c7aec4569b782f4592e5fccf0a69da39398983071325bfc3c14c3819b1,research-lab/experiments/registered-workflow/runs/primary/run_0129,pending,primary_analysis
run_0130,sipakmed,split_04,1004,52,resnet18,B,5e203de9913a10ae47f75aab7d778e21e9a142a0699f4a4a6c374b725d67c1ae,c80b92c7aec4569b782f4592e5fccf0a69da39398983071325bfc3c14c3819b1,research-lab/experiments/registered-workflow/runs/primary/run_0130,pending,primary_analysis
run_0131,sipakmed,split_04,1004,52,resnet50,A,5e203de9913a10ae47f75aab7d778e21e9a142a0699f4a4a6c374b725d67c1ae,c80b92c7aec4569b782f4592e5fccf0a69da39398983071325bfc3c14c3819b1,research-lab/experiments/registered-workflow/runs/primary/run_0131,pending,primary_analysis
run_0132,sipakmed,split_04,1004,52,resnet50,B,5e203de9913a10ae47f75aab7d778e21e9a142a0699f4a4a6c374b725d67c1ae,c80b92c7aec4569b782f4592e5fccf0a69da39398983071325bfc3c14c3819b1,research-lab/experiments/registered-workflow/runs/primary/run_0132,pending,primary_analysis
run_0133,sipakmed,split_04,1004,52,densenet121,A,5e203de9913a10ae47f75aab7d778e21e9a142a0699f4a4a6c374b725d67c1ae,c80b92c7aec4569b782f4592e5fccf0a69da39398983071325bfc3c14c3819b1,research-lab/experiments/registered-workflow/runs/primary/run_0133,pending,primary_analysis
run_0134,sipakmed,split_04,1004,52,densenet121,B,5e203de9913a10ae47f75aab7d778e21e9a142a0699f4a4a6c374b725d67c1ae,c80b92c7aec4569b782f4592e5fccf0a69da39398983071325bfc3c14c3819b1,research-lab/experiments/registered-workflow/runs/primary/run_0134,pending,primary_analysis
run_0135,sipakmed,split_04,1004,52,efficientnet_b0,A,5e203de9913a10ae47f75aab7d778e21e9a142a0699f4a4a6c374b725d67c1ae,c80b92c7aec4569b782f4592e5fccf0a69da39398983071325bfc3c14c3819b1,research-lab/experiments/registered-workflow/runs/primary/run_0135,pending,primary_analysis
run_0136,sipakmed,split_04,1004,52,efficientnet_b0,B,5e203de9913a10ae47f75aab7d778e21e9a142a0699f4a4a6c374b725d67c1ae,c80b92c7aec4569b782f4592e5fccf0a69da39398983071325bfc3c14c3819b1,research-lab/experiments/registered-workflow/runs/primary/run_0136,pending,primary_analysis
run_0137,sipakmed,split_04,1004,62,resnet18,A,5e203de9913a10ae47f75aab7d778e21e9a142a0699f4a4a6c374b725d67c1ae,c80b92c7aec4569b782f4592e5fccf0a69da39398983071325bfc3c14c3819b1,research-lab/experiments/registered-workflow/runs/primary/run_0137,pending,primary_analysis
run_0138,sipakmed,split_04,1004,62,resnet18,B,5e203de9913a10ae47f75aab7d778e21e9a142a0699f4a4a6c374b725d67c1ae,c80b92c7aec4569b782f4592e5fccf0a69da39398983071325bfc3c14c3819b1,research-lab/experiments/registered-workflow/runs/primary/run_0138,pending,primary_analysis
run_0139,sipakmed,split_04,1004,62,resnet50,A,5e203de9913a10ae47f75aab7d778e21e9a142a0699f4a4a6c374b725d67c1ae,c80b92c7aec4569b782f4592e5fccf0a69da39398983071325bfc3c14c3819b1,research-lab/experiments/registered-workflow/runs/primary/run_0139,pending,primary_analysis
run_0140,sipakmed,split_04,1004,62,resnet50,B,5e203de9913a10ae47f75aab7d778e21e9a142a0699f4a4a6c374b725d67c1ae,c80b92c7aec4569b782f4592e5fccf0a69da39398983071325bfc3c14c3819b1,research-lab/experiments/registered-workflow/runs/primary/run_0140,pending,primary_analysis
run_0141,sipakmed,split_04,1004,62,densenet121,A,5e203de9913a10ae47f75aab7d778e21e9a142a0699f4a4a6c374b725d67c1ae,c80b92c7aec4569b782f4592e5fccf0a69da39398983071325bfc3c14c3819b1,research-lab/experiments/registered-workflow/runs/primary/run_0141,pending,primary_analysis
run_0142,sipakmed,split_04,1004,62,densenet121,B,5e203de9913a10ae47f75aab7d778e21e9a142a0699f4a4a6c374b725d67c1ae,c80b92c7aec4569b782f4592e5fccf0a69da39398983071325bfc3c14c3819b1,research-lab/experiments/registered-workflow/runs/primary/run_0142,pending,primary_analysis
run_0143,sipakmed,split_04,1004,62,efficientnet_b0,A,5e203de9913a10ae47f75aab7d778e21e9a142a0699f4a4a6c374b725d67c1ae,c80b92c7aec4569b782f4592e5fccf0a69da39398983071325bfc3c14c3819b1,research-lab/experiments/registered-workflow/runs/primary/run_0143,pending,primary_analysis
run_0144,sipakmed,split_04,1004,62,efficientnet_b0,B,5e203de9913a10ae47f75aab7d778e21e9a142a0699f4a4a6c374b725d67c1ae,c80b92c7aec4569b782f4592e5fccf0a69da39398983071325bfc3c14c3819b1,research-lab/experiments/registered-workflow/runs/primary/run_0144,pending,primary_analysis
run_0145,sipakmed,split_04,1004,72,resnet18,A,5e203de9913a10ae47f75aab7d778e21e9a142a0699f4a4a6c374b725d67c1ae,c80b92c7aec4569b782f4592e5fccf0a69da39398983071325bfc3c14c3819b1,research-lab/experiments/registered-workflow/runs/primary/run_0145,pending,primary_analysis
run_0146,sipakmed,split_04,1004,72,resnet18,B,5e203de9913a10ae47f75aab7d778e21e9a142a0699f4a4a6c374b725d67c1ae,c80b92c7aec4569b782f4592e5fccf0a69da39398983071325bfc3c14c3819b1,research-lab/experiments/registered-workflow/runs/primary/run_0146,pending,primary_analysis
run_0147,sipakmed,split_04,1004,72,resnet50,A,5e203de9913a10ae47f75aab7d778e21e9a142a0699f4a4a6c374b725d67c1ae,c80b92c7aec4569b782f4592e5fccf0a69da39398983071325bfc3c14c3819b1,research-lab/experiments/registered-workflow/runs/primary/run_0147,pending,primary_analysis
run_0148,sipakmed,split_04,1004,72,resnet50,B,5e203de9913a10ae47f75aab7d778e21e9a142a0699f4a4a6c374b725d67c1ae,c80b92c7aec4569b782f4592e5fccf0a69da39398983071325bfc3c14c3819b1,research-lab/experiments/registered-workflow/runs/primary/run_0148,pending,primary_analysis
run_0149,sipakmed,split_04,1004,72,densenet121,A,5e203de9913a10ae47f75aab7d778e21e9a142a0699f4a4a6c374b725d67c1ae,c80b92c7aec4569b782f4592e5fccf0a69da39398983071325bfc3c14c3819b1,research-lab/experiments/registered-workflow/runs/primary/run_0149,pending,primary_analysis
run_0150,sipakmed,split_04,1004,72,densenet121,B,5e203de9913a10ae47f75aab7d778e21e9a142a0699f4a4a6c374b725d67c1ae,c80b92c7aec4569b782f4592e5fccf0a69da39398983071325bfc3c14c3819b1,research-lab/experiments/registered-workflow/runs/primary/run_0150,pending,primary_analysis
run_0151,sipakmed,split_04,1004,72,efficientnet_b0,A,5e203de9913a10ae47f75aab7d778e21e9a142a0699f4a4a6c374b725d67c1ae,c80b92c7aec4569b782f4592e5fccf0a69da39398983071325bfc3c14c3819b1,research-lab/experiments/registered-workflow/runs/primary/run_0151,pending,primary_analysis
run_0152,sipakmed,split_04,1004,72,efficientnet_b0,B,5e203de9913a10ae47f75aab7d778e21e9a142a0699f4a4a6c374b725d67c1ae,c80b92c7aec4569b782f4592e5fccf0a69da39398983071325bfc3c14c3819b1,research-lab/experiments/registered-workflow/runs/primary/run_0152,pending,primary_analysis
run_0153,sipakmed,split_04,1004,82,resnet18,A,5e203de9913a10ae47f75aab7d778e21e9a142a0699f4a4a6c374b725d67c1ae,c80b92c7aec4569b782f4592e5fccf0a69da39398983071325bfc3c14c3819b1,research-lab/experiments/registered-workflow/runs/primary/run_0153,pending,primary_analysis
run_0154,sipakmed,split_04,1004,82,resnet18,B,5e203de9913a10ae47f75aab7d778e21e9a142a0699f4a4a6c374b725d67c1ae,c80b92c7aec4569b782f4592e5fccf0a69da39398983071325bfc3c14c3819b1,research-lab/experiments/registered-workflow/runs/primary/run_0154,pending,primary_analysis
run_0155,sipakmed,split_04,1004,82,resnet50,A,5e203de9913a10ae47f75aab7d778e21e9a142a0699f4a4a6c374b725d67c1ae,c80b92c7aec4569b782f4592e5fccf0a69da39398983071325bfc3c14c3819b1,research-lab/experiments/registered-workflow/runs/primary/run_0155,pending,primary_analysis
run_0156,sipakmed,split_04,1004,82,resnet50,B,5e203de9913a10ae47f75aab7d778e21e9a142a0699f4a4a6c374b725d67c1ae,c80b92c7aec4569b782f4592e5fccf0a69da39398983071325bfc3c14c3819b1,research-lab/experiments/registered-workflow/runs/primary/run_0156,pending,primary_analysis
run_0157,sipakmed,split_04,1004,82,densenet121,A,5e203de9913a10ae47f75aab7d778e21e9a142a0699f4a4a6c374b725d67c1ae,c80b92c7aec4569b782f4592e5fccf0a69da39398983071325bfc3c14c3819b1,research-lab/experiments/registered-workflow/runs/primary/run_0157,pending,primary_analysis
run_0158,sipakmed,split_04,1004,82,densenet121,B,5e203de9913a10ae47f75aab7d778e21e9a142a0699f4a4a6c374b725d67c1ae,c80b92c7aec4569b782f4592e5fccf0a69da39398983071325bfc3c14c3819b1,research-lab/experiments/registered-workflow/runs/primary/run_0158,pending,primary_analysis
run_0159,sipakmed,split_04,1004,82,efficientnet_b0,A,5e203de9913a10ae47f75aab7d778e21e9a142a0699f4a4a6c374b725d67c1ae,c80b92c7aec4569b782f4592e5fccf0a69da39398983071325bfc3c14c3819b1,research-lab/experiments/registered-workflow/runs/primary/run_0159,pending,primary_analysis
run_0160,sipakmed,split_04,1004,82,efficientnet_b0,B,5e203de9913a10ae47f75aab7d778e21e9a142a0699f4a4a6c374b725d67c1ae,c80b92c7aec4569b782f4592e5fccf0a69da39398983071325bfc3c14c3819b1,research-lab/experiments/registered-workflow/runs/primary/run_0160,pending,primary_analysis
run_0161,sipakmed,split_05,1005,42,resnet18,A,5e203de9913a10ae47f75aab7d778e21e9a142a0699f4a4a6c374b725d67c1ae,edfc411cf3a50bb696d14a59ff36ae002f71e3dce256059ff144495431299ae7,research-lab/experiments/registered-workflow/runs/primary/run_0161,pending,primary_analysis
run_0162,sipakmed,split_05,1005,42,resnet18,B,5e203de9913a10ae47f75aab7d778e21e9a142a0699f4a4a6c374b725d67c1ae,edfc411cf3a50bb696d14a59ff36ae002f71e3dce256059ff144495431299ae7,research-lab/experiments/registered-workflow/runs/primary/run_0162,pending,primary_analysis
run_0163,sipakmed,split_05,1005,42,resnet50,A,5e203de9913a10ae47f75aab7d778e21e9a142a0699f4a4a6c374b725d67c1ae,edfc411cf3a50bb696d14a59ff36ae002f71e3dce256059ff144495431299ae7,research-lab/experiments/registered-workflow/runs/primary/run_0163,pending,primary_analysis
run_0164,sipakmed,split_05,1005,42,resnet50,B,5e203de9913a10ae47f75aab7d778e21e9a142a0699f4a4a6c374b725d67c1ae,edfc411cf3a50bb696d14a59ff36ae002f71e3dce256059ff144495431299ae7,research-lab/experiments/registered-workflow/runs/primary/run_0164,pending,primary_analysis
run_0165,sipakmed,split_05,1005,42,densenet121,A,5e203de9913a10ae47f75aab7d778e21e9a142a0699f4a4a6c374b725d67c1ae,edfc411cf3a50bb696d14a59ff36ae002f71e3dce256059ff144495431299ae7,research-lab/experiments/registered-workflow/runs/primary/run_0165,pending,primary_analysis
run_0166,sipakmed,split_05,1005,42,densenet121,B,5e203de9913a10ae47f75aab7d778e21e9a142a0699f4a4a6c374b725d67c1ae,edfc411cf3a50bb696d14a59ff36ae002f71e3dce256059ff144495431299ae7,research-lab/experiments/registered-workflow/runs/primary/run_0166,pending,primary_analysis
run_0167,sipakmed,split_05,1005,42,efficientnet_b0,A,5e203de9913a10ae47f75aab7d778e21e9a142a0699f4a4a6c374b725d67c1ae,edfc411cf3a50bb696d14a59ff36ae002f71e3dce256059ff144495431299ae7,research-lab/experiments/registered-workflow/runs/primary/run_0167,pending,primary_analysis
run_0168,sipakmed,split_05,1005,42,efficientnet_b0,B,5e203de9913a10ae47f75aab7d778e21e9a142a0699f4a4a6c374b725d67c1ae,edfc411cf3a50bb696d14a59ff36ae002f71e3dce256059ff144495431299ae7,research-lab/experiments/registered-workflow/runs/primary/run_0168,pending,primary_analysis
run_0169,sipakmed,split_05,1005,52,resnet18,A,5e203de9913a10ae47f75aab7d778e21e9a142a0699f4a4a6c374b725d67c1ae,edfc411cf3a50bb696d14a59ff36ae002f71e3dce256059ff144495431299ae7,research-lab/experiments/registered-workflow/runs/primary/run_0169,pending,primary_analysis
run_0170,sipakmed,split_05,1005,52,resnet18,B,5e203de9913a10ae47f75aab7d778e21e9a142a0699f4a4a6c374b725d67c1ae,edfc411cf3a50bb696d14a59ff36ae002f71e3dce256059ff144495431299ae7,research-lab/experiments/registered-workflow/runs/primary/run_0170,pending,primary_analysis
run_0171,sipakmed,split_05,1005,52,resnet50,A,5e203de9913a10ae47f75aab7d778e21e9a142a0699f4a4a6c374b725d67c1ae,edfc411cf3a50bb696d14a59ff36ae002f71e3dce256059ff144495431299ae7,research-lab/experiments/registered-workflow/runs/primary/run_0171,pending,primary_analysis
run_0172,sipakmed,split_05,1005,52,resnet50,B,5e203de9913a10ae47f75aab7d778e21e9a142a0699f4a4a6c374b725d67c1ae,edfc411cf3a50bb696d14a59ff36ae002f71e3dce256059ff144495431299ae7,research-lab/experiments/registered-workflow/runs/primary/run_0172,pending,primary_analysis
run_0173,sipakmed,split_05,1005,52,densenet121,A,5e203de9913a10ae47f75aab7d778e21e9a142a0699f4a4a6c374b725d67c1ae,edfc411cf3a50bb696d14a59ff36ae002f71e3dce256059ff144495431299ae7,research-lab/experiments/registered-workflow/runs/primary/run_0173,pending,primary_analysis
run_0174,sipakmed,split_05,1005,52,densenet121,B,5e203de9913a10ae47f75aab7d778e21e9a142a0699f4a4a6c374b725d67c1ae,edfc411cf3a50bb696d14a59ff36ae002f71e3dce256059ff144495431299ae7,research-lab/experiments/registered-workflow/runs/primary/run_0174,pending,primary_analysis
run_0175,sipakmed,split_05,1005,52,efficientnet_b0,A,5e203de9913a10ae47f75aab7d778e21e9a142a0699f4a4a6c374b725d67c1ae,edfc411cf3a50bb696d14a59ff36ae002f71e3dce256059ff144495431299ae7,research-lab/experiments/registered-workflow/runs/primary/run_0175,pending,primary_analysis
run_0176,sipakmed,split_05,1005,52,efficientnet_b0,B,5e203de9913a10ae47f75aab7d778e21e9a142a0699f4a4a6c374b725d67c1ae,edfc411cf3a50bb696d14a59ff36ae002f71e3dce256059ff144495431299ae7,research-lab/experiments/registered-workflow/runs/primary/run_0176,pending,primary_analysis
run_0177,sipakmed,split_05,1005,62,resnet18,A,5e203de9913a10ae47f75aab7d778e21e9a142a0699f4a4a6c374b725d67c1ae,edfc411cf3a50bb696d14a59ff36ae002f71e3dce256059ff144495431299ae7,research-lab/experiments/registered-workflow/runs/primary/run_0177,pending,primary_analysis
run_0178,sipakmed,split_05,1005,62,resnet18,B,5e203de9913a10ae47f75aab7d778e21e9a142a0699f4a4a6c374b725d67c1ae,edfc411cf3a50bb696d14a59ff36ae002f71e3dce256059ff144495431299ae7,research-lab/experiments/registered-workflow/runs/primary/run_0178,pending,primary_analysis
run_0179,sipakmed,split_05,1005,62,resnet50,A,5e203de9913a10ae47f75aab7d778e21e9a142a0699f4a4a6c374b725d67c1ae,edfc411cf3a50bb696d14a59ff36ae002f71e3dce256059ff144495431299ae7,research-lab/experiments/registered-workflow/runs/primary/run_0179,pending,primary_analysis
run_0180,sipakmed,split_05,1005,62,resnet50,B,5e203de9913a10ae47f75aab7d778e21e9a142a0699f4a4a6c374b725d67c1ae,edfc411cf3a50bb696d14a59ff36ae002f71e3dce256059ff144495431299ae7,research-lab/experiments/registered-workflow/runs/primary/run_0180,pending,primary_analysis
run_0181,sipakmed,split_05,1005,62,densenet121,A,5e203de9913a10ae47f75aab7d778e21e9a142a0699f4a4a6c374b725d67c1ae,edfc411cf3a50bb696d14a59ff36ae002f71e3dce256059ff144495431299ae7,research-lab/experiments/registered-workflow/runs/primary/run_0181,pending,primary_analysis
run_0182,sipakmed,split_05,1005,62,densenet121,B,5e203de9913a10ae47f75aab7d778e21e9a142a0699f4a4a6c374b725d67c1ae,edfc411cf3a50bb696d14a59ff36ae002f71e3dce256059ff144495431299ae7,research-lab/experiments/registered-workflow/runs/primary/run_0182,pending,primary_analysis
run_0183,sipakmed,split_05,1005,62,efficientnet_b0,A,5e203de9913a10ae47f75aab7d778e21e9a142a0699f4a4a6c374b725d67c1ae,edfc411cf3a50bb696d14a59ff36ae002f71e3dce256059ff144495431299ae7,research-lab/experiments/registered-workflow/runs/primary/run_0183,pending,primary_analysis
run_0184,sipakmed,split_05,1005,62,efficientnet_b0,B,5e203de9913a10ae47f75aab7d778e21e9a142a0699f4a4a6c374b725d67c1ae,edfc411cf3a50bb696d14a59ff36ae002f71e3dce256059ff144495431299ae7,research-lab/experiments/registered-workflow/runs/primary/run_0184,pending,primary_analysis
run_0185,sipakmed,split_05,1005,72,resnet18,A,5e203de9913a10ae47f75aab7d778e21e9a142a0699f4a4a6c374b725d67c1ae,edfc411cf3a50bb696d14a59ff36ae002f71e3dce256059ff144495431299ae7,research-lab/experiments/registered-workflow/runs/primary/run_0185,pending,primary_analysis
run_0186,sipakmed,split_05,1005,72,resnet18,B,5e203de9913a10ae47f75aab7d778e21e9a142a0699f4a4a6c374b725d67c1ae,edfc411cf3a50bb696d14a59ff36ae002f71e3dce256059ff144495431299ae7,research-lab/experiments/registered-workflow/runs/primary/run_0186,pending,primary_analysis
run_0187,sipakmed,split_05,1005,72,resnet50,A,5e203de9913a10ae47f75aab7d778e21e9a142a0699f4a4a6c374b725d67c1ae,edfc411cf3a50bb696d14a59ff36ae002f71e3dce256059ff144495431299ae7,research-lab/experiments/registered-workflow/runs/primary/run_0187,pending,primary_analysis
run_0188,sipakmed,split_05,1005,72,resnet50,B,5e203de9913a10ae47f75aab7d778e21e9a142a0699f4a4a6c374b725d67c1ae,edfc411cf3a50bb696d14a59ff36ae002f71e3dce256059ff144495431299ae7,research-lab/experiments/registered-workflow/runs/primary/run_0188,pending,primary_analysis
run_0189,sipakmed,split_05,1005,72,densenet121,A,5e203de9913a10ae47f75aab7d778e21e9a142a0699f4a4a6c374b725d67c1ae,edfc411cf3a50bb696d14a59ff36ae002f71e3dce256059ff144495431299ae7,research-lab/experiments/registered-workflow/runs/primary/run_0189,pending,primary_analysis
run_0190,sipakmed,split_05,1005,72,densenet121,B,5e203de9913a10ae47f75aab7d778e21e9a142a0699f4a4a6c374b725d67c1ae,edfc411cf3a50bb696d14a59ff36ae002f71e3dce256059ff144495431299ae7,research-lab/experiments/registered-workflow/runs/primary/run_0190,pending,primary_analysis
run_0191,sipakmed,split_05,1005,72,efficientnet_b0,A,5e203de9913a10ae47f75aab7d778e21e9a142a0699f4a4a6c374b725d67c1ae,edfc411cf3a50bb696d14a59ff36ae002f71e3dce256059ff144495431299ae7,research-lab/experiments/registered-workflow/runs/primary/run_0191,pending,primary_analysis
run_0192,sipakmed,split_05,1005,72,efficientnet_b0,B,5e203de9913a10ae47f75aab7d778e21e9a142a0699f4a4a6c374b725d67c1ae,edfc411cf3a50bb696d14a59ff36ae002f71e3dce256059ff144495431299ae7,research-lab/experiments/registered-workflow/runs/primary/run_0192,pending,primary_analysis
run_0193,sipakmed,split_05,1005,82,resnet18,A,5e203de9913a10ae47f75aab7d778e21e9a142a0699f4a4a6c374b725d67c1ae,edfc411cf3a50bb696d14a59ff36ae002f71e3dce256059ff144495431299ae7,research-lab/experiments/registered-workflow/runs/primary/run_0193,pending,primary_analysis
run_0194,sipakmed,split_05,1005,82,resnet18,B,5e203de9913a10ae47f75aab7d778e21e9a142a0699f4a4a6c374b725d67c1ae,edfc411cf3a50bb696d14a59ff36ae002f71e3dce256059ff144495431299ae7,research-lab/experiments/registered-workflow/runs/primary/run_0194,pending,primary_analysis
run_0195,sipakmed,split_05,1005,82,resnet50,A,5e203de9913a10ae47f75aab7d778e21e9a142a0699f4a4a6c374b725d67c1ae,edfc411cf3a50bb696d14a59ff36ae002f71e3dce256059ff144495431299ae7,research-lab/experiments/registered-workflow/runs/primary/run_0195,pending,primary_analysis
run_0196,sipakmed,split_05,1005,82,resnet50,B,5e203de9913a10ae47f75aab7d778e21e9a142a0699f4a4a6c374b725d67c1ae,edfc411cf3a50bb696d14a59ff36ae002f71e3dce256059ff144495431299ae7,research-lab/experiments/registered-workflow/runs/primary/run_0196,pending,primary_analysis
run_0197,sipakmed,split_05,1005,82,densenet121,A,5e203de9913a10ae47f75aab7d778e21e9a142a0699f4a4a6c374b725d67c1ae,edfc411cf3a50bb696d14a59ff36ae002f71e3dce256059ff144495431299ae7,research-lab/experiments/registered-workflow/runs/primary/run_0197,pending,primary_analysis
run_0198,sipakmed,split_05,1005,82,densenet121,B,5e203de9913a10ae47f75aab7d778e21e9a142a0699f4a4a6c374b725d67c1ae,edfc411cf3a50bb696d14a59ff36ae002f71e3dce256059ff144495431299ae7,research-lab/experiments/registered-workflow/runs/primary/run_0198,pending,primary_analysis
run_0199,sipakmed,split_05,1005,82,efficientnet_b0,A,5e203de9913a10ae47f75aab7d778e21e9a142a0699f4a4a6c374b725d67c1ae,edfc411cf3a50bb696d14a59ff36ae002f71e3dce256059ff144495431299ae7,research-lab/experiments/registered-workflow/runs/primary/run_0199,pending,primary_analysis
run_0200,sipakmed,split_05,1005,82,efficientnet_b0,B,5e203de9913a10ae47f75aab7d778e21e9a142a0699f4a4a6c374b725d67c1ae,edfc411cf3a50bb696d14a59ff36ae002f71e3dce256059ff144495431299ae7,research-lab/experiments/registered-workflow/runs/primary/run_0200,pending,primary_analysis
run_0201,sipakmed,split_06,1006,42,resnet18,A,5e203de9913a10ae47f75aab7d778e21e9a142a0699f4a4a6c374b725d67c1ae,62d20423be647ef0983223155360f75c645c737e683005d81cb78f574fc523cf,research-lab/experiments/registered-workflow/runs/primary/run_0201,pending,primary_analysis
run_0202,sipakmed,split_06,1006,42,resnet18,B,5e203de9913a10ae47f75aab7d778e21e9a142a0699f4a4a6c374b725d67c1ae,62d20423be647ef0983223155360f75c645c737e683005d81cb78f574fc523cf,research-lab/experiments/registered-workflow/runs/primary/run_0202,pending,primary_analysis
run_0203,sipakmed,split_06,1006,42,resnet50,A,5e203de9913a10ae47f75aab7d778e21e9a142a0699f4a4a6c374b725d67c1ae,62d20423be647ef0983223155360f75c645c737e683005d81cb78f574fc523cf,research-lab/experiments/registered-workflow/runs/primary/run_0203,pending,primary_analysis
run_0204,sipakmed,split_06,1006,42,resnet50,B,5e203de9913a10ae47f75aab7d778e21e9a142a0699f4a4a6c374b725d67c1ae,62d20423be647ef0983223155360f75c645c737e683005d81cb78f574fc523cf,research-lab/experiments/registered-workflow/runs/primary/run_0204,pending,primary_analysis
run_0205,sipakmed,split_06,1006,42,densenet121,A,5e203de9913a10ae47f75aab7d778e21e9a142a0699f4a4a6c374b725d67c1ae,62d20423be647ef0983223155360f75c645c737e683005d81cb78f574fc523cf,research-lab/experiments/registered-workflow/runs/primary/run_0205,pending,primary_analysis
run_0206,sipakmed,split_06,1006,42,densenet121,B,5e203de9913a10ae47f75aab7d778e21e9a142a0699f4a4a6c374b725d67c1ae,62d20423be647ef0983223155360f75c645c737e683005d81cb78f574fc523cf,research-lab/experiments/registered-workflow/runs/primary/run_0206,pending,primary_analysis
run_0207,sipakmed,split_06,1006,42,efficientnet_b0,A,5e203de9913a10ae47f75aab7d778e21e9a142a0699f4a4a6c374b725d67c1ae,62d20423be647ef0983223155360f75c645c737e683005d81cb78f574fc523cf,research-lab/experiments/registered-workflow/runs/primary/run_0207,pending,primary_analysis
run_0208,sipakmed,split_06,1006,42,efficientnet_b0,B,5e203de9913a10ae47f75aab7d778e21e9a142a0699f4a4a6c374b725d67c1ae,62d20423be647ef0983223155360f75c645c737e683005d81cb78f574fc523cf,research-lab/experiments/registered-workflow/runs/primary/run_0208,pending,primary_analysis
run_0209,sipakmed,split_06,1006,52,resnet18,A,5e203de9913a10ae47f75aab7d778e21e9a142a0699f4a4a6c374b725d67c1ae,62d20423be647ef0983223155360f75c645c737e683005d81cb78f574fc523cf,research-lab/experiments/registered-workflow/runs/primary/run_0209,pending,primary_analysis
run_0210,sipakmed,split_06,1006,52,resnet18,B,5e203de9913a10ae47f75aab7d778e21e9a142a0699f4a4a6c374b725d67c1ae,62d20423be647ef0983223155360f75c645c737e683005d81cb78f574fc523cf,research-lab/experiments/registered-workflow/runs/primary/run_0210,pending,primary_analysis
run_0211,sipakmed,split_06,1006,52,resnet50,A,5e203de9913a10ae47f75aab7d778e21e9a142a0699f4a4a6c374b725d67c1ae,62d20423be647ef0983223155360f75c645c737e683005d81cb78f574fc523cf,research-lab/experiments/registered-workflow/runs/primary/run_0211,pending,primary_analysis
run_0212,sipakmed,split_06,1006,52,resnet50,B,5e203de9913a10ae47f75aab7d778e21e9a142a0699f4a4a6c374b725d67c1ae,62d20423be647ef0983223155360f75c645c737e683005d81cb78f574fc523cf,research-lab/experiments/registered-workflow/runs/primary/run_0212,pending,primary_analysis
run_0213,sipakmed,split_06,1006,52,densenet121,A,5e203de9913a10ae47f75aab7d778e21e9a142a0699f4a4a6c374b725d67c1ae,62d20423be647ef0983223155360f75c645c737e683005d81cb78f574fc523cf,research-lab/experiments/registered-workflow/runs/primary/run_0213,pending,primary_analysis
run_0214,sipakmed,split_06,1006,52,densenet121,B,5e203de9913a10ae47f75aab7d778e21e9a142a0699f4a4a6c374b725d67c1ae,62d20423be647ef0983223155360f75c645c737e683005d81cb78f574fc523cf,research-lab/experiments/registered-workflow/runs/primary/run_0214,pending,primary_analysis
run_0215,sipakmed,split_06,1006,52,efficientnet_b0,A,5e203de9913a10ae47f75aab7d778e21e9a142a0699f4a4a6c374b725d67c1ae,62d20423be647ef0983223155360f75c645c737e683005d81cb78f574fc523cf,research-lab/experiments/registered-workflow/runs/primary/run_0215,pending,primary_analysis
run_0216,sipakmed,split_06,1006,52,efficientnet_b0,B,5e203de9913a10ae47f75aab7d778e21e9a142a0699f4a4a6c374b725d67c1ae,62d20423be647ef0983223155360f75c645c737e683005d81cb78f574fc523cf,research-lab/experiments/registered-workflow/runs/primary/run_0216,pending,primary_analysis
run_0217,sipakmed,split_06,1006,62,resnet18,A,5e203de9913a10ae47f75aab7d778e21e9a142a0699f4a4a6c374b725d67c1ae,62d20423be647ef0983223155360f75c645c737e683005d81cb78f574fc523cf,research-lab/experiments/registered-workflow/runs/primary/run_0217,pending,primary_analysis
run_0218,sipakmed,split_06,1006,62,resnet18,B,5e203de9913a10ae47f75aab7d778e21e9a142a0699f4a4a6c374b725d67c1ae,62d20423be647ef0983223155360f75c645c737e683005d81cb78f574fc523cf,research-lab/experiments/registered-workflow/runs/primary/run_0218,pending,primary_analysis
run_0219,sipakmed,split_06,1006,62,resnet50,A,5e203de9913a10ae47f75aab7d778e21e9a142a0699f4a4a6c374b725d67c1ae,62d20423be647ef0983223155360f75c645c737e683005d81cb78f574fc523cf,research-lab/experiments/registered-workflow/runs/primary/run_0219,pending,primary_analysis
run_0220,sipakmed,split_06,1006,62,resnet50,B,5e203de9913a10ae47f75aab7d778e21e9a142a0699f4a4a6c374b725d67c1ae,62d20423be647ef0983223155360f75c645c737e683005d81cb78f574fc523cf,research-lab/experiments/registered-workflow/runs/primary/run_0220,pending,primary_analysis
run_0221,sipakmed,split_06,1006,62,densenet121,A,5e203de9913a10ae47f75aab7d778e21e9a142a0699f4a4a6c374b725d67c1ae,62d20423be647ef0983223155360f75c645c737e683005d81cb78f574fc523cf,research-lab/experiments/registered-workflow/runs/primary/run_0221,pending,primary_analysis
run_0222,sipakmed,split_06,1006,62,densenet121,B,5e203de9913a10ae47f75aab7d778e21e9a142a0699f4a4a6c374b725d67c1ae,62d20423be647ef0983223155360f75c645c737e683005d81cb78f574fc523cf,research-lab/experiments/registered-workflow/runs/primary/run_0222,pending,primary_analysis
run_0223,sipakmed,split_06,1006,62,efficientnet_b0,A,5e203de9913a10ae47f75aab7d778e21e9a142a0699f4a4a6c374b725d67c1ae,62d20423be647ef0983223155360f75c645c737e683005d81cb78f574fc523cf,research-lab/experiments/registered-workflow/runs/primary/run_0223,pending,primary_analysis
run_0224,sipakmed,split_06,1006,62,efficientnet_b0,B,5e203de9913a10ae47f75aab7d778e21e9a142a0699f4a4a6c374b725d67c1ae,62d20423be647ef0983223155360f75c645c737e683005d81cb78f574fc523cf,research-lab/experiments/registered-workflow/runs/primary/run_0224,pending,primary_analysis
run_0225,sipakmed,split_06,1006,72,resnet18,A,5e203de9913a10ae47f75aab7d778e21e9a142a0699f4a4a6c374b725d67c1ae,62d20423be647ef0983223155360f75c645c737e683005d81cb78f574fc523cf,research-lab/experiments/registered-workflow/runs/primary/run_0225,pending,primary_analysis
run_0226,sipakmed,split_06,1006,72,resnet18,B,5e203de9913a10ae47f75aab7d778e21e9a142a0699f4a4a6c374b725d67c1ae,62d20423be647ef0983223155360f75c645c737e683005d81cb78f574fc523cf,research-lab/experiments/registered-workflow/runs/primary/run_0226,pending,primary_analysis
run_0227,sipakmed,split_06,1006,72,resnet50,A,5e203de9913a10ae47f75aab7d778e21e9a142a0699f4a4a6c374b725d67c1ae,62d20423be647ef0983223155360f75c645c737e683005d81cb78f574fc523cf,research-lab/experiments/registered-workflow/runs/primary/run_0227,pending,primary_analysis
run_0228,sipakmed,split_06,1006,72,resnet50,B,5e203de9913a10ae47f75aab7d778e21e9a142a0699f4a4a6c374b725d67c1ae,62d20423be647ef0983223155360f75c645c737e683005d81cb78f574fc523cf,research-lab/experiments/registered-workflow/runs/primary/run_0228,pending,primary_analysis
run_0229,sipakmed,split_06,1006,72,densenet121,A,5e203de9913a10ae47f75aab7d778e21e9a142a0699f4a4a6c374b725d67c1ae,62d20423be647ef0983223155360f75c645c737e683005d81cb78f574fc523cf,research-lab/experiments/registered-workflow/runs/primary/run_0229,pending,primary_analysis
run_0230,sipakmed,split_06,1006,72,densenet121,B,5e203de9913a10ae47f75aab7d778e21e9a142a0699f4a4a6c374b725d67c1ae,62d20423be647ef0983223155360f75c645c737e683005d81cb78f574fc523cf,research-lab/experiments/registered-workflow/runs/primary/run_0230,pending,primary_analysis
run_0231,sipakmed,split_06,1006,72,efficientnet_b0,A,5e203de9913a10ae47f75aab7d778e21e9a142a0699f4a4a6c374b725d67c1ae,62d20423be647ef0983223155360f75c645c737e683005d81cb78f574fc523cf,research-lab/experiments/registered-workflow/runs/primary/run_0231,pending,primary_analysis
run_0232,sipakmed,split_06,1006,72,efficientnet_b0,B,5e203de9913a10ae47f75aab7d778e21e9a142a0699f4a4a6c374b725d67c1ae,62d20423be647ef0983223155360f75c645c737e683005d81cb78f574fc523cf,research-lab/experiments/registered-workflow/runs/primary/run_0232,pending,primary_analysis
run_0233,sipakmed,split_06,1006,82,resnet18,A,5e203de9913a10ae47f75aab7d778e21e9a142a0699f4a4a6c374b725d67c1ae,62d20423be647ef0983223155360f75c645c737e683005d81cb78f574fc523cf,research-lab/experiments/registered-workflow/runs/primary/run_0233,pending,primary_analysis
run_0234,sipakmed,split_06,1006,82,resnet18,B,5e203de9913a10ae47f75aab7d778e21e9a142a0699f4a4a6c374b725d67c1ae,62d20423be647ef0983223155360f75c645c737e683005d81cb78f574fc523cf,research-lab/experiments/registered-workflow/runs/primary/run_0234,pending,primary_analysis
run_0235,sipakmed,split_06,1006,82,resnet50,A,5e203de9913a10ae47f75aab7d778e21e9a142a0699f4a4a6c374b725d67c1ae,62d20423be647ef0983223155360f75c645c737e683005d81cb78f574fc523cf,research-lab/experiments/registered-workflow/runs/primary/run_0235,pending,primary_analysis
run_0236,sipakmed,split_06,1006,82,resnet50,B,5e203de9913a10ae47f75aab7d778e21e9a142a0699f4a4a6c374b725d67c1ae,62d20423be647ef0983223155360f75c645c737e683005d81cb78f574fc523cf,research-lab/experiments/registered-workflow/runs/primary/run_0236,pending,primary_analysis
run_0237,sipakmed,split_06,1006,82,densenet121,A,5e203de9913a10ae47f75aab7d778e21e9a142a0699f4a4a6c374b725d67c1ae,62d20423be647ef0983223155360f75c645c737e683005d81cb78f574fc523cf,research-lab/experiments/registered-workflow/runs/primary/run_0237,pending,primary_analysis
run_0238,sipakmed,split_06,1006,82,densenet121,B,5e203de9913a10ae47f75aab7d778e21e9a142a0699f4a4a6c374b725d67c1ae,62d20423be647ef0983223155360f75c645c737e683005d81cb78f574fc523cf,research-lab/experiments/registered-workflow/runs/primary/run_0238,pending,primary_analysis
run_0239,sipakmed,split_06,1006,82,efficientnet_b0,A,5e203de9913a10ae47f75aab7d778e21e9a142a0699f4a4a6c374b725d67c1ae,62d20423be647ef0983223155360f75c645c737e683005d81cb78f574fc523cf,research-lab/experiments/registered-workflow/runs/primary/run_0239,pending,primary_analysis
run_0240,sipakmed,split_06,1006,82,efficientnet_b0,B,5e203de9913a10ae47f75aab7d778e21e9a142a0699f4a4a6c374b725d67c1ae,62d20423be647ef0983223155360f75c645c737e683005d81cb78f574fc523cf,research-lab/experiments/registered-workflow/runs/primary/run_0240,pending,primary_analysis
run_0241,sipakmed,split_07,1007,42,resnet18,A,5e203de9913a10ae47f75aab7d778e21e9a142a0699f4a4a6c374b725d67c1ae,d6c818496756b32560242107ffeccd290edd2afad456438b27fff0763c212902,research-lab/experiments/registered-workflow/runs/primary/run_0241,pending,primary_analysis
run_0242,sipakmed,split_07,1007,42,resnet18,B,5e203de9913a10ae47f75aab7d778e21e9a142a0699f4a4a6c374b725d67c1ae,d6c818496756b32560242107ffeccd290edd2afad456438b27fff0763c212902,research-lab/experiments/registered-workflow/runs/primary/run_0242,pending,primary_analysis
run_0243,sipakmed,split_07,1007,42,resnet50,A,5e203de9913a10ae47f75aab7d778e21e9a142a0699f4a4a6c374b725d67c1ae,d6c818496756b32560242107ffeccd290edd2afad456438b27fff0763c212902,research-lab/experiments/registered-workflow/runs/primary/run_0243,pending,primary_analysis
run_0244,sipakmed,split_07,1007,42,resnet50,B,5e203de9913a10ae47f75aab7d778e21e9a142a0699f4a4a6c374b725d67c1ae,d6c818496756b32560242107ffeccd290edd2afad456438b27fff0763c212902,research-lab/experiments/registered-workflow/runs/primary/run_0244,pending,primary_analysis
run_0245,sipakmed,split_07,1007,42,densenet121,A,5e203de9913a10ae47f75aab7d778e21e9a142a0699f4a4a6c374b725d67c1ae,d6c818496756b32560242107ffeccd290edd2afad456438b27fff0763c212902,research-lab/experiments/registered-workflow/runs/primary/run_0245,pending,primary_analysis
run_0246,sipakmed,split_07,1007,42,densenet121,B,5e203de9913a10ae47f75aab7d778e21e9a142a0699f4a4a6c374b725d67c1ae,d6c818496756b32560242107ffeccd290edd2afad456438b27fff0763c212902,research-lab/experiments/registered-workflow/runs/primary/run_0246,pending,primary_analysis
run_0247,sipakmed,split_07,1007,42,efficientnet_b0,A,5e203de9913a10ae47f75aab7d778e21e9a142a0699f4a4a6c374b725d67c1ae,d6c818496756b32560242107ffeccd290edd2afad456438b27fff0763c212902,research-lab/experiments/registered-workflow/runs/primary/run_0247,pending,primary_analysis
run_0248,sipakmed,split_07,1007,42,efficientnet_b0,B,5e203de9913a10ae47f75aab7d778e21e9a142a0699f4a4a6c374b725d67c1ae,d6c818496756b32560242107ffeccd290edd2afad456438b27fff0763c212902,research-lab/experiments/registered-workflow/runs/primary/run_0248,pending,primary_analysis
run_0249,sipakmed,split_07,1007,52,resnet18,A,5e203de9913a10ae47f75aab7d778e21e9a142a0699f4a4a6c374b725d67c1ae,d6c818496756b32560242107ffeccd290edd2afad456438b27fff0763c212902,research-lab/experiments/registered-workflow/runs/primary/run_0249,pending,primary_analysis
run_0250,sipakmed,split_07,1007,52,resnet18,B,5e203de9913a10ae47f75aab7d778e21e9a142a0699f4a4a6c374b725d67c1ae,d6c818496756b32560242107ffeccd290edd2afad456438b27fff0763c212902,research-lab/experiments/registered-workflow/runs/primary/run_0250,pending,primary_analysis
run_0251,sipakmed,split_07,1007,52,resnet50,A,5e203de9913a10ae47f75aab7d778e21e9a142a0699f4a4a6c374b725d67c1ae,d6c818496756b32560242107ffeccd290edd2afad456438b27fff0763c212902,research-lab/experiments/registered-workflow/runs/primary/run_0251,pending,primary_analysis
run_0252,sipakmed,split_07,1007,52,resnet50,B,5e203de9913a10ae47f75aab7d778e21e9a142a0699f4a4a6c374b725d67c1ae,d6c818496756b32560242107ffeccd290edd2afad456438b27fff0763c212902,research-lab/experiments/registered-workflow/runs/primary/run_0252,pending,primary_analysis
run_0253,sipakmed,split_07,1007,52,densenet121,A,5e203de9913a10ae47f75aab7d778e21e9a142a0699f4a4a6c374b725d67c1ae,d6c818496756b32560242107ffeccd290edd2afad456438b27fff0763c212902,research-lab/experiments/registered-workflow/runs/primary/run_0253,pending,primary_analysis
run_0254,sipakmed,split_07,1007,52,densenet121,B,5e203de9913a10ae47f75aab7d778e21e9a142a0699f4a4a6c374b725d67c1ae,d6c818496756b32560242107ffeccd290edd2afad456438b27fff0763c212902,research-lab/experiments/registered-workflow/runs/primary/run_0254,pending,primary_analysis
run_0255,sipakmed,split_07,1007,52,efficientnet_b0,A,5e203de9913a10ae47f75aab7d778e21e9a142a0699f4a4a6c374b725d67c1ae,d6c818496756b32560242107ffeccd290edd2afad456438b27fff0763c212902,research-lab/experiments/registered-workflow/runs/primary/run_0255,pending,primary_analysis
run_0256,sipakmed,split_07,1007,52,efficientnet_b0,B,5e203de9913a10ae47f75aab7d778e21e9a142a0699f4a4a6c374b725d67c1ae,d6c818496756b32560242107ffeccd290edd2afad456438b27fff0763c212902,research-lab/experiments/registered-workflow/runs/primary/run_0256,pending,primary_analysis
run_0257,sipakmed,split_07,1007,62,resnet18,A,5e203de9913a10ae47f75aab7d778e21e9a142a0699f4a4a6c374b725d67c1ae,d6c818496756b32560242107ffeccd290edd2afad456438b27fff0763c212902,research-lab/experiments/registered-workflow/runs/primary/run_0257,pending,primary_analysis
run_0258,sipakmed,split_07,1007,62,resnet18,B,5e203de9913a10ae47f75aab7d778e21e9a142a0699f4a4a6c374b725d67c1ae,d6c818496756b32560242107ffeccd290edd2afad456438b27fff0763c212902,research-lab/experiments/registered-workflow/runs/primary/run_0258,pending,primary_analysis
run_0259,sipakmed,split_07,1007,62,resnet50,A,5e203de9913a10ae47f75aab7d778e21e9a142a0699f4a4a6c374b725d67c1ae,d6c818496756b32560242107ffeccd290edd2afad456438b27fff0763c212902,research-lab/experiments/registered-workflow/runs/primary/run_0259,pending,primary_analysis
run_0260,sipakmed,split_07,1007,62,resnet50,B,5e203de9913a10ae47f75aab7d778e21e9a142a0699f4a4a6c374b725d67c1ae,d6c818496756b32560242107ffeccd290edd2afad456438b27fff0763c212902,research-lab/experiments/registered-workflow/runs/primary/run_0260,pending,primary_analysis
run_0261,sipakmed,split_07,1007,62,densenet121,A,5e203de9913a10ae47f75aab7d778e21e9a142a0699f4a4a6c374b725d67c1ae,d6c818496756b32560242107ffeccd290edd2afad456438b27fff0763c212902,research-lab/experiments/registered-workflow/runs/primary/run_0261,pending,primary_analysis
run_0262,sipakmed,split_07,1007,62,densenet121,B,5e203de9913a10ae47f75aab7d778e21e9a142a0699f4a4a6c374b725d67c1ae,d6c818496756b32560242107ffeccd290edd2afad456438b27fff0763c212902,research-lab/experiments/registered-workflow/runs/primary/run_0262,pending,primary_analysis
run_0263,sipakmed,split_07,1007,62,efficientnet_b0,A,5e203de9913a10ae47f75aab7d778e21e9a142a0699f4a4a6c374b725d67c1ae,d6c818496756b32560242107ffeccd290edd2afad456438b27fff0763c212902,research-lab/experiments/registered-workflow/runs/primary/run_0263,pending,primary_analysis
run_0264,sipakmed,split_07,1007,62,efficientnet_b0,B,5e203de9913a10ae47f75aab7d778e21e9a142a0699f4a4a6c374b725d67c1ae,d6c818496756b32560242107ffeccd290edd2afad456438b27fff0763c212902,research-lab/experiments/registered-workflow/runs/primary/run_0264,pending,primary_analysis
run_0265,sipakmed,split_07,1007,72,resnet18,A,5e203de9913a10ae47f75aab7d778e21e9a142a0699f4a4a6c374b725d67c1ae,d6c818496756b32560242107ffeccd290edd2afad456438b27fff0763c212902,research-lab/experiments/registered-workflow/runs/primary/run_0265,pending,primary_analysis
run_0266,sipakmed,split_07,1007,72,resnet18,B,5e203de9913a10ae47f75aab7d778e21e9a142a0699f4a4a6c374b725d67c1ae,d6c818496756b32560242107ffeccd290edd2afad456438b27fff0763c212902,research-lab/experiments/registered-workflow/runs/primary/run_0266,pending,primary_analysis
run_0267,sipakmed,split_07,1007,72,resnet50,A,5e203de9913a10ae47f75aab7d778e21e9a142a0699f4a4a6c374b725d67c1ae,d6c818496756b32560242107ffeccd290edd2afad456438b27fff0763c212902,research-lab/experiments/registered-workflow/runs/primary/run_0267,pending,primary_analysis
run_0268,sipakmed,split_07,1007,72,resnet50,B,5e203de9913a10ae47f75aab7d778e21e9a142a0699f4a4a6c374b725d67c1ae,d6c818496756b32560242107ffeccd290edd2afad456438b27fff0763c212902,research-lab/experiments/registered-workflow/runs/primary/run_0268,pending,primary_analysis
run_0269,sipakmed,split_07,1007,72,densenet121,A,5e203de9913a10ae47f75aab7d778e21e9a142a0699f4a4a6c374b725d67c1ae,d6c818496756b32560242107ffeccd290edd2afad456438b27fff0763c212902,research-lab/experiments/registered-workflow/runs/primary/run_0269,pending,primary_analysis
run_0270,sipakmed,split_07,1007,72,densenet121,B,5e203de9913a10ae47f75aab7d778e21e9a142a0699f4a4a6c374b725d67c1ae,d6c818496756b32560242107ffeccd290edd2afad456438b27fff0763c212902,research-lab/experiments/registered-workflow/runs/primary/run_0270,pending,primary_analysis
run_0271,sipakmed,split_07,1007,72,efficientnet_b0,A,5e203de9913a10ae47f75aab7d778e21e9a142a0699f4a4a6c374b725d67c1ae,d6c818496756b32560242107ffeccd290edd2afad456438b27fff0763c212902,research-lab/experiments/registered-workflow/runs/primary/run_0271,pending,primary_analysis
run_0272,sipakmed,split_07,1007,72,efficientnet_b0,B,5e203de9913a10ae47f75aab7d778e21e9a142a0699f4a4a6c374b725d67c1ae,d6c818496756b32560242107ffeccd290edd2afad456438b27fff0763c212902,research-lab/experiments/registered-workflow/runs/primary/run_0272,pending,primary_analysis
run_0273,sipakmed,split_07,1007,82,resnet18,A,5e203de9913a10ae47f75aab7d778e21e9a142a0699f4a4a6c374b725d67c1ae,d6c818496756b32560242107ffeccd290edd2afad456438b27fff0763c212902,research-lab/experiments/registered-workflow/runs/primary/run_0273,pending,primary_analysis
run_0274,sipakmed,split_07,1007,82,resnet18,B,5e203de9913a10ae47f75aab7d778e21e9a142a0699f4a4a6c374b725d67c1ae,d6c818496756b32560242107ffeccd290edd2afad456438b27fff0763c212902,research-lab/experiments/registered-workflow/runs/primary/run_0274,pending,primary_analysis
run_0275,sipakmed,split_07,1007,82,resnet50,A,5e203de9913a10ae47f75aab7d778e21e9a142a0699f4a4a6c374b725d67c1ae,d6c818496756b32560242107ffeccd290edd2afad456438b27fff0763c212902,research-lab/experiments/registered-workflow/runs/primary/run_0275,pending,primary_analysis
run_0276,sipakmed,split_07,1007,82,resnet50,B,5e203de9913a10ae47f75aab7d778e21e9a142a0699f4a4a6c374b725d67c1ae,d6c818496756b32560242107ffeccd290edd2afad456438b27fff0763c212902,research-lab/experiments/registered-workflow/runs/primary/run_0276,pending,primary_analysis
run_0277,sipakmed,split_07,1007,82,densenet121,A,5e203de9913a10ae47f75aab7d778e21e9a142a0699f4a4a6c374b725d67c1ae,d6c818496756b32560242107ffeccd290edd2afad456438b27fff0763c212902,research-lab/experiments/registered-workflow/runs/primary/run_0277,pending,primary_analysis
run_0278,sipakmed,split_07,1007,82,densenet121,B,5e203de9913a10ae47f75aab7d778e21e9a142a0699f4a4a6c374b725d67c1ae,d6c818496756b32560242107ffeccd290edd2afad456438b27fff0763c212902,research-lab/experiments/registered-workflow/runs/primary/run_0278,pending,primary_analysis
run_0279,sipakmed,split_07,1007,82,efficientnet_b0,A,5e203de9913a10ae47f75aab7d778e21e9a142a0699f4a4a6c374b725d67c1ae,d6c818496756b32560242107ffeccd290edd2afad456438b27fff0763c212902,research-lab/experiments/registered-workflow/runs/primary/run_0279,pending,primary_analysis
run_0280,sipakmed,split_07,1007,82,efficientnet_b0,B,5e203de9913a10ae47f75aab7d778e21e9a142a0699f4a4a6c374b725d67c1ae,d6c818496756b32560242107ffeccd290edd2afad456438b27fff0763c212902,research-lab/experiments/registered-workflow/runs/primary/run_0280,pending,primary_analysis
run_0281,sipakmed,split_08,1008,42,resnet18,A,5e203de9913a10ae47f75aab7d778e21e9a142a0699f4a4a6c374b725d67c1ae,c244267ea49356306df7dbc832e0b9f4516976f3e9b9d4e3ccd3a2ed4c09764e,research-lab/experiments/registered-workflow/runs/primary/run_0281,pending,primary_analysis
run_0282,sipakmed,split_08,1008,42,resnet18,B,5e203de9913a10ae47f75aab7d778e21e9a142a0699f4a4a6c374b725d67c1ae,c244267ea49356306df7dbc832e0b9f4516976f3e9b9d4e3ccd3a2ed4c09764e,research-lab/experiments/registered-workflow/runs/primary/run_0282,pending,primary_analysis
run_0283,sipakmed,split_08,1008,42,resnet50,A,5e203de9913a10ae47f75aab7d778e21e9a142a0699f4a4a6c374b725d67c1ae,c244267ea49356306df7dbc832e0b9f4516976f3e9b9d4e3ccd3a2ed4c09764e,research-lab/experiments/registered-workflow/runs/primary/run_0283,pending,primary_analysis
run_0284,sipakmed,split_08,1008,42,resnet50,B,5e203de9913a10ae47f75aab7d778e21e9a142a0699f4a4a6c374b725d67c1ae,c244267ea49356306df7dbc832e0b9f4516976f3e9b9d4e3ccd3a2ed4c09764e,research-lab/experiments/registered-workflow/runs/primary/run_0284,pending,primary_analysis
run_0285,sipakmed,split_08,1008,42,densenet121,A,5e203de9913a10ae47f75aab7d778e21e9a142a0699f4a4a6c374b725d67c1ae,c244267ea49356306df7dbc832e0b9f4516976f3e9b9d4e3ccd3a2ed4c09764e,research-lab/experiments/registered-workflow/runs/primary/run_0285,pending,primary_analysis
run_0286,sipakmed,split_08,1008,42,densenet121,B,5e203de9913a10ae47f75aab7d778e21e9a142a0699f4a4a6c374b725d67c1ae,c244267ea49356306df7dbc832e0b9f4516976f3e9b9d4e3ccd3a2ed4c09764e,research-lab/experiments/registered-workflow/runs/primary/run_0286,pending,primary_analysis
run_0287,sipakmed,split_08,1008,42,efficientnet_b0,A,5e203de9913a10ae47f75aab7d778e21e9a142a0699f4a4a6c374b725d67c1ae,c244267ea49356306df7dbc832e0b9f4516976f3e9b9d4e3ccd3a2ed4c09764e,research-lab/experiments/registered-workflow/runs/primary/run_0287,pending,primary_analysis
run_0288,sipakmed,split_08,1008,42,efficientnet_b0,B,5e203de9913a10ae47f75aab7d778e21e9a142a0699f4a4a6c374b725d67c1ae,c244267ea49356306df7dbc832e0b9f4516976f3e9b9d4e3ccd3a2ed4c09764e,research-lab/experiments/registered-workflow/runs/primary/run_0288,pending,primary_analysis
run_0289,sipakmed,split_08,1008,52,resnet18,A,5e203de9913a10ae47f75aab7d778e21e9a142a0699f4a4a6c374b725d67c1ae,c244267ea49356306df7dbc832e0b9f4516976f3e9b9d4e3ccd3a2ed4c09764e,research-lab/experiments/registered-workflow/runs/primary/run_0289,pending,primary_analysis
run_0290,sipakmed,split_08,1008,52,resnet18,B,5e203de9913a10ae47f75aab7d778e21e9a142a0699f4a4a6c374b725d67c1ae,c244267ea49356306df7dbc832e0b9f4516976f3e9b9d4e3ccd3a2ed4c09764e,research-lab/experiments/registered-workflow/runs/primary/run_0290,pending,primary_analysis
run_0291,sipakmed,split_08,1008,52,resnet50,A,5e203de9913a10ae47f75aab7d778e21e9a142a0699f4a4a6c374b725d67c1ae,c244267ea49356306df7dbc832e0b9f4516976f3e9b9d4e3ccd3a2ed4c09764e,research-lab/experiments/registered-workflow/runs/primary/run_0291,pending,primary_analysis
run_0292,sipakmed,split_08,1008,52,resnet50,B,5e203de9913a10ae47f75aab7d778e21e9a142a0699f4a4a6c374b725d67c1ae,c244267ea49356306df7dbc832e0b9f4516976f3e9b9d4e3ccd3a2ed4c09764e,research-lab/experiments/registered-workflow/runs/primary/run_0292,pending,primary_analysis
run_0293,sipakmed,split_08,1008,52,densenet121,A,5e203de9913a10ae47f75aab7d778e21e9a142a0699f4a4a6c374b725d67c1ae,c244267ea49356306df7dbc832e0b9f4516976f3e9b9d4e3ccd3a2ed4c09764e,research-lab/experiments/registered-workflow/runs/primary/run_0293,pending,primary_analysis
run_0294,sipakmed,split_08,1008,52,densenet121,B,5e203de9913a10ae47f75aab7d778e21e9a142a0699f4a4a6c374b725d67c1ae,c244267ea49356306df7dbc832e0b9f4516976f3e9b9d4e3ccd3a2ed4c09764e,research-lab/experiments/registered-workflow/runs/primary/run_0294,pending,primary_analysis
run_0295,sipakmed,split_08,1008,52,efficientnet_b0,A,5e203de9913a10ae47f75aab7d778e21e9a142a0699f4a4a6c374b725d67c1ae,c244267ea49356306df7dbc832e0b9f4516976f3e9b9d4e3ccd3a2ed4c09764e,research-lab/experiments/registered-workflow/runs/primary/run_0295,pending,primary_analysis
run_0296,sipakmed,split_08,1008,52,efficientnet_b0,B,5e203de9913a10ae47f75aab7d778e21e9a142a0699f4a4a6c374b725d67c1ae,c244267ea49356306df7dbc832e0b9f4516976f3e9b9d4e3ccd3a2ed4c09764e,research-lab/experiments/registered-workflow/runs/primary/run_0296,pending,primary_analysis
run_0297,sipakmed,split_08,1008,62,resnet18,A,5e203de9913a10ae47f75aab7d778e21e9a142a0699f4a4a6c374b725d67c1ae,c244267ea49356306df7dbc832e0b9f4516976f3e9b9d4e3ccd3a2ed4c09764e,research-lab/experiments/registered-workflow/runs/primary/run_0297,pending,primary_analysis
run_0298,sipakmed,split_08,1008,62,resnet18,B,5e203de9913a10ae47f75aab7d778e21e9a142a0699f4a4a6c374b725d67c1ae,c244267ea49356306df7dbc832e0b9f4516976f3e9b9d4e3ccd3a2ed4c09764e,research-lab/experiments/registered-workflow/runs/primary/run_0298,pending,primary_analysis
run_0299,sipakmed,split_08,1008,62,resnet50,A,5e203de9913a10ae47f75aab7d778e21e9a142a0699f4a4a6c374b725d67c1ae,c244267ea49356306df7dbc832e0b9f4516976f3e9b9d4e3ccd3a2ed4c09764e,research-lab/experiments/registered-workflow/runs/primary/run_0299,pending,primary_analysis
run_0300,sipakmed,split_08,1008,62,resnet50,B,5e203de9913a10ae47f75aab7d778e21e9a142a0699f4a4a6c374b725d67c1ae,c244267ea49356306df7dbc832e0b9f4516976f3e9b9d4e3ccd3a2ed4c09764e,research-lab/experiments/registered-workflow/runs/primary/run_0300,pending,primary_analysis
run_0301,sipakmed,split_08,1008,62,densenet121,A,5e203de9913a10ae47f75aab7d778e21e9a142a0699f4a4a6c374b725d67c1ae,c244267ea49356306df7dbc832e0b9f4516976f3e9b9d4e3ccd3a2ed4c09764e,research-lab/experiments/registered-workflow/runs/primary/run_0301,pending,primary_analysis
run_0302,sipakmed,split_08,1008,62,densenet121,B,5e203de9913a10ae47f75aab7d778e21e9a142a0699f4a4a6c374b725d67c1ae,c244267ea49356306df7dbc832e0b9f4516976f3e9b9d4e3ccd3a2ed4c09764e,research-lab/experiments/registered-workflow/runs/primary/run_0302,pending,primary_analysis
run_0303,sipakmed,split_08,1008,62,efficientnet_b0,A,5e203de9913a10ae47f75aab7d778e21e9a142a0699f4a4a6c374b725d67c1ae,c244267ea49356306df7dbc832e0b9f4516976f3e9b9d4e3ccd3a2ed4c09764e,research-lab/experiments/registered-workflow/runs/primary/run_0303,pending,primary_analysis
run_0304,sipakmed,split_08,1008,62,efficientnet_b0,B,5e203de9913a10ae47f75aab7d778e21e9a142a0699f4a4a6c374b725d67c1ae,c244267ea49356306df7dbc832e0b9f4516976f3e9b9d4e3ccd3a2ed4c09764e,research-lab/experiments/registered-workflow/runs/primary/run_0304,pending,primary_analysis
run_0305,sipakmed,split_08,1008,72,resnet18,A,5e203de9913a10ae47f75aab7d778e21e9a142a0699f4a4a6c374b725d67c1ae,c244267ea49356306df7dbc832e0b9f4516976f3e9b9d4e3ccd3a2ed4c09764e,research-lab/experiments/registered-workflow/runs/primary/run_0305,pending,primary_analysis
run_0306,sipakmed,split_08,1008,72,resnet18,B,5e203de9913a10ae47f75aab7d778e21e9a142a0699f4a4a6c374b725d67c1ae,c244267ea49356306df7dbc832e0b9f4516976f3e9b9d4e3ccd3a2ed4c09764e,research-lab/experiments/registered-workflow/runs/primary/run_0306,pending,primary_analysis
run_0307,sipakmed,split_08,1008,72,resnet50,A,5e203de9913a10ae47f75aab7d778e21e9a142a0699f4a4a6c374b725d67c1ae,c244267ea49356306df7dbc832e0b9f4516976f3e9b9d4e3ccd3a2ed4c09764e,research-lab/experiments/registered-workflow/runs/primary/run_0307,pending,primary_analysis
run_0308,sipakmed,split_08,1008,72,resnet50,B,5e203de9913a10ae47f75aab7d778e21e9a142a0699f4a4a6c374b725d67c1ae,c244267ea49356306df7dbc832e0b9f4516976f3e9b9d4e3ccd3a2ed4c09764e,research-lab/experiments/registered-workflow/runs/primary/run_0308,pending,primary_analysis
run_0309,sipakmed,split_08,1008,72,densenet121,A,5e203de9913a10ae47f75aab7d778e21e9a142a0699f4a4a6c374b725d67c1ae,c244267ea49356306df7dbc832e0b9f4516976f3e9b9d4e3ccd3a2ed4c09764e,research-lab/experiments/registered-workflow/runs/primary/run_0309,pending,primary_analysis
run_0310,sipakmed,split_08,1008,72,densenet121,B,5e203de9913a10ae47f75aab7d778e21e9a142a0699f4a4a6c374b725d67c1ae,c244267ea49356306df7dbc832e0b9f4516976f3e9b9d4e3ccd3a2ed4c09764e,research-lab/experiments/registered-workflow/runs/primary/run_0310,pending,primary_analysis
run_0311,sipakmed,split_08,1008,72,efficientnet_b0,A,5e203de9913a10ae47f75aab7d778e21e9a142a0699f4a4a6c374b725d67c1ae,c244267ea49356306df7dbc832e0b9f4516976f3e9b9d4e3ccd3a2ed4c09764e,research-lab/experiments/registered-workflow/runs/primary/run_0311,pending,primary_analysis
run_0312,sipakmed,split_08,1008,72,efficientnet_b0,B,5e203de9913a10ae47f75aab7d778e21e9a142a0699f4a4a6c374b725d67c1ae,c244267ea49356306df7dbc832e0b9f4516976f3e9b9d4e3ccd3a2ed4c09764e,research-lab/experiments/registered-workflow/runs/primary/run_0312,pending,primary_analysis
run_0313,sipakmed,split_08,1008,82,resnet18,A,5e203de9913a10ae47f75aab7d778e21e9a142a0699f4a4a6c374b725d67c1ae,c244267ea49356306df7dbc832e0b9f4516976f3e9b9d4e3ccd3a2ed4c09764e,research-lab/experiments/registered-workflow/runs/primary/run_0313,pending,primary_analysis
run_0314,sipakmed,split_08,1008,82,resnet18,B,5e203de9913a10ae47f75aab7d778e21e9a142a0699f4a4a6c374b725d67c1ae,c244267ea49356306df7dbc832e0b9f4516976f3e9b9d4e3ccd3a2ed4c09764e,research-lab/experiments/registered-workflow/runs/primary/run_0314,pending,primary_analysis
run_0315,sipakmed,split_08,1008,82,resnet50,A,5e203de9913a10ae47f75aab7d778e21e9a142a0699f4a4a6c374b725d67c1ae,c244267ea49356306df7dbc832e0b9f4516976f3e9b9d4e3ccd3a2ed4c09764e,research-lab/experiments/registered-workflow/runs/primary/run_0315,pending,primary_analysis
run_0316,sipakmed,split_08,1008,82,resnet50,B,5e203de9913a10ae47f75aab7d778e21e9a142a0699f4a4a6c374b725d67c1ae,c244267ea49356306df7dbc832e0b9f4516976f3e9b9d4e3ccd3a2ed4c09764e,research-lab/experiments/registered-workflow/runs/primary/run_0316,pending,primary_analysis
run_0317,sipakmed,split_08,1008,82,densenet121,A,5e203de9913a10ae47f75aab7d778e21e9a142a0699f4a4a6c374b725d67c1ae,c244267ea49356306df7dbc832e0b9f4516976f3e9b9d4e3ccd3a2ed4c09764e,research-lab/experiments/registered-workflow/runs/primary/run_0317,pending,primary_analysis
run_0318,sipakmed,split_08,1008,82,densenet121,B,5e203de9913a10ae47f75aab7d778e21e9a142a0699f4a4a6c374b725d67c1ae,c244267ea49356306df7dbc832e0b9f4516976f3e9b9d4e3ccd3a2ed4c09764e,research-lab/experiments/registered-workflow/runs/primary/run_0318,pending,primary_analysis
run_0319,sipakmed,split_08,1008,82,efficientnet_b0,A,5e203de9913a10ae47f75aab7d778e21e9a142a0699f4a4a6c374b725d67c1ae,c244267ea49356306df7dbc832e0b9f4516976f3e9b9d4e3ccd3a2ed4c09764e,research-lab/experiments/registered-workflow/runs/primary/run_0319,pending,primary_analysis
run_0320,sipakmed,split_08,1008,82,efficientnet_b0,B,5e203de9913a10ae47f75aab7d778e21e9a142a0699f4a4a6c374b725d67c1ae,c244267ea49356306df7dbc832e0b9f4516976f3e9b9d4e3ccd3a2ed4c09764e,research-lab/experiments/registered-workflow/runs/primary/run_0320,pending,primary_analysis
run_0321,sipakmed,split_09,1009,42,resnet18,A,5e203de9913a10ae47f75aab7d778e21e9a142a0699f4a4a6c374b725d67c1ae,5775fa9742fe4ba5b3b00421c334680b09c515e10558be41184572255b45215b,research-lab/experiments/registered-workflow/runs/primary/run_0321,pending,primary_analysis
run_0322,sipakmed,split_09,1009,42,resnet18,B,5e203de9913a10ae47f75aab7d778e21e9a142a0699f4a4a6c374b725d67c1ae,5775fa9742fe4ba5b3b00421c334680b09c515e10558be41184572255b45215b,research-lab/experiments/registered-workflow/runs/primary/run_0322,pending,primary_analysis
run_0323,sipakmed,split_09,1009,42,resnet50,A,5e203de9913a10ae47f75aab7d778e21e9a142a0699f4a4a6c374b725d67c1ae,5775fa9742fe4ba5b3b00421c334680b09c515e10558be41184572255b45215b,research-lab/experiments/registered-workflow/runs/primary/run_0323,pending,primary_analysis
run_0324,sipakmed,split_09,1009,42,resnet50,B,5e203de9913a10ae47f75aab7d778e21e9a142a0699f4a4a6c374b725d67c1ae,5775fa9742fe4ba5b3b00421c334680b09c515e10558be41184572255b45215b,research-lab/experiments/registered-workflow/runs/primary/run_0324,pending,primary_analysis
run_0325,sipakmed,split_09,1009,42,densenet121,A,5e203de9913a10ae47f75aab7d778e21e9a142a0699f4a4a6c374b725d67c1ae,5775fa9742fe4ba5b3b00421c334680b09c515e10558be41184572255b45215b,research-lab/experiments/registered-workflow/runs/primary/run_0325,pending,primary_analysis
run_0326,sipakmed,split_09,1009,42,densenet121,B,5e203de9913a10ae47f75aab7d778e21e9a142a0699f4a4a6c374b725d67c1ae,5775fa9742fe4ba5b3b00421c334680b09c515e10558be41184572255b45215b,research-lab/experiments/registered-workflow/runs/primary/run_0326,pending,primary_analysis
run_0327,sipakmed,split_09,1009,42,efficientnet_b0,A,5e203de9913a10ae47f75aab7d778e21e9a142a0699f4a4a6c374b725d67c1ae,5775fa9742fe4ba5b3b00421c334680b09c515e10558be41184572255b45215b,research-lab/experiments/registered-workflow/runs/primary/run_0327,pending,primary_analysis
run_0328,sipakmed,split_09,1009,42,efficientnet_b0,B,5e203de9913a10ae47f75aab7d778e21e9a142a0699f4a4a6c374b725d67c1ae,5775fa9742fe4ba5b3b00421c334680b09c515e10558be41184572255b45215b,research-lab/experiments/registered-workflow/runs/primary/run_0328,pending,primary_analysis
run_0329,sipakmed,split_09,1009,52,resnet18,A,5e203de9913a10ae47f75aab7d778e21e9a142a0699f4a4a6c374b725d67c1ae,5775fa9742fe4ba5b3b00421c334680b09c515e10558be41184572255b45215b,research-lab/experiments/registered-workflow/runs/primary/run_0329,pending,primary_analysis
run_0330,sipakmed,split_09,1009,52,resnet18,B,5e203de9913a10ae47f75aab7d778e21e9a142a0699f4a4a6c374b725d67c1ae,5775fa9742fe4ba5b3b00421c334680b09c515e10558be41184572255b45215b,research-lab/experiments/registered-workflow/runs/primary/run_0330,pending,primary_analysis
run_0331,sipakmed,split_09,1009,52,resnet50,A,5e203de9913a10ae47f75aab7d778e21e9a142a0699f4a4a6c374b725d67c1ae,5775fa9742fe4ba5b3b00421c334680b09c515e10558be41184572255b45215b,research-lab/experiments/registered-workflow/runs/primary/run_0331,pending,primary_analysis
run_0332,sipakmed,split_09,1009,52,resnet50,B,5e203de9913a10ae47f75aab7d778e21e9a142a0699f4a4a6c374b725d67c1ae,5775fa9742fe4ba5b3b00421c334680b09c515e10558be41184572255b45215b,research-lab/experiments/registered-workflow/runs/primary/run_0332,pending,primary_analysis
run_0333,sipakmed,split_09,1009,52,densenet121,A,5e203de9913a10ae47f75aab7d778e21e9a142a0699f4a4a6c374b725d67c1ae,5775fa9742fe4ba5b3b00421c334680b09c515e10558be41184572255b45215b,research-lab/experiments/registered-workflow/runs/primary/run_0333,pending,primary_analysis
run_0334,sipakmed,split_09,1009,52,densenet121,B,5e203de9913a10ae47f75aab7d778e21e9a142a0699f4a4a6c374b725d67c1ae,5775fa9742fe4ba5b3b00421c334680b09c515e10558be41184572255b45215b,research-lab/experiments/registered-workflow/runs/primary/run_0334,pending,primary_analysis
run_0335,sipakmed,split_09,1009,52,efficientnet_b0,A,5e203de9913a10ae47f75aab7d778e21e9a142a0699f4a4a6c374b725d67c1ae,5775fa9742fe4ba5b3b00421c334680b09c515e10558be41184572255b45215b,research-lab/experiments/registered-workflow/runs/primary/run_0335,pending,primary_analysis
run_0336,sipakmed,split_09,1009,52,efficientnet_b0,B,5e203de9913a10ae47f75aab7d778e21e9a142a0699f4a4a6c374b725d67c1ae,5775fa9742fe4ba5b3b00421c334680b09c515e10558be41184572255b45215b,research-lab/experiments/registered-workflow/runs/primary/run_0336,pending,primary_analysis
run_0337,sipakmed,split_09,1009,62,resnet18,A,5e203de9913a10ae47f75aab7d778e21e9a142a0699f4a4a6c374b725d67c1ae,5775fa9742fe4ba5b3b00421c334680b09c515e10558be41184572255b45215b,research-lab/experiments/registered-workflow/runs/primary/run_0337,pending,primary_analysis
run_0338,sipakmed,split_09,1009,62,resnet18,B,5e203de9913a10ae47f75aab7d778e21e9a142a0699f4a4a6c374b725d67c1ae,5775fa9742fe4ba5b3b00421c334680b09c515e10558be41184572255b45215b,research-lab/experiments/registered-workflow/runs/primary/run_0338,pending,primary_analysis
run_0339,sipakmed,split_09,1009,62,resnet50,A,5e203de9913a10ae47f75aab7d778e21e9a142a0699f4a4a6c374b725d67c1ae,5775fa9742fe4ba5b3b00421c334680b09c515e10558be41184572255b45215b,research-lab/experiments/registered-workflow/runs/primary/run_0339,pending,primary_analysis
run_0340,sipakmed,split_09,1009,62,resnet50,B,5e203de9913a10ae47f75aab7d778e21e9a142a0699f4a4a6c374b725d67c1ae,5775fa9742fe4ba5b3b00421c334680b09c515e10558be41184572255b45215b,research-lab/experiments/registered-workflow/runs/primary/run_0340,pending,primary_analysis
run_0341,sipakmed,split_09,1009,62,densenet121,A,5e203de9913a10ae47f75aab7d778e21e9a142a0699f4a4a6c374b725d67c1ae,5775fa9742fe4ba5b3b00421c334680b09c515e10558be41184572255b45215b,research-lab/experiments/registered-workflow/runs/primary/run_0341,pending,primary_analysis
run_0342,sipakmed,split_09,1009,62,densenet121,B,5e203de9913a10ae47f75aab7d778e21e9a142a0699f4a4a6c374b725d67c1ae,5775fa9742fe4ba5b3b00421c334680b09c515e10558be41184572255b45215b,research-lab/experiments/registered-workflow/runs/primary/run_0342,pending,primary_analysis
run_0343,sipakmed,split_09,1009,62,efficientnet_b0,A,5e203de9913a10ae47f75aab7d778e21e9a142a0699f4a4a6c374b725d67c1ae,5775fa9742fe4ba5b3b00421c334680b09c515e10558be41184572255b45215b,research-lab/experiments/registered-workflow/runs/primary/run_0343,pending,primary_analysis
run_0344,sipakmed,split_09,1009,62,efficientnet_b0,B,5e203de9913a10ae47f75aab7d778e21e9a142a0699f4a4a6c374b725d67c1ae,5775fa9742fe4ba5b3b00421c334680b09c515e10558be41184572255b45215b,research-lab/experiments/registered-workflow/runs/primary/run_0344,pending,primary_analysis
run_0345,sipakmed,split_09,1009,72,resnet18,A,5e203de9913a10ae47f75aab7d778e21e9a142a0699f4a4a6c374b725d67c1ae,5775fa9742fe4ba5b3b00421c334680b09c515e10558be41184572255b45215b,research-lab/experiments/registered-workflow/runs/primary/run_0345,pending,primary_analysis
run_0346,sipakmed,split_09,1009,72,resnet18,B,5e203de9913a10ae47f75aab7d778e21e9a142a0699f4a4a6c374b725d67c1ae,5775fa9742fe4ba5b3b00421c334680b09c515e10558be41184572255b45215b,research-lab/experiments/registered-workflow/runs/primary/run_0346,pending,primary_analysis
run_0347,sipakmed,split_09,1009,72,resnet50,A,5e203de9913a10ae47f75aab7d778e21e9a142a0699f4a4a6c374b725d67c1ae,5775fa9742fe4ba5b3b00421c334680b09c515e10558be41184572255b45215b,research-lab/experiments/registered-workflow/runs/primary/run_0347,pending,primary_analysis
run_0348,sipakmed,split_09,1009,72,resnet50,B,5e203de9913a10ae47f75aab7d778e21e9a142a0699f4a4a6c374b725d67c1ae,5775fa9742fe4ba5b3b00421c334680b09c515e10558be41184572255b45215b,research-lab/experiments/registered-workflow/runs/primary/run_0348,pending,primary_analysis
run_0349,sipakmed,split_09,1009,72,densenet121,A,5e203de9913a10ae47f75aab7d778e21e9a142a0699f4a4a6c374b725d67c1ae,5775fa9742fe4ba5b3b00421c334680b09c515e10558be41184572255b45215b,research-lab/experiments/registered-workflow/runs/primary/run_0349,pending,primary_analysis
run_0350,sipakmed,split_09,1009,72,densenet121,B,5e203de9913a10ae47f75aab7d778e21e9a142a0699f4a4a6c374b725d67c1ae,5775fa9742fe4ba5b3b00421c334680b09c515e10558be41184572255b45215b,research-lab/experiments/registered-workflow/runs/primary/run_0350,pending,primary_analysis
run_0351,sipakmed,split_09,1009,72,efficientnet_b0,A,5e203de9913a10ae47f75aab7d778e21e9a142a0699f4a4a6c374b725d67c1ae,5775fa9742fe4ba5b3b00421c334680b09c515e10558be41184572255b45215b,research-lab/experiments/registered-workflow/runs/primary/run_0351,pending,primary_analysis
run_0352,sipakmed,split_09,1009,72,efficientnet_b0,B,5e203de9913a10ae47f75aab7d778e21e9a142a0699f4a4a6c374b725d67c1ae,5775fa9742fe4ba5b3b00421c334680b09c515e10558be41184572255b45215b,research-lab/experiments/registered-workflow/runs/primary/run_0352,pending,primary_analysis
run_0353,sipakmed,split_09,1009,82,resnet18,A,5e203de9913a10ae47f75aab7d778e21e9a142a0699f4a4a6c374b725d67c1ae,5775fa9742fe4ba5b3b00421c334680b09c515e10558be41184572255b45215b,research-lab/experiments/registered-workflow/runs/primary/run_0353,pending,primary_analysis
run_0354,sipakmed,split_09,1009,82,resnet18,B,5e203de9913a10ae47f75aab7d778e21e9a142a0699f4a4a6c374b725d67c1ae,5775fa9742fe4ba5b3b00421c334680b09c515e10558be41184572255b45215b,research-lab/experiments/registered-workflow/runs/primary/run_0354,pending,primary_analysis
run_0355,sipakmed,split_09,1009,82,resnet50,A,5e203de9913a10ae47f75aab7d778e21e9a142a0699f4a4a6c374b725d67c1ae,5775fa9742fe4ba5b3b00421c334680b09c515e10558be41184572255b45215b,research-lab/experiments/registered-workflow/runs/primary/run_0355,pending,primary_analysis
run_0356,sipakmed,split_09,1009,82,resnet50,B,5e203de9913a10ae47f75aab7d778e21e9a142a0699f4a4a6c374b725d67c1ae,5775fa9742fe4ba5b3b00421c334680b09c515e10558be41184572255b45215b,research-lab/experiments/registered-workflow/runs/primary/run_0356,pending,primary_analysis
run_0357,sipakmed,split_09,1009,82,densenet121,A,5e203de9913a10ae47f75aab7d778e21e9a142a0699f4a4a6c374b725d67c1ae,5775fa9742fe4ba5b3b00421c334680b09c515e10558be41184572255b45215b,research-lab/experiments/registered-workflow/runs/primary/run_0357,pending,primary_analysis
run_0358,sipakmed,split_09,1009,82,densenet121,B,5e203de9913a10ae47f75aab7d778e21e9a142a0699f4a4a6c374b725d67c1ae,5775fa9742fe4ba5b3b00421c334680b09c515e10558be41184572255b45215b,research-lab/experiments/registered-workflow/runs/primary/run_0358,pending,primary_analysis
run_0359,sipakmed,split_09,1009,82,efficientnet_b0,A,5e203de9913a10ae47f75aab7d778e21e9a142a0699f4a4a6c374b725d67c1ae,5775fa9742fe4ba5b3b00421c334680b09c515e10558be41184572255b45215b,research-lab/experiments/registered-workflow/runs/primary/run_0359,pending,primary_analysis
run_0360,sipakmed,split_09,1009,82,efficientnet_b0,B,5e203de9913a10ae47f75aab7d778e21e9a142a0699f4a4a6c374b725d67c1ae,5775fa9742fe4ba5b3b00421c334680b09c515e10558be41184572255b45215b,research-lab/experiments/registered-workflow/runs/primary/run_0360,pending,primary_analysis
run_0361,sipakmed,split_10,1010,42,resnet18,A,5e203de9913a10ae47f75aab7d778e21e9a142a0699f4a4a6c374b725d67c1ae,0af13229372ce953c2ddf8d28a612c846b5cdc04bf7b1e89c93147e67c292c0e,research-lab/experiments/registered-workflow/runs/primary/run_0361,pending,primary_analysis
run_0362,sipakmed,split_10,1010,42,resnet18,B,5e203de9913a10ae47f75aab7d778e21e9a142a0699f4a4a6c374b725d67c1ae,0af13229372ce953c2ddf8d28a612c846b5cdc04bf7b1e89c93147e67c292c0e,research-lab/experiments/registered-workflow/runs/primary/run_0362,pending,primary_analysis
run_0363,sipakmed,split_10,1010,42,resnet50,A,5e203de9913a10ae47f75aab7d778e21e9a142a0699f4a4a6c374b725d67c1ae,0af13229372ce953c2ddf8d28a612c846b5cdc04bf7b1e89c93147e67c292c0e,research-lab/experiments/registered-workflow/runs/primary/run_0363,pending,primary_analysis
run_0364,sipakmed,split_10,1010,42,resnet50,B,5e203de9913a10ae47f75aab7d778e21e9a142a0699f4a4a6c374b725d67c1ae,0af13229372ce953c2ddf8d28a612c846b5cdc04bf7b1e89c93147e67c292c0e,research-lab/experiments/registered-workflow/runs/primary/run_0364,pending,primary_analysis
run_0365,sipakmed,split_10,1010,42,densenet121,A,5e203de9913a10ae47f75aab7d778e21e9a142a0699f4a4a6c374b725d67c1ae,0af13229372ce953c2ddf8d28a612c846b5cdc04bf7b1e89c93147e67c292c0e,research-lab/experiments/registered-workflow/runs/primary/run_0365,pending,primary_analysis
run_0366,sipakmed,split_10,1010,42,densenet121,B,5e203de9913a10ae47f75aab7d778e21e9a142a0699f4a4a6c374b725d67c1ae,0af13229372ce953c2ddf8d28a612c846b5cdc04bf7b1e89c93147e67c292c0e,research-lab/experiments/registered-workflow/runs/primary/run_0366,pending,primary_analysis
run_0367,sipakmed,split_10,1010,42,efficientnet_b0,A,5e203de9913a10ae47f75aab7d778e21e9a142a0699f4a4a6c374b725d67c1ae,0af13229372ce953c2ddf8d28a612c846b5cdc04bf7b1e89c93147e67c292c0e,research-lab/experiments/registered-workflow/runs/primary/run_0367,pending,primary_analysis
run_0368,sipakmed,split_10,1010,42,efficientnet_b0,B,5e203de9913a10ae47f75aab7d778e21e9a142a0699f4a4a6c374b725d67c1ae,0af13229372ce953c2ddf8d28a612c846b5cdc04bf7b1e89c93147e67c292c0e,research-lab/experiments/registered-workflow/runs/primary/run_0368,pending,primary_analysis
run_0369,sipakmed,split_10,1010,52,resnet18,A,5e203de9913a10ae47f75aab7d778e21e9a142a0699f4a4a6c374b725d67c1ae,0af13229372ce953c2ddf8d28a612c846b5cdc04bf7b1e89c93147e67c292c0e,research-lab/experiments/registered-workflow/runs/primary/run_0369,pending,primary_analysis
run_0370,sipakmed,split_10,1010,52,resnet18,B,5e203de9913a10ae47f75aab7d778e21e9a142a0699f4a4a6c374b725d67c1ae,0af13229372ce953c2ddf8d28a612c846b5cdc04bf7b1e89c93147e67c292c0e,research-lab/experiments/registered-workflow/runs/primary/run_0370,pending,primary_analysis
run_0371,sipakmed,split_10,1010,52,resnet50,A,5e203de9913a10ae47f75aab7d778e21e9a142a0699f4a4a6c374b725d67c1ae,0af13229372ce953c2ddf8d28a612c846b5cdc04bf7b1e89c93147e67c292c0e,research-lab/experiments/registered-workflow/runs/primary/run_0371,pending,primary_analysis
run_0372,sipakmed,split_10,1010,52,resnet50,B,5e203de9913a10ae47f75aab7d778e21e9a142a0699f4a4a6c374b725d67c1ae,0af13229372ce953c2ddf8d28a612c846b5cdc04bf7b1e89c93147e67c292c0e,research-lab/experiments/registered-workflow/runs/primary/run_0372,pending,primary_analysis
run_0373,sipakmed,split_10,1010,52,densenet121,A,5e203de9913a10ae47f75aab7d778e21e9a142a0699f4a4a6c374b725d67c1ae,0af13229372ce953c2ddf8d28a612c846b5cdc04bf7b1e89c93147e67c292c0e,research-lab/experiments/registered-workflow/runs/primary/run_0373,pending,primary_analysis
run_0374,sipakmed,split_10,1010,52,densenet121,B,5e203de9913a10ae47f75aab7d778e21e9a142a0699f4a4a6c374b725d67c1ae,0af13229372ce953c2ddf8d28a612c846b5cdc04bf7b1e89c93147e67c292c0e,research-lab/experiments/registered-workflow/runs/primary/run_0374,pending,primary_analysis
run_0375,sipakmed,split_10,1010,52,efficientnet_b0,A,5e203de9913a10ae47f75aab7d778e21e9a142a0699f4a4a6c374b725d67c1ae,0af13229372ce953c2ddf8d28a612c846b5cdc04bf7b1e89c93147e67c292c0e,research-lab/experiments/registered-workflow/runs/primary/run_0375,pending,primary_analysis
run_0376,sipakmed,split_10,1010,52,efficientnet_b0,B,5e203de9913a10ae47f75aab7d778e21e9a142a0699f4a4a6c374b725d67c1ae,0af13229372ce953c2ddf8d28a612c846b5cdc04bf7b1e89c93147e67c292c0e,research-lab/experiments/registered-workflow/runs/primary/run_0376,pending,primary_analysis
run_0377,sipakmed,split_10,1010,62,resnet18,A,5e203de9913a10ae47f75aab7d778e21e9a142a0699f4a4a6c374b725d67c1ae,0af13229372ce953c2ddf8d28a612c846b5cdc04bf7b1e89c93147e67c292c0e,research-lab/experiments/registered-workflow/runs/primary/run_0377,pending,primary_analysis
run_0378,sipakmed,split_10,1010,62,resnet18,B,5e203de9913a10ae47f75aab7d778e21e9a142a0699f4a4a6c374b725d67c1ae,0af13229372ce953c2ddf8d28a612c846b5cdc04bf7b1e89c93147e67c292c0e,research-lab/experiments/registered-workflow/runs/primary/run_0378,pending,primary_analysis
run_0379,sipakmed,split_10,1010,62,resnet50,A,5e203de9913a10ae47f75aab7d778e21e9a142a0699f4a4a6c374b725d67c1ae,0af13229372ce953c2ddf8d28a612c846b5cdc04bf7b1e89c93147e67c292c0e,research-lab/experiments/registered-workflow/runs/primary/run_0379,pending,primary_analysis
run_0380,sipakmed,split_10,1010,62,resnet50,B,5e203de9913a10ae47f75aab7d778e21e9a142a0699f4a4a6c374b725d67c1ae,0af13229372ce953c2ddf8d28a612c846b5cdc04bf7b1e89c93147e67c292c0e,research-lab/experiments/registered-workflow/runs/primary/run_0380,pending,primary_analysis
run_0381,sipakmed,split_10,1010,62,densenet121,A,5e203de9913a10ae47f75aab7d778e21e9a142a0699f4a4a6c374b725d67c1ae,0af13229372ce953c2ddf8d28a612c846b5cdc04bf7b1e89c93147e67c292c0e,research-lab/experiments/registered-workflow/runs/primary/run_0381,pending,primary_analysis
run_0382,sipakmed,split_10,1010,62,densenet121,B,5e203de9913a10ae47f75aab7d778e21e9a142a0699f4a4a6c374b725d67c1ae,0af13229372ce953c2ddf8d28a612c846b5cdc04bf7b1e89c93147e67c292c0e,research-lab/experiments/registered-workflow/runs/primary/run_0382,pending,primary_analysis
run_0383,sipakmed,split_10,1010,62,efficientnet_b0,A,5e203de9913a10ae47f75aab7d778e21e9a142a0699f4a4a6c374b725d67c1ae,0af13229372ce953c2ddf8d28a612c846b5cdc04bf7b1e89c93147e67c292c0e,research-lab/experiments/registered-workflow/runs/primary/run_0383,pending,primary_analysis
run_0384,sipakmed,split_10,1010,62,efficientnet_b0,B,5e203de9913a10ae47f75aab7d778e21e9a142a0699f4a4a6c374b725d67c1ae,0af13229372ce953c2ddf8d28a612c846b5cdc04bf7b1e89c93147e67c292c0e,research-lab/experiments/registered-workflow/runs/primary/run_0384,pending,primary_analysis
run_0385,sipakmed,split_10,1010,72,resnet18,A,5e203de9913a10ae47f75aab7d778e21e9a142a0699f4a4a6c374b725d67c1ae,0af13229372ce953c2ddf8d28a612c846b5cdc04bf7b1e89c93147e67c292c0e,research-lab/experiments/registered-workflow/runs/primary/run_0385,pending,primary_analysis
run_0386,sipakmed,split_10,1010,72,resnet18,B,5e203de9913a10ae47f75aab7d778e21e9a142a0699f4a4a6c374b725d67c1ae,0af13229372ce953c2ddf8d28a612c846b5cdc04bf7b1e89c93147e67c292c0e,research-lab/experiments/registered-workflow/runs/primary/run_0386,pending,primary_analysis
run_0387,sipakmed,split_10,1010,72,resnet50,A,5e203de9913a10ae47f75aab7d778e21e9a142a0699f4a4a6c374b725d67c1ae,0af13229372ce953c2ddf8d28a612c846b5cdc04bf7b1e89c93147e67c292c0e,research-lab/experiments/registered-workflow/runs/primary/run_0387,pending,primary_analysis
run_0388,sipakmed,split_10,1010,72,resnet50,B,5e203de9913a10ae47f75aab7d778e21e9a142a0699f4a4a6c374b725d67c1ae,0af13229372ce953c2ddf8d28a612c846b5cdc04bf7b1e89c93147e67c292c0e,research-lab/experiments/registered-workflow/runs/primary/run_0388,pending,primary_analysis
run_0389,sipakmed,split_10,1010,72,densenet121,A,5e203de9913a10ae47f75aab7d778e21e9a142a0699f4a4a6c374b725d67c1ae,0af13229372ce953c2ddf8d28a612c846b5cdc04bf7b1e89c93147e67c292c0e,research-lab/experiments/registered-workflow/runs/primary/run_0389,pending,primary_analysis
run_0390,sipakmed,split_10,1010,72,densenet121,B,5e203de9913a10ae47f75aab7d778e21e9a142a0699f4a4a6c374b725d67c1ae,0af13229372ce953c2ddf8d28a612c846b5cdc04bf7b1e89c93147e67c292c0e,research-lab/experiments/registered-workflow/runs/primary/run_0390,pending,primary_analysis
run_0391,sipakmed,split_10,1010,72,efficientnet_b0,A,5e203de9913a10ae47f75aab7d778e21e9a142a0699f4a4a6c374b725d67c1ae,0af13229372ce953c2ddf8d28a612c846b5cdc04bf7b1e89c93147e67c292c0e,research-lab/experiments/registered-workflow/runs/primary/run_0391,pending,primary_analysis
run_0392,sipakmed,split_10,1010,72,efficientnet_b0,B,5e203de9913a10ae47f75aab7d778e21e9a142a0699f4a4a6c374b725d67c1ae,0af13229372ce953c2ddf8d28a612c846b5cdc04bf7b1e89c93147e67c292c0e,research-lab/experiments/registered-workflow/runs/primary/run_0392,pending,primary_analysis
run_0393,sipakmed,split_10,1010,82,resnet18,A,5e203de9913a10ae47f75aab7d778e21e9a142a0699f4a4a6c374b725d67c1ae,0af13229372ce953c2ddf8d28a612c846b5cdc04bf7b1e89c93147e67c292c0e,research-lab/experiments/registered-workflow/runs/primary/run_0393,pending,primary_analysis
run_0394,sipakmed,split_10,1010,82,resnet18,B,5e203de9913a10ae47f75aab7d778e21e9a142a0699f4a4a6c374b725d67c1ae,0af13229372ce953c2ddf8d28a612c846b5cdc04bf7b1e89c93147e67c292c0e,research-lab/experiments/registered-workflow/runs/primary/run_0394,pending,primary_analysis
run_0395,sipakmed,split_10,1010,82,resnet50,A,5e203de9913a10ae47f75aab7d778e21e9a142a0699f4a4a6c374b725d67c1ae,0af13229372ce953c2ddf8d28a612c846b5cdc04bf7b1e89c93147e67c292c0e,research-lab/experiments/registered-workflow/runs/primary/run_0395,pending,primary_analysis
run_0396,sipakmed,split_10,1010,82,resnet50,B,5e203de9913a10ae47f75aab7d778e21e9a142a0699f4a4a6c374b725d67c1ae,0af13229372ce953c2ddf8d28a612c846b5cdc04bf7b1e89c93147e67c292c0e,research-lab/experiments/registered-workflow/runs/primary/run_0396,pending,primary_analysis
run_0397,sipakmed,split_10,1010,82,densenet121,A,5e203de9913a10ae47f75aab7d778e21e9a142a0699f4a4a6c374b725d67c1ae,0af13229372ce953c2ddf8d28a612c846b5cdc04bf7b1e89c93147e67c292c0e,research-lab/experiments/registered-workflow/runs/primary/run_0397,pending,primary_analysis
run_0398,sipakmed,split_10,1010,82,densenet121,B,5e203de9913a10ae47f75aab7d778e21e9a142a0699f4a4a6c374b725d67c1ae,0af13229372ce953c2ddf8d28a612c846b5cdc04bf7b1e89c93147e67c292c0e,research-lab/experiments/registered-workflow/runs/primary/run_0398,pending,primary_analysis
run_0399,sipakmed,split_10,1010,82,efficientnet_b0,A,5e203de9913a10ae47f75aab7d778e21e9a142a0699f4a4a6c374b725d67c1ae,0af13229372ce953c2ddf8d28a612c846b5cdc04bf7b1e89c93147e67c292c0e,research-lab/experiments/registered-workflow/runs/primary/run_0399,pending,primary_analysis
run_0400,sipakmed,split_10,1010,82,efficientnet_b0,B,5e203de9913a10ae47f75aab7d778e21e9a142a0699f4a4a6c374b725d67c1ae,0af13229372ce953c2ddf8d28a612c846b5cdc04bf7b1e89c93147e67c292c0e,research-lab/experiments/registered-workflow/runs/primary/run_0400,pending,primary_analysis
run_0401,organamnist,split_01,1001,42,resnet18,A,5e203de9913a10ae47f75aab7d778e21e9a142a0699f4a4a6c374b725d67c1ae,6745775b43b1567c0b64483b0b4cf88e435d7c726d70fc1446c6b14af0471d5f,research-lab/experiments/registered-workflow/runs/primary/run_0401,pending,primary_analysis
run_0402,organamnist,split_01,1001,42,resnet18,B,5e203de9913a10ae47f75aab7d778e21e9a142a0699f4a4a6c374b725d67c1ae,6745775b43b1567c0b64483b0b4cf88e435d7c726d70fc1446c6b14af0471d5f,research-lab/experiments/registered-workflow/runs/primary/run_0402,pending,primary_analysis
run_0403,organamnist,split_01,1001,42,resnet50,A,5e203de9913a10ae47f75aab7d778e21e9a142a0699f4a4a6c374b725d67c1ae,6745775b43b1567c0b64483b0b4cf88e435d7c726d70fc1446c6b14af0471d5f,research-lab/experiments/registered-workflow/runs/primary/run_0403,pending,primary_analysis
run_0404,organamnist,split_01,1001,42,resnet50,B,5e203de9913a10ae47f75aab7d778e21e9a142a0699f4a4a6c374b725d67c1ae,6745775b43b1567c0b64483b0b4cf88e435d7c726d70fc1446c6b14af0471d5f,research-lab/experiments/registered-workflow/runs/primary/run_0404,pending,primary_analysis
run_0405,organamnist,split_01,1001,42,densenet121,A,5e203de9913a10ae47f75aab7d778e21e9a142a0699f4a4a6c374b725d67c1ae,6745775b43b1567c0b64483b0b4cf88e435d7c726d70fc1446c6b14af0471d5f,research-lab/experiments/registered-workflow/runs/primary/run_0405,pending,primary_analysis
run_0406,organamnist,split_01,1001,42,densenet121,B,5e203de9913a10ae47f75aab7d778e21e9a142a0699f4a4a6c374b725d67c1ae,6745775b43b1567c0b64483b0b4cf88e435d7c726d70fc1446c6b14af0471d5f,research-lab/experiments/registered-workflow/runs/primary/run_0406,pending,primary_analysis
run_0407,organamnist,split_01,1001,42,efficientnet_b0,A,5e203de9913a10ae47f75aab7d778e21e9a142a0699f4a4a6c374b725d67c1ae,6745775b43b1567c0b64483b0b4cf88e435d7c726d70fc1446c6b14af0471d5f,research-lab/experiments/registered-workflow/runs/primary/run_0407,pending,primary_analysis
run_0408,organamnist,split_01,1001,42,efficientnet_b0,B,5e203de9913a10ae47f75aab7d778e21e9a142a0699f4a4a6c374b725d67c1ae,6745775b43b1567c0b64483b0b4cf88e435d7c726d70fc1446c6b14af0471d5f,research-lab/experiments/registered-workflow/runs/primary/run_0408,pending,primary_analysis
run_0409,organamnist,split_01,1001,52,resnet18,A,5e203de9913a10ae47f75aab7d778e21e9a142a0699f4a4a6c374b725d67c1ae,6745775b43b1567c0b64483b0b4cf88e435d7c726d70fc1446c6b14af0471d5f,research-lab/experiments/registered-workflow/runs/primary/run_0409,pending,primary_analysis
run_0410,organamnist,split_01,1001,52,resnet18,B,5e203de9913a10ae47f75aab7d778e21e9a142a0699f4a4a6c374b725d67c1ae,6745775b43b1567c0b64483b0b4cf88e435d7c726d70fc1446c6b14af0471d5f,research-lab/experiments/registered-workflow/runs/primary/run_0410,pending,primary_analysis
run_0411,organamnist,split_01,1001,52,resnet50,A,5e203de9913a10ae47f75aab7d778e21e9a142a0699f4a4a6c374b725d67c1ae,6745775b43b1567c0b64483b0b4cf88e435d7c726d70fc1446c6b14af0471d5f,research-lab/experiments/registered-workflow/runs/primary/run_0411,pending,primary_analysis
run_0412,organamnist,split_01,1001,52,resnet50,B,5e203de9913a10ae47f75aab7d778e21e9a142a0699f4a4a6c374b725d67c1ae,6745775b43b1567c0b64483b0b4cf88e435d7c726d70fc1446c6b14af0471d5f,research-lab/experiments/registered-workflow/runs/primary/run_0412,pending,primary_analysis
run_0413,organamnist,split_01,1001,52,densenet121,A,5e203de9913a10ae47f75aab7d778e21e9a142a0699f4a4a6c374b725d67c1ae,6745775b43b1567c0b64483b0b4cf88e435d7c726d70fc1446c6b14af0471d5f,research-lab/experiments/registered-workflow/runs/primary/run_0413,pending,primary_analysis
run_0414,organamnist,split_01,1001,52,densenet121,B,5e203de9913a10ae47f75aab7d778e21e9a142a0699f4a4a6c374b725d67c1ae,6745775b43b1567c0b64483b0b4cf88e435d7c726d70fc1446c6b14af0471d5f,research-lab/experiments/registered-workflow/runs/primary/run_0414,pending,primary_analysis
run_0415,organamnist,split_01,1001,52,efficientnet_b0,A,5e203de9913a10ae47f75aab7d778e21e9a142a0699f4a4a6c374b725d67c1ae,6745775b43b1567c0b64483b0b4cf88e435d7c726d70fc1446c6b14af0471d5f,research-lab/experiments/registered-workflow/runs/primary/run_0415,pending,primary_analysis
run_0416,organamnist,split_01,1001,52,efficientnet_b0,B,5e203de9913a10ae47f75aab7d778e21e9a142a0699f4a4a6c374b725d67c1ae,6745775b43b1567c0b64483b0b4cf88e435d7c726d70fc1446c6b14af0471d5f,research-lab/experiments/registered-workflow/runs/primary/run_0416,pending,primary_analysis
run_0417,organamnist,split_01,1001,62,resnet18,A,5e203de9913a10ae47f75aab7d778e21e9a142a0699f4a4a6c374b725d67c1ae,6745775b43b1567c0b64483b0b4cf88e435d7c726d70fc1446c6b14af0471d5f,research-lab/experiments/registered-workflow/runs/primary/run_0417,pending,primary_analysis
run_0418,organamnist,split_01,1001,62,resnet18,B,5e203de9913a10ae47f75aab7d778e21e9a142a0699f4a4a6c374b725d67c1ae,6745775b43b1567c0b64483b0b4cf88e435d7c726d70fc1446c6b14af0471d5f,research-lab/experiments/registered-workflow/runs/primary/run_0418,pending,primary_analysis
run_0419,organamnist,split_01,1001,62,resnet50,A,5e203de9913a10ae47f75aab7d778e21e9a142a0699f4a4a6c374b725d67c1ae,6745775b43b1567c0b64483b0b4cf88e435d7c726d70fc1446c6b14af0471d5f,research-lab/experiments/registered-workflow/runs/primary/run_0419,pending,primary_analysis
run_0420,organamnist,split_01,1001,62,resnet50,B,5e203de9913a10ae47f75aab7d778e21e9a142a0699f4a4a6c374b725d67c1ae,6745775b43b1567c0b64483b0b4cf88e435d7c726d70fc1446c6b14af0471d5f,research-lab/experiments/registered-workflow/runs/primary/run_0420,pending,primary_analysis
run_0421,organamnist,split_01,1001,62,densenet121,A,5e203de9913a10ae47f75aab7d778e21e9a142a0699f4a4a6c374b725d67c1ae,6745775b43b1567c0b64483b0b4cf88e435d7c726d70fc1446c6b14af0471d5f,research-lab/experiments/registered-workflow/runs/primary/run_0421,pending,primary_analysis
run_0422,organamnist,split_01,1001,62,densenet121,B,5e203de9913a10ae47f75aab7d778e21e9a142a0699f4a4a6c374b725d67c1ae,6745775b43b1567c0b64483b0b4cf88e435d7c726d70fc1446c6b14af0471d5f,research-lab/experiments/registered-workflow/runs/primary/run_0422,pending,primary_analysis
run_0423,organamnist,split_01,1001,62,efficientnet_b0,A,5e203de9913a10ae47f75aab7d778e21e9a142a0699f4a4a6c374b725d67c1ae,6745775b43b1567c0b64483b0b4cf88e435d7c726d70fc1446c6b14af0471d5f,research-lab/experiments/registered-workflow/runs/primary/run_0423,pending,primary_analysis
run_0424,organamnist,split_01,1001,62,efficientnet_b0,B,5e203de9913a10ae47f75aab7d778e21e9a142a0699f4a4a6c374b725d67c1ae,6745775b43b1567c0b64483b0b4cf88e435d7c726d70fc1446c6b14af0471d5f,research-lab/experiments/registered-workflow/runs/primary/run_0424,pending,primary_analysis
run_0425,organamnist,split_01,1001,72,resnet18,A,5e203de9913a10ae47f75aab7d778e21e9a142a0699f4a4a6c374b725d67c1ae,6745775b43b1567c0b64483b0b4cf88e435d7c726d70fc1446c6b14af0471d5f,research-lab/experiments/registered-workflow/runs/primary/run_0425,pending,primary_analysis
run_0426,organamnist,split_01,1001,72,resnet18,B,5e203de9913a10ae47f75aab7d778e21e9a142a0699f4a4a6c374b725d67c1ae,6745775b43b1567c0b64483b0b4cf88e435d7c726d70fc1446c6b14af0471d5f,research-lab/experiments/registered-workflow/runs/primary/run_0426,pending,primary_analysis
run_0427,organamnist,split_01,1001,72,resnet50,A,5e203de9913a10ae47f75aab7d778e21e9a142a0699f4a4a6c374b725d67c1ae,6745775b43b1567c0b64483b0b4cf88e435d7c726d70fc1446c6b14af0471d5f,research-lab/experiments/registered-workflow/runs/primary/run_0427,pending,primary_analysis
run_0428,organamnist,split_01,1001,72,resnet50,B,5e203de9913a10ae47f75aab7d778e21e9a142a0699f4a4a6c374b725d67c1ae,6745775b43b1567c0b64483b0b4cf88e435d7c726d70fc1446c6b14af0471d5f,research-lab/experiments/registered-workflow/runs/primary/run_0428,pending,primary_analysis
run_0429,organamnist,split_01,1001,72,densenet121,A,5e203de9913a10ae47f75aab7d778e21e9a142a0699f4a4a6c374b725d67c1ae,6745775b43b1567c0b64483b0b4cf88e435d7c726d70fc1446c6b14af0471d5f,research-lab/experiments/registered-workflow/runs/primary/run_0429,pending,primary_analysis
run_0430,organamnist,split_01,1001,72,densenet121,B,5e203de9913a10ae47f75aab7d778e21e9a142a0699f4a4a6c374b725d67c1ae,6745775b43b1567c0b64483b0b4cf88e435d7c726d70fc1446c6b14af0471d5f,research-lab/experiments/registered-workflow/runs/primary/run_0430,pending,primary_analysis
run_0431,organamnist,split_01,1001,72,efficientnet_b0,A,5e203de9913a10ae47f75aab7d778e21e9a142a0699f4a4a6c374b725d67c1ae,6745775b43b1567c0b64483b0b4cf88e435d7c726d70fc1446c6b14af0471d5f,research-lab/experiments/registered-workflow/runs/primary/run_0431,pending,primary_analysis
run_0432,organamnist,split_01,1001,72,efficientnet_b0,B,5e203de9913a10ae47f75aab7d778e21e9a142a0699f4a4a6c374b725d67c1ae,6745775b43b1567c0b64483b0b4cf88e435d7c726d70fc1446c6b14af0471d5f,research-lab/experiments/registered-workflow/runs/primary/run_0432,pending,primary_analysis
run_0433,organamnist,split_01,1001,82,resnet18,A,5e203de9913a10ae47f75aab7d778e21e9a142a0699f4a4a6c374b725d67c1ae,6745775b43b1567c0b64483b0b4cf88e435d7c726d70fc1446c6b14af0471d5f,research-lab/experiments/registered-workflow/runs/primary/run_0433,pending,primary_analysis
run_0434,organamnist,split_01,1001,82,resnet18,B,5e203de9913a10ae47f75aab7d778e21e9a142a0699f4a4a6c374b725d67c1ae,6745775b43b1567c0b64483b0b4cf88e435d7c726d70fc1446c6b14af0471d5f,research-lab/experiments/registered-workflow/runs/primary/run_0434,pending,primary_analysis
run_0435,organamnist,split_01,1001,82,resnet50,A,5e203de9913a10ae47f75aab7d778e21e9a142a0699f4a4a6c374b725d67c1ae,6745775b43b1567c0b64483b0b4cf88e435d7c726d70fc1446c6b14af0471d5f,research-lab/experiments/registered-workflow/runs/primary/run_0435,pending,primary_analysis
run_0436,organamnist,split_01,1001,82,resnet50,B,5e203de9913a10ae47f75aab7d778e21e9a142a0699f4a4a6c374b725d67c1ae,6745775b43b1567c0b64483b0b4cf88e435d7c726d70fc1446c6b14af0471d5f,research-lab/experiments/registered-workflow/runs/primary/run_0436,pending,primary_analysis
run_0437,organamnist,split_01,1001,82,densenet121,A,5e203de9913a10ae47f75aab7d778e21e9a142a0699f4a4a6c374b725d67c1ae,6745775b43b1567c0b64483b0b4cf88e435d7c726d70fc1446c6b14af0471d5f,research-lab/experiments/registered-workflow/runs/primary/run_0437,pending,primary_analysis
run_0438,organamnist,split_01,1001,82,densenet121,B,5e203de9913a10ae47f75aab7d778e21e9a142a0699f4a4a6c374b725d67c1ae,6745775b43b1567c0b64483b0b4cf88e435d7c726d70fc1446c6b14af0471d5f,research-lab/experiments/registered-workflow/runs/primary/run_0438,pending,primary_analysis
run_0439,organamnist,split_01,1001,82,efficientnet_b0,A,5e203de9913a10ae47f75aab7d778e21e9a142a0699f4a4a6c374b725d67c1ae,6745775b43b1567c0b64483b0b4cf88e435d7c726d70fc1446c6b14af0471d5f,research-lab/experiments/registered-workflow/runs/primary/run_0439,pending,primary_analysis
run_0440,organamnist,split_01,1001,82,efficientnet_b0,B,5e203de9913a10ae47f75aab7d778e21e9a142a0699f4a4a6c374b725d67c1ae,6745775b43b1567c0b64483b0b4cf88e435d7c726d70fc1446c6b14af0471d5f,research-lab/experiments/registered-workflow/runs/primary/run_0440,pending,primary_analysis
run_0441,organamnist,split_02,1002,42,resnet18,A,5e203de9913a10ae47f75aab7d778e21e9a142a0699f4a4a6c374b725d67c1ae,2747cdbcac3b225d7e8e6a18dc719997662e7168c9964e2e693664ef2671e7f3,research-lab/experiments/registered-workflow/runs/primary/run_0441,pending,primary_analysis
run_0442,organamnist,split_02,1002,42,resnet18,B,5e203de9913a10ae47f75aab7d778e21e9a142a0699f4a4a6c374b725d67c1ae,2747cdbcac3b225d7e8e6a18dc719997662e7168c9964e2e693664ef2671e7f3,research-lab/experiments/registered-workflow/runs/primary/run_0442,pending,primary_analysis
run_0443,organamnist,split_02,1002,42,resnet50,A,5e203de9913a10ae47f75aab7d778e21e9a142a0699f4a4a6c374b725d67c1ae,2747cdbcac3b225d7e8e6a18dc719997662e7168c9964e2e693664ef2671e7f3,research-lab/experiments/registered-workflow/runs/primary/run_0443,pending,primary_analysis
run_0444,organamnist,split_02,1002,42,resnet50,B,5e203de9913a10ae47f75aab7d778e21e9a142a0699f4a4a6c374b725d67c1ae,2747cdbcac3b225d7e8e6a18dc719997662e7168c9964e2e693664ef2671e7f3,research-lab/experiments/registered-workflow/runs/primary/run_0444,pending,primary_analysis
run_0445,organamnist,split_02,1002,42,densenet121,A,5e203de9913a10ae47f75aab7d778e21e9a142a0699f4a4a6c374b725d67c1ae,2747cdbcac3b225d7e8e6a18dc719997662e7168c9964e2e693664ef2671e7f3,research-lab/experiments/registered-workflow/runs/primary/run_0445,pending,primary_analysis
run_0446,organamnist,split_02,1002,42,densenet121,B,5e203de9913a10ae47f75aab7d778e21e9a142a0699f4a4a6c374b725d67c1ae,2747cdbcac3b225d7e8e6a18dc719997662e7168c9964e2e693664ef2671e7f3,research-lab/experiments/registered-workflow/runs/primary/run_0446,pending,primary_analysis
run_0447,organamnist,split_02,1002,42,efficientnet_b0,A,5e203de9913a10ae47f75aab7d778e21e9a142a0699f4a4a6c374b725d67c1ae,2747cdbcac3b225d7e8e6a18dc719997662e7168c9964e2e693664ef2671e7f3,research-lab/experiments/registered-workflow/runs/primary/run_0447,pending,primary_analysis
run_0448,organamnist,split_02,1002,42,efficientnet_b0,B,5e203de9913a10ae47f75aab7d778e21e9a142a0699f4a4a6c374b725d67c1ae,2747cdbcac3b225d7e8e6a18dc719997662e7168c9964e2e693664ef2671e7f3,research-lab/experiments/registered-workflow/runs/primary/run_0448,pending,primary_analysis
run_0449,organamnist,split_02,1002,52,resnet18,A,5e203de9913a10ae47f75aab7d778e21e9a142a0699f4a4a6c374b725d67c1ae,2747cdbcac3b225d7e8e6a18dc719997662e7168c9964e2e693664ef2671e7f3,research-lab/experiments/registered-workflow/runs/primary/run_0449,pending,primary_analysis
run_0450,organamnist,split_02,1002,52,resnet18,B,5e203de9913a10ae47f75aab7d778e21e9a142a0699f4a4a6c374b725d67c1ae,2747cdbcac3b225d7e8e6a18dc719997662e7168c9964e2e693664ef2671e7f3,research-lab/experiments/registered-workflow/runs/primary/run_0450,pending,primary_analysis
run_0451,organamnist,split_02,1002,52,resnet50,A,5e203de9913a10ae47f75aab7d778e21e9a142a0699f4a4a6c374b725d67c1ae,2747cdbcac3b225d7e8e6a18dc719997662e7168c9964e2e693664ef2671e7f3,research-lab/experiments/registered-workflow/runs/primary/run_0451,pending,primary_analysis
run_0452,organamnist,split_02,1002,52,resnet50,B,5e203de9913a10ae47f75aab7d778e21e9a142a0699f4a4a6c374b725d67c1ae,2747cdbcac3b225d7e8e6a18dc719997662e7168c9964e2e693664ef2671e7f3,research-lab/experiments/registered-workflow/runs/primary/run_0452,pending,primary_analysis
run_0453,organamnist,split_02,1002,52,densenet121,A,5e203de9913a10ae47f75aab7d778e21e9a142a0699f4a4a6c374b725d67c1ae,2747cdbcac3b225d7e8e6a18dc719997662e7168c9964e2e693664ef2671e7f3,research-lab/experiments/registered-workflow/runs/primary/run_0453,pending,primary_analysis
run_0454,organamnist,split_02,1002,52,densenet121,B,5e203de9913a10ae47f75aab7d778e21e9a142a0699f4a4a6c374b725d67c1ae,2747cdbcac3b225d7e8e6a18dc719997662e7168c9964e2e693664ef2671e7f3,research-lab/experiments/registered-workflow/runs/primary/run_0454,pending,primary_analysis
run_0455,organamnist,split_02,1002,52,efficientnet_b0,A,5e203de9913a10ae47f75aab7d778e21e9a142a0699f4a4a6c374b725d67c1ae,2747cdbcac3b225d7e8e6a18dc719997662e7168c9964e2e693664ef2671e7f3,research-lab/experiments/registered-workflow/runs/primary/run_0455,pending,primary_analysis
run_0456,organamnist,split_02,1002,52,efficientnet_b0,B,5e203de9913a10ae47f75aab7d778e21e9a142a0699f4a4a6c374b725d67c1ae,2747cdbcac3b225d7e8e6a18dc719997662e7168c9964e2e693664ef2671e7f3,research-lab/experiments/registered-workflow/runs/primary/run_0456,pending,primary_analysis
run_0457,organamnist,split_02,1002,62,resnet18,A,5e203de9913a10ae47f75aab7d778e21e9a142a0699f4a4a6c374b725d67c1ae,2747cdbcac3b225d7e8e6a18dc719997662e7168c9964e2e693664ef2671e7f3,research-lab/experiments/registered-workflow/runs/primary/run_0457,pending,primary_analysis
run_0458,organamnist,split_02,1002,62,resnet18,B,5e203de9913a10ae47f75aab7d778e21e9a142a0699f4a4a6c374b725d67c1ae,2747cdbcac3b225d7e8e6a18dc719997662e7168c9964e2e693664ef2671e7f3,research-lab/experiments/registered-workflow/runs/primary/run_0458,pending,primary_analysis
run_0459,organamnist,split_02,1002,62,resnet50,A,5e203de9913a10ae47f75aab7d778e21e9a142a0699f4a4a6c374b725d67c1ae,2747cdbcac3b225d7e8e6a18dc719997662e7168c9964e2e693664ef2671e7f3,research-lab/experiments/registered-workflow/runs/primary/run_0459,pending,primary_analysis
run_0460,organamnist,split_02,1002,62,resnet50,B,5e203de9913a10ae47f75aab7d778e21e9a142a0699f4a4a6c374b725d67c1ae,2747cdbcac3b225d7e8e6a18dc719997662e7168c9964e2e693664ef2671e7f3,research-lab/experiments/registered-workflow/runs/primary/run_0460,pending,primary_analysis
run_0461,organamnist,split_02,1002,62,densenet121,A,5e203de9913a10ae47f75aab7d778e21e9a142a0699f4a4a6c374b725d67c1ae,2747cdbcac3b225d7e8e6a18dc719997662e7168c9964e2e693664ef2671e7f3,research-lab/experiments/registered-workflow/runs/primary/run_0461,pending,primary_analysis
run_0462,organamnist,split_02,1002,62,densenet121,B,5e203de9913a10ae47f75aab7d778e21e9a142a0699f4a4a6c374b725d67c1ae,2747cdbcac3b225d7e8e6a18dc719997662e7168c9964e2e693664ef2671e7f3,research-lab/experiments/registered-workflow/runs/primary/run_0462,pending,primary_analysis
run_0463,organamnist,split_02,1002,62,efficientnet_b0,A,5e203de9913a10ae47f75aab7d778e21e9a142a0699f4a4a6c374b725d67c1ae,2747cdbcac3b225d7e8e6a18dc719997662e7168c9964e2e693664ef2671e7f3,research-lab/experiments/registered-workflow/runs/primary/run_0463,pending,primary_analysis
run_0464,organamnist,split_02,1002,62,efficientnet_b0,B,5e203de9913a10ae47f75aab7d778e21e9a142a0699f4a4a6c374b725d67c1ae,2747cdbcac3b225d7e8e6a18dc719997662e7168c9964e2e693664ef2671e7f3,research-lab/experiments/registered-workflow/runs/primary/run_0464,pending,primary_analysis
run_0465,organamnist,split_02,1002,72,resnet18,A,5e203de9913a10ae47f75aab7d778e21e9a142a0699f4a4a6c374b725d67c1ae,2747cdbcac3b225d7e8e6a18dc719997662e7168c9964e2e693664ef2671e7f3,research-lab/experiments/registered-workflow/runs/primary/run_0465,pending,primary_analysis
run_0466,organamnist,split_02,1002,72,resnet18,B,5e203de9913a10ae47f75aab7d778e21e9a142a0699f4a4a6c374b725d67c1ae,2747cdbcac3b225d7e8e6a18dc719997662e7168c9964e2e693664ef2671e7f3,research-lab/experiments/registered-workflow/runs/primary/run_0466,pending,primary_analysis
run_0467,organamnist,split_02,1002,72,resnet50,A,5e203de9913a10ae47f75aab7d778e21e9a142a0699f4a4a6c374b725d67c1ae,2747cdbcac3b225d7e8e6a18dc719997662e7168c9964e2e693664ef2671e7f3,research-lab/experiments/registered-workflow/runs/primary/run_0467,pending,primary_analysis
run_0468,organamnist,split_02,1002,72,resnet50,B,5e203de9913a10ae47f75aab7d778e21e9a142a0699f4a4a6c374b725d67c1ae,2747cdbcac3b225d7e8e6a18dc719997662e7168c9964e2e693664ef2671e7f3,research-lab/experiments/registered-workflow/runs/primary/run_0468,pending,primary_analysis
run_0469,organamnist,split_02,1002,72,densenet121,A,5e203de9913a10ae47f75aab7d778e21e9a142a0699f4a4a6c374b725d67c1ae,2747cdbcac3b225d7e8e6a18dc719997662e7168c9964e2e693664ef2671e7f3,research-lab/experiments/registered-workflow/runs/primary/run_0469,pending,primary_analysis
run_0470,organamnist,split_02,1002,72,densenet121,B,5e203de9913a10ae47f75aab7d778e21e9a142a0699f4a4a6c374b725d67c1ae,2747cdbcac3b225d7e8e6a18dc719997662e7168c9964e2e693664ef2671e7f3,research-lab/experiments/registered-workflow/runs/primary/run_0470,pending,primary_analysis
run_0471,organamnist,split_02,1002,72,efficientnet_b0,A,5e203de9913a10ae47f75aab7d778e21e9a142a0699f4a4a6c374b725d67c1ae,2747cdbcac3b225d7e8e6a18dc719997662e7168c9964e2e693664ef2671e7f3,research-lab/experiments/registered-workflow/runs/primary/run_0471,pending,primary_analysis
run_0472,organamnist,split_02,1002,72,efficientnet_b0,B,5e203de9913a10ae47f75aab7d778e21e9a142a0699f4a4a6c374b725d67c1ae,2747cdbcac3b225d7e8e6a18dc719997662e7168c9964e2e693664ef2671e7f3,research-lab/experiments/registered-workflow/runs/primary/run_0472,pending,primary_analysis
run_0473,organamnist,split_02,1002,82,resnet18,A,5e203de9913a10ae47f75aab7d778e21e9a142a0699f4a4a6c374b725d67c1ae,2747cdbcac3b225d7e8e6a18dc719997662e7168c9964e2e693664ef2671e7f3,research-lab/experiments/registered-workflow/runs/primary/run_0473,pending,primary_analysis
run_0474,organamnist,split_02,1002,82,resnet18,B,5e203de9913a10ae47f75aab7d778e21e9a142a0699f4a4a6c374b725d67c1ae,2747cdbcac3b225d7e8e6a18dc719997662e7168c9964e2e693664ef2671e7f3,research-lab/experiments/registered-workflow/runs/primary/run_0474,pending,primary_analysis
run_0475,organamnist,split_02,1002,82,resnet50,A,5e203de9913a10ae47f75aab7d778e21e9a142a0699f4a4a6c374b725d67c1ae,2747cdbcac3b225d7e8e6a18dc719997662e7168c9964e2e693664ef2671e7f3,research-lab/experiments/registered-workflow/runs/primary/run_0475,pending,primary_analysis
run_0476,organamnist,split_02,1002,82,resnet50,B,5e203de9913a10ae47f75aab7d778e21e9a142a0699f4a4a6c374b725d67c1ae,2747cdbcac3b225d7e8e6a18dc719997662e7168c9964e2e693664ef2671e7f3,research-lab/experiments/registered-workflow/runs/primary/run_0476,pending,primary_analysis
run_0477,organamnist,split_02,1002,82,densenet121,A,5e203de9913a10ae47f75aab7d778e21e9a142a0699f4a4a6c374b725d67c1ae,2747cdbcac3b225d7e8e6a18dc719997662e7168c9964e2e693664ef2671e7f3,research-lab/experiments/registered-workflow/runs/primary/run_0477,pending,primary_analysis
run_0478,organamnist,split_02,1002,82,densenet121,B,5e203de9913a10ae47f75aab7d778e21e9a142a0699f4a4a6c374b725d67c1ae,2747cdbcac3b225d7e8e6a18dc719997662e7168c9964e2e693664ef2671e7f3,research-lab/experiments/registered-workflow/runs/primary/run_0478,pending,primary_analysis
run_0479,organamnist,split_02,1002,82,efficientnet_b0,A,5e203de9913a10ae47f75aab7d778e21e9a142a0699f4a4a6c374b725d67c1ae,2747cdbcac3b225d7e8e6a18dc719997662e7168c9964e2e693664ef2671e7f3,research-lab/experiments/registered-workflow/runs/primary/run_0479,pending,primary_analysis
run_0480,organamnist,split_02,1002,82,efficientnet_b0,B,5e203de9913a10ae47f75aab7d778e21e9a142a0699f4a4a6c374b725d67c1ae,2747cdbcac3b225d7e8e6a18dc719997662e7168c9964e2e693664ef2671e7f3,research-lab/experiments/registered-workflow/runs/primary/run_0480,pending,primary_analysis
run_0481,organamnist,split_03,1003,42,resnet18,A,5e203de9913a10ae47f75aab7d778e21e9a142a0699f4a4a6c374b725d67c1ae,cea91dcfbd5ad60fdb630bfb6973164faa8243589611993333fbb7630787d132,research-lab/experiments/registered-workflow/runs/primary/run_0481,pending,primary_analysis
run_0482,organamnist,split_03,1003,42,resnet18,B,5e203de9913a10ae47f75aab7d778e21e9a142a0699f4a4a6c374b725d67c1ae,cea91dcfbd5ad60fdb630bfb6973164faa8243589611993333fbb7630787d132,research-lab/experiments/registered-workflow/runs/primary/run_0482,pending,primary_analysis
run_0483,organamnist,split_03,1003,42,resnet50,A,5e203de9913a10ae47f75aab7d778e21e9a142a0699f4a4a6c374b725d67c1ae,cea91dcfbd5ad60fdb630bfb6973164faa8243589611993333fbb7630787d132,research-lab/experiments/registered-workflow/runs/primary/run_0483,pending,primary_analysis
run_0484,organamnist,split_03,1003,42,resnet50,B,5e203de9913a10ae47f75aab7d778e21e9a142a0699f4a4a6c374b725d67c1ae,cea91dcfbd5ad60fdb630bfb6973164faa8243589611993333fbb7630787d132,research-lab/experiments/registered-workflow/runs/primary/run_0484,pending,primary_analysis
run_0485,organamnist,split_03,1003,42,densenet121,A,5e203de9913a10ae47f75aab7d778e21e9a142a0699f4a4a6c374b725d67c1ae,cea91dcfbd5ad60fdb630bfb6973164faa8243589611993333fbb7630787d132,research-lab/experiments/registered-workflow/runs/primary/run_0485,pending,primary_analysis
run_0486,organamnist,split_03,1003,42,densenet121,B,5e203de9913a10ae47f75aab7d778e21e9a142a0699f4a4a6c374b725d67c1ae,cea91dcfbd5ad60fdb630bfb6973164faa8243589611993333fbb7630787d132,research-lab/experiments/registered-workflow/runs/primary/run_0486,pending,primary_analysis
run_0487,organamnist,split_03,1003,42,efficientnet_b0,A,5e203de9913a10ae47f75aab7d778e21e9a142a0699f4a4a6c374b725d67c1ae,cea91dcfbd5ad60fdb630bfb6973164faa8243589611993333fbb7630787d132,research-lab/experiments/registered-workflow/runs/primary/run_0487,pending,primary_analysis
run_0488,organamnist,split_03,1003,42,efficientnet_b0,B,5e203de9913a10ae47f75aab7d778e21e9a142a0699f4a4a6c374b725d67c1ae,cea91dcfbd5ad60fdb630bfb6973164faa8243589611993333fbb7630787d132,research-lab/experiments/registered-workflow/runs/primary/run_0488,pending,primary_analysis
run_0489,organamnist,split_03,1003,52,resnet18,A,5e203de9913a10ae47f75aab7d778e21e9a142a0699f4a4a6c374b725d67c1ae,cea91dcfbd5ad60fdb630bfb6973164faa8243589611993333fbb7630787d132,research-lab/experiments/registered-workflow/runs/primary/run_0489,pending,primary_analysis
run_0490,organamnist,split_03,1003,52,resnet18,B,5e203de9913a10ae47f75aab7d778e21e9a142a0699f4a4a6c374b725d67c1ae,cea91dcfbd5ad60fdb630bfb6973164faa8243589611993333fbb7630787d132,research-lab/experiments/registered-workflow/runs/primary/run_0490,pending,primary_analysis
run_0491,organamnist,split_03,1003,52,resnet50,A,5e203de9913a10ae47f75aab7d778e21e9a142a0699f4a4a6c374b725d67c1ae,cea91dcfbd5ad60fdb630bfb6973164faa8243589611993333fbb7630787d132,research-lab/experiments/registered-workflow/runs/primary/run_0491,pending,primary_analysis
run_0492,organamnist,split_03,1003,52,resnet50,B,5e203de9913a10ae47f75aab7d778e21e9a142a0699f4a4a6c374b725d67c1ae,cea91dcfbd5ad60fdb630bfb6973164faa8243589611993333fbb7630787d132,research-lab/experiments/registered-workflow/runs/primary/run_0492,pending,primary_analysis
run_0493,organamnist,split_03,1003,52,densenet121,A,5e203de9913a10ae47f75aab7d778e21e9a142a0699f4a4a6c374b725d67c1ae,cea91dcfbd5ad60fdb630bfb6973164faa8243589611993333fbb7630787d132,research-lab/experiments/registered-workflow/runs/primary/run_0493,pending,primary_analysis
run_0494,organamnist,split_03,1003,52,densenet121,B,5e203de9913a10ae47f75aab7d778e21e9a142a0699f4a4a6c374b725d67c1ae,cea91dcfbd5ad60fdb630bfb6973164faa8243589611993333fbb7630787d132,research-lab/experiments/registered-workflow/runs/primary/run_0494,pending,primary_analysis
run_0495,organamnist,split_03,1003,52,efficientnet_b0,A,5e203de9913a10ae47f75aab7d778e21e9a142a0699f4a4a6c374b725d67c1ae,cea91dcfbd5ad60fdb630bfb6973164faa8243589611993333fbb7630787d132,research-lab/experiments/registered-workflow/runs/primary/run_0495,pending,primary_analysis
run_0496,organamnist,split_03,1003,52,efficientnet_b0,B,5e203de9913a10ae47f75aab7d778e21e9a142a0699f4a4a6c374b725d67c1ae,cea91dcfbd5ad60fdb630bfb6973164faa8243589611993333fbb7630787d132,research-lab/experiments/registered-workflow/runs/primary/run_0496,pending,primary_analysis
run_0497,organamnist,split_03,1003,62,resnet18,A,5e203de9913a10ae47f75aab7d778e21e9a142a0699f4a4a6c374b725d67c1ae,cea91dcfbd5ad60fdb630bfb6973164faa8243589611993333fbb7630787d132,research-lab/experiments/registered-workflow/runs/primary/run_0497,pending,primary_analysis
run_0498,organamnist,split_03,1003,62,resnet18,B,5e203de9913a10ae47f75aab7d778e21e9a142a0699f4a4a6c374b725d67c1ae,cea91dcfbd5ad60fdb630bfb6973164faa8243589611993333fbb7630787d132,research-lab/experiments/registered-workflow/runs/primary/run_0498,pending,primary_analysis
run_0499,organamnist,split_03,1003,62,resnet50,A,5e203de9913a10ae47f75aab7d778e21e9a142a0699f4a4a6c374b725d67c1ae,cea91dcfbd5ad60fdb630bfb6973164faa8243589611993333fbb7630787d132,research-lab/experiments/registered-workflow/runs/primary/run_0499,pending,primary_analysis
run_0500,organamnist,split_03,1003,62,resnet50,B,5e203de9913a10ae47f75aab7d778e21e9a142a0699f4a4a6c374b725d67c1ae,cea91dcfbd5ad60fdb630bfb6973164faa8243589611993333fbb7630787d132,research-lab/experiments/registered-workflow/runs/primary/run_0500,pending,primary_analysis
run_0501,organamnist,split_03,1003,62,densenet121,A,5e203de9913a10ae47f75aab7d778e21e9a142a0699f4a4a6c374b725d67c1ae,cea91dcfbd5ad60fdb630bfb6973164faa8243589611993333fbb7630787d132,research-lab/experiments/registered-workflow/runs/primary/run_0501,pending,primary_analysis
run_0502,organamnist,split_03,1003,62,densenet121,B,5e203de9913a10ae47f75aab7d778e21e9a142a0699f4a4a6c374b725d67c1ae,cea91dcfbd5ad60fdb630bfb6973164faa8243589611993333fbb7630787d132,research-lab/experiments/registered-workflow/runs/primary/run_0502,pending,primary_analysis
run_0503,organamnist,split_03,1003,62,efficientnet_b0,A,5e203de9913a10ae47f75aab7d778e21e9a142a0699f4a4a6c374b725d67c1ae,cea91dcfbd5ad60fdb630bfb6973164faa8243589611993333fbb7630787d132,research-lab/experiments/registered-workflow/runs/primary/run_0503,pending,primary_analysis
run_0504,organamnist,split_03,1003,62,efficientnet_b0,B,5e203de9913a10ae47f75aab7d778e21e9a142a0699f4a4a6c374b725d67c1ae,cea91dcfbd5ad60fdb630bfb6973164faa8243589611993333fbb7630787d132,research-lab/experiments/registered-workflow/runs/primary/run_0504,pending,primary_analysis
run_0505,organamnist,split_03,1003,72,resnet18,A,5e203de9913a10ae47f75aab7d778e21e9a142a0699f4a4a6c374b725d67c1ae,cea91dcfbd5ad60fdb630bfb6973164faa8243589611993333fbb7630787d132,research-lab/experiments/registered-workflow/runs/primary/run_0505,pending,primary_analysis
run_0506,organamnist,split_03,1003,72,resnet18,B,5e203de9913a10ae47f75aab7d778e21e9a142a0699f4a4a6c374b725d67c1ae,cea91dcfbd5ad60fdb630bfb6973164faa8243589611993333fbb7630787d132,research-lab/experiments/registered-workflow/runs/primary/run_0506,pending,primary_analysis
run_0507,organamnist,split_03,1003,72,resnet50,A,5e203de9913a10ae47f75aab7d778e21e9a142a0699f4a4a6c374b725d67c1ae,cea91dcfbd5ad60fdb630bfb6973164faa8243589611993333fbb7630787d132,research-lab/experiments/registered-workflow/runs/primary/run_0507,pending,primary_analysis
run_0508,organamnist,split_03,1003,72,resnet50,B,5e203de9913a10ae47f75aab7d778e21e9a142a0699f4a4a6c374b725d67c1ae,cea91dcfbd5ad60fdb630bfb6973164faa8243589611993333fbb7630787d132,research-lab/experiments/registered-workflow/runs/primary/run_0508,pending,primary_analysis
run_0509,organamnist,split_03,1003,72,densenet121,A,5e203de9913a10ae47f75aab7d778e21e9a142a0699f4a4a6c374b725d67c1ae,cea91dcfbd5ad60fdb630bfb6973164faa8243589611993333fbb7630787d132,research-lab/experiments/registered-workflow/runs/primary/run_0509,pending,primary_analysis
run_0510,organamnist,split_03,1003,72,densenet121,B,5e203de9913a10ae47f75aab7d778e21e9a142a0699f4a4a6c374b725d67c1ae,cea91dcfbd5ad60fdb630bfb6973164faa8243589611993333fbb7630787d132,research-lab/experiments/registered-workflow/runs/primary/run_0510,pending,primary_analysis
run_0511,organamnist,split_03,1003,72,efficientnet_b0,A,5e203de9913a10ae47f75aab7d778e21e9a142a0699f4a4a6c374b725d67c1ae,cea91dcfbd5ad60fdb630bfb6973164faa8243589611993333fbb7630787d132,research-lab/experiments/registered-workflow/runs/primary/run_0511,pending,primary_analysis
run_0512,organamnist,split_03,1003,72,efficientnet_b0,B,5e203de9913a10ae47f75aab7d778e21e9a142a0699f4a4a6c374b725d67c1ae,cea91dcfbd5ad60fdb630bfb6973164faa8243589611993333fbb7630787d132,research-lab/experiments/registered-workflow/runs/primary/run_0512,pending,primary_analysis
run_0513,organamnist,split_03,1003,82,resnet18,A,5e203de9913a10ae47f75aab7d778e21e9a142a0699f4a4a6c374b725d67c1ae,cea91dcfbd5ad60fdb630bfb6973164faa8243589611993333fbb7630787d132,research-lab/experiments/registered-workflow/runs/primary/run_0513,pending,primary_analysis
run_0514,organamnist,split_03,1003,82,resnet18,B,5e203de9913a10ae47f75aab7d778e21e9a142a0699f4a4a6c374b725d67c1ae,cea91dcfbd5ad60fdb630bfb6973164faa8243589611993333fbb7630787d132,research-lab/experiments/registered-workflow/runs/primary/run_0514,pending,primary_analysis
run_0515,organamnist,split_03,1003,82,resnet50,A,5e203de9913a10ae47f75aab7d778e21e9a142a0699f4a4a6c374b725d67c1ae,cea91dcfbd5ad60fdb630bfb6973164faa8243589611993333fbb7630787d132,research-lab/experiments/registered-workflow/runs/primary/run_0515,pending,primary_analysis
run_0516,organamnist,split_03,1003,82,resnet50,B,5e203de9913a10ae47f75aab7d778e21e9a142a0699f4a4a6c374b725d67c1ae,cea91dcfbd5ad60fdb630bfb6973164faa8243589611993333fbb7630787d132,research-lab/experiments/registered-workflow/runs/primary/run_0516,pending,primary_analysis
run_0517,organamnist,split_03,1003,82,densenet121,A,5e203de9913a10ae47f75aab7d778e21e9a142a0699f4a4a6c374b725d67c1ae,cea91dcfbd5ad60fdb630bfb6973164faa8243589611993333fbb7630787d132,research-lab/experiments/registered-workflow/runs/primary/run_0517,pending,primary_analysis
run_0518,organamnist,split_03,1003,82,densenet121,B,5e203de9913a10ae47f75aab7d778e21e9a142a0699f4a4a6c374b725d67c1ae,cea91dcfbd5ad60fdb630bfb6973164faa8243589611993333fbb7630787d132,research-lab/experiments/registered-workflow/runs/primary/run_0518,pending,primary_analysis
run_0519,organamnist,split_03,1003,82,efficientnet_b0,A,5e203de9913a10ae47f75aab7d778e21e9a142a0699f4a4a6c374b725d67c1ae,cea91dcfbd5ad60fdb630bfb6973164faa8243589611993333fbb7630787d132,research-lab/experiments/registered-workflow/runs/primary/run_0519,pending,primary_analysis
run_0520,organamnist,split_03,1003,82,efficientnet_b0,B,5e203de9913a10ae47f75aab7d778e21e9a142a0699f4a4a6c374b725d67c1ae,cea91dcfbd5ad60fdb630bfb6973164faa8243589611993333fbb7630787d132,research-lab/experiments/registered-workflow/runs/primary/run_0520,pending,primary_analysis
run_0521,organamnist,split_04,1004,42,resnet18,A,5e203de9913a10ae47f75aab7d778e21e9a142a0699f4a4a6c374b725d67c1ae,4434db629e8e4c1ac4b22825dac67e3d05da16f84b3cde1a7a872f1701ecdd2d,research-lab/experiments/registered-workflow/runs/primary/run_0521,pending,primary_analysis
run_0522,organamnist,split_04,1004,42,resnet18,B,5e203de9913a10ae47f75aab7d778e21e9a142a0699f4a4a6c374b725d67c1ae,4434db629e8e4c1ac4b22825dac67e3d05da16f84b3cde1a7a872f1701ecdd2d,research-lab/experiments/registered-workflow/runs/primary/run_0522,pending,primary_analysis
run_0523,organamnist,split_04,1004,42,resnet50,A,5e203de9913a10ae47f75aab7d778e21e9a142a0699f4a4a6c374b725d67c1ae,4434db629e8e4c1ac4b22825dac67e3d05da16f84b3cde1a7a872f1701ecdd2d,research-lab/experiments/registered-workflow/runs/primary/run_0523,pending,primary_analysis
run_0524,organamnist,split_04,1004,42,resnet50,B,5e203de9913a10ae47f75aab7d778e21e9a142a0699f4a4a6c374b725d67c1ae,4434db629e8e4c1ac4b22825dac67e3d05da16f84b3cde1a7a872f1701ecdd2d,research-lab/experiments/registered-workflow/runs/primary/run_0524,pending,primary_analysis
run_0525,organamnist,split_04,1004,42,densenet121,A,5e203de9913a10ae47f75aab7d778e21e9a142a0699f4a4a6c374b725d67c1ae,4434db629e8e4c1ac4b22825dac67e3d05da16f84b3cde1a7a872f1701ecdd2d,research-lab/experiments/registered-workflow/runs/primary/run_0525,pending,primary_analysis
run_0526,organamnist,split_04,1004,42,densenet121,B,5e203de9913a10ae47f75aab7d778e21e9a142a0699f4a4a6c374b725d67c1ae,4434db629e8e4c1ac4b22825dac67e3d05da16f84b3cde1a7a872f1701ecdd2d,research-lab/experiments/registered-workflow/runs/primary/run_0526,pending,primary_analysis
run_0527,organamnist,split_04,1004,42,efficientnet_b0,A,5e203de9913a10ae47f75aab7d778e21e9a142a0699f4a4a6c374b725d67c1ae,4434db629e8e4c1ac4b22825dac67e3d05da16f84b3cde1a7a872f1701ecdd2d,research-lab/experiments/registered-workflow/runs/primary/run_0527,pending,primary_analysis
run_0528,organamnist,split_04,1004,42,efficientnet_b0,B,5e203de9913a10ae47f75aab7d778e21e9a142a0699f4a4a6c374b725d67c1ae,4434db629e8e4c1ac4b22825dac67e3d05da16f84b3cde1a7a872f1701ecdd2d,research-lab/experiments/registered-workflow/runs/primary/run_0528,pending,primary_analysis
run_0529,organamnist,split_04,1004,52,resnet18,A,5e203de9913a10ae47f75aab7d778e21e9a142a0699f4a4a6c374b725d67c1ae,4434db629e8e4c1ac4b22825dac67e3d05da16f84b3cde1a7a872f1701ecdd2d,research-lab/experiments/registered-workflow/runs/primary/run_0529,pending,primary_analysis
run_0530,organamnist,split_04,1004,52,resnet18,B,5e203de9913a10ae47f75aab7d778e21e9a142a0699f4a4a6c374b725d67c1ae,4434db629e8e4c1ac4b22825dac67e3d05da16f84b3cde1a7a872f1701ecdd2d,research-lab/experiments/registered-workflow/runs/primary/run_0530,pending,primary_analysis
run_0531,organamnist,split_04,1004,52,resnet50,A,5e203de9913a10ae47f75aab7d778e21e9a142a0699f4a4a6c374b725d67c1ae,4434db629e8e4c1ac4b22825dac67e3d05da16f84b3cde1a7a872f1701ecdd2d,research-lab/experiments/registered-workflow/runs/primary/run_0531,pending,primary_analysis
run_0532,organamnist,split_04,1004,52,resnet50,B,5e203de9913a10ae47f75aab7d778e21e9a142a0699f4a4a6c374b725d67c1ae,4434db629e8e4c1ac4b22825dac67e3d05da16f84b3cde1a7a872f1701ecdd2d,research-lab/experiments/registered-workflow/runs/primary/run_0532,pending,primary_analysis
run_0533,organamnist,split_04,1004,52,densenet121,A,5e203de9913a10ae47f75aab7d778e21e9a142a0699f4a4a6c374b725d67c1ae,4434db629e8e4c1ac4b22825dac67e3d05da16f84b3cde1a7a872f1701ecdd2d,research-lab/experiments/registered-workflow/runs/primary/run_0533,pending,primary_analysis
run_0534,organamnist,split_04,1004,52,densenet121,B,5e203de9913a10ae47f75aab7d778e21e9a142a0699f4a4a6c374b725d67c1ae,4434db629e8e4c1ac4b22825dac67e3d05da16f84b3cde1a7a872f1701ecdd2d,research-lab/experiments/registered-workflow/runs/primary/run_0534,pending,primary_analysis
run_0535,organamnist,split_04,1004,52,efficientnet_b0,A,5e203de9913a10ae47f75aab7d778e21e9a142a0699f4a4a6c374b725d67c1ae,4434db629e8e4c1ac4b22825dac67e3d05da16f84b3cde1a7a872f1701ecdd2d,research-lab/experiments/registered-workflow/runs/primary/run_0535,pending,primary_analysis
run_0536,organamnist,split_04,1004,52,efficientnet_b0,B,5e203de9913a10ae47f75aab7d778e21e9a142a0699f4a4a6c374b725d67c1ae,4434db629e8e4c1ac4b22825dac67e3d05da16f84b3cde1a7a872f1701ecdd2d,research-lab/experiments/registered-workflow/runs/primary/run_0536,pending,primary_analysis
run_0537,organamnist,split_04,1004,62,resnet18,A,5e203de9913a10ae47f75aab7d778e21e9a142a0699f4a4a6c374b725d67c1ae,4434db629e8e4c1ac4b22825dac67e3d05da16f84b3cde1a7a872f1701ecdd2d,research-lab/experiments/registered-workflow/runs/primary/run_0537,pending,primary_analysis
run_0538,organamnist,split_04,1004,62,resnet18,B,5e203de9913a10ae47f75aab7d778e21e9a142a0699f4a4a6c374b725d67c1ae,4434db629e8e4c1ac4b22825dac67e3d05da16f84b3cde1a7a872f1701ecdd2d,research-lab/experiments/registered-workflow/runs/primary/run_0538,pending,primary_analysis
run_0539,organamnist,split_04,1004,62,resnet50,A,5e203de9913a10ae47f75aab7d778e21e9a142a0699f4a4a6c374b725d67c1ae,4434db629e8e4c1ac4b22825dac67e3d05da16f84b3cde1a7a872f1701ecdd2d,research-lab/experiments/registered-workflow/runs/primary/run_0539,pending,primary_analysis
run_0540,organamnist,split_04,1004,62,resnet50,B,5e203de9913a10ae47f75aab7d778e21e9a142a0699f4a4a6c374b725d67c1ae,4434db629e8e4c1ac4b22825dac67e3d05da16f84b3cde1a7a872f1701ecdd2d,research-lab/experiments/registered-workflow/runs/primary/run_0540,pending,primary_analysis
run_0541,organamnist,split_04,1004,62,densenet121,A,5e203de9913a10ae47f75aab7d778e21e9a142a0699f4a4a6c374b725d67c1ae,4434db629e8e4c1ac4b22825dac67e3d05da16f84b3cde1a7a872f1701ecdd2d,research-lab/experiments/registered-workflow/runs/primary/run_0541,pending,primary_analysis
run_0542,organamnist,split_04,1004,62,densenet121,B,5e203de9913a10ae47f75aab7d778e21e9a142a0699f4a4a6c374b725d67c1ae,4434db629e8e4c1ac4b22825dac67e3d05da16f84b3cde1a7a872f1701ecdd2d,research-lab/experiments/registered-workflow/runs/primary/run_0542,pending,primary_analysis
run_0543,organamnist,split_04,1004,62,efficientnet_b0,A,5e203de9913a10ae47f75aab7d778e21e9a142a0699f4a4a6c374b725d67c1ae,4434db629e8e4c1ac4b22825dac67e3d05da16f84b3cde1a7a872f1701ecdd2d,research-lab/experiments/registered-workflow/runs/primary/run_0543,pending,primary_analysis
run_0544,organamnist,split_04,1004,62,efficientnet_b0,B,5e203de9913a10ae47f75aab7d778e21e9a142a0699f4a4a6c374b725d67c1ae,4434db629e8e4c1ac4b22825dac67e3d05da16f84b3cde1a7a872f1701ecdd2d,research-lab/experiments/registered-workflow/runs/primary/run_0544,pending,primary_analysis
run_0545,organamnist,split_04,1004,72,resnet18,A,5e203de9913a10ae47f75aab7d778e21e9a142a0699f4a4a6c374b725d67c1ae,4434db629e8e4c1ac4b22825dac67e3d05da16f84b3cde1a7a872f1701ecdd2d,research-lab/experiments/registered-workflow/runs/primary/run_0545,pending,primary_analysis
run_0546,organamnist,split_04,1004,72,resnet18,B,5e203de9913a10ae47f75aab7d778e21e9a142a0699f4a4a6c374b725d67c1ae,4434db629e8e4c1ac4b22825dac67e3d05da16f84b3cde1a7a872f1701ecdd2d,research-lab/experiments/registered-workflow/runs/primary/run_0546,pending,primary_analysis
run_0547,organamnist,split_04,1004,72,resnet50,A,5e203de9913a10ae47f75aab7d778e21e9a142a0699f4a4a6c374b725d67c1ae,4434db629e8e4c1ac4b22825dac67e3d05da16f84b3cde1a7a872f1701ecdd2d,research-lab/experiments/registered-workflow/runs/primary/run_0547,pending,primary_analysis
run_0548,organamnist,split_04,1004,72,resnet50,B,5e203de9913a10ae47f75aab7d778e21e9a142a0699f4a4a6c374b725d67c1ae,4434db629e8e4c1ac4b22825dac67e3d05da16f84b3cde1a7a872f1701ecdd2d,research-lab/experiments/registered-workflow/runs/primary/run_0548,pending,primary_analysis
run_0549,organamnist,split_04,1004,72,densenet121,A,5e203de9913a10ae47f75aab7d778e21e9a142a0699f4a4a6c374b725d67c1ae,4434db629e8e4c1ac4b22825dac67e3d05da16f84b3cde1a7a872f1701ecdd2d,research-lab/experiments/registered-workflow/runs/primary/run_0549,pending,primary_analysis
run_0550,organamnist,split_04,1004,72,densenet121,B,5e203de9913a10ae47f75aab7d778e21e9a142a0699f4a4a6c374b725d67c1ae,4434db629e8e4c1ac4b22825dac67e3d05da16f84b3cde1a7a872f1701ecdd2d,research-lab/experiments/registered-workflow/runs/primary/run_0550,pending,primary_analysis
run_0551,organamnist,split_04,1004,72,efficientnet_b0,A,5e203de9913a10ae47f75aab7d778e21e9a142a0699f4a4a6c374b725d67c1ae,4434db629e8e4c1ac4b22825dac67e3d05da16f84b3cde1a7a872f1701ecdd2d,research-lab/experiments/registered-workflow/runs/primary/run_0551,pending,primary_analysis
run_0552,organamnist,split_04,1004,72,efficientnet_b0,B,5e203de9913a10ae47f75aab7d778e21e9a142a0699f4a4a6c374b725d67c1ae,4434db629e8e4c1ac4b22825dac67e3d05da16f84b3cde1a7a872f1701ecdd2d,research-lab/experiments/registered-workflow/runs/primary/run_0552,pending,primary_analysis
run_0553,organamnist,split_04,1004,82,resnet18,A,5e203de9913a10ae47f75aab7d778e21e9a142a0699f4a4a6c374b725d67c1ae,4434db629e8e4c1ac4b22825dac67e3d05da16f84b3cde1a7a872f1701ecdd2d,research-lab/experiments/registered-workflow/runs/primary/run_0553,pending,primary_analysis
run_0554,organamnist,split_04,1004,82,resnet18,B,5e203de9913a10ae47f75aab7d778e21e9a142a0699f4a4a6c374b725d67c1ae,4434db629e8e4c1ac4b22825dac67e3d05da16f84b3cde1a7a872f1701ecdd2d,research-lab/experiments/registered-workflow/runs/primary/run_0554,pending,primary_analysis
run_0555,organamnist,split_04,1004,82,resnet50,A,5e203de9913a10ae47f75aab7d778e21e9a142a0699f4a4a6c374b725d67c1ae,4434db629e8e4c1ac4b22825dac67e3d05da16f84b3cde1a7a872f1701ecdd2d,research-lab/experiments/registered-workflow/runs/primary/run_0555,pending,primary_analysis
run_0556,organamnist,split_04,1004,82,resnet50,B,5e203de9913a10ae47f75aab7d778e21e9a142a0699f4a4a6c374b725d67c1ae,4434db629e8e4c1ac4b22825dac67e3d05da16f84b3cde1a7a872f1701ecdd2d,research-lab/experiments/registered-workflow/runs/primary/run_0556,pending,primary_analysis
run_0557,organamnist,split_04,1004,82,densenet121,A,5e203de9913a10ae47f75aab7d778e21e9a142a0699f4a4a6c374b725d67c1ae,4434db629e8e4c1ac4b22825dac67e3d05da16f84b3cde1a7a872f1701ecdd2d,research-lab/experiments/registered-workflow/runs/primary/run_0557,pending,primary_analysis
run_0558,organamnist,split_04,1004,82,densenet121,B,5e203de9913a10ae47f75aab7d778e21e9a142a0699f4a4a6c374b725d67c1ae,4434db629e8e4c1ac4b22825dac67e3d05da16f84b3cde1a7a872f1701ecdd2d,research-lab/experiments/registered-workflow/runs/primary/run_0558,pending,primary_analysis
run_0559,organamnist,split_04,1004,82,efficientnet_b0,A,5e203de9913a10ae47f75aab7d778e21e9a142a0699f4a4a6c374b725d67c1ae,4434db629e8e4c1ac4b22825dac67e3d05da16f84b3cde1a7a872f1701ecdd2d,research-lab/experiments/registered-workflow/runs/primary/run_0559,pending,primary_analysis
run_0560,organamnist,split_04,1004,82,efficientnet_b0,B,5e203de9913a10ae47f75aab7d778e21e9a142a0699f4a4a6c374b725d67c1ae,4434db629e8e4c1ac4b22825dac67e3d05da16f84b3cde1a7a872f1701ecdd2d,research-lab/experiments/registered-workflow/runs/primary/run_0560,pending,primary_analysis
run_0561,organamnist,split_05,1005,42,resnet18,A,5e203de9913a10ae47f75aab7d778e21e9a142a0699f4a4a6c374b725d67c1ae,f5fa0c6f516eaca2de734b26a520f882a09f633e3114aa5ea0393c118a1cf73d,research-lab/experiments/registered-workflow/runs/primary/run_0561,pending,primary_analysis
run_0562,organamnist,split_05,1005,42,resnet18,B,5e203de9913a10ae47f75aab7d778e21e9a142a0699f4a4a6c374b725d67c1ae,f5fa0c6f516eaca2de734b26a520f882a09f633e3114aa5ea0393c118a1cf73d,research-lab/experiments/registered-workflow/runs/primary/run_0562,pending,primary_analysis
run_0563,organamnist,split_05,1005,42,resnet50,A,5e203de9913a10ae47f75aab7d778e21e9a142a0699f4a4a6c374b725d67c1ae,f5fa0c6f516eaca2de734b26a520f882a09f633e3114aa5ea0393c118a1cf73d,research-lab/experiments/registered-workflow/runs/primary/run_0563,pending,primary_analysis
run_0564,organamnist,split_05,1005,42,resnet50,B,5e203de9913a10ae47f75aab7d778e21e9a142a0699f4a4a6c374b725d67c1ae,f5fa0c6f516eaca2de734b26a520f882a09f633e3114aa5ea0393c118a1cf73d,research-lab/experiments/registered-workflow/runs/primary/run_0564,pending,primary_analysis
run_0565,organamnist,split_05,1005,42,densenet121,A,5e203de9913a10ae47f75aab7d778e21e9a142a0699f4a4a6c374b725d67c1ae,f5fa0c6f516eaca2de734b26a520f882a09f633e3114aa5ea0393c118a1cf73d,research-lab/experiments/registered-workflow/runs/primary/run_0565,pending,primary_analysis
run_0566,organamnist,split_05,1005,42,densenet121,B,5e203de9913a10ae47f75aab7d778e21e9a142a0699f4a4a6c374b725d67c1ae,f5fa0c6f516eaca2de734b26a520f882a09f633e3114aa5ea0393c118a1cf73d,research-lab/experiments/registered-workflow/runs/primary/run_0566,pending,primary_analysis
run_0567,organamnist,split_05,1005,42,efficientnet_b0,A,5e203de9913a10ae47f75aab7d778e21e9a142a0699f4a4a6c374b725d67c1ae,f5fa0c6f516eaca2de734b26a520f882a09f633e3114aa5ea0393c118a1cf73d,research-lab/experiments/registered-workflow/runs/primary/run_0567,pending,primary_analysis
run_0568,organamnist,split_05,1005,42,efficientnet_b0,B,5e203de9913a10ae47f75aab7d778e21e9a142a0699f4a4a6c374b725d67c1ae,f5fa0c6f516eaca2de734b26a520f882a09f633e3114aa5ea0393c118a1cf73d,research-lab/experiments/registered-workflow/runs/primary/run_0568,pending,primary_analysis
run_0569,organamnist,split_05,1005,52,resnet18,A,5e203de9913a10ae47f75aab7d778e21e9a142a0699f4a4a6c374b725d67c1ae,f5fa0c6f516eaca2de734b26a520f882a09f633e3114aa5ea0393c118a1cf73d,research-lab/experiments/registered-workflow/runs/primary/run_0569,pending,primary_analysis
run_0570,organamnist,split_05,1005,52,resnet18,B,5e203de9913a10ae47f75aab7d778e21e9a142a0699f4a4a6c374b725d67c1ae,f5fa0c6f516eaca2de734b26a520f882a09f633e3114aa5ea0393c118a1cf73d,research-lab/experiments/registered-workflow/runs/primary/run_0570,pending,primary_analysis
run_0571,organamnist,split_05,1005,52,resnet50,A,5e203de9913a10ae47f75aab7d778e21e9a142a0699f4a4a6c374b725d67c1ae,f5fa0c6f516eaca2de734b26a520f882a09f633e3114aa5ea0393c118a1cf73d,research-lab/experiments/registered-workflow/runs/primary/run_0571,pending,primary_analysis
run_0572,organamnist,split_05,1005,52,resnet50,B,5e203de9913a10ae47f75aab7d778e21e9a142a0699f4a4a6c374b725d67c1ae,f5fa0c6f516eaca2de734b26a520f882a09f633e3114aa5ea0393c118a1cf73d,research-lab/experiments/registered-workflow/runs/primary/run_0572,pending,primary_analysis
run_0573,organamnist,split_05,1005,52,densenet121,A,5e203de9913a10ae47f75aab7d778e21e9a142a0699f4a4a6c374b725d67c1ae,f5fa0c6f516eaca2de734b26a520f882a09f633e3114aa5ea0393c118a1cf73d,research-lab/experiments/registered-workflow/runs/primary/run_0573,pending,primary_analysis
run_0574,organamnist,split_05,1005,52,densenet121,B,5e203de9913a10ae47f75aab7d778e21e9a142a0699f4a4a6c374b725d67c1ae,f5fa0c6f516eaca2de734b26a520f882a09f633e3114aa5ea0393c118a1cf73d,research-lab/experiments/registered-workflow/runs/primary/run_0574,pending,primary_analysis
run_0575,organamnist,split_05,1005,52,efficientnet_b0,A,5e203de9913a10ae47f75aab7d778e21e9a142a0699f4a4a6c374b725d67c1ae,f5fa0c6f516eaca2de734b26a520f882a09f633e3114aa5ea0393c118a1cf73d,research-lab/experiments/registered-workflow/runs/primary/run_0575,pending,primary_analysis
run_0576,organamnist,split_05,1005,52,efficientnet_b0,B,5e203de9913a10ae47f75aab7d778e21e9a142a0699f4a4a6c374b725d67c1ae,f5fa0c6f516eaca2de734b26a520f882a09f633e3114aa5ea0393c118a1cf73d,research-lab/experiments/registered-workflow/runs/primary/run_0576,pending,primary_analysis
run_0577,organamnist,split_05,1005,62,resnet18,A,5e203de9913a10ae47f75aab7d778e21e9a142a0699f4a4a6c374b725d67c1ae,f5fa0c6f516eaca2de734b26a520f882a09f633e3114aa5ea0393c118a1cf73d,research-lab/experiments/registered-workflow/runs/primary/run_0577,pending,primary_analysis
run_0578,organamnist,split_05,1005,62,resnet18,B,5e203de9913a10ae47f75aab7d778e21e9a142a0699f4a4a6c374b725d67c1ae,f5fa0c6f516eaca2de734b26a520f882a09f633e3114aa5ea0393c118a1cf73d,research-lab/experiments/registered-workflow/runs/primary/run_0578,pending,primary_analysis
run_0579,organamnist,split_05,1005,62,resnet50,A,5e203de9913a10ae47f75aab7d778e21e9a142a0699f4a4a6c374b725d67c1ae,f5fa0c6f516eaca2de734b26a520f882a09f633e3114aa5ea0393c118a1cf73d,research-lab/experiments/registered-workflow/runs/primary/run_0579,pending,primary_analysis
run_0580,organamnist,split_05,1005,62,resnet50,B,5e203de9913a10ae47f75aab7d778e21e9a142a0699f4a4a6c374b725d67c1ae,f5fa0c6f516eaca2de734b26a520f882a09f633e3114aa5ea0393c118a1cf73d,research-lab/experiments/registered-workflow/runs/primary/run_0580,pending,primary_analysis
run_0581,organamnist,split_05,1005,62,densenet121,A,5e203de9913a10ae47f75aab7d778e21e9a142a0699f4a4a6c374b725d67c1ae,f5fa0c6f516eaca2de734b26a520f882a09f633e3114aa5ea0393c118a1cf73d,research-lab/experiments/registered-workflow/runs/primary/run_0581,pending,primary_analysis
run_0582,organamnist,split_05,1005,62,densenet121,B,5e203de9913a10ae47f75aab7d778e21e9a142a0699f4a4a6c374b725d67c1ae,f5fa0c6f516eaca2de734b26a520f882a09f633e3114aa5ea0393c118a1cf73d,research-lab/experiments/registered-workflow/runs/primary/run_0582,pending,primary_analysis
run_0583,organamnist,split_05,1005,62,efficientnet_b0,A,5e203de9913a10ae47f75aab7d778e21e9a142a0699f4a4a6c374b725d67c1ae,f5fa0c6f516eaca2de734b26a520f882a09f633e3114aa5ea0393c118a1cf73d,research-lab/experiments/registered-workflow/runs/primary/run_0583,pending,primary_analysis
run_0584,organamnist,split_05,1005,62,efficientnet_b0,B,5e203de9913a10ae47f75aab7d778e21e9a142a0699f4a4a6c374b725d67c1ae,f5fa0c6f516eaca2de734b26a520f882a09f633e3114aa5ea0393c118a1cf73d,research-lab/experiments/registered-workflow/runs/primary/run_0584,pending,primary_analysis
run_0585,organamnist,split_05,1005,72,resnet18,A,5e203de9913a10ae47f75aab7d778e21e9a142a0699f4a4a6c374b725d67c1ae,f5fa0c6f516eaca2de734b26a520f882a09f633e3114aa5ea0393c118a1cf73d,research-lab/experiments/registered-workflow/runs/primary/run_0585,pending,primary_analysis
run_0586,organamnist,split_05,1005,72,resnet18,B,5e203de9913a10ae47f75aab7d778e21e9a142a0699f4a4a6c374b725d67c1ae,f5fa0c6f516eaca2de734b26a520f882a09f633e3114aa5ea0393c118a1cf73d,research-lab/experiments/registered-workflow/runs/primary/run_0586,pending,primary_analysis
run_0587,organamnist,split_05,1005,72,resnet50,A,5e203de9913a10ae47f75aab7d778e21e9a142a0699f4a4a6c374b725d67c1ae,f5fa0c6f516eaca2de734b26a520f882a09f633e3114aa5ea0393c118a1cf73d,research-lab/experiments/registered-workflow/runs/primary/run_0587,pending,primary_analysis
run_0588,organamnist,split_05,1005,72,resnet50,B,5e203de9913a10ae47f75aab7d778e21e9a142a0699f4a4a6c374b725d67c1ae,f5fa0c6f516eaca2de734b26a520f882a09f633e3114aa5ea0393c118a1cf73d,research-lab/experiments/registered-workflow/runs/primary/run_0588,pending,primary_analysis
run_0589,organamnist,split_05,1005,72,densenet121,A,5e203de9913a10ae47f75aab7d778e21e9a142a0699f4a4a6c374b725d67c1ae,f5fa0c6f516eaca2de734b26a520f882a09f633e3114aa5ea0393c118a1cf73d,research-lab/experiments/registered-workflow/runs/primary/run_0589,pending,primary_analysis
run_0590,organamnist,split_05,1005,72,densenet121,B,5e203de9913a10ae47f75aab7d778e21e9a142a0699f4a4a6c374b725d67c1ae,f5fa0c6f516eaca2de734b26a520f882a09f633e3114aa5ea0393c118a1cf73d,research-lab/experiments/registered-workflow/runs/primary/run_0590,pending,primary_analysis
run_0591,organamnist,split_05,1005,72,efficientnet_b0,A,5e203de9913a10ae47f75aab7d778e21e9a142a0699f4a4a6c374b725d67c1ae,f5fa0c6f516eaca2de734b26a520f882a09f633e3114aa5ea0393c118a1cf73d,research-lab/experiments/registered-workflow/runs/primary/run_0591,pending,primary_analysis
run_0592,organamnist,split_05,1005,72,efficientnet_b0,B,5e203de9913a10ae47f75aab7d778e21e9a142a0699f4a4a6c374b725d67c1ae,f5fa0c6f516eaca2de734b26a520f882a09f633e3114aa5ea0393c118a1cf73d,research-lab/experiments/registered-workflow/runs/primary/run_0592,pending,primary_analysis
run_0593,organamnist,split_05,1005,82,resnet18,A,5e203de9913a10ae47f75aab7d778e21e9a142a0699f4a4a6c374b725d67c1ae,f5fa0c6f516eaca2de734b26a520f882a09f633e3114aa5ea0393c118a1cf73d,research-lab/experiments/registered-workflow/runs/primary/run_0593,pending,primary_analysis
run_0594,organamnist,split_05,1005,82,resnet18,B,5e203de9913a10ae47f75aab7d778e21e9a142a0699f4a4a6c374b725d67c1ae,f5fa0c6f516eaca2de734b26a520f882a09f633e3114aa5ea0393c118a1cf73d,research-lab/experiments/registered-workflow/runs/primary/run_0594,pending,primary_analysis
run_0595,organamnist,split_05,1005,82,resnet50,A,5e203de9913a10ae47f75aab7d778e21e9a142a0699f4a4a6c374b725d67c1ae,f5fa0c6f516eaca2de734b26a520f882a09f633e3114aa5ea0393c118a1cf73d,research-lab/experiments/registered-workflow/runs/primary/run_0595,pending,primary_analysis
run_0596,organamnist,split_05,1005,82,resnet50,B,5e203de9913a10ae47f75aab7d778e21e9a142a0699f4a4a6c374b725d67c1ae,f5fa0c6f516eaca2de734b26a520f882a09f633e3114aa5ea0393c118a1cf73d,research-lab/experiments/registered-workflow/runs/primary/run_0596,pending,primary_analysis
run_0597,organamnist,split_05,1005,82,densenet121,A,5e203de9913a10ae47f75aab7d778e21e9a142a0699f4a4a6c374b725d67c1ae,f5fa0c6f516eaca2de734b26a520f882a09f633e3114aa5ea0393c118a1cf73d,research-lab/experiments/registered-workflow/runs/primary/run_0597,pending,primary_analysis
run_0598,organamnist,split_05,1005,82,densenet121,B,5e203de9913a10ae47f75aab7d778e21e9a142a0699f4a4a6c374b725d67c1ae,f5fa0c6f516eaca2de734b26a520f882a09f633e3114aa5ea0393c118a1cf73d,research-lab/experiments/registered-workflow/runs/primary/run_0598,pending,primary_analysis
run_0599,organamnist,split_05,1005,82,efficientnet_b0,A,5e203de9913a10ae47f75aab7d778e21e9a142a0699f4a4a6c374b725d67c1ae,f5fa0c6f516eaca2de734b26a520f882a09f633e3114aa5ea0393c118a1cf73d,research-lab/experiments/registered-workflow/runs/primary/run_0599,pending,primary_analysis
run_0600,organamnist,split_05,1005,82,efficientnet_b0,B,5e203de9913a10ae47f75aab7d778e21e9a142a0699f4a4a6c374b725d67c1ae,f5fa0c6f516eaca2de734b26a520f882a09f633e3114aa5ea0393c118a1cf73d,research-lab/experiments/registered-workflow/runs/primary/run_0600,pending,primary_analysis
run_0601,organamnist,split_06,1006,42,resnet18,A,5e203de9913a10ae47f75aab7d778e21e9a142a0699f4a4a6c374b725d67c1ae,cb396def8108970a510058b410909bef76e5b45fc94e81a852f18bb97648fa4c,research-lab/experiments/registered-workflow/runs/primary/run_0601,pending,primary_analysis
run_0602,organamnist,split_06,1006,42,resnet18,B,5e203de9913a10ae47f75aab7d778e21e9a142a0699f4a4a6c374b725d67c1ae,cb396def8108970a510058b410909bef76e5b45fc94e81a852f18bb97648fa4c,research-lab/experiments/registered-workflow/runs/primary/run_0602,pending,primary_analysis
run_0603,organamnist,split_06,1006,42,resnet50,A,5e203de9913a10ae47f75aab7d778e21e9a142a0699f4a4a6c374b725d67c1ae,cb396def8108970a510058b410909bef76e5b45fc94e81a852f18bb97648fa4c,research-lab/experiments/registered-workflow/runs/primary/run_0603,pending,primary_analysis
run_0604,organamnist,split_06,1006,42,resnet50,B,5e203de9913a10ae47f75aab7d778e21e9a142a0699f4a4a6c374b725d67c1ae,cb396def8108970a510058b410909bef76e5b45fc94e81a852f18bb97648fa4c,research-lab/experiments/registered-workflow/runs/primary/run_0604,pending,primary_analysis
run_0605,organamnist,split_06,1006,42,densenet121,A,5e203de9913a10ae47f75aab7d778e21e9a142a0699f4a4a6c374b725d67c1ae,cb396def8108970a510058b410909bef76e5b45fc94e81a852f18bb97648fa4c,research-lab/experiments/registered-workflow/runs/primary/run_0605,pending,primary_analysis
run_0606,organamnist,split_06,1006,42,densenet121,B,5e203de9913a10ae47f75aab7d778e21e9a142a0699f4a4a6c374b725d67c1ae,cb396def8108970a510058b410909bef76e5b45fc94e81a852f18bb97648fa4c,research-lab/experiments/registered-workflow/runs/primary/run_0606,pending,primary_analysis
run_0607,organamnist,split_06,1006,42,efficientnet_b0,A,5e203de9913a10ae47f75aab7d778e21e9a142a0699f4a4a6c374b725d67c1ae,cb396def8108970a510058b410909bef76e5b45fc94e81a852f18bb97648fa4c,research-lab/experiments/registered-workflow/runs/primary/run_0607,pending,primary_analysis
run_0608,organamnist,split_06,1006,42,efficientnet_b0,B,5e203de9913a10ae47f75aab7d778e21e9a142a0699f4a4a6c374b725d67c1ae,cb396def8108970a510058b410909bef76e5b45fc94e81a852f18bb97648fa4c,research-lab/experiments/registered-workflow/runs/primary/run_0608,pending,primary_analysis
run_0609,organamnist,split_06,1006,52,resnet18,A,5e203de9913a10ae47f75aab7d778e21e9a142a0699f4a4a6c374b725d67c1ae,cb396def8108970a510058b410909bef76e5b45fc94e81a852f18bb97648fa4c,research-lab/experiments/registered-workflow/runs/primary/run_0609,pending,primary_analysis
run_0610,organamnist,split_06,1006,52,resnet18,B,5e203de9913a10ae47f75aab7d778e21e9a142a0699f4a4a6c374b725d67c1ae,cb396def8108970a510058b410909bef76e5b45fc94e81a852f18bb97648fa4c,research-lab/experiments/registered-workflow/runs/primary/run_0610,pending,primary_analysis
run_0611,organamnist,split_06,1006,52,resnet50,A,5e203de9913a10ae47f75aab7d778e21e9a142a0699f4a4a6c374b725d67c1ae,cb396def8108970a510058b410909bef76e5b45fc94e81a852f18bb97648fa4c,research-lab/experiments/registered-workflow/runs/primary/run_0611,pending,primary_analysis
run_0612,organamnist,split_06,1006,52,resnet50,B,5e203de9913a10ae47f75aab7d778e21e9a142a0699f4a4a6c374b725d67c1ae,cb396def8108970a510058b410909bef76e5b45fc94e81a852f18bb97648fa4c,research-lab/experiments/registered-workflow/runs/primary/run_0612,pending,primary_analysis
run_0613,organamnist,split_06,1006,52,densenet121,A,5e203de9913a10ae47f75aab7d778e21e9a142a0699f4a4a6c374b725d67c1ae,cb396def8108970a510058b410909bef76e5b45fc94e81a852f18bb97648fa4c,research-lab/experiments/registered-workflow/runs/primary/run_0613,pending,primary_analysis
run_0614,organamnist,split_06,1006,52,densenet121,B,5e203de9913a10ae47f75aab7d778e21e9a142a0699f4a4a6c374b725d67c1ae,cb396def8108970a510058b410909bef76e5b45fc94e81a852f18bb97648fa4c,research-lab/experiments/registered-workflow/runs/primary/run_0614,pending,primary_analysis
run_0615,organamnist,split_06,1006,52,efficientnet_b0,A,5e203de9913a10ae47f75aab7d778e21e9a142a0699f4a4a6c374b725d67c1ae,cb396def8108970a510058b410909bef76e5b45fc94e81a852f18bb97648fa4c,research-lab/experiments/registered-workflow/runs/primary/run_0615,pending,primary_analysis
run_0616,organamnist,split_06,1006,52,efficientnet_b0,B,5e203de9913a10ae47f75aab7d778e21e9a142a0699f4a4a6c374b725d67c1ae,cb396def8108970a510058b410909bef76e5b45fc94e81a852f18bb97648fa4c,research-lab/experiments/registered-workflow/runs/primary/run_0616,pending,primary_analysis
run_0617,organamnist,split_06,1006,62,resnet18,A,5e203de9913a10ae47f75aab7d778e21e9a142a0699f4a4a6c374b725d67c1ae,cb396def8108970a510058b410909bef76e5b45fc94e81a852f18bb97648fa4c,research-lab/experiments/registered-workflow/runs/primary/run_0617,pending,primary_analysis
run_0618,organamnist,split_06,1006,62,resnet18,B,5e203de9913a10ae47f75aab7d778e21e9a142a0699f4a4a6c374b725d67c1ae,cb396def8108970a510058b410909bef76e5b45fc94e81a852f18bb97648fa4c,research-lab/experiments/registered-workflow/runs/primary/run_0618,pending,primary_analysis
run_0619,organamnist,split_06,1006,62,resnet50,A,5e203de9913a10ae47f75aab7d778e21e9a142a0699f4a4a6c374b725d67c1ae,cb396def8108970a510058b410909bef76e5b45fc94e81a852f18bb97648fa4c,research-lab/experiments/registered-workflow/runs/primary/run_0619,pending,primary_analysis
run_0620,organamnist,split_06,1006,62,resnet50,B,5e203de9913a10ae47f75aab7d778e21e9a142a0699f4a4a6c374b725d67c1ae,cb396def8108970a510058b410909bef76e5b45fc94e81a852f18bb97648fa4c,research-lab/experiments/registered-workflow/runs/primary/run_0620,pending,primary_analysis
run_0621,organamnist,split_06,1006,62,densenet121,A,5e203de9913a10ae47f75aab7d778e21e9a142a0699f4a4a6c374b725d67c1ae,cb396def8108970a510058b410909bef76e5b45fc94e81a852f18bb97648fa4c,research-lab/experiments/registered-workflow/runs/primary/run_0621,pending,primary_analysis
run_0622,organamnist,split_06,1006,62,densenet121,B,5e203de9913a10ae47f75aab7d778e21e9a142a0699f4a4a6c374b725d67c1ae,cb396def8108970a510058b410909bef76e5b45fc94e81a852f18bb97648fa4c,research-lab/experiments/registered-workflow/runs/primary/run_0622,pending,primary_analysis
run_0623,organamnist,split_06,1006,62,efficientnet_b0,A,5e203de9913a10ae47f75aab7d778e21e9a142a0699f4a4a6c374b725d67c1ae,cb396def8108970a510058b410909bef76e5b45fc94e81a852f18bb97648fa4c,research-lab/experiments/registered-workflow/runs/primary/run_0623,pending,primary_analysis
run_0624,organamnist,split_06,1006,62,efficientnet_b0,B,5e203de9913a10ae47f75aab7d778e21e9a142a0699f4a4a6c374b725d67c1ae,cb396def8108970a510058b410909bef76e5b45fc94e81a852f18bb97648fa4c,research-lab/experiments/registered-workflow/runs/primary/run_0624,pending,primary_analysis
run_0625,organamnist,split_06,1006,72,resnet18,A,5e203de9913a10ae47f75aab7d778e21e9a142a0699f4a4a6c374b725d67c1ae,cb396def8108970a510058b410909bef76e5b45fc94e81a852f18bb97648fa4c,research-lab/experiments/registered-workflow/runs/primary/run_0625,pending,primary_analysis
run_0626,organamnist,split_06,1006,72,resnet18,B,5e203de9913a10ae47f75aab7d778e21e9a142a0699f4a4a6c374b725d67c1ae,cb396def8108970a510058b410909bef76e5b45fc94e81a852f18bb97648fa4c,research-lab/experiments/registered-workflow/runs/primary/run_0626,pending,primary_analysis
run_0627,organamnist,split_06,1006,72,resnet50,A,5e203de9913a10ae47f75aab7d778e21e9a142a0699f4a4a6c374b725d67c1ae,cb396def8108970a510058b410909bef76e5b45fc94e81a852f18bb97648fa4c,research-lab/experiments/registered-workflow/runs/primary/run_0627,pending,primary_analysis
run_0628,organamnist,split_06,1006,72,resnet50,B,5e203de9913a10ae47f75aab7d778e21e9a142a0699f4a4a6c374b725d67c1ae,cb396def8108970a510058b410909bef76e5b45fc94e81a852f18bb97648fa4c,research-lab/experiments/registered-workflow/runs/primary/run_0628,pending,primary_analysis
run_0629,organamnist,split_06,1006,72,densenet121,A,5e203de9913a10ae47f75aab7d778e21e9a142a0699f4a4a6c374b725d67c1ae,cb396def8108970a510058b410909bef76e5b45fc94e81a852f18bb97648fa4c,research-lab/experiments/registered-workflow/runs/primary/run_0629,pending,primary_analysis
run_0630,organamnist,split_06,1006,72,densenet121,B,5e203de9913a10ae47f75aab7d778e21e9a142a0699f4a4a6c374b725d67c1ae,cb396def8108970a510058b410909bef76e5b45fc94e81a852f18bb97648fa4c,research-lab/experiments/registered-workflow/runs/primary/run_0630,pending,primary_analysis
run_0631,organamnist,split_06,1006,72,efficientnet_b0,A,5e203de9913a10ae47f75aab7d778e21e9a142a0699f4a4a6c374b725d67c1ae,cb396def8108970a510058b410909bef76e5b45fc94e81a852f18bb97648fa4c,research-lab/experiments/registered-workflow/runs/primary/run_0631,pending,primary_analysis
run_0632,organamnist,split_06,1006,72,efficientnet_b0,B,5e203de9913a10ae47f75aab7d778e21e9a142a0699f4a4a6c374b725d67c1ae,cb396def8108970a510058b410909bef76e5b45fc94e81a852f18bb97648fa4c,research-lab/experiments/registered-workflow/runs/primary/run_0632,pending,primary_analysis
run_0633,organamnist,split_06,1006,82,resnet18,A,5e203de9913a10ae47f75aab7d778e21e9a142a0699f4a4a6c374b725d67c1ae,cb396def8108970a510058b410909bef76e5b45fc94e81a852f18bb97648fa4c,research-lab/experiments/registered-workflow/runs/primary/run_0633,pending,primary_analysis
run_0634,organamnist,split_06,1006,82,resnet18,B,5e203de9913a10ae47f75aab7d778e21e9a142a0699f4a4a6c374b725d67c1ae,cb396def8108970a510058b410909bef76e5b45fc94e81a852f18bb97648fa4c,research-lab/experiments/registered-workflow/runs/primary/run_0634,pending,primary_analysis
run_0635,organamnist,split_06,1006,82,resnet50,A,5e203de9913a10ae47f75aab7d778e21e9a142a0699f4a4a6c374b725d67c1ae,cb396def8108970a510058b410909bef76e5b45fc94e81a852f18bb97648fa4c,research-lab/experiments/registered-workflow/runs/primary/run_0635,pending,primary_analysis
run_0636,organamnist,split_06,1006,82,resnet50,B,5e203de9913a10ae47f75aab7d778e21e9a142a0699f4a4a6c374b725d67c1ae,cb396def8108970a510058b410909bef76e5b45fc94e81a852f18bb97648fa4c,research-lab/experiments/registered-workflow/runs/primary/run_0636,pending,primary_analysis
run_0637,organamnist,split_06,1006,82,densenet121,A,5e203de9913a10ae47f75aab7d778e21e9a142a0699f4a4a6c374b725d67c1ae,cb396def8108970a510058b410909bef76e5b45fc94e81a852f18bb97648fa4c,research-lab/experiments/registered-workflow/runs/primary/run_0637,pending,primary_analysis
run_0638,organamnist,split_06,1006,82,densenet121,B,5e203de9913a10ae47f75aab7d778e21e9a142a0699f4a4a6c374b725d67c1ae,cb396def8108970a510058b410909bef76e5b45fc94e81a852f18bb97648fa4c,research-lab/experiments/registered-workflow/runs/primary/run_0638,pending,primary_analysis
run_0639,organamnist,split_06,1006,82,efficientnet_b0,A,5e203de9913a10ae47f75aab7d778e21e9a142a0699f4a4a6c374b725d67c1ae,cb396def8108970a510058b410909bef76e5b45fc94e81a852f18bb97648fa4c,research-lab/experiments/registered-workflow/runs/primary/run_0639,pending,primary_analysis
run_0640,organamnist,split_06,1006,82,efficientnet_b0,B,5e203de9913a10ae47f75aab7d778e21e9a142a0699f4a4a6c374b725d67c1ae,cb396def8108970a510058b410909bef76e5b45fc94e81a852f18bb97648fa4c,research-lab/experiments/registered-workflow/runs/primary/run_0640,pending,primary_analysis
run_0641,organamnist,split_07,1007,42,resnet18,A,5e203de9913a10ae47f75aab7d778e21e9a142a0699f4a4a6c374b725d67c1ae,2cc9a918eb09cea04b62e58c9866a8028c7be2a071aceb6c7f2712f2fa19be39,research-lab/experiments/registered-workflow/runs/primary/run_0641,pending,primary_analysis
run_0642,organamnist,split_07,1007,42,resnet18,B,5e203de9913a10ae47f75aab7d778e21e9a142a0699f4a4a6c374b725d67c1ae,2cc9a918eb09cea04b62e58c9866a8028c7be2a071aceb6c7f2712f2fa19be39,research-lab/experiments/registered-workflow/runs/primary/run_0642,pending,primary_analysis
run_0643,organamnist,split_07,1007,42,resnet50,A,5e203de9913a10ae47f75aab7d778e21e9a142a0699f4a4a6c374b725d67c1ae,2cc9a918eb09cea04b62e58c9866a8028c7be2a071aceb6c7f2712f2fa19be39,research-lab/experiments/registered-workflow/runs/primary/run_0643,pending,primary_analysis
run_0644,organamnist,split_07,1007,42,resnet50,B,5e203de9913a10ae47f75aab7d778e21e9a142a0699f4a4a6c374b725d67c1ae,2cc9a918eb09cea04b62e58c9866a8028c7be2a071aceb6c7f2712f2fa19be39,research-lab/experiments/registered-workflow/runs/primary/run_0644,pending,primary_analysis
run_0645,organamnist,split_07,1007,42,densenet121,A,5e203de9913a10ae47f75aab7d778e21e9a142a0699f4a4a6c374b725d67c1ae,2cc9a918eb09cea04b62e58c9866a8028c7be2a071aceb6c7f2712f2fa19be39,research-lab/experiments/registered-workflow/runs/primary/run_0645,pending,primary_analysis
run_0646,organamnist,split_07,1007,42,densenet121,B,5e203de9913a10ae47f75aab7d778e21e9a142a0699f4a4a6c374b725d67c1ae,2cc9a918eb09cea04b62e58c9866a8028c7be2a071aceb6c7f2712f2fa19be39,research-lab/experiments/registered-workflow/runs/primary/run_0646,pending,primary_analysis
run_0647,organamnist,split_07,1007,42,efficientnet_b0,A,5e203de9913a10ae47f75aab7d778e21e9a142a0699f4a4a6c374b725d67c1ae,2cc9a918eb09cea04b62e58c9866a8028c7be2a071aceb6c7f2712f2fa19be39,research-lab/experiments/registered-workflow/runs/primary/run_0647,pending,primary_analysis
run_0648,organamnist,split_07,1007,42,efficientnet_b0,B,5e203de9913a10ae47f75aab7d778e21e9a142a0699f4a4a6c374b725d67c1ae,2cc9a918eb09cea04b62e58c9866a8028c7be2a071aceb6c7f2712f2fa19be39,research-lab/experiments/registered-workflow/runs/primary/run_0648,pending,primary_analysis
run_0649,organamnist,split_07,1007,52,resnet18,A,5e203de9913a10ae47f75aab7d778e21e9a142a0699f4a4a6c374b725d67c1ae,2cc9a918eb09cea04b62e58c9866a8028c7be2a071aceb6c7f2712f2fa19be39,research-lab/experiments/registered-workflow/runs/primary/run_0649,pending,primary_analysis
run_0650,organamnist,split_07,1007,52,resnet18,B,5e203de9913a10ae47f75aab7d778e21e9a142a0699f4a4a6c374b725d67c1ae,2cc9a918eb09cea04b62e58c9866a8028c7be2a071aceb6c7f2712f2fa19be39,research-lab/experiments/registered-workflow/runs/primary/run_0650,pending,primary_analysis
run_0651,organamnist,split_07,1007,52,resnet50,A,5e203de9913a10ae47f75aab7d778e21e9a142a0699f4a4a6c374b725d67c1ae,2cc9a918eb09cea04b62e58c9866a8028c7be2a071aceb6c7f2712f2fa19be39,research-lab/experiments/registered-workflow/runs/primary/run_0651,pending,primary_analysis
run_0652,organamnist,split_07,1007,52,resnet50,B,5e203de9913a10ae47f75aab7d778e21e9a142a0699f4a4a6c374b725d67c1ae,2cc9a918eb09cea04b62e58c9866a8028c7be2a071aceb6c7f2712f2fa19be39,research-lab/experiments/registered-workflow/runs/primary/run_0652,pending,primary_analysis
run_0653,organamnist,split_07,1007,52,densenet121,A,5e203de9913a10ae47f75aab7d778e21e9a142a0699f4a4a6c374b725d67c1ae,2cc9a918eb09cea04b62e58c9866a8028c7be2a071aceb6c7f2712f2fa19be39,research-lab/experiments/registered-workflow/runs/primary/run_0653,pending,primary_analysis
run_0654,organamnist,split_07,1007,52,densenet121,B,5e203de9913a10ae47f75aab7d778e21e9a142a0699f4a4a6c374b725d67c1ae,2cc9a918eb09cea04b62e58c9866a8028c7be2a071aceb6c7f2712f2fa19be39,research-lab/experiments/registered-workflow/runs/primary/run_0654,pending,primary_analysis
run_0655,organamnist,split_07,1007,52,efficientnet_b0,A,5e203de9913a10ae47f75aab7d778e21e9a142a0699f4a4a6c374b725d67c1ae,2cc9a918eb09cea04b62e58c9866a8028c7be2a071aceb6c7f2712f2fa19be39,research-lab/experiments/registered-workflow/runs/primary/run_0655,pending,primary_analysis
run_0656,organamnist,split_07,1007,52,efficientnet_b0,B,5e203de9913a10ae47f75aab7d778e21e9a142a0699f4a4a6c374b725d67c1ae,2cc9a918eb09cea04b62e58c9866a8028c7be2a071aceb6c7f2712f2fa19be39,research-lab/experiments/registered-workflow/runs/primary/run_0656,pending,primary_analysis
run_0657,organamnist,split_07,1007,62,resnet18,A,5e203de9913a10ae47f75aab7d778e21e9a142a0699f4a4a6c374b725d67c1ae,2cc9a918eb09cea04b62e58c9866a8028c7be2a071aceb6c7f2712f2fa19be39,research-lab/experiments/registered-workflow/runs/primary/run_0657,pending,primary_analysis
run_0658,organamnist,split_07,1007,62,resnet18,B,5e203de9913a10ae47f75aab7d778e21e9a142a0699f4a4a6c374b725d67c1ae,2cc9a918eb09cea04b62e58c9866a8028c7be2a071aceb6c7f2712f2fa19be39,research-lab/experiments/registered-workflow/runs/primary/run_0658,pending,primary_analysis
run_0659,organamnist,split_07,1007,62,resnet50,A,5e203de9913a10ae47f75aab7d778e21e9a142a0699f4a4a6c374b725d67c1ae,2cc9a918eb09cea04b62e58c9866a8028c7be2a071aceb6c7f2712f2fa19be39,research-lab/experiments/registered-workflow/runs/primary/run_0659,pending,primary_analysis
run_0660,organamnist,split_07,1007,62,resnet50,B,5e203de9913a10ae47f75aab7d778e21e9a142a0699f4a4a6c374b725d67c1ae,2cc9a918eb09cea04b62e58c9866a8028c7be2a071aceb6c7f2712f2fa19be39,research-lab/experiments/registered-workflow/runs/primary/run_0660,pending,primary_analysis
run_0661,organamnist,split_07,1007,62,densenet121,A,5e203de9913a10ae47f75aab7d778e21e9a142a0699f4a4a6c374b725d67c1ae,2cc9a918eb09cea04b62e58c9866a8028c7be2a071aceb6c7f2712f2fa19be39,research-lab/experiments/registered-workflow/runs/primary/run_0661,pending,primary_analysis
run_0662,organamnist,split_07,1007,62,densenet121,B,5e203de9913a10ae47f75aab7d778e21e9a142a0699f4a4a6c374b725d67c1ae,2cc9a918eb09cea04b62e58c9866a8028c7be2a071aceb6c7f2712f2fa19be39,research-lab/experiments/registered-workflow/runs/primary/run_0662,pending,primary_analysis
run_0663,organamnist,split_07,1007,62,efficientnet_b0,A,5e203de9913a10ae47f75aab7d778e21e9a142a0699f4a4a6c374b725d67c1ae,2cc9a918eb09cea04b62e58c9866a8028c7be2a071aceb6c7f2712f2fa19be39,research-lab/experiments/registered-workflow/runs/primary/run_0663,pending,primary_analysis
run_0664,organamnist,split_07,1007,62,efficientnet_b0,B,5e203de9913a10ae47f75aab7d778e21e9a142a0699f4a4a6c374b725d67c1ae,2cc9a918eb09cea04b62e58c9866a8028c7be2a071aceb6c7f2712f2fa19be39,research-lab/experiments/registered-workflow/runs/primary/run_0664,pending,primary_analysis
run_0665,organamnist,split_07,1007,72,resnet18,A,5e203de9913a10ae47f75aab7d778e21e9a142a0699f4a4a6c374b725d67c1ae,2cc9a918eb09cea04b62e58c9866a8028c7be2a071aceb6c7f2712f2fa19be39,research-lab/experiments/registered-workflow/runs/primary/run_0665,pending,primary_analysis
run_0666,organamnist,split_07,1007,72,resnet18,B,5e203de9913a10ae47f75aab7d778e21e9a142a0699f4a4a6c374b725d67c1ae,2cc9a918eb09cea04b62e58c9866a8028c7be2a071aceb6c7f2712f2fa19be39,research-lab/experiments/registered-workflow/runs/primary/run_0666,pending,primary_analysis
run_0667,organamnist,split_07,1007,72,resnet50,A,5e203de9913a10ae47f75aab7d778e21e9a142a0699f4a4a6c374b725d67c1ae,2cc9a918eb09cea04b62e58c9866a8028c7be2a071aceb6c7f2712f2fa19be39,research-lab/experiments/registered-workflow/runs/primary/run_0667,pending,primary_analysis
run_0668,organamnist,split_07,1007,72,resnet50,B,5e203de9913a10ae47f75aab7d778e21e9a142a0699f4a4a6c374b725d67c1ae,2cc9a918eb09cea04b62e58c9866a8028c7be2a071aceb6c7f2712f2fa19be39,research-lab/experiments/registered-workflow/runs/primary/run_0668,pending,primary_analysis
run_0669,organamnist,split_07,1007,72,densenet121,A,5e203de9913a10ae47f75aab7d778e21e9a142a0699f4a4a6c374b725d67c1ae,2cc9a918eb09cea04b62e58c9866a8028c7be2a071aceb6c7f2712f2fa19be39,research-lab/experiments/registered-workflow/runs/primary/run_0669,pending,primary_analysis
run_0670,organamnist,split_07,1007,72,densenet121,B,5e203de9913a10ae47f75aab7d778e21e9a142a0699f4a4a6c374b725d67c1ae,2cc9a918eb09cea04b62e58c9866a8028c7be2a071aceb6c7f2712f2fa19be39,research-lab/experiments/registered-workflow/runs/primary/run_0670,pending,primary_analysis
run_0671,organamnist,split_07,1007,72,efficientnet_b0,A,5e203de9913a10ae47f75aab7d778e21e9a142a0699f4a4a6c374b725d67c1ae,2cc9a918eb09cea04b62e58c9866a8028c7be2a071aceb6c7f2712f2fa19be39,research-lab/experiments/registered-workflow/runs/primary/run_0671,pending,primary_analysis
run_0672,organamnist,split_07,1007,72,efficientnet_b0,B,5e203de9913a10ae47f75aab7d778e21e9a142a0699f4a4a6c374b725d67c1ae,2cc9a918eb09cea04b62e58c9866a8028c7be2a071aceb6c7f2712f2fa19be39,research-lab/experiments/registered-workflow/runs/primary/run_0672,pending,primary_analysis
run_0673,organamnist,split_07,1007,82,resnet18,A,5e203de9913a10ae47f75aab7d778e21e9a142a0699f4a4a6c374b725d67c1ae,2cc9a918eb09cea04b62e58c9866a8028c7be2a071aceb6c7f2712f2fa19be39,research-lab/experiments/registered-workflow/runs/primary/run_0673,pending,primary_analysis
run_0674,organamnist,split_07,1007,82,resnet18,B,5e203de9913a10ae47f75aab7d778e21e9a142a0699f4a4a6c374b725d67c1ae,2cc9a918eb09cea04b62e58c9866a8028c7be2a071aceb6c7f2712f2fa19be39,research-lab/experiments/registered-workflow/runs/primary/run_0674,pending,primary_analysis
run_0675,organamnist,split_07,1007,82,resnet50,A,5e203de9913a10ae47f75aab7d778e21e9a142a0699f4a4a6c374b725d67c1ae,2cc9a918eb09cea04b62e58c9866a8028c7be2a071aceb6c7f2712f2fa19be39,research-lab/experiments/registered-workflow/runs/primary/run_0675,pending,primary_analysis
run_0676,organamnist,split_07,1007,82,resnet50,B,5e203de9913a10ae47f75aab7d778e21e9a142a0699f4a4a6c374b725d67c1ae,2cc9a918eb09cea04b62e58c9866a8028c7be2a071aceb6c7f2712f2fa19be39,research-lab/experiments/registered-workflow/runs/primary/run_0676,pending,primary_analysis
run_0677,organamnist,split_07,1007,82,densenet121,A,5e203de9913a10ae47f75aab7d778e21e9a142a0699f4a4a6c374b725d67c1ae,2cc9a918eb09cea04b62e58c9866a8028c7be2a071aceb6c7f2712f2fa19be39,research-lab/experiments/registered-workflow/runs/primary/run_0677,pending,primary_analysis
run_0678,organamnist,split_07,1007,82,densenet121,B,5e203de9913a10ae47f75aab7d778e21e9a142a0699f4a4a6c374b725d67c1ae,2cc9a918eb09cea04b62e58c9866a8028c7be2a071aceb6c7f2712f2fa19be39,research-lab/experiments/registered-workflow/runs/primary/run_0678,pending,primary_analysis
run_0679,organamnist,split_07,1007,82,efficientnet_b0,A,5e203de9913a10ae47f75aab7d778e21e9a142a0699f4a4a6c374b725d67c1ae,2cc9a918eb09cea04b62e58c9866a8028c7be2a071aceb6c7f2712f2fa19be39,research-lab/experiments/registered-workflow/runs/primary/run_0679,pending,primary_analysis
run_0680,organamnist,split_07,1007,82,efficientnet_b0,B,5e203de9913a10ae47f75aab7d778e21e9a142a0699f4a4a6c374b725d67c1ae,2cc9a918eb09cea04b62e58c9866a8028c7be2a071aceb6c7f2712f2fa19be39,research-lab/experiments/registered-workflow/runs/primary/run_0680,pending,primary_analysis
run_0681,organamnist,split_08,1008,42,resnet18,A,5e203de9913a10ae47f75aab7d778e21e9a142a0699f4a4a6c374b725d67c1ae,dd0f4c9bd9785533c8bf5987a20c1a640f0c4d67d86379aefcede2fe418108a9,research-lab/experiments/registered-workflow/runs/primary/run_0681,pending,primary_analysis
run_0682,organamnist,split_08,1008,42,resnet18,B,5e203de9913a10ae47f75aab7d778e21e9a142a0699f4a4a6c374b725d67c1ae,dd0f4c9bd9785533c8bf5987a20c1a640f0c4d67d86379aefcede2fe418108a9,research-lab/experiments/registered-workflow/runs/primary/run_0682,pending,primary_analysis
run_0683,organamnist,split_08,1008,42,resnet50,A,5e203de9913a10ae47f75aab7d778e21e9a142a0699f4a4a6c374b725d67c1ae,dd0f4c9bd9785533c8bf5987a20c1a640f0c4d67d86379aefcede2fe418108a9,research-lab/experiments/registered-workflow/runs/primary/run_0683,pending,primary_analysis
run_0684,organamnist,split_08,1008,42,resnet50,B,5e203de9913a10ae47f75aab7d778e21e9a142a0699f4a4a6c374b725d67c1ae,dd0f4c9bd9785533c8bf5987a20c1a640f0c4d67d86379aefcede2fe418108a9,research-lab/experiments/registered-workflow/runs/primary/run_0684,pending,primary_analysis
run_0685,organamnist,split_08,1008,42,densenet121,A,5e203de9913a10ae47f75aab7d778e21e9a142a0699f4a4a6c374b725d67c1ae,dd0f4c9bd9785533c8bf5987a20c1a640f0c4d67d86379aefcede2fe418108a9,research-lab/experiments/registered-workflow/runs/primary/run_0685,pending,primary_analysis
run_0686,organamnist,split_08,1008,42,densenet121,B,5e203de9913a10ae47f75aab7d778e21e9a142a0699f4a4a6c374b725d67c1ae,dd0f4c9bd9785533c8bf5987a20c1a640f0c4d67d86379aefcede2fe418108a9,research-lab/experiments/registered-workflow/runs/primary/run_0686,pending,primary_analysis
run_0687,organamnist,split_08,1008,42,efficientnet_b0,A,5e203de9913a10ae47f75aab7d778e21e9a142a0699f4a4a6c374b725d67c1ae,dd0f4c9bd9785533c8bf5987a20c1a640f0c4d67d86379aefcede2fe418108a9,research-lab/experiments/registered-workflow/runs/primary/run_0687,pending,primary_analysis
run_0688,organamnist,split_08,1008,42,efficientnet_b0,B,5e203de9913a10ae47f75aab7d778e21e9a142a0699f4a4a6c374b725d67c1ae,dd0f4c9bd9785533c8bf5987a20c1a640f0c4d67d86379aefcede2fe418108a9,research-lab/experiments/registered-workflow/runs/primary/run_0688,pending,primary_analysis
run_0689,organamnist,split_08,1008,52,resnet18,A,5e203de9913a10ae47f75aab7d778e21e9a142a0699f4a4a6c374b725d67c1ae,dd0f4c9bd9785533c8bf5987a20c1a640f0c4d67d86379aefcede2fe418108a9,research-lab/experiments/registered-workflow/runs/primary/run_0689,pending,primary_analysis
run_0690,organamnist,split_08,1008,52,resnet18,B,5e203de9913a10ae47f75aab7d778e21e9a142a0699f4a4a6c374b725d67c1ae,dd0f4c9bd9785533c8bf5987a20c1a640f0c4d67d86379aefcede2fe418108a9,research-lab/experiments/registered-workflow/runs/primary/run_0690,pending,primary_analysis
run_0691,organamnist,split_08,1008,52,resnet50,A,5e203de9913a10ae47f75aab7d778e21e9a142a0699f4a4a6c374b725d67c1ae,dd0f4c9bd9785533c8bf5987a20c1a640f0c4d67d86379aefcede2fe418108a9,research-lab/experiments/registered-workflow/runs/primary/run_0691,pending,primary_analysis
run_0692,organamnist,split_08,1008,52,resnet50,B,5e203de9913a10ae47f75aab7d778e21e9a142a0699f4a4a6c374b725d67c1ae,dd0f4c9bd9785533c8bf5987a20c1a640f0c4d67d86379aefcede2fe418108a9,research-lab/experiments/registered-workflow/runs/primary/run_0692,pending,primary_analysis
run_0693,organamnist,split_08,1008,52,densenet121,A,5e203de9913a10ae47f75aab7d778e21e9a142a0699f4a4a6c374b725d67c1ae,dd0f4c9bd9785533c8bf5987a20c1a640f0c4d67d86379aefcede2fe418108a9,research-lab/experiments/registered-workflow/runs/primary/run_0693,pending,primary_analysis
run_0694,organamnist,split_08,1008,52,densenet121,B,5e203de9913a10ae47f75aab7d778e21e9a142a0699f4a4a6c374b725d67c1ae,dd0f4c9bd9785533c8bf5987a20c1a640f0c4d67d86379aefcede2fe418108a9,research-lab/experiments/registered-workflow/runs/primary/run_0694,pending,primary_analysis
run_0695,organamnist,split_08,1008,52,efficientnet_b0,A,5e203de9913a10ae47f75aab7d778e21e9a142a0699f4a4a6c374b725d67c1ae,dd0f4c9bd9785533c8bf5987a20c1a640f0c4d67d86379aefcede2fe418108a9,research-lab/experiments/registered-workflow/runs/primary/run_0695,pending,primary_analysis
run_0696,organamnist,split_08,1008,52,efficientnet_b0,B,5e203de9913a10ae47f75aab7d778e21e9a142a0699f4a4a6c374b725d67c1ae,dd0f4c9bd9785533c8bf5987a20c1a640f0c4d67d86379aefcede2fe418108a9,research-lab/experiments/registered-workflow/runs/primary/run_0696,pending,primary_analysis
run_0697,organamnist,split_08,1008,62,resnet18,A,5e203de9913a10ae47f75aab7d778e21e9a142a0699f4a4a6c374b725d67c1ae,dd0f4c9bd9785533c8bf5987a20c1a640f0c4d67d86379aefcede2fe418108a9,research-lab/experiments/registered-workflow/runs/primary/run_0697,pending,primary_analysis
run_0698,organamnist,split_08,1008,62,resnet18,B,5e203de9913a10ae47f75aab7d778e21e9a142a0699f4a4a6c374b725d67c1ae,dd0f4c9bd9785533c8bf5987a20c1a640f0c4d67d86379aefcede2fe418108a9,research-lab/experiments/registered-workflow/runs/primary/run_0698,pending,primary_analysis
run_0699,organamnist,split_08,1008,62,resnet50,A,5e203de9913a10ae47f75aab7d778e21e9a142a0699f4a4a6c374b725d67c1ae,dd0f4c9bd9785533c8bf5987a20c1a640f0c4d67d86379aefcede2fe418108a9,research-lab/experiments/registered-workflow/runs/primary/run_0699,pending,primary_analysis
run_0700,organamnist,split_08,1008,62,resnet50,B,5e203de9913a10ae47f75aab7d778e21e9a142a0699f4a4a6c374b725d67c1ae,dd0f4c9bd9785533c8bf5987a20c1a640f0c4d67d86379aefcede2fe418108a9,research-lab/experiments/registered-workflow/runs/primary/run_0700,pending,primary_analysis
run_0701,organamnist,split_08,1008,62,densenet121,A,5e203de9913a10ae47f75aab7d778e21e9a142a0699f4a4a6c374b725d67c1ae,dd0f4c9bd9785533c8bf5987a20c1a640f0c4d67d86379aefcede2fe418108a9,research-lab/experiments/registered-workflow/runs/primary/run_0701,pending,primary_analysis
run_0702,organamnist,split_08,1008,62,densenet121,B,5e203de9913a10ae47f75aab7d778e21e9a142a0699f4a4a6c374b725d67c1ae,dd0f4c9bd9785533c8bf5987a20c1a640f0c4d67d86379aefcede2fe418108a9,research-lab/experiments/registered-workflow/runs/primary/run_0702,pending,primary_analysis
run_0703,organamnist,split_08,1008,62,efficientnet_b0,A,5e203de9913a10ae47f75aab7d778e21e9a142a0699f4a4a6c374b725d67c1ae,dd0f4c9bd9785533c8bf5987a20c1a640f0c4d67d86379aefcede2fe418108a9,research-lab/experiments/registered-workflow/runs/primary/run_0703,pending,primary_analysis
run_0704,organamnist,split_08,1008,62,efficientnet_b0,B,5e203de9913a10ae47f75aab7d778e21e9a142a0699f4a4a6c374b725d67c1ae,dd0f4c9bd9785533c8bf5987a20c1a640f0c4d67d86379aefcede2fe418108a9,research-lab/experiments/registered-workflow/runs/primary/run_0704,pending,primary_analysis
run_0705,organamnist,split_08,1008,72,resnet18,A,5e203de9913a10ae47f75aab7d778e21e9a142a0699f4a4a6c374b725d67c1ae,dd0f4c9bd9785533c8bf5987a20c1a640f0c4d67d86379aefcede2fe418108a9,research-lab/experiments/registered-workflow/runs/primary/run_0705,pending,primary_analysis
run_0706,organamnist,split_08,1008,72,resnet18,B,5e203de9913a10ae47f75aab7d778e21e9a142a0699f4a4a6c374b725d67c1ae,dd0f4c9bd9785533c8bf5987a20c1a640f0c4d67d86379aefcede2fe418108a9,research-lab/experiments/registered-workflow/runs/primary/run_0706,pending,primary_analysis
run_0707,organamnist,split_08,1008,72,resnet50,A,5e203de9913a10ae47f75aab7d778e21e9a142a0699f4a4a6c374b725d67c1ae,dd0f4c9bd9785533c8bf5987a20c1a640f0c4d67d86379aefcede2fe418108a9,research-lab/experiments/registered-workflow/runs/primary/run_0707,pending,primary_analysis
run_0708,organamnist,split_08,1008,72,resnet50,B,5e203de9913a10ae47f75aab7d778e21e9a142a0699f4a4a6c374b725d67c1ae,dd0f4c9bd9785533c8bf5987a20c1a640f0c4d67d86379aefcede2fe418108a9,research-lab/experiments/registered-workflow/runs/primary/run_0708,pending,primary_analysis
run_0709,organamnist,split_08,1008,72,densenet121,A,5e203de9913a10ae47f75aab7d778e21e9a142a0699f4a4a6c374b725d67c1ae,dd0f4c9bd9785533c8bf5987a20c1a640f0c4d67d86379aefcede2fe418108a9,research-lab/experiments/registered-workflow/runs/primary/run_0709,pending,primary_analysis
run_0710,organamnist,split_08,1008,72,densenet121,B,5e203de9913a10ae47f75aab7d778e21e9a142a0699f4a4a6c374b725d67c1ae,dd0f4c9bd9785533c8bf5987a20c1a640f0c4d67d86379aefcede2fe418108a9,research-lab/experiments/registered-workflow/runs/primary/run_0710,pending,primary_analysis
run_0711,organamnist,split_08,1008,72,efficientnet_b0,A,5e203de9913a10ae47f75aab7d778e21e9a142a0699f4a4a6c374b725d67c1ae,dd0f4c9bd9785533c8bf5987a20c1a640f0c4d67d86379aefcede2fe418108a9,research-lab/experiments/registered-workflow/runs/primary/run_0711,pending,primary_analysis
run_0712,organamnist,split_08,1008,72,efficientnet_b0,B,5e203de9913a10ae47f75aab7d778e21e9a142a0699f4a4a6c374b725d67c1ae,dd0f4c9bd9785533c8bf5987a20c1a640f0c4d67d86379aefcede2fe418108a9,research-lab/experiments/registered-workflow/runs/primary/run_0712,pending,primary_analysis
run_0713,organamnist,split_08,1008,82,resnet18,A,5e203de9913a10ae47f75aab7d778e21e9a142a0699f4a4a6c374b725d67c1ae,dd0f4c9bd9785533c8bf5987a20c1a640f0c4d67d86379aefcede2fe418108a9,research-lab/experiments/registered-workflow/runs/primary/run_0713,pending,primary_analysis
run_0714,organamnist,split_08,1008,82,resnet18,B,5e203de9913a10ae47f75aab7d778e21e9a142a0699f4a4a6c374b725d67c1ae,dd0f4c9bd9785533c8bf5987a20c1a640f0c4d67d86379aefcede2fe418108a9,research-lab/experiments/registered-workflow/runs/primary/run_0714,pending,primary_analysis
run_0715,organamnist,split_08,1008,82,resnet50,A,5e203de9913a10ae47f75aab7d778e21e9a142a0699f4a4a6c374b725d67c1ae,dd0f4c9bd9785533c8bf5987a20c1a640f0c4d67d86379aefcede2fe418108a9,research-lab/experiments/registered-workflow/runs/primary/run_0715,pending,primary_analysis
run_0716,organamnist,split_08,1008,82,resnet50,B,5e203de9913a10ae47f75aab7d778e21e9a142a0699f4a4a6c374b725d67c1ae,dd0f4c9bd9785533c8bf5987a20c1a640f0c4d67d86379aefcede2fe418108a9,research-lab/experiments/registered-workflow/runs/primary/run_0716,pending,primary_analysis
run_0717,organamnist,split_08,1008,82,densenet121,A,5e203de9913a10ae47f75aab7d778e21e9a142a0699f4a4a6c374b725d67c1ae,dd0f4c9bd9785533c8bf5987a20c1a640f0c4d67d86379aefcede2fe418108a9,research-lab/experiments/registered-workflow/runs/primary/run_0717,pending,primary_analysis
run_0718,organamnist,split_08,1008,82,densenet121,B,5e203de9913a10ae47f75aab7d778e21e9a142a0699f4a4a6c374b725d67c1ae,dd0f4c9bd9785533c8bf5987a20c1a640f0c4d67d86379aefcede2fe418108a9,research-lab/experiments/registered-workflow/runs/primary/run_0718,pending,primary_analysis
run_0719,organamnist,split_08,1008,82,efficientnet_b0,A,5e203de9913a10ae47f75aab7d778e21e9a142a0699f4a4a6c374b725d67c1ae,dd0f4c9bd9785533c8bf5987a20c1a640f0c4d67d86379aefcede2fe418108a9,research-lab/experiments/registered-workflow/runs/primary/run_0719,pending,primary_analysis
run_0720,organamnist,split_08,1008,82,efficientnet_b0,B,5e203de9913a10ae47f75aab7d778e21e9a142a0699f4a4a6c374b725d67c1ae,dd0f4c9bd9785533c8bf5987a20c1a640f0c4d67d86379aefcede2fe418108a9,research-lab/experiments/registered-workflow/runs/primary/run_0720,pending,primary_analysis
run_0721,organamnist,split_09,1009,42,resnet18,A,5e203de9913a10ae47f75aab7d778e21e9a142a0699f4a4a6c374b725d67c1ae,e25077f0120a7e60905297b6187123fbe2de5f068e9ce5c48a2bfd3029099bf1,research-lab/experiments/registered-workflow/runs/primary/run_0721,pending,primary_analysis
run_0722,organamnist,split_09,1009,42,resnet18,B,5e203de9913a10ae47f75aab7d778e21e9a142a0699f4a4a6c374b725d67c1ae,e25077f0120a7e60905297b6187123fbe2de5f068e9ce5c48a2bfd3029099bf1,research-lab/experiments/registered-workflow/runs/primary/run_0722,pending,primary_analysis
run_0723,organamnist,split_09,1009,42,resnet50,A,5e203de9913a10ae47f75aab7d778e21e9a142a0699f4a4a6c374b725d67c1ae,e25077f0120a7e60905297b6187123fbe2de5f068e9ce5c48a2bfd3029099bf1,research-lab/experiments/registered-workflow/runs/primary/run_0723,pending,primary_analysis
run_0724,organamnist,split_09,1009,42,resnet50,B,5e203de9913a10ae47f75aab7d778e21e9a142a0699f4a4a6c374b725d67c1ae,e25077f0120a7e60905297b6187123fbe2de5f068e9ce5c48a2bfd3029099bf1,research-lab/experiments/registered-workflow/runs/primary/run_0724,pending,primary_analysis
run_0725,organamnist,split_09,1009,42,densenet121,A,5e203de9913a10ae47f75aab7d778e21e9a142a0699f4a4a6c374b725d67c1ae,e25077f0120a7e60905297b6187123fbe2de5f068e9ce5c48a2bfd3029099bf1,research-lab/experiments/registered-workflow/runs/primary/run_0725,pending,primary_analysis
run_0726,organamnist,split_09,1009,42,densenet121,B,5e203de9913a10ae47f75aab7d778e21e9a142a0699f4a4a6c374b725d67c1ae,e25077f0120a7e60905297b6187123fbe2de5f068e9ce5c48a2bfd3029099bf1,research-lab/experiments/registered-workflow/runs/primary/run_0726,pending,primary_analysis
run_0727,organamnist,split_09,1009,42,efficientnet_b0,A,5e203de9913a10ae47f75aab7d778e21e9a142a0699f4a4a6c374b725d67c1ae,e25077f0120a7e60905297b6187123fbe2de5f068e9ce5c48a2bfd3029099bf1,research-lab/experiments/registered-workflow/runs/primary/run_0727,pending,primary_analysis
run_0728,organamnist,split_09,1009,42,efficientnet_b0,B,5e203de9913a10ae47f75aab7d778e21e9a142a0699f4a4a6c374b725d67c1ae,e25077f0120a7e60905297b6187123fbe2de5f068e9ce5c48a2bfd3029099bf1,research-lab/experiments/registered-workflow/runs/primary/run_0728,pending,primary_analysis
run_0729,organamnist,split_09,1009,52,resnet18,A,5e203de9913a10ae47f75aab7d778e21e9a142a0699f4a4a6c374b725d67c1ae,e25077f0120a7e60905297b6187123fbe2de5f068e9ce5c48a2bfd3029099bf1,research-lab/experiments/registered-workflow/runs/primary/run_0729,pending,primary_analysis
run_0730,organamnist,split_09,1009,52,resnet18,B,5e203de9913a10ae47f75aab7d778e21e9a142a0699f4a4a6c374b725d67c1ae,e25077f0120a7e60905297b6187123fbe2de5f068e9ce5c48a2bfd3029099bf1,research-lab/experiments/registered-workflow/runs/primary/run_0730,pending,primary_analysis
run_0731,organamnist,split_09,1009,52,resnet50,A,5e203de9913a10ae47f75aab7d778e21e9a142a0699f4a4a6c374b725d67c1ae,e25077f0120a7e60905297b6187123fbe2de5f068e9ce5c48a2bfd3029099bf1,research-lab/experiments/registered-workflow/runs/primary/run_0731,pending,primary_analysis
run_0732,organamnist,split_09,1009,52,resnet50,B,5e203de9913a10ae47f75aab7d778e21e9a142a0699f4a4a6c374b725d67c1ae,e25077f0120a7e60905297b6187123fbe2de5f068e9ce5c48a2bfd3029099bf1,research-lab/experiments/registered-workflow/runs/primary/run_0732,pending,primary_analysis
run_0733,organamnist,split_09,1009,52,densenet121,A,5e203de9913a10ae47f75aab7d778e21e9a142a0699f4a4a6c374b725d67c1ae,e25077f0120a7e60905297b6187123fbe2de5f068e9ce5c48a2bfd3029099bf1,research-lab/experiments/registered-workflow/runs/primary/run_0733,pending,primary_analysis
run_0734,organamnist,split_09,1009,52,densenet121,B,5e203de9913a10ae47f75aab7d778e21e9a142a0699f4a4a6c374b725d67c1ae,e25077f0120a7e60905297b6187123fbe2de5f068e9ce5c48a2bfd3029099bf1,research-lab/experiments/registered-workflow/runs/primary/run_0734,pending,primary_analysis
run_0735,organamnist,split_09,1009,52,efficientnet_b0,A,5e203de9913a10ae47f75aab7d778e21e9a142a0699f4a4a6c374b725d67c1ae,e25077f0120a7e60905297b6187123fbe2de5f068e9ce5c48a2bfd3029099bf1,research-lab/experiments/registered-workflow/runs/primary/run_0735,pending,primary_analysis
run_0736,organamnist,split_09,1009,52,efficientnet_b0,B,5e203de9913a10ae47f75aab7d778e21e9a142a0699f4a4a6c374b725d67c1ae,e25077f0120a7e60905297b6187123fbe2de5f068e9ce5c48a2bfd3029099bf1,research-lab/experiments/registered-workflow/runs/primary/run_0736,pending,primary_analysis
run_0737,organamnist,split_09,1009,62,resnet18,A,5e203de9913a10ae47f75aab7d778e21e9a142a0699f4a4a6c374b725d67c1ae,e25077f0120a7e60905297b6187123fbe2de5f068e9ce5c48a2bfd3029099bf1,research-lab/experiments/registered-workflow/runs/primary/run_0737,pending,primary_analysis
run_0738,organamnist,split_09,1009,62,resnet18,B,5e203de9913a10ae47f75aab7d778e21e9a142a0699f4a4a6c374b725d67c1ae,e25077f0120a7e60905297b6187123fbe2de5f068e9ce5c48a2bfd3029099bf1,research-lab/experiments/registered-workflow/runs/primary/run_0738,pending,primary_analysis
run_0739,organamnist,split_09,1009,62,resnet50,A,5e203de9913a10ae47f75aab7d778e21e9a142a0699f4a4a6c374b725d67c1ae,e25077f0120a7e60905297b6187123fbe2de5f068e9ce5c48a2bfd3029099bf1,research-lab/experiments/registered-workflow/runs/primary/run_0739,pending,primary_analysis
run_0740,organamnist,split_09,1009,62,resnet50,B,5e203de9913a10ae47f75aab7d778e21e9a142a0699f4a4a6c374b725d67c1ae,e25077f0120a7e60905297b6187123fbe2de5f068e9ce5c48a2bfd3029099bf1,research-lab/experiments/registered-workflow/runs/primary/run_0740,pending,primary_analysis
run_0741,organamnist,split_09,1009,62,densenet121,A,5e203de9913a10ae47f75aab7d778e21e9a142a0699f4a4a6c374b725d67c1ae,e25077f0120a7e60905297b6187123fbe2de5f068e9ce5c48a2bfd3029099bf1,research-lab/experiments/registered-workflow/runs/primary/run_0741,pending,primary_analysis
run_0742,organamnist,split_09,1009,62,densenet121,B,5e203de9913a10ae47f75aab7d778e21e9a142a0699f4a4a6c374b725d67c1ae,e25077f0120a7e60905297b6187123fbe2de5f068e9ce5c48a2bfd3029099bf1,research-lab/experiments/registered-workflow/runs/primary/run_0742,pending,primary_analysis
run_0743,organamnist,split_09,1009,62,efficientnet_b0,A,5e203de9913a10ae47f75aab7d778e21e9a142a0699f4a4a6c374b725d67c1ae,e25077f0120a7e60905297b6187123fbe2de5f068e9ce5c48a2bfd3029099bf1,research-lab/experiments/registered-workflow/runs/primary/run_0743,pending,primary_analysis
run_0744,organamnist,split_09,1009,62,efficientnet_b0,B,5e203de9913a10ae47f75aab7d778e21e9a142a0699f4a4a6c374b725d67c1ae,e25077f0120a7e60905297b6187123fbe2de5f068e9ce5c48a2bfd3029099bf1,research-lab/experiments/registered-workflow/runs/primary/run_0744,pending,primary_analysis
run_0745,organamnist,split_09,1009,72,resnet18,A,5e203de9913a10ae47f75aab7d778e21e9a142a0699f4a4a6c374b725d67c1ae,e25077f0120a7e60905297b6187123fbe2de5f068e9ce5c48a2bfd3029099bf1,research-lab/experiments/registered-workflow/runs/primary/run_0745,pending,primary_analysis
run_0746,organamnist,split_09,1009,72,resnet18,B,5e203de9913a10ae47f75aab7d778e21e9a142a0699f4a4a6c374b725d67c1ae,e25077f0120a7e60905297b6187123fbe2de5f068e9ce5c48a2bfd3029099bf1,research-lab/experiments/registered-workflow/runs/primary/run_0746,pending,primary_analysis
run_0747,organamnist,split_09,1009,72,resnet50,A,5e203de9913a10ae47f75aab7d778e21e9a142a0699f4a4a6c374b725d67c1ae,e25077f0120a7e60905297b6187123fbe2de5f068e9ce5c48a2bfd3029099bf1,research-lab/experiments/registered-workflow/runs/primary/run_0747,pending,primary_analysis
run_0748,organamnist,split_09,1009,72,resnet50,B,5e203de9913a10ae47f75aab7d778e21e9a142a0699f4a4a6c374b725d67c1ae,e25077f0120a7e60905297b6187123fbe2de5f068e9ce5c48a2bfd3029099bf1,research-lab/experiments/registered-workflow/runs/primary/run_0748,pending,primary_analysis
run_0749,organamnist,split_09,1009,72,densenet121,A,5e203de9913a10ae47f75aab7d778e21e9a142a0699f4a4a6c374b725d67c1ae,e25077f0120a7e60905297b6187123fbe2de5f068e9ce5c48a2bfd3029099bf1,research-lab/experiments/registered-workflow/runs/primary/run_0749,pending,primary_analysis
run_0750,organamnist,split_09,1009,72,densenet121,B,5e203de9913a10ae47f75aab7d778e21e9a142a0699f4a4a6c374b725d67c1ae,e25077f0120a7e60905297b6187123fbe2de5f068e9ce5c48a2bfd3029099bf1,research-lab/experiments/registered-workflow/runs/primary/run_0750,pending,primary_analysis
run_0751,organamnist,split_09,1009,72,efficientnet_b0,A,5e203de9913a10ae47f75aab7d778e21e9a142a0699f4a4a6c374b725d67c1ae,e25077f0120a7e60905297b6187123fbe2de5f068e9ce5c48a2bfd3029099bf1,research-lab/experiments/registered-workflow/runs/primary/run_0751,pending,primary_analysis
run_0752,organamnist,split_09,1009,72,efficientnet_b0,B,5e203de9913a10ae47f75aab7d778e21e9a142a0699f4a4a6c374b725d67c1ae,e25077f0120a7e60905297b6187123fbe2de5f068e9ce5c48a2bfd3029099bf1,research-lab/experiments/registered-workflow/runs/primary/run_0752,pending,primary_analysis
run_0753,organamnist,split_09,1009,82,resnet18,A,5e203de9913a10ae47f75aab7d778e21e9a142a0699f4a4a6c374b725d67c1ae,e25077f0120a7e60905297b6187123fbe2de5f068e9ce5c48a2bfd3029099bf1,research-lab/experiments/registered-workflow/runs/primary/run_0753,pending,primary_analysis
run_0754,organamnist,split_09,1009,82,resnet18,B,5e203de9913a10ae47f75aab7d778e21e9a142a0699f4a4a6c374b725d67c1ae,e25077f0120a7e60905297b6187123fbe2de5f068e9ce5c48a2bfd3029099bf1,research-lab/experiments/registered-workflow/runs/primary/run_0754,pending,primary_analysis
run_0755,organamnist,split_09,1009,82,resnet50,A,5e203de9913a10ae47f75aab7d778e21e9a142a0699f4a4a6c374b725d67c1ae,e25077f0120a7e60905297b6187123fbe2de5f068e9ce5c48a2bfd3029099bf1,research-lab/experiments/registered-workflow/runs/primary/run_0755,pending,primary_analysis
run_0756,organamnist,split_09,1009,82,resnet50,B,5e203de9913a10ae47f75aab7d778e21e9a142a0699f4a4a6c374b725d67c1ae,e25077f0120a7e60905297b6187123fbe2de5f068e9ce5c48a2bfd3029099bf1,research-lab/experiments/registered-workflow/runs/primary/run_0756,pending,primary_analysis
run_0757,organamnist,split_09,1009,82,densenet121,A,5e203de9913a10ae47f75aab7d778e21e9a142a0699f4a4a6c374b725d67c1ae,e25077f0120a7e60905297b6187123fbe2de5f068e9ce5c48a2bfd3029099bf1,research-lab/experiments/registered-workflow/runs/primary/run_0757,pending,primary_analysis
run_0758,organamnist,split_09,1009,82,densenet121,B,5e203de9913a10ae47f75aab7d778e21e9a142a0699f4a4a6c374b725d67c1ae,e25077f0120a7e60905297b6187123fbe2de5f068e9ce5c48a2bfd3029099bf1,research-lab/experiments/registered-workflow/runs/primary/run_0758,pending,primary_analysis
run_0759,organamnist,split_09,1009,82,efficientnet_b0,A,5e203de9913a10ae47f75aab7d778e21e9a142a0699f4a4a6c374b725d67c1ae,e25077f0120a7e60905297b6187123fbe2de5f068e9ce5c48a2bfd3029099bf1,research-lab/experiments/registered-workflow/runs/primary/run_0759,pending,primary_analysis
run_0760,organamnist,split_09,1009,82,efficientnet_b0,B,5e203de9913a10ae47f75aab7d778e21e9a142a0699f4a4a6c374b725d67c1ae,e25077f0120a7e60905297b6187123fbe2de5f068e9ce5c48a2bfd3029099bf1,research-lab/experiments/registered-workflow/runs/primary/run_0760,pending,primary_analysis
run_0761,organamnist,split_10,1010,42,resnet18,A,5e203de9913a10ae47f75aab7d778e21e9a142a0699f4a4a6c374b725d67c1ae,a6b1127e68080b69c0e0d9b2326da3de3134ff67efac02ea351d1baf155ba7e4,research-lab/experiments/registered-workflow/runs/primary/run_0761,pending,primary_analysis
run_0762,organamnist,split_10,1010,42,resnet18,B,5e203de9913a10ae47f75aab7d778e21e9a142a0699f4a4a6c374b725d67c1ae,a6b1127e68080b69c0e0d9b2326da3de3134ff67efac02ea351d1baf155ba7e4,research-lab/experiments/registered-workflow/runs/primary/run_0762,pending,primary_analysis
run_0763,organamnist,split_10,1010,42,resnet50,A,5e203de9913a10ae47f75aab7d778e21e9a142a0699f4a4a6c374b725d67c1ae,a6b1127e68080b69c0e0d9b2326da3de3134ff67efac02ea351d1baf155ba7e4,research-lab/experiments/registered-workflow/runs/primary/run_0763,pending,primary_analysis
run_0764,organamnist,split_10,1010,42,resnet50,B,5e203de9913a10ae47f75aab7d778e21e9a142a0699f4a4a6c374b725d67c1ae,a6b1127e68080b69c0e0d9b2326da3de3134ff67efac02ea351d1baf155ba7e4,research-lab/experiments/registered-workflow/runs/primary/run_0764,pending,primary_analysis
run_0765,organamnist,split_10,1010,42,densenet121,A,5e203de9913a10ae47f75aab7d778e21e9a142a0699f4a4a6c374b725d67c1ae,a6b1127e68080b69c0e0d9b2326da3de3134ff67efac02ea351d1baf155ba7e4,research-lab/experiments/registered-workflow/runs/primary/run_0765,pending,primary_analysis
run_0766,organamnist,split_10,1010,42,densenet121,B,5e203de9913a10ae47f75aab7d778e21e9a142a0699f4a4a6c374b725d67c1ae,a6b1127e68080b69c0e0d9b2326da3de3134ff67efac02ea351d1baf155ba7e4,research-lab/experiments/registered-workflow/runs/primary/run_0766,pending,primary_analysis
run_0767,organamnist,split_10,1010,42,efficientnet_b0,A,5e203de9913a10ae47f75aab7d778e21e9a142a0699f4a4a6c374b725d67c1ae,a6b1127e68080b69c0e0d9b2326da3de3134ff67efac02ea351d1baf155ba7e4,research-lab/experiments/registered-workflow/runs/primary/run_0767,pending,primary_analysis
run_0768,organamnist,split_10,1010,42,efficientnet_b0,B,5e203de9913a10ae47f75aab7d778e21e9a142a0699f4a4a6c374b725d67c1ae,a6b1127e68080b69c0e0d9b2326da3de3134ff67efac02ea351d1baf155ba7e4,research-lab/experiments/registered-workflow/runs/primary/run_0768,pending,primary_analysis
run_0769,organamnist,split_10,1010,52,resnet18,A,5e203de9913a10ae47f75aab7d778e21e9a142a0699f4a4a6c374b725d67c1ae,a6b1127e68080b69c0e0d9b2326da3de3134ff67efac02ea351d1baf155ba7e4,research-lab/experiments/registered-workflow/runs/primary/run_0769,pending,primary_analysis
run_0770,organamnist,split_10,1010,52,resnet18,B,5e203de9913a10ae47f75aab7d778e21e9a142a0699f4a4a6c374b725d67c1ae,a6b1127e68080b69c0e0d9b2326da3de3134ff67efac02ea351d1baf155ba7e4,research-lab/experiments/registered-workflow/runs/primary/run_0770,pending,primary_analysis
run_0771,organamnist,split_10,1010,52,resnet50,A,5e203de9913a10ae47f75aab7d778e21e9a142a0699f4a4a6c374b725d67c1ae,a6b1127e68080b69c0e0d9b2326da3de3134ff67efac02ea351d1baf155ba7e4,research-lab/experiments/registered-workflow/runs/primary/run_0771,pending,primary_analysis
run_0772,organamnist,split_10,1010,52,resnet50,B,5e203de9913a10ae47f75aab7d778e21e9a142a0699f4a4a6c374b725d67c1ae,a6b1127e68080b69c0e0d9b2326da3de3134ff67efac02ea351d1baf155ba7e4,research-lab/experiments/registered-workflow/runs/primary/run_0772,pending,primary_analysis
run_0773,organamnist,split_10,1010,52,densenet121,A,5e203de9913a10ae47f75aab7d778e21e9a142a0699f4a4a6c374b725d67c1ae,a6b1127e68080b69c0e0d9b2326da3de3134ff67efac02ea351d1baf155ba7e4,research-lab/experiments/registered-workflow/runs/primary/run_0773,pending,primary_analysis
run_0774,organamnist,split_10,1010,52,densenet121,B,5e203de9913a10ae47f75aab7d778e21e9a142a0699f4a4a6c374b725d67c1ae,a6b1127e68080b69c0e0d9b2326da3de3134ff67efac02ea351d1baf155ba7e4,research-lab/experiments/registered-workflow/runs/primary/run_0774,pending,primary_analysis
run_0775,organamnist,split_10,1010,52,efficientnet_b0,A,5e203de9913a10ae47f75aab7d778e21e9a142a0699f4a4a6c374b725d67c1ae,a6b1127e68080b69c0e0d9b2326da3de3134ff67efac02ea351d1baf155ba7e4,research-lab/experiments/registered-workflow/runs/primary/run_0775,pending,primary_analysis
run_0776,organamnist,split_10,1010,52,efficientnet_b0,B,5e203de9913a10ae47f75aab7d778e21e9a142a0699f4a4a6c374b725d67c1ae,a6b1127e68080b69c0e0d9b2326da3de3134ff67efac02ea351d1baf155ba7e4,research-lab/experiments/registered-workflow/runs/primary/run_0776,pending,primary_analysis
run_0777,organamnist,split_10,1010,62,resnet18,A,5e203de9913a10ae47f75aab7d778e21e9a142a0699f4a4a6c374b725d67c1ae,a6b1127e68080b69c0e0d9b2326da3de3134ff67efac02ea351d1baf155ba7e4,research-lab/experiments/registered-workflow/runs/primary/run_0777,pending,primary_analysis
run_0778,organamnist,split_10,1010,62,resnet18,B,5e203de9913a10ae47f75aab7d778e21e9a142a0699f4a4a6c374b725d67c1ae,a6b1127e68080b69c0e0d9b2326da3de3134ff67efac02ea351d1baf155ba7e4,research-lab/experiments/registered-workflow/runs/primary/run_0778,pending,primary_analysis
run_0779,organamnist,split_10,1010,62,resnet50,A,5e203de9913a10ae47f75aab7d778e21e9a142a0699f4a4a6c374b725d67c1ae,a6b1127e68080b69c0e0d9b2326da3de3134ff67efac02ea351d1baf155ba7e4,research-lab/experiments/registered-workflow/runs/primary/run_0779,pending,primary_analysis
run_0780,organamnist,split_10,1010,62,resnet50,B,5e203de9913a10ae47f75aab7d778e21e9a142a0699f4a4a6c374b725d67c1ae,a6b1127e68080b69c0e0d9b2326da3de3134ff67efac02ea351d1baf155ba7e4,research-lab/experiments/registered-workflow/runs/primary/run_0780,pending,primary_analysis
run_0781,organamnist,split_10,1010,62,densenet121,A,5e203de9913a10ae47f75aab7d778e21e9a142a0699f4a4a6c374b725d67c1ae,a6b1127e68080b69c0e0d9b2326da3de3134ff67efac02ea351d1baf155ba7e4,research-lab/experiments/registered-workflow/runs/primary/run_0781,pending,primary_analysis
run_0782,organamnist,split_10,1010,62,densenet121,B,5e203de9913a10ae47f75aab7d778e21e9a142a0699f4a4a6c374b725d67c1ae,a6b1127e68080b69c0e0d9b2326da3de3134ff67efac02ea351d1baf155ba7e4,research-lab/experiments/registered-workflow/runs/primary/run_0782,pending,primary_analysis
run_0783,organamnist,split_10,1010,62,efficientnet_b0,A,5e203de9913a10ae47f75aab7d778e21e9a142a0699f4a4a6c374b725d67c1ae,a6b1127e68080b69c0e0d9b2326da3de3134ff67efac02ea351d1baf155ba7e4,research-lab/experiments/registered-workflow/runs/primary/run_0783,pending,primary_analysis
run_0784,organamnist,split_10,1010,62,efficientnet_b0,B,5e203de9913a10ae47f75aab7d778e21e9a142a0699f4a4a6c374b725d67c1ae,a6b1127e68080b69c0e0d9b2326da3de3134ff67efac02ea351d1baf155ba7e4,research-lab/experiments/registered-workflow/runs/primary/run_0784,pending,primary_analysis
run_0785,organamnist,split_10,1010,72,resnet18,A,5e203de9913a10ae47f75aab7d778e21e9a142a0699f4a4a6c374b725d67c1ae,a6b1127e68080b69c0e0d9b2326da3de3134ff67efac02ea351d1baf155ba7e4,research-lab/experiments/registered-workflow/runs/primary/run_0785,pending,primary_analysis
run_0786,organamnist,split_10,1010,72,resnet18,B,5e203de9913a10ae47f75aab7d778e21e9a142a0699f4a4a6c374b725d67c1ae,a6b1127e68080b69c0e0d9b2326da3de3134ff67efac02ea351d1baf155ba7e4,research-lab/experiments/registered-workflow/runs/primary/run_0786,pending,primary_analysis
run_0787,organamnist,split_10,1010,72,resnet50,A,5e203de9913a10ae47f75aab7d778e21e9a142a0699f4a4a6c374b725d67c1ae,a6b1127e68080b69c0e0d9b2326da3de3134ff67efac02ea351d1baf155ba7e4,research-lab/experiments/registered-workflow/runs/primary/run_0787,pending,primary_analysis
run_0788,organamnist,split_10,1010,72,resnet50,B,5e203de9913a10ae47f75aab7d778e21e9a142a0699f4a4a6c374b725d67c1ae,a6b1127e68080b69c0e0d9b2326da3de3134ff67efac02ea351d1baf155ba7e4,research-lab/experiments/registered-workflow/runs/primary/run_0788,pending,primary_analysis
run_0789,organamnist,split_10,1010,72,densenet121,A,5e203de9913a10ae47f75aab7d778e21e9a142a0699f4a4a6c374b725d67c1ae,a6b1127e68080b69c0e0d9b2326da3de3134ff67efac02ea351d1baf155ba7e4,research-lab/experiments/registered-workflow/runs/primary/run_0789,pending,primary_analysis
run_0790,organamnist,split_10,1010,72,densenet121,B,5e203de9913a10ae47f75aab7d778e21e9a142a0699f4a4a6c374b725d67c1ae,a6b1127e68080b69c0e0d9b2326da3de3134ff67efac02ea351d1baf155ba7e4,research-lab/experiments/registered-workflow/runs/primary/run_0790,pending,primary_analysis
run_0791,organamnist,split_10,1010,72,efficientnet_b0,A,5e203de9913a10ae47f75aab7d778e21e9a142a0699f4a4a6c374b725d67c1ae,a6b1127e68080b69c0e0d9b2326da3de3134ff67efac02ea351d1baf155ba7e4,research-lab/experiments/registered-workflow/runs/primary/run_0791,pending,primary_analysis
run_0792,organamnist,split_10,1010,72,efficientnet_b0,B,5e203de9913a10ae47f75aab7d778e21e9a142a0699f4a4a6c374b725d67c1ae,a6b1127e68080b69c0e0d9b2326da3de3134ff67efac02ea351d1baf155ba7e4,research-lab/experiments/registered-workflow/runs/primary/run_0792,pending,primary_analysis
run_0793,organamnist,split_10,1010,82,resnet18,A,5e203de9913a10ae47f75aab7d778e21e9a142a0699f4a4a6c374b725d67c1ae,a6b1127e68080b69c0e0d9b2326da3de3134ff67efac02ea351d1baf155ba7e4,research-lab/experiments/registered-workflow/runs/primary/run_0793,pending,primary_analysis
run_0794,organamnist,split_10,1010,82,resnet18,B,5e203de9913a10ae47f75aab7d778e21e9a142a0699f4a4a6c374b725d67c1ae,a6b1127e68080b69c0e0d9b2326da3de3134ff67efac02ea351d1baf155ba7e4,research-lab/experiments/registered-workflow/runs/primary/run_0794,pending,primary_analysis
run_0795,organamnist,split_10,1010,82,resnet50,A,5e203de9913a10ae47f75aab7d778e21e9a142a0699f4a4a6c374b725d67c1ae,a6b1127e68080b69c0e0d9b2326da3de3134ff67efac02ea351d1baf155ba7e4,research-lab/experiments/registered-workflow/runs/primary/run_0795,pending,primary_analysis
run_0796,organamnist,split_10,1010,82,resnet50,B,5e203de9913a10ae47f75aab7d778e21e9a142a0699f4a4a6c374b725d67c1ae,a6b1127e68080b69c0e0d9b2326da3de3134ff67efac02ea351d1baf155ba7e4,research-lab/experiments/registered-workflow/runs/primary/run_0796,pending,primary_analysis
run_0797,organamnist,split_10,1010,82,densenet121,A,5e203de9913a10ae47f75aab7d778e21e9a142a0699f4a4a6c374b725d67c1ae,a6b1127e68080b69c0e0d9b2326da3de3134ff67efac02ea351d1baf155ba7e4,research-lab/experiments/registered-workflow/runs/primary/run_0797,pending,primary_analysis
run_0798,organamnist,split_10,1010,82,densenet121,B,5e203de9913a10ae47f75aab7d778e21e9a142a0699f4a4a6c374b725d67c1ae,a6b1127e68080b69c0e0d9b2326da3de3134ff67efac02ea351d1baf155ba7e4,research-lab/experiments/registered-workflow/runs/primary/run_0798,pending,primary_analysis
run_0799,organamnist,split_10,1010,82,efficientnet_b0,A,5e203de9913a10ae47f75aab7d778e21e9a142a0699f4a4a6c374b725d67c1ae,a6b1127e68080b69c0e0d9b2326da3de3134ff67efac02ea351d1baf155ba7e4,research-lab/experiments/registered-workflow/runs/primary/run_0799,pending,primary_analysis
run_0800,organamnist,split_10,1010,82,efficientnet_b0,B,5e203de9913a10ae47f75aab7d778e21e9a142a0699f4a4a6c374b725d67c1ae,a6b1127e68080b69c0e0d9b2326da3de3134ff67efac02ea351d1baf155ba7e4,research-lab/experiments/registered-workflow/runs/primary/run_0800,pending,primary_analysis
