stratum,partition_id,reference_split_ids,reference_top_frequencies_json,reference_bootstrap_top_frequency_of_mean_BA_top,reference_bootstrap_replicates,resampling
organamnist_A_cnn4_all5,0,split_06|split_07|split_08|split_09|split_10,"{""densenet121"": 0.0, ""efficientnet_b0"": 0.0, ""resnet18"": 0.8555, ""resnet50"": 0.1445}",0.8555,2000,paired crossed split-seed
organamnist_A_cnn4_all5,1,split_05|split_07|split_08|split_09|split_10,"{""densenet121"": 0.0, ""efficientnet_b0"": 0.0, ""resnet18"": 0.925, ""resnet50"": 0.075}",0.925,2000,paired crossed split-seed
organamnist_A_cnn4_all5,2,split_05|split_06|split_08|split_09|split_10,"{""densenet121"": 0.0, ""efficientnet_b0"": 0.0, ""resnet18"": 0.846, ""resnet50"": 0.154}",0.846,2000,paired crossed split-seed
organamnist_A_cnn4_all5,3,split_05|split_06|split_07|split_09|split_10,"{""densenet121"": 0.0, ""efficientnet_b0"": 0.0, ""resnet18"": 0.839, ""resnet50"": 0.161}",0.839,2000,paired crossed split-seed
organamnist_A_cnn4_all5,4,split_05|split_06|split_07|split_08|split_10,"{""densenet121"": 0.0, ""efficientnet_b0"": 0.0, ""resnet18"": 0.9315, ""resnet50"": 0.0685}",0.9315,2000,paired crossed split-seed
organamnist_A_cnn4_all5,5,split_05|split_06|split_07|split_08|split_09,"{""densenet121"": 0.0, ""efficientnet_b0"": 0.0, ""resnet18"": 0.9725, ""resnet50"": 0.0275}",0.9725,2000,paired crossed split-seed
organamnist_A_cnn4_all5,6,split_04|split_07|split_08|split_09|split_10,"{""densenet121"": 0.0, ""efficientnet_b0"": 0.0, ""resnet18"": 0.8345, ""resnet50"": 0.1655}",0.8345,2000,paired crossed split-seed
organamnist_A_cnn4_all5,7,split_04|split_06|split_08|split_09|split_10,"{""densenet121"": 0.0, ""efficientnet_b0"": 0.0, ""resnet18"": 0.71, ""resnet50"": 0.29}",0.71,2000,paired crossed split-seed
organamnist_A_cnn4_all5,8,split_04|split_06|split_07|split_09|split_10,"{""densenet121"": 0.0, ""efficientnet_b0"": 0.0, ""resnet18"": 0.699, ""resnet50"": 0.301}",0.699,2000,paired crossed split-seed
organamnist_A_cnn4_all5,9,split_04|split_06|split_07|split_08|split_10,"{""densenet121"": 0.0, ""efficientnet_b0"": 0.0, ""resnet18"": 0.846, ""resnet50"": 0.154}",0.846,2000,paired crossed split-seed
organamnist_A_cnn4_all5,10,split_04|split_06|split_07|split_08|split_09,"{""densenet121"": 0.0, ""efficientnet_b0"": 0.0, ""resnet18"": 0.935, ""resnet50"": 0.065}",0.935,2000,paired crossed split-seed
organamnist_A_cnn4_all5,11,split_04|split_05|split_08|split_09|split_10,"{""densenet121"": 0.0, ""efficientnet_b0"": 0.0, ""resnet18"": 0.8635, ""resnet50"": 0.1365}",0.8635,2000,paired crossed split-seed
organamnist_A_cnn4_all5,12,split_04|split_05|split_07|split_09|split_10,"{""densenet121"": 0.0, ""efficientnet_b0"": 0.0, ""resnet18"": 0.857, ""resnet50"": 0.143}",0.857,2000,paired crossed split-seed
organamnist_A_cnn4_all5,13,split_04|split_05|split_07|split_08|split_10,"{""densenet121"": 0.0, ""efficientnet_b0"": 0.0, ""resnet18"": 0.9035, ""resnet50"": 0.0965}",0.9035,2000,paired crossed split-seed
organamnist_A_cnn4_all5,14,split_04|split_05|split_07|split_08|split_09,"{""densenet121"": 0.0, ""efficientnet_b0"": 0.0, ""resnet18"": 0.9805, ""resnet50"": 0.0195}",0.9805,2000,paired crossed split-seed
organamnist_A_cnn4_all5,15,split_04|split_05|split_06|split_09|split_10,"{""densenet121"": 0.0, ""efficientnet_b0"": 0.0, ""resnet18"": 0.7135, ""resnet50"": 0.2865}",0.7135,2000,paired crossed split-seed
organamnist_A_cnn4_all5,16,split_04|split_05|split_06|split_08|split_10,"{""densenet121"": 0.0, ""efficientnet_b0"": 0.0, ""resnet18"": 0.831, ""resnet50"": 0.169}",0.831,2000,paired crossed split-seed
organamnist_A_cnn4_all5,17,split_04|split_05|split_06|split_08|split_09,"{""densenet121"": 0.0, ""efficientnet_b0"": 0.0, ""resnet18"": 0.9315, ""resnet50"": 0.0685}",0.9315,2000,paired crossed split-seed
organamnist_A_cnn4_all5,18,split_04|split_05|split_06|split_07|split_10,"{""densenet121"": 0.0, ""efficientnet_b0"": 0.0, ""resnet18"": 0.838, ""resnet50"": 0.162}",0.838,2000,paired crossed split-seed
organamnist_A_cnn4_all5,19,split_04|split_05|split_06|split_07|split_09,"{""densenet121"": 0.0, ""efficientnet_b0"": 0.0, ""resnet18"": 0.9295, ""resnet50"": 0.0705}",0.9295,2000,paired crossed split-seed
organamnist_A_cnn4_all5,20,split_04|split_05|split_06|split_07|split_08,"{""densenet121"": 0.0, ""efficientnet_b0"": 0.0, ""resnet18"": 0.978, ""resnet50"": 0.022}",0.978,2000,paired crossed split-seed
organamnist_A_cnn4_all5,21,split_03|split_07|split_08|split_09|split_10,"{""densenet121"": 0.0, ""efficientnet_b0"": 0.0, ""resnet18"": 0.9185, ""resnet50"": 0.0815}",0.9185,2000,paired crossed split-seed
organamnist_A_cnn4_all5,22,split_03|split_06|split_08|split_09|split_10,"{""densenet121"": 0.0, ""efficientnet_b0"": 0.0, ""resnet18"": 0.83, ""resnet50"": 0.17}",0.83,2000,paired crossed split-seed
organamnist_A_cnn4_all5,23,split_03|split_06|split_07|split_09|split_10,"{""densenet121"": 0.0, ""efficientnet_b0"": 0.0, ""resnet18"": 0.852, ""resnet50"": 0.148}",0.852,2000,paired crossed split-seed
organamnist_A_cnn4_all5,24,split_03|split_06|split_07|split_08|split_10,"{""densenet121"": 0.0, ""efficientnet_b0"": 0.0, ""resnet18"": 0.922, ""resnet50"": 0.078}",0.922,2000,paired crossed split-seed
organamnist_A_cnn4_all5,25,split_03|split_06|split_07|split_08|split_09,"{""densenet121"": 0.0, ""efficientnet_b0"": 0.0, ""resnet18"": 0.978, ""resnet50"": 0.022}",0.978,2000,paired crossed split-seed
organamnist_A_cnn4_all5,26,split_03|split_05|split_08|split_09|split_10,"{""densenet121"": 0.0, ""efficientnet_b0"": 0.0, ""resnet18"": 0.8985, ""resnet50"": 0.1015}",0.8985,2000,paired crossed split-seed
organamnist_A_cnn4_all5,27,split_03|split_05|split_07|split_09|split_10,"{""densenet121"": 0.0, ""efficientnet_b0"": 0.0, ""resnet18"": 0.917, ""resnet50"": 0.083}",0.917,2000,paired crossed split-seed
organamnist_A_cnn4_all5,28,split_03|split_05|split_07|split_08|split_10,"{""densenet121"": 0.0, ""efficientnet_b0"": 0.0, ""resnet18"": 0.9615, ""resnet50"": 0.0385}",0.9615,2000,paired crossed split-seed
organamnist_A_cnn4_all5,29,split_03|split_05|split_07|split_08|split_09,"{""densenet121"": 0.0, ""efficientnet_b0"": 0.0, ""resnet18"": 0.9955, ""resnet50"": 0.0045}",0.9955,2000,paired crossed split-seed
organamnist_A_cnn4_all5,30,split_03|split_05|split_06|split_09|split_10,"{""densenet121"": 0.0, ""efficientnet_b0"": 0.0, ""resnet18"": 0.8295, ""resnet50"": 0.1705}",0.8295,2000,paired crossed split-seed
organamnist_A_cnn4_all5,31,split_03|split_05|split_06|split_08|split_10,"{""densenet121"": 0.0, ""efficientnet_b0"": 0.0, ""resnet18"": 0.913, ""resnet50"": 0.087}",0.913,2000,paired crossed split-seed
organamnist_A_cnn4_all5,32,split_03|split_05|split_06|split_08|split_09,"{""densenet121"": 0.0, ""efficientnet_b0"": 0.0, ""resnet18"": 0.968, ""resnet50"": 0.032}",0.968,2000,paired crossed split-seed
organamnist_A_cnn4_all5,33,split_03|split_05|split_06|split_07|split_10,"{""densenet121"": 0.0, ""efficientnet_b0"": 0.0, ""resnet18"": 0.9295, ""resnet50"": 0.0705}",0.9295,2000,paired crossed split-seed
organamnist_A_cnn4_all5,34,split_03|split_05|split_06|split_07|split_09,"{""densenet121"": 0.0, ""efficientnet_b0"": 0.0, ""resnet18"": 0.964, ""resnet50"": 0.036}",0.964,2000,paired crossed split-seed
organamnist_A_cnn4_all5,35,split_03|split_05|split_06|split_07|split_08,"{""densenet121"": 0.0, ""efficientnet_b0"": 0.0, ""resnet18"": 0.9885, ""resnet50"": 0.0115}",0.9885,2000,paired crossed split-seed
organamnist_A_cnn4_all5,36,split_03|split_04|split_08|split_09|split_10,"{""densenet121"": 0.0, ""efficientnet_b0"": 0.0, ""resnet18"": 0.823, ""resnet50"": 0.177}",0.823,2000,paired crossed split-seed
organamnist_A_cnn4_all5,37,split_03|split_04|split_07|split_09|split_10,"{""densenet121"": 0.0, ""efficientnet_b0"": 0.0, ""resnet18"": 0.8315, ""resnet50"": 0.1685}",0.8315,2000,paired crossed split-seed
organamnist_A_cnn4_all5,38,split_03|split_04|split_07|split_08|split_10,"{""densenet121"": 0.0, ""efficientnet_b0"": 0.0, ""resnet18"": 0.895, ""resnet50"": 0.105}",0.895,2000,paired crossed split-seed
organamnist_A_cnn4_all5,39,split_03|split_04|split_07|split_08|split_09,"{""densenet121"": 0.0, ""efficientnet_b0"": 0.0, ""resnet18"": 0.9765, ""resnet50"": 0.0235}",0.9765,2000,paired crossed split-seed
organamnist_A_cnn4_all5,40,split_03|split_04|split_06|split_09|split_10,"{""densenet121"": 0.0, ""efficientnet_b0"": 0.0, ""resnet18"": 0.699, ""resnet50"": 0.301}",0.699,2000,paired crossed split-seed
organamnist_A_cnn4_all5,41,split_03|split_04|split_06|split_08|split_10,"{""densenet121"": 0.0, ""efficientnet_b0"": 0.0, ""resnet18"": 0.8275, ""resnet50"": 0.1725}",0.8275,2000,paired crossed split-seed
organamnist_A_cnn4_all5,42,split_03|split_04|split_06|split_08|split_09,"{""densenet121"": 0.0, ""efficientnet_b0"": 0.0, ""resnet18"": 0.9345, ""resnet50"": 0.0655}",0.9345,2000,paired crossed split-seed
organamnist_A_cnn4_all5,43,split_03|split_04|split_06|split_07|split_10,"{""densenet121"": 0.0, ""efficientnet_b0"": 0.0, ""resnet18"": 0.8335, ""resnet50"": 0.1665}",0.8335,2000,paired crossed split-seed
organamnist_A_cnn4_all5,44,split_03|split_04|split_06|split_07|split_09,"{""densenet121"": 0.0, ""efficientnet_b0"": 0.0, ""resnet18"": 0.925, ""resnet50"": 0.075}",0.925,2000,paired crossed split-seed
organamnist_A_cnn4_all5,45,split_03|split_04|split_06|split_07|split_08,"{""densenet121"": 0.0, ""efficientnet_b0"": 0.0, ""resnet18"": 0.9825, ""resnet50"": 0.0175}",0.9825,2000,paired crossed split-seed
organamnist_A_cnn4_all5,46,split_03|split_04|split_05|split_09|split_10,"{""densenet121"": 0.0, ""efficientnet_b0"": 0.0, ""resnet18"": 0.8235, ""resnet50"": 0.1765}",0.8235,2000,paired crossed split-seed
organamnist_A_cnn4_all5,47,split_03|split_04|split_05|split_08|split_10,"{""densenet121"": 0.0, ""efficientnet_b0"": 0.0, ""resnet18"": 0.902, ""resnet50"": 0.098}",0.902,2000,paired crossed split-seed
organamnist_A_cnn4_all5,48,split_03|split_04|split_05|split_08|split_09,"{""densenet121"": 0.0, ""efficientnet_b0"": 0.0, ""resnet18"": 0.9805, ""resnet50"": 0.0195}",0.9805,2000,paired crossed split-seed
organamnist_A_cnn4_all5,49,split_03|split_04|split_05|split_07|split_10,"{""densenet121"": 0.0, ""efficientnet_b0"": 0.0, ""resnet18"": 0.9075, ""resnet50"": 0.0925}",0.9075,2000,paired crossed split-seed
organamnist_A_cnn4_all5,50,split_03|split_04|split_05|split_07|split_09,"{""densenet121"": 0.0, ""efficientnet_b0"": 0.0, ""resnet18"": 0.9755, ""resnet50"": 0.0245}",0.9755,2000,paired crossed split-seed
organamnist_A_cnn4_all5,51,split_03|split_04|split_05|split_07|split_08,"{""densenet121"": 0.0, ""efficientnet_b0"": 0.0, ""resnet18"": 0.9975, ""resnet50"": 0.0025}",0.9975,2000,paired crossed split-seed
organamnist_A_cnn4_all5,52,split_03|split_04|split_05|split_06|split_10,"{""densenet121"": 0.0, ""efficientnet_b0"": 0.0, ""resnet18"": 0.811, ""resnet50"": 0.189}",0.811,2000,paired crossed split-seed
organamnist_A_cnn4_all5,53,split_03|split_04|split_05|split_06|split_09,"{""densenet121"": 0.0, ""efficientnet_b0"": 0.0, ""resnet18"": 0.917, ""resnet50"": 0.083}",0.917,2000,paired crossed split-seed
organamnist_A_cnn4_all5,54,split_03|split_04|split_05|split_06|split_08,"{""densenet121"": 0.0, ""efficientnet_b0"": 0.0, ""resnet18"": 0.975, ""resnet50"": 0.025}",0.975,2000,paired crossed split-seed
organamnist_A_cnn4_all5,55,split_03|split_04|split_05|split_06|split_07,"{""densenet121"": 0.0, ""efficientnet_b0"": 0.0, ""resnet18"": 0.9805, ""resnet50"": 0.0195}",0.9805,2000,paired crossed split-seed
organamnist_A_cnn4_all5,56,split_02|split_07|split_08|split_09|split_10,"{""densenet121"": 0.0, ""efficientnet_b0"": 0.0, ""resnet18"": 0.822, ""resnet50"": 0.178}",0.822,2000,paired crossed split-seed
organamnist_A_cnn4_all5,57,split_02|split_06|split_08|split_09|split_10,"{""densenet121"": 0.0, ""efficientnet_b0"": 0.0, ""resnet18"": 0.697, ""resnet50"": 0.303}",0.697,2000,paired crossed split-seed
organamnist_A_cnn4_all5,58,split_02|split_06|split_07|split_09|split_10,"{""densenet121"": 0.0, ""efficientnet_b0"": 0.0, ""resnet18"": 0.677, ""resnet50"": 0.323}",0.677,2000,paired crossed split-seed
organamnist_A_cnn4_all5,59,split_02|split_06|split_07|split_08|split_10,"{""densenet121"": 0.0, ""efficientnet_b0"": 0.0, ""resnet18"": 0.806, ""resnet50"": 0.194}",0.806,2000,paired crossed split-seed
organamnist_A_cnn4_all5,60,split_02|split_06|split_07|split_08|split_09,"{""densenet121"": 0.0, ""efficientnet_b0"": 0.0, ""resnet18"": 0.9055, ""resnet50"": 0.0945}",0.9055,2000,paired crossed split-seed
organamnist_A_cnn4_all5,61,split_02|split_05|split_08|split_09|split_10,"{""densenet121"": 0.0, ""efficientnet_b0"": 0.0, ""resnet18"": 0.8255, ""resnet50"": 0.1745}",0.8255,2000,paired crossed split-seed
organamnist_A_cnn4_all5,62,split_02|split_05|split_07|split_09|split_10,"{""densenet121"": 0.0, ""efficientnet_b0"": 0.0, ""resnet18"": 0.8335, ""resnet50"": 0.1665}",0.8335,2000,paired crossed split-seed
organamnist_A_cnn4_all5,63,split_02|split_05|split_07|split_08|split_10,"{""densenet121"": 0.0, ""efficientnet_b0"": 0.0, ""resnet18"": 0.9135, ""resnet50"": 0.0865}",0.9135,2000,paired crossed split-seed
organamnist_A_cnn4_all5,64,split_02|split_05|split_07|split_08|split_09,"{""densenet121"": 0.0, ""efficientnet_b0"": 0.0, ""resnet18"": 0.968, ""resnet50"": 0.032}",0.968,2000,paired crossed split-seed
organamnist_A_cnn4_all5,65,split_02|split_05|split_06|split_09|split_10,"{""densenet121"": 0.0, ""efficientnet_b0"": 0.0, ""resnet18"": 0.688, ""resnet50"": 0.312}",0.688,2000,paired crossed split-seed
organamnist_A_cnn4_all5,66,split_02|split_05|split_06|split_08|split_10,"{""densenet121"": 0.0, ""efficientnet_b0"": 0.0, ""resnet18"": 0.8145, ""resnet50"": 0.1855}",0.8145,2000,paired crossed split-seed
organamnist_A_cnn4_all5,67,split_02|split_05|split_06|split_08|split_09,"{""densenet121"": 0.0, ""efficientnet_b0"": 0.0, ""resnet18"": 0.9005, ""resnet50"": 0.0995}",0.9005,2000,paired crossed split-seed
organamnist_A_cnn4_all5,68,split_02|split_05|split_06|split_07|split_10,"{""densenet121"": 0.0, ""efficientnet_b0"": 0.0, ""resnet18"": 0.823, ""resnet50"": 0.177}",0.823,2000,paired crossed split-seed
organamnist_A_cnn4_all5,69,split_02|split_05|split_06|split_07|split_09,"{""densenet121"": 0.0, ""efficientnet_b0"": 0.0, ""resnet18"": 0.888, ""resnet50"": 0.112}",0.888,2000,paired crossed split-seed
organamnist_A_cnn4_all5,70,split_02|split_05|split_06|split_07|split_08,"{""densenet121"": 0.0, ""efficientnet_b0"": 0.0, ""resnet18"": 0.954, ""resnet50"": 0.046}",0.954,2000,paired crossed split-seed
organamnist_A_cnn4_all5,71,split_02|split_04|split_08|split_09|split_10,"{""densenet121"": 0.0, ""efficientnet_b0"": 0.0, ""resnet18"": 0.6815, ""resnet50"": 0.3185}",0.6815,2000,paired crossed split-seed
organamnist_A_cnn4_all5,72,split_02|split_04|split_07|split_09|split_10,"{""densenet121"": 0.0, ""efficientnet_b0"": 0.0, ""resnet18"": 0.6615, ""resnet50"": 0.3385}",0.6615,2000,paired crossed split-seed
organamnist_A_cnn4_all5,73,split_02|split_04|split_07|split_08|split_10,"{""densenet121"": 0.0, ""efficientnet_b0"": 0.0, ""resnet18"": 0.7885, ""resnet50"": 0.2115}",0.7885,2000,paired crossed split-seed
organamnist_A_cnn4_all5,74,split_02|split_04|split_07|split_08|split_09,"{""densenet121"": 0.0, ""efficientnet_b0"": 0.0, ""resnet18"": 0.877, ""resnet50"": 0.123}",0.877,2000,paired crossed split-seed
organamnist_A_cnn4_all5,75,split_02|split_04|split_06|split_09|split_10,"{""densenet121"": 0.0, ""efficientnet_b0"": 0.0, ""resnet18"": 0.451, ""resnet50"": 0.549}",0.549,2000,paired crossed split-seed
organamnist_A_cnn4_all5,76,split_02|split_04|split_06|split_08|split_10,"{""densenet121"": 0.0, ""efficientnet_b0"": 0.0, ""resnet18"": 0.6695, ""resnet50"": 0.3305}",0.6695,2000,paired crossed split-seed
organamnist_A_cnn4_all5,77,split_02|split_04|split_06|split_08|split_09,"{""densenet121"": 0.0, ""efficientnet_b0"": 0.0, ""resnet18"": 0.7935, ""resnet50"": 0.2065}",0.7935,2000,paired crossed split-seed
organamnist_A_cnn4_all5,78,split_02|split_04|split_06|split_07|split_10,"{""densenet121"": 0.0, ""efficientnet_b0"": 0.0, ""resnet18"": 0.649, ""resnet50"": 0.351}",0.649,2000,paired crossed split-seed
organamnist_A_cnn4_all5,79,split_02|split_04|split_06|split_07|split_09,"{""densenet121"": 0.0, ""efficientnet_b0"": 0.0, ""resnet18"": 0.752, ""resnet50"": 0.248}",0.752,2000,paired crossed split-seed
organamnist_A_cnn4_all5,80,split_02|split_04|split_06|split_07|split_08,"{""densenet121"": 0.0, ""efficientnet_b0"": 0.0, ""resnet18"": 0.887, ""resnet50"": 0.113}",0.887,2000,paired crossed split-seed
organamnist_A_cnn4_all5,81,split_02|split_04|split_05|split_09|split_10,"{""densenet121"": 0.0, ""efficientnet_b0"": 0.0, ""resnet18"": 0.7415, ""resnet50"": 0.2585}",0.7415,2000,paired crossed split-seed
organamnist_A_cnn4_all5,82,split_02|split_04|split_05|split_08|split_10,"{""densenet121"": 0.0, ""efficientnet_b0"": 0.0, ""resnet18"": 0.8395, ""resnet50"": 0.1605}",0.8395,2000,paired crossed split-seed
organamnist_A_cnn4_all5,83,split_02|split_04|split_05|split_08|split_09,"{""densenet121"": 0.0, ""efficientnet_b0"": 0.0, ""resnet18"": 0.9245, ""resnet50"": 0.0755}",0.9245,2000,paired crossed split-seed
organamnist_A_cnn4_all5,84,split_02|split_04|split_05|split_07|split_10,"{""densenet121"": 0.0, ""efficientnet_b0"": 0.0, ""resnet18"": 0.818, ""resnet50"": 0.182}",0.818,2000,paired crossed split-seed
organamnist_A_cnn4_all5,85,split_02|split_04|split_05|split_07|split_09,"{""densenet121"": 0.0, ""efficientnet_b0"": 0.0, ""resnet18"": 0.909, ""resnet50"": 0.091}",0.909,2000,paired crossed split-seed
organamnist_A_cnn4_all5,86,split_02|split_04|split_05|split_07|split_08,"{""densenet121"": 0.0, ""efficientnet_b0"": 0.0, ""resnet18"": 0.965, ""resnet50"": 0.035}",0.965,2000,paired crossed split-seed
organamnist_A_cnn4_all5,87,split_02|split_04|split_05|split_06|split_10,"{""densenet121"": 0.0, ""efficientnet_b0"": 0.0, ""resnet18"": 0.6845, ""resnet50"": 0.3155}",0.6845,2000,paired crossed split-seed
organamnist_A_cnn4_all5,88,split_02|split_04|split_05|split_06|split_09,"{""densenet121"": 0.0, ""efficientnet_b0"": 0.0, ""resnet18"": 0.821, ""resnet50"": 0.179}",0.821,2000,paired crossed split-seed
organamnist_A_cnn4_all5,89,split_02|split_04|split_05|split_06|split_08,"{""densenet121"": 0.0, ""efficientnet_b0"": 0.0, ""resnet18"": 0.907, ""resnet50"": 0.093}",0.907,2000,paired crossed split-seed
organamnist_A_cnn4_all5,90,split_02|split_04|split_05|split_06|split_07,"{""densenet121"": 0.0, ""efficientnet_b0"": 0.0, ""resnet18"": 0.8875, ""resnet50"": 0.1125}",0.8875,2000,paired crossed split-seed
organamnist_A_cnn4_all5,91,split_02|split_03|split_08|split_09|split_10,"{""densenet121"": 0.0, ""efficientnet_b0"": 0.0, ""resnet18"": 0.8215, ""resnet50"": 0.1785}",0.8215,2000,paired crossed split-seed
organamnist_A_cnn4_all5,92,split_02|split_03|split_07|split_09|split_10,"{""densenet121"": 0.0, ""efficientnet_b0"": 0.0, ""resnet18"": 0.8125, ""resnet50"": 0.1875}",0.8125,2000,paired crossed split-seed
organamnist_A_cnn4_all5,93,split_02|split_03|split_07|split_08|split_10,"{""densenet121"": 0.0, ""efficientnet_b0"": 0.0, ""resnet18"": 0.888, ""resnet50"": 0.112}",0.888,2000,paired crossed split-seed
organamnist_A_cnn4_all5,94,split_02|split_03|split_07|split_08|split_09,"{""densenet121"": 0.0, ""efficientnet_b0"": 0.0, ""resnet18"": 0.953, ""resnet50"": 0.047}",0.953,2000,paired crossed split-seed
organamnist_A_cnn4_all5,95,split_02|split_03|split_06|split_09|split_10,"{""densenet121"": 0.0, ""efficientnet_b0"": 0.0, ""resnet18"": 0.6655, ""resnet50"": 0.3345}",0.6655,2000,paired crossed split-seed
organamnist_A_cnn4_all5,96,split_02|split_03|split_06|split_08|split_10,"{""densenet121"": 0.0, ""efficientnet_b0"": 0.0, ""resnet18"": 0.795, ""resnet50"": 0.205}",0.795,2000,paired crossed split-seed
organamnist_A_cnn4_all5,97,split_02|split_03|split_06|split_08|split_09,"{""densenet121"": 0.0, ""efficientnet_b0"": 0.0, ""resnet18"": 0.892, ""resnet50"": 0.108}",0.892,2000,paired crossed split-seed
organamnist_A_cnn4_all5,98,split_02|split_03|split_06|split_07|split_10,"{""densenet121"": 0.0, ""efficientnet_b0"": 0.0, ""resnet18"": 0.807, ""resnet50"": 0.193}",0.807,2000,paired crossed split-seed
organamnist_A_cnn4_all5,99,split_02|split_03|split_06|split_07|split_09,"{""densenet121"": 0.0, ""efficientnet_b0"": 0.0, ""resnet18"": 0.871, ""resnet50"": 0.129}",0.871,2000,paired crossed split-seed
organamnist_A_cnn4_all5,100,split_02|split_03|split_06|split_07|split_08,"{""densenet121"": 0.0, ""efficientnet_b0"": 0.0, ""resnet18"": 0.9475, ""resnet50"": 0.0525}",0.9475,2000,paired crossed split-seed
organamnist_A_cnn4_all5,101,split_02|split_03|split_05|split_09|split_10,"{""densenet121"": 0.0, ""efficientnet_b0"": 0.0, ""resnet18"": 0.8245, ""resnet50"": 0.1755}",0.8245,2000,paired crossed split-seed
organamnist_A_cnn4_all5,102,split_02|split_03|split_05|split_08|split_10,"{""densenet121"": 0.0, ""efficientnet_b0"": 0.0, ""resnet18"": 0.896, ""resnet50"": 0.104}",0.896,2000,paired crossed split-seed
organamnist_A_cnn4_all5,103,split_02|split_03|split_05|split_08|split_09,"{""densenet121"": 0.0, ""efficientnet_b0"": 0.0, ""resnet18"": 0.9645, ""resnet50"": 0.0355}",0.9645,2000,paired crossed split-seed
organamnist_A_cnn4_all5,104,split_02|split_03|split_05|split_07|split_10,"{""densenet121"": 0.0, ""efficientnet_b0"": 0.0, ""resnet18"": 0.9055, ""resnet50"": 0.0945}",0.9055,2000,paired crossed split-seed
organamnist_A_cnn4_all5,105,split_02|split_03|split_05|split_07|split_09,"{""densenet121"": 0.0, ""efficientnet_b0"": 0.0, ""resnet18"": 0.956, ""resnet50"": 0.044}",0.956,2000,paired crossed split-seed
organamnist_A_cnn4_all5,106,split_02|split_03|split_05|split_07|split_08,"{""densenet121"": 0.0, ""efficientnet_b0"": 0.0, ""resnet18"": 0.9825, ""resnet50"": 0.0175}",0.9825,2000,paired crossed split-seed
organamnist_A_cnn4_all5,107,split_02|split_03|split_05|split_06|split_10,"{""densenet121"": 0.0, ""efficientnet_b0"": 0.0, ""resnet18"": 0.818, ""resnet50"": 0.182}",0.818,2000,paired crossed split-seed
organamnist_A_cnn4_all5,108,split_02|split_03|split_05|split_06|split_09,"{""densenet121"": 0.0, ""efficientnet_b0"": 0.0, ""resnet18"": 0.8675, ""resnet50"": 0.1325}",0.8675,2000,paired crossed split-seed
organamnist_A_cnn4_all5,109,split_02|split_03|split_05|split_06|split_08,"{""densenet121"": 0.0, ""efficientnet_b0"": 0.0, ""resnet18"": 0.9475, ""resnet50"": 0.0525}",0.9475,2000,paired crossed split-seed
organamnist_A_cnn4_all5,110,split_02|split_03|split_05|split_06|split_07,"{""densenet121"": 0.0, ""efficientnet_b0"": 0.0, ""resnet18"": 0.939, ""resnet50"": 0.061}",0.939,2000,paired crossed split-seed
organamnist_A_cnn4_all5,111,split_02|split_03|split_04|split_09|split_10,"{""densenet121"": 0.0, ""efficientnet_b0"": 0.0, ""resnet18"": 0.6445, ""resnet50"": 0.3555}",0.6445,2000,paired crossed split-seed
organamnist_A_cnn4_all5,112,split_02|split_03|split_04|split_08|split_10,"{""densenet121"": 0.0, ""efficientnet_b0"": 0.0, ""resnet18"": 0.7745, ""resnet50"": 0.2255}",0.7745,2000,paired crossed split-seed
organamnist_A_cnn4_all5,113,split_02|split_03|split_04|split_08|split_09,"{""densenet121"": 0.0, ""efficientnet_b0"": 0.0, ""resnet18"": 0.8875, ""resnet50"": 0.1125}",0.8875,2000,paired crossed split-seed
organamnist_A_cnn4_all5,114,split_02|split_03|split_04|split_07|split_10,"{""densenet121"": 0.0, ""efficientnet_b0"": 0.0, ""resnet18"": 0.794, ""resnet50"": 0.206}",0.794,2000,paired crossed split-seed
organamnist_A_cnn4_all5,115,split_02|split_03|split_04|split_07|split_09,"{""densenet121"": 0.0, ""efficientnet_b0"": 0.0, ""resnet18"": 0.875, ""resnet50"": 0.125}",0.875,2000,paired crossed split-seed
organamnist_A_cnn4_all5,116,split_02|split_03|split_04|split_07|split_08,"{""densenet121"": 0.0, ""efficientnet_b0"": 0.0, ""resnet18"": 0.947, ""resnet50"": 0.053}",0.947,2000,paired crossed split-seed
organamnist_A_cnn4_all5,117,split_02|split_03|split_04|split_06|split_10,"{""densenet121"": 0.0, ""efficientnet_b0"": 0.0, ""resnet18"": 0.6525, ""resnet50"": 0.3475}",0.6525,2000,paired crossed split-seed
organamnist_A_cnn4_all5,118,split_02|split_03|split_04|split_06|split_09,"{""densenet121"": 0.0, ""efficientnet_b0"": 0.0, ""resnet18"": 0.78, ""resnet50"": 0.22}",0.78,2000,paired crossed split-seed
organamnist_A_cnn4_all5,119,split_02|split_03|split_04|split_06|split_08,"{""densenet121"": 0.0, ""efficientnet_b0"": 0.0, ""resnet18"": 0.8855, ""resnet50"": 0.1145}",0.8855,2000,paired crossed split-seed
organamnist_A_cnn4_all5,120,split_02|split_03|split_04|split_06|split_07,"{""densenet121"": 0.0, ""efficientnet_b0"": 0.0, ""resnet18"": 0.887, ""resnet50"": 0.113}",0.887,2000,paired crossed split-seed
organamnist_A_cnn4_all5,121,split_02|split_03|split_04|split_05|split_10,"{""densenet121"": 0.0, ""efficientnet_b0"": 0.0, ""resnet18"": 0.816, ""resnet50"": 0.184}",0.816,2000,paired crossed split-seed
organamnist_A_cnn4_all5,122,split_02|split_03|split_04|split_05|split_09,"{""densenet121"": 0.0, ""efficientnet_b0"": 0.0, ""resnet18"": 0.9115, ""resnet50"": 0.0885}",0.9115,2000,paired crossed split-seed
organamnist_A_cnn4_all5,123,split_02|split_03|split_04|split_05|split_08,"{""densenet121"": 0.0, ""efficientnet_b0"": 0.0, ""resnet18"": 0.957, ""resnet50"": 0.043}",0.957,2000,paired crossed split-seed
organamnist_A_cnn4_all5,124,split_02|split_03|split_04|split_05|split_07,"{""densenet121"": 0.0, ""efficientnet_b0"": 0.0, ""resnet18"": 0.9565, ""resnet50"": 0.0435}",0.9565,2000,paired crossed split-seed
organamnist_A_cnn4_all5,125,split_02|split_03|split_04|split_05|split_06,"{""densenet121"": 0.0, ""efficientnet_b0"": 0.0, ""resnet18"": 0.89, ""resnet50"": 0.11}",0.89,2000,paired crossed split-seed
organamnist_A_cnn4_all5,126,split_01|split_07|split_08|split_09|split_10,"{""densenet121"": 0.0, ""efficientnet_b0"": 0.0, ""resnet18"": 0.816, ""resnet50"": 0.184}",0.816,2000,paired crossed split-seed
organamnist_A_cnn4_all5,127,split_01|split_06|split_08|split_09|split_10,"{""densenet121"": 0.0, ""efficientnet_b0"": 0.0, ""resnet18"": 0.7, ""resnet50"": 0.3}",0.7,2000,paired crossed split-seed
organamnist_A_cnn4_all5,128,split_01|split_06|split_07|split_09|split_10,"{""densenet121"": 0.0, ""efficientnet_b0"": 0.0, ""resnet18"": 0.6715, ""resnet50"": 0.3285}",0.6715,2000,paired crossed split-seed
organamnist_A_cnn4_all5,129,split_01|split_06|split_07|split_08|split_10,"{""densenet121"": 0.0, ""efficientnet_b0"": 0.0, ""resnet18"": 0.8175, ""resnet50"": 0.1825}",0.8175,2000,paired crossed split-seed
organamnist_A_cnn4_all5,130,split_01|split_06|split_07|split_08|split_09,"{""densenet121"": 0.0, ""efficientnet_b0"": 0.0, ""resnet18"": 0.905, ""resnet50"": 0.095}",0.905,2000,paired crossed split-seed
organamnist_A_cnn4_all5,131,split_01|split_05|split_08|split_09|split_10,"{""densenet121"": 0.0, ""efficientnet_b0"": 0.0, ""resnet18"": 0.822, ""resnet50"": 0.178}",0.822,2000,paired crossed split-seed
organamnist_A_cnn4_all5,132,split_01|split_05|split_07|split_09|split_10,"{""densenet121"": 0.0, ""efficientnet_b0"": 0.0, ""resnet18"": 0.8395, ""resnet50"": 0.1605}",0.8395,2000,paired crossed split-seed
organamnist_A_cnn4_all5,133,split_01|split_05|split_07|split_08|split_10,"{""densenet121"": 0.0, ""efficientnet_b0"": 0.0, ""resnet18"": 0.9105, ""resnet50"": 0.0895}",0.9105,2000,paired crossed split-seed
organamnist_A_cnn4_all5,134,split_01|split_05|split_07|split_08|split_09,"{""densenet121"": 0.0, ""efficientnet_b0"": 0.0, ""resnet18"": 0.967, ""resnet50"": 0.033}",0.967,2000,paired crossed split-seed
organamnist_A_cnn4_all5,135,split_01|split_05|split_06|split_09|split_10,"{""densenet121"": 0.0, ""efficientnet_b0"": 0.0, ""resnet18"": 0.718, ""resnet50"": 0.282}",0.718,2000,paired crossed split-seed
organamnist_A_cnn4_all5,136,split_01|split_05|split_06|split_08|split_10,"{""densenet121"": 0.0, ""efficientnet_b0"": 0.0, ""resnet18"": 0.813, ""resnet50"": 0.187}",0.813,2000,paired crossed split-seed
organamnist_A_cnn4_all5,137,split_01|split_05|split_06|split_08|split_09,"{""densenet121"": 0.0, ""efficientnet_b0"": 0.0, ""resnet18"": 0.9055, ""resnet50"": 0.0945}",0.9055,2000,paired crossed split-seed
organamnist_A_cnn4_all5,138,split_01|split_05|split_06|split_07|split_10,"{""densenet121"": 0.0, ""efficientnet_b0"": 0.0, ""resnet18"": 0.8295, ""resnet50"": 0.1705}",0.8295,2000,paired crossed split-seed
organamnist_A_cnn4_all5,139,split_01|split_05|split_06|split_07|split_09,"{""densenet121"": 0.0, ""efficientnet_b0"": 0.0, ""resnet18"": 0.89, ""resnet50"": 0.11}",0.89,2000,paired crossed split-seed
organamnist_A_cnn4_all5,140,split_01|split_05|split_06|split_07|split_08,"{""densenet121"": 0.0, ""efficientnet_b0"": 0.0, ""resnet18"": 0.958, ""resnet50"": 0.042}",0.958,2000,paired crossed split-seed
organamnist_A_cnn4_all5,141,split_01|split_04|split_08|split_09|split_10,"{""densenet121"": 0.0, ""efficientnet_b0"": 0.0, ""resnet18"": 0.694, ""resnet50"": 0.306}",0.694,2000,paired crossed split-seed
organamnist_A_cnn4_all5,142,split_01|split_04|split_07|split_09|split_10,"{""densenet121"": 0.0, ""efficientnet_b0"": 0.0, ""resnet18"": 0.6715, ""resnet50"": 0.3285}",0.6715,2000,paired crossed split-seed
organamnist_A_cnn4_all5,143,split_01|split_04|split_07|split_08|split_10,"{""densenet121"": 0.0, ""efficientnet_b0"": 0.0, ""resnet18"": 0.8015, ""resnet50"": 0.1985}",0.8015,2000,paired crossed split-seed
organamnist_A_cnn4_all5,144,split_01|split_04|split_07|split_08|split_09,"{""densenet121"": 0.0, ""efficientnet_b0"": 0.0, ""resnet18"": 0.8925, ""resnet50"": 0.1075}",0.8925,2000,paired crossed split-seed
organamnist_A_cnn4_all5,145,split_01|split_04|split_06|split_09|split_10,"{""densenet121"": 0.0, ""efficientnet_b0"": 0.0, ""resnet18"": 0.469, ""resnet50"": 0.531}",0.531,2000,paired crossed split-seed
organamnist_A_cnn4_all5,146,split_01|split_04|split_06|split_08|split_10,"{""densenet121"": 0.0, ""efficientnet_b0"": 0.0, ""resnet18"": 0.676, ""resnet50"": 0.324}",0.676,2000,paired crossed split-seed
organamnist_A_cnn4_all5,147,split_01|split_04|split_06|split_08|split_09,"{""densenet121"": 0.0, ""efficientnet_b0"": 0.0, ""resnet18"": 0.793, ""resnet50"": 0.207}",0.793,2000,paired crossed split-seed
organamnist_A_cnn4_all5,148,split_01|split_04|split_06|split_07|split_10,"{""densenet121"": 0.0, ""efficientnet_b0"": 0.0, ""resnet18"": 0.648, ""resnet50"": 0.352}",0.648,2000,paired crossed split-seed
organamnist_A_cnn4_all5,149,split_01|split_04|split_06|split_07|split_09,"{""densenet121"": 0.0, ""efficientnet_b0"": 0.0, ""resnet18"": 0.7605, ""resnet50"": 0.2395}",0.7605,2000,paired crossed split-seed
organamnist_A_cnn4_all5,150,split_01|split_04|split_06|split_07|split_08,"{""densenet121"": 0.0, ""efficientnet_b0"": 0.0, ""resnet18"": 0.893, ""resnet50"": 0.107}",0.893,2000,paired crossed split-seed
organamnist_A_cnn4_all5,151,split_01|split_04|split_05|split_09|split_10,"{""densenet121"": 0.0, ""efficientnet_b0"": 0.0, ""resnet18"": 0.727, ""resnet50"": 0.273}",0.727,2000,paired crossed split-seed
organamnist_A_cnn4_all5,152,split_01|split_04|split_05|split_08|split_10,"{""densenet121"": 0.0, ""efficientnet_b0"": 0.0, ""resnet18"": 0.8185, ""resnet50"": 0.1815}",0.8185,2000,paired crossed split-seed
organamnist_A_cnn4_all5,153,split_01|split_04|split_05|split_08|split_09,"{""densenet121"": 0.0, ""efficientnet_b0"": 0.0, ""resnet18"": 0.9155, ""resnet50"": 0.0845}",0.9155,2000,paired crossed split-seed
organamnist_A_cnn4_all5,154,split_01|split_04|split_05|split_07|split_10,"{""densenet121"": 0.0, ""efficientnet_b0"": 0.0, ""resnet18"": 0.814, ""resnet50"": 0.186}",0.814,2000,paired crossed split-seed
organamnist_A_cnn4_all5,155,split_01|split_04|split_05|split_07|split_09,"{""densenet121"": 0.0, ""efficientnet_b0"": 0.0, ""resnet18"": 0.9135, ""resnet50"": 0.0865}",0.9135,2000,paired crossed split-seed
organamnist_A_cnn4_all5,156,split_01|split_04|split_05|split_07|split_08,"{""densenet121"": 0.0, ""efficientnet_b0"": 0.0, ""resnet18"": 0.961, ""resnet50"": 0.039}",0.961,2000,paired crossed split-seed
organamnist_A_cnn4_all5,157,split_01|split_04|split_05|split_06|split_10,"{""densenet121"": 0.0, ""efficientnet_b0"": 0.0, ""resnet18"": 0.6815, ""resnet50"": 0.3185}",0.6815,2000,paired crossed split-seed
organamnist_A_cnn4_all5,158,split_01|split_04|split_05|split_06|split_09,"{""densenet121"": 0.0, ""efficientnet_b0"": 0.0, ""resnet18"": 0.7915, ""resnet50"": 0.2085}",0.7915,2000,paired crossed split-seed
organamnist_A_cnn4_all5,159,split_01|split_04|split_05|split_06|split_08,"{""densenet121"": 0.0, ""efficientnet_b0"": 0.0, ""resnet18"": 0.91, ""resnet50"": 0.09}",0.91,2000,paired crossed split-seed
organamnist_A_cnn4_all5,160,split_01|split_04|split_05|split_06|split_07,"{""densenet121"": 0.0, ""efficientnet_b0"": 0.0, ""resnet18"": 0.887, ""resnet50"": 0.113}",0.887,2000,paired crossed split-seed
organamnist_A_cnn4_all5,161,split_01|split_03|split_08|split_09|split_10,"{""densenet121"": 0.0, ""efficientnet_b0"": 0.0, ""resnet18"": 0.8075, ""resnet50"": 0.1925}",0.8075,2000,paired crossed split-seed
organamnist_A_cnn4_all5,162,split_01|split_03|split_07|split_09|split_10,"{""densenet121"": 0.0, ""efficientnet_b0"": 0.0, ""resnet18"": 0.803, ""resnet50"": 0.197}",0.803,2000,paired crossed split-seed
organamnist_A_cnn4_all5,163,split_01|split_03|split_07|split_08|split_10,"{""densenet121"": 0.0, ""efficientnet_b0"": 0.0, ""resnet18"": 0.879, ""resnet50"": 0.121}",0.879,2000,paired crossed split-seed
organamnist_A_cnn4_all5,164,split_01|split_03|split_07|split_08|split_09,"{""densenet121"": 0.0, ""efficientnet_b0"": 0.0, ""resnet18"": 0.954, ""resnet50"": 0.046}",0.954,2000,paired crossed split-seed
organamnist_A_cnn4_all5,165,split_01|split_03|split_06|split_09|split_10,"{""densenet121"": 0.0, ""efficientnet_b0"": 0.0, ""resnet18"": 0.6645, ""resnet50"": 0.3355}",0.6645,2000,paired crossed split-seed
organamnist_A_cnn4_all5,166,split_01|split_03|split_06|split_08|split_10,"{""densenet121"": 0.0, ""efficientnet_b0"": 0.0, ""resnet18"": 0.7815, ""resnet50"": 0.2185}",0.7815,2000,paired crossed split-seed
organamnist_A_cnn4_all5,167,split_01|split_03|split_06|split_08|split_09,"{""densenet121"": 0.0, ""efficientnet_b0"": 0.0, ""resnet18"": 0.8735, ""resnet50"": 0.1265}",0.8735,2000,paired crossed split-seed
organamnist_A_cnn4_all5,168,split_01|split_03|split_06|split_07|split_10,"{""densenet121"": 0.0, ""efficientnet_b0"": 0.0, ""resnet18"": 0.8075, ""resnet50"": 0.1925}",0.8075,2000,paired crossed split-seed
organamnist_A_cnn4_all5,169,split_01|split_03|split_06|split_07|split_09,"{""densenet121"": 0.0, ""efficientnet_b0"": 0.0, ""resnet18"": 0.8805, ""resnet50"": 0.1195}",0.8805,2000,paired crossed split-seed
organamnist_A_cnn4_all5,170,split_01|split_03|split_06|split_07|split_08,"{""densenet121"": 0.0, ""efficientnet_b0"": 0.0, ""resnet18"": 0.9465, ""resnet50"": 0.0535}",0.9465,2000,paired crossed split-seed
organamnist_A_cnn4_all5,171,split_01|split_03|split_05|split_09|split_10,"{""densenet121"": 0.0, ""efficientnet_b0"": 0.0, ""resnet18"": 0.818, ""resnet50"": 0.182}",0.818,2000,paired crossed split-seed
organamnist_A_cnn4_all5,172,split_01|split_03|split_05|split_08|split_10,"{""densenet121"": 0.0, ""efficientnet_b0"": 0.0, ""resnet18"": 0.897, ""resnet50"": 0.103}",0.897,2000,paired crossed split-seed
organamnist_A_cnn4_all5,173,split_01|split_03|split_05|split_08|split_09,"{""densenet121"": 0.0, ""efficientnet_b0"": 0.0, ""resnet18"": 0.958, ""resnet50"": 0.042}",0.958,2000,paired crossed split-seed
organamnist_A_cnn4_all5,174,split_01|split_03|split_05|split_07|split_10,"{""densenet121"": 0.0, ""efficientnet_b0"": 0.0, ""resnet18"": 0.891, ""resnet50"": 0.109}",0.891,2000,paired crossed split-seed
organamnist_A_cnn4_all5,175,split_01|split_03|split_05|split_07|split_09,"{""densenet121"": 0.0, ""efficientnet_b0"": 0.0, ""resnet18"": 0.957, ""resnet50"": 0.043}",0.957,2000,paired crossed split-seed
organamnist_A_cnn4_all5,176,split_01|split_03|split_05|split_07|split_08,"{""densenet121"": 0.0, ""efficientnet_b0"": 0.0, ""resnet18"": 0.9835, ""resnet50"": 0.0165}",0.9835,2000,paired crossed split-seed
organamnist_A_cnn4_all5,177,split_01|split_03|split_05|split_06|split_10,"{""densenet121"": 0.0, ""efficientnet_b0"": 0.0, ""resnet18"": 0.793, ""resnet50"": 0.207}",0.793,2000,paired crossed split-seed
organamnist_A_cnn4_all5,178,split_01|split_03|split_05|split_06|split_09,"{""densenet121"": 0.0, ""efficientnet_b0"": 0.0, ""resnet18"": 0.893, ""resnet50"": 0.107}",0.893,2000,paired crossed split-seed
organamnist_A_cnn4_all5,179,split_01|split_03|split_05|split_06|split_08,"{""densenet121"": 0.0, ""efficientnet_b0"": 0.0, ""resnet18"": 0.9505, ""resnet50"": 0.0495}",0.9505,2000,paired crossed split-seed
organamnist_A_cnn4_all5,180,split_01|split_03|split_05|split_06|split_07,"{""densenet121"": 0.0, ""efficientnet_b0"": 0.0, ""resnet18"": 0.954, ""resnet50"": 0.046}",0.954,2000,paired crossed split-seed
organamnist_A_cnn4_all5,181,split_01|split_03|split_04|split_09|split_10,"{""densenet121"": 0.0, ""efficientnet_b0"": 0.0, ""resnet18"": 0.673, ""resnet50"": 0.327}",0.673,2000,paired crossed split-seed
organamnist_A_cnn4_all5,182,split_01|split_03|split_04|split_08|split_10,"{""densenet121"": 0.0, ""efficientnet_b0"": 0.0, ""resnet18"": 0.786, ""resnet50"": 0.214}",0.786,2000,paired crossed split-seed
organamnist_A_cnn4_all5,183,split_01|split_03|split_04|split_08|split_09,"{""densenet121"": 0.0, ""efficientnet_b0"": 0.0, ""resnet18"": 0.882, ""resnet50"": 0.118}",0.882,2000,paired crossed split-seed
organamnist_A_cnn4_all5,184,split_01|split_03|split_04|split_07|split_10,"{""densenet121"": 0.0, ""efficientnet_b0"": 0.0, ""resnet18"": 0.764, ""resnet50"": 0.236}",0.764,2000,paired crossed split-seed
organamnist_A_cnn4_all5,185,split_01|split_03|split_04|split_07|split_09,"{""densenet121"": 0.0, ""efficientnet_b0"": 0.0, ""resnet18"": 0.8745, ""resnet50"": 0.1255}",0.8745,2000,paired crossed split-seed
organamnist_A_cnn4_all5,186,split_01|split_03|split_04|split_07|split_08,"{""densenet121"": 0.0, ""efficientnet_b0"": 0.0, ""resnet18"": 0.9395, ""resnet50"": 0.0605}",0.9395,2000,paired crossed split-seed
organamnist_A_cnn4_all5,187,split_01|split_03|split_04|split_06|split_10,"{""densenet121"": 0.0, ""efficientnet_b0"": 0.0, ""resnet18"": 0.6425, ""resnet50"": 0.3575}",0.6425,2000,paired crossed split-seed
organamnist_A_cnn4_all5,188,split_01|split_03|split_04|split_06|split_09,"{""densenet121"": 0.0, ""efficientnet_b0"": 0.0, ""resnet18"": 0.7705, ""resnet50"": 0.2295}",0.7705,2000,paired crossed split-seed
organamnist_A_cnn4_all5,189,split_01|split_03|split_04|split_06|split_08,"{""densenet121"": 0.0, ""efficientnet_b0"": 0.0, ""resnet18"": 0.873, ""resnet50"": 0.127}",0.873,2000,paired crossed split-seed
organamnist_A_cnn4_all5,190,split_01|split_03|split_04|split_06|split_07,"{""densenet121"": 0.0, ""efficientnet_b0"": 0.0, ""resnet18"": 0.8875, ""resnet50"": 0.1125}",0.8875,2000,paired crossed split-seed
organamnist_A_cnn4_all5,191,split_01|split_03|split_04|split_05|split_10,"{""densenet121"": 0.0, ""efficientnet_b0"": 0.0, ""resnet18"": 0.7955, ""resnet50"": 0.2045}",0.7955,2000,paired crossed split-seed
organamnist_A_cnn4_all5,192,split_01|split_03|split_04|split_05|split_09,"{""densenet121"": 0.0, ""efficientnet_b0"": 0.0, ""resnet18"": 0.9075, ""resnet50"": 0.0925}",0.9075,2000,paired crossed split-seed
organamnist_A_cnn4_all5,193,split_01|split_03|split_04|split_05|split_08,"{""densenet121"": 0.0, ""efficientnet_b0"": 0.0, ""resnet18"": 0.96, ""resnet50"": 0.04}",0.96,2000,paired crossed split-seed
organamnist_A_cnn4_all5,194,split_01|split_03|split_04|split_05|split_07,"{""densenet121"": 0.0, ""efficientnet_b0"": 0.0, ""resnet18"": 0.957, ""resnet50"": 0.043}",0.957,2000,paired crossed split-seed
organamnist_A_cnn4_all5,195,split_01|split_03|split_04|split_05|split_06,"{""densenet121"": 0.0, ""efficientnet_b0"": 0.0, ""resnet18"": 0.9085, ""resnet50"": 0.0915}",0.9085,2000,paired crossed split-seed
organamnist_A_cnn4_all5,196,split_01|split_02|split_08|split_09|split_10,"{""densenet121"": 0.0, ""efficientnet_b0"": 0.0, ""resnet18"": 0.647, ""resnet50"": 0.353}",0.647,2000,paired crossed split-seed
organamnist_A_cnn4_all5,197,split_01|split_02|split_07|split_09|split_10,"{""densenet121"": 0.0, ""efficientnet_b0"": 0.0, ""resnet18"": 0.63, ""resnet50"": 0.37}",0.63,2000,paired crossed split-seed
organamnist_A_cnn4_all5,198,split_01|split_02|split_07|split_08|split_10,"{""densenet121"": 0.0, ""efficientnet_b0"": 0.0, ""resnet18"": 0.7585, ""resnet50"": 0.2415}",0.7585,2000,paired crossed split-seed
organamnist_A_cnn4_all5,199,split_01|split_02|split_07|split_08|split_09,"{""densenet121"": 0.0, ""efficientnet_b0"": 0.0, ""resnet18"": 0.8435, ""resnet50"": 0.1565}",0.8435,2000,paired crossed split-seed
organamnist_A_cnn4_all5,200,split_01|split_02|split_06|split_09|split_10,"{""densenet121"": 0.0, ""efficientnet_b0"": 0.0, ""resnet18"": 0.454, ""resnet50"": 0.546}",0.546,2000,paired crossed split-seed
organamnist_A_cnn4_all5,201,split_01|split_02|split_06|split_08|split_10,"{""densenet121"": 0.0, ""efficientnet_b0"": 0.0, ""resnet18"": 0.6225, ""resnet50"": 0.3775}",0.6225,2000,paired crossed split-seed
organamnist_A_cnn4_all5,202,split_01|split_02|split_06|split_08|split_09,"{""densenet121"": 0.0, ""efficientnet_b0"": 0.0, ""resnet18"": 0.7365, ""resnet50"": 0.2635}",0.7365,2000,paired crossed split-seed
organamnist_A_cnn4_all5,203,split_01|split_02|split_06|split_07|split_10,"{""densenet121"": 0.0, ""efficientnet_b0"": 0.0, ""resnet18"": 0.6085, ""resnet50"": 0.3915}",0.6085,2000,paired crossed split-seed
organamnist_A_cnn4_all5,204,split_01|split_02|split_06|split_07|split_09,"{""densenet121"": 0.0, ""efficientnet_b0"": 0.0, ""resnet18"": 0.715, ""resnet50"": 0.285}",0.715,2000,paired crossed split-seed
organamnist_A_cnn4_all5,205,split_01|split_02|split_06|split_07|split_08,"{""densenet121"": 0.0, ""efficientnet_b0"": 0.0, ""resnet18"": 0.833, ""resnet50"": 0.167}",0.833,2000,paired crossed split-seed
organamnist_A_cnn4_all5,206,split_01|split_02|split_05|split_09|split_10,"{""densenet121"": 0.0, ""efficientnet_b0"": 0.0, ""resnet18"": 0.6845, ""resnet50"": 0.3155}",0.6845,2000,paired crossed split-seed
organamnist_A_cnn4_all5,207,split_01|split_02|split_05|split_08|split_10,"{""densenet121"": 0.0, ""efficientnet_b0"": 0.0, ""resnet18"": 0.7995, ""resnet50"": 0.2005}",0.7995,2000,paired crossed split-seed
organamnist_A_cnn4_all5,208,split_01|split_02|split_05|split_08|split_09,"{""densenet121"": 0.0, ""efficientnet_b0"": 0.0, ""resnet18"": 0.8865, ""resnet50"": 0.1135}",0.8865,2000,paired crossed split-seed
organamnist_A_cnn4_all5,209,split_01|split_02|split_05|split_07|split_10,"{""densenet121"": 0.0, ""efficientnet_b0"": 0.0, ""resnet18"": 0.7975, ""resnet50"": 0.2025}",0.7975,2000,paired crossed split-seed
organamnist_A_cnn4_all5,210,split_01|split_02|split_05|split_07|split_09,"{""densenet121"": 0.0, ""efficientnet_b0"": 0.0, ""resnet18"": 0.8745, ""resnet50"": 0.1255}",0.8745,2000,paired crossed split-seed
organamnist_A_cnn4_all5,211,split_01|split_02|split_05|split_07|split_08,"{""densenet121"": 0.0, ""efficientnet_b0"": 0.0, ""resnet18"": 0.931, ""resnet50"": 0.069}",0.931,2000,paired crossed split-seed
organamnist_A_cnn4_all5,212,split_01|split_02|split_05|split_06|split_10,"{""densenet121"": 0.0, ""efficientnet_b0"": 0.0, ""resnet18"": 0.665, ""resnet50"": 0.335}",0.665,2000,paired crossed split-seed
organamnist_A_cnn4_all5,213,split_01|split_02|split_05|split_06|split_09,"{""densenet121"": 0.0, ""efficientnet_b0"": 0.0, ""resnet18"": 0.748, ""resnet50"": 0.252}",0.748,2000,paired crossed split-seed
organamnist_A_cnn4_all5,214,split_01|split_02|split_05|split_06|split_08,"{""densenet121"": 0.0, ""efficientnet_b0"": 0.0, ""resnet18"": 0.8505, ""resnet50"": 0.1495}",0.8505,2000,paired crossed split-seed
organamnist_A_cnn4_all5,215,split_01|split_02|split_05|split_06|split_07,"{""densenet121"": 0.0, ""efficientnet_b0"": 0.0, ""resnet18"": 0.8495, ""resnet50"": 0.1505}",0.8495,2000,paired crossed split-seed
organamnist_A_cnn4_all5,216,split_01|split_02|split_04|split_09|split_10,"{""densenet121"": 0.0, ""efficientnet_b0"": 0.0, ""resnet18"": 0.455, ""resnet50"": 0.545}",0.545,2000,paired crossed split-seed
organamnist_A_cnn4_all5,217,split_01|split_02|split_04|split_08|split_10,"{""densenet121"": 0.0, ""efficientnet_b0"": 0.0, ""resnet18"": 0.6285, ""resnet50"": 0.3715}",0.6285,2000,paired crossed split-seed
organamnist_A_cnn4_all5,218,split_01|split_02|split_04|split_08|split_09,"{""densenet121"": 0.0, ""efficientnet_b0"": 0.0, ""resnet18"": 0.7325, ""resnet50"": 0.2675}",0.7325,2000,paired crossed split-seed
organamnist_A_cnn4_all5,219,split_01|split_02|split_04|split_07|split_10,"{""densenet121"": 0.0, ""efficientnet_b0"": 0.0, ""resnet18"": 0.5835, ""resnet50"": 0.4165}",0.5835,2000,paired crossed split-seed
organamnist_A_cnn4_all5,220,split_01|split_02|split_04|split_07|split_09,"{""densenet121"": 0.0, ""efficientnet_b0"": 0.0, ""resnet18"": 0.704, ""resnet50"": 0.296}",0.704,2000,paired crossed split-seed
organamnist_A_cnn4_all5,221,split_01|split_02|split_04|split_07|split_08,"{""densenet121"": 0.0, ""efficientnet_b0"": 0.0, ""resnet18"": 0.827, ""resnet50"": 0.173}",0.827,2000,paired crossed split-seed
organamnist_A_cnn4_all5,222,split_01|split_02|split_04|split_06|split_10,"{""densenet121"": 0.0, ""efficientnet_b0"": 0.0, ""resnet18"": 0.4035, ""resnet50"": 0.5965}",0.5965,2000,paired crossed split-seed
organamnist_A_cnn4_all5,223,split_01|split_02|split_04|split_06|split_09,"{""densenet121"": 0.0, ""efficientnet_b0"": 0.0, ""resnet18"": 0.5175, ""resnet50"": 0.4825}",0.5175,2000,paired crossed split-seed
organamnist_A_cnn4_all5,224,split_01|split_02|split_04|split_06|split_08,"{""densenet121"": 0.0, ""efficientnet_b0"": 0.0, ""resnet18"": 0.7065, ""resnet50"": 0.2935}",0.7065,2000,paired crossed split-seed
organamnist_A_cnn4_all5,225,split_01|split_02|split_04|split_06|split_07,"{""densenet121"": 0.0, ""efficientnet_b0"": 0.0, ""resnet18"": 0.683, ""resnet50"": 0.317}",0.683,2000,paired crossed split-seed
organamnist_A_cnn4_all5,226,split_01|split_02|split_04|split_05|split_10,"{""densenet121"": 0.0, ""efficientnet_b0"": 0.0, ""resnet18"": 0.6625, ""resnet50"": 0.3375}",0.6625,2000,paired crossed split-seed
organamnist_A_cnn4_all5,227,split_01|split_02|split_04|split_05|split_09,"{""densenet121"": 0.0, ""efficientnet_b0"": 0.0, ""resnet18"": 0.7885, ""resnet50"": 0.2115}",0.7885,2000,paired crossed split-seed
organamnist_A_cnn4_all5,228,split_01|split_02|split_04|split_05|split_08,"{""densenet121"": 0.0, ""efficientnet_b0"": 0.0, ""resnet18"": 0.8635, ""resnet50"": 0.1365}",0.8635,2000,paired crossed split-seed
organamnist_A_cnn4_all5,229,split_01|split_02|split_04|split_05|split_07,"{""densenet121"": 0.0, ""efficientnet_b0"": 0.0, ""resnet18"": 0.865, ""resnet50"": 0.135}",0.865,2000,paired crossed split-seed
organamnist_A_cnn4_all5,230,split_01|split_02|split_04|split_05|split_06,"{""densenet121"": 0.0, ""efficientnet_b0"": 0.0, ""resnet18"": 0.738, ""resnet50"": 0.262}",0.738,2000,paired crossed split-seed
organamnist_A_cnn4_all5,231,split_01|split_02|split_03|split_09|split_10,"{""densenet121"": 0.0, ""efficientnet_b0"": 0.0, ""resnet18"": 0.623, ""resnet50"": 0.377}",0.623,2000,paired crossed split-seed
organamnist_A_cnn4_all5,232,split_01|split_02|split_03|split_08|split_10,"{""densenet121"": 0.0, ""efficientnet_b0"": 0.0, ""resnet18"": 0.764, ""resnet50"": 0.236}",0.764,2000,paired crossed split-seed
organamnist_A_cnn4_all5,233,split_01|split_02|split_03|split_08|split_09,"{""densenet121"": 0.0, ""efficientnet_b0"": 0.0, ""resnet18"": 0.863, ""resnet50"": 0.137}",0.863,2000,paired crossed split-seed
organamnist_A_cnn4_all5,234,split_01|split_02|split_03|split_07|split_10,"{""densenet121"": 0.0, ""efficientnet_b0"": 0.0, ""resnet18"": 0.7525, ""resnet50"": 0.2475}",0.7525,2000,paired crossed split-seed
organamnist_A_cnn4_all5,235,split_01|split_02|split_03|split_07|split_09,"{""densenet121"": 0.0, ""efficientnet_b0"": 0.0, ""resnet18"": 0.854, ""resnet50"": 0.146}",0.854,2000,paired crossed split-seed
organamnist_A_cnn4_all5,236,split_01|split_02|split_03|split_07|split_08,"{""densenet121"": 0.0, ""efficientnet_b0"": 0.0, ""resnet18"": 0.911, ""resnet50"": 0.089}",0.911,2000,paired crossed split-seed
organamnist_A_cnn4_all5,237,split_01|split_02|split_03|split_06|split_10,"{""densenet121"": 0.0, ""efficientnet_b0"": 0.0, ""resnet18"": 0.615, ""resnet50"": 0.385}",0.615,2000,paired crossed split-seed
organamnist_A_cnn4_all5,238,split_01|split_02|split_03|split_06|split_09,"{""densenet121"": 0.0, ""efficientnet_b0"": 0.0, ""resnet18"": 0.7175, ""resnet50"": 0.2825}",0.7175,2000,paired crossed split-seed
organamnist_A_cnn4_all5,239,split_01|split_02|split_03|split_06|split_08,"{""densenet121"": 0.0, ""efficientnet_b0"": 0.0, ""resnet18"": 0.843, ""resnet50"": 0.157}",0.843,2000,paired crossed split-seed
organamnist_A_cnn4_all5,240,split_01|split_02|split_03|split_06|split_07,"{""densenet121"": 0.0, ""efficientnet_b0"": 0.0, ""resnet18"": 0.8285, ""resnet50"": 0.1715}",0.8285,2000,paired crossed split-seed
organamnist_A_cnn4_all5,241,split_01|split_02|split_03|split_05|split_10,"{""densenet121"": 0.0, ""efficientnet_b0"": 0.0, ""resnet18"": 0.788, ""resnet50"": 0.212}",0.788,2000,paired crossed split-seed
organamnist_A_cnn4_all5,242,split_01|split_02|split_03|split_05|split_09,"{""densenet121"": 0.0, ""efficientnet_b0"": 0.0, ""resnet18"": 0.879, ""resnet50"": 0.121}",0.879,2000,paired crossed split-seed
organamnist_A_cnn4_all5,243,split_01|split_02|split_03|split_05|split_08,"{""densenet121"": 0.0, ""efficientnet_b0"": 0.0, ""resnet18"": 0.9295, ""resnet50"": 0.0705}",0.9295,2000,paired crossed split-seed
organamnist_A_cnn4_all5,244,split_01|split_02|split_03|split_05|split_07,"{""densenet121"": 0.0, ""efficientnet_b0"": 0.0, ""resnet18"": 0.9325, ""resnet50"": 0.0675}",0.9325,2000,paired crossed split-seed
organamnist_A_cnn4_all5,245,split_01|split_02|split_03|split_05|split_06,"{""densenet121"": 0.0, ""efficientnet_b0"": 0.0, ""resnet18"": 0.8575, ""resnet50"": 0.1425}",0.8575,2000,paired crossed split-seed
organamnist_A_cnn4_all5,246,split_01|split_02|split_03|split_04|split_10,"{""densenet121"": 0.0, ""efficientnet_b0"": 0.0, ""resnet18"": 0.6045, ""resnet50"": 0.3955}",0.6045,2000,paired crossed split-seed
organamnist_A_cnn4_all5,247,split_01|split_02|split_03|split_04|split_09,"{""densenet121"": 0.0, ""efficientnet_b0"": 0.0, ""resnet18"": 0.7105, ""resnet50"": 0.2895}",0.7105,2000,paired crossed split-seed
organamnist_A_cnn4_all5,248,split_01|split_02|split_03|split_04|split_08,"{""densenet121"": 0.0, ""efficientnet_b0"": 0.0, ""resnet18"": 0.823, ""resnet50"": 0.177}",0.823,2000,paired crossed split-seed
organamnist_A_cnn4_all5,249,split_01|split_02|split_03|split_04|split_07,"{""densenet121"": 0.0, ""efficientnet_b0"": 0.0, ""resnet18"": 0.8195, ""resnet50"": 0.1805}",0.8195,2000,paired crossed split-seed
organamnist_A_cnn4_all5,250,split_01|split_02|split_03|split_04|split_06,"{""densenet121"": 0.0, ""efficientnet_b0"": 0.0, ""resnet18"": 0.6865, ""resnet50"": 0.3135}",0.6865,2000,paired crossed split-seed
organamnist_A_cnn4_all5,251,split_01|split_02|split_03|split_04|split_05,"{""densenet121"": 0.0, ""efficientnet_b0"": 0.0, ""resnet18"": 0.867, ""resnet50"": 0.133}",0.867,2000,paired crossed split-seed
organamnist_A_cnn4_common3,0,split_06|split_07|split_08|split_09|split_10,"{""densenet121"": 0.0, ""efficientnet_b0"": 0.0, ""resnet18"": 0.6065, ""resnet50"": 0.3935}",0.6065,2000,paired crossed split-seed
organamnist_A_cnn4_common3,1,split_05|split_07|split_08|split_09|split_10,"{""densenet121"": 0.0, ""efficientnet_b0"": 0.0, ""resnet18"": 0.76, ""resnet50"": 0.24}",0.76,2000,paired crossed split-seed
organamnist_A_cnn4_common3,2,split_05|split_06|split_08|split_09|split_10,"{""densenet121"": 0.0, ""efficientnet_b0"": 0.0, ""resnet18"": 0.466, ""resnet50"": 0.534}",0.534,2000,paired crossed split-seed
organamnist_A_cnn4_common3,3,split_05|split_06|split_07|split_09|split_10,"{""densenet121"": 0.0, ""efficientnet_b0"": 0.0, ""resnet18"": 0.608, ""resnet50"": 0.392}",0.608,2000,paired crossed split-seed
organamnist_A_cnn4_common3,4,split_05|split_06|split_07|split_08|split_10,"{""densenet121"": 0.0, ""efficientnet_b0"": 0.0, ""resnet18"": 0.7195, ""resnet50"": 0.2805}",0.7195,2000,paired crossed split-seed
organamnist_A_cnn4_common3,5,split_05|split_06|split_07|split_08|split_09,"{""densenet121"": 0.0, ""efficientnet_b0"": 0.0, ""resnet18"": 0.8695, ""resnet50"": 0.1305}",0.8695,2000,paired crossed split-seed
organamnist_A_cnn4_common3,6,split_04|split_07|split_08|split_09|split_10,"{""densenet121"": 0.0, ""efficientnet_b0"": 0.0, ""resnet18"": 0.6775, ""resnet50"": 0.3225}",0.6775,2000,paired crossed split-seed
organamnist_A_cnn4_common3,7,split_04|split_06|split_08|split_09|split_10,"{""densenet121"": 0.0, ""efficientnet_b0"": 0.0, ""resnet18"": 0.367, ""resnet50"": 0.633}",0.633,2000,paired crossed split-seed
organamnist_A_cnn4_common3,8,split_04|split_06|split_07|split_09|split_10,"{""densenet121"": 0.0, ""efficientnet_b0"": 0.0, ""resnet18"": 0.532, ""resnet50"": 0.468}",0.532,2000,paired crossed split-seed
organamnist_A_cnn4_common3,9,split_04|split_06|split_07|split_08|split_10,"{""densenet121"": 0.0, ""efficientnet_b0"": 0.0, ""resnet18"": 0.668, ""resnet50"": 0.332}",0.668,2000,paired crossed split-seed
organamnist_A_cnn4_common3,10,split_04|split_06|split_07|split_08|split_09,"{""densenet121"": 0.0, ""efficientnet_b0"": 0.0, ""resnet18"": 0.8475, ""resnet50"": 0.1525}",0.8475,2000,paired crossed split-seed
organamnist_A_cnn4_common3,11,split_04|split_05|split_08|split_09|split_10,"{""densenet121"": 0.0, ""efficientnet_b0"": 0.0, ""resnet18"": 0.5715, ""resnet50"": 0.4285}",0.5715,2000,paired crossed split-seed
organamnist_A_cnn4_common3,12,split_04|split_05|split_07|split_09|split_10,"{""densenet121"": 0.0, ""efficientnet_b0"": 0.0, ""resnet18"": 0.691, ""resnet50"": 0.309}",0.691,2000,paired crossed split-seed
organamnist_A_cnn4_common3,13,split_04|split_05|split_07|split_08|split_10,"{""densenet121"": 0.0, ""efficientnet_b0"": 0.0, ""resnet18"": 0.7815, ""resnet50"": 0.2185}",0.7815,2000,paired crossed split-seed
organamnist_A_cnn4_common3,14,split_04|split_05|split_07|split_08|split_09,"{""densenet121"": 0.0, ""efficientnet_b0"": 0.0, ""resnet18"": 0.9205, ""resnet50"": 0.0795}",0.9205,2000,paired crossed split-seed
organamnist_A_cnn4_common3,15,split_04|split_05|split_06|split_09|split_10,"{""densenet121"": 0.0, ""efficientnet_b0"": 0.0, ""resnet18"": 0.369, ""resnet50"": 0.631}",0.631,2000,paired crossed split-seed
organamnist_A_cnn4_common3,16,split_04|split_05|split_06|split_08|split_10,"{""densenet121"": 0.0, ""efficientnet_b0"": 0.0, ""resnet18"": 0.5475, ""resnet50"": 0.4525}",0.5475,2000,paired crossed split-seed
organamnist_A_cnn4_common3,17,split_04|split_05|split_06|split_08|split_09,"{""densenet121"": 0.0, ""efficientnet_b0"": 0.0, ""resnet18"": 0.707, ""resnet50"": 0.293}",0.707,2000,paired crossed split-seed
organamnist_A_cnn4_common3,18,split_04|split_05|split_06|split_07|split_10,"{""densenet121"": 0.0, ""efficientnet_b0"": 0.0, ""resnet18"": 0.653, ""resnet50"": 0.347}",0.653,2000,paired crossed split-seed
organamnist_A_cnn4_common3,19,split_04|split_05|split_06|split_07|split_09,"{""densenet121"": 0.0, ""efficientnet_b0"": 0.0, ""resnet18"": 0.785, ""resnet50"": 0.215}",0.785,2000,paired crossed split-seed
organamnist_A_cnn4_common3,20,split_04|split_05|split_06|split_07|split_08,"{""densenet121"": 0.0, ""efficientnet_b0"": 0.0, ""resnet18"": 0.906, ""resnet50"": 0.094}",0.906,2000,paired crossed split-seed
organamnist_A_cnn4_common3,21,split_03|split_07|split_08|split_09|split_10,"{""densenet121"": 0.0, ""efficientnet_b0"": 0.0, ""resnet18"": 0.723, ""resnet50"": 0.277}",0.723,2000,paired crossed split-seed
organamnist_A_cnn4_common3,22,split_03|split_06|split_08|split_09|split_10,"{""densenet121"": 0.0, ""efficientnet_b0"": 0.0, ""resnet18"": 0.451, ""resnet50"": 0.549}",0.549,2000,paired crossed split-seed
organamnist_A_cnn4_common3,23,split_03|split_06|split_07|split_09|split_10,"{""densenet121"": 0.0, ""efficientnet_b0"": 0.0, ""resnet18"": 0.6175, ""resnet50"": 0.3825}",0.6175,2000,paired crossed split-seed
organamnist_A_cnn4_common3,24,split_03|split_06|split_07|split_08|split_10,"{""densenet121"": 0.0, ""efficientnet_b0"": 0.0, ""resnet18"": 0.724, ""resnet50"": 0.276}",0.724,2000,paired crossed split-seed
organamnist_A_cnn4_common3,25,split_03|split_06|split_07|split_08|split_09,"{""densenet121"": 0.0, ""efficientnet_b0"": 0.0, ""resnet18"": 0.911, ""resnet50"": 0.089}",0.911,2000,paired crossed split-seed
organamnist_A_cnn4_common3,26,split_03|split_05|split_08|split_09|split_10,"{""densenet121"": 0.0, ""efficientnet_b0"": 0.0, ""resnet18"": 0.637, ""resnet50"": 0.363}",0.637,2000,paired crossed split-seed
organamnist_A_cnn4_common3,27,split_03|split_05|split_07|split_09|split_10,"{""densenet121"": 0.0, ""efficientnet_b0"": 0.0, ""resnet18"": 0.741, ""resnet50"": 0.259}",0.741,2000,paired crossed split-seed
organamnist_A_cnn4_common3,28,split_03|split_05|split_07|split_08|split_10,"{""densenet121"": 0.0, ""efficientnet_b0"": 0.0, ""resnet18"": 0.809, ""resnet50"": 0.191}",0.809,2000,paired crossed split-seed
organamnist_A_cnn4_common3,29,split_03|split_05|split_07|split_08|split_09,"{""densenet121"": 0.0, ""efficientnet_b0"": 0.0, ""resnet18"": 0.951, ""resnet50"": 0.049}",0.951,2000,paired crossed split-seed
organamnist_A_cnn4_common3,30,split_03|split_05|split_06|split_09|split_10,"{""densenet121"": 0.0, ""efficientnet_b0"": 0.0, ""resnet18"": 0.4435, ""resnet50"": 0.5565}",0.5565,2000,paired crossed split-seed
organamnist_A_cnn4_common3,31,split_03|split_05|split_06|split_08|split_10,"{""densenet121"": 0.0, ""efficientnet_b0"": 0.0, ""resnet18"": 0.5915, ""resnet50"": 0.4085}",0.5915,2000,paired crossed split-seed
organamnist_A_cnn4_common3,32,split_03|split_05|split_06|split_08|split_09,"{""densenet121"": 0.0, ""efficientnet_b0"": 0.0, ""resnet18"": 0.796, ""resnet50"": 0.204}",0.796,2000,paired crossed split-seed
organamnist_A_cnn4_common3,33,split_03|split_05|split_06|split_07|split_10,"{""densenet121"": 0.0, ""efficientnet_b0"": 0.0, ""resnet18"": 0.704, ""resnet50"": 0.296}",0.704,2000,paired crossed split-seed
organamnist_A_cnn4_common3,34,split_03|split_05|split_06|split_07|split_09,"{""densenet121"": 0.0, ""efficientnet_b0"": 0.0, ""resnet18"": 0.841, ""resnet50"": 0.159}",0.841,2000,paired crossed split-seed
organamnist_A_cnn4_common3,35,split_03|split_05|split_06|split_07|split_08,"{""densenet121"": 0.0, ""efficientnet_b0"": 0.0, ""resnet18"": 0.9315, ""resnet50"": 0.0685}",0.9315,2000,paired crossed split-seed
organamnist_A_cnn4_common3,36,split_03|split_04|split_08|split_09|split_10,"{""densenet121"": 0.0, ""efficientnet_b0"": 0.0, ""resnet18"": 0.563, ""resnet50"": 0.437}",0.563,2000,paired crossed split-seed
organamnist_A_cnn4_common3,37,split_03|split_04|split_07|split_09|split_10,"{""densenet121"": 0.0, ""efficientnet_b0"": 0.0, ""resnet18"": 0.6995, ""resnet50"": 0.3005}",0.6995,2000,paired crossed split-seed
organamnist_A_cnn4_common3,38,split_03|split_04|split_07|split_08|split_10,"{""densenet121"": 0.0, ""efficientnet_b0"": 0.0, ""resnet18"": 0.7655, ""resnet50"": 0.2345}",0.7655,2000,paired crossed split-seed
organamnist_A_cnn4_common3,39,split_03|split_04|split_07|split_08|split_09,"{""densenet121"": 0.0, ""efficientnet_b0"": 0.0, ""resnet18"": 0.926, ""resnet50"": 0.074}",0.926,2000,paired crossed split-seed
organamnist_A_cnn4_common3,40,split_03|split_04|split_06|split_09|split_10,"{""densenet121"": 0.0, ""efficientnet_b0"": 0.0, ""resnet18"": 0.3235, ""resnet50"": 0.6765}",0.6765,2000,paired crossed split-seed
organamnist_A_cnn4_common3,41,split_03|split_04|split_06|split_08|split_10,"{""densenet121"": 0.0, ""efficientnet_b0"": 0.0, ""resnet18"": 0.505, ""resnet50"": 0.495}",0.505,2000,paired crossed split-seed
organamnist_A_cnn4_common3,42,split_03|split_04|split_06|split_08|split_09,"{""densenet121"": 0.0, ""efficientnet_b0"": 0.0, ""resnet18"": 0.7455, ""resnet50"": 0.2545}",0.7455,2000,paired crossed split-seed
organamnist_A_cnn4_common3,43,split_03|split_04|split_06|split_07|split_10,"{""densenet121"": 0.0, ""efficientnet_b0"": 0.0, ""resnet18"": 0.664, ""resnet50"": 0.336}",0.664,2000,paired crossed split-seed
organamnist_A_cnn4_common3,44,split_03|split_04|split_06|split_07|split_09,"{""densenet121"": 0.0, ""efficientnet_b0"": 0.0, ""resnet18"": 0.839, ""resnet50"": 0.161}",0.839,2000,paired crossed split-seed
organamnist_A_cnn4_common3,45,split_03|split_04|split_06|split_07|split_08,"{""densenet121"": 0.0, ""efficientnet_b0"": 0.0, ""resnet18"": 0.9285, ""resnet50"": 0.0715}",0.9285,2000,paired crossed split-seed
organamnist_A_cnn4_common3,46,split_03|split_04|split_05|split_09|split_10,"{""densenet121"": 0.0, ""efficientnet_b0"": 0.0, ""resnet18"": 0.555, ""resnet50"": 0.445}",0.555,2000,paired crossed split-seed
organamnist_A_cnn4_common3,47,split_03|split_04|split_05|split_08|split_10,"{""densenet121"": 0.0, ""efficientnet_b0"": 0.0, ""resnet18"": 0.6745, ""resnet50"": 0.3255}",0.6745,2000,paired crossed split-seed
organamnist_A_cnn4_common3,48,split_03|split_04|split_05|split_08|split_09,"{""densenet121"": 0.0, ""efficientnet_b0"": 0.0, ""resnet18"": 0.843, ""resnet50"": 0.157}",0.843,2000,paired crossed split-seed
organamnist_A_cnn4_common3,49,split_03|split_04|split_05|split_07|split_10,"{""densenet121"": 0.0, ""efficientnet_b0"": 0.0, ""resnet18"": 0.766, ""resnet50"": 0.234}",0.766,2000,paired crossed split-seed
organamnist_A_cnn4_common3,50,split_03|split_04|split_05|split_07|split_09,"{""densenet121"": 0.0, ""efficientnet_b0"": 0.0, ""resnet18"": 0.9225, ""resnet50"": 0.0775}",0.9225,2000,paired crossed split-seed
organamnist_A_cnn4_common3,51,split_03|split_04|split_05|split_07|split_08,"{""densenet121"": 0.0, ""efficientnet_b0"": 0.0, ""resnet18"": 0.958, ""resnet50"": 0.042}",0.958,2000,paired crossed split-seed
organamnist_A_cnn4_common3,52,split_03|split_04|split_05|split_06|split_10,"{""densenet121"": 0.0, ""efficientnet_b0"": 0.0, ""resnet18"": 0.5225, ""resnet50"": 0.4775}",0.5225,2000,paired crossed split-seed
organamnist_A_cnn4_common3,53,split_03|split_04|split_05|split_06|split_09,"{""densenet121"": 0.0, ""efficientnet_b0"": 0.0, ""resnet18"": 0.6915, ""resnet50"": 0.3085}",0.6915,2000,paired crossed split-seed
organamnist_A_cnn4_common3,54,split_03|split_04|split_05|split_06|split_08,"{""densenet121"": 0.0, ""efficientnet_b0"": 0.0, ""resnet18"": 0.8495, ""resnet50"": 0.1505}",0.8495,2000,paired crossed split-seed
organamnist_A_cnn4_common3,55,split_03|split_04|split_05|split_06|split_07,"{""densenet121"": 0.0, ""efficientnet_b0"": 0.0, ""resnet18"": 0.892, ""resnet50"": 0.108}",0.892,2000,paired crossed split-seed
organamnist_A_cnn4_common3,56,split_02|split_07|split_08|split_09|split_10,"{""densenet121"": 0.0, ""efficientnet_b0"": 0.0, ""resnet18"": 0.634, ""resnet50"": 0.366}",0.634,2000,paired crossed split-seed
organamnist_A_cnn4_common3,57,split_02|split_06|split_08|split_09|split_10,"{""densenet121"": 0.0, ""efficientnet_b0"": 0.0, ""resnet18"": 0.31, ""resnet50"": 0.69}",0.69,2000,paired crossed split-seed
organamnist_A_cnn4_common3,58,split_02|split_06|split_07|split_09|split_10,"{""densenet121"": 0.0, ""efficientnet_b0"": 0.0, ""resnet18"": 0.442, ""resnet50"": 0.558}",0.558,2000,paired crossed split-seed
organamnist_A_cnn4_common3,59,split_02|split_06|split_07|split_08|split_10,"{""densenet121"": 0.0, ""efficientnet_b0"": 0.0, ""resnet18"": 0.5905, ""resnet50"": 0.4095}",0.5905,2000,paired crossed split-seed
organamnist_A_cnn4_common3,60,split_02|split_06|split_07|split_08|split_09,"{""densenet121"": 0.0, ""efficientnet_b0"": 0.0, ""resnet18"": 0.752, ""resnet50"": 0.248}",0.752,2000,paired crossed split-seed
organamnist_A_cnn4_common3,61,split_02|split_05|split_08|split_09|split_10,"{""densenet121"": 0.0, ""efficientnet_b0"": 0.0, ""resnet18"": 0.5275, ""resnet50"": 0.4725}",0.4725,2000,paired crossed split-seed
organamnist_A_cnn4_common3,62,split_02|split_05|split_07|split_09|split_10,"{""densenet121"": 0.0, ""efficientnet_b0"": 0.0, ""resnet18"": 0.664, ""resnet50"": 0.336}",0.664,2000,paired crossed split-seed
organamnist_A_cnn4_common3,63,split_02|split_05|split_07|split_08|split_10,"{""densenet121"": 0.0, ""efficientnet_b0"": 0.0, ""resnet18"": 0.7415, ""resnet50"": 0.2585}",0.7415,2000,paired crossed split-seed
organamnist_A_cnn4_common3,64,split_02|split_05|split_07|split_08|split_09,"{""densenet121"": 0.0, ""efficientnet_b0"": 0.0, ""resnet18"": 0.8855, ""resnet50"": 0.1145}",0.8855,2000,paired crossed split-seed
organamnist_A_cnn4_common3,65,split_02|split_05|split_06|split_09|split_10,"{""densenet121"": 0.0, ""efficientnet_b0"": 0.0, ""resnet18"": 0.294, ""resnet50"": 0.706}",0.706,2000,paired crossed split-seed
organamnist_A_cnn4_common3,66,split_02|split_05|split_06|split_08|split_10,"{""densenet121"": 0.0, ""efficientnet_b0"": 0.0, ""resnet18"": 0.484, ""resnet50"": 0.516}",0.516,2000,paired crossed split-seed
organamnist_A_cnn4_common3,67,split_02|split_05|split_06|split_08|split_09,"{""densenet121"": 0.0, ""efficientnet_b0"": 0.0, ""resnet18"": 0.64, ""resnet50"": 0.36}",0.64,2000,paired crossed split-seed
organamnist_A_cnn4_common3,68,split_02|split_05|split_06|split_07|split_10,"{""densenet121"": 0.0, ""efficientnet_b0"": 0.0, ""resnet18"": 0.62, ""resnet50"": 0.38}",0.62,2000,paired crossed split-seed
organamnist_A_cnn4_common3,69,split_02|split_05|split_06|split_07|split_09,"{""densenet121"": 0.0, ""efficientnet_b0"": 0.0, ""resnet18"": 0.7475, ""resnet50"": 0.2525}",0.7475,2000,paired crossed split-seed
organamnist_A_cnn4_common3,70,split_02|split_05|split_06|split_07|split_08,"{""densenet121"": 0.0, ""efficientnet_b0"": 0.0, ""resnet18"": 0.862, ""resnet50"": 0.138}",0.862,2000,paired crossed split-seed
organamnist_A_cnn4_common3,71,split_02|split_04|split_08|split_09|split_10,"{""densenet121"": 0.0, ""efficientnet_b0"": 0.0, ""resnet18"": 0.4205, ""resnet50"": 0.5795}",0.5795,2000,paired crossed split-seed
organamnist_A_cnn4_common3,72,split_02|split_04|split_07|split_09|split_10,"{""densenet121"": 0.0, ""efficientnet_b0"": 0.0, ""resnet18"": 0.5435, ""resnet50"": 0.4565}",0.5435,2000,paired crossed split-seed
organamnist_A_cnn4_common3,73,split_02|split_04|split_07|split_08|split_10,"{""densenet121"": 0.0, ""efficientnet_b0"": 0.0, ""resnet18"": 0.6635, ""resnet50"": 0.3365}",0.6635,2000,paired crossed split-seed
organamnist_A_cnn4_common3,74,split_02|split_04|split_07|split_08|split_09,"{""densenet121"": 0.0, ""efficientnet_b0"": 0.0, ""resnet18"": 0.7895, ""resnet50"": 0.2105}",0.7895,2000,paired crossed split-seed
organamnist_A_cnn4_common3,75,split_02|split_04|split_06|split_09|split_10,"{""densenet121"": 0.0, ""efficientnet_b0"": 0.0, ""resnet18"": 0.1915, ""resnet50"": 0.8085}",0.8085,2000,paired crossed split-seed
organamnist_A_cnn4_common3,76,split_02|split_04|split_06|split_08|split_10,"{""densenet121"": 0.0, ""efficientnet_b0"": 0.0, ""resnet18"": 0.3705, ""resnet50"": 0.6295}",0.6295,2000,paired crossed split-seed
organamnist_A_cnn4_common3,77,split_02|split_04|split_06|split_08|split_09,"{""densenet121"": 0.0, ""efficientnet_b0"": 0.0, ""resnet18"": 0.5045, ""resnet50"": 0.4955}",0.5045,2000,paired crossed split-seed
organamnist_A_cnn4_common3,78,split_02|split_04|split_06|split_07|split_10,"{""densenet121"": 0.0, ""efficientnet_b0"": 0.0, ""resnet18"": 0.531, ""resnet50"": 0.469}",0.531,2000,paired crossed split-seed
organamnist_A_cnn4_common3,79,split_02|split_04|split_06|split_07|split_09,"{""densenet121"": 0.0, ""efficientnet_b0"": 0.0, ""resnet18"": 0.682, ""resnet50"": 0.318}",0.682,2000,paired crossed split-seed
organamnist_A_cnn4_common3,80,split_02|split_04|split_06|split_07|split_08,"{""densenet121"": 0.0, ""efficientnet_b0"": 0.0, ""resnet18"": 0.793, ""resnet50"": 0.207}",0.793,2000,paired crossed split-seed
organamnist_A_cnn4_common3,81,split_02|split_04|split_05|split_09|split_10,"{""densenet121"": 0.0, ""efficientnet_b0"": 0.0, ""resnet18"": 0.45, ""resnet50"": 0.55}",0.55,2000,paired crossed split-seed
organamnist_A_cnn4_common3,82,split_02|split_04|split_05|split_08|split_10,"{""densenet121"": 0.0, ""efficientnet_b0"": 0.0, ""resnet18"": 0.593, ""resnet50"": 0.407}",0.593,2000,paired crossed split-seed
organamnist_A_cnn4_common3,83,split_02|split_04|split_05|split_08|split_09,"{""densenet121"": 0.0, ""efficientnet_b0"": 0.0, ""resnet18"": 0.767, ""resnet50"": 0.233}",0.767,2000,paired crossed split-seed
organamnist_A_cnn4_common3,84,split_02|split_04|split_05|split_07|split_10,"{""densenet121"": 0.0, ""efficientnet_b0"": 0.0, ""resnet18"": 0.713, ""resnet50"": 0.287}",0.713,2000,paired crossed split-seed
organamnist_A_cnn4_common3,85,split_02|split_04|split_05|split_07|split_09,"{""densenet121"": 0.0, ""efficientnet_b0"": 0.0, ""resnet18"": 0.8535, ""resnet50"": 0.1465}",0.8535,2000,paired crossed split-seed
organamnist_A_cnn4_common3,86,split_02|split_04|split_05|split_07|split_08,"{""densenet121"": 0.0, ""efficientnet_b0"": 0.0, ""resnet18"": 0.913, ""resnet50"": 0.087}",0.913,2000,paired crossed split-seed
organamnist_A_cnn4_common3,87,split_02|split_04|split_05|split_06|split_10,"{""densenet121"": 0.0, ""efficientnet_b0"": 0.0, ""resnet18"": 0.38, ""resnet50"": 0.62}",0.62,2000,paired crossed split-seed
organamnist_A_cnn4_common3,88,split_02|split_04|split_05|split_06|split_09,"{""densenet121"": 0.0, ""efficientnet_b0"": 0.0, ""resnet18"": 0.549, ""resnet50"": 0.451}",0.549,2000,paired crossed split-seed
organamnist_A_cnn4_common3,89,split_02|split_04|split_05|split_06|split_08,"{""densenet121"": 0.0, ""efficientnet_b0"": 0.0, ""resnet18"": 0.7245, ""resnet50"": 0.2755}",0.7245,2000,paired crossed split-seed
organamnist_A_cnn4_common3,90,split_02|split_04|split_05|split_06|split_07,"{""densenet121"": 0.0, ""efficientnet_b0"": 0.0, ""resnet18"": 0.806, ""resnet50"": 0.194}",0.806,2000,paired crossed split-seed
organamnist_A_cnn4_common3,91,split_02|split_03|split_08|split_09|split_10,"{""densenet121"": 0.0, ""efficientnet_b0"": 0.0, ""resnet18"": 0.4755, ""resnet50"": 0.5245}",0.5245,2000,paired crossed split-seed
organamnist_A_cnn4_common3,92,split_02|split_03|split_07|split_09|split_10,"{""densenet121"": 0.0, ""efficientnet_b0"": 0.0, ""resnet18"": 0.635, ""resnet50"": 0.365}",0.635,2000,paired crossed split-seed
organamnist_A_cnn4_common3,93,split_02|split_03|split_07|split_08|split_10,"{""densenet121"": 0.0, ""efficientnet_b0"": 0.0, ""resnet18"": 0.7005, ""resnet50"": 0.2995}",0.7005,2000,paired crossed split-seed
organamnist_A_cnn4_common3,94,split_02|split_03|split_07|split_08|split_09,"{""densenet121"": 0.0, ""efficientnet_b0"": 0.0, ""resnet18"": 0.8655, ""resnet50"": 0.1345}",0.8655,2000,paired crossed split-seed
organamnist_A_cnn4_common3,95,split_02|split_03|split_06|split_09|split_10,"{""densenet121"": 0.0, ""efficientnet_b0"": 0.0, ""resnet18"": 0.2735, ""resnet50"": 0.7265}",0.7265,2000,paired crossed split-seed
organamnist_A_cnn4_common3,96,split_02|split_03|split_06|split_08|split_10,"{""densenet121"": 0.0, ""efficientnet_b0"": 0.0, ""resnet18"": 0.4605, ""resnet50"": 0.5395}",0.5395,2000,paired crossed split-seed
organamnist_A_cnn4_common3,97,split_02|split_03|split_06|split_08|split_09,"{""densenet121"": 0.0, ""efficientnet_b0"": 0.0, ""resnet18"": 0.626, ""resnet50"": 0.374}",0.626,2000,paired crossed split-seed
organamnist_A_cnn4_common3,98,split_02|split_03|split_06|split_07|split_10,"{""densenet121"": 0.0, ""efficientnet_b0"": 0.0, ""resnet18"": 0.6015, ""resnet50"": 0.3985}",0.6015,2000,paired crossed split-seed
organamnist_A_cnn4_common3,99,split_02|split_03|split_06|split_07|split_09,"{""densenet121"": 0.0, ""efficientnet_b0"": 0.0, ""resnet18"": 0.754, ""resnet50"": 0.246}",0.754,2000,paired crossed split-seed
organamnist_A_cnn4_common3,100,split_02|split_03|split_06|split_07|split_08,"{""densenet121"": 0.0, ""efficientnet_b0"": 0.0, ""resnet18"": 0.8535, ""resnet50"": 0.1465}",0.8535,2000,paired crossed split-seed
organamnist_A_cnn4_common3,101,split_02|split_03|split_05|split_09|split_10,"{""densenet121"": 0.0, ""efficientnet_b0"": 0.0, ""resnet18"": 0.515, ""resnet50"": 0.485}",0.485,2000,paired crossed split-seed
organamnist_A_cnn4_common3,102,split_02|split_03|split_05|split_08|split_10,"{""densenet121"": 0.0, ""efficientnet_b0"": 0.0, ""resnet18"": 0.6475, ""resnet50"": 0.3525}",0.6475,2000,paired crossed split-seed
organamnist_A_cnn4_common3,103,split_02|split_03|split_05|split_08|split_09,"{""densenet121"": 0.0, ""efficientnet_b0"": 0.0, ""resnet18"": 0.8265, ""resnet50"": 0.1735}",0.8265,2000,paired crossed split-seed
organamnist_A_cnn4_common3,104,split_02|split_03|split_05|split_07|split_10,"{""densenet121"": 0.0, ""efficientnet_b0"": 0.0, ""resnet18"": 0.7435, ""resnet50"": 0.2565}",0.7435,2000,paired crossed split-seed
organamnist_A_cnn4_common3,105,split_02|split_03|split_05|split_07|split_09,"{""densenet121"": 0.0, ""efficientnet_b0"": 0.0, ""resnet18"": 0.881, ""resnet50"": 0.119}",0.881,2000,paired crossed split-seed
organamnist_A_cnn4_common3,106,split_02|split_03|split_05|split_07|split_08,"{""densenet121"": 0.0, ""efficientnet_b0"": 0.0, ""resnet18"": 0.9305, ""resnet50"": 0.0695}",0.9305,2000,paired crossed split-seed
organamnist_A_cnn4_common3,107,split_02|split_03|split_05|split_06|split_10,"{""densenet121"": 0.0, ""efficientnet_b0"": 0.0, ""resnet18"": 0.436, ""resnet50"": 0.564}",0.564,2000,paired crossed split-seed
organamnist_A_cnn4_common3,108,split_02|split_03|split_05|split_06|split_09,"{""densenet121"": 0.0, ""efficientnet_b0"": 0.0, ""resnet18"": 0.617, ""resnet50"": 0.383}",0.617,2000,paired crossed split-seed
organamnist_A_cnn4_common3,109,split_02|split_03|split_05|split_06|split_08,"{""densenet121"": 0.0, ""efficientnet_b0"": 0.0, ""resnet18"": 0.7975, ""resnet50"": 0.2025}",0.7975,2000,paired crossed split-seed
organamnist_A_cnn4_common3,110,split_02|split_03|split_05|split_06|split_07,"{""densenet121"": 0.0, ""efficientnet_b0"": 0.0, ""resnet18"": 0.8505, ""resnet50"": 0.1495}",0.8505,2000,paired crossed split-seed
organamnist_A_cnn4_common3,111,split_02|split_03|split_04|split_09|split_10,"{""densenet121"": 0.0, ""efficientnet_b0"": 0.0, ""resnet18"": 0.386, ""resnet50"": 0.614}",0.614,2000,paired crossed split-seed
organamnist_A_cnn4_common3,112,split_02|split_03|split_04|split_08|split_10,"{""densenet121"": 0.0, ""efficientnet_b0"": 0.0, ""resnet18"": 0.554, ""resnet50"": 0.446}",0.554,2000,paired crossed split-seed
organamnist_A_cnn4_common3,113,split_02|split_03|split_04|split_08|split_09,"{""densenet121"": 0.0, ""efficientnet_b0"": 0.0, ""resnet18"": 0.69, ""resnet50"": 0.31}",0.69,2000,paired crossed split-seed
organamnist_A_cnn4_common3,114,split_02|split_03|split_04|split_07|split_10,"{""densenet121"": 0.0, ""efficientnet_b0"": 0.0, ""resnet18"": 0.6725, ""resnet50"": 0.3275}",0.6725,2000,paired crossed split-seed
organamnist_A_cnn4_common3,115,split_02|split_03|split_04|split_07|split_09,"{""densenet121"": 0.0, ""efficientnet_b0"": 0.0, ""resnet18"": 0.827, ""resnet50"": 0.173}",0.827,2000,paired crossed split-seed
organamnist_A_cnn4_common3,116,split_02|split_03|split_04|split_07|split_08,"{""densenet121"": 0.0, ""efficientnet_b0"": 0.0, ""resnet18"": 0.8705, ""resnet50"": 0.1295}",0.8705,2000,paired crossed split-seed
organamnist_A_cnn4_common3,117,split_02|split_03|split_04|split_06|split_10,"{""densenet121"": 0.0, ""efficientnet_b0"": 0.0, ""resnet18"": 0.3475, ""resnet50"": 0.6525}",0.6525,2000,paired crossed split-seed
organamnist_A_cnn4_common3,118,split_02|split_03|split_04|split_06|split_09,"{""densenet121"": 0.0, ""efficientnet_b0"": 0.0, ""resnet18"": 0.5015, ""resnet50"": 0.4985}",0.4985,2000,paired crossed split-seed
organamnist_A_cnn4_common3,119,split_02|split_03|split_04|split_06|split_08,"{""densenet121"": 0.0, ""efficientnet_b0"": 0.0, ""resnet18"": 0.69, ""resnet50"": 0.31}",0.69,2000,paired crossed split-seed
organamnist_A_cnn4_common3,120,split_02|split_03|split_04|split_06|split_07,"{""densenet121"": 0.0, ""efficientnet_b0"": 0.0, ""resnet18"": 0.804, ""resnet50"": 0.196}",0.804,2000,paired crossed split-seed
organamnist_A_cnn4_common3,121,split_02|split_03|split_04|split_05|split_10,"{""densenet121"": 0.0, ""efficientnet_b0"": 0.0, ""resnet18"": 0.5825, ""resnet50"": 0.4175}",0.5825,2000,paired crossed split-seed
organamnist_A_cnn4_common3,122,split_02|split_03|split_04|split_05|split_09,"{""densenet121"": 0.0, ""efficientnet_b0"": 0.0, ""resnet18"": 0.748, ""resnet50"": 0.252}",0.748,2000,paired crossed split-seed
organamnist_A_cnn4_common3,123,split_02|split_03|split_04|split_05|split_08,"{""densenet121"": 0.0, ""efficientnet_b0"": 0.0, ""resnet18"": 0.8595, ""resnet50"": 0.1405}",0.8595,2000,paired crossed split-seed
organamnist_A_cnn4_common3,124,split_02|split_03|split_04|split_05|split_07,"{""densenet121"": 0.0, ""efficientnet_b0"": 0.0, ""resnet18"": 0.9275, ""resnet50"": 0.0725}",0.9275,2000,paired crossed split-seed
organamnist_A_cnn4_common3,125,split_02|split_03|split_04|split_05|split_06,"{""densenet121"": 0.0, ""efficientnet_b0"": 0.0, ""resnet18"": 0.716, ""resnet50"": 0.284}",0.716,2000,paired crossed split-seed
organamnist_A_cnn4_common3,126,split_01|split_07|split_08|split_09|split_10,"{""densenet121"": 0.0, ""efficientnet_b0"": 0.0, ""resnet18"": 0.5975, ""resnet50"": 0.4025}",0.5975,2000,paired crossed split-seed
organamnist_A_cnn4_common3,127,split_01|split_06|split_08|split_09|split_10,"{""densenet121"": 0.0, ""efficientnet_b0"": 0.0, ""resnet18"": 0.291, ""resnet50"": 0.709}",0.709,2000,paired crossed split-seed
organamnist_A_cnn4_common3,128,split_01|split_06|split_07|split_09|split_10,"{""densenet121"": 0.0, ""efficientnet_b0"": 0.0, ""resnet18"": 0.4335, ""resnet50"": 0.5665}",0.5665,2000,paired crossed split-seed
organamnist_A_cnn4_common3,129,split_01|split_06|split_07|split_08|split_10,"{""densenet121"": 0.0, ""efficientnet_b0"": 0.0, ""resnet18"": 0.59, ""resnet50"": 0.41}",0.59,2000,paired crossed split-seed
organamnist_A_cnn4_common3,130,split_01|split_06|split_07|split_08|split_09,"{""densenet121"": 0.0, ""efficientnet_b0"": 0.0, ""resnet18"": 0.7405, ""resnet50"": 0.2595}",0.7405,2000,paired crossed split-seed
organamnist_A_cnn4_common3,131,split_01|split_05|split_08|split_09|split_10,"{""densenet121"": 0.0, ""efficientnet_b0"": 0.0, ""resnet18"": 0.51, ""resnet50"": 0.49}",0.49,2000,paired crossed split-seed
organamnist_A_cnn4_common3,132,split_01|split_05|split_07|split_09|split_10,"{""densenet121"": 0.0, ""efficientnet_b0"": 0.0, ""resnet18"": 0.65, ""resnet50"": 0.35}",0.65,2000,paired crossed split-seed
organamnist_A_cnn4_common3,133,split_01|split_05|split_07|split_08|split_10,"{""densenet121"": 0.0, ""efficientnet_b0"": 0.0, ""resnet18"": 0.721, ""resnet50"": 0.279}",0.721,2000,paired crossed split-seed
organamnist_A_cnn4_common3,134,split_01|split_05|split_07|split_08|split_09,"{""densenet121"": 0.0, ""efficientnet_b0"": 0.0, ""resnet18"": 0.877, ""resnet50"": 0.123}",0.877,2000,paired crossed split-seed
organamnist_A_cnn4_common3,135,split_01|split_05|split_06|split_09|split_10,"{""densenet121"": 0.0, ""efficientnet_b0"": 0.0, ""resnet18"": 0.2815, ""resnet50"": 0.7185}",0.7185,2000,paired crossed split-seed
organamnist_A_cnn4_common3,136,split_01|split_05|split_06|split_08|split_10,"{""densenet121"": 0.0, ""efficientnet_b0"": 0.0, ""resnet18"": 0.433, ""resnet50"": 0.567}",0.567,2000,paired crossed split-seed
organamnist_A_cnn4_common3,137,split_01|split_05|split_06|split_08|split_09,"{""densenet121"": 0.0, ""efficientnet_b0"": 0.0, ""resnet18"": 0.653, ""resnet50"": 0.347}",0.653,2000,paired crossed split-seed
organamnist_A_cnn4_common3,138,split_01|split_05|split_06|split_07|split_10,"{""densenet121"": 0.0, ""efficientnet_b0"": 0.0, ""resnet18"": 0.6055, ""resnet50"": 0.3945}",0.6055,2000,paired crossed split-seed
organamnist_A_cnn4_common3,139,split_01|split_05|split_06|split_07|split_09,"{""densenet121"": 0.0, ""efficientnet_b0"": 0.0, ""resnet18"": 0.7515, ""resnet50"": 0.2485}",0.7515,2000,paired crossed split-seed
organamnist_A_cnn4_common3,140,split_01|split_05|split_06|split_07|split_08,"{""densenet121"": 0.0, ""efficientnet_b0"": 0.0, ""resnet18"": 0.862, ""resnet50"": 0.138}",0.862,2000,paired crossed split-seed
organamnist_A_cnn4_common3,141,split_01|split_04|split_08|split_09|split_10,"{""densenet121"": 0.0, ""efficientnet_b0"": 0.0, ""resnet18"": 0.414, ""resnet50"": 0.586}",0.586,2000,paired crossed split-seed
organamnist_A_cnn4_common3,142,split_01|split_04|split_07|split_09|split_10,"{""densenet121"": 0.0, ""efficientnet_b0"": 0.0, ""resnet18"": 0.5485, ""resnet50"": 0.4515}",0.5485,2000,paired crossed split-seed
organamnist_A_cnn4_common3,143,split_01|split_04|split_07|split_08|split_10,"{""densenet121"": 0.0, ""efficientnet_b0"": 0.0, ""resnet18"": 0.663, ""resnet50"": 0.337}",0.663,2000,paired crossed split-seed
organamnist_A_cnn4_common3,144,split_01|split_04|split_07|split_08|split_09,"{""densenet121"": 0.0, ""efficientnet_b0"": 0.0, ""resnet18"": 0.768, ""resnet50"": 0.232}",0.768,2000,paired crossed split-seed
organamnist_A_cnn4_common3,145,split_01|split_04|split_06|split_09|split_10,"{""densenet121"": 0.0, ""efficientnet_b0"": 0.0, ""resnet18"": 0.174, ""resnet50"": 0.826}",0.826,2000,paired crossed split-seed
organamnist_A_cnn4_common3,146,split_01|split_04|split_06|split_08|split_10,"{""densenet121"": 0.0, ""efficientnet_b0"": 0.0, ""resnet18"": 0.377, ""resnet50"": 0.623}",0.623,2000,paired crossed split-seed
organamnist_A_cnn4_common3,147,split_01|split_04|split_06|split_08|split_09,"{""densenet121"": 0.0, ""efficientnet_b0"": 0.0, ""resnet18"": 0.476, ""resnet50"": 0.524}",0.524,2000,paired crossed split-seed
organamnist_A_cnn4_common3,148,split_01|split_04|split_06|split_07|split_10,"{""densenet121"": 0.0, ""efficientnet_b0"": 0.0, ""resnet18"": 0.5165, ""resnet50"": 0.4835}",0.5165,2000,paired crossed split-seed
organamnist_A_cnn4_common3,149,split_01|split_04|split_06|split_07|split_09,"{""densenet121"": 0.0, ""efficientnet_b0"": 0.0, ""resnet18"": 0.6585, ""resnet50"": 0.3415}",0.6585,2000,paired crossed split-seed
organamnist_A_cnn4_common3,150,split_01|split_04|split_06|split_07|split_08,"{""densenet121"": 0.0, ""efficientnet_b0"": 0.0, ""resnet18"": 0.7605, ""resnet50"": 0.2395}",0.7605,2000,paired crossed split-seed
organamnist_A_cnn4_common3,151,split_01|split_04|split_05|split_09|split_10,"{""densenet121"": 0.0, ""efficientnet_b0"": 0.0, ""resnet18"": 0.455, ""resnet50"": 0.545}",0.545,2000,paired crossed split-seed
organamnist_A_cnn4_common3,152,split_01|split_04|split_05|split_08|split_10,"{""densenet121"": 0.0, ""efficientnet_b0"": 0.0, ""resnet18"": 0.5815, ""resnet50"": 0.4185}",0.5815,2000,paired crossed split-seed
organamnist_A_cnn4_common3,153,split_01|split_04|split_05|split_08|split_09,"{""densenet121"": 0.0, ""efficientnet_b0"": 0.0, ""resnet18"": 0.7525, ""resnet50"": 0.2475}",0.7525,2000,paired crossed split-seed
organamnist_A_cnn4_common3,154,split_01|split_04|split_05|split_07|split_10,"{""densenet121"": 0.0, ""efficientnet_b0"": 0.0, ""resnet18"": 0.682, ""resnet50"": 0.318}",0.682,2000,paired crossed split-seed
organamnist_A_cnn4_common3,155,split_01|split_04|split_05|split_07|split_09,"{""densenet121"": 0.0, ""efficientnet_b0"": 0.0, ""resnet18"": 0.8475, ""resnet50"": 0.1525}",0.8475,2000,paired crossed split-seed
organamnist_A_cnn4_common3,156,split_01|split_04|split_05|split_07|split_08,"{""densenet121"": 0.0, ""efficientnet_b0"": 0.0, ""resnet18"": 0.8935, ""resnet50"": 0.1065}",0.8935,2000,paired crossed split-seed
organamnist_A_cnn4_common3,157,split_01|split_04|split_05|split_06|split_10,"{""densenet121"": 0.0, ""efficientnet_b0"": 0.0, ""resnet18"": 0.3475, ""resnet50"": 0.6525}",0.6525,2000,paired crossed split-seed
organamnist_A_cnn4_common3,158,split_01|split_04|split_05|split_06|split_09,"{""densenet121"": 0.0, ""efficientnet_b0"": 0.0, ""resnet18"": 0.4975, ""resnet50"": 0.5025}",0.4975,2000,paired crossed split-seed
organamnist_A_cnn4_common3,159,split_01|split_04|split_05|split_06|split_08,"{""densenet121"": 0.0, ""efficientnet_b0"": 0.0, ""resnet18"": 0.7045, ""resnet50"": 0.2955}",0.7045,2000,paired crossed split-seed
organamnist_A_cnn4_common3,160,split_01|split_04|split_05|split_06|split_07,"{""densenet121"": 0.0, ""efficientnet_b0"": 0.0, ""resnet18"": 0.8085, ""resnet50"": 0.1915}",0.8085,2000,paired crossed split-seed
organamnist_A_cnn4_common3,161,split_01|split_03|split_08|split_09|split_10,"{""densenet121"": 0.0, ""efficientnet_b0"": 0.0, ""resnet18"": 0.4855, ""resnet50"": 0.5145}",0.5145,2000,paired crossed split-seed
organamnist_A_cnn4_common3,162,split_01|split_03|split_07|split_09|split_10,"{""densenet121"": 0.0, ""efficientnet_b0"": 0.0, ""resnet18"": 0.635, ""resnet50"": 0.365}",0.635,2000,paired crossed split-seed
organamnist_A_cnn4_common3,163,split_01|split_03|split_07|split_08|split_10,"{""densenet121"": 0.0, ""efficientnet_b0"": 0.0, ""resnet18"": 0.704, ""resnet50"": 0.296}",0.704,2000,paired crossed split-seed
organamnist_A_cnn4_common3,164,split_01|split_03|split_07|split_08|split_09,"{""densenet121"": 0.0, ""efficientnet_b0"": 0.0, ""resnet18"": 0.864, ""resnet50"": 0.136}",0.864,2000,paired crossed split-seed
organamnist_A_cnn4_common3,165,split_01|split_03|split_06|split_09|split_10,"{""densenet121"": 0.0, ""efficientnet_b0"": 0.0, ""resnet18"": 0.2765, ""resnet50"": 0.7235}",0.7235,2000,paired crossed split-seed
organamnist_A_cnn4_common3,166,split_01|split_03|split_06|split_08|split_10,"{""densenet121"": 0.0, ""efficientnet_b0"": 0.0, ""resnet18"": 0.4295, ""resnet50"": 0.5705}",0.5705,2000,paired crossed split-seed
organamnist_A_cnn4_common3,167,split_01|split_03|split_06|split_08|split_09,"{""densenet121"": 0.0, ""efficientnet_b0"": 0.0, ""resnet18"": 0.596, ""resnet50"": 0.404}",0.596,2000,paired crossed split-seed
organamnist_A_cnn4_common3,168,split_01|split_03|split_06|split_07|split_10,"{""densenet121"": 0.0, ""efficientnet_b0"": 0.0, ""resnet18"": 0.593, ""resnet50"": 0.407}",0.593,2000,paired crossed split-seed
organamnist_A_cnn4_common3,169,split_01|split_03|split_06|split_07|split_09,"{""densenet121"": 0.0, ""efficientnet_b0"": 0.0, ""resnet18"": 0.7475, ""resnet50"": 0.2525}",0.7475,2000,paired crossed split-seed
organamnist_A_cnn4_common3,170,split_01|split_03|split_06|split_07|split_08,"{""densenet121"": 0.0, ""efficientnet_b0"": 0.0, ""resnet18"": 0.837, ""resnet50"": 0.163}",0.837,2000,paired crossed split-seed
organamnist_A_cnn4_common3,171,split_01|split_03|split_05|split_09|split_10,"{""densenet121"": 0.0, ""efficientnet_b0"": 0.0, ""resnet18"": 0.4995, ""resnet50"": 0.5005}",0.5005,2000,paired crossed split-seed
organamnist_A_cnn4_common3,172,split_01|split_03|split_05|split_08|split_10,"{""densenet121"": 0.0, ""efficientnet_b0"": 0.0, ""resnet18"": 0.633, ""resnet50"": 0.367}",0.633,2000,paired crossed split-seed
organamnist_A_cnn4_common3,173,split_01|split_03|split_05|split_08|split_09,"{""densenet121"": 0.0, ""efficientnet_b0"": 0.0, ""resnet18"": 0.8085, ""resnet50"": 0.1915}",0.8085,2000,paired crossed split-seed
organamnist_A_cnn4_common3,174,split_01|split_03|split_05|split_07|split_10,"{""densenet121"": 0.0, ""efficientnet_b0"": 0.0, ""resnet18"": 0.7355, ""resnet50"": 0.2645}",0.7355,2000,paired crossed split-seed
organamnist_A_cnn4_common3,175,split_01|split_03|split_05|split_07|split_09,"{""densenet121"": 0.0, ""efficientnet_b0"": 0.0, ""resnet18"": 0.893, ""resnet50"": 0.107}",0.893,2000,paired crossed split-seed
organamnist_A_cnn4_common3,176,split_01|split_03|split_05|split_07|split_08,"{""densenet121"": 0.0, ""efficientnet_b0"": 0.0, ""resnet18"": 0.9415, ""resnet50"": 0.0585}",0.9415,2000,paired crossed split-seed
organamnist_A_cnn4_common3,177,split_01|split_03|split_05|split_06|split_10,"{""densenet121"": 0.0, ""efficientnet_b0"": 0.0, ""resnet18"": 0.4335, ""resnet50"": 0.5665}",0.5665,2000,paired crossed split-seed
organamnist_A_cnn4_common3,178,split_01|split_03|split_05|split_06|split_09,"{""densenet121"": 0.0, ""efficientnet_b0"": 0.0, ""resnet18"": 0.6125, ""resnet50"": 0.3875}",0.6125,2000,paired crossed split-seed
organamnist_A_cnn4_common3,179,split_01|split_03|split_05|split_06|split_08,"{""densenet121"": 0.0, ""efficientnet_b0"": 0.0, ""resnet18"": 0.7725, ""resnet50"": 0.2275}",0.7725,2000,paired crossed split-seed
organamnist_A_cnn4_common3,180,split_01|split_03|split_05|split_06|split_07,"{""densenet121"": 0.0, ""efficientnet_b0"": 0.0, ""resnet18"": 0.8365, ""resnet50"": 0.1635}",0.8365,2000,paired crossed split-seed
organamnist_A_cnn4_common3,181,split_01|split_03|split_04|split_09|split_10,"{""densenet121"": 0.0, ""efficientnet_b0"": 0.0, ""resnet18"": 0.41, ""resnet50"": 0.59}",0.59,2000,paired crossed split-seed
organamnist_A_cnn4_common3,182,split_01|split_03|split_04|split_08|split_10,"{""densenet121"": 0.0, ""efficientnet_b0"": 0.0, ""resnet18"": 0.524, ""resnet50"": 0.476}",0.524,2000,paired crossed split-seed
organamnist_A_cnn4_common3,183,split_01|split_03|split_04|split_08|split_09,"{""densenet121"": 0.0, ""efficientnet_b0"": 0.0, ""resnet18"": 0.6915, ""resnet50"": 0.3085}",0.6915,2000,paired crossed split-seed
organamnist_A_cnn4_common3,184,split_01|split_03|split_04|split_07|split_10,"{""densenet121"": 0.0, ""efficientnet_b0"": 0.0, ""resnet18"": 0.672, ""resnet50"": 0.328}",0.672,2000,paired crossed split-seed
organamnist_A_cnn4_common3,185,split_01|split_03|split_04|split_07|split_09,"{""densenet121"": 0.0, ""efficientnet_b0"": 0.0, ""resnet18"": 0.8125, ""resnet50"": 0.1875}",0.8125,2000,paired crossed split-seed
organamnist_A_cnn4_common3,186,split_01|split_03|split_04|split_07|split_08,"{""densenet121"": 0.0, ""efficientnet_b0"": 0.0, ""resnet18"": 0.859, ""resnet50"": 0.141}",0.859,2000,paired crossed split-seed
organamnist_A_cnn4_common3,187,split_01|split_03|split_04|split_06|split_10,"{""densenet121"": 0.0, ""efficientnet_b0"": 0.0, ""resnet18"": 0.3385, ""resnet50"": 0.6615}",0.6615,2000,paired crossed split-seed
organamnist_A_cnn4_common3,188,split_01|split_03|split_04|split_06|split_09,"{""densenet121"": 0.0, ""efficientnet_b0"": 0.0, ""resnet18"": 0.4695, ""resnet50"": 0.5305}",0.5305,2000,paired crossed split-seed
organamnist_A_cnn4_common3,189,split_01|split_03|split_04|split_06|split_08,"{""densenet121"": 0.0, ""efficientnet_b0"": 0.0, ""resnet18"": 0.665, ""resnet50"": 0.335}",0.665,2000,paired crossed split-seed
organamnist_A_cnn4_common3,190,split_01|split_03|split_04|split_06|split_07,"{""densenet121"": 0.0, ""efficientnet_b0"": 0.0, ""resnet18"": 0.7735, ""resnet50"": 0.2265}",0.7735,2000,paired crossed split-seed
organamnist_A_cnn4_common3,191,split_01|split_03|split_04|split_05|split_10,"{""densenet121"": 0.0, ""efficientnet_b0"": 0.0, ""resnet18"": 0.5765, ""resnet50"": 0.4235}",0.5765,2000,paired crossed split-seed
organamnist_A_cnn4_common3,192,split_01|split_03|split_04|split_05|split_09,"{""densenet121"": 0.0, ""efficientnet_b0"": 0.0, ""resnet18"": 0.7515, ""resnet50"": 0.2485}",0.7515,2000,paired crossed split-seed
organamnist_A_cnn4_common3,193,split_01|split_03|split_04|split_05|split_08,"{""densenet121"": 0.0, ""efficientnet_b0"": 0.0, ""resnet18"": 0.8345, ""resnet50"": 0.1655}",0.8345,2000,paired crossed split-seed
organamnist_A_cnn4_common3,194,split_01|split_03|split_04|split_05|split_07,"{""densenet121"": 0.0, ""efficientnet_b0"": 0.0, ""resnet18"": 0.9105, ""resnet50"": 0.0895}",0.9105,2000,paired crossed split-seed
organamnist_A_cnn4_common3,195,split_01|split_03|split_04|split_05|split_06,"{""densenet121"": 0.0, ""efficientnet_b0"": 0.0, ""resnet18"": 0.6875, ""resnet50"": 0.3125}",0.6875,2000,paired crossed split-seed
organamnist_A_cnn4_common3,196,split_01|split_02|split_08|split_09|split_10,"{""densenet121"": 0.0, ""efficientnet_b0"": 0.0, ""resnet18"": 0.337, ""resnet50"": 0.663}",0.663,2000,paired crossed split-seed
organamnist_A_cnn4_common3,197,split_01|split_02|split_07|split_09|split_10,"{""densenet121"": 0.0, ""efficientnet_b0"": 0.0, ""resnet18"": 0.4865, ""resnet50"": 0.5135}",0.5135,2000,paired crossed split-seed
organamnist_A_cnn4_common3,198,split_01|split_02|split_07|split_08|split_10,"{""densenet121"": 0.0, ""efficientnet_b0"": 0.0, ""resnet18"": 0.567, ""resnet50"": 0.433}",0.567,2000,paired crossed split-seed
organamnist_A_cnn4_common3,199,split_01|split_02|split_07|split_08|split_09,"{""densenet121"": 0.0, ""efficientnet_b0"": 0.0, ""resnet18"": 0.7445, ""resnet50"": 0.2555}",0.7445,2000,paired crossed split-seed
organamnist_A_cnn4_common3,200,split_01|split_02|split_06|split_09|split_10,"{""densenet121"": 0.0, ""efficientnet_b0"": 0.0, ""resnet18"": 0.1895, ""resnet50"": 0.8105}",0.8105,2000,paired crossed split-seed
organamnist_A_cnn4_common3,201,split_01|split_02|split_06|split_08|split_10,"{""densenet121"": 0.0, ""efficientnet_b0"": 0.0, ""resnet18"": 0.3235, ""resnet50"": 0.6765}",0.6765,2000,paired crossed split-seed
organamnist_A_cnn4_common3,202,split_01|split_02|split_06|split_08|split_09,"{""densenet121"": 0.0, ""efficientnet_b0"": 0.0, ""resnet18"": 0.3975, ""resnet50"": 0.6025}",0.6025,2000,paired crossed split-seed
organamnist_A_cnn4_common3,203,split_01|split_02|split_06|split_07|split_10,"{""densenet121"": 0.0, ""efficientnet_b0"": 0.0, ""resnet18"": 0.4545, ""resnet50"": 0.5455}",0.5455,2000,paired crossed split-seed
organamnist_A_cnn4_common3,204,split_01|split_02|split_06|split_07|split_09,"{""densenet121"": 0.0, ""efficientnet_b0"": 0.0, ""resnet18"": 0.6075, ""resnet50"": 0.3925}",0.6075,2000,paired crossed split-seed
organamnist_A_cnn4_common3,205,split_01|split_02|split_06|split_07|split_08,"{""densenet121"": 0.0, ""efficientnet_b0"": 0.0, ""resnet18"": 0.666, ""resnet50"": 0.334}",0.666,2000,paired crossed split-seed
organamnist_A_cnn4_common3,206,split_01|split_02|split_05|split_09|split_10,"{""densenet121"": 0.0, ""efficientnet_b0"": 0.0, ""resnet18"": 0.3435, ""resnet50"": 0.6565}",0.6565,2000,paired crossed split-seed
organamnist_A_cnn4_common3,207,split_01|split_02|split_05|split_08|split_10,"{""densenet121"": 0.0, ""efficientnet_b0"": 0.0, ""resnet18"": 0.501, ""resnet50"": 0.499}",0.499,2000,paired crossed split-seed
organamnist_A_cnn4_common3,208,split_01|split_02|split_05|split_08|split_09,"{""densenet121"": 0.0, ""efficientnet_b0"": 0.0, ""resnet18"": 0.6365, ""resnet50"": 0.3635}",0.6365,2000,paired crossed split-seed
organamnist_A_cnn4_common3,209,split_01|split_02|split_05|split_07|split_10,"{""densenet121"": 0.0, ""efficientnet_b0"": 0.0, ""resnet18"": 0.6295, ""resnet50"": 0.3705}",0.6295,2000,paired crossed split-seed
organamnist_A_cnn4_common3,210,split_01|split_02|split_05|split_07|split_09,"{""densenet121"": 0.0, ""efficientnet_b0"": 0.0, ""resnet18"": 0.744, ""resnet50"": 0.256}",0.744,2000,paired crossed split-seed
organamnist_A_cnn4_common3,211,split_01|split_02|split_05|split_07|split_08,"{""densenet121"": 0.0, ""efficientnet_b0"": 0.0, ""resnet18"": 0.8615, ""resnet50"": 0.1385}",0.8615,2000,paired crossed split-seed
organamnist_A_cnn4_common3,212,split_01|split_02|split_05|split_06|split_10,"{""densenet121"": 0.0, ""efficientnet_b0"": 0.0, ""resnet18"": 0.309, ""resnet50"": 0.691}",0.691,2000,paired crossed split-seed
organamnist_A_cnn4_common3,213,split_01|split_02|split_05|split_06|split_09,"{""densenet121"": 0.0, ""efficientnet_b0"": 0.0, ""resnet18"": 0.4115, ""resnet50"": 0.5885}",0.5885,2000,paired crossed split-seed
organamnist_A_cnn4_common3,214,split_01|split_02|split_05|split_06|split_08,"{""densenet121"": 0.0, ""efficientnet_b0"": 0.0, ""resnet18"": 0.61, ""resnet50"": 0.39}",0.61,2000,paired crossed split-seed
organamnist_A_cnn4_common3,215,split_01|split_02|split_05|split_06|split_07,"{""densenet121"": 0.0, ""efficientnet_b0"": 0.0, ""resnet18"": 0.719, ""resnet50"": 0.281}",0.719,2000,paired crossed split-seed
organamnist_A_cnn4_common3,216,split_01|split_02|split_04|split_09|split_10,"{""densenet121"": 0.0, ""efficientnet_b0"": 0.0, ""resnet18"": 0.279, ""resnet50"": 0.721}",0.721,2000,paired crossed split-seed
organamnist_A_cnn4_common3,217,split_01|split_02|split_04|split_08|split_10,"{""densenet121"": 0.0, ""efficientnet_b0"": 0.0, ""resnet18"": 0.379, ""resnet50"": 0.621}",0.621,2000,paired crossed split-seed
organamnist_A_cnn4_common3,218,split_01|split_02|split_04|split_08|split_09,"{""densenet121"": 0.0, ""efficientnet_b0"": 0.0, ""resnet18"": 0.495, ""resnet50"": 0.505}",0.495,2000,paired crossed split-seed
organamnist_A_cnn4_common3,219,split_01|split_02|split_04|split_07|split_10,"{""densenet121"": 0.0, ""efficientnet_b0"": 0.0, ""resnet18"": 0.5535, ""resnet50"": 0.4465}",0.5535,2000,paired crossed split-seed
organamnist_A_cnn4_common3,220,split_01|split_02|split_04|split_07|split_09,"{""densenet121"": 0.0, ""efficientnet_b0"": 0.0, ""resnet18"": 0.646, ""resnet50"": 0.354}",0.646,2000,paired crossed split-seed
organamnist_A_cnn4_common3,221,split_01|split_02|split_04|split_07|split_08,"{""densenet121"": 0.0, ""efficientnet_b0"": 0.0, ""resnet18"": 0.72, ""resnet50"": 0.28}",0.72,2000,paired crossed split-seed
organamnist_A_cnn4_common3,222,split_01|split_02|split_04|split_06|split_10,"{""densenet121"": 0.0, ""efficientnet_b0"": 0.0, ""resnet18"": 0.244, ""resnet50"": 0.756}",0.756,2000,paired crossed split-seed
organamnist_A_cnn4_common3,223,split_01|split_02|split_04|split_06|split_09,"{""densenet121"": 0.0, ""efficientnet_b0"": 0.0, ""resnet18"": 0.3095, ""resnet50"": 0.6905}",0.6905,2000,paired crossed split-seed
organamnist_A_cnn4_common3,224,split_01|split_02|split_04|split_06|split_08,"{""densenet121"": 0.0, ""efficientnet_b0"": 0.0, ""resnet18"": 0.4645, ""resnet50"": 0.5355}",0.5355,2000,paired crossed split-seed
organamnist_A_cnn4_common3,225,split_01|split_02|split_04|split_06|split_07,"{""densenet121"": 0.0, ""efficientnet_b0"": 0.0, ""resnet18"": 0.6365, ""resnet50"": 0.3635}",0.6365,2000,paired crossed split-seed
organamnist_A_cnn4_common3,226,split_01|split_02|split_04|split_05|split_10,"{""densenet121"": 0.0, ""efficientnet_b0"": 0.0, ""resnet18"": 0.4325, ""resnet50"": 0.5675}",0.5675,2000,paired crossed split-seed
organamnist_A_cnn4_common3,227,split_01|split_02|split_04|split_05|split_09,"{""densenet121"": 0.0, ""efficientnet_b0"": 0.0, ""resnet18"": 0.5815, ""resnet50"": 0.4185}",0.5815,2000,paired crossed split-seed
organamnist_A_cnn4_common3,228,split_01|split_02|split_04|split_05|split_08,"{""densenet121"": 0.0, ""efficientnet_b0"": 0.0, ""resnet18"": 0.6995, ""resnet50"": 0.3005}",0.6995,2000,paired crossed split-seed
organamnist_A_cnn4_common3,229,split_01|split_02|split_04|split_05|split_07,"{""densenet121"": 0.0, ""efficientnet_b0"": 0.0, ""resnet18"": 0.8095, ""resnet50"": 0.1905}",0.8095,2000,paired crossed split-seed
organamnist_A_cnn4_common3,230,split_01|split_02|split_04|split_05|split_06,"{""densenet121"": 0.0, ""efficientnet_b0"": 0.0, ""resnet18"": 0.534, ""resnet50"": 0.466}",0.466,2000,paired crossed split-seed
organamnist_A_cnn4_common3,231,split_01|split_02|split_03|split_09|split_10,"{""densenet121"": 0.0, ""efficientnet_b0"": 0.0, ""resnet18"": 0.3475, ""resnet50"": 0.6525}",0.6525,2000,paired crossed split-seed
organamnist_A_cnn4_common3,232,split_01|split_02|split_03|split_08|split_10,"{""densenet121"": 0.0, ""efficientnet_b0"": 0.0, ""resnet18"": 0.466, ""resnet50"": 0.534}",0.534,2000,paired crossed split-seed
organamnist_A_cnn4_common3,233,split_01|split_02|split_03|split_08|split_09,"{""densenet121"": 0.0, ""efficientnet_b0"": 0.0, ""resnet18"": 0.584, ""resnet50"": 0.416}",0.584,2000,paired crossed split-seed
organamnist_A_cnn4_common3,234,split_01|split_02|split_03|split_07|split_10,"{""densenet121"": 0.0, ""efficientnet_b0"": 0.0, ""resnet18"": 0.614, ""resnet50"": 0.386}",0.614,2000,paired crossed split-seed
organamnist_A_cnn4_common3,235,split_01|split_02|split_03|split_07|split_09,"{""densenet121"": 0.0, ""efficientnet_b0"": 0.0, ""resnet18"": 0.7285, ""resnet50"": 0.2715}",0.7285,2000,paired crossed split-seed
organamnist_A_cnn4_common3,236,split_01|split_02|split_03|split_07|split_08,"{""densenet121"": 0.0, ""efficientnet_b0"": 0.0, ""resnet18"": 0.809, ""resnet50"": 0.191}",0.809,2000,paired crossed split-seed
organamnist_A_cnn4_common3,237,split_01|split_02|split_03|split_06|split_10,"{""densenet121"": 0.0, ""efficientnet_b0"": 0.0, ""resnet18"": 0.3145, ""resnet50"": 0.6855}",0.6855,2000,paired crossed split-seed
organamnist_A_cnn4_common3,238,split_01|split_02|split_03|split_06|split_09,"{""densenet121"": 0.0, ""efficientnet_b0"": 0.0, ""resnet18"": 0.4255, ""resnet50"": 0.5745}",0.5745,2000,paired crossed split-seed
organamnist_A_cnn4_common3,239,split_01|split_02|split_03|split_06|split_08,"{""densenet121"": 0.0, ""efficientnet_b0"": 0.0, ""resnet18"": 0.5915, ""resnet50"": 0.4085}",0.5915,2000,paired crossed split-seed
organamnist_A_cnn4_common3,240,split_01|split_02|split_03|split_06|split_07,"{""densenet121"": 0.0, ""efficientnet_b0"": 0.0, ""resnet18"": 0.706, ""resnet50"": 0.294}",0.706,2000,paired crossed split-seed
organamnist_A_cnn4_common3,241,split_01|split_02|split_03|split_05|split_10,"{""densenet121"": 0.0, ""efficientnet_b0"": 0.0, ""resnet18"": 0.5065, ""resnet50"": 0.4935}",0.4935,2000,paired crossed split-seed
organamnist_A_cnn4_common3,242,split_01|split_02|split_03|split_05|split_09,"{""densenet121"": 0.0, ""efficientnet_b0"": 0.0, ""resnet18"": 0.67, ""resnet50"": 0.33}",0.67,2000,paired crossed split-seed
organamnist_A_cnn4_common3,243,split_01|split_02|split_03|split_05|split_08,"{""densenet121"": 0.0, ""efficientnet_b0"": 0.0, ""resnet18"": 0.7885, ""resnet50"": 0.2115}",0.7885,2000,paired crossed split-seed
organamnist_A_cnn4_common3,244,split_01|split_02|split_03|split_05|split_07,"{""densenet121"": 0.0, ""efficientnet_b0"": 0.0, ""resnet18"": 0.858, ""resnet50"": 0.142}",0.858,2000,paired crossed split-seed
organamnist_A_cnn4_common3,245,split_01|split_02|split_03|split_05|split_06,"{""densenet121"": 0.0, ""efficientnet_b0"": 0.0, ""resnet18"": 0.6185, ""resnet50"": 0.3815}",0.6185,2000,paired crossed split-seed
organamnist_A_cnn4_common3,246,split_01|split_02|split_03|split_04|split_10,"{""densenet121"": 0.0, ""efficientnet_b0"": 0.0, ""resnet18"": 0.4115, ""resnet50"": 0.5885}",0.5885,2000,paired crossed split-seed
organamnist_A_cnn4_common3,247,split_01|split_02|split_03|split_04|split_09,"{""densenet121"": 0.0, ""efficientnet_b0"": 0.0, ""resnet18"": 0.506, ""resnet50"": 0.494}",0.494,2000,paired crossed split-seed
organamnist_A_cnn4_common3,248,split_01|split_02|split_03|split_04|split_08,"{""densenet121"": 0.0, ""efficientnet_b0"": 0.0, ""resnet18"": 0.627, ""resnet50"": 0.373}",0.627,2000,paired crossed split-seed
organamnist_A_cnn4_common3,249,split_01|split_02|split_03|split_04|split_07,"{""densenet121"": 0.0, ""efficientnet_b0"": 0.0, ""resnet18"": 0.748, ""resnet50"": 0.252}",0.748,2000,paired crossed split-seed
organamnist_A_cnn4_common3,250,split_01|split_02|split_03|split_04|split_06,"{""densenet121"": 0.0, ""efficientnet_b0"": 0.0, ""resnet18"": 0.4725, ""resnet50"": 0.5275}",0.5275,2000,paired crossed split-seed
organamnist_A_cnn4_common3,251,split_01|split_02|split_03|split_04|split_05,"{""densenet121"": 0.0, ""efficientnet_b0"": 0.0, ""resnet18"": 0.7065, ""resnet50"": 0.2935}",0.7065,2000,paired crossed split-seed
organamnist_B_cnn4_all5,0,split_06|split_07|split_08|split_09|split_10,"{""densenet121"": 0.0, ""efficientnet_b0"": 0.0, ""resnet18"": 0.177, ""resnet50"": 0.823}",0.823,2000,paired crossed split-seed
organamnist_B_cnn4_all5,1,split_05|split_07|split_08|split_09|split_10,"{""densenet121"": 0.0, ""efficientnet_b0"": 0.0, ""resnet18"": 0.3075, ""resnet50"": 0.6925}",0.6925,2000,paired crossed split-seed
organamnist_B_cnn4_all5,2,split_05|split_06|split_08|split_09|split_10,"{""densenet121"": 0.0, ""efficientnet_b0"": 0.0, ""resnet18"": 0.2645, ""resnet50"": 0.7355}",0.7355,2000,paired crossed split-seed
organamnist_B_cnn4_all5,3,split_05|split_06|split_07|split_09|split_10,"{""densenet121"": 0.0, ""efficientnet_b0"": 0.0, ""resnet18"": 0.18, ""resnet50"": 0.82}",0.82,2000,paired crossed split-seed
organamnist_B_cnn4_all5,4,split_05|split_06|split_07|split_08|split_10,"{""densenet121"": 0.0, ""efficientnet_b0"": 0.0, ""resnet18"": 0.532, ""resnet50"": 0.468}",0.532,2000,paired crossed split-seed
organamnist_B_cnn4_all5,5,split_05|split_06|split_07|split_08|split_09,"{""densenet121"": 0.0, ""efficientnet_b0"": 0.0, ""resnet18"": 0.324, ""resnet50"": 0.676}",0.676,2000,paired crossed split-seed
organamnist_B_cnn4_all5,6,split_04|split_07|split_08|split_09|split_10,"{""densenet121"": 0.0, ""efficientnet_b0"": 0.0, ""resnet18"": 0.2565, ""resnet50"": 0.7435}",0.7435,2000,paired crossed split-seed
organamnist_B_cnn4_all5,7,split_04|split_06|split_08|split_09|split_10,"{""densenet121"": 0.0, ""efficientnet_b0"": 0.0, ""resnet18"": 0.2465, ""resnet50"": 0.7535}",0.7535,2000,paired crossed split-seed
organamnist_B_cnn4_all5,8,split_04|split_06|split_07|split_09|split_10,"{""densenet121"": 0.0, ""efficientnet_b0"": 0.0, ""resnet18"": 0.1575, ""resnet50"": 0.8425}",0.8425,2000,paired crossed split-seed
organamnist_B_cnn4_all5,9,split_04|split_06|split_07|split_08|split_10,"{""densenet121"": 0.0, ""efficientnet_b0"": 0.0, ""resnet18"": 0.4435, ""resnet50"": 0.5565}",0.5565,2000,paired crossed split-seed
organamnist_B_cnn4_all5,10,split_04|split_06|split_07|split_08|split_09,"{""densenet121"": 0.0, ""efficientnet_b0"": 0.0, ""resnet18"": 0.2805, ""resnet50"": 0.7195}",0.7195,2000,paired crossed split-seed
organamnist_B_cnn4_all5,11,split_04|split_05|split_08|split_09|split_10,"{""densenet121"": 0.0, ""efficientnet_b0"": 0.0, ""resnet18"": 0.3485, ""resnet50"": 0.6515}",0.6515,2000,paired crossed split-seed
organamnist_B_cnn4_all5,12,split_04|split_05|split_07|split_09|split_10,"{""densenet121"": 0.0, ""efficientnet_b0"": 0.0, ""resnet18"": 0.2845, ""resnet50"": 0.7155}",0.7155,2000,paired crossed split-seed
organamnist_B_cnn4_all5,13,split_04|split_05|split_07|split_08|split_10,"{""densenet121"": 0.0, ""efficientnet_b0"": 0.0, ""resnet18"": 0.611, ""resnet50"": 0.389}",0.611,2000,paired crossed split-seed
organamnist_B_cnn4_all5,14,split_04|split_05|split_07|split_08|split_09,"{""densenet121"": 0.0, ""efficientnet_b0"": 0.0, ""resnet18"": 0.409, ""resnet50"": 0.591}",0.591,2000,paired crossed split-seed
organamnist_B_cnn4_all5,15,split_04|split_05|split_06|split_09|split_10,"{""densenet121"": 0.0, ""efficientnet_b0"": 0.0, ""resnet18"": 0.237, ""resnet50"": 0.763}",0.763,2000,paired crossed split-seed
organamnist_B_cnn4_all5,16,split_04|split_05|split_06|split_08|split_10,"{""densenet121"": 0.0, ""efficientnet_b0"": 0.0, ""resnet18"": 0.559, ""resnet50"": 0.441}",0.559,2000,paired crossed split-seed
organamnist_B_cnn4_all5,17,split_04|split_05|split_06|split_08|split_09,"{""densenet121"": 0.0, ""efficientnet_b0"": 0.0, ""resnet18"": 0.3815, ""resnet50"": 0.6185}",0.6185,2000,paired crossed split-seed
organamnist_B_cnn4_all5,18,split_04|split_05|split_06|split_07|split_10,"{""densenet121"": 0.0, ""efficientnet_b0"": 0.0, ""resnet18"": 0.4805, ""resnet50"": 0.5195}",0.5195,2000,paired crossed split-seed
organamnist_B_cnn4_all5,19,split_04|split_05|split_06|split_07|split_09,"{""densenet121"": 0.0, ""efficientnet_b0"": 0.0, ""resnet18"": 0.267, ""resnet50"": 0.733}",0.733,2000,paired crossed split-seed
organamnist_B_cnn4_all5,20,split_04|split_05|split_06|split_07|split_08,"{""densenet121"": 0.0, ""efficientnet_b0"": 0.0, ""resnet18"": 0.707, ""resnet50"": 0.293}",0.707,2000,paired crossed split-seed
organamnist_B_cnn4_all5,21,split_03|split_07|split_08|split_09|split_10,"{""densenet121"": 0.0, ""efficientnet_b0"": 0.0, ""resnet18"": 0.163, ""resnet50"": 0.837}",0.837,2000,paired crossed split-seed
organamnist_B_cnn4_all5,22,split_03|split_06|split_08|split_09|split_10,"{""densenet121"": 0.0, ""efficientnet_b0"": 0.0, ""resnet18"": 0.1305, ""resnet50"": 0.8695}",0.8695,2000,paired crossed split-seed
organamnist_B_cnn4_all5,23,split_03|split_06|split_07|split_09|split_10,"{""densenet121"": 0.0, ""efficientnet_b0"": 0.0, ""resnet18"": 0.0595, ""resnet50"": 0.9405}",0.9405,2000,paired crossed split-seed
organamnist_B_cnn4_all5,24,split_03|split_06|split_07|split_08|split_10,"{""densenet121"": 0.0, ""efficientnet_b0"": 0.0, ""resnet18"": 0.3105, ""resnet50"": 0.6895}",0.6895,2000,paired crossed split-seed
organamnist_B_cnn4_all5,25,split_03|split_06|split_07|split_08|split_09,"{""densenet121"": 0.0, ""efficientnet_b0"": 0.0, ""resnet18"": 0.1695, ""resnet50"": 0.8305}",0.8305,2000,paired crossed split-seed
organamnist_B_cnn4_all5,26,split_03|split_05|split_08|split_09|split_10,"{""densenet121"": 0.0, ""efficientnet_b0"": 0.0, ""resnet18"": 0.2455, ""resnet50"": 0.7545}",0.7545,2000,paired crossed split-seed
organamnist_B_cnn4_all5,27,split_03|split_05|split_07|split_09|split_10,"{""densenet121"": 0.0, ""efficientnet_b0"": 0.0, ""resnet18"": 0.1685, ""resnet50"": 0.8315}",0.8315,2000,paired crossed split-seed
organamnist_B_cnn4_all5,28,split_03|split_05|split_07|split_08|split_10,"{""densenet121"": 0.0, ""efficientnet_b0"": 0.0, ""resnet18"": 0.504, ""resnet50"": 0.496}",0.504,2000,paired crossed split-seed
organamnist_B_cnn4_all5,29,split_03|split_05|split_07|split_08|split_09,"{""densenet121"": 0.0, ""efficientnet_b0"": 0.0, ""resnet18"": 0.2985, ""resnet50"": 0.7015}",0.7015,2000,paired crossed split-seed
organamnist_B_cnn4_all5,30,split_03|split_05|split_06|split_09|split_10,"{""densenet121"": 0.0, ""efficientnet_b0"": 0.0, ""resnet18"": 0.1275, ""resnet50"": 0.8725}",0.8725,2000,paired crossed split-seed
organamnist_B_cnn4_all5,31,split_03|split_05|split_06|split_08|split_10,"{""densenet121"": 0.0, ""efficientnet_b0"": 0.0, ""resnet18"": 0.438, ""resnet50"": 0.562}",0.562,2000,paired crossed split-seed
organamnist_B_cnn4_all5,32,split_03|split_05|split_06|split_08|split_09,"{""densenet121"": 0.0, ""efficientnet_b0"": 0.0, ""resnet18"": 0.271, ""resnet50"": 0.729}",0.729,2000,paired crossed split-seed
organamnist_B_cnn4_all5,33,split_03|split_05|split_06|split_07|split_10,"{""densenet121"": 0.0, ""efficientnet_b0"": 0.0, ""resnet18"": 0.336, ""resnet50"": 0.664}",0.664,2000,paired crossed split-seed
organamnist_B_cnn4_all5,34,split_03|split_05|split_06|split_07|split_09,"{""densenet121"": 0.0, ""efficientnet_b0"": 0.0, ""resnet18"": 0.182, ""resnet50"": 0.818}",0.818,2000,paired crossed split-seed
organamnist_B_cnn4_all5,35,split_03|split_05|split_06|split_07|split_08,"{""densenet121"": 0.0, ""efficientnet_b0"": 0.0, ""resnet18"": 0.564, ""resnet50"": 0.436}",0.564,2000,paired crossed split-seed
organamnist_B_cnn4_all5,36,split_03|split_04|split_08|split_09|split_10,"{""densenet121"": 0.0, ""efficientnet_b0"": 0.0, ""resnet18"": 0.216, ""resnet50"": 0.784}",0.784,2000,paired crossed split-seed
organamnist_B_cnn4_all5,37,split_03|split_04|split_07|split_09|split_10,"{""densenet121"": 0.0, ""efficientnet_b0"": 0.0, ""resnet18"": 0.1625, ""resnet50"": 0.8375}",0.8375,2000,paired crossed split-seed
organamnist_B_cnn4_all5,38,split_03|split_04|split_07|split_08|split_10,"{""densenet121"": 0.0, ""efficientnet_b0"": 0.0, ""resnet18"": 0.416, ""resnet50"": 0.584}",0.584,2000,paired crossed split-seed
organamnist_B_cnn4_all5,39,split_03|split_04|split_07|split_08|split_09,"{""densenet121"": 0.0, ""efficientnet_b0"": 0.0, ""resnet18"": 0.256, ""resnet50"": 0.744}",0.744,2000,paired crossed split-seed
organamnist_B_cnn4_all5,40,split_03|split_04|split_06|split_09|split_10,"{""densenet121"": 0.0, ""efficientnet_b0"": 0.0, ""resnet18"": 0.109, ""resnet50"": 0.891}",0.891,2000,paired crossed split-seed
organamnist_B_cnn4_all5,41,split_03|split_04|split_06|split_08|split_10,"{""densenet121"": 0.0, ""efficientnet_b0"": 0.0, ""resnet18"": 0.331, ""resnet50"": 0.669}",0.669,2000,paired crossed split-seed
organamnist_B_cnn4_all5,42,split_03|split_04|split_06|split_08|split_09,"{""densenet121"": 0.0, ""efficientnet_b0"": 0.0, ""resnet18"": 0.215, ""resnet50"": 0.785}",0.785,2000,paired crossed split-seed
organamnist_B_cnn4_all5,43,split_03|split_04|split_06|split_07|split_10,"{""densenet121"": 0.0, ""efficientnet_b0"": 0.0, ""resnet18"": 0.245, ""resnet50"": 0.755}",0.755,2000,paired crossed split-seed
organamnist_B_cnn4_all5,44,split_03|split_04|split_06|split_07|split_09,"{""densenet121"": 0.0, ""efficientnet_b0"": 0.0, ""resnet18"": 0.1425, ""resnet50"": 0.8575}",0.8575,2000,paired crossed split-seed
organamnist_B_cnn4_all5,45,split_03|split_04|split_06|split_07|split_08,"{""densenet121"": 0.0, ""efficientnet_b0"": 0.0, ""resnet18"": 0.443, ""resnet50"": 0.557}",0.557,2000,paired crossed split-seed
organamnist_B_cnn4_all5,46,split_03|split_04|split_05|split_09|split_10,"{""densenet121"": 0.0, ""efficientnet_b0"": 0.0, ""resnet18"": 0.219, ""resnet50"": 0.781}",0.781,2000,paired crossed split-seed
organamnist_B_cnn4_all5,47,split_03|split_04|split_05|split_08|split_10,"{""densenet121"": 0.0, ""efficientnet_b0"": 0.0, ""resnet18"": 0.5325, ""resnet50"": 0.4675}",0.5325,2000,paired crossed split-seed
organamnist_B_cnn4_all5,48,split_03|split_04|split_05|split_08|split_09,"{""densenet121"": 0.0, ""efficientnet_b0"": 0.0, ""resnet18"": 0.342, ""resnet50"": 0.658}",0.658,2000,paired crossed split-seed
organamnist_B_cnn4_all5,49,split_03|split_04|split_05|split_07|split_10,"{""densenet121"": 0.0, ""efficientnet_b0"": 0.0, ""resnet18"": 0.457, ""resnet50"": 0.543}",0.543,2000,paired crossed split-seed
organamnist_B_cnn4_all5,50,split_03|split_04|split_05|split_07|split_09,"{""densenet121"": 0.0, ""efficientnet_b0"": 0.0, ""resnet18"": 0.2475, ""resnet50"": 0.7525}",0.7525,2000,paired crossed split-seed
organamnist_B_cnn4_all5,51,split_03|split_04|split_05|split_07|split_08,"{""densenet121"": 0.0, ""efficientnet_b0"": 0.0, ""resnet18"": 0.681, ""resnet50"": 0.319}",0.681,2000,paired crossed split-seed
organamnist_B_cnn4_all5,52,split_03|split_04|split_05|split_06|split_10,"{""densenet121"": 0.0, ""efficientnet_b0"": 0.0, ""resnet18"": 0.373, ""resnet50"": 0.627}",0.627,2000,paired crossed split-seed
organamnist_B_cnn4_all5,53,split_03|split_04|split_05|split_06|split_09,"{""densenet121"": 0.0, ""efficientnet_b0"": 0.0, ""resnet18"": 0.222, ""resnet50"": 0.778}",0.778,2000,paired crossed split-seed
organamnist_B_cnn4_all5,54,split_03|split_04|split_05|split_06|split_08,"{""densenet121"": 0.0, ""efficientnet_b0"": 0.0, ""resnet18"": 0.5895, ""resnet50"": 0.4105}",0.5895,2000,paired crossed split-seed
organamnist_B_cnn4_all5,55,split_03|split_04|split_05|split_06|split_07,"{""densenet121"": 0.0, ""efficientnet_b0"": 0.0, ""resnet18"": 0.4725, ""resnet50"": 0.5275}",0.5275,2000,paired crossed split-seed
organamnist_B_cnn4_all5,56,split_02|split_07|split_08|split_09|split_10,"{""densenet121"": 0.0, ""efficientnet_b0"": 0.0, ""resnet18"": 0.226, ""resnet50"": 0.774}",0.774,2000,paired crossed split-seed
organamnist_B_cnn4_all5,57,split_02|split_06|split_08|split_09|split_10,"{""densenet121"": 0.0, ""efficientnet_b0"": 0.0, ""resnet18"": 0.1875, ""resnet50"": 0.8125}",0.8125,2000,paired crossed split-seed
organamnist_B_cnn4_all5,58,split_02|split_06|split_07|split_09|split_10,"{""densenet121"": 0.0, ""efficientnet_b0"": 0.0, ""resnet18"": 0.0965, ""resnet50"": 0.9035}",0.9035,2000,paired crossed split-seed
organamnist_B_cnn4_all5,59,split_02|split_06|split_07|split_08|split_10,"{""densenet121"": 0.0, ""efficientnet_b0"": 0.0, ""resnet18"": 0.3835, ""resnet50"": 0.6165}",0.6165,2000,paired crossed split-seed
organamnist_B_cnn4_all5,60,split_02|split_06|split_07|split_08|split_09,"{""densenet121"": 0.0, ""efficientnet_b0"": 0.0, ""resnet18"": 0.2065, ""resnet50"": 0.7935}",0.7935,2000,paired crossed split-seed
organamnist_B_cnn4_all5,61,split_02|split_05|split_08|split_09|split_10,"{""densenet121"": 0.0, ""efficientnet_b0"": 0.0, ""resnet18"": 0.298, ""resnet50"": 0.702}",0.702,2000,paired crossed split-seed
organamnist_B_cnn4_all5,62,split_02|split_05|split_07|split_09|split_10,"{""densenet121"": 0.0, ""efficientnet_b0"": 0.0, ""resnet18"": 0.213, ""resnet50"": 0.787}",0.787,2000,paired crossed split-seed
organamnist_B_cnn4_all5,63,split_02|split_05|split_07|split_08|split_10,"{""densenet121"": 0.0, ""efficientnet_b0"": 0.0, ""resnet18"": 0.5925, ""resnet50"": 0.4075}",0.5925,2000,paired crossed split-seed
organamnist_B_cnn4_all5,64,split_02|split_05|split_07|split_08|split_09,"{""densenet121"": 0.0, ""efficientnet_b0"": 0.0, ""resnet18"": 0.355, ""resnet50"": 0.645}",0.645,2000,paired crossed split-seed
organamnist_B_cnn4_all5,65,split_02|split_05|split_06|split_09|split_10,"{""densenet121"": 0.0, ""efficientnet_b0"": 0.0, ""resnet18"": 0.172, ""resnet50"": 0.828}",0.828,2000,paired crossed split-seed
organamnist_B_cnn4_all5,66,split_02|split_05|split_06|split_08|split_10,"{""densenet121"": 0.0, ""efficientnet_b0"": 0.0, ""resnet18"": 0.515, ""resnet50"": 0.485}",0.515,2000,paired crossed split-seed
organamnist_B_cnn4_all5,67,split_02|split_05|split_06|split_08|split_09,"{""densenet121"": 0.0, ""efficientnet_b0"": 0.0, ""resnet18"": 0.331, ""resnet50"": 0.669}",0.669,2000,paired crossed split-seed
organamnist_B_cnn4_all5,68,split_02|split_05|split_06|split_07|split_10,"{""densenet121"": 0.0, ""efficientnet_b0"": 0.0, ""resnet18"": 0.396, ""resnet50"": 0.604}",0.604,2000,paired crossed split-seed
organamnist_B_cnn4_all5,69,split_02|split_05|split_06|split_07|split_09,"{""densenet121"": 0.0, ""efficientnet_b0"": 0.0, ""resnet18"": 0.231, ""resnet50"": 0.769}",0.769,2000,paired crossed split-seed
organamnist_B_cnn4_all5,70,split_02|split_05|split_06|split_07|split_08,"{""densenet121"": 0.0, ""efficientnet_b0"": 0.0, ""resnet18"": 0.6605, ""resnet50"": 0.3395}",0.6605,2000,paired crossed split-seed
organamnist_B_cnn4_all5,71,split_02|split_04|split_08|split_09|split_10,"{""densenet121"": 0.0, ""efficientnet_b0"": 0.0, ""resnet18"": 0.272, ""resnet50"": 0.728}",0.728,2000,paired crossed split-seed
organamnist_B_cnn4_all5,72,split_02|split_04|split_07|split_09|split_10,"{""densenet121"": 0.0, ""efficientnet_b0"": 0.0, ""resnet18"": 0.1985, ""resnet50"": 0.8015}",0.8015,2000,paired crossed split-seed
organamnist_B_cnn4_all5,73,split_02|split_04|split_07|split_08|split_10,"{""densenet121"": 0.0, ""efficientnet_b0"": 0.0, ""resnet18"": 0.471, ""resnet50"": 0.529}",0.529,2000,paired crossed split-seed
organamnist_B_cnn4_all5,74,split_02|split_04|split_07|split_08|split_09,"{""densenet121"": 0.0, ""efficientnet_b0"": 0.0, ""resnet18"": 0.292, ""resnet50"": 0.708}",0.708,2000,paired crossed split-seed
organamnist_B_cnn4_all5,75,split_02|split_04|split_06|split_09|split_10,"{""densenet121"": 0.0, ""efficientnet_b0"": 0.0, ""resnet18"": 0.157, ""resnet50"": 0.843}",0.843,2000,paired crossed split-seed
organamnist_B_cnn4_all5,76,split_02|split_04|split_06|split_08|split_10,"{""densenet121"": 0.0, ""efficientnet_b0"": 0.0, ""resnet18"": 0.4085, ""resnet50"": 0.5915}",0.5915,2000,paired crossed split-seed
organamnist_B_cnn4_all5,77,split_02|split_04|split_06|split_08|split_09,"{""densenet121"": 0.0, ""efficientnet_b0"": 0.0, ""resnet18"": 0.2805, ""resnet50"": 0.7195}",0.7195,2000,paired crossed split-seed
organamnist_B_cnn4_all5,78,split_02|split_04|split_06|split_07|split_10,"{""densenet121"": 0.0, ""efficientnet_b0"": 0.0, ""resnet18"": 0.3145, ""resnet50"": 0.6855}",0.6855,2000,paired crossed split-seed
organamnist_B_cnn4_all5,79,split_02|split_04|split_06|split_07|split_09,"{""densenet121"": 0.0, ""efficientnet_b0"": 0.0, ""resnet18"": 0.173, ""resnet50"": 0.827}",0.827,2000,paired crossed split-seed
organamnist_B_cnn4_all5,80,split_02|split_04|split_06|split_07|split_08,"{""densenet121"": 0.0, ""efficientnet_b0"": 0.0, ""resnet18"": 0.52, ""resnet50"": 0.48}",0.52,2000,paired crossed split-seed
organamnist_B_cnn4_all5,81,split_02|split_04|split_05|split_09|split_10,"{""densenet121"": 0.0, ""efficientnet_b0"": 0.0, ""resnet18"": 0.2605, ""resnet50"": 0.7395}",0.7395,2000,paired crossed split-seed
organamnist_B_cnn4_all5,82,split_02|split_04|split_05|split_08|split_10,"{""densenet121"": 0.0, ""efficientnet_b0"": 0.0, ""resnet18"": 0.612, ""resnet50"": 0.388}",0.612,2000,paired crossed split-seed
organamnist_B_cnn4_all5,83,split_02|split_04|split_05|split_08|split_09,"{""densenet121"": 0.0, ""efficientnet_b0"": 0.0, ""resnet18"": 0.4135, ""resnet50"": 0.5865}",0.5865,2000,paired crossed split-seed
organamnist_B_cnn4_all5,84,split_02|split_04|split_05|split_07|split_10,"{""densenet121"": 0.0, ""efficientnet_b0"": 0.0, ""resnet18"": 0.5335, ""resnet50"": 0.4665}",0.4665,2000,paired crossed split-seed
organamnist_B_cnn4_all5,85,split_02|split_04|split_05|split_07|split_09,"{""densenet121"": 0.0, ""efficientnet_b0"": 0.0, ""resnet18"": 0.3155, ""resnet50"": 0.6845}",0.6845,2000,paired crossed split-seed
organamnist_B_cnn4_all5,86,split_02|split_04|split_05|split_07|split_08,"{""densenet121"": 0.0, ""efficientnet_b0"": 0.0, ""resnet18"": 0.7885, ""resnet50"": 0.2115}",0.7885,2000,paired crossed split-seed
organamnist_B_cnn4_all5,87,split_02|split_04|split_05|split_06|split_10,"{""densenet121"": 0.0, ""efficientnet_b0"": 0.0, ""resnet18"": 0.4595, ""resnet50"": 0.5405}",0.5405,2000,paired crossed split-seed
organamnist_B_cnn4_all5,88,split_02|split_04|split_05|split_06|split_09,"{""densenet121"": 0.0, ""efficientnet_b0"": 0.0, ""resnet18"": 0.273, ""resnet50"": 0.727}",0.727,2000,paired crossed split-seed
organamnist_B_cnn4_all5,89,split_02|split_04|split_05|split_06|split_08,"{""densenet121"": 0.0, ""efficientnet_b0"": 0.0, ""resnet18"": 0.6775, ""resnet50"": 0.3225}",0.6775,2000,paired crossed split-seed
organamnist_B_cnn4_all5,90,split_02|split_04|split_05|split_06|split_07,"{""densenet121"": 0.0, ""efficientnet_b0"": 0.0, ""resnet18"": 0.5935, ""resnet50"": 0.4065}",0.5935,2000,paired crossed split-seed
organamnist_B_cnn4_all5,91,split_02|split_03|split_08|split_09|split_10,"{""densenet121"": 0.0, ""efficientnet_b0"": 0.0, ""resnet18"": 0.1695, ""resnet50"": 0.8305}",0.8305,2000,paired crossed split-seed
organamnist_B_cnn4_all5,92,split_02|split_03|split_07|split_09|split_10,"{""densenet121"": 0.0, ""efficientnet_b0"": 0.0, ""resnet18"": 0.112, ""resnet50"": 0.888}",0.888,2000,paired crossed split-seed
organamnist_B_cnn4_all5,93,split_02|split_03|split_07|split_08|split_10,"{""densenet121"": 0.0, ""efficientnet_b0"": 0.0, ""resnet18"": 0.377, ""resnet50"": 0.623}",0.623,2000,paired crossed split-seed
organamnist_B_cnn4_all5,94,split_02|split_03|split_07|split_08|split_09,"{""densenet121"": 0.0, ""efficientnet_b0"": 0.0, ""resnet18"": 0.204, ""resnet50"": 0.796}",0.796,2000,paired crossed split-seed
organamnist_B_cnn4_all5,95,split_02|split_03|split_06|split_09|split_10,"{""densenet121"": 0.0, ""efficientnet_b0"": 0.0, ""resnet18"": 0.0685, ""resnet50"": 0.9315}",0.9315,2000,paired crossed split-seed
organamnist_B_cnn4_all5,96,split_02|split_03|split_06|split_08|split_10,"{""densenet121"": 0.0, ""efficientnet_b0"": 0.0, ""resnet18"": 0.2965, ""resnet50"": 0.7035}",0.7035,2000,paired crossed split-seed
organamnist_B_cnn4_all5,97,split_02|split_03|split_06|split_08|split_09,"{""densenet121"": 0.0, ""efficientnet_b0"": 0.0, ""resnet18"": 0.151, ""resnet50"": 0.849}",0.849,2000,paired crossed split-seed
organamnist_B_cnn4_all5,98,split_02|split_03|split_06|split_07|split_10,"{""densenet121"": 0.0, ""efficientnet_b0"": 0.0, ""resnet18"": 0.187, ""resnet50"": 0.813}",0.813,2000,paired crossed split-seed
organamnist_B_cnn4_all5,99,split_02|split_03|split_06|split_07|split_09,"{""densenet121"": 0.0, ""efficientnet_b0"": 0.0, ""resnet18"": 0.0805, ""resnet50"": 0.9195}",0.9195,2000,paired crossed split-seed
organamnist_B_cnn4_all5,100,split_02|split_03|split_06|split_07|split_08,"{""densenet121"": 0.0, ""efficientnet_b0"": 0.0, ""resnet18"": 0.3895, ""resnet50"": 0.6105}",0.6105,2000,paired crossed split-seed
organamnist_B_cnn4_all5,101,split_02|split_03|split_05|split_09|split_10,"{""densenet121"": 0.0, ""efficientnet_b0"": 0.0, ""resnet18"": 0.1615, ""resnet50"": 0.8385}",0.8385,2000,paired crossed split-seed
organamnist_B_cnn4_all5,102,split_02|split_03|split_05|split_08|split_10,"{""densenet121"": 0.0, ""efficientnet_b0"": 0.0, ""resnet18"": 0.4905, ""resnet50"": 0.5095}",0.5095,2000,paired crossed split-seed
organamnist_B_cnn4_all5,103,split_02|split_03|split_05|split_08|split_09,"{""densenet121"": 0.0, ""efficientnet_b0"": 0.0, ""resnet18"": 0.274, ""resnet50"": 0.726}",0.726,2000,paired crossed split-seed
organamnist_B_cnn4_all5,104,split_02|split_03|split_05|split_07|split_10,"{""densenet121"": 0.0, ""efficientnet_b0"": 0.0, ""resnet18"": 0.398, ""resnet50"": 0.602}",0.602,2000,paired crossed split-seed
organamnist_B_cnn4_all5,105,split_02|split_03|split_05|split_07|split_09,"{""densenet121"": 0.0, ""efficientnet_b0"": 0.0, ""resnet18"": 0.2145, ""resnet50"": 0.7855}",0.7855,2000,paired crossed split-seed
organamnist_B_cnn4_all5,106,split_02|split_03|split_05|split_07|split_08,"{""densenet121"": 0.0, ""efficientnet_b0"": 0.0, ""resnet18"": 0.618, ""resnet50"": 0.382}",0.618,2000,paired crossed split-seed
organamnist_B_cnn4_all5,107,split_02|split_03|split_05|split_06|split_10,"{""densenet121"": 0.0, ""efficientnet_b0"": 0.0, ""resnet18"": 0.309, ""resnet50"": 0.691}",0.691,2000,paired crossed split-seed
organamnist_B_cnn4_all5,108,split_02|split_03|split_05|split_06|split_09,"{""densenet121"": 0.0, ""efficientnet_b0"": 0.0, ""resnet18"": 0.173, ""resnet50"": 0.827}",0.827,2000,paired crossed split-seed
organamnist_B_cnn4_all5,109,split_02|split_03|split_05|split_06|split_08,"{""densenet121"": 0.0, ""efficientnet_b0"": 0.0, ""resnet18"": 0.533, ""resnet50"": 0.467}",0.533,2000,paired crossed split-seed
organamnist_B_cnn4_all5,110,split_02|split_03|split_05|split_06|split_07,"{""densenet121"": 0.0, ""efficientnet_b0"": 0.0, ""resnet18"": 0.4145, ""resnet50"": 0.5855}",0.5855,2000,paired crossed split-seed
organamnist_B_cnn4_all5,111,split_02|split_03|split_04|split_09|split_10,"{""densenet121"": 0.0, ""efficientnet_b0"": 0.0, ""resnet18"": 0.1715, ""resnet50"": 0.8285}",0.8285,2000,paired crossed split-seed
organamnist_B_cnn4_all5,112,split_02|split_03|split_04|split_08|split_10,"{""densenet121"": 0.0, ""efficientnet_b0"": 0.0, ""resnet18"": 0.387, ""resnet50"": 0.613}",0.613,2000,paired crossed split-seed
organamnist_B_cnn4_all5,113,split_02|split_03|split_04|split_08|split_09,"{""densenet121"": 0.0, ""efficientnet_b0"": 0.0, ""resnet18"": 0.215, ""resnet50"": 0.785}",0.785,2000,paired crossed split-seed
organamnist_B_cnn4_all5,114,split_02|split_03|split_04|split_07|split_10,"{""densenet121"": 0.0, ""efficientnet_b0"": 0.0, ""resnet18"": 0.3145, ""resnet50"": 0.6855}",0.6855,2000,paired crossed split-seed
organamnist_B_cnn4_all5,115,split_02|split_03|split_04|split_07|split_09,"{""densenet121"": 0.0, ""efficientnet_b0"": 0.0, ""resnet18"": 0.1635, ""resnet50"": 0.8365}",0.8365,2000,paired crossed split-seed
organamnist_B_cnn4_all5,116,split_02|split_03|split_04|split_07|split_08,"{""densenet121"": 0.0, ""efficientnet_b0"": 0.0, ""resnet18"": 0.4615, ""resnet50"": 0.5385}",0.5385,2000,paired crossed split-seed
organamnist_B_cnn4_all5,117,split_02|split_03|split_04|split_06|split_10,"{""densenet121"": 0.0, ""efficientnet_b0"": 0.0, ""resnet18"": 0.244, ""resnet50"": 0.756}",0.756,2000,paired crossed split-seed
organamnist_B_cnn4_all5,118,split_02|split_03|split_04|split_06|split_09,"{""densenet121"": 0.0, ""efficientnet_b0"": 0.0, ""resnet18"": 0.1295, ""resnet50"": 0.8705}",0.8705,2000,paired crossed split-seed
organamnist_B_cnn4_all5,119,split_02|split_03|split_04|split_06|split_08,"{""densenet121"": 0.0, ""efficientnet_b0"": 0.0, ""resnet18"": 0.425, ""resnet50"": 0.575}",0.575,2000,paired crossed split-seed
organamnist_B_cnn4_all5,120,split_02|split_03|split_04|split_06|split_07,"{""densenet121"": 0.0, ""efficientnet_b0"": 0.0, ""resnet18"": 0.301, ""resnet50"": 0.699}",0.699,2000,paired crossed split-seed
organamnist_B_cnn4_all5,121,split_02|split_03|split_04|split_05|split_10,"{""densenet121"": 0.0, ""efficientnet_b0"": 0.0, ""resnet18"": 0.431, ""resnet50"": 0.569}",0.569,2000,paired crossed split-seed
organamnist_B_cnn4_all5,122,split_02|split_03|split_04|split_05|split_09,"{""densenet121"": 0.0, ""efficientnet_b0"": 0.0, ""resnet18"": 0.2605, ""resnet50"": 0.7395}",0.7395,2000,paired crossed split-seed
organamnist_B_cnn4_all5,123,split_02|split_03|split_04|split_05|split_08,"{""densenet121"": 0.0, ""efficientnet_b0"": 0.0, ""resnet18"": 0.649, ""resnet50"": 0.351}",0.649,2000,paired crossed split-seed
organamnist_B_cnn4_all5,124,split_02|split_03|split_04|split_05|split_07,"{""densenet121"": 0.0, ""efficientnet_b0"": 0.0, ""resnet18"": 0.541, ""resnet50"": 0.459}",0.541,2000,paired crossed split-seed
organamnist_B_cnn4_all5,125,split_02|split_03|split_04|split_05|split_06,"{""densenet121"": 0.0, ""efficientnet_b0"": 0.0, ""resnet18"": 0.474, ""resnet50"": 0.526}",0.526,2000,paired crossed split-seed
organamnist_B_cnn4_all5,126,split_01|split_07|split_08|split_09|split_10,"{""densenet121"": 0.0, ""efficientnet_b0"": 0.0, ""resnet18"": 0.1885, ""resnet50"": 0.8115}",0.8115,2000,paired crossed split-seed
organamnist_B_cnn4_all5,127,split_01|split_06|split_08|split_09|split_10,"{""densenet121"": 0.0, ""efficientnet_b0"": 0.0, ""resnet18"": 0.1525, ""resnet50"": 0.8475}",0.8475,2000,paired crossed split-seed
organamnist_B_cnn4_all5,128,split_01|split_06|split_07|split_09|split_10,"{""densenet121"": 0.0, ""efficientnet_b0"": 0.0, ""resnet18"": 0.0815, ""resnet50"": 0.9185}",0.9185,2000,paired crossed split-seed
organamnist_B_cnn4_all5,129,split_01|split_06|split_07|split_08|split_10,"{""densenet121"": 0.0, ""efficientnet_b0"": 0.0, ""resnet18"": 0.359, ""resnet50"": 0.641}",0.641,2000,paired crossed split-seed
organamnist_B_cnn4_all5,130,split_01|split_06|split_07|split_08|split_09,"{""densenet121"": 0.0, ""efficientnet_b0"": 0.0, ""resnet18"": 0.2415, ""resnet50"": 0.7585}",0.7585,2000,paired crossed split-seed
organamnist_B_cnn4_all5,131,split_01|split_05|split_08|split_09|split_10,"{""densenet121"": 0.0, ""efficientnet_b0"": 0.0, ""resnet18"": 0.276, ""resnet50"": 0.724}",0.724,2000,paired crossed split-seed
organamnist_B_cnn4_all5,132,split_01|split_05|split_07|split_09|split_10,"{""densenet121"": 0.0, ""efficientnet_b0"": 0.0, ""resnet18"": 0.1845, ""resnet50"": 0.8155}",0.8155,2000,paired crossed split-seed
organamnist_B_cnn4_all5,133,split_01|split_05|split_07|split_08|split_10,"{""densenet121"": 0.0, ""efficientnet_b0"": 0.0, ""resnet18"": 0.576, ""resnet50"": 0.424}",0.576,2000,paired crossed split-seed
organamnist_B_cnn4_all5,134,split_01|split_05|split_07|split_08|split_09,"{""densenet121"": 0.0, ""efficientnet_b0"": 0.0, ""resnet18"": 0.362, ""resnet50"": 0.638}",0.638,2000,paired crossed split-seed
organamnist_B_cnn4_all5,135,split_01|split_05|split_06|split_09|split_10,"{""densenet121"": 0.0, ""efficientnet_b0"": 0.0, ""resnet18"": 0.184, ""resnet50"": 0.816}",0.816,2000,paired crossed split-seed
organamnist_B_cnn4_all5,136,split_01|split_05|split_06|split_08|split_10,"{""densenet121"": 0.0, ""efficientnet_b0"": 0.0, ""resnet18"": 0.502, ""resnet50"": 0.498}",0.502,2000,paired crossed split-seed
organamnist_B_cnn4_all5,137,split_01|split_05|split_06|split_08|split_09,"{""densenet121"": 0.0, ""efficientnet_b0"": 0.0, ""resnet18"": 0.3295, ""resnet50"": 0.6705}",0.6705,2000,paired crossed split-seed
organamnist_B_cnn4_all5,138,split_01|split_05|split_06|split_07|split_10,"{""densenet121"": 0.0, ""efficientnet_b0"": 0.0, ""resnet18"": 0.404, ""resnet50"": 0.596}",0.596,2000,paired crossed split-seed
organamnist_B_cnn4_all5,139,split_01|split_05|split_06|split_07|split_09,"{""densenet121"": 0.0, ""efficientnet_b0"": 0.0, ""resnet18"": 0.256, ""resnet50"": 0.744}",0.744,2000,paired crossed split-seed
organamnist_B_cnn4_all5,140,split_01|split_05|split_06|split_07|split_08,"{""densenet121"": 0.0, ""efficientnet_b0"": 0.0, ""resnet18"": 0.6235, ""resnet50"": 0.3765}",0.6235,2000,paired crossed split-seed
organamnist_B_cnn4_all5,141,split_01|split_04|split_08|split_09|split_10,"{""densenet121"": 0.0, ""efficientnet_b0"": 0.0, ""resnet18"": 0.229, ""resnet50"": 0.771}",0.771,2000,paired crossed split-seed
organamnist_B_cnn4_all5,142,split_01|split_04|split_07|split_09|split_10,"{""densenet121"": 0.0, ""efficientnet_b0"": 0.0, ""resnet18"": 0.1635, ""resnet50"": 0.8365}",0.8365,2000,paired crossed split-seed
organamnist_B_cnn4_all5,143,split_01|split_04|split_07|split_08|split_10,"{""densenet121"": 0.0, ""efficientnet_b0"": 0.0, ""resnet18"": 0.48, ""resnet50"": 0.52}",0.52,2000,paired crossed split-seed
organamnist_B_cnn4_all5,144,split_01|split_04|split_07|split_08|split_09,"{""densenet121"": 0.0, ""efficientnet_b0"": 0.0, ""resnet18"": 0.271, ""resnet50"": 0.729}",0.729,2000,paired crossed split-seed
organamnist_B_cnn4_all5,145,split_01|split_04|split_06|split_09|split_10,"{""densenet121"": 0.0, ""efficientnet_b0"": 0.0, ""resnet18"": 0.131, ""resnet50"": 0.869}",0.869,2000,paired crossed split-seed
organamnist_B_cnn4_all5,146,split_01|split_04|split_06|split_08|split_10,"{""densenet121"": 0.0, ""efficientnet_b0"": 0.0, ""resnet18"": 0.4095, ""resnet50"": 0.5905}",0.5905,2000,paired crossed split-seed
organamnist_B_cnn4_all5,147,split_01|split_04|split_06|split_08|split_09,"{""densenet121"": 0.0, ""efficientnet_b0"": 0.0, ""resnet18"": 0.2625, ""resnet50"": 0.7375}",0.7375,2000,paired crossed split-seed
organamnist_B_cnn4_all5,148,split_01|split_04|split_06|split_07|split_10,"{""densenet121"": 0.0, ""efficientnet_b0"": 0.0, ""resnet18"": 0.2975, ""resnet50"": 0.7025}",0.7025,2000,paired crossed split-seed
organamnist_B_cnn4_all5,149,split_01|split_04|split_06|split_07|split_09,"{""densenet121"": 0.0, ""efficientnet_b0"": 0.0, ""resnet18"": 0.1705, ""resnet50"": 0.8295}",0.8295,2000,paired crossed split-seed
organamnist_B_cnn4_all5,150,split_01|split_04|split_06|split_07|split_08,"{""densenet121"": 0.0, ""efficientnet_b0"": 0.0, ""resnet18"": 0.5385, ""resnet50"": 0.4615}",0.5385,2000,paired crossed split-seed
organamnist_B_cnn4_all5,151,split_01|split_04|split_05|split_09|split_10,"{""densenet121"": 0.0, ""efficientnet_b0"": 0.0, ""resnet18"": 0.2455, ""resnet50"": 0.7545}",0.7545,2000,paired crossed split-seed
organamnist_B_cnn4_all5,152,split_01|split_04|split_05|split_08|split_10,"{""densenet121"": 0.0, ""efficientnet_b0"": 0.0, ""resnet18"": 0.5975, ""resnet50"": 0.4025}",0.5975,2000,paired crossed split-seed
organamnist_B_cnn4_all5,153,split_01|split_04|split_05|split_08|split_09,"{""densenet121"": 0.0, ""efficientnet_b0"": 0.0, ""resnet18"": 0.3775, ""resnet50"": 0.6225}",0.6225,2000,paired crossed split-seed
organamnist_B_cnn4_all5,154,split_01|split_04|split_05|split_07|split_10,"{""densenet121"": 0.0, ""efficientnet_b0"": 0.0, ""resnet18"": 0.504, ""resnet50"": 0.496}",0.496,2000,paired crossed split-seed
organamnist_B_cnn4_all5,155,split_01|split_04|split_05|split_07|split_09,"{""densenet121"": 0.0, ""efficientnet_b0"": 0.0, ""resnet18"": 0.3045, ""resnet50"": 0.6955}",0.6955,2000,paired crossed split-seed
organamnist_B_cnn4_all5,156,split_01|split_04|split_05|split_07|split_08,"{""densenet121"": 0.0, ""efficientnet_b0"": 0.0, ""resnet18"": 0.741, ""resnet50"": 0.259}",0.741,2000,paired crossed split-seed
organamnist_B_cnn4_all5,157,split_01|split_04|split_05|split_06|split_10,"{""densenet121"": 0.0, ""efficientnet_b0"": 0.0, ""resnet18"": 0.4275, ""resnet50"": 0.5725}",0.5725,2000,paired crossed split-seed
organamnist_B_cnn4_all5,158,split_01|split_04|split_05|split_06|split_09,"{""densenet121"": 0.0, ""efficientnet_b0"": 0.0, ""resnet18"": 0.2675, ""resnet50"": 0.7325}",0.7325,2000,paired crossed split-seed
organamnist_B_cnn4_all5,159,split_01|split_04|split_05|split_06|split_08,"{""densenet121"": 0.0, ""efficientnet_b0"": 0.0, ""resnet18"": 0.6565, ""resnet50"": 0.3435}",0.6565,2000,paired crossed split-seed
organamnist_B_cnn4_all5,160,split_01|split_04|split_05|split_06|split_07,"{""densenet121"": 0.0, ""efficientnet_b0"": 0.0, ""resnet18"": 0.5605, ""resnet50"": 0.4395}",0.5605,2000,paired crossed split-seed
organamnist_B_cnn4_all5,161,split_01|split_03|split_08|split_09|split_10,"{""densenet121"": 0.0, ""efficientnet_b0"": 0.0, ""resnet18"": 0.1405, ""resnet50"": 0.8595}",0.8595,2000,paired crossed split-seed
organamnist_B_cnn4_all5,162,split_01|split_03|split_07|split_09|split_10,"{""densenet121"": 0.0, ""efficientnet_b0"": 0.0, ""resnet18"": 0.088, ""resnet50"": 0.912}",0.912,2000,paired crossed split-seed
organamnist_B_cnn4_all5,163,split_01|split_03|split_07|split_08|split_10,"{""densenet121"": 0.0, ""efficientnet_b0"": 0.0, ""resnet18"": 0.324, ""resnet50"": 0.676}",0.676,2000,paired crossed split-seed
organamnist_B_cnn4_all5,164,split_01|split_03|split_07|split_08|split_09,"{""densenet121"": 0.0, ""efficientnet_b0"": 0.0, ""resnet18"": 0.179, ""resnet50"": 0.821}",0.821,2000,paired crossed split-seed
organamnist_B_cnn4_all5,165,split_01|split_03|split_06|split_09|split_10,"{""densenet121"": 0.0, ""efficientnet_b0"": 0.0, ""resnet18"": 0.058, ""resnet50"": 0.942}",0.942,2000,paired crossed split-seed
organamnist_B_cnn4_all5,166,split_01|split_03|split_06|split_08|split_10,"{""densenet121"": 0.0, ""efficientnet_b0"": 0.0, ""resnet18"": 0.265, ""resnet50"": 0.735}",0.735,2000,paired crossed split-seed
organamnist_B_cnn4_all5,167,split_01|split_03|split_06|split_08|split_09,"{""densenet121"": 0.0, ""efficientnet_b0"": 0.0, ""resnet18"": 0.159, ""resnet50"": 0.841}",0.841,2000,paired crossed split-seed
organamnist_B_cnn4_all5,168,split_01|split_03|split_06|split_07|split_10,"{""densenet121"": 0.0, ""efficientnet_b0"": 0.0, ""resnet18"": 0.1835, ""resnet50"": 0.8165}",0.8165,2000,paired crossed split-seed
organamnist_B_cnn4_all5,169,split_01|split_03|split_06|split_07|split_09,"{""densenet121"": 0.0, ""efficientnet_b0"": 0.0, ""resnet18"": 0.084, ""resnet50"": 0.916}",0.916,2000,paired crossed split-seed
organamnist_B_cnn4_all5,170,split_01|split_03|split_06|split_07|split_08,"{""densenet121"": 0.0, ""efficientnet_b0"": 0.0, ""resnet18"": 0.4035, ""resnet50"": 0.5965}",0.5965,2000,paired crossed split-seed
organamnist_B_cnn4_all5,171,split_01|split_03|split_05|split_09|split_10,"{""densenet121"": 0.0, ""efficientnet_b0"": 0.0, ""resnet18"": 0.16, ""resnet50"": 0.84}",0.84,2000,paired crossed split-seed
organamnist_B_cnn4_all5,172,split_01|split_03|split_05|split_08|split_10,"{""densenet121"": 0.0, ""efficientnet_b0"": 0.0, ""resnet18"": 0.45, ""resnet50"": 0.55}",0.55,2000,paired crossed split-seed
organamnist_B_cnn4_all5,173,split_01|split_03|split_05|split_08|split_09,"{""densenet121"": 0.0, ""efficientnet_b0"": 0.0, ""resnet18"": 0.279, ""resnet50"": 0.721}",0.721,2000,paired crossed split-seed
organamnist_B_cnn4_all5,174,split_01|split_03|split_05|split_07|split_10,"{""densenet121"": 0.0, ""efficientnet_b0"": 0.0, ""resnet18"": 0.375, ""resnet50"": 0.625}",0.625,2000,paired crossed split-seed
organamnist_B_cnn4_all5,175,split_01|split_03|split_05|split_07|split_09,"{""densenet121"": 0.0, ""efficientnet_b0"": 0.0, ""resnet18"": 0.197, ""resnet50"": 0.803}",0.803,2000,paired crossed split-seed
organamnist_B_cnn4_all5,176,split_01|split_03|split_05|split_07|split_08,"{""densenet121"": 0.0, ""efficientnet_b0"": 0.0, ""resnet18"": 0.5855, ""resnet50"": 0.4145}",0.5855,2000,paired crossed split-seed
organamnist_B_cnn4_all5,177,split_01|split_03|split_05|split_06|split_10,"{""densenet121"": 0.0, ""efficientnet_b0"": 0.0, ""resnet18"": 0.3015, ""resnet50"": 0.6985}",0.6985,2000,paired crossed split-seed
organamnist_B_cnn4_all5,178,split_01|split_03|split_05|split_06|split_09,"{""densenet121"": 0.0, ""efficientnet_b0"": 0.0, ""resnet18"": 0.185, ""resnet50"": 0.815}",0.815,2000,paired crossed split-seed
organamnist_B_cnn4_all5,179,split_01|split_03|split_05|split_06|split_08,"{""densenet121"": 0.0, ""efficientnet_b0"": 0.0, ""resnet18"": 0.5415, ""resnet50"": 0.4585}",0.5415,2000,paired crossed split-seed
organamnist_B_cnn4_all5,180,split_01|split_03|split_05|split_06|split_07,"{""densenet121"": 0.0, ""efficientnet_b0"": 0.0, ""resnet18"": 0.44, ""resnet50"": 0.56}",0.56,2000,paired crossed split-seed
organamnist_B_cnn4_all5,181,split_01|split_03|split_04|split_09|split_10,"{""densenet121"": 0.0, ""efficientnet_b0"": 0.0, ""resnet18"": 0.134, ""resnet50"": 0.866}",0.866,2000,paired crossed split-seed
organamnist_B_cnn4_all5,182,split_01|split_03|split_04|split_08|split_10,"{""densenet121"": 0.0, ""efficientnet_b0"": 0.0, ""resnet18"": 0.35, ""resnet50"": 0.65}",0.65,2000,paired crossed split-seed
organamnist_B_cnn4_all5,183,split_01|split_03|split_04|split_08|split_09,"{""densenet121"": 0.0, ""efficientnet_b0"": 0.0, ""resnet18"": 0.2225, ""resnet50"": 0.7775}",0.7775,2000,paired crossed split-seed
organamnist_B_cnn4_all5,184,split_01|split_03|split_04|split_07|split_10,"{""densenet121"": 0.0, ""efficientnet_b0"": 0.0, ""resnet18"": 0.2645, ""resnet50"": 0.7355}",0.7355,2000,paired crossed split-seed
organamnist_B_cnn4_all5,185,split_01|split_03|split_04|split_07|split_09,"{""densenet121"": 0.0, ""efficientnet_b0"": 0.0, ""resnet18"": 0.144, ""resnet50"": 0.856}",0.856,2000,paired crossed split-seed
organamnist_B_cnn4_all5,186,split_01|split_03|split_04|split_07|split_08,"{""densenet121"": 0.0, ""efficientnet_b0"": 0.0, ""resnet18"": 0.4655, ""resnet50"": 0.5345}",0.5345,2000,paired crossed split-seed
organamnist_B_cnn4_all5,187,split_01|split_03|split_04|split_06|split_10,"{""densenet121"": 0.0, ""efficientnet_b0"": 0.0, ""resnet18"": 0.213, ""resnet50"": 0.787}",0.787,2000,paired crossed split-seed
organamnist_B_cnn4_all5,188,split_01|split_03|split_04|split_06|split_09,"{""densenet121"": 0.0, ""efficientnet_b0"": 0.0, ""resnet18"": 0.1305, ""resnet50"": 0.8695}",0.8695,2000,paired crossed split-seed
organamnist_B_cnn4_all5,189,split_01|split_03|split_04|split_06|split_08,"{""densenet121"": 0.0, ""efficientnet_b0"": 0.0, ""resnet18"": 0.3915, ""resnet50"": 0.6085}",0.6085,2000,paired crossed split-seed
organamnist_B_cnn4_all5,190,split_01|split_03|split_04|split_06|split_07,"{""densenet121"": 0.0, ""efficientnet_b0"": 0.0, ""resnet18"": 0.2955, ""resnet50"": 0.7045}",0.7045,2000,paired crossed split-seed
organamnist_B_cnn4_all5,191,split_01|split_03|split_04|split_05|split_10,"{""densenet121"": 0.0, ""efficientnet_b0"": 0.0, ""resnet18"": 0.411, ""resnet50"": 0.589}",0.589,2000,paired crossed split-seed
organamnist_B_cnn4_all5,192,split_01|split_03|split_04|split_05|split_09,"{""densenet121"": 0.0, ""efficientnet_b0"": 0.0, ""resnet18"": 0.2205, ""resnet50"": 0.7795}",0.7795,2000,paired crossed split-seed
organamnist_B_cnn4_all5,193,split_01|split_03|split_04|split_05|split_08,"{""densenet121"": 0.0, ""efficientnet_b0"": 0.0, ""resnet18"": 0.6285, ""resnet50"": 0.3715}",0.6285,2000,paired crossed split-seed
organamnist_B_cnn4_all5,194,split_01|split_03|split_04|split_05|split_07,"{""densenet121"": 0.0, ""efficientnet_b0"": 0.0, ""resnet18"": 0.507, ""resnet50"": 0.493}",0.507,2000,paired crossed split-seed
organamnist_B_cnn4_all5,195,split_01|split_03|split_04|split_05|split_06,"{""densenet121"": 0.0, ""efficientnet_b0"": 0.0, ""resnet18"": 0.467, ""resnet50"": 0.533}",0.533,2000,paired crossed split-seed
organamnist_B_cnn4_all5,196,split_01|split_02|split_08|split_09|split_10,"{""densenet121"": 0.0, ""efficientnet_b0"": 0.0, ""resnet18"": 0.1845, ""resnet50"": 0.8155}",0.8155,2000,paired crossed split-seed
organamnist_B_cnn4_all5,197,split_01|split_02|split_07|split_09|split_10,"{""densenet121"": 0.0, ""efficientnet_b0"": 0.0, ""resnet18"": 0.1015, ""resnet50"": 0.8985}",0.8985,2000,paired crossed split-seed
organamnist_B_cnn4_all5,198,split_01|split_02|split_07|split_08|split_10,"{""densenet121"": 0.0, ""efficientnet_b0"": 0.0, ""resnet18"": 0.4345, ""resnet50"": 0.5655}",0.5655,2000,paired crossed split-seed
organamnist_B_cnn4_all5,199,split_01|split_02|split_07|split_08|split_09,"{""densenet121"": 0.0, ""efficientnet_b0"": 0.0, ""resnet18"": 0.245, ""resnet50"": 0.755}",0.755,2000,paired crossed split-seed
organamnist_B_cnn4_all5,200,split_01|split_02|split_06|split_09|split_10,"{""densenet121"": 0.0, ""efficientnet_b0"": 0.0, ""resnet18"": 0.0815, ""resnet50"": 0.9185}",0.9185,2000,paired crossed split-seed
organamnist_B_cnn4_all5,201,split_01|split_02|split_06|split_08|split_10,"{""densenet121"": 0.0, ""efficientnet_b0"": 0.0, ""resnet18"": 0.312, ""resnet50"": 0.688}",0.688,2000,paired crossed split-seed
organamnist_B_cnn4_all5,202,split_01|split_02|split_06|split_08|split_09,"{""densenet121"": 0.0, ""efficientnet_b0"": 0.0, ""resnet18"": 0.2045, ""resnet50"": 0.7955}",0.7955,2000,paired crossed split-seed
organamnist_B_cnn4_all5,203,split_01|split_02|split_06|split_07|split_10,"{""densenet121"": 0.0, ""efficientnet_b0"": 0.0, ""resnet18"": 0.2355, ""resnet50"": 0.7645}",0.7645,2000,paired crossed split-seed
organamnist_B_cnn4_all5,204,split_01|split_02|split_06|split_07|split_09,"{""densenet121"": 0.0, ""efficientnet_b0"": 0.0, ""resnet18"": 0.131, ""resnet50"": 0.869}",0.869,2000,paired crossed split-seed
organamnist_B_cnn4_all5,205,split_01|split_02|split_06|split_07|split_08,"{""densenet121"": 0.0, ""efficientnet_b0"": 0.0, ""resnet18"": 0.484, ""resnet50"": 0.516}",0.484,2000,paired crossed split-seed
organamnist_B_cnn4_all5,206,split_01|split_02|split_05|split_09|split_10,"{""densenet121"": 0.0, ""efficientnet_b0"": 0.0, ""resnet18"": 0.203, ""resnet50"": 0.797}",0.797,2000,paired crossed split-seed
organamnist_B_cnn4_all5,207,split_01|split_02|split_05|split_08|split_10,"{""densenet121"": 0.0, ""efficientnet_b0"": 0.0, ""resnet18"": 0.547, ""resnet50"": 0.453}",0.547,2000,paired crossed split-seed
organamnist_B_cnn4_all5,208,split_01|split_02|split_05|split_08|split_09,"{""densenet121"": 0.0, ""efficientnet_b0"": 0.0, ""resnet18"": 0.3425, ""resnet50"": 0.6575}",0.6575,2000,paired crossed split-seed
organamnist_B_cnn4_all5,209,split_01|split_02|split_05|split_07|split_10,"{""densenet121"": 0.0, ""efficientnet_b0"": 0.0, ""resnet18"": 0.459, ""resnet50"": 0.541}",0.541,2000,paired crossed split-seed
organamnist_B_cnn4_all5,210,split_01|split_02|split_05|split_07|split_09,"{""densenet121"": 0.0, ""efficientnet_b0"": 0.0, ""resnet18"": 0.248, ""resnet50"": 0.752}",0.752,2000,paired crossed split-seed
organamnist_B_cnn4_all5,211,split_01|split_02|split_05|split_07|split_08,"{""densenet121"": 0.0, ""efficientnet_b0"": 0.0, ""resnet18"": 0.7185, ""resnet50"": 0.2815}",0.7185,2000,paired crossed split-seed
organamnist_B_cnn4_all5,212,split_01|split_02|split_05|split_06|split_10,"{""densenet121"": 0.0, ""efficientnet_b0"": 0.0, ""resnet18"": 0.393, ""resnet50"": 0.607}",0.607,2000,paired crossed split-seed
organamnist_B_cnn4_all5,213,split_01|split_02|split_05|split_06|split_09,"{""densenet121"": 0.0, ""efficientnet_b0"": 0.0, ""resnet18"": 0.2375, ""resnet50"": 0.7625}",0.7625,2000,paired crossed split-seed
organamnist_B_cnn4_all5,214,split_01|split_02|split_05|split_06|split_08,"{""densenet121"": 0.0, ""efficientnet_b0"": 0.0, ""resnet18"": 0.596, ""resnet50"": 0.404}",0.596,2000,paired crossed split-seed
organamnist_B_cnn4_all5,215,split_01|split_02|split_05|split_06|split_07,"{""densenet121"": 0.0, ""efficientnet_b0"": 0.0, ""resnet18"": 0.4955, ""resnet50"": 0.5045}",0.4955,2000,paired crossed split-seed
organamnist_B_cnn4_all5,216,split_01|split_02|split_04|split_09|split_10,"{""densenet121"": 0.0, ""efficientnet_b0"": 0.0, ""resnet18"": 0.156, ""resnet50"": 0.844}",0.844,2000,paired crossed split-seed
organamnist_B_cnn4_all5,217,split_01|split_02|split_04|split_08|split_10,"{""densenet121"": 0.0, ""efficientnet_b0"": 0.0, ""resnet18"": 0.462, ""resnet50"": 0.538}",0.538,2000,paired crossed split-seed
organamnist_B_cnn4_all5,218,split_01|split_02|split_04|split_08|split_09,"{""densenet121"": 0.0, ""efficientnet_b0"": 0.0, ""resnet18"": 0.279, ""resnet50"": 0.721}",0.721,2000,paired crossed split-seed
organamnist_B_cnn4_all5,219,split_01|split_02|split_04|split_07|split_10,"{""densenet121"": 0.0, ""efficientnet_b0"": 0.0, ""resnet18"": 0.362, ""resnet50"": 0.638}",0.638,2000,paired crossed split-seed
organamnist_B_cnn4_all5,220,split_01|split_02|split_04|split_07|split_09,"{""densenet121"": 0.0, ""efficientnet_b0"": 0.0, ""resnet18"": 0.2055, ""resnet50"": 0.7945}",0.7945,2000,paired crossed split-seed
organamnist_B_cnn4_all5,221,split_01|split_02|split_04|split_07|split_08,"{""densenet121"": 0.0, ""efficientnet_b0"": 0.0, ""resnet18"": 0.5635, ""resnet50"": 0.4365}",0.5635,2000,paired crossed split-seed
organamnist_B_cnn4_all5,222,split_01|split_02|split_04|split_06|split_10,"{""densenet121"": 0.0, ""efficientnet_b0"": 0.0, ""resnet18"": 0.2645, ""resnet50"": 0.7355}",0.7355,2000,paired crossed split-seed
organamnist_B_cnn4_all5,223,split_01|split_02|split_04|split_06|split_09,"{""densenet121"": 0.0, ""efficientnet_b0"": 0.0, ""resnet18"": 0.1815, ""resnet50"": 0.8185}",0.8185,2000,paired crossed split-seed
organamnist_B_cnn4_all5,224,split_01|split_02|split_04|split_06|split_08,"{""densenet121"": 0.0, ""efficientnet_b0"": 0.0, ""resnet18"": 0.499, ""resnet50"": 0.501}",0.499,2000,paired crossed split-seed
organamnist_B_cnn4_all5,225,split_01|split_02|split_04|split_06|split_07,"{""densenet121"": 0.0, ""efficientnet_b0"": 0.0, ""resnet18"": 0.359, ""resnet50"": 0.641}",0.641,2000,paired crossed split-seed
organamnist_B_cnn4_all5,226,split_01|split_02|split_04|split_05|split_10,"{""densenet121"": 0.0, ""efficientnet_b0"": 0.0, ""resnet18"": 0.4615, ""resnet50"": 0.5385}",0.5385,2000,paired crossed split-seed
organamnist_B_cnn4_all5,227,split_01|split_02|split_04|split_05|split_09,"{""densenet121"": 0.0, ""efficientnet_b0"": 0.0, ""resnet18"": 0.282, ""resnet50"": 0.718}",0.718,2000,paired crossed split-seed
organamnist_B_cnn4_all5,228,split_01|split_02|split_04|split_05|split_08,"{""densenet121"": 0.0, ""efficientnet_b0"": 0.0, ""resnet18"": 0.7155, ""resnet50"": 0.2845}",0.7155,2000,paired crossed split-seed
organamnist_B_cnn4_all5,229,split_01|split_02|split_04|split_05|split_07,"{""densenet121"": 0.0, ""efficientnet_b0"": 0.0, ""resnet18"": 0.6335, ""resnet50"": 0.3665}",0.6335,2000,paired crossed split-seed
organamnist_B_cnn4_all5,230,split_01|split_02|split_04|split_05|split_06,"{""densenet121"": 0.0, ""efficientnet_b0"": 0.0, ""resnet18"": 0.5545, ""resnet50"": 0.4455}",0.5545,2000,paired crossed split-seed
organamnist_B_cnn4_all5,231,split_01|split_02|split_03|split_09|split_10,"{""densenet121"": 0.0, ""efficientnet_b0"": 0.0, ""resnet18"": 0.0835, ""resnet50"": 0.9165}",0.9165,2000,paired crossed split-seed
organamnist_B_cnn4_all5,232,split_01|split_02|split_03|split_08|split_10,"{""densenet121"": 0.0, ""efficientnet_b0"": 0.0, ""resnet18"": 0.3005, ""resnet50"": 0.6995}",0.6995,2000,paired crossed split-seed
organamnist_B_cnn4_all5,233,split_01|split_02|split_03|split_08|split_09,"{""densenet121"": 0.0, ""efficientnet_b0"": 0.0, ""resnet18"": 0.1475, ""resnet50"": 0.8525}",0.8525,2000,paired crossed split-seed
organamnist_B_cnn4_all5,234,split_01|split_02|split_03|split_07|split_10,"{""densenet121"": 0.0, ""efficientnet_b0"": 0.0, ""resnet18"": 0.2445, ""resnet50"": 0.7555}",0.7555,2000,paired crossed split-seed
organamnist_B_cnn4_all5,235,split_01|split_02|split_03|split_07|split_09,"{""densenet121"": 0.0, ""efficientnet_b0"": 0.0, ""resnet18"": 0.0925, ""resnet50"": 0.9075}",0.9075,2000,paired crossed split-seed
organamnist_B_cnn4_all5,236,split_01|split_02|split_03|split_07|split_08,"{""densenet121"": 0.0, ""efficientnet_b0"": 0.0, ""resnet18"": 0.4035, ""resnet50"": 0.5965}",0.5965,2000,paired crossed split-seed
organamnist_B_cnn4_all5,237,split_01|split_02|split_03|split_06|split_10,"{""densenet121"": 0.0, ""efficientnet_b0"": 0.0, ""resnet18"": 0.153, ""resnet50"": 0.847}",0.847,2000,paired crossed split-seed
organamnist_B_cnn4_all5,238,split_01|split_02|split_03|split_06|split_09,"{""densenet121"": 0.0, ""efficientnet_b0"": 0.0, ""resnet18"": 0.0685, ""resnet50"": 0.9315}",0.9315,2000,paired crossed split-seed
organamnist_B_cnn4_all5,239,split_01|split_02|split_03|split_06|split_08,"{""densenet121"": 0.0, ""efficientnet_b0"": 0.0, ""resnet18"": 0.3565, ""resnet50"": 0.6435}",0.6435,2000,paired crossed split-seed
organamnist_B_cnn4_all5,240,split_01|split_02|split_03|split_06|split_07,"{""densenet121"": 0.0, ""efficientnet_b0"": 0.0, ""resnet18"": 0.2175, ""resnet50"": 0.7825}",0.7825,2000,paired crossed split-seed
organamnist_B_cnn4_all5,241,split_01|split_02|split_03|split_05|split_10,"{""densenet121"": 0.0, ""efficientnet_b0"": 0.0, ""resnet18"": 0.3635, ""resnet50"": 0.6365}",0.6365,2000,paired crossed split-seed
organamnist_B_cnn4_all5,242,split_01|split_02|split_03|split_05|split_09,"{""densenet121"": 0.0, ""efficientnet_b0"": 0.0, ""resnet18"": 0.1955, ""resnet50"": 0.8045}",0.8045,2000,paired crossed split-seed
organamnist_B_cnn4_all5,243,split_01|split_02|split_03|split_05|split_08,"{""densenet121"": 0.0, ""efficientnet_b0"": 0.0, ""resnet18"": 0.5515, ""resnet50"": 0.4485}",0.5515,2000,paired crossed split-seed
organamnist_B_cnn4_all5,244,split_01|split_02|split_03|split_05|split_07,"{""densenet121"": 0.0, ""efficientnet_b0"": 0.0, ""resnet18"": 0.4655, ""resnet50"": 0.5345}",0.5345,2000,paired crossed split-seed
organamnist_B_cnn4_all5,245,split_01|split_02|split_03|split_05|split_06,"{""densenet121"": 0.0, ""efficientnet_b0"": 0.0, ""resnet18"": 0.39, ""resnet50"": 0.61}",0.61,2000,paired crossed split-seed
organamnist_B_cnn4_all5,246,split_01|split_02|split_03|split_04|split_10,"{""densenet121"": 0.0, ""efficientnet_b0"": 0.0, ""resnet18"": 0.281, ""resnet50"": 0.719}",0.719,2000,paired crossed split-seed
organamnist_B_cnn4_all5,247,split_01|split_02|split_03|split_04|split_09,"{""densenet121"": 0.0, ""efficientnet_b0"": 0.0, ""resnet18"": 0.1395, ""resnet50"": 0.8605}",0.8605,2000,paired crossed split-seed
organamnist_B_cnn4_all5,248,split_01|split_02|split_03|split_04|split_08,"{""densenet121"": 0.0, ""efficientnet_b0"": 0.0, ""resnet18"": 0.4305, ""resnet50"": 0.5695}",0.5695,2000,paired crossed split-seed
organamnist_B_cnn4_all5,249,split_01|split_02|split_03|split_04|split_07,"{""densenet121"": 0.0, ""efficientnet_b0"": 0.0, ""resnet18"": 0.3405, ""resnet50"": 0.6595}",0.6595,2000,paired crossed split-seed
organamnist_B_cnn4_all5,250,split_01|split_02|split_03|split_04|split_06,"{""densenet121"": 0.0, ""efficientnet_b0"": 0.0, ""resnet18"": 0.2685, ""resnet50"": 0.7315}",0.7315,2000,paired crossed split-seed
organamnist_B_cnn4_all5,251,split_01|split_02|split_03|split_04|split_05,"{""densenet121"": 0.0, ""efficientnet_b0"": 0.0, ""resnet18"": 0.492, ""resnet50"": 0.508}",0.508,2000,paired crossed split-seed
organamnist_B_cnn4_common3,0,split_06|split_07|split_08|split_09|split_10,"{""densenet121"": 0.0, ""efficientnet_b0"": 0.0, ""resnet18"": 0.2905, ""resnet50"": 0.7095}",0.7095,2000,paired crossed split-seed
organamnist_B_cnn4_common3,1,split_05|split_07|split_08|split_09|split_10,"{""densenet121"": 0.0, ""efficientnet_b0"": 0.0, ""resnet18"": 0.397, ""resnet50"": 0.603}",0.603,2000,paired crossed split-seed
organamnist_B_cnn4_common3,2,split_05|split_06|split_08|split_09|split_10,"{""densenet121"": 0.0, ""efficientnet_b0"": 0.0, ""resnet18"": 0.448, ""resnet50"": 0.552}",0.552,2000,paired crossed split-seed
organamnist_B_cnn4_common3,3,split_05|split_06|split_07|split_09|split_10,"{""densenet121"": 0.0, ""efficientnet_b0"": 0.0, ""resnet18"": 0.2245, ""resnet50"": 0.7755}",0.7755,2000,paired crossed split-seed
organamnist_B_cnn4_common3,4,split_05|split_06|split_07|split_08|split_10,"{""densenet121"": 0.0, ""efficientnet_b0"": 0.0, ""resnet18"": 0.6515, ""resnet50"": 0.3485}",0.6515,2000,paired crossed split-seed
organamnist_B_cnn4_common3,5,split_05|split_06|split_07|split_08|split_09,"{""densenet121"": 0.0, ""efficientnet_b0"": 0.0, ""resnet18"": 0.593, ""resnet50"": 0.407}",0.593,2000,paired crossed split-seed
organamnist_B_cnn4_common3,6,split_04|split_07|split_08|split_09|split_10,"{""densenet121"": 0.0, ""efficientnet_b0"": 0.0, ""resnet18"": 0.2065, ""resnet50"": 0.7935}",0.7935,2000,paired crossed split-seed
organamnist_B_cnn4_common3,7,split_04|split_06|split_08|split_09|split_10,"{""densenet121"": 0.0, ""efficientnet_b0"": 0.0, ""resnet18"": 0.2725, ""resnet50"": 0.7275}",0.7275,2000,paired crossed split-seed
organamnist_B_cnn4_common3,8,split_04|split_06|split_07|split_09|split_10,"{""densenet121"": 0.0, ""efficientnet_b0"": 0.0, ""resnet18"": 0.061, ""resnet50"": 0.939}",0.939,2000,paired crossed split-seed
organamnist_B_cnn4_common3,9,split_04|split_06|split_07|split_08|split_10,"{""densenet121"": 0.0, ""efficientnet_b0"": 0.0, ""resnet18"": 0.407, ""resnet50"": 0.593}",0.593,2000,paired crossed split-seed
organamnist_B_cnn4_common3,10,split_04|split_06|split_07|split_08|split_09,"{""densenet121"": 0.0, ""efficientnet_b0"": 0.0, ""resnet18"": 0.3555, ""resnet50"": 0.6445}",0.6445,2000,paired crossed split-seed
organamnist_B_cnn4_common3,11,split_04|split_05|split_08|split_09|split_10,"{""densenet121"": 0.0, ""efficientnet_b0"": 0.0, ""resnet18"": 0.3605, ""resnet50"": 0.6395}",0.6395,2000,paired crossed split-seed
organamnist_B_cnn4_common3,12,split_04|split_05|split_07|split_09|split_10,"{""densenet121"": 0.0, ""efficientnet_b0"": 0.0, ""resnet18"": 0.1315, ""resnet50"": 0.8685}",0.8685,2000,paired crossed split-seed
organamnist_B_cnn4_common3,13,split_04|split_05|split_07|split_08|split_10,"{""densenet121"": 0.0, ""efficientnet_b0"": 0.0, ""resnet18"": 0.523, ""resnet50"": 0.477}",0.523,2000,paired crossed split-seed
organamnist_B_cnn4_common3,14,split_04|split_05|split_07|split_08|split_09,"{""densenet121"": 0.0, ""efficientnet_b0"": 0.0, ""resnet18"": 0.4915, ""resnet50"": 0.5085}",0.5085,2000,paired crossed split-seed
organamnist_B_cnn4_common3,15,split_04|split_05|split_06|split_09|split_10,"{""densenet121"": 0.0, ""efficientnet_b0"": 0.0, ""resnet18"": 0.1855, ""resnet50"": 0.8145}",0.8145,2000,paired crossed split-seed
organamnist_B_cnn4_common3,16,split_04|split_05|split_06|split_08|split_10,"{""densenet121"": 0.0, ""efficientnet_b0"": 0.0, ""resnet18"": 0.613, ""resnet50"": 0.387}",0.613,2000,paired crossed split-seed
organamnist_B_cnn4_common3,17,split_04|split_05|split_06|split_08|split_09,"{""densenet121"": 0.0, ""efficientnet_b0"": 0.0, ""resnet18"": 0.5645, ""resnet50"": 0.4355}",0.5645,2000,paired crossed split-seed
organamnist_B_cnn4_common3,18,split_04|split_05|split_06|split_07|split_10,"{""densenet121"": 0.0, ""efficientnet_b0"": 0.0, ""resnet18"": 0.3245, ""resnet50"": 0.6755}",0.6755,2000,paired crossed split-seed
organamnist_B_cnn4_common3,19,split_04|split_05|split_06|split_07|split_09,"{""densenet121"": 0.0, ""efficientnet_b0"": 0.0, ""resnet18"": 0.301, ""resnet50"": 0.699}",0.699,2000,paired crossed split-seed
organamnist_B_cnn4_common3,20,split_04|split_05|split_06|split_07|split_08,"{""densenet121"": 0.0, ""efficientnet_b0"": 0.0, ""resnet18"": 0.793, ""resnet50"": 0.207}",0.793,2000,paired crossed split-seed
organamnist_B_cnn4_common3,21,split_03|split_07|split_08|split_09|split_10,"{""densenet121"": 0.0, ""efficientnet_b0"": 0.0, ""resnet18"": 0.1705, ""resnet50"": 0.8295}",0.8295,2000,paired crossed split-seed
organamnist_B_cnn4_common3,22,split_03|split_06|split_08|split_09|split_10,"{""densenet121"": 0.0, ""efficientnet_b0"": 0.0, ""resnet18"": 0.225, ""resnet50"": 0.775}",0.775,2000,paired crossed split-seed
organamnist_B_cnn4_common3,23,split_03|split_06|split_07|split_09|split_10,"{""densenet121"": 0.0, ""efficientnet_b0"": 0.0, ""resnet18"": 0.055, ""resnet50"": 0.945}",0.945,2000,paired crossed split-seed
organamnist_B_cnn4_common3,24,split_03|split_06|split_07|split_08|split_10,"{""densenet121"": 0.0, ""efficientnet_b0"": 0.0, ""resnet18"": 0.3615, ""resnet50"": 0.6385}",0.6385,2000,paired crossed split-seed
organamnist_B_cnn4_common3,25,split_03|split_06|split_07|split_08|split_09,"{""densenet121"": 0.0, ""efficientnet_b0"": 0.0, ""resnet18"": 0.309, ""resnet50"": 0.691}",0.691,2000,paired crossed split-seed
organamnist_B_cnn4_common3,26,split_03|split_05|split_08|split_09|split_10,"{""densenet121"": 0.0, ""efficientnet_b0"": 0.0, ""resnet18"": 0.3295, ""resnet50"": 0.6705}",0.6705,2000,paired crossed split-seed
organamnist_B_cnn4_common3,27,split_03|split_05|split_07|split_09|split_10,"{""densenet121"": 0.0, ""efficientnet_b0"": 0.0, ""resnet18"": 0.0955, ""resnet50"": 0.9045}",0.9045,2000,paired crossed split-seed
organamnist_B_cnn4_common3,28,split_03|split_05|split_07|split_08|split_10,"{""densenet121"": 0.0, ""efficientnet_b0"": 0.0, ""resnet18"": 0.475, ""resnet50"": 0.525}",0.525,2000,paired crossed split-seed
organamnist_B_cnn4_common3,29,split_03|split_05|split_07|split_08|split_09,"{""densenet121"": 0.0, ""efficientnet_b0"": 0.0, ""resnet18"": 0.436, ""resnet50"": 0.564}",0.564,2000,paired crossed split-seed
organamnist_B_cnn4_common3,30,split_03|split_05|split_06|split_09|split_10,"{""densenet121"": 0.0, ""efficientnet_b0"": 0.0, ""resnet18"": 0.1805, ""resnet50"": 0.8195}",0.8195,2000,paired crossed split-seed
organamnist_B_cnn4_common3,31,split_03|split_05|split_06|split_08|split_10,"{""densenet121"": 0.0, ""efficientnet_b0"": 0.0, ""resnet18"": 0.5965, ""resnet50"": 0.4035}",0.5965,2000,paired crossed split-seed
organamnist_B_cnn4_common3,32,split_03|split_05|split_06|split_08|split_09,"{""densenet121"": 0.0, ""efficientnet_b0"": 0.0, ""resnet18"": 0.548, ""resnet50"": 0.452}",0.548,2000,paired crossed split-seed
organamnist_B_cnn4_common3,33,split_03|split_05|split_06|split_07|split_10,"{""densenet121"": 0.0, ""efficientnet_b0"": 0.0, ""resnet18"": 0.283, ""resnet50"": 0.717}",0.717,2000,paired crossed split-seed
organamnist_B_cnn4_common3,34,split_03|split_05|split_06|split_07|split_09,"{""densenet121"": 0.0, ""efficientnet_b0"": 0.0, ""resnet18"": 0.286, ""resnet50"": 0.714}",0.714,2000,paired crossed split-seed
organamnist_B_cnn4_common3,35,split_03|split_05|split_06|split_07|split_08,"{""densenet121"": 0.0, ""efficientnet_b0"": 0.0, ""resnet18"": 0.7725, ""resnet50"": 0.2275}",0.7725,2000,paired crossed split-seed
organamnist_B_cnn4_common3,36,split_03|split_04|split_08|split_09|split_10,"{""densenet121"": 0.0, ""efficientnet_b0"": 0.0, ""resnet18"": 0.147, ""resnet50"": 0.853}",0.853,2000,paired crossed split-seed
organamnist_B_cnn4_common3,37,split_03|split_04|split_07|split_09|split_10,"{""densenet121"": 0.0, ""efficientnet_b0"": 0.0, ""resnet18"": 0.013, ""resnet50"": 0.987}",0.987,2000,paired crossed split-seed
organamnist_B_cnn4_common3,38,split_03|split_04|split_07|split_08|split_10,"{""densenet121"": 0.0, ""efficientnet_b0"": 0.0, ""resnet18"": 0.2525, ""resnet50"": 0.7475}",0.7475,2000,paired crossed split-seed
organamnist_B_cnn4_common3,39,split_03|split_04|split_07|split_08|split_09,"{""densenet121"": 0.0, ""efficientnet_b0"": 0.0, ""resnet18"": 0.2005, ""resnet50"": 0.7995}",0.7995,2000,paired crossed split-seed
organamnist_B_cnn4_common3,40,split_03|split_04|split_06|split_09|split_10,"{""densenet121"": 0.0, ""efficientnet_b0"": 0.0, ""resnet18"": 0.033, ""resnet50"": 0.967}",0.967,2000,paired crossed split-seed
organamnist_B_cnn4_common3,41,split_03|split_04|split_06|split_08|split_10,"{""densenet121"": 0.0, ""efficientnet_b0"": 0.0, ""resnet18"": 0.3175, ""resnet50"": 0.6825}",0.6825,2000,paired crossed split-seed
organamnist_B_cnn4_common3,42,split_03|split_04|split_06|split_08|split_09,"{""densenet121"": 0.0, ""efficientnet_b0"": 0.0, ""resnet18"": 0.2945, ""resnet50"": 0.7055}",0.7055,2000,paired crossed split-seed
organamnist_B_cnn4_common3,43,split_03|split_04|split_06|split_07|split_10,"{""densenet121"": 0.0, ""efficientnet_b0"": 0.0, ""resnet18"": 0.081, ""resnet50"": 0.919}",0.919,2000,paired crossed split-seed
organamnist_B_cnn4_common3,44,split_03|split_04|split_06|split_07|split_09,"{""densenet121"": 0.0, ""efficientnet_b0"": 0.0, ""resnet18"": 0.0485, ""resnet50"": 0.9515}",0.9515,2000,paired crossed split-seed
organamnist_B_cnn4_common3,45,split_03|split_04|split_06|split_07|split_08,"{""densenet121"": 0.0, ""efficientnet_b0"": 0.0, ""resnet18"": 0.4675, ""resnet50"": 0.5325}",0.4675,2000,paired crossed split-seed
organamnist_B_cnn4_common3,46,split_03|split_04|split_05|split_09|split_10,"{""densenet121"": 0.0, ""efficientnet_b0"": 0.0, ""resnet18"": 0.0935, ""resnet50"": 0.9065}",0.9065,2000,paired crossed split-seed
organamnist_B_cnn4_common3,47,split_03|split_04|split_05|split_08|split_10,"{""densenet121"": 0.0, ""efficientnet_b0"": 0.0, ""resnet18"": 0.445, ""resnet50"": 0.555}",0.555,2000,paired crossed split-seed
organamnist_B_cnn4_common3,48,split_03|split_04|split_05|split_08|split_09,"{""densenet121"": 0.0, ""efficientnet_b0"": 0.0, ""resnet18"": 0.398, ""resnet50"": 0.602}",0.602,2000,paired crossed split-seed
organamnist_B_cnn4_common3,49,split_03|split_04|split_05|split_07|split_10,"{""densenet121"": 0.0, ""efficientnet_b0"": 0.0, ""resnet18"": 0.1505, ""resnet50"": 0.8495}",0.8495,2000,paired crossed split-seed
organamnist_B_cnn4_common3,50,split_03|split_04|split_05|split_07|split_09,"{""densenet121"": 0.0, ""efficientnet_b0"": 0.0, ""resnet18"": 0.129, ""resnet50"": 0.871}",0.871,2000,paired crossed split-seed
organamnist_B_cnn4_common3,51,split_03|split_04|split_05|split_07|split_08,"{""densenet121"": 0.0, ""efficientnet_b0"": 0.0, ""resnet18"": 0.629, ""resnet50"": 0.371}",0.629,2000,paired crossed split-seed
organamnist_B_cnn4_common3,52,split_03|split_04|split_05|split_06|split_10,"{""densenet121"": 0.0, ""efficientnet_b0"": 0.0, ""resnet18"": 0.263, ""resnet50"": 0.737}",0.737,2000,paired crossed split-seed
organamnist_B_cnn4_common3,53,split_03|split_04|split_05|split_06|split_09,"{""densenet121"": 0.0, ""efficientnet_b0"": 0.0, ""resnet18"": 0.232, ""resnet50"": 0.768}",0.768,2000,paired crossed split-seed
organamnist_B_cnn4_common3,54,split_03|split_04|split_05|split_06|split_08,"{""densenet121"": 0.0, ""efficientnet_b0"": 0.0, ""resnet18"": 0.709, ""resnet50"": 0.291}",0.709,2000,paired crossed split-seed
organamnist_B_cnn4_common3,55,split_03|split_04|split_05|split_06|split_07,"{""densenet121"": 0.0, ""efficientnet_b0"": 0.0, ""resnet18"": 0.3895, ""resnet50"": 0.6105}",0.6105,2000,paired crossed split-seed
organamnist_B_cnn4_common3,56,split_02|split_07|split_08|split_09|split_10,"{""densenet121"": 0.0, ""efficientnet_b0"": 0.0, ""resnet18"": 0.2095, ""resnet50"": 0.7905}",0.7905,2000,paired crossed split-seed
organamnist_B_cnn4_common3,57,split_02|split_06|split_08|split_09|split_10,"{""densenet121"": 0.0, ""efficientnet_b0"": 0.0, ""resnet18"": 0.277, ""resnet50"": 0.723}",0.723,2000,paired crossed split-seed
organamnist_B_cnn4_common3,58,split_02|split_06|split_07|split_09|split_10,"{""densenet121"": 0.0, ""efficientnet_b0"": 0.0, ""resnet18"": 0.0575, ""resnet50"": 0.9425}",0.9425,2000,paired crossed split-seed
organamnist_B_cnn4_common3,59,split_02|split_06|split_07|split_08|split_10,"{""densenet121"": 0.0, ""efficientnet_b0"": 0.0, ""resnet18"": 0.413, ""resnet50"": 0.587}",0.587,2000,paired crossed split-seed
organamnist_B_cnn4_common3,60,split_02|split_06|split_07|split_08|split_09,"{""densenet121"": 0.0, ""efficientnet_b0"": 0.0, ""resnet18"": 0.383, ""resnet50"": 0.617}",0.617,2000,paired crossed split-seed
organamnist_B_cnn4_common3,61,split_02|split_05|split_08|split_09|split_10,"{""densenet121"": 0.0, ""efficientnet_b0"": 0.0, ""resnet18"": 0.366, ""resnet50"": 0.634}",0.634,2000,paired crossed split-seed
organamnist_B_cnn4_common3,62,split_02|split_05|split_07|split_09|split_10,"{""densenet121"": 0.0, ""efficientnet_b0"": 0.0, ""resnet18"": 0.1255, ""resnet50"": 0.8745}",0.8745,2000,paired crossed split-seed
organamnist_B_cnn4_common3,63,split_02|split_05|split_07|split_08|split_10,"{""densenet121"": 0.0, ""efficientnet_b0"": 0.0, ""resnet18"": 0.5535, ""resnet50"": 0.4465}",0.5535,2000,paired crossed split-seed
organamnist_B_cnn4_common3,64,split_02|split_05|split_07|split_08|split_09,"{""densenet121"": 0.0, ""efficientnet_b0"": 0.0, ""resnet18"": 0.475, ""resnet50"": 0.525}",0.525,2000,paired crossed split-seed
organamnist_B_cnn4_common3,65,split_02|split_05|split_06|split_09|split_10,"{""densenet121"": 0.0, ""efficientnet_b0"": 0.0, ""resnet18"": 0.19, ""resnet50"": 0.81}",0.81,2000,paired crossed split-seed
organamnist_B_cnn4_common3,66,split_02|split_05|split_06|split_08|split_10,"{""densenet121"": 0.0, ""efficientnet_b0"": 0.0, ""resnet18"": 0.618, ""resnet50"": 0.382}",0.618,2000,paired crossed split-seed
organamnist_B_cnn4_common3,67,split_02|split_05|split_06|split_08|split_09,"{""densenet121"": 0.0, ""efficientnet_b0"": 0.0, ""resnet18"": 0.562, ""resnet50"": 0.438}",0.562,2000,paired crossed split-seed
organamnist_B_cnn4_common3,68,split_02|split_05|split_06|split_07|split_10,"{""densenet121"": 0.0, ""efficientnet_b0"": 0.0, ""resnet18"": 0.346, ""resnet50"": 0.654}",0.654,2000,paired crossed split-seed
organamnist_B_cnn4_common3,69,split_02|split_05|split_06|split_07|split_09,"{""densenet121"": 0.0, ""efficientnet_b0"": 0.0, ""resnet18"": 0.315, ""resnet50"": 0.685}",0.685,2000,paired crossed split-seed
organamnist_B_cnn4_common3,70,split_02|split_05|split_06|split_07|split_08,"{""densenet121"": 0.0, ""efficientnet_b0"": 0.0, ""resnet18"": 0.8275, ""resnet50"": 0.1725}",0.8275,2000,paired crossed split-seed
organamnist_B_cnn4_common3,71,split_02|split_04|split_08|split_09|split_10,"{""densenet121"": 0.0, ""efficientnet_b0"": 0.0, ""resnet18"": 0.1995, ""resnet50"": 0.8005}",0.8005,2000,paired crossed split-seed
organamnist_B_cnn4_common3,72,split_02|split_04|split_07|split_09|split_10,"{""densenet121"": 0.0, ""efficientnet_b0"": 0.0, ""resnet18"": 0.0255, ""resnet50"": 0.9745}",0.9745,2000,paired crossed split-seed
organamnist_B_cnn4_common3,73,split_02|split_04|split_07|split_08|split_10,"{""densenet121"": 0.0, ""efficientnet_b0"": 0.0, ""resnet18"": 0.291, ""resnet50"": 0.709}",0.709,2000,paired crossed split-seed
organamnist_B_cnn4_common3,74,split_02|split_04|split_07|split_08|split_09,"{""densenet121"": 0.0, ""efficientnet_b0"": 0.0, ""resnet18"": 0.2635, ""resnet50"": 0.7365}",0.7365,2000,paired crossed split-seed
organamnist_B_cnn4_common3,75,split_02|split_04|split_06|split_09|split_10,"{""densenet121"": 0.0, ""efficientnet_b0"": 0.0, ""resnet18"": 0.0435, ""resnet50"": 0.9565}",0.9565,2000,paired crossed split-seed
organamnist_B_cnn4_common3,76,split_02|split_04|split_06|split_08|split_10,"{""densenet121"": 0.0, ""efficientnet_b0"": 0.0, ""resnet18"": 0.3735, ""resnet50"": 0.6265}",0.6265,2000,paired crossed split-seed
organamnist_B_cnn4_common3,77,split_02|split_04|split_06|split_08|split_09,"{""densenet121"": 0.0, ""efficientnet_b0"": 0.0, ""resnet18"": 0.3105, ""resnet50"": 0.6895}",0.6895,2000,paired crossed split-seed
organamnist_B_cnn4_common3,78,split_02|split_04|split_06|split_07|split_10,"{""densenet121"": 0.0, ""efficientnet_b0"": 0.0, ""resnet18"": 0.092, ""resnet50"": 0.908}",0.908,2000,paired crossed split-seed
organamnist_B_cnn4_common3,79,split_02|split_04|split_06|split_07|split_09,"{""densenet121"": 0.0, ""efficientnet_b0"": 0.0, ""resnet18"": 0.078, ""resnet50"": 0.922}",0.922,2000,paired crossed split-seed
organamnist_B_cnn4_common3,80,split_02|split_04|split_06|split_07|split_08,"{""densenet121"": 0.0, ""efficientnet_b0"": 0.0, ""resnet18"": 0.498, ""resnet50"": 0.502}",0.498,2000,paired crossed split-seed
organamnist_B_cnn4_common3,81,split_02|split_04|split_05|split_09|split_10,"{""densenet121"": 0.0, ""efficientnet_b0"": 0.0, ""resnet18"": 0.1255, ""resnet50"": 0.8745}",0.8745,2000,paired crossed split-seed
organamnist_B_cnn4_common3,82,split_02|split_04|split_05|split_08|split_10,"{""densenet121"": 0.0, ""efficientnet_b0"": 0.0, ""resnet18"": 0.46, ""resnet50"": 0.54}",0.54,2000,paired crossed split-seed
organamnist_B_cnn4_common3,83,split_02|split_04|split_05|split_08|split_09,"{""densenet121"": 0.0, ""efficientnet_b0"": 0.0, ""resnet18"": 0.4275, ""resnet50"": 0.5725}",0.5725,2000,paired crossed split-seed
organamnist_B_cnn4_common3,84,split_02|split_04|split_05|split_07|split_10,"{""densenet121"": 0.0, ""efficientnet_b0"": 0.0, ""resnet18"": 0.193, ""resnet50"": 0.807}",0.807,2000,paired crossed split-seed
organamnist_B_cnn4_common3,85,split_02|split_04|split_05|split_07|split_09,"{""densenet121"": 0.0, ""efficientnet_b0"": 0.0, ""resnet18"": 0.1825, ""resnet50"": 0.8175}",0.8175,2000,paired crossed split-seed
organamnist_B_cnn4_common3,86,split_02|split_04|split_05|split_07|split_08,"{""densenet121"": 0.0, ""efficientnet_b0"": 0.0, ""resnet18"": 0.68, ""resnet50"": 0.32}",0.68,2000,paired crossed split-seed
organamnist_B_cnn4_common3,87,split_02|split_04|split_05|split_06|split_10,"{""densenet121"": 0.0, ""efficientnet_b0"": 0.0, ""resnet18"": 0.296, ""resnet50"": 0.704}",0.704,2000,paired crossed split-seed
organamnist_B_cnn4_common3,88,split_02|split_04|split_05|split_06|split_09,"{""densenet121"": 0.0, ""efficientnet_b0"": 0.0, ""resnet18"": 0.2755, ""resnet50"": 0.7245}",0.7245,2000,paired crossed split-seed
organamnist_B_cnn4_common3,89,split_02|split_04|split_05|split_06|split_08,"{""densenet121"": 0.0, ""efficientnet_b0"": 0.0, ""resnet18"": 0.7495, ""resnet50"": 0.2505}",0.7495,2000,paired crossed split-seed
organamnist_B_cnn4_common3,90,split_02|split_04|split_05|split_06|split_07,"{""densenet121"": 0.0, ""efficientnet_b0"": 0.0, ""resnet18"": 0.4555, ""resnet50"": 0.5445}",0.4555,2000,paired crossed split-seed
organamnist_B_cnn4_common3,91,split_02|split_03|split_08|split_09|split_10,"{""densenet121"": 0.0, ""efficientnet_b0"": 0.0, ""resnet18"": 0.163, ""resnet50"": 0.837}",0.837,2000,paired crossed split-seed
organamnist_B_cnn4_common3,92,split_02|split_03|split_07|split_09|split_10,"{""densenet121"": 0.0, ""efficientnet_b0"": 0.0, ""resnet18"": 0.0135, ""resnet50"": 0.9865}",0.9865,2000,paired crossed split-seed
organamnist_B_cnn4_common3,93,split_02|split_03|split_07|split_08|split_10,"{""densenet121"": 0.0, ""efficientnet_b0"": 0.0, ""resnet18"": 0.267, ""resnet50"": 0.733}",0.733,2000,paired crossed split-seed
organamnist_B_cnn4_common3,94,split_02|split_03|split_07|split_08|split_09,"{""densenet121"": 0.0, ""efficientnet_b0"": 0.0, ""resnet18"": 0.2135, ""resnet50"": 0.7865}",0.7865,2000,paired crossed split-seed
organamnist_B_cnn4_common3,95,split_02|split_03|split_06|split_09|split_10,"{""densenet121"": 0.0, ""efficientnet_b0"": 0.0, ""resnet18"": 0.0385, ""resnet50"": 0.9615}",0.9615,2000,paired crossed split-seed
organamnist_B_cnn4_common3,96,split_02|split_03|split_06|split_08|split_10,"{""densenet121"": 0.0, ""efficientnet_b0"": 0.0, ""resnet18"": 0.36, ""resnet50"": 0.64}",0.64,2000,paired crossed split-seed
organamnist_B_cnn4_common3,97,split_02|split_03|split_06|split_08|split_09,"{""densenet121"": 0.0, ""efficientnet_b0"": 0.0, ""resnet18"": 0.3125, ""resnet50"": 0.6875}",0.6875,2000,paired crossed split-seed
organamnist_B_cnn4_common3,98,split_02|split_03|split_06|split_07|split_10,"{""densenet121"": 0.0, ""efficientnet_b0"": 0.0, ""resnet18"": 0.068, ""resnet50"": 0.932}",0.932,2000,paired crossed split-seed
organamnist_B_cnn4_common3,99,split_02|split_03|split_06|split_07|split_09,"{""densenet121"": 0.0, ""efficientnet_b0"": 0.0, ""resnet18"": 0.061, ""resnet50"": 0.939}",0.939,2000,paired crossed split-seed
organamnist_B_cnn4_common3,100,split_02|split_03|split_06|split_07|split_08,"{""densenet121"": 0.0, ""efficientnet_b0"": 0.0, ""resnet18"": 0.4685, ""resnet50"": 0.5315}",0.4685,2000,paired crossed split-seed
organamnist_B_cnn4_common3,101,split_02|split_03|split_05|split_09|split_10,"{""densenet121"": 0.0, ""efficientnet_b0"": 0.0, ""resnet18"": 0.0935, ""resnet50"": 0.9065}",0.9065,2000,paired crossed split-seed
organamnist_B_cnn4_common3,102,split_02|split_03|split_05|split_08|split_10,"{""densenet121"": 0.0, ""efficientnet_b0"": 0.0, ""resnet18"": 0.44, ""resnet50"": 0.56}",0.56,2000,paired crossed split-seed
organamnist_B_cnn4_common3,103,split_02|split_03|split_05|split_08|split_09,"{""densenet121"": 0.0, ""efficientnet_b0"": 0.0, ""resnet18"": 0.4195, ""resnet50"": 0.5805}",0.5805,2000,paired crossed split-seed
organamnist_B_cnn4_common3,104,split_02|split_03|split_05|split_07|split_10,"{""densenet121"": 0.0, ""efficientnet_b0"": 0.0, ""resnet18"": 0.17, ""resnet50"": 0.83}",0.83,2000,paired crossed split-seed
organamnist_B_cnn4_common3,105,split_02|split_03|split_05|split_07|split_09,"{""densenet121"": 0.0, ""efficientnet_b0"": 0.0, ""resnet18"": 0.1485, ""resnet50"": 0.8515}",0.8515,2000,paired crossed split-seed
organamnist_B_cnn4_common3,106,split_02|split_03|split_05|split_07|split_08,"{""densenet121"": 0.0, ""efficientnet_b0"": 0.0, ""resnet18"": 0.6265, ""resnet50"": 0.3735}",0.6265,2000,paired crossed split-seed
organamnist_B_cnn4_common3,107,split_02|split_03|split_05|split_06|split_10,"{""densenet121"": 0.0, ""efficientnet_b0"": 0.0, ""resnet18"": 0.27, ""resnet50"": 0.73}",0.73,2000,paired crossed split-seed
organamnist_B_cnn4_common3,108,split_02|split_03|split_05|split_06|split_09,"{""densenet121"": 0.0, ""efficientnet_b0"": 0.0, ""resnet18"": 0.261, ""resnet50"": 0.739}",0.739,2000,paired crossed split-seed
organamnist_B_cnn4_common3,109,split_02|split_03|split_05|split_06|split_08,"{""densenet121"": 0.0, ""efficientnet_b0"": 0.0, ""resnet18"": 0.728, ""resnet50"": 0.272}",0.728,2000,paired crossed split-seed
organamnist_B_cnn4_common3,110,split_02|split_03|split_05|split_06|split_07,"{""densenet121"": 0.0, ""efficientnet_b0"": 0.0, ""resnet18"": 0.4195, ""resnet50"": 0.5805}",0.5805,2000,paired crossed split-seed
organamnist_B_cnn4_common3,111,split_02|split_03|split_04|split_09|split_10,"{""densenet121"": 0.0, ""efficientnet_b0"": 0.0, ""resnet18"": 0.0185, ""resnet50"": 0.9815}",0.9815,2000,paired crossed split-seed
organamnist_B_cnn4_common3,112,split_02|split_03|split_04|split_08|split_10,"{""densenet121"": 0.0, ""efficientnet_b0"": 0.0, ""resnet18"": 0.2295, ""resnet50"": 0.7705}",0.7705,2000,paired crossed split-seed
organamnist_B_cnn4_common3,113,split_02|split_03|split_04|split_08|split_09,"{""densenet121"": 0.0, ""efficientnet_b0"": 0.0, ""resnet18"": 0.1885, ""resnet50"": 0.8115}",0.8115,2000,paired crossed split-seed
organamnist_B_cnn4_common3,114,split_02|split_03|split_04|split_07|split_10,"{""densenet121"": 0.0, ""efficientnet_b0"": 0.0, ""resnet18"": 0.0225, ""resnet50"": 0.9775}",0.9775,2000,paired crossed split-seed
organamnist_B_cnn4_common3,115,split_02|split_03|split_04|split_07|split_09,"{""densenet121"": 0.0, ""efficientnet_b0"": 0.0, ""resnet18"": 0.0055, ""resnet50"": 0.9945}",0.9945,2000,paired crossed split-seed
organamnist_B_cnn4_common3,116,split_02|split_03|split_04|split_07|split_08,"{""densenet121"": 0.0, ""efficientnet_b0"": 0.0, ""resnet18"": 0.2975, ""resnet50"": 0.7025}",0.7025,2000,paired crossed split-seed
organamnist_B_cnn4_common3,117,split_02|split_03|split_04|split_06|split_10,"{""densenet121"": 0.0, ""efficientnet_b0"": 0.0, ""resnet18"": 0.073, ""resnet50"": 0.927}",0.927,2000,paired crossed split-seed
organamnist_B_cnn4_common3,118,split_02|split_03|split_04|split_06|split_09,"{""densenet121"": 0.0, ""efficientnet_b0"": 0.0, ""resnet18"": 0.0585, ""resnet50"": 0.9415}",0.9415,2000,paired crossed split-seed
organamnist_B_cnn4_common3,119,split_02|split_03|split_04|split_06|split_08,"{""densenet121"": 0.0, ""efficientnet_b0"": 0.0, ""resnet18"": 0.4195, ""resnet50"": 0.5805}",0.5805,2000,paired crossed split-seed
organamnist_B_cnn4_common3,120,split_02|split_03|split_04|split_06|split_07,"{""densenet121"": 0.0, ""efficientnet_b0"": 0.0, ""resnet18"": 0.098, ""resnet50"": 0.902}",0.902,2000,paired crossed split-seed
organamnist_B_cnn4_common3,121,split_02|split_03|split_04|split_05|split_10,"{""densenet121"": 0.0, ""efficientnet_b0"": 0.0, ""resnet18"": 0.1455, ""resnet50"": 0.8545}",0.8545,2000,paired crossed split-seed
organamnist_B_cnn4_common3,122,split_02|split_03|split_04|split_05|split_09,"{""densenet121"": 0.0, ""efficientnet_b0"": 0.0, ""resnet18"": 0.1325, ""resnet50"": 0.8675}",0.8675,2000,paired crossed split-seed
organamnist_B_cnn4_common3,123,split_02|split_03|split_04|split_05|split_08,"{""densenet121"": 0.0, ""efficientnet_b0"": 0.0, ""resnet18"": 0.564, ""resnet50"": 0.436}",0.564,2000,paired crossed split-seed
organamnist_B_cnn4_common3,124,split_02|split_03|split_04|split_05|split_07,"{""densenet121"": 0.0, ""efficientnet_b0"": 0.0, ""resnet18"": 0.2055, ""resnet50"": 0.7945}",0.7945,2000,paired crossed split-seed
organamnist_B_cnn4_common3,125,split_02|split_03|split_04|split_05|split_06,"{""densenet121"": 0.0, ""efficientnet_b0"": 0.0, ""resnet18"": 0.363, ""resnet50"": 0.637}",0.637,2000,paired crossed split-seed
organamnist_B_cnn4_common3,126,split_01|split_07|split_08|split_09|split_10,"{""densenet121"": 0.0, ""efficientnet_b0"": 0.0, ""resnet18"": 0.1985, ""resnet50"": 0.8015}",0.8015,2000,paired crossed split-seed
organamnist_B_cnn4_common3,127,split_01|split_06|split_08|split_09|split_10,"{""densenet121"": 0.0, ""efficientnet_b0"": 0.0, ""resnet18"": 0.3005, ""resnet50"": 0.6995}",0.6995,2000,paired crossed split-seed
organamnist_B_cnn4_common3,128,split_01|split_06|split_07|split_09|split_10,"{""densenet121"": 0.0, ""efficientnet_b0"": 0.0, ""resnet18"": 0.081, ""resnet50"": 0.919}",0.919,2000,paired crossed split-seed
organamnist_B_cnn4_common3,129,split_01|split_06|split_07|split_08|split_10,"{""densenet121"": 0.0, ""efficientnet_b0"": 0.0, ""resnet18"": 0.4585, ""resnet50"": 0.5415}",0.5415,2000,paired crossed split-seed
organamnist_B_cnn4_common3,130,split_01|split_06|split_07|split_08|split_09,"{""densenet121"": 0.0, ""efficientnet_b0"": 0.0, ""resnet18"": 0.4435, ""resnet50"": 0.5565}",0.5565,2000,paired crossed split-seed
organamnist_B_cnn4_common3,131,split_01|split_05|split_08|split_09|split_10,"{""densenet121"": 0.0, ""efficientnet_b0"": 0.0, ""resnet18"": 0.3995, ""resnet50"": 0.6005}",0.6005,2000,paired crossed split-seed
organamnist_B_cnn4_common3,132,split_01|split_05|split_07|split_09|split_10,"{""densenet121"": 0.0, ""efficientnet_b0"": 0.0, ""resnet18"": 0.1615, ""resnet50"": 0.8385}",0.8385,2000,paired crossed split-seed
organamnist_B_cnn4_common3,133,split_01|split_05|split_07|split_08|split_10,"{""densenet121"": 0.0, ""efficientnet_b0"": 0.0, ""resnet18"": 0.6015, ""resnet50"": 0.3985}",0.6015,2000,paired crossed split-seed
organamnist_B_cnn4_common3,134,split_01|split_05|split_07|split_08|split_09,"{""densenet121"": 0.0, ""efficientnet_b0"": 0.0, ""resnet18"": 0.5615, ""resnet50"": 0.4385}",0.5615,2000,paired crossed split-seed
organamnist_B_cnn4_common3,135,split_01|split_05|split_06|split_09|split_10,"{""densenet121"": 0.0, ""efficientnet_b0"": 0.0, ""resnet18"": 0.253, ""resnet50"": 0.747}",0.747,2000,paired crossed split-seed
organamnist_B_cnn4_common3,136,split_01|split_05|split_06|split_08|split_10,"{""densenet121"": 0.0, ""efficientnet_b0"": 0.0, ""resnet18"": 0.6525, ""resnet50"": 0.3475}",0.6525,2000,paired crossed split-seed
organamnist_B_cnn4_common3,137,split_01|split_05|split_06|split_08|split_09,"{""densenet121"": 0.0, ""efficientnet_b0"": 0.0, ""resnet18"": 0.647, ""resnet50"": 0.353}",0.647,2000,paired crossed split-seed
organamnist_B_cnn4_common3,138,split_01|split_05|split_06|split_07|split_10,"{""densenet121"": 0.0, ""efficientnet_b0"": 0.0, ""resnet18"": 0.3875, ""resnet50"": 0.6125}",0.6125,2000,paired crossed split-seed
organamnist_B_cnn4_common3,139,split_01|split_05|split_06|split_07|split_09,"{""densenet121"": 0.0, ""efficientnet_b0"": 0.0, ""resnet18"": 0.397, ""resnet50"": 0.603}",0.603,2000,paired crossed split-seed
organamnist_B_cnn4_common3,140,split_01|split_05|split_06|split_07|split_08,"{""densenet121"": 0.0, ""efficientnet_b0"": 0.0, ""resnet18"": 0.851, ""resnet50"": 0.149}",0.851,2000,paired crossed split-seed
organamnist_B_cnn4_common3,141,split_01|split_04|split_08|split_09|split_10,"{""densenet121"": 0.0, ""efficientnet_b0"": 0.0, ""resnet18"": 0.1865, ""resnet50"": 0.8135}",0.8135,2000,paired crossed split-seed
organamnist_B_cnn4_common3,142,split_01|split_04|split_07|split_09|split_10,"{""densenet121"": 0.0, ""efficientnet_b0"": 0.0, ""resnet18"": 0.0205, ""resnet50"": 0.9795}",0.9795,2000,paired crossed split-seed
organamnist_B_cnn4_common3,143,split_01|split_04|split_07|split_08|split_10,"{""densenet121"": 0.0, ""efficientnet_b0"": 0.0, ""resnet18"": 0.2995, ""resnet50"": 0.7005}",0.7005,2000,paired crossed split-seed
organamnist_B_cnn4_common3,144,split_01|split_04|split_07|split_08|split_09,"{""densenet121"": 0.0, ""efficientnet_b0"": 0.0, ""resnet18"": 0.2785, ""resnet50"": 0.7215}",0.7215,2000,paired crossed split-seed
organamnist_B_cnn4_common3,145,split_01|split_04|split_06|split_09|split_10,"{""densenet121"": 0.0, ""efficientnet_b0"": 0.0, ""resnet18"": 0.066, ""resnet50"": 0.934}",0.934,2000,paired crossed split-seed
organamnist_B_cnn4_common3,146,split_01|split_04|split_06|split_08|split_10,"{""densenet121"": 0.0, ""efficientnet_b0"": 0.0, ""resnet18"": 0.4285, ""resnet50"": 0.5715}",0.5715,2000,paired crossed split-seed
organamnist_B_cnn4_common3,147,split_01|split_04|split_06|split_08|split_09,"{""densenet121"": 0.0, ""efficientnet_b0"": 0.0, ""resnet18"": 0.3845, ""resnet50"": 0.6155}",0.6155,2000,paired crossed split-seed
organamnist_B_cnn4_common3,148,split_01|split_04|split_06|split_07|split_10,"{""densenet121"": 0.0, ""efficientnet_b0"": 0.0, ""resnet18"": 0.1295, ""resnet50"": 0.8705}",0.8705,2000,paired crossed split-seed
organamnist_B_cnn4_common3,149,split_01|split_04|split_06|split_07|split_09,"{""densenet121"": 0.0, ""efficientnet_b0"": 0.0, ""resnet18"": 0.113, ""resnet50"": 0.887}",0.887,2000,paired crossed split-seed
organamnist_B_cnn4_common3,150,split_01|split_04|split_06|split_07|split_08,"{""densenet121"": 0.0, ""efficientnet_b0"": 0.0, ""resnet18"": 0.593, ""resnet50"": 0.407}",0.593,2000,paired crossed split-seed
organamnist_B_cnn4_common3,151,split_01|split_04|split_05|split_09|split_10,"{""densenet121"": 0.0, ""efficientnet_b0"": 0.0, ""resnet18"": 0.1505, ""resnet50"": 0.8495}",0.8495,2000,paired crossed split-seed
organamnist_B_cnn4_common3,152,split_01|split_04|split_05|split_08|split_10,"{""densenet121"": 0.0, ""efficientnet_b0"": 0.0, ""resnet18"": 0.53, ""resnet50"": 0.47}",0.53,2000,paired crossed split-seed
organamnist_B_cnn4_common3,153,split_01|split_04|split_05|split_08|split_09,"{""densenet121"": 0.0, ""efficientnet_b0"": 0.0, ""resnet18"": 0.504, ""resnet50"": 0.496}",0.496,2000,paired crossed split-seed
organamnist_B_cnn4_common3,154,split_01|split_04|split_05|split_07|split_10,"{""densenet121"": 0.0, ""efficientnet_b0"": 0.0, ""resnet18"": 0.2285, ""resnet50"": 0.7715}",0.7715,2000,paired crossed split-seed
organamnist_B_cnn4_common3,155,split_01|split_04|split_05|split_07|split_09,"{""densenet121"": 0.0, ""efficientnet_b0"": 0.0, ""resnet18"": 0.2295, ""resnet50"": 0.7705}",0.7705,2000,paired crossed split-seed
organamnist_B_cnn4_common3,156,split_01|split_04|split_05|split_07|split_08,"{""densenet121"": 0.0, ""efficientnet_b0"": 0.0, ""resnet18"": 0.7195, ""resnet50"": 0.2805}",0.7195,2000,paired crossed split-seed
organamnist_B_cnn4_common3,157,split_01|split_04|split_05|split_06|split_10,"{""densenet121"": 0.0, ""efficientnet_b0"": 0.0, ""resnet18"": 0.356, ""resnet50"": 0.644}",0.644,2000,paired crossed split-seed
organamnist_B_cnn4_common3,158,split_01|split_04|split_05|split_06|split_09,"{""densenet121"": 0.0, ""efficientnet_b0"": 0.0, ""resnet18"": 0.3265, ""resnet50"": 0.6735}",0.6735,2000,paired crossed split-seed
organamnist_B_cnn4_common3,159,split_01|split_04|split_05|split_06|split_08,"{""densenet121"": 0.0, ""efficientnet_b0"": 0.0, ""resnet18"": 0.8025, ""resnet50"": 0.1975}",0.8025,2000,paired crossed split-seed
organamnist_B_cnn4_common3,160,split_01|split_04|split_05|split_06|split_07,"{""densenet121"": 0.0, ""efficientnet_b0"": 0.0, ""resnet18"": 0.5495, ""resnet50"": 0.4505}",0.5495,2000,paired crossed split-seed
organamnist_B_cnn4_common3,161,split_01|split_03|split_08|split_09|split_10,"{""densenet121"": 0.0, ""efficientnet_b0"": 0.0, ""resnet18"": 0.163, ""resnet50"": 0.837}",0.837,2000,paired crossed split-seed
organamnist_B_cnn4_common3,162,split_01|split_03|split_07|split_09|split_10,"{""densenet121"": 0.0, ""efficientnet_b0"": 0.0, ""resnet18"": 0.014, ""resnet50"": 0.986}",0.986,2000,paired crossed split-seed
organamnist_B_cnn4_common3,163,split_01|split_03|split_07|split_08|split_10,"{""densenet121"": 0.0, ""efficientnet_b0"": 0.0, ""resnet18"": 0.255, ""resnet50"": 0.745}",0.745,2000,paired crossed split-seed
organamnist_B_cnn4_common3,164,split_01|split_03|split_07|split_08|split_09,"{""densenet121"": 0.0, ""efficientnet_b0"": 0.0, ""resnet18"": 0.241, ""resnet50"": 0.759}",0.759,2000,paired crossed split-seed
organamnist_B_cnn4_common3,165,split_01|split_03|split_06|split_09|split_10,"{""densenet121"": 0.0, ""efficientnet_b0"": 0.0, ""resnet18"": 0.0635, ""resnet50"": 0.9365}",0.9365,2000,paired crossed split-seed
organamnist_B_cnn4_common3,166,split_01|split_03|split_06|split_08|split_10,"{""densenet121"": 0.0, ""efficientnet_b0"": 0.0, ""resnet18"": 0.3595, ""resnet50"": 0.6405}",0.6405,2000,paired crossed split-seed
organamnist_B_cnn4_common3,167,split_01|split_03|split_06|split_08|split_09,"{""densenet121"": 0.0, ""efficientnet_b0"": 0.0, ""resnet18"": 0.368, ""resnet50"": 0.632}",0.632,2000,paired crossed split-seed
organamnist_B_cnn4_common3,168,split_01|split_03|split_06|split_07|split_10,"{""densenet121"": 0.0, ""efficientnet_b0"": 0.0, ""resnet18"": 0.1205, ""resnet50"": 0.8795}",0.8795,2000,paired crossed split-seed
organamnist_B_cnn4_common3,169,split_01|split_03|split_06|split_07|split_09,"{""densenet121"": 0.0, ""efficientnet_b0"": 0.0, ""resnet18"": 0.12, ""resnet50"": 0.88}",0.88,2000,paired crossed split-seed
organamnist_B_cnn4_common3,170,split_01|split_03|split_06|split_07|split_08,"{""densenet121"": 0.0, ""efficientnet_b0"": 0.0, ""resnet18"": 0.5635, ""resnet50"": 0.4365}",0.5635,2000,paired crossed split-seed
organamnist_B_cnn4_common3,171,split_01|split_03|split_05|split_09|split_10,"{""densenet121"": 0.0, ""efficientnet_b0"": 0.0, ""resnet18"": 0.119, ""resnet50"": 0.881}",0.881,2000,paired crossed split-seed
organamnist_B_cnn4_common3,172,split_01|split_03|split_05|split_08|split_10,"{""densenet121"": 0.0, ""efficientnet_b0"": 0.0, ""resnet18"": 0.472, ""resnet50"": 0.528}",0.528,2000,paired crossed split-seed
organamnist_B_cnn4_common3,173,split_01|split_03|split_05|split_08|split_09,"{""densenet121"": 0.0, ""efficientnet_b0"": 0.0, ""resnet18"": 0.4555, ""resnet50"": 0.5445}",0.5445,2000,paired crossed split-seed
organamnist_B_cnn4_common3,174,split_01|split_03|split_05|split_07|split_10,"{""densenet121"": 0.0, ""efficientnet_b0"": 0.0, ""resnet18"": 0.2105, ""resnet50"": 0.7895}",0.7895,2000,paired crossed split-seed
organamnist_B_cnn4_common3,175,split_01|split_03|split_05|split_07|split_09,"{""densenet121"": 0.0, ""efficientnet_b0"": 0.0, ""resnet18"": 0.2035, ""resnet50"": 0.7965}",0.7965,2000,paired crossed split-seed
organamnist_B_cnn4_common3,176,split_01|split_03|split_05|split_07|split_08,"{""densenet121"": 0.0, ""efficientnet_b0"": 0.0, ""resnet18"": 0.679, ""resnet50"": 0.321}",0.679,2000,paired crossed split-seed
organamnist_B_cnn4_common3,177,split_01|split_03|split_05|split_06|split_10,"{""densenet121"": 0.0, ""efficientnet_b0"": 0.0, ""resnet18"": 0.325, ""resnet50"": 0.675}",0.675,2000,paired crossed split-seed
organamnist_B_cnn4_common3,178,split_01|split_03|split_05|split_06|split_09,"{""densenet121"": 0.0, ""efficientnet_b0"": 0.0, ""resnet18"": 0.3005, ""resnet50"": 0.6995}",0.6995,2000,paired crossed split-seed
organamnist_B_cnn4_common3,179,split_01|split_03|split_05|split_06|split_08,"{""densenet121"": 0.0, ""efficientnet_b0"": 0.0, ""resnet18"": 0.7835, ""resnet50"": 0.2165}",0.7835,2000,paired crossed split-seed
organamnist_B_cnn4_common3,180,split_01|split_03|split_05|split_06|split_07,"{""densenet121"": 0.0, ""efficientnet_b0"": 0.0, ""resnet18"": 0.516, ""resnet50"": 0.484}",0.516,2000,paired crossed split-seed
organamnist_B_cnn4_common3,181,split_01|split_03|split_04|split_09|split_10,"{""densenet121"": 0.0, ""efficientnet_b0"": 0.0, ""resnet18"": 0.0165, ""resnet50"": 0.9835}",0.9835,2000,paired crossed split-seed
organamnist_B_cnn4_common3,182,split_01|split_03|split_04|split_08|split_10,"{""densenet121"": 0.0, ""efficientnet_b0"": 0.0, ""resnet18"": 0.2395, ""resnet50"": 0.7605}",0.7605,2000,paired crossed split-seed
organamnist_B_cnn4_common3,183,split_01|split_03|split_04|split_08|split_09,"{""densenet121"": 0.0, ""efficientnet_b0"": 0.0, ""resnet18"": 0.2175, ""resnet50"": 0.7825}",0.7825,2000,paired crossed split-seed
organamnist_B_cnn4_common3,184,split_01|split_03|split_04|split_07|split_10,"{""densenet121"": 0.0, ""efficientnet_b0"": 0.0, ""resnet18"": 0.0235, ""resnet50"": 0.9765}",0.9765,2000,paired crossed split-seed
organamnist_B_cnn4_common3,185,split_01|split_03|split_04|split_07|split_09,"{""densenet121"": 0.0, ""efficientnet_b0"": 0.0, ""resnet18"": 0.0305, ""resnet50"": 0.9695}",0.9695,2000,paired crossed split-seed
organamnist_B_cnn4_common3,186,split_01|split_03|split_04|split_07|split_08,"{""densenet121"": 0.0, ""efficientnet_b0"": 0.0, ""resnet18"": 0.3705, ""resnet50"": 0.6295}",0.6295,2000,paired crossed split-seed
organamnist_B_cnn4_common3,187,split_01|split_03|split_04|split_06|split_10,"{""densenet121"": 0.0, ""efficientnet_b0"": 0.0, ""resnet18"": 0.09, ""resnet50"": 0.91}",0.91,2000,paired crossed split-seed
organamnist_B_cnn4_common3,188,split_01|split_03|split_04|split_06|split_09,"{""densenet121"": 0.0, ""efficientnet_b0"": 0.0, ""resnet18"": 0.0875, ""resnet50"": 0.9125}",0.9125,2000,paired crossed split-seed
organamnist_B_cnn4_common3,189,split_01|split_03|split_04|split_06|split_08,"{""densenet121"": 0.0, ""efficientnet_b0"": 0.0, ""resnet18"": 0.501, ""resnet50"": 0.499}",0.501,2000,paired crossed split-seed
organamnist_B_cnn4_common3,190,split_01|split_03|split_04|split_06|split_07,"{""densenet121"": 0.0, ""efficientnet_b0"": 0.0, ""resnet18"": 0.179, ""resnet50"": 0.821}",0.821,2000,paired crossed split-seed
organamnist_B_cnn4_common3,191,split_01|split_03|split_04|split_05|split_10,"{""densenet121"": 0.0, ""efficientnet_b0"": 0.0, ""resnet18"": 0.1955, ""resnet50"": 0.8045}",0.8045,2000,paired crossed split-seed
organamnist_B_cnn4_common3,192,split_01|split_03|split_04|split_05|split_09,"{""densenet121"": 0.0, ""efficientnet_b0"": 0.0, ""resnet18"": 0.183, ""resnet50"": 0.817}",0.817,2000,paired crossed split-seed
organamnist_B_cnn4_common3,193,split_01|split_03|split_04|split_05|split_08,"{""densenet121"": 0.0, ""efficientnet_b0"": 0.0, ""resnet18"": 0.6215, ""resnet50"": 0.3785}",0.6215,2000,paired crossed split-seed
organamnist_B_cnn4_common3,194,split_01|split_03|split_04|split_05|split_07,"{""densenet121"": 0.0, ""efficientnet_b0"": 0.0, ""resnet18"": 0.306, ""resnet50"": 0.694}",0.694,2000,paired crossed split-seed
organamnist_B_cnn4_common3,195,split_01|split_03|split_04|split_05|split_06,"{""densenet121"": 0.0, ""efficientnet_b0"": 0.0, ""resnet18"": 0.4575, ""resnet50"": 0.5425}",0.5425,2000,paired crossed split-seed
organamnist_B_cnn4_common3,196,split_01|split_02|split_08|split_09|split_10,"{""densenet121"": 0.0, ""efficientnet_b0"": 0.0, ""resnet18"": 0.202, ""resnet50"": 0.798}",0.798,2000,paired crossed split-seed
organamnist_B_cnn4_common3,197,split_01|split_02|split_07|split_09|split_10,"{""densenet121"": 0.0, ""efficientnet_b0"": 0.0, ""resnet18"": 0.0235, ""resnet50"": 0.9765}",0.9765,2000,paired crossed split-seed
organamnist_B_cnn4_common3,198,split_01|split_02|split_07|split_08|split_10,"{""densenet121"": 0.0, ""efficientnet_b0"": 0.0, ""resnet18"": 0.3385, ""resnet50"": 0.6615}",0.6615,2000,paired crossed split-seed
organamnist_B_cnn4_common3,199,split_01|split_02|split_07|split_08|split_09,"{""densenet121"": 0.0, ""efficientnet_b0"": 0.0, ""resnet18"": 0.303, ""resnet50"": 0.697}",0.697,2000,paired crossed split-seed
organamnist_B_cnn4_common3,200,split_01|split_02|split_06|split_09|split_10,"{""densenet121"": 0.0, ""efficientnet_b0"": 0.0, ""resnet18"": 0.0695, ""resnet50"": 0.9305}",0.9305,2000,paired crossed split-seed
organamnist_B_cnn4_common3,201,split_01|split_02|split_06|split_08|split_10,"{""densenet121"": 0.0, ""efficientnet_b0"": 0.0, ""resnet18"": 0.4585, ""resnet50"": 0.5415}",0.5415,2000,paired crossed split-seed
organamnist_B_cnn4_common3,202,split_01|split_02|split_06|split_08|split_09,"{""densenet121"": 0.0, ""efficientnet_b0"": 0.0, ""resnet18"": 0.3885, ""resnet50"": 0.6115}",0.6115,2000,paired crossed split-seed
organamnist_B_cnn4_common3,203,split_01|split_02|split_06|split_07|split_10,"{""densenet121"": 0.0, ""efficientnet_b0"": 0.0, ""resnet18"": 0.136, ""resnet50"": 0.864}",0.864,2000,paired crossed split-seed
organamnist_B_cnn4_common3,204,split_01|split_02|split_06|split_07|split_09,"{""densenet121"": 0.0, ""efficientnet_b0"": 0.0, ""resnet18"": 0.1415, ""resnet50"": 0.8585}",0.8585,2000,paired crossed split-seed
organamnist_B_cnn4_common3,205,split_01|split_02|split_06|split_07|split_08,"{""densenet121"": 0.0, ""efficientnet_b0"": 0.0, ""resnet18"": 0.634, ""resnet50"": 0.366}",0.634,2000,paired crossed split-seed
organamnist_B_cnn4_common3,206,split_01|split_02|split_05|split_09|split_10,"{""densenet121"": 0.0, ""efficientnet_b0"": 0.0, ""resnet18"": 0.1445, ""resnet50"": 0.8555}",0.8555,2000,paired crossed split-seed
organamnist_B_cnn4_common3,207,split_01|split_02|split_05|split_08|split_10,"{""densenet121"": 0.0, ""efficientnet_b0"": 0.0, ""resnet18"": 0.5355, ""resnet50"": 0.4645}",0.5355,2000,paired crossed split-seed
organamnist_B_cnn4_common3,208,split_01|split_02|split_05|split_08|split_09,"{""densenet121"": 0.0, ""efficientnet_b0"": 0.0, ""resnet18"": 0.531, ""resnet50"": 0.469}",0.531,2000,paired crossed split-seed
organamnist_B_cnn4_common3,209,split_01|split_02|split_05|split_07|split_10,"{""densenet121"": 0.0, ""efficientnet_b0"": 0.0, ""resnet18"": 0.25, ""resnet50"": 0.75}",0.75,2000,paired crossed split-seed
organamnist_B_cnn4_common3,210,split_01|split_02|split_05|split_07|split_09,"{""densenet121"": 0.0, ""efficientnet_b0"": 0.0, ""resnet18"": 0.2445, ""resnet50"": 0.7555}",0.7555,2000,paired crossed split-seed
organamnist_B_cnn4_common3,211,split_01|split_02|split_05|split_07|split_08,"{""densenet121"": 0.0, ""efficientnet_b0"": 0.0, ""resnet18"": 0.7615, ""resnet50"": 0.2385}",0.7615,2000,paired crossed split-seed
organamnist_B_cnn4_common3,212,split_01|split_02|split_05|split_06|split_10,"{""densenet121"": 0.0, ""efficientnet_b0"": 0.0, ""resnet18"": 0.3755, ""resnet50"": 0.6245}",0.6245,2000,paired crossed split-seed
organamnist_B_cnn4_common3,213,split_01|split_02|split_05|split_06|split_09,"{""densenet121"": 0.0, ""efficientnet_b0"": 0.0, ""resnet18"": 0.3425, ""resnet50"": 0.6575}",0.6575,2000,paired crossed split-seed
organamnist_B_cnn4_common3,214,split_01|split_02|split_05|split_06|split_08,"{""densenet121"": 0.0, ""efficientnet_b0"": 0.0, ""resnet18"": 0.8255, ""resnet50"": 0.1745}",0.8255,2000,paired crossed split-seed
organamnist_B_cnn4_common3,215,split_01|split_02|split_05|split_06|split_07,"{""densenet121"": 0.0, ""efficientnet_b0"": 0.0, ""resnet18"": 0.574, ""resnet50"": 0.426}",0.574,2000,paired crossed split-seed
organamnist_B_cnn4_common3,216,split_01|split_02|split_04|split_09|split_10,"{""densenet121"": 0.0, ""efficientnet_b0"": 0.0, ""resnet18"": 0.019, ""resnet50"": 0.981}",0.981,2000,paired crossed split-seed
organamnist_B_cnn4_common3,217,split_01|split_02|split_04|split_08|split_10,"{""densenet121"": 0.0, ""efficientnet_b0"": 0.0, ""resnet18"": 0.274, ""resnet50"": 0.726}",0.726,2000,paired crossed split-seed
organamnist_B_cnn4_common3,218,split_01|split_02|split_04|split_08|split_09,"{""densenet121"": 0.0, ""efficientnet_b0"": 0.0, ""resnet18"": 0.2475, ""resnet50"": 0.7525}",0.7525,2000,paired crossed split-seed
organamnist_B_cnn4_common3,219,split_01|split_02|split_04|split_07|split_10,"{""densenet121"": 0.0, ""efficientnet_b0"": 0.0, ""resnet18"": 0.033, ""resnet50"": 0.967}",0.967,2000,paired crossed split-seed
organamnist_B_cnn4_common3,220,split_01|split_02|split_04|split_07|split_09,"{""densenet121"": 0.0, ""efficientnet_b0"": 0.0, ""resnet18"": 0.0195, ""resnet50"": 0.9805}",0.9805,2000,paired crossed split-seed
organamnist_B_cnn4_common3,221,split_01|split_02|split_04|split_07|split_08,"{""densenet121"": 0.0, ""efficientnet_b0"": 0.0, ""resnet18"": 0.408, ""resnet50"": 0.592}",0.592,2000,paired crossed split-seed
organamnist_B_cnn4_common3,222,split_01|split_02|split_04|split_06|split_10,"{""densenet121"": 0.0, ""efficientnet_b0"": 0.0, ""resnet18"": 0.106, ""resnet50"": 0.894}",0.894,2000,paired crossed split-seed
organamnist_B_cnn4_common3,223,split_01|split_02|split_04|split_06|split_09,"{""densenet121"": 0.0, ""efficientnet_b0"": 0.0, ""resnet18"": 0.0925, ""resnet50"": 0.9075}",0.9075,2000,paired crossed split-seed
organamnist_B_cnn4_common3,224,split_01|split_02|split_04|split_06|split_08,"{""densenet121"": 0.0, ""efficientnet_b0"": 0.0, ""resnet18"": 0.5585, ""resnet50"": 0.4415}",0.5585,2000,paired crossed split-seed
organamnist_B_cnn4_common3,225,split_01|split_02|split_04|split_06|split_07,"{""densenet121"": 0.0, ""efficientnet_b0"": 0.0, ""resnet18"": 0.2055, ""resnet50"": 0.7945}",0.7945,2000,paired crossed split-seed
organamnist_B_cnn4_common3,226,split_01|split_02|split_04|split_05|split_10,"{""densenet121"": 0.0, ""efficientnet_b0"": 0.0, ""resnet18"": 0.2195, ""resnet50"": 0.7805}",0.7805,2000,paired crossed split-seed
organamnist_B_cnn4_common3,227,split_01|split_02|split_04|split_05|split_09,"{""densenet121"": 0.0, ""efficientnet_b0"": 0.0, ""resnet18"": 0.194, ""resnet50"": 0.806}",0.806,2000,paired crossed split-seed
organamnist_B_cnn4_common3,228,split_01|split_02|split_04|split_05|split_08,"{""densenet121"": 0.0, ""efficientnet_b0"": 0.0, ""resnet18"": 0.679, ""resnet50"": 0.321}",0.679,2000,paired crossed split-seed
organamnist_B_cnn4_common3,229,split_01|split_02|split_04|split_05|split_07,"{""densenet121"": 0.0, ""efficientnet_b0"": 0.0, ""resnet18"": 0.346, ""resnet50"": 0.654}",0.654,2000,paired crossed split-seed
organamnist_B_cnn4_common3,230,split_01|split_02|split_04|split_05|split_06,"{""densenet121"": 0.0, ""efficientnet_b0"": 0.0, ""resnet18"": 0.509, ""resnet50"": 0.491}",0.509,2000,paired crossed split-seed
organamnist_B_cnn4_common3,231,split_01|split_02|split_03|split_09|split_10,"{""densenet121"": 0.0, ""efficientnet_b0"": 0.0, ""resnet18"": 0.016, ""resnet50"": 0.984}",0.984,2000,paired crossed split-seed
organamnist_B_cnn4_common3,232,split_01|split_02|split_03|split_08|split_10,"{""densenet121"": 0.0, ""efficientnet_b0"": 0.0, ""resnet18"": 0.241, ""resnet50"": 0.759}",0.759,2000,paired crossed split-seed
organamnist_B_cnn4_common3,233,split_01|split_02|split_03|split_08|split_09,"{""densenet121"": 0.0, ""efficientnet_b0"": 0.0, ""resnet18"": 0.226, ""resnet50"": 0.774}",0.774,2000,paired crossed split-seed
organamnist_B_cnn4_common3,234,split_01|split_02|split_03|split_07|split_10,"{""densenet121"": 0.0, ""efficientnet_b0"": 0.0, ""resnet18"": 0.029, ""resnet50"": 0.971}",0.971,2000,paired crossed split-seed
organamnist_B_cnn4_common3,235,split_01|split_02|split_03|split_07|split_09,"{""densenet121"": 0.0, ""efficientnet_b0"": 0.0, ""resnet18"": 0.0225, ""resnet50"": 0.9775}",0.9775,2000,paired crossed split-seed
organamnist_B_cnn4_common3,236,split_01|split_02|split_03|split_07|split_08,"{""densenet121"": 0.0, ""efficientnet_b0"": 0.0, ""resnet18"": 0.3665, ""resnet50"": 0.6335}",0.6335,2000,paired crossed split-seed
organamnist_B_cnn4_common3,237,split_01|split_02|split_03|split_06|split_10,"{""densenet121"": 0.0, ""efficientnet_b0"": 0.0, ""resnet18"": 0.091, ""resnet50"": 0.909}",0.909,2000,paired crossed split-seed
organamnist_B_cnn4_common3,238,split_01|split_02|split_03|split_06|split_09,"{""densenet121"": 0.0, ""efficientnet_b0"": 0.0, ""resnet18"": 0.0925, ""resnet50"": 0.9075}",0.9075,2000,paired crossed split-seed
organamnist_B_cnn4_common3,239,split_01|split_02|split_03|split_06|split_08,"{""densenet121"": 0.0, ""efficientnet_b0"": 0.0, ""resnet18"": 0.5285, ""resnet50"": 0.4715}",0.5285,2000,paired crossed split-seed
organamnist_B_cnn4_common3,240,split_01|split_02|split_03|split_06|split_07,"{""densenet121"": 0.0, ""efficientnet_b0"": 0.0, ""resnet18"": 0.186, ""resnet50"": 0.814}",0.814,2000,paired crossed split-seed
organamnist_B_cnn4_common3,241,split_01|split_02|split_03|split_05|split_10,"{""densenet121"": 0.0, ""efficientnet_b0"": 0.0, ""resnet18"": 0.1815, ""resnet50"": 0.8185}",0.8185,2000,paired crossed split-seed
organamnist_B_cnn4_common3,242,split_01|split_02|split_03|split_05|split_09,"{""densenet121"": 0.0, ""efficientnet_b0"": 0.0, ""resnet18"": 0.1855, ""resnet50"": 0.8145}",0.8145,2000,paired crossed split-seed
organamnist_B_cnn4_common3,243,split_01|split_02|split_03|split_05|split_08,"{""densenet121"": 0.0, ""efficientnet_b0"": 0.0, ""resnet18"": 0.6475, ""resnet50"": 0.3525}",0.6475,2000,paired crossed split-seed
organamnist_B_cnn4_common3,244,split_01|split_02|split_03|split_05|split_07,"{""densenet121"": 0.0, ""efficientnet_b0"": 0.0, ""resnet18"": 0.342, ""resnet50"": 0.658}",0.658,2000,paired crossed split-seed
organamnist_B_cnn4_common3,245,split_01|split_02|split_03|split_05|split_06,"{""densenet121"": 0.0, ""efficientnet_b0"": 0.0, ""resnet18"": 0.4965, ""resnet50"": 0.5035}",0.4965,2000,paired crossed split-seed
organamnist_B_cnn4_common3,246,split_01|split_02|split_03|split_04|split_10,"{""densenet121"": 0.0, ""efficientnet_b0"": 0.0, ""resnet18"": 0.023, ""resnet50"": 0.977}",0.977,2000,paired crossed split-seed
organamnist_B_cnn4_common3,247,split_01|split_02|split_03|split_04|split_09,"{""densenet121"": 0.0, ""efficientnet_b0"": 0.0, ""resnet18"": 0.0205, ""resnet50"": 0.9795}",0.9795,2000,paired crossed split-seed
organamnist_B_cnn4_common3,248,split_01|split_02|split_03|split_04|split_08,"{""densenet121"": 0.0, ""efficientnet_b0"": 0.0, ""resnet18"": 0.317, ""resnet50"": 0.683}",0.683,2000,paired crossed split-seed
organamnist_B_cnn4_common3,249,split_01|split_02|split_03|split_04|split_07,"{""densenet121"": 0.0, ""efficientnet_b0"": 0.0, ""resnet18"": 0.039, ""resnet50"": 0.961}",0.961,2000,paired crossed split-seed
organamnist_B_cnn4_common3,250,split_01|split_02|split_03|split_04|split_06,"{""densenet121"": 0.0, ""efficientnet_b0"": 0.0, ""resnet18"": 0.136, ""resnet50"": 0.864}",0.864,2000,paired crossed split-seed
organamnist_B_cnn4_common3,251,split_01|split_02|split_03|split_04|split_05,"{""densenet121"": 0.0, ""efficientnet_b0"": 0.0, ""resnet18"": 0.2765, ""resnet50"": 0.7235}",0.7235,2000,paired crossed split-seed
sipakmed_A_cnn4_all5,0,split_06|split_07|split_08|split_09|split_10,"{""densenet121"": 0.0005, ""efficientnet_b0"": 0.0, ""resnet18"": 0.762, ""resnet50"": 0.2375}",0.762,2000,paired crossed split-seed
sipakmed_A_cnn4_all5,1,split_05|split_07|split_08|split_09|split_10,"{""densenet121"": 0.0, ""efficientnet_b0"": 0.0, ""resnet18"": 0.477, ""resnet50"": 0.523}",0.477,2000,paired crossed split-seed
sipakmed_A_cnn4_all5,2,split_05|split_06|split_08|split_09|split_10,"{""densenet121"": 0.0, ""efficientnet_b0"": 0.0, ""resnet18"": 0.4595, ""resnet50"": 0.5405}",0.5405,2000,paired crossed split-seed
sipakmed_A_cnn4_all5,3,split_05|split_06|split_07|split_09|split_10,"{""densenet121"": 0.0, ""efficientnet_b0"": 0.0, ""resnet18"": 0.777, ""resnet50"": 0.223}",0.777,2000,paired crossed split-seed
sipakmed_A_cnn4_all5,4,split_05|split_06|split_07|split_08|split_10,"{""densenet121"": 0.0, ""efficientnet_b0"": 0.0, ""resnet18"": 0.6215, ""resnet50"": 0.3785}",0.6215,2000,paired crossed split-seed
sipakmed_A_cnn4_all5,5,split_05|split_06|split_07|split_08|split_09,"{""densenet121"": 0.0, ""efficientnet_b0"": 0.0, ""resnet18"": 0.8175, ""resnet50"": 0.1825}",0.8175,2000,paired crossed split-seed
sipakmed_A_cnn4_all5,6,split_04|split_07|split_08|split_09|split_10,"{""densenet121"": 0.04, ""efficientnet_b0"": 0.0, ""resnet18"": 0.612, ""resnet50"": 0.348}",0.612,2000,paired crossed split-seed
sipakmed_A_cnn4_all5,7,split_04|split_06|split_08|split_09|split_10,"{""densenet121"": 0.0375, ""efficientnet_b0"": 0.0, ""resnet18"": 0.5765, ""resnet50"": 0.386}",0.5765,2000,paired crossed split-seed
sipakmed_A_cnn4_all5,8,split_04|split_06|split_07|split_09|split_10,"{""densenet121"": 0.034, ""efficientnet_b0"": 0.0, ""resnet18"": 0.86, ""resnet50"": 0.106}",0.86,2000,paired crossed split-seed
sipakmed_A_cnn4_all5,9,split_04|split_06|split_07|split_08|split_10,"{""densenet121"": 0.03, ""efficientnet_b0"": 0.0, ""resnet18"": 0.719, ""resnet50"": 0.251}",0.719,2000,paired crossed split-seed
sipakmed_A_cnn4_all5,10,split_04|split_06|split_07|split_08|split_09,"{""densenet121"": 0.013, ""efficientnet_b0"": 0.0, ""resnet18"": 0.91, ""resnet50"": 0.077}",0.91,2000,paired crossed split-seed
sipakmed_A_cnn4_all5,11,split_04|split_05|split_08|split_09|split_10,"{""densenet121"": 0.049, ""efficientnet_b0"": 0.0, ""resnet18"": 0.221, ""resnet50"": 0.73}",0.73,2000,paired crossed split-seed
sipakmed_A_cnn4_all5,12,split_04|split_05|split_07|split_09|split_10,"{""densenet121"": 0.0285, ""efficientnet_b0"": 0.0, ""resnet18"": 0.667, ""resnet50"": 0.3045}",0.667,2000,paired crossed split-seed
sipakmed_A_cnn4_all5,13,split_04|split_05|split_07|split_08|split_10,"{""densenet121"": 0.0365, ""efficientnet_b0"": 0.0, ""resnet18"": 0.397, ""resnet50"": 0.5665}",0.5665,2000,paired crossed split-seed
sipakmed_A_cnn4_all5,14,split_04|split_05|split_07|split_08|split_09,"{""densenet121"": 0.025, ""efficientnet_b0"": 0.0, ""resnet18"": 0.721, ""resnet50"": 0.254}",0.721,2000,paired crossed split-seed
sipakmed_A_cnn4_all5,15,split_04|split_05|split_06|split_09|split_10,"{""densenet121"": 0.025, ""efficientnet_b0"": 0.0, ""resnet18"": 0.611, ""resnet50"": 0.364}",0.611,2000,paired crossed split-seed
sipakmed_A_cnn4_all5,16,split_04|split_05|split_06|split_08|split_10,"{""densenet121"": 0.0395, ""efficientnet_b0"": 0.0, ""resnet18"": 0.399, ""resnet50"": 0.5615}",0.5615,2000,paired crossed split-seed
sipakmed_A_cnn4_all5,17,split_04|split_05|split_06|split_08|split_09,"{""densenet121"": 0.0115, ""efficientnet_b0"": 0.0, ""resnet18"": 0.68, ""resnet50"": 0.3085}",0.68,2000,paired crossed split-seed
sipakmed_A_cnn4_all5,18,split_04|split_05|split_06|split_07|split_10,"{""densenet121"": 0.0335, ""efficientnet_b0"": 0.0, ""resnet18"": 0.7495, ""resnet50"": 0.217}",0.7495,2000,paired crossed split-seed
sipakmed_A_cnn4_all5,19,split_04|split_05|split_06|split_07|split_09,"{""densenet121"": 0.0095, ""efficientnet_b0"": 0.0, ""resnet18"": 0.933, ""resnet50"": 0.0575}",0.933,2000,paired crossed split-seed
sipakmed_A_cnn4_all5,20,split_04|split_05|split_06|split_07|split_08,"{""densenet121"": 0.0105, ""efficientnet_b0"": 0.0, ""resnet18"": 0.7935, ""resnet50"": 0.196}",0.7935,2000,paired crossed split-seed
sipakmed_A_cnn4_all5,21,split_03|split_07|split_08|split_09|split_10,"{""densenet121"": 0.0, ""efficientnet_b0"": 0.0, ""resnet18"": 0.6485, ""resnet50"": 0.3515}",0.6485,2000,paired crossed split-seed
sipakmed_A_cnn4_all5,22,split_03|split_06|split_08|split_09|split_10,"{""densenet121"": 0.0, ""efficientnet_b0"": 0.0, ""resnet18"": 0.611, ""resnet50"": 0.389}",0.611,2000,paired crossed split-seed
sipakmed_A_cnn4_all5,23,split_03|split_06|split_07|split_09|split_10,"{""densenet121"": 0.0, ""efficientnet_b0"": 0.0, ""resnet18"": 0.873, ""resnet50"": 0.127}",0.873,2000,paired crossed split-seed
sipakmed_A_cnn4_all5,24,split_03|split_06|split_07|split_08|split_10,"{""densenet121"": 0.0, ""efficientnet_b0"": 0.0, ""resnet18"": 0.7485, ""resnet50"": 0.2515}",0.7485,2000,paired crossed split-seed
sipakmed_A_cnn4_all5,25,split_03|split_06|split_07|split_08|split_09,"{""densenet121"": 0.0, ""efficientnet_b0"": 0.0, ""resnet18"": 0.92, ""resnet50"": 0.08}",0.92,2000,paired crossed split-seed
sipakmed_A_cnn4_all5,26,split_03|split_05|split_08|split_09|split_10,"{""densenet121"": 0.0, ""efficientnet_b0"": 0.0, ""resnet18"": 0.2555, ""resnet50"": 0.7445}",0.7445,2000,paired crossed split-seed
sipakmed_A_cnn4_all5,27,split_03|split_05|split_07|split_09|split_10,"{""densenet121"": 0.0, ""efficientnet_b0"": 0.0, ""resnet18"": 0.6825, ""resnet50"": 0.3175}",0.6825,2000,paired crossed split-seed
sipakmed_A_cnn4_all5,28,split_03|split_05|split_07|split_08|split_10,"{""densenet121"": 0.0, ""efficientnet_b0"": 0.0, ""resnet18"": 0.428, ""resnet50"": 0.572}",0.572,2000,paired crossed split-seed
sipakmed_A_cnn4_all5,29,split_03|split_05|split_07|split_08|split_09,"{""densenet121"": 0.0, ""efficientnet_b0"": 0.0, ""resnet18"": 0.723, ""resnet50"": 0.277}",0.723,2000,paired crossed split-seed
sipakmed_A_cnn4_all5,30,split_03|split_05|split_06|split_09|split_10,"{""densenet121"": 0.0, ""efficientnet_b0"": 0.0, ""resnet18"": 0.6145, ""resnet50"": 0.3855}",0.6145,2000,paired crossed split-seed
sipakmed_A_cnn4_all5,31,split_03|split_05|split_06|split_08|split_10,"{""densenet121"": 0.0, ""efficientnet_b0"": 0.0, ""resnet18"": 0.4095, ""resnet50"": 0.5905}",0.5905,2000,paired crossed split-seed
sipakmed_A_cnn4_all5,32,split_03|split_05|split_06|split_08|split_09,"{""densenet121"": 0.0, ""efficientnet_b0"": 0.0, ""resnet18"": 0.6875, ""resnet50"": 0.3125}",0.6875,2000,paired crossed split-seed
sipakmed_A_cnn4_all5,33,split_03|split_05|split_06|split_07|split_10,"{""densenet121"": 0.0, ""efficientnet_b0"": 0.0, ""resnet18"": 0.758, ""resnet50"": 0.242}",0.758,2000,paired crossed split-seed
sipakmed_A_cnn4_all5,34,split_03|split_05|split_06|split_07|split_09,"{""densenet121"": 0.0, ""efficientnet_b0"": 0.0, ""resnet18"": 0.938, ""resnet50"": 0.062}",0.938,2000,paired crossed split-seed
sipakmed_A_cnn4_all5,35,split_03|split_05|split_06|split_07|split_08,"{""densenet121"": 0.0, ""efficientnet_b0"": 0.0, ""resnet18"": 0.8265, ""resnet50"": 0.1735}",0.8265,2000,paired crossed split-seed
sipakmed_A_cnn4_all5,36,split_03|split_04|split_08|split_09|split_10,"{""densenet121"": 0.065, ""efficientnet_b0"": 0.0, ""resnet18"": 0.362, ""resnet50"": 0.573}",0.573,2000,paired crossed split-seed
sipakmed_A_cnn4_all5,37,split_03|split_04|split_07|split_09|split_10,"{""densenet121"": 0.048, ""efficientnet_b0"": 0.0, ""resnet18"": 0.7785, ""resnet50"": 0.1735}",0.7785,2000,paired crossed split-seed
sipakmed_A_cnn4_all5,38,split_03|split_04|split_07|split_08|split_10,"{""densenet121"": 0.0515, ""efficientnet_b0"": 0.0, ""resnet18"": 0.561, ""resnet50"": 0.3875}",0.561,2000,paired crossed split-seed
sipakmed_A_cnn4_all5,39,split_03|split_04|split_07|split_08|split_09,"{""densenet121"": 0.0235, ""efficientnet_b0"": 0.0, ""resnet18"": 0.8415, ""resnet50"": 0.135}",0.8415,2000,paired crossed split-seed
sipakmed_A_cnn4_all5,40,split_03|split_04|split_06|split_09|split_10,"{""densenet121"": 0.0345, ""efficientnet_b0"": 0.0, ""resnet18"": 0.7565, ""resnet50"": 0.209}",0.7565,2000,paired crossed split-seed
sipakmed_A_cnn4_all5,41,split_03|split_04|split_06|split_08|split_10,"{""densenet121"": 0.037, ""efficientnet_b0"": 0.0, ""resnet18"": 0.5305, ""resnet50"": 0.4325}",0.5305,2000,paired crossed split-seed
sipakmed_A_cnn4_all5,42,split_03|split_04|split_06|split_08|split_09,"{""densenet121"": 0.02, ""efficientnet_b0"": 0.0, ""resnet18"": 0.8045, ""resnet50"": 0.1755}",0.8045,2000,paired crossed split-seed
sipakmed_A_cnn4_all5,43,split_03|split_04|split_06|split_07|split_10,"{""densenet121"": 0.0385, ""efficientnet_b0"": 0.0, ""resnet18"": 0.8335, ""resnet50"": 0.128}",0.8335,2000,paired crossed split-seed
sipakmed_A_cnn4_all5,44,split_03|split_04|split_06|split_07|split_09,"{""densenet121"": 0.018, ""efficientnet_b0"": 0.0, ""resnet18"": 0.9675, ""resnet50"": 0.0145}",0.9675,2000,paired crossed split-seed
sipakmed_A_cnn4_all5,45,split_03|split_04|split_06|split_07|split_08,"{""densenet121"": 0.0225, ""efficientnet_b0"": 0.0, ""resnet18"": 0.87, ""resnet50"": 0.1075}",0.87,2000,paired crossed split-seed
sipakmed_A_cnn4_all5,46,split_03|split_04|split_05|split_09|split_10,"{""densenet121"": 0.0455, ""efficientnet_b0"": 0.0, ""resnet18"": 0.4355, ""resnet50"": 0.519}",0.519,2000,paired crossed split-seed
sipakmed_A_cnn4_all5,47,split_03|split_04|split_05|split_08|split_10,"{""densenet121"": 0.052, ""efficientnet_b0"": 0.0, ""resnet18"": 0.152, ""resnet50"": 0.796}",0.796,2000,paired crossed split-seed
sipakmed_A_cnn4_all5,48,split_03|split_04|split_05|split_08|split_09,"{""densenet121"": 0.023, ""efficientnet_b0"": 0.0, ""resnet18"": 0.4995, ""resnet50"": 0.4775}",0.4995,2000,paired crossed split-seed
sipakmed_A_cnn4_all5,49,split_03|split_04|split_05|split_07|split_10,"{""densenet121"": 0.0465, ""efficientnet_b0"": 0.0, ""resnet18"": 0.593, ""resnet50"": 0.3605}",0.593,2000,paired crossed split-seed
sipakmed_A_cnn4_all5,50,split_03|split_04|split_05|split_07|split_09,"{""densenet121"": 0.017, ""efficientnet_b0"": 0.0, ""resnet18"": 0.873, ""resnet50"": 0.11}",0.873,2000,paired crossed split-seed
sipakmed_A_cnn4_all5,51,split_03|split_04|split_05|split_07|split_08,"{""densenet121"": 0.0285, ""efficientnet_b0"": 0.0, ""resnet18"": 0.657, ""resnet50"": 0.3145}",0.657,2000,paired crossed split-seed
sipakmed_A_cnn4_all5,52,split_03|split_04|split_05|split_06|split_10,"{""densenet121"": 0.0415, ""efficientnet_b0"": 0.0, ""resnet18"": 0.5685, ""resnet50"": 0.39}",0.5685,2000,paired crossed split-seed
sipakmed_A_cnn4_all5,53,split_03|split_04|split_05|split_06|split_09,"{""densenet121"": 0.0195, ""efficientnet_b0"": 0.0, ""resnet18"": 0.856, ""resnet50"": 0.1245}",0.856,2000,paired crossed split-seed
sipakmed_A_cnn4_all5,54,split_03|split_04|split_05|split_06|split_08,"{""densenet121"": 0.0165, ""efficientnet_b0"": 0.0, ""resnet18"": 0.6415, ""resnet50"": 0.342}",0.6415,2000,paired crossed split-seed
sipakmed_A_cnn4_all5,55,split_03|split_04|split_05|split_06|split_07,"{""densenet121"": 0.018, ""efficientnet_b0"": 0.0, ""resnet18"": 0.9185, ""resnet50"": 0.0635}",0.9185,2000,paired crossed split-seed
sipakmed_A_cnn4_all5,56,split_02|split_07|split_08|split_09|split_10,"{""densenet121"": 0.0005, ""efficientnet_b0"": 0.0, ""resnet18"": 0.6775, ""resnet50"": 0.322}",0.6775,2000,paired crossed split-seed
sipakmed_A_cnn4_all5,57,split_02|split_06|split_08|split_09|split_10,"{""densenet121"": 0.0, ""efficientnet_b0"": 0.0, ""resnet18"": 0.609, ""resnet50"": 0.391}",0.609,2000,paired crossed split-seed
sipakmed_A_cnn4_all5,58,split_02|split_06|split_07|split_09|split_10,"{""densenet121"": 0.0, ""efficientnet_b0"": 0.0, ""resnet18"": 0.906, ""resnet50"": 0.094}",0.906,2000,paired crossed split-seed
sipakmed_A_cnn4_all5,59,split_02|split_06|split_07|split_08|split_10,"{""densenet121"": 0.0, ""efficientnet_b0"": 0.0, ""resnet18"": 0.7785, ""resnet50"": 0.2215}",0.7785,2000,paired crossed split-seed
sipakmed_A_cnn4_all5,60,split_02|split_06|split_07|split_08|split_09,"{""densenet121"": 0.0, ""efficientnet_b0"": 0.0, ""resnet18"": 0.9415, ""resnet50"": 0.0585}",0.9415,2000,paired crossed split-seed
sipakmed_A_cnn4_all5,61,split_02|split_05|split_08|split_09|split_10,"{""densenet121"": 0.0, ""efficientnet_b0"": 0.0, ""resnet18"": 0.299, ""resnet50"": 0.701}",0.701,2000,paired crossed split-seed
sipakmed_A_cnn4_all5,62,split_02|split_05|split_07|split_09|split_10,"{""densenet121"": 0.0, ""efficientnet_b0"": 0.0, ""resnet18"": 0.715, ""resnet50"": 0.285}",0.715,2000,paired crossed split-seed
sipakmed_A_cnn4_all5,63,split_02|split_05|split_07|split_08|split_10,"{""densenet121"": 0.0, ""efficientnet_b0"": 0.0, ""resnet18"": 0.504, ""resnet50"": 0.496}",0.496,2000,paired crossed split-seed
sipakmed_A_cnn4_all5,64,split_02|split_05|split_07|split_08|split_09,"{""densenet121"": 0.0, ""efficientnet_b0"": 0.0, ""resnet18"": 0.7725, ""resnet50"": 0.2275}",0.7725,2000,paired crossed split-seed
sipakmed_A_cnn4_all5,65,split_02|split_05|split_06|split_09|split_10,"{""densenet121"": 0.0, ""efficientnet_b0"": 0.0, ""resnet18"": 0.6765, ""resnet50"": 0.3235}",0.6765,2000,paired crossed split-seed
sipakmed_A_cnn4_all5,66,split_02|split_05|split_06|split_08|split_10,"{""densenet121"": 0.0, ""efficientnet_b0"": 0.0, ""resnet18"": 0.4685, ""resnet50"": 0.5315}",0.5315,2000,paired crossed split-seed
sipakmed_A_cnn4_all5,67,split_02|split_05|split_06|split_08|split_09,"{""densenet121"": 0.0, ""efficientnet_b0"": 0.0, ""resnet18"": 0.7255, ""resnet50"": 0.2745}",0.7255,2000,paired crossed split-seed
sipakmed_A_cnn4_all5,68,split_02|split_05|split_06|split_07|split_10,"{""densenet121"": 0.0, ""efficientnet_b0"": 0.0, ""resnet18"": 0.789, ""resnet50"": 0.211}",0.789,2000,paired crossed split-seed
sipakmed_A_cnn4_all5,69,split_02|split_05|split_06|split_07|split_09,"{""densenet121"": 0.0, ""efficientnet_b0"": 0.0, ""resnet18"": 0.9575, ""resnet50"": 0.0425}",0.9575,2000,paired crossed split-seed
sipakmed_A_cnn4_all5,70,split_02|split_05|split_06|split_07|split_08,"{""densenet121"": 0.0, ""efficientnet_b0"": 0.0, ""resnet18"": 0.854, ""resnet50"": 0.146}",0.854,2000,paired crossed split-seed
sipakmed_A_cnn4_all5,71,split_02|split_04|split_08|split_09|split_10,"{""densenet121"": 0.048, ""efficientnet_b0"": 0.0, ""resnet18"": 0.4545, ""resnet50"": 0.4975}",0.4975,2000,paired crossed split-seed
sipakmed_A_cnn4_all5,72,split_02|split_04|split_07|split_09|split_10,"{""densenet121"": 0.0425, ""efficientnet_b0"": 0.0, ""resnet18"": 0.823, ""resnet50"": 0.1345}",0.823,2000,paired crossed split-seed
sipakmed_A_cnn4_all5,73,split_02|split_04|split_07|split_08|split_10,"{""densenet121"": 0.0415, ""efficientnet_b0"": 0.0, ""resnet18"": 0.6385, ""resnet50"": 0.32}",0.6385,2000,paired crossed split-seed
sipakmed_A_cnn4_all5,74,split_02|split_04|split_07|split_08|split_09,"{""densenet121"": 0.0205, ""efficientnet_b0"": 0.0, ""resnet18"": 0.8975, ""resnet50"": 0.082}",0.8975,2000,paired crossed split-seed
sipakmed_A_cnn4_all5,75,split_02|split_04|split_06|split_09|split_10,"{""densenet121"": 0.043, ""efficientnet_b0"": 0.0, ""resnet18"": 0.771, ""resnet50"": 0.186}",0.771,2000,paired crossed split-seed
sipakmed_A_cnn4_all5,76,split_02|split_04|split_06|split_08|split_10,"{""densenet121"": 0.041, ""efficientnet_b0"": 0.0, ""resnet18"": 0.5905, ""resnet50"": 0.3685}",0.5905,2000,paired crossed split-seed
sipakmed_A_cnn4_all5,77,split_02|split_04|split_06|split_08|split_09,"{""densenet121"": 0.0185, ""efficientnet_b0"": 0.0, ""resnet18"": 0.854, ""resnet50"": 0.1275}",0.854,2000,paired crossed split-seed
sipakmed_A_cnn4_all5,78,split_02|split_04|split_06|split_07|split_10,"{""densenet121"": 0.0255, ""efficientnet_b0"": 0.0, ""resnet18"": 0.8675, ""resnet50"": 0.107}",0.8675,2000,paired crossed split-seed
sipakmed_A_cnn4_all5,79,split_02|split_04|split_06|split_07|split_09,"{""densenet121"": 0.0095, ""efficientnet_b0"": 0.0, ""resnet18"": 0.9855, ""resnet50"": 0.005}",0.9855,2000,paired crossed split-seed
sipakmed_A_cnn4_all5,80,split_02|split_04|split_06|split_07|split_08,"{""densenet121"": 0.015, ""efficientnet_b0"": 0.0, ""resnet18"": 0.919, ""resnet50"": 0.066}",0.919,2000,paired crossed split-seed
sipakmed_A_cnn4_all5,81,split_02|split_04|split_05|split_09|split_10,"{""densenet121"": 0.035, ""efficientnet_b0"": 0.0, ""resnet18"": 0.492, ""resnet50"": 0.473}",0.492,2000,paired crossed split-seed
sipakmed_A_cnn4_all5,82,split_02|split_04|split_05|split_08|split_10,"{""densenet121"": 0.0475, ""efficientnet_b0"": 0.0, ""resnet18"": 0.216, ""resnet50"": 0.7365}",0.7365,2000,paired crossed split-seed
sipakmed_A_cnn4_all5,83,split_02|split_04|split_05|split_08|split_09,"{""densenet121"": 0.018, ""efficientnet_b0"": 0.0, ""resnet18"": 0.5995, ""resnet50"": 0.3825}",0.5995,2000,paired crossed split-seed
sipakmed_A_cnn4_all5,84,split_02|split_04|split_05|split_07|split_10,"{""densenet121"": 0.0345, ""efficientnet_b0"": 0.0, ""resnet18"": 0.658, ""resnet50"": 0.3075}",0.658,2000,paired crossed split-seed
sipakmed_A_cnn4_all5,85,split_02|split_04|split_05|split_07|split_09,"{""densenet121"": 0.019, ""efficientnet_b0"": 0.0, ""resnet18"": 0.924, ""resnet50"": 0.057}",0.924,2000,paired crossed split-seed
sipakmed_A_cnn4_all5,86,split_02|split_04|split_05|split_07|split_08,"{""densenet121"": 0.017, ""efficientnet_b0"": 0.0, ""resnet18"": 0.7475, ""resnet50"": 0.2355}",0.7475,2000,paired crossed split-seed
sipakmed_A_cnn4_all5,87,split_02|split_04|split_05|split_06|split_10,"{""densenet121"": 0.035, ""efficientnet_b0"": 0.0, ""resnet18"": 0.6465, ""resnet50"": 0.3185}",0.6465,2000,paired crossed split-seed
sipakmed_A_cnn4_all5,88,split_02|split_04|split_05|split_06|split_09,"{""densenet121"": 0.0115, ""efficientnet_b0"": 0.0, ""resnet18"": 0.91, ""resnet50"": 0.0785}",0.91,2000,paired crossed split-seed
sipakmed_A_cnn4_all5,89,split_02|split_04|split_05|split_06|split_08,"{""densenet121"": 0.015, ""efficientnet_b0"": 0.0, ""resnet18"": 0.7035, ""resnet50"": 0.2815}",0.7035,2000,paired crossed split-seed
sipakmed_A_cnn4_all5,90,split_02|split_04|split_05|split_06|split_07,"{""densenet121"": 0.01, ""efficientnet_b0"": 0.0, ""resnet18"": 0.946, ""resnet50"": 0.044}",0.946,2000,paired crossed split-seed
sipakmed_A_cnn4_all5,91,split_02|split_03|split_08|split_09|split_10,"{""densenet121"": 0.0, ""efficientnet_b0"": 0.0, ""resnet18"": 0.4795, ""resnet50"": 0.5205}",0.5205,2000,paired crossed split-seed
sipakmed_A_cnn4_all5,92,split_02|split_03|split_07|split_09|split_10,"{""densenet121"": 0.0, ""efficientnet_b0"": 0.0, ""resnet18"": 0.827, ""resnet50"": 0.173}",0.827,2000,paired crossed split-seed
sipakmed_A_cnn4_all5,93,split_02|split_03|split_07|split_08|split_10,"{""densenet121"": 0.0, ""efficientnet_b0"": 0.0, ""resnet18"": 0.6405, ""resnet50"": 0.3595}",0.6405,2000,paired crossed split-seed
sipakmed_A_cnn4_all5,94,split_02|split_03|split_07|split_08|split_09,"{""densenet121"": 0.0, ""efficientnet_b0"": 0.0, ""resnet18"": 0.8905, ""resnet50"": 0.1095}",0.8905,2000,paired crossed split-seed
sipakmed_A_cnn4_all5,95,split_02|split_03|split_06|split_09|split_10,"{""densenet121"": 0.0, ""efficientnet_b0"": 0.0, ""resnet18"": 0.793, ""resnet50"": 0.207}",0.793,2000,paired crossed split-seed
sipakmed_A_cnn4_all5,96,split_02|split_03|split_06|split_08|split_10,"{""densenet121"": 0.0005, ""efficientnet_b0"": 0.0, ""resnet18"": 0.6245, ""resnet50"": 0.375}",0.6245,2000,paired crossed split-seed
sipakmed_A_cnn4_all5,97,split_02|split_03|split_06|split_08|split_09,"{""densenet121"": 0.0, ""efficientnet_b0"": 0.0, ""resnet18"": 0.8515, ""resnet50"": 0.1485}",0.8515,2000,paired crossed split-seed
sipakmed_A_cnn4_all5,98,split_02|split_03|split_06|split_07|split_10,"{""densenet121"": 0.0, ""efficientnet_b0"": 0.0, ""resnet18"": 0.8705, ""resnet50"": 0.1295}",0.8705,2000,paired crossed split-seed
sipakmed_A_cnn4_all5,99,split_02|split_03|split_06|split_07|split_09,"{""densenet121"": 0.0, ""efficientnet_b0"": 0.0, ""resnet18"": 0.9885, ""resnet50"": 0.0115}",0.9885,2000,paired crossed split-seed
sipakmed_A_cnn4_all5,100,split_02|split_03|split_06|split_07|split_08,"{""densenet121"": 0.0, ""efficientnet_b0"": 0.0, ""resnet18"": 0.9255, ""resnet50"": 0.0745}",0.9255,2000,paired crossed split-seed
sipakmed_A_cnn4_all5,101,split_02|split_03|split_05|split_09|split_10,"{""densenet121"": 0.0, ""efficientnet_b0"": 0.0, ""resnet18"": 0.5305, ""resnet50"": 0.4695}",0.5305,2000,paired crossed split-seed
sipakmed_A_cnn4_all5,102,split_02|split_03|split_05|split_08|split_10,"{""densenet121"": 0.0, ""efficientnet_b0"": 0.0, ""resnet18"": 0.231, ""resnet50"": 0.769}",0.769,2000,paired crossed split-seed
sipakmed_A_cnn4_all5,103,split_02|split_03|split_05|split_08|split_09,"{""densenet121"": 0.0, ""efficientnet_b0"": 0.0, ""resnet18"": 0.576, ""resnet50"": 0.424}",0.576,2000,paired crossed split-seed
sipakmed_A_cnn4_all5,104,split_02|split_03|split_05|split_07|split_10,"{""densenet121"": 0.0, ""efficientnet_b0"": 0.0, ""resnet18"": 0.6765, ""resnet50"": 0.3235}",0.6765,2000,paired crossed split-seed
sipakmed_A_cnn4_all5,105,split_02|split_03|split_05|split_07|split_09,"{""densenet121"": 0.0, ""efficientnet_b0"": 0.0, ""resnet18"": 0.924, ""resnet50"": 0.076}",0.924,2000,paired crossed split-seed
sipakmed_A_cnn4_all5,106,split_02|split_03|split_05|split_07|split_08,"{""densenet121"": 0.0, ""efficientnet_b0"": 0.0, ""resnet18"": 0.745, ""resnet50"": 0.255}",0.745,2000,paired crossed split-seed
sipakmed_A_cnn4_all5,107,split_02|split_03|split_05|split_06|split_10,"{""densenet121"": 0.0, ""efficientnet_b0"": 0.0, ""resnet18"": 0.6555, ""resnet50"": 0.3445}",0.6555,2000,paired crossed split-seed
sipakmed_A_cnn4_all5,108,split_02|split_03|split_05|split_06|split_09,"{""densenet121"": 0.0, ""efficientnet_b0"": 0.0, ""resnet18"": 0.9065, ""resnet50"": 0.0935}",0.9065,2000,paired crossed split-seed
sipakmed_A_cnn4_all5,109,split_02|split_03|split_05|split_06|split_08,"{""densenet121"": 0.0, ""efficientnet_b0"": 0.0, ""resnet18"": 0.6935, ""resnet50"": 0.3065}",0.6935,2000,paired crossed split-seed
sipakmed_A_cnn4_all5,110,split_02|split_03|split_05|split_06|split_07,"{""densenet121"": 0.0, ""efficientnet_b0"": 0.0, ""resnet18"": 0.96, ""resnet50"": 0.04}",0.96,2000,paired crossed split-seed
sipakmed_A_cnn4_all5,111,split_02|split_03|split_04|split_09|split_10,"{""densenet121"": 0.0435, ""efficientnet_b0"": 0.0, ""resnet18"": 0.666, ""resnet50"": 0.2905}",0.666,2000,paired crossed split-seed
sipakmed_A_cnn4_all5,112,split_02|split_03|split_04|split_08|split_10,"{""densenet121"": 0.046, ""efficientnet_b0"": 0.0, ""resnet18"": 0.4, ""resnet50"": 0.554}",0.554,2000,paired crossed split-seed
sipakmed_A_cnn4_all5,113,split_02|split_03|split_04|split_08|split_09,"{""densenet121"": 0.028, ""efficientnet_b0"": 0.0, ""resnet18"": 0.74, ""resnet50"": 0.232}",0.74,2000,paired crossed split-seed
sipakmed_A_cnn4_all5,114,split_02|split_03|split_04|split_07|split_10,"{""densenet121"": 0.047, ""efficientnet_b0"": 0.0, ""resnet18"": 0.7725, ""resnet50"": 0.1805}",0.7725,2000,paired crossed split-seed
sipakmed_A_cnn4_all5,115,split_02|split_03|split_04|split_07|split_09,"{""densenet121"": 0.0145, ""efficientnet_b0"": 0.0, ""resnet18"": 0.962, ""resnet50"": 0.0235}",0.962,2000,paired crossed split-seed
sipakmed_A_cnn4_all5,116,split_02|split_03|split_04|split_07|split_08,"{""densenet121"": 0.017, ""efficientnet_b0"": 0.0, ""resnet18"": 0.853, ""resnet50"": 0.13}",0.853,2000,paired crossed split-seed
sipakmed_A_cnn4_all5,117,split_02|split_03|split_04|split_06|split_10,"{""densenet121"": 0.046, ""efficientnet_b0"": 0.0, ""resnet18"": 0.7425, ""resnet50"": 0.2115}",0.7425,2000,paired crossed split-seed
sipakmed_A_cnn4_all5,118,split_02|split_03|split_04|split_06|split_09,"{""densenet121"": 0.018, ""efficientnet_b0"": 0.0, ""resnet18"": 0.946, ""resnet50"": 0.036}",0.946,2000,paired crossed split-seed
sipakmed_A_cnn4_all5,119,split_02|split_03|split_04|split_06|split_08,"{""densenet121"": 0.019, ""efficientnet_b0"": 0.0, ""resnet18"": 0.8185, ""resnet50"": 0.1625}",0.8185,2000,paired crossed split-seed
sipakmed_A_cnn4_all5,120,split_02|split_03|split_04|split_06|split_07,"{""densenet121"": 0.0145, ""efficientnet_b0"": 0.0, ""resnet18"": 0.9725, ""resnet50"": 0.013}",0.9725,2000,paired crossed split-seed
sipakmed_A_cnn4_all5,121,split_02|split_03|split_04|split_05|split_10,"{""densenet121"": 0.0445, ""efficientnet_b0"": 0.0, ""resnet18"": 0.4365, ""resnet50"": 0.519}",0.519,2000,paired crossed split-seed
sipakmed_A_cnn4_all5,122,split_02|split_03|split_04|split_05|split_09,"{""densenet121"": 0.0155, ""efficientnet_b0"": 0.0, ""resnet18"": 0.85, ""resnet50"": 0.1345}",0.85,2000,paired crossed split-seed
sipakmed_A_cnn4_all5,123,split_02|split_03|split_04|split_05|split_08,"{""densenet121"": 0.021, ""efficientnet_b0"": 0.0, ""resnet18"": 0.5, ""resnet50"": 0.479}",0.5,2000,paired crossed split-seed
sipakmed_A_cnn4_all5,124,split_02|split_03|split_04|split_05|split_07,"{""densenet121"": 0.0165, ""efficientnet_b0"": 0.0, ""resnet18"": 0.903, ""resnet50"": 0.0805}",0.903,2000,paired crossed split-seed
sipakmed_A_cnn4_all5,125,split_02|split_03|split_04|split_05|split_06,"{""densenet121"": 0.0115, ""efficientnet_b0"": 0.0, ""resnet18"": 0.8935, ""resnet50"": 0.095}",0.8935,2000,paired crossed split-seed
sipakmed_A_cnn4_all5,126,split_01|split_07|split_08|split_09|split_10,"{""densenet121"": 0.0, ""efficientnet_b0"": 0.0, ""resnet18"": 0.6625, ""resnet50"": 0.3375}",0.6625,2000,paired crossed split-seed
sipakmed_A_cnn4_all5,127,split_01|split_06|split_08|split_09|split_10,"{""densenet121"": 0.0, ""efficientnet_b0"": 0.0, ""resnet18"": 0.5955, ""resnet50"": 0.4045}",0.5955,2000,paired crossed split-seed
sipakmed_A_cnn4_all5,128,split_01|split_06|split_07|split_09|split_10,"{""densenet121"": 0.0, ""efficientnet_b0"": 0.0, ""resnet18"": 0.887, ""resnet50"": 0.113}",0.887,2000,paired crossed split-seed
sipakmed_A_cnn4_all5,129,split_01|split_06|split_07|split_08|split_10,"{""densenet121"": 0.0, ""efficientnet_b0"": 0.0, ""resnet18"": 0.7325, ""resnet50"": 0.2675}",0.7325,2000,paired crossed split-seed
sipakmed_A_cnn4_all5,130,split_01|split_06|split_07|split_08|split_09,"{""densenet121"": 0.0, ""efficientnet_b0"": 0.0, ""resnet18"": 0.932, ""resnet50"": 0.068}",0.932,2000,paired crossed split-seed
sipakmed_A_cnn4_all5,131,split_01|split_05|split_08|split_09|split_10,"{""densenet121"": 0.0, ""efficientnet_b0"": 0.0, ""resnet18"": 0.244, ""resnet50"": 0.756}",0.756,2000,paired crossed split-seed
sipakmed_A_cnn4_all5,132,split_01|split_05|split_07|split_09|split_10,"{""densenet121"": 0.0, ""efficientnet_b0"": 0.0, ""resnet18"": 0.7085, ""resnet50"": 0.2915}",0.7085,2000,paired crossed split-seed
sipakmed_A_cnn4_all5,133,split_01|split_05|split_07|split_08|split_10,"{""densenet121"": 0.0, ""efficientnet_b0"": 0.0, ""resnet18"": 0.448, ""resnet50"": 0.552}",0.552,2000,paired crossed split-seed
sipakmed_A_cnn4_all5,134,split_01|split_05|split_07|split_08|split_09,"{""densenet121"": 0.0, ""efficientnet_b0"": 0.0, ""resnet18"": 0.7545, ""resnet50"": 0.2455}",0.7545,2000,paired crossed split-seed
sipakmed_A_cnn4_all5,135,split_01|split_05|split_06|split_09|split_10,"{""densenet121"": 0.0, ""efficientnet_b0"": 0.0, ""resnet18"": 0.647, ""resnet50"": 0.353}",0.647,2000,paired crossed split-seed
sipakmed_A_cnn4_all5,136,split_01|split_05|split_06|split_08|split_10,"{""densenet121"": 0.0, ""efficientnet_b0"": 0.0, ""resnet18"": 0.411, ""resnet50"": 0.589}",0.589,2000,paired crossed split-seed
sipakmed_A_cnn4_all5,137,split_01|split_05|split_06|split_08|split_09,"{""densenet121"": 0.0, ""efficientnet_b0"": 0.0, ""resnet18"": 0.726, ""resnet50"": 0.274}",0.726,2000,paired crossed split-seed
sipakmed_A_cnn4_all5,138,split_01|split_05|split_06|split_07|split_10,"{""densenet121"": 0.0, ""efficientnet_b0"": 0.0, ""resnet18"": 0.7765, ""resnet50"": 0.2235}",0.7765,2000,paired crossed split-seed
sipakmed_A_cnn4_all5,139,split_01|split_05|split_06|split_07|split_09,"{""densenet121"": 0.0, ""efficientnet_b0"": 0.0, ""resnet18"": 0.948, ""resnet50"": 0.052}",0.948,2000,paired crossed split-seed
sipakmed_A_cnn4_all5,140,split_01|split_05|split_06|split_07|split_08,"{""densenet121"": 0.0, ""efficientnet_b0"": 0.0, ""resnet18"": 0.816, ""resnet50"": 0.184}",0.816,2000,paired crossed split-seed
sipakmed_A_cnn4_all5,141,split_01|split_04|split_08|split_09|split_10,"{""densenet121"": 0.043, ""efficientnet_b0"": 0.0, ""resnet18"": 0.4225, ""resnet50"": 0.5345}",0.5345,2000,paired crossed split-seed
sipakmed_A_cnn4_all5,142,split_01|split_04|split_07|split_09|split_10,"{""densenet121"": 0.034, ""efficientnet_b0"": 0.0, ""resnet18"": 0.8005, ""resnet50"": 0.1655}",0.8005,2000,paired crossed split-seed
sipakmed_A_cnn4_all5,143,split_01|split_04|split_07|split_08|split_10,"{""densenet121"": 0.032, ""efficientnet_b0"": 0.0, ""resnet18"": 0.617, ""resnet50"": 0.351}",0.617,2000,paired crossed split-seed
sipakmed_A_cnn4_all5,144,split_01|split_04|split_07|split_08|split_09,"{""densenet121"": 0.014, ""efficientnet_b0"": 0.0, ""resnet18"": 0.8715, ""resnet50"": 0.1145}",0.8715,2000,paired crossed split-seed
sipakmed_A_cnn4_all5,145,split_01|split_04|split_06|split_09|split_10,"{""densenet121"": 0.032, ""efficientnet_b0"": 0.0, ""resnet18"": 0.7515, ""resnet50"": 0.2165}",0.7515,2000,paired crossed split-seed
sipakmed_A_cnn4_all5,146,split_01|split_04|split_06|split_08|split_10,"{""densenet121"": 0.0355, ""efficientnet_b0"": 0.0, ""resnet18"": 0.5595, ""resnet50"": 0.405}",0.5595,2000,paired crossed split-seed
sipakmed_A_cnn4_all5,147,split_01|split_04|split_06|split_08|split_09,"{""densenet121"": 0.009, ""efficientnet_b0"": 0.0, ""resnet18"": 0.836, ""resnet50"": 0.155}",0.836,2000,paired crossed split-seed
sipakmed_A_cnn4_all5,148,split_01|split_04|split_06|split_07|split_10,"{""densenet121"": 0.0235, ""efficientnet_b0"": 0.0, ""resnet18"": 0.8745, ""resnet50"": 0.102}",0.8745,2000,paired crossed split-seed
sipakmed_A_cnn4_all5,149,split_01|split_04|split_06|split_07|split_09,"{""densenet121"": 0.009, ""efficientnet_b0"": 0.0, ""resnet18"": 0.979, ""resnet50"": 0.012}",0.979,2000,paired crossed split-seed
sipakmed_A_cnn4_all5,150,split_01|split_04|split_06|split_07|split_08,"{""densenet121"": 0.011, ""efficientnet_b0"": 0.0, ""resnet18"": 0.909, ""resnet50"": 0.08}",0.909,2000,paired crossed split-seed
sipakmed_A_cnn4_all5,151,split_01|split_04|split_05|split_09|split_10,"{""densenet121"": 0.0425, ""efficientnet_b0"": 0.0, ""resnet18"": 0.469, ""resnet50"": 0.4885}",0.4885,2000,paired crossed split-seed
sipakmed_A_cnn4_all5,152,split_01|split_04|split_05|split_08|split_10,"{""densenet121"": 0.0395, ""efficientnet_b0"": 0.0, ""resnet18"": 0.17, ""resnet50"": 0.7905}",0.7905,2000,paired crossed split-seed
sipakmed_A_cnn4_all5,153,split_01|split_04|split_05|split_08|split_09,"{""densenet121"": 0.0145, ""efficientnet_b0"": 0.0, ""resnet18"": 0.5365, ""resnet50"": 0.449}",0.5365,2000,paired crossed split-seed
sipakmed_A_cnn4_all5,154,split_01|split_04|split_05|split_07|split_10,"{""densenet121"": 0.023, ""efficientnet_b0"": 0.0, ""resnet18"": 0.6315, ""resnet50"": 0.3455}",0.6315,2000,paired crossed split-seed
sipakmed_A_cnn4_all5,155,split_01|split_04|split_05|split_07|split_09,"{""densenet121"": 0.0155, ""efficientnet_b0"": 0.0, ""resnet18"": 0.9195, ""resnet50"": 0.065}",0.9195,2000,paired crossed split-seed
sipakmed_A_cnn4_all5,156,split_01|split_04|split_05|split_07|split_08,"{""densenet121"": 0.0175, ""efficientnet_b0"": 0.0, ""resnet18"": 0.688, ""resnet50"": 0.2945}",0.688,2000,paired crossed split-seed
sipakmed_A_cnn4_all5,157,split_01|split_04|split_05|split_06|split_10,"{""densenet121"": 0.029, ""efficientnet_b0"": 0.0, ""resnet18"": 0.5895, ""resnet50"": 0.3815}",0.5895,2000,paired crossed split-seed
sipakmed_A_cnn4_all5,158,split_01|split_04|split_05|split_06|split_09,"{""densenet121"": 0.011, ""efficientnet_b0"": 0.0, ""resnet18"": 0.896, ""resnet50"": 0.093}",0.896,2000,paired crossed split-seed
sipakmed_A_cnn4_all5,159,split_01|split_04|split_05|split_06|split_08,"{""densenet121"": 0.011, ""efficientnet_b0"": 0.0, ""resnet18"": 0.661, ""resnet50"": 0.328}",0.661,2000,paired crossed split-seed
sipakmed_A_cnn4_all5,160,split_01|split_04|split_05|split_06|split_07,"{""densenet121"": 0.0085, ""efficientnet_b0"": 0.0, ""resnet18"": 0.942, ""resnet50"": 0.0495}",0.942,2000,paired crossed split-seed
sipakmed_A_cnn4_all5,161,split_01|split_03|split_08|split_09|split_10,"{""densenet121"": 0.0, ""efficientnet_b0"": 0.0, ""resnet18"": 0.4705, ""resnet50"": 0.5295}",0.5295,2000,paired crossed split-seed
sipakmed_A_cnn4_all5,162,split_01|split_03|split_07|split_09|split_10,"{""densenet121"": 0.0, ""efficientnet_b0"": 0.0, ""resnet18"": 0.8145, ""resnet50"": 0.1855}",0.8145,2000,paired crossed split-seed
sipakmed_A_cnn4_all5,163,split_01|split_03|split_07|split_08|split_10,"{""densenet121"": 0.0, ""efficientnet_b0"": 0.0, ""resnet18"": 0.591, ""resnet50"": 0.409}",0.591,2000,paired crossed split-seed
sipakmed_A_cnn4_all5,164,split_01|split_03|split_07|split_08|split_09,"{""densenet121"": 0.0, ""efficientnet_b0"": 0.0, ""resnet18"": 0.867, ""resnet50"": 0.133}",0.867,2000,paired crossed split-seed
sipakmed_A_cnn4_all5,165,split_01|split_03|split_06|split_09|split_10,"{""densenet121"": 0.0, ""efficientnet_b0"": 0.0, ""resnet18"": 0.7695, ""resnet50"": 0.2305}",0.7695,2000,paired crossed split-seed
sipakmed_A_cnn4_all5,166,split_01|split_03|split_06|split_08|split_10,"{""densenet121"": 0.0, ""efficientnet_b0"": 0.0, ""resnet18"": 0.5915, ""resnet50"": 0.4085}",0.5915,2000,paired crossed split-seed
sipakmed_A_cnn4_all5,167,split_01|split_03|split_06|split_08|split_09,"{""densenet121"": 0.0, ""efficientnet_b0"": 0.0, ""resnet18"": 0.842, ""resnet50"": 0.158}",0.842,2000,paired crossed split-seed
sipakmed_A_cnn4_all5,168,split_01|split_03|split_06|split_07|split_10,"{""densenet121"": 0.0, ""efficientnet_b0"": 0.0, ""resnet18"": 0.867, ""resnet50"": 0.133}",0.867,2000,paired crossed split-seed
sipakmed_A_cnn4_all5,169,split_01|split_03|split_06|split_07|split_09,"{""densenet121"": 0.0, ""efficientnet_b0"": 0.0, ""resnet18"": 0.9845, ""resnet50"": 0.0155}",0.9845,2000,paired crossed split-seed
sipakmed_A_cnn4_all5,170,split_01|split_03|split_06|split_07|split_08,"{""densenet121"": 0.0, ""efficientnet_b0"": 0.0, ""resnet18"": 0.918, ""resnet50"": 0.082}",0.918,2000,paired crossed split-seed
sipakmed_A_cnn4_all5,171,split_01|split_03|split_05|split_09|split_10,"{""densenet121"": 0.0, ""efficientnet_b0"": 0.0, ""resnet18"": 0.4765, ""resnet50"": 0.5235}",0.5235,2000,paired crossed split-seed
sipakmed_A_cnn4_all5,172,split_01|split_03|split_05|split_08|split_10,"{""densenet121"": 0.0, ""efficientnet_b0"": 0.0, ""resnet18"": 0.1825, ""resnet50"": 0.8175}",0.8175,2000,paired crossed split-seed
sipakmed_A_cnn4_all5,173,split_01|split_03|split_05|split_08|split_09,"{""densenet121"": 0.0, ""efficientnet_b0"": 0.0, ""resnet18"": 0.5255, ""resnet50"": 0.4745}",0.5255,2000,paired crossed split-seed
sipakmed_A_cnn4_all5,174,split_01|split_03|split_05|split_07|split_10,"{""densenet121"": 0.0, ""efficientnet_b0"": 0.0, ""resnet18"": 0.6345, ""resnet50"": 0.3655}",0.6345,2000,paired crossed split-seed
sipakmed_A_cnn4_all5,175,split_01|split_03|split_05|split_07|split_09,"{""densenet121"": 0.0, ""efficientnet_b0"": 0.0, ""resnet18"": 0.9115, ""resnet50"": 0.0885}",0.9115,2000,paired crossed split-seed
sipakmed_A_cnn4_all5,176,split_01|split_03|split_05|split_07|split_08,"{""densenet121"": 0.0, ""efficientnet_b0"": 0.0, ""resnet18"": 0.687, ""resnet50"": 0.313}",0.687,2000,paired crossed split-seed
sipakmed_A_cnn4_all5,177,split_01|split_03|split_05|split_06|split_10,"{""densenet121"": 0.0, ""efficientnet_b0"": 0.0, ""resnet18"": 0.6235, ""resnet50"": 0.3765}",0.6235,2000,paired crossed split-seed
sipakmed_A_cnn4_all5,178,split_01|split_03|split_05|split_06|split_09,"{""densenet121"": 0.0, ""efficientnet_b0"": 0.0, ""resnet18"": 0.8815, ""resnet50"": 0.1185}",0.8815,2000,paired crossed split-seed
sipakmed_A_cnn4_all5,179,split_01|split_03|split_05|split_06|split_08,"{""densenet121"": 0.0, ""efficientnet_b0"": 0.0, ""resnet18"": 0.652, ""resnet50"": 0.348}",0.652,2000,paired crossed split-seed
sipakmed_A_cnn4_all5,180,split_01|split_03|split_05|split_06|split_07,"{""densenet121"": 0.0, ""efficientnet_b0"": 0.0, ""resnet18"": 0.948, ""resnet50"": 0.052}",0.948,2000,paired crossed split-seed
sipakmed_A_cnn4_all5,181,split_01|split_03|split_04|split_09|split_10,"{""densenet121"": 0.0435, ""efficientnet_b0"": 0.0, ""resnet18"": 0.621, ""resnet50"": 0.3355}",0.621,2000,paired crossed split-seed
sipakmed_A_cnn4_all5,182,split_01|split_03|split_04|split_08|split_10,"{""densenet121"": 0.0525, ""efficientnet_b0"": 0.0, ""resnet18"": 0.3465, ""resnet50"": 0.601}",0.601,2000,paired crossed split-seed
sipakmed_A_cnn4_all5,183,split_01|split_03|split_04|split_08|split_09,"{""densenet121"": 0.022, ""efficientnet_b0"": 0.0, ""resnet18"": 0.705, ""resnet50"": 0.273}",0.705,2000,paired crossed split-seed
sipakmed_A_cnn4_all5,184,split_01|split_03|split_04|split_07|split_10,"{""densenet121"": 0.036, ""efficientnet_b0"": 0.0, ""resnet18"": 0.7625, ""resnet50"": 0.2015}",0.7625,2000,paired crossed split-seed
sipakmed_A_cnn4_all5,185,split_01|split_03|split_04|split_07|split_09,"{""densenet121"": 0.019, ""efficientnet_b0"": 0.0, ""resnet18"": 0.9525, ""resnet50"": 0.0285}",0.9525,2000,paired crossed split-seed
sipakmed_A_cnn4_all5,186,split_01|split_03|split_04|split_07|split_08,"{""densenet121"": 0.022, ""efficientnet_b0"": 0.0, ""resnet18"": 0.8325, ""resnet50"": 0.1455}",0.8325,2000,paired crossed split-seed
sipakmed_A_cnn4_all5,187,split_01|split_03|split_04|split_06|split_10,"{""densenet121"": 0.029, ""efficientnet_b0"": 0.0, ""resnet18"": 0.7325, ""resnet50"": 0.2385}",0.7325,2000,paired crossed split-seed
sipakmed_A_cnn4_all5,188,split_01|split_03|split_04|split_06|split_09,"{""densenet121"": 0.009, ""efficientnet_b0"": 0.0, ""resnet18"": 0.947, ""resnet50"": 0.044}",0.947,2000,paired crossed split-seed
sipakmed_A_cnn4_all5,189,split_01|split_03|split_04|split_06|split_08,"{""densenet121"": 0.0165, ""efficientnet_b0"": 0.0, ""resnet18"": 0.795, ""resnet50"": 0.1885}",0.795,2000,paired crossed split-seed
sipakmed_A_cnn4_all5,190,split_01|split_03|split_04|split_06|split_07,"{""densenet121"": 0.0095, ""efficientnet_b0"": 0.0, ""resnet18"": 0.9715, ""resnet50"": 0.019}",0.9715,2000,paired crossed split-seed
sipakmed_A_cnn4_all5,191,split_01|split_03|split_04|split_05|split_10,"{""densenet121"": 0.0295, ""efficientnet_b0"": 0.0, ""resnet18"": 0.3715, ""resnet50"": 0.599}",0.599,2000,paired crossed split-seed
sipakmed_A_cnn4_all5,192,split_01|split_03|split_04|split_05|split_09,"{""densenet121"": 0.0175, ""efficientnet_b0"": 0.0, ""resnet18"": 0.787, ""resnet50"": 0.1955}",0.787,2000,paired crossed split-seed
sipakmed_A_cnn4_all5,193,split_01|split_03|split_04|split_05|split_08,"{""densenet121"": 0.0195, ""efficientnet_b0"": 0.0, ""resnet18"": 0.4435, ""resnet50"": 0.537}",0.537,2000,paired crossed split-seed
sipakmed_A_cnn4_all5,194,split_01|split_03|split_04|split_05|split_07,"{""densenet121"": 0.017, ""efficientnet_b0"": 0.0, ""resnet18"": 0.8705, ""resnet50"": 0.1125}",0.8705,2000,paired crossed split-seed
sipakmed_A_cnn4_all5,195,split_01|split_03|split_04|split_05|split_06,"{""densenet121"": 0.01, ""efficientnet_b0"": 0.0, ""resnet18"": 0.8555, ""resnet50"": 0.1345}",0.8555,2000,paired crossed split-seed
sipakmed_A_cnn4_all5,196,split_01|split_02|split_08|split_09|split_10,"{""densenet121"": 0.0, ""efficientnet_b0"": 0.0, ""resnet18"": 0.4925, ""resnet50"": 0.5075}",0.4925,2000,paired crossed split-seed
sipakmed_A_cnn4_all5,197,split_01|split_02|split_07|split_09|split_10,"{""densenet121"": 0.0, ""efficientnet_b0"": 0.0, ""resnet18"": 0.844, ""resnet50"": 0.156}",0.844,2000,paired crossed split-seed
sipakmed_A_cnn4_all5,198,split_01|split_02|split_07|split_08|split_10,"{""densenet121"": 0.0, ""efficientnet_b0"": 0.0, ""resnet18"": 0.6805, ""resnet50"": 0.3195}",0.6805,2000,paired crossed split-seed
sipakmed_A_cnn4_all5,199,split_01|split_02|split_07|split_08|split_09,"{""densenet121"": 0.0, ""efficientnet_b0"": 0.0, ""resnet18"": 0.9115, ""resnet50"": 0.0885}",0.9115,2000,paired crossed split-seed
sipakmed_A_cnn4_all5,200,split_01|split_02|split_06|split_09|split_10,"{""densenet121"": 0.0, ""efficientnet_b0"": 0.0, ""resnet18"": 0.812, ""resnet50"": 0.188}",0.812,2000,paired crossed split-seed
sipakmed_A_cnn4_all5,201,split_01|split_02|split_06|split_08|split_10,"{""densenet121"": 0.0, ""efficientnet_b0"": 0.0, ""resnet18"": 0.6225, ""resnet50"": 0.3775}",0.6225,2000,paired crossed split-seed
sipakmed_A_cnn4_all5,202,split_01|split_02|split_06|split_08|split_09,"{""densenet121"": 0.0, ""efficientnet_b0"": 0.0, ""resnet18"": 0.893, ""resnet50"": 0.107}",0.893,2000,paired crossed split-seed
sipakmed_A_cnn4_all5,203,split_01|split_02|split_06|split_07|split_10,"{""densenet121"": 0.0, ""efficientnet_b0"": 0.0, ""resnet18"": 0.881, ""resnet50"": 0.119}",0.881,2000,paired crossed split-seed
sipakmed_A_cnn4_all5,204,split_01|split_02|split_06|split_07|split_09,"{""densenet121"": 0.0, ""efficientnet_b0"": 0.0, ""resnet18"": 0.997, ""resnet50"": 0.003}",0.997,2000,paired crossed split-seed
sipakmed_A_cnn4_all5,205,split_01|split_02|split_06|split_07|split_08,"{""densenet121"": 0.0, ""efficientnet_b0"": 0.0, ""resnet18"": 0.942, ""resnet50"": 0.058}",0.942,2000,paired crossed split-seed
sipakmed_A_cnn4_all5,206,split_01|split_02|split_05|split_09|split_10,"{""densenet121"": 0.0, ""efficientnet_b0"": 0.0, ""resnet18"": 0.5405, ""resnet50"": 0.4595}",0.5405,2000,paired crossed split-seed
sipakmed_A_cnn4_all5,207,split_01|split_02|split_05|split_08|split_10,"{""densenet121"": 0.0, ""efficientnet_b0"": 0.0, ""resnet18"": 0.2485, ""resnet50"": 0.7515}",0.7515,2000,paired crossed split-seed
sipakmed_A_cnn4_all5,208,split_01|split_02|split_05|split_08|split_09,"{""densenet121"": 0.0, ""efficientnet_b0"": 0.0, ""resnet18"": 0.6195, ""resnet50"": 0.3805}",0.6195,2000,paired crossed split-seed
sipakmed_A_cnn4_all5,209,split_01|split_02|split_05|split_07|split_10,"{""densenet121"": 0.0, ""efficientnet_b0"": 0.0, ""resnet18"": 0.7045, ""resnet50"": 0.2955}",0.7045,2000,paired crossed split-seed
sipakmed_A_cnn4_all5,210,split_01|split_02|split_05|split_07|split_09,"{""densenet121"": 0.0, ""efficientnet_b0"": 0.0, ""resnet18"": 0.9435, ""resnet50"": 0.0565}",0.9435,2000,paired crossed split-seed
sipakmed_A_cnn4_all5,211,split_01|split_02|split_05|split_07|split_08,"{""densenet121"": 0.0, ""efficientnet_b0"": 0.0, ""resnet18"": 0.775, ""resnet50"": 0.225}",0.775,2000,paired crossed split-seed
sipakmed_A_cnn4_all5,212,split_01|split_02|split_05|split_06|split_10,"{""densenet121"": 0.0005, ""efficientnet_b0"": 0.0, ""resnet18"": 0.668, ""resnet50"": 0.3315}",0.668,2000,paired crossed split-seed
sipakmed_A_cnn4_all5,213,split_01|split_02|split_05|split_06|split_09,"{""densenet121"": 0.0, ""efficientnet_b0"": 0.0, ""resnet18"": 0.9345, ""resnet50"": 0.0655}",0.9345,2000,paired crossed split-seed
sipakmed_A_cnn4_all5,214,split_01|split_02|split_05|split_06|split_08,"{""densenet121"": 0.0, ""efficientnet_b0"": 0.0, ""resnet18"": 0.7205, ""resnet50"": 0.2795}",0.7205,2000,paired crossed split-seed
sipakmed_A_cnn4_all5,215,split_01|split_02|split_05|split_06|split_07,"{""densenet121"": 0.0, ""efficientnet_b0"": 0.0, ""resnet18"": 0.97, ""resnet50"": 0.03}",0.97,2000,paired crossed split-seed
sipakmed_A_cnn4_all5,216,split_01|split_02|split_04|split_09|split_10,"{""densenet121"": 0.0365, ""efficientnet_b0"": 0.0, ""resnet18"": 0.694, ""resnet50"": 0.2695}",0.694,2000,paired crossed split-seed
sipakmed_A_cnn4_all5,217,split_01|split_02|split_04|split_08|split_10,"{""densenet121"": 0.041, ""efficientnet_b0"": 0.0, ""resnet18"": 0.426, ""resnet50"": 0.533}",0.533,2000,paired crossed split-seed
sipakmed_A_cnn4_all5,218,split_01|split_02|split_04|split_08|split_09,"{""densenet121"": 0.014, ""efficientnet_b0"": 0.0, ""resnet18"": 0.809, ""resnet50"": 0.177}",0.809,2000,paired crossed split-seed
sipakmed_A_cnn4_all5,219,split_01|split_02|split_04|split_07|split_10,"{""densenet121"": 0.0385, ""efficientnet_b0"": 0.0, ""resnet18"": 0.792, ""resnet50"": 0.1695}",0.792,2000,paired crossed split-seed
sipakmed_A_cnn4_all5,220,split_01|split_02|split_04|split_07|split_09,"{""densenet121"": 0.0135, ""efficientnet_b0"": 0.0, ""resnet18"": 0.98, ""resnet50"": 0.0065}",0.98,2000,paired crossed split-seed
sipakmed_A_cnn4_all5,221,split_01|split_02|split_04|split_07|split_08,"{""densenet121"": 0.0155, ""efficientnet_b0"": 0.0, ""resnet18"": 0.8875, ""resnet50"": 0.097}",0.8875,2000,paired crossed split-seed
sipakmed_A_cnn4_all5,222,split_01|split_02|split_04|split_06|split_10,"{""densenet121"": 0.0265, ""efficientnet_b0"": 0.0, ""resnet18"": 0.7755, ""resnet50"": 0.198}",0.7755,2000,paired crossed split-seed
sipakmed_A_cnn4_all5,223,split_01|split_02|split_04|split_06|split_09,"{""densenet121"": 0.0065, ""efficientnet_b0"": 0.0, ""resnet18"": 0.979, ""resnet50"": 0.0145}",0.979,2000,paired crossed split-seed
sipakmed_A_cnn4_all5,224,split_01|split_02|split_04|split_06|split_08,"{""densenet121"": 0.0095, ""efficientnet_b0"": 0.0, ""resnet18"": 0.862, ""resnet50"": 0.1285}",0.862,2000,paired crossed split-seed
sipakmed_A_cnn4_all5,225,split_01|split_02|split_04|split_06|split_07,"{""densenet121"": 0.0095, ""efficientnet_b0"": 0.0, ""resnet18"": 0.9895, ""resnet50"": 0.001}",0.9895,2000,paired crossed split-seed
sipakmed_A_cnn4_all5,226,split_01|split_02|split_04|split_05|split_10,"{""densenet121"": 0.0285, ""efficientnet_b0"": 0.0, ""resnet18"": 0.467, ""resnet50"": 0.5045}",0.5045,2000,paired crossed split-seed
sipakmed_A_cnn4_all5,227,split_01|split_02|split_04|split_05|split_09,"{""densenet121"": 0.012, ""efficientnet_b0"": 0.0, ""resnet18"": 0.888, ""resnet50"": 0.1}",0.888,2000,paired crossed split-seed
sipakmed_A_cnn4_all5,228,split_01|split_02|split_04|split_05|split_08,"{""densenet121"": 0.0145, ""efficientnet_b0"": 0.0, ""resnet18"": 0.5855, ""resnet50"": 0.4}",0.5855,2000,paired crossed split-seed
sipakmed_A_cnn4_all5,229,split_01|split_02|split_04|split_05|split_07,"{""densenet121"": 0.015, ""efficientnet_b0"": 0.0, ""resnet18"": 0.9175, ""resnet50"": 0.0675}",0.9175,2000,paired crossed split-seed
sipakmed_A_cnn4_all5,230,split_01|split_02|split_04|split_05|split_06,"{""densenet121"": 0.0105, ""efficientnet_b0"": 0.0, ""resnet18"": 0.924, ""resnet50"": 0.0655}",0.924,2000,paired crossed split-seed
sipakmed_A_cnn4_all5,231,split_01|split_02|split_03|split_09|split_10,"{""densenet121"": 0.0, ""efficientnet_b0"": 0.0, ""resnet18"": 0.683, ""resnet50"": 0.317}",0.683,2000,paired crossed split-seed
sipakmed_A_cnn4_all5,232,split_01|split_02|split_03|split_08|split_10,"{""densenet121"": 0.0, ""efficientnet_b0"": 0.0, ""resnet18"": 0.4475, ""resnet50"": 0.5525}",0.5525,2000,paired crossed split-seed
sipakmed_A_cnn4_all5,233,split_01|split_02|split_03|split_08|split_09,"{""densenet121"": 0.0, ""efficientnet_b0"": 0.0, ""resnet18"": 0.754, ""resnet50"": 0.246}",0.754,2000,paired crossed split-seed
sipakmed_A_cnn4_all5,234,split_01|split_02|split_03|split_07|split_10,"{""densenet121"": 0.0, ""efficientnet_b0"": 0.0, ""resnet18"": 0.7815, ""resnet50"": 0.2185}",0.7815,2000,paired crossed split-seed
sipakmed_A_cnn4_all5,235,split_01|split_02|split_03|split_07|split_09,"{""densenet121"": 0.0, ""efficientnet_b0"": 0.0, ""resnet18"": 0.981, ""resnet50"": 0.019}",0.981,2000,paired crossed split-seed
sipakmed_A_cnn4_all5,236,split_01|split_02|split_03|split_07|split_08,"{""densenet121"": 0.0, ""efficientnet_b0"": 0.0, ""resnet18"": 0.886, ""resnet50"": 0.114}",0.886,2000,paired crossed split-seed
sipakmed_A_cnn4_all5,237,split_01|split_02|split_03|split_06|split_10,"{""densenet121"": 0.0, ""efficientnet_b0"": 0.0, ""resnet18"": 0.7735, ""resnet50"": 0.2265}",0.7735,2000,paired crossed split-seed
sipakmed_A_cnn4_all5,238,split_01|split_02|split_03|split_06|split_09,"{""densenet121"": 0.0, ""efficientnet_b0"": 0.0, ""resnet18"": 0.974, ""resnet50"": 0.026}",0.974,2000,paired crossed split-seed
sipakmed_A_cnn4_all5,239,split_01|split_02|split_03|split_06|split_08,"{""densenet121"": 0.0, ""efficientnet_b0"": 0.0, ""resnet18"": 0.8445, ""resnet50"": 0.1555}",0.8445,2000,paired crossed split-seed
sipakmed_A_cnn4_all5,240,split_01|split_02|split_03|split_06|split_07,"{""densenet121"": 0.0, ""efficientnet_b0"": 0.0, ""resnet18"": 0.988, ""resnet50"": 0.012}",0.988,2000,paired crossed split-seed
sipakmed_A_cnn4_all5,241,split_01|split_02|split_03|split_05|split_10,"{""densenet121"": 0.0, ""efficientnet_b0"": 0.0, ""resnet18"": 0.502, ""resnet50"": 0.498}",0.498,2000,paired crossed split-seed
sipakmed_A_cnn4_all5,242,split_01|split_02|split_03|split_05|split_09,"{""densenet121"": 0.0, ""efficientnet_b0"": 0.0, ""resnet18"": 0.8565, ""resnet50"": 0.1435}",0.8565,2000,paired crossed split-seed
sipakmed_A_cnn4_all5,243,split_01|split_02|split_03|split_05|split_08,"{""densenet121"": 0.0, ""efficientnet_b0"": 0.0, ""resnet18"": 0.5255, ""resnet50"": 0.4745}",0.5255,2000,paired crossed split-seed
sipakmed_A_cnn4_all5,244,split_01|split_02|split_03|split_05|split_07,"{""densenet121"": 0.0, ""efficientnet_b0"": 0.0, ""resnet18"": 0.925, ""resnet50"": 0.075}",0.925,2000,paired crossed split-seed
sipakmed_A_cnn4_all5,245,split_01|split_02|split_03|split_05|split_06,"{""densenet121"": 0.0, ""efficientnet_b0"": 0.0, ""resnet18"": 0.8965, ""resnet50"": 0.1035}",0.8965,2000,paired crossed split-seed
sipakmed_A_cnn4_all5,246,split_01|split_02|split_03|split_04|split_10,"{""densenet121"": 0.0415, ""efficientnet_b0"": 0.0, ""resnet18"": 0.6335, ""resnet50"": 0.325}",0.6335,2000,paired crossed split-seed
sipakmed_A_cnn4_all5,247,split_01|split_02|split_03|split_04|split_09,"{""densenet121"": 0.013, ""efficientnet_b0"": 0.0, ""resnet18"": 0.9175, ""resnet50"": 0.0695}",0.9175,2000,paired crossed split-seed
sipakmed_A_cnn4_all5,248,split_01|split_02|split_03|split_04|split_08,"{""densenet121"": 0.0225, ""efficientnet_b0"": 0.0, ""resnet18"": 0.7235, ""resnet50"": 0.254}",0.7235,2000,paired crossed split-seed
sipakmed_A_cnn4_all5,249,split_01|split_02|split_03|split_04|split_07,"{""densenet121"": 0.0155, ""efficientnet_b0"": 0.0, ""resnet18"": 0.956, ""resnet50"": 0.0285}",0.956,2000,paired crossed split-seed
sipakmed_A_cnn4_all5,250,split_01|split_02|split_03|split_04|split_06,"{""densenet121"": 0.01, ""efficientnet_b0"": 0.0, ""resnet18"": 0.947, ""resnet50"": 0.043}",0.947,2000,paired crossed split-seed
sipakmed_A_cnn4_all5,251,split_01|split_02|split_03|split_04|split_05,"{""densenet121"": 0.0155, ""efficientnet_b0"": 0.0, ""resnet18"": 0.8125, ""resnet50"": 0.172}",0.8125,2000,paired crossed split-seed
sipakmed_A_cnn4_common3,0,split_06|split_07|split_08|split_09|split_10,"{""densenet121"": 0.0, ""efficientnet_b0"": 0.0, ""resnet18"": 0.6915, ""resnet50"": 0.3085}",0.6915,2000,paired crossed split-seed
sipakmed_A_cnn4_common3,1,split_05|split_07|split_08|split_09|split_10,"{""densenet121"": 0.0, ""efficientnet_b0"": 0.0, ""resnet18"": 0.512, ""resnet50"": 0.488}",0.512,2000,paired crossed split-seed
sipakmed_A_cnn4_common3,2,split_05|split_06|split_08|split_09|split_10,"{""densenet121"": 0.0, ""efficientnet_b0"": 0.0, ""resnet18"": 0.42, ""resnet50"": 0.58}",0.58,2000,paired crossed split-seed
sipakmed_A_cnn4_common3,3,split_05|split_06|split_07|split_09|split_10,"{""densenet121"": 0.001, ""efficientnet_b0"": 0.0, ""resnet18"": 0.762, ""resnet50"": 0.237}",0.762,2000,paired crossed split-seed
sipakmed_A_cnn4_common3,4,split_05|split_06|split_07|split_08|split_10,"{""densenet121"": 0.0, ""efficientnet_b0"": 0.0, ""resnet18"": 0.592, ""resnet50"": 0.408}",0.592,2000,paired crossed split-seed
sipakmed_A_cnn4_common3,5,split_05|split_06|split_07|split_08|split_09,"{""densenet121"": 0.0, ""efficientnet_b0"": 0.0, ""resnet18"": 0.6915, ""resnet50"": 0.3085}",0.6915,2000,paired crossed split-seed
sipakmed_A_cnn4_common3,6,split_04|split_07|split_08|split_09|split_10,"{""densenet121"": 0.087, ""efficientnet_b0"": 0.0, ""resnet18"": 0.4805, ""resnet50"": 0.4325}",0.4805,2000,paired crossed split-seed
sipakmed_A_cnn4_common3,7,split_04|split_06|split_08|split_09|split_10,"{""densenet121"": 0.077, ""efficientnet_b0"": 0.0, ""resnet18"": 0.347, ""resnet50"": 0.576}",0.576,2000,paired crossed split-seed
sipakmed_A_cnn4_common3,8,split_04|split_06|split_07|split_09|split_10,"{""densenet121"": 0.0835, ""efficientnet_b0"": 0.0, ""resnet18"": 0.7565, ""resnet50"": 0.16}",0.7565,2000,paired crossed split-seed
sipakmed_A_cnn4_common3,9,split_04|split_06|split_07|split_08|split_10,"{""densenet121"": 0.0795, ""efficientnet_b0"": 0.0, ""resnet18"": 0.5655, ""resnet50"": 0.355}",0.5655,2000,paired crossed split-seed
sipakmed_A_cnn4_common3,10,split_04|split_06|split_07|split_08|split_09,"{""densenet121"": 0.0465, ""efficientnet_b0"": 0.0, ""resnet18"": 0.678, ""resnet50"": 0.2755}",0.678,2000,paired crossed split-seed
sipakmed_A_cnn4_common3,11,split_04|split_05|split_08|split_09|split_10,"{""densenet121"": 0.08, ""efficientnet_b0"": 0.0, ""resnet18"": 0.125, ""resnet50"": 0.795}",0.795,2000,paired crossed split-seed
sipakmed_A_cnn4_common3,12,split_04|split_05|split_07|split_09|split_10,"{""densenet121"": 0.0855, ""efficientnet_b0"": 0.0, ""resnet18"": 0.5765, ""resnet50"": 0.338}",0.5765,2000,paired crossed split-seed
sipakmed_A_cnn4_common3,13,split_04|split_05|split_07|split_08|split_10,"{""densenet121"": 0.0635, ""efficientnet_b0"": 0.0, ""resnet18"": 0.3285, ""resnet50"": 0.608}",0.608,2000,paired crossed split-seed
sipakmed_A_cnn4_common3,14,split_04|split_05|split_07|split_08|split_09,"{""densenet121"": 0.0495, ""efficientnet_b0"": 0.0, ""resnet18"": 0.4815, ""resnet50"": 0.469}",0.4815,2000,paired crossed split-seed
sipakmed_A_cnn4_common3,15,split_04|split_05|split_06|split_09|split_10,"{""densenet121"": 0.079, ""efficientnet_b0"": 0.0, ""resnet18"": 0.4425, ""resnet50"": 0.4785}",0.4425,2000,paired crossed split-seed
sipakmed_A_cnn4_common3,16,split_04|split_05|split_06|split_08|split_10,"{""densenet121"": 0.079, ""efficientnet_b0"": 0.0, ""resnet18"": 0.2485, ""resnet50"": 0.6725}",0.6725,2000,paired crossed split-seed
sipakmed_A_cnn4_common3,17,split_04|split_05|split_06|split_08|split_09,"{""densenet121"": 0.0495, ""efficientnet_b0"": 0.0, ""resnet18"": 0.3615, ""resnet50"": 0.589}",0.589,2000,paired crossed split-seed
sipakmed_A_cnn4_common3,18,split_04|split_05|split_06|split_07|split_10,"{""densenet121"": 0.075, ""efficientnet_b0"": 0.0, ""resnet18"": 0.6485, ""resnet50"": 0.2765}",0.6485,2000,paired crossed split-seed
sipakmed_A_cnn4_common3,19,split_04|split_05|split_06|split_07|split_09,"{""densenet121"": 0.0545, ""efficientnet_b0"": 0.0, ""resnet18"": 0.757, ""resnet50"": 0.1885}",0.757,2000,paired crossed split-seed
sipakmed_A_cnn4_common3,20,split_04|split_05|split_06|split_07|split_08,"{""densenet121"": 0.0305, ""efficientnet_b0"": 0.0, ""resnet18"": 0.5675, ""resnet50"": 0.402}",0.5675,2000,paired crossed split-seed
sipakmed_A_cnn4_common3,21,split_03|split_07|split_08|split_09|split_10,"{""densenet121"": 0.0, ""efficientnet_b0"": 0.0, ""resnet18"": 0.5855, ""resnet50"": 0.4145}",0.5855,2000,paired crossed split-seed
sipakmed_A_cnn4_common3,22,split_03|split_06|split_08|split_09|split_10,"{""densenet121"": 0.001, ""efficientnet_b0"": 0.0, ""resnet18"": 0.4705, ""resnet50"": 0.5285}",0.4705,2000,paired crossed split-seed
sipakmed_A_cnn4_common3,23,split_03|split_06|split_07|split_09|split_10,"{""densenet121"": 0.0025, ""efficientnet_b0"": 0.0, ""resnet18"": 0.815, ""resnet50"": 0.1825}",0.815,2000,paired crossed split-seed
sipakmed_A_cnn4_common3,24,split_03|split_06|split_07|split_08|split_10,"{""densenet121"": 0.0015, ""efficientnet_b0"": 0.0, ""resnet18"": 0.667, ""resnet50"": 0.3315}",0.667,2000,paired crossed split-seed
sipakmed_A_cnn4_common3,25,split_03|split_06|split_07|split_08|split_09,"{""densenet121"": 0.0, ""efficientnet_b0"": 0.0, ""resnet18"": 0.7675, ""resnet50"": 0.2325}",0.7675,2000,paired crossed split-seed
sipakmed_A_cnn4_common3,26,split_03|split_05|split_08|split_09|split_10,"{""densenet121"": 0.0005, ""efficientnet_b0"": 0.0, ""resnet18"": 0.225, ""resnet50"": 0.7745}",0.7745,2000,paired crossed split-seed
sipakmed_A_cnn4_common3,27,split_03|split_05|split_07|split_09|split_10,"{""densenet121"": 0.0, ""efficientnet_b0"": 0.0, ""resnet18"": 0.705, ""resnet50"": 0.295}",0.705,2000,paired crossed split-seed
sipakmed_A_cnn4_common3,28,split_03|split_05|split_07|split_08|split_10,"{""densenet121"": 0.0, ""efficientnet_b0"": 0.0, ""resnet18"": 0.451, ""resnet50"": 0.549}",0.549,2000,paired crossed split-seed
sipakmed_A_cnn4_common3,29,split_03|split_05|split_07|split_08|split_09,"{""densenet121"": 0.0, ""efficientnet_b0"": 0.0, ""resnet18"": 0.612, ""resnet50"": 0.388}",0.612,2000,paired crossed split-seed
sipakmed_A_cnn4_common3,30,split_03|split_05|split_06|split_09|split_10,"{""densenet121"": 0.0005, ""efficientnet_b0"": 0.0, ""resnet18"": 0.5725, ""resnet50"": 0.427}",0.5725,2000,paired crossed split-seed
sipakmed_A_cnn4_common3,31,split_03|split_05|split_06|split_08|split_10,"{""densenet121"": 0.0005, ""efficientnet_b0"": 0.0, ""resnet18"": 0.3365, ""resnet50"": 0.663}",0.663,2000,paired crossed split-seed
sipakmed_A_cnn4_common3,32,split_03|split_05|split_06|split_08|split_09,"{""densenet121"": 0.0, ""efficientnet_b0"": 0.0, ""resnet18"": 0.4695, ""resnet50"": 0.5305}",0.4695,2000,paired crossed split-seed
sipakmed_A_cnn4_common3,33,split_03|split_05|split_06|split_07|split_10,"{""densenet121"": 0.002, ""efficientnet_b0"": 0.0, ""resnet18"": 0.756, ""resnet50"": 0.242}",0.756,2000,paired crossed split-seed
sipakmed_A_cnn4_common3,34,split_03|split_05|split_06|split_07|split_09,"{""densenet121"": 0.0, ""efficientnet_b0"": 0.0, ""resnet18"": 0.8465, ""resnet50"": 0.1535}",0.8465,2000,paired crossed split-seed
sipakmed_A_cnn4_common3,35,split_03|split_05|split_06|split_07|split_08,"{""densenet121"": 0.0, ""efficientnet_b0"": 0.0, ""resnet18"": 0.6495, ""resnet50"": 0.3505}",0.6495,2000,paired crossed split-seed
sipakmed_A_cnn4_common3,36,split_03|split_04|split_08|split_09|split_10,"{""densenet121"": 0.119, ""efficientnet_b0"": 0.0, ""resnet18"": 0.204, ""resnet50"": 0.677}",0.677,2000,paired crossed split-seed
sipakmed_A_cnn4_common3,37,split_03|split_04|split_07|split_09|split_10,"{""densenet121"": 0.132, ""efficientnet_b0"": 0.0, ""resnet18"": 0.621, ""resnet50"": 0.247}",0.621,2000,paired crossed split-seed
sipakmed_A_cnn4_common3,38,split_03|split_04|split_07|split_08|split_10,"{""densenet121"": 0.1025, ""efficientnet_b0"": 0.0, ""resnet18"": 0.4365, ""resnet50"": 0.461}",0.461,2000,paired crossed split-seed
sipakmed_A_cnn4_common3,39,split_03|split_04|split_07|split_08|split_09,"{""densenet121"": 0.0815, ""efficientnet_b0"": 0.0, ""resnet18"": 0.558, ""resnet50"": 0.3605}",0.558,2000,paired crossed split-seed
sipakmed_A_cnn4_common3,40,split_03|split_04|split_06|split_09|split_10,"{""densenet121"": 0.108, ""efficientnet_b0"": 0.0, ""resnet18"": 0.5155, ""resnet50"": 0.3765}",0.5155,2000,paired crossed split-seed
sipakmed_A_cnn4_common3,41,split_03|split_04|split_06|split_08|split_10,"{""densenet121"": 0.1, ""efficientnet_b0"": 0.0, ""resnet18"": 0.293, ""resnet50"": 0.607}",0.607,2000,paired crossed split-seed
sipakmed_A_cnn4_common3,42,split_03|split_04|split_06|split_08|split_09,"{""densenet121"": 0.082, ""efficientnet_b0"": 0.0, ""resnet18"": 0.3925, ""resnet50"": 0.5255}",0.5255,2000,paired crossed split-seed
sipakmed_A_cnn4_common3,43,split_03|split_04|split_06|split_07|split_10,"{""densenet121"": 0.1075, ""efficientnet_b0"": 0.0, ""resnet18"": 0.689, ""resnet50"": 0.2035}",0.689,2000,paired crossed split-seed
sipakmed_A_cnn4_common3,44,split_03|split_04|split_06|split_07|split_09,"{""densenet121"": 0.077, ""efficientnet_b0"": 0.0, ""resnet18"": 0.808, ""resnet50"": 0.115}",0.808,2000,paired crossed split-seed
sipakmed_A_cnn4_common3,45,split_03|split_04|split_06|split_07|split_08,"{""densenet121"": 0.058, ""efficientnet_b0"": 0.0, ""resnet18"": 0.6435, ""resnet50"": 0.2985}",0.6435,2000,paired crossed split-seed
sipakmed_A_cnn4_common3,46,split_03|split_04|split_05|split_09|split_10,"{""densenet121"": 0.1125, ""efficientnet_b0"": 0.0, ""resnet18"": 0.2565, ""resnet50"": 0.631}",0.631,2000,paired crossed split-seed
sipakmed_A_cnn4_common3,47,split_03|split_04|split_05|split_08|split_10,"{""densenet121"": 0.075, ""efficientnet_b0"": 0.0, ""resnet18"": 0.071, ""resnet50"": 0.854}",0.854,2000,paired crossed split-seed
sipakmed_A_cnn4_common3,48,split_03|split_04|split_05|split_08|split_09,"{""densenet121"": 0.064, ""efficientnet_b0"": 0.0, ""resnet18"": 0.1625, ""resnet50"": 0.7735}",0.7735,2000,paired crossed split-seed
sipakmed_A_cnn4_common3,49,split_03|split_04|split_05|split_07|split_10,"{""densenet121"": 0.101, ""efficientnet_b0"": 0.0, ""resnet18"": 0.5075, ""resnet50"": 0.3915}",0.5075,2000,paired crossed split-seed
sipakmed_A_cnn4_common3,50,split_03|split_04|split_05|split_07|split_09,"{""densenet121"": 0.0695, ""efficientnet_b0"": 0.0, ""resnet18"": 0.656, ""resnet50"": 0.2745}",0.656,2000,paired crossed split-seed
sipakmed_A_cnn4_common3,51,split_03|split_04|split_05|split_07|split_08,"{""densenet121"": 0.0565, ""efficientnet_b0"": 0.0, ""resnet18"": 0.402, ""resnet50"": 0.5415}",0.5415,2000,paired crossed split-seed
sipakmed_A_cnn4_common3,52,split_03|split_04|split_05|split_06|split_10,"{""densenet121"": 0.1, ""efficientnet_b0"": 0.0, ""resnet18"": 0.3825, ""resnet50"": 0.5175}",0.5175,2000,paired crossed split-seed
sipakmed_A_cnn4_common3,53,split_03|split_04|split_05|split_06|split_09,"{""densenet121"": 0.0795, ""efficientnet_b0"": 0.0, ""resnet18"": 0.499, ""resnet50"": 0.4215}",0.499,2000,paired crossed split-seed
sipakmed_A_cnn4_common3,54,split_03|split_04|split_05|split_06|split_08,"{""densenet121"": 0.062, ""efficientnet_b0"": 0.0, ""resnet18"": 0.291, ""resnet50"": 0.647}",0.647,2000,paired crossed split-seed
sipakmed_A_cnn4_common3,55,split_03|split_04|split_05|split_06|split_07,"{""densenet121"": 0.0525, ""efficientnet_b0"": 0.0, ""resnet18"": 0.7465, ""resnet50"": 0.201}",0.7465,2000,paired crossed split-seed
sipakmed_A_cnn4_common3,56,split_02|split_07|split_08|split_09|split_10,"{""densenet121"": 0.0005, ""efficientnet_b0"": 0.0, ""resnet18"": 0.7405, ""resnet50"": 0.259}",0.7405,2000,paired crossed split-seed
sipakmed_A_cnn4_common3,57,split_02|split_06|split_08|split_09|split_10,"{""densenet121"": 0.0005, ""efficientnet_b0"": 0.0, ""resnet18"": 0.6255, ""resnet50"": 0.374}",0.6255,2000,paired crossed split-seed
sipakmed_A_cnn4_common3,58,split_02|split_06|split_07|split_09|split_10,"{""densenet121"": 0.001, ""efficientnet_b0"": 0.0, ""resnet18"": 0.8875, ""resnet50"": 0.1115}",0.8875,2000,paired crossed split-seed
sipakmed_A_cnn4_common3,59,split_02|split_06|split_07|split_08|split_10,"{""densenet121"": 0.0, ""efficientnet_b0"": 0.0, ""resnet18"": 0.7835, ""resnet50"": 0.2165}",0.7835,2000,paired crossed split-seed
sipakmed_A_cnn4_common3,60,split_02|split_06|split_07|split_08|split_09,"{""densenet121"": 0.0, ""efficientnet_b0"": 0.0, ""resnet18"": 0.8515, ""resnet50"": 0.1485}",0.8515,2000,paired crossed split-seed
sipakmed_A_cnn4_common3,61,split_02|split_05|split_08|split_09|split_10,"{""densenet121"": 0.0, ""efficientnet_b0"": 0.0, ""resnet18"": 0.3985, ""resnet50"": 0.6015}",0.6015,2000,paired crossed split-seed
sipakmed_A_cnn4_common3,62,split_02|split_05|split_07|split_09|split_10,"{""densenet121"": 0.0, ""efficientnet_b0"": 0.0, ""resnet18"": 0.826, ""resnet50"": 0.174}",0.826,2000,paired crossed split-seed
sipakmed_A_cnn4_common3,63,split_02|split_05|split_07|split_08|split_10,"{""densenet121"": 0.0, ""efficientnet_b0"": 0.0, ""resnet18"": 0.6395, ""resnet50"": 0.3605}",0.6395,2000,paired crossed split-seed
sipakmed_A_cnn4_common3,64,split_02|split_05|split_07|split_08|split_09,"{""densenet121"": 0.0, ""efficientnet_b0"": 0.0, ""resnet18"": 0.738, ""resnet50"": 0.262}",0.738,2000,paired crossed split-seed
sipakmed_A_cnn4_common3,65,split_02|split_05|split_06|split_09|split_10,"{""densenet121"": 0.0025, ""efficientnet_b0"": 0.0, ""resnet18"": 0.7245, ""resnet50"": 0.273}",0.7245,2000,paired crossed split-seed
sipakmed_A_cnn4_common3,66,split_02|split_05|split_06|split_08|split_10,"{""densenet121"": 0.0015, ""efficientnet_b0"": 0.0, ""resnet18"": 0.511, ""resnet50"": 0.4875}",0.511,2000,paired crossed split-seed
sipakmed_A_cnn4_common3,67,split_02|split_05|split_06|split_08|split_09,"{""densenet121"": 0.0, ""efficientnet_b0"": 0.0, ""resnet18"": 0.6165, ""resnet50"": 0.3835}",0.6165,2000,paired crossed split-seed
sipakmed_A_cnn4_common3,68,split_02|split_05|split_06|split_07|split_10,"{""densenet121"": 0.001, ""efficientnet_b0"": 0.0, ""resnet18"": 0.8715, ""resnet50"": 0.1275}",0.8715,2000,paired crossed split-seed
sipakmed_A_cnn4_common3,69,split_02|split_05|split_06|split_07|split_09,"{""densenet121"": 0.0, ""efficientnet_b0"": 0.0, ""resnet18"": 0.903, ""resnet50"": 0.097}",0.903,2000,paired crossed split-seed
sipakmed_A_cnn4_common3,70,split_02|split_05|split_06|split_07|split_08,"{""densenet121"": 0.0, ""efficientnet_b0"": 0.0, ""resnet18"": 0.776, ""resnet50"": 0.224}",0.776,2000,paired crossed split-seed
sipakmed_A_cnn4_common3,71,split_02|split_04|split_08|split_09|split_10,"{""densenet121"": 0.0985, ""efficientnet_b0"": 0.0, ""resnet18"": 0.3745, ""resnet50"": 0.527}",0.527,2000,paired crossed split-seed
sipakmed_A_cnn4_common3,72,split_02|split_04|split_07|split_09|split_10,"{""densenet121"": 0.0915, ""efficientnet_b0"": 0.0, ""resnet18"": 0.762, ""resnet50"": 0.1465}",0.762,2000,paired crossed split-seed
sipakmed_A_cnn4_common3,73,split_02|split_04|split_07|split_08|split_10,"{""densenet121"": 0.0815, ""efficientnet_b0"": 0.0, ""resnet18"": 0.5735, ""resnet50"": 0.345}",0.5735,2000,paired crossed split-seed
sipakmed_A_cnn4_common3,74,split_02|split_04|split_07|split_08|split_09,"{""densenet121"": 0.065, ""efficientnet_b0"": 0.0, ""resnet18"": 0.7125, ""resnet50"": 0.2225}",0.7125,2000,paired crossed split-seed
sipakmed_A_cnn4_common3,75,split_02|split_04|split_06|split_09|split_10,"{""densenet121"": 0.09, ""efficientnet_b0"": 0.0, ""resnet18"": 0.6365, ""resnet50"": 0.2735}",0.6365,2000,paired crossed split-seed
sipakmed_A_cnn4_common3,76,split_02|split_04|split_06|split_08|split_10,"{""densenet121"": 0.0845, ""efficientnet_b0"": 0.0, ""resnet18"": 0.439, ""resnet50"": 0.4765}",0.439,2000,paired crossed split-seed
sipakmed_A_cnn4_common3,77,split_02|split_04|split_06|split_08|split_09,"{""densenet121"": 0.059, ""efficientnet_b0"": 0.0, ""resnet18"": 0.55, ""resnet50"": 0.391}",0.55,2000,paired crossed split-seed
sipakmed_A_cnn4_common3,78,split_02|split_04|split_06|split_07|split_10,"{""densenet121"": 0.0765, ""efficientnet_b0"": 0.0, ""resnet18"": 0.8035, ""resnet50"": 0.12}",0.8035,2000,paired crossed split-seed
sipakmed_A_cnn4_common3,79,split_02|split_04|split_06|split_07|split_09,"{""densenet121"": 0.048, ""efficientnet_b0"": 0.0, ""resnet18"": 0.8895, ""resnet50"": 0.0625}",0.8895,2000,paired crossed split-seed
sipakmed_A_cnn4_common3,80,split_02|split_04|split_06|split_07|split_08,"{""densenet121"": 0.05, ""efficientnet_b0"": 0.0, ""resnet18"": 0.763, ""resnet50"": 0.187}",0.763,2000,paired crossed split-seed
sipakmed_A_cnn4_common3,81,split_02|split_04|split_05|split_09|split_10,"{""densenet121"": 0.1055, ""efficientnet_b0"": 0.0, ""resnet18"": 0.454, ""resnet50"": 0.4405}",0.454,2000,paired crossed split-seed
sipakmed_A_cnn4_common3,82,split_02|split_04|split_05|split_08|split_10,"{""densenet121"": 0.083, ""efficientnet_b0"": 0.0, ""resnet18"": 0.221, ""resnet50"": 0.696}",0.696,2000,paired crossed split-seed
sipakmed_A_cnn4_common3,83,split_02|split_04|split_05|split_08|split_09,"{""densenet121"": 0.054, ""efficientnet_b0"": 0.0, ""resnet18"": 0.3645, ""resnet50"": 0.5815}",0.5815,2000,paired crossed split-seed
sipakmed_A_cnn4_common3,84,split_02|split_04|split_05|split_07|split_10,"{""densenet121"": 0.078, ""efficientnet_b0"": 0.0, ""resnet18"": 0.676, ""resnet50"": 0.246}",0.676,2000,paired crossed split-seed
sipakmed_A_cnn4_common3,85,split_02|split_04|split_05|split_07|split_09,"{""densenet121"": 0.0515, ""efficientnet_b0"": 0.0, ""resnet18"": 0.801, ""resnet50"": 0.1475}",0.801,2000,paired crossed split-seed
sipakmed_A_cnn4_common3,86,split_02|split_04|split_05|split_07|split_08,"{""densenet121"": 0.0505, ""efficientnet_b0"": 0.0, ""resnet18"": 0.5755, ""resnet50"": 0.374}",0.5755,2000,paired crossed split-seed
sipakmed_A_cnn4_common3,87,split_02|split_04|split_05|split_06|split_10,"{""densenet121"": 0.0965, ""efficientnet_b0"": 0.0, ""resnet18"": 0.553, ""resnet50"": 0.3505}",0.553,2000,paired crossed split-seed
sipakmed_A_cnn4_common3,88,split_02|split_04|split_05|split_06|split_09,"{""densenet121"": 0.0525, ""efficientnet_b0"": 0.0, ""resnet18"": 0.715, ""resnet50"": 0.2325}",0.715,2000,paired crossed split-seed
sipakmed_A_cnn4_common3,89,split_02|split_04|split_05|split_06|split_08,"{""densenet121"": 0.054, ""efficientnet_b0"": 0.0, ""resnet18"": 0.501, ""resnet50"": 0.445}",0.501,2000,paired crossed split-seed
sipakmed_A_cnn4_common3,90,split_02|split_04|split_05|split_06|split_07,"{""densenet121"": 0.0515, ""efficientnet_b0"": 0.0, ""resnet18"": 0.8495, ""resnet50"": 0.099}",0.8495,2000,paired crossed split-seed
sipakmed_A_cnn4_common3,91,split_02|split_03|split_08|split_09|split_10,"{""densenet121"": 0.0, ""efficientnet_b0"": 0.0, ""resnet18"": 0.4935, ""resnet50"": 0.5065}",0.4935,2000,paired crossed split-seed
sipakmed_A_cnn4_common3,92,split_02|split_03|split_07|split_09|split_10,"{""densenet121"": 0.0005, ""efficientnet_b0"": 0.0, ""resnet18"": 0.855, ""resnet50"": 0.1445}",0.855,2000,paired crossed split-seed
sipakmed_A_cnn4_common3,93,split_02|split_03|split_07|split_08|split_10,"{""densenet121"": 0.0, ""efficientnet_b0"": 0.0, ""resnet18"": 0.668, ""resnet50"": 0.332}",0.668,2000,paired crossed split-seed
sipakmed_A_cnn4_common3,94,split_02|split_03|split_07|split_08|split_09,"{""densenet121"": 0.0, ""efficientnet_b0"": 0.0, ""resnet18"": 0.767, ""resnet50"": 0.233}",0.767,2000,paired crossed split-seed
sipakmed_A_cnn4_common3,95,split_02|split_03|split_06|split_09|split_10,"{""densenet121"": 0.001, ""efficientnet_b0"": 0.0, ""resnet18"": 0.7785, ""resnet50"": 0.2205}",0.7785,2000,paired crossed split-seed
sipakmed_A_cnn4_common3,96,split_02|split_03|split_06|split_08|split_10,"{""densenet121"": 0.0005, ""efficientnet_b0"": 0.0, ""resnet18"": 0.56, ""resnet50"": 0.4395}",0.56,2000,paired crossed split-seed
sipakmed_A_cnn4_common3,97,split_02|split_03|split_06|split_08|split_09,"{""densenet121"": 0.0, ""efficientnet_b0"": 0.0, ""resnet18"": 0.6545, ""resnet50"": 0.3455}",0.6545,2000,paired crossed split-seed
sipakmed_A_cnn4_common3,98,split_02|split_03|split_06|split_07|split_10,"{""densenet121"": 0.0015, ""efficientnet_b0"": 0.0, ""resnet18"": 0.8725, ""resnet50"": 0.126}",0.8725,2000,paired crossed split-seed
sipakmed_A_cnn4_common3,99,split_02|split_03|split_06|split_07|split_09,"{""densenet121"": 0.0, ""efficientnet_b0"": 0.0, ""resnet18"": 0.9505, ""resnet50"": 0.0495}",0.9505,2000,paired crossed split-seed
sipakmed_A_cnn4_common3,100,split_02|split_03|split_06|split_07|split_08,"{""densenet121"": 0.0, ""efficientnet_b0"": 0.0, ""resnet18"": 0.8355, ""resnet50"": 0.1645}",0.8355,2000,paired crossed split-seed
sipakmed_A_cnn4_common3,101,split_02|split_03|split_05|split_09|split_10,"{""densenet121"": 0.0, ""efficientnet_b0"": 0.0, ""resnet18"": 0.612, ""resnet50"": 0.388}",0.612,2000,paired crossed split-seed
sipakmed_A_cnn4_common3,102,split_02|split_03|split_05|split_08|split_10,"{""densenet121"": 0.0, ""efficientnet_b0"": 0.0, ""resnet18"": 0.3225, ""resnet50"": 0.6775}",0.6775,2000,paired crossed split-seed
sipakmed_A_cnn4_common3,103,split_02|split_03|split_05|split_08|split_09,"{""densenet121"": 0.0, ""efficientnet_b0"": 0.0, ""resnet18"": 0.4675, ""resnet50"": 0.5325}",0.4675,2000,paired crossed split-seed
sipakmed_A_cnn4_common3,104,split_02|split_03|split_05|split_07|split_10,"{""densenet121"": 0.0005, ""efficientnet_b0"": 0.0, ""resnet18"": 0.7735, ""resnet50"": 0.226}",0.7735,2000,paired crossed split-seed
sipakmed_A_cnn4_common3,105,split_02|split_03|split_05|split_07|split_09,"{""densenet121"": 0.0, ""efficientnet_b0"": 0.0, ""resnet18"": 0.8975, ""resnet50"": 0.1025}",0.8975,2000,paired crossed split-seed
sipakmed_A_cnn4_common3,106,split_02|split_03|split_05|split_07|split_08,"{""densenet121"": 0.0, ""efficientnet_b0"": 0.0, ""resnet18"": 0.6635, ""resnet50"": 0.3365}",0.6635,2000,paired crossed split-seed
sipakmed_A_cnn4_common3,107,split_02|split_03|split_05|split_06|split_10,"{""densenet121"": 0.0015, ""efficientnet_b0"": 0.0, ""resnet18"": 0.6805, ""resnet50"": 0.318}",0.6805,2000,paired crossed split-seed
sipakmed_A_cnn4_common3,108,split_02|split_03|split_05|split_06|split_09,"{""densenet121"": 0.0, ""efficientnet_b0"": 0.0, ""resnet18"": 0.805, ""resnet50"": 0.195}",0.805,2000,paired crossed split-seed
sipakmed_A_cnn4_common3,109,split_02|split_03|split_05|split_06|split_08,"{""densenet121"": 0.0, ""efficientnet_b0"": 0.0, ""resnet18"": 0.553, ""resnet50"": 0.447}",0.553,2000,paired crossed split-seed
sipakmed_A_cnn4_common3,110,split_02|split_03|split_05|split_06|split_07,"{""densenet121"": 0.0, ""efficientnet_b0"": 0.0, ""resnet18"": 0.9185, ""resnet50"": 0.0815}",0.9185,2000,paired crossed split-seed
sipakmed_A_cnn4_common3,111,split_02|split_03|split_04|split_09|split_10,"{""densenet121"": 0.111, ""efficientnet_b0"": 0.0, ""resnet18"": 0.5465, ""resnet50"": 0.3425}",0.5465,2000,paired crossed split-seed
sipakmed_A_cnn4_common3,112,split_02|split_03|split_04|split_08|split_10,"{""densenet121"": 0.1035, ""efficientnet_b0"": 0.0, ""resnet18"": 0.318, ""resnet50"": 0.5785}",0.5785,2000,paired crossed split-seed
sipakmed_A_cnn4_common3,113,split_02|split_03|split_04|split_08|split_09,"{""densenet121"": 0.0595, ""efficientnet_b0"": 0.0, ""resnet18"": 0.4305, ""resnet50"": 0.51}",0.51,2000,paired crossed split-seed
sipakmed_A_cnn4_common3,114,split_02|split_03|split_04|split_07|split_10,"{""densenet121"": 0.1035, ""efficientnet_b0"": 0.0, ""resnet18"": 0.6945, ""resnet50"": 0.202}",0.6945,2000,paired crossed split-seed
sipakmed_A_cnn4_common3,115,split_02|split_03|split_04|split_07|split_09,"{""densenet121"": 0.0635, ""efficientnet_b0"": 0.0, ""resnet18"": 0.8105, ""resnet50"": 0.126}",0.8105,2000,paired crossed split-seed
sipakmed_A_cnn4_common3,116,split_02|split_03|split_04|split_07|split_08,"{""densenet121"": 0.0615, ""efficientnet_b0"": 0.0, ""resnet18"": 0.619, ""resnet50"": 0.3195}",0.619,2000,paired crossed split-seed
sipakmed_A_cnn4_common3,117,split_02|split_03|split_04|split_06|split_10,"{""densenet121"": 0.113, ""efficientnet_b0"": 0.0, ""resnet18"": 0.5895, ""resnet50"": 0.2975}",0.5895,2000,paired crossed split-seed
sipakmed_A_cnn4_common3,118,split_02|split_03|split_04|split_06|split_09,"{""densenet121"": 0.073, ""efficientnet_b0"": 0.0, ""resnet18"": 0.723, ""resnet50"": 0.204}",0.723,2000,paired crossed split-seed
sipakmed_A_cnn4_common3,119,split_02|split_03|split_04|split_06|split_08,"{""densenet121"": 0.0655, ""efficientnet_b0"": 0.0, ""resnet18"": 0.527, ""resnet50"": 0.4075}",0.527,2000,paired crossed split-seed
sipakmed_A_cnn4_common3,120,split_02|split_03|split_04|split_06|split_07,"{""densenet121"": 0.061, ""efficientnet_b0"": 0.0, ""resnet18"": 0.862, ""resnet50"": 0.077}",0.862,2000,paired crossed split-seed
sipakmed_A_cnn4_common3,121,split_02|split_03|split_04|split_05|split_10,"{""densenet121"": 0.0955, ""efficientnet_b0"": 0.0, ""resnet18"": 0.3895, ""resnet50"": 0.515}",0.515,2000,paired crossed split-seed
sipakmed_A_cnn4_common3,122,split_02|split_03|split_04|split_05|split_09,"{""densenet121"": 0.083, ""efficientnet_b0"": 0.0, ""resnet18"": 0.564, ""resnet50"": 0.353}",0.564,2000,paired crossed split-seed
sipakmed_A_cnn4_common3,123,split_02|split_03|split_04|split_05|split_08,"{""densenet121"": 0.057, ""efficientnet_b0"": 0.0, ""resnet18"": 0.2935, ""resnet50"": 0.6495}",0.6495,2000,paired crossed split-seed
sipakmed_A_cnn4_common3,124,split_02|split_03|split_04|split_05|split_07,"{""densenet121"": 0.0725, ""efficientnet_b0"": 0.0, ""resnet18"": 0.73, ""resnet50"": 0.1975}",0.73,2000,paired crossed split-seed
sipakmed_A_cnn4_common3,125,split_02|split_03|split_04|split_05|split_06,"{""densenet121"": 0.0785, ""efficientnet_b0"": 0.0, ""resnet18"": 0.6525, ""resnet50"": 0.269}",0.6525,2000,paired crossed split-seed
sipakmed_A_cnn4_common3,126,split_01|split_07|split_08|split_09|split_10,"{""densenet121"": 0.0, ""efficientnet_b0"": 0.0, ""resnet18"": 0.6695, ""resnet50"": 0.3305}",0.6695,2000,paired crossed split-seed
sipakmed_A_cnn4_common3,127,split_01|split_06|split_08|split_09|split_10,"{""densenet121"": 0.0, ""efficientnet_b0"": 0.0, ""resnet18"": 0.5505, ""resnet50"": 0.4495}",0.5505,2000,paired crossed split-seed
sipakmed_A_cnn4_common3,128,split_01|split_06|split_07|split_09|split_10,"{""densenet121"": 0.001, ""efficientnet_b0"": 0.0, ""resnet18"": 0.874, ""resnet50"": 0.125}",0.874,2000,paired crossed split-seed
sipakmed_A_cnn4_common3,129,split_01|split_06|split_07|split_08|split_10,"{""densenet121"": 0.0, ""efficientnet_b0"": 0.0, ""resnet18"": 0.725, ""resnet50"": 0.275}",0.725,2000,paired crossed split-seed
sipakmed_A_cnn4_common3,130,split_01|split_06|split_07|split_08|split_09,"{""densenet121"": 0.0, ""efficientnet_b0"": 0.0, ""resnet18"": 0.8245, ""resnet50"": 0.1755}",0.8245,2000,paired crossed split-seed
sipakmed_A_cnn4_common3,131,split_01|split_05|split_08|split_09|split_10,"{""densenet121"": 0.0005, ""efficientnet_b0"": 0.0, ""resnet18"": 0.3315, ""resnet50"": 0.668}",0.668,2000,paired crossed split-seed
sipakmed_A_cnn4_common3,132,split_01|split_05|split_07|split_09|split_10,"{""densenet121"": 0.0, ""efficientnet_b0"": 0.0, ""resnet18"": 0.781, ""resnet50"": 0.219}",0.781,2000,paired crossed split-seed
sipakmed_A_cnn4_common3,133,split_01|split_05|split_07|split_08|split_10,"{""densenet121"": 0.0, ""efficientnet_b0"": 0.0, ""resnet18"": 0.569, ""resnet50"": 0.431}",0.569,2000,paired crossed split-seed
sipakmed_A_cnn4_common3,134,split_01|split_05|split_07|split_08|split_09,"{""densenet121"": 0.0, ""efficientnet_b0"": 0.0, ""resnet18"": 0.678, ""resnet50"": 0.322}",0.678,2000,paired crossed split-seed
sipakmed_A_cnn4_common3,135,split_01|split_05|split_06|split_09|split_10,"{""densenet121"": 0.0, ""efficientnet_b0"": 0.0, ""resnet18"": 0.677, ""resnet50"": 0.323}",0.677,2000,paired crossed split-seed
sipakmed_A_cnn4_common3,136,split_01|split_05|split_06|split_08|split_10,"{""densenet121"": 0.0, ""efficientnet_b0"": 0.0, ""resnet18"": 0.4195, ""resnet50"": 0.5805}",0.5805,2000,paired crossed split-seed
sipakmed_A_cnn4_common3,137,split_01|split_05|split_06|split_08|split_09,"{""densenet121"": 0.0, ""efficientnet_b0"": 0.0, ""resnet18"": 0.5445, ""resnet50"": 0.4555}",0.5445,2000,paired crossed split-seed
sipakmed_A_cnn4_common3,138,split_01|split_05|split_06|split_07|split_10,"{""densenet121"": 0.0005, ""efficientnet_b0"": 0.0, ""resnet18"": 0.8325, ""resnet50"": 0.167}",0.8325,2000,paired crossed split-seed
sipakmed_A_cnn4_common3,139,split_01|split_05|split_06|split_07|split_09,"{""densenet121"": 0.0, ""efficientnet_b0"": 0.0, ""resnet18"": 0.891, ""resnet50"": 0.109}",0.891,2000,paired crossed split-seed
sipakmed_A_cnn4_common3,140,split_01|split_05|split_06|split_07|split_08,"{""densenet121"": 0.0, ""efficientnet_b0"": 0.0, ""resnet18"": 0.735, ""resnet50"": 0.265}",0.735,2000,paired crossed split-seed
sipakmed_A_cnn4_common3,141,split_01|split_04|split_08|split_09|split_10,"{""densenet121"": 0.0845, ""efficientnet_b0"": 0.0, ""resnet18"": 0.2765, ""resnet50"": 0.639}",0.639,2000,paired crossed split-seed
sipakmed_A_cnn4_common3,142,split_01|split_04|split_07|split_09|split_10,"{""densenet121"": 0.087, ""efficientnet_b0"": 0.0, ""resnet18"": 0.7365, ""resnet50"": 0.1765}",0.7365,2000,paired crossed split-seed
sipakmed_A_cnn4_common3,143,split_01|split_04|split_07|split_08|split_10,"{""densenet121"": 0.063, ""efficientnet_b0"": 0.0, ""resnet18"": 0.5115, ""resnet50"": 0.4255}",0.5115,2000,paired crossed split-seed
sipakmed_A_cnn4_common3,144,split_01|split_04|split_07|split_08|split_09,"{""densenet121"": 0.0455, ""efficientnet_b0"": 0.0, ""resnet18"": 0.656, ""resnet50"": 0.2985}",0.656,2000,paired crossed split-seed
sipakmed_A_cnn4_common3,145,split_01|split_04|split_06|split_09|split_10,"{""densenet121"": 0.0825, ""efficientnet_b0"": 0.0, ""resnet18"": 0.644, ""resnet50"": 0.2735}",0.644,2000,paired crossed split-seed
sipakmed_A_cnn4_common3,146,split_01|split_04|split_06|split_08|split_10,"{""densenet121"": 0.069, ""efficientnet_b0"": 0.0, ""resnet18"": 0.3985, ""resnet50"": 0.5325}",0.5325,2000,paired crossed split-seed
sipakmed_A_cnn4_common3,147,split_01|split_04|split_06|split_08|split_09,"{""densenet121"": 0.0485, ""efficientnet_b0"": 0.0, ""resnet18"": 0.5035, ""resnet50"": 0.448}",0.5035,2000,paired crossed split-seed
sipakmed_A_cnn4_common3,148,split_01|split_04|split_06|split_07|split_10,"{""densenet121"": 0.073, ""efficientnet_b0"": 0.0, ""resnet18"": 0.7935, ""resnet50"": 0.1335}",0.7935,2000,paired crossed split-seed
sipakmed_A_cnn4_common3,149,split_01|split_04|split_06|split_07|split_09,"{""densenet121"": 0.041, ""efficientnet_b0"": 0.0, ""resnet18"": 0.89, ""resnet50"": 0.069}",0.89,2000,paired crossed split-seed
sipakmed_A_cnn4_common3,150,split_01|split_04|split_06|split_07|split_08,"{""densenet121"": 0.036, ""efficientnet_b0"": 0.0, ""resnet18"": 0.728, ""resnet50"": 0.236}",0.728,2000,paired crossed split-seed
sipakmed_A_cnn4_common3,151,split_01|split_04|split_05|split_09|split_10,"{""densenet121"": 0.0755, ""efficientnet_b0"": 0.0, ""resnet18"": 0.3805, ""resnet50"": 0.544}",0.544,2000,paired crossed split-seed
sipakmed_A_cnn4_common3,152,split_01|split_04|split_05|split_08|split_10,"{""densenet121"": 0.0675, ""efficientnet_b0"": 0.0, ""resnet18"": 0.126, ""resnet50"": 0.8065}",0.8065,2000,paired crossed split-seed
sipakmed_A_cnn4_common3,153,split_01|split_04|split_05|split_08|split_09,"{""densenet121"": 0.0435, ""efficientnet_b0"": 0.0, ""resnet18"": 0.2525, ""resnet50"": 0.704}",0.704,2000,paired crossed split-seed
sipakmed_A_cnn4_common3,154,split_01|split_04|split_05|split_07|split_10,"{""densenet121"": 0.07, ""efficientnet_b0"": 0.0, ""resnet18"": 0.613, ""resnet50"": 0.317}",0.613,2000,paired crossed split-seed
sipakmed_A_cnn4_common3,155,split_01|split_04|split_05|split_07|split_09,"{""densenet121"": 0.04, ""efficientnet_b0"": 0.0, ""resnet18"": 0.7435, ""resnet50"": 0.2165}",0.7435,2000,paired crossed split-seed
sipakmed_A_cnn4_common3,156,split_01|split_04|split_05|split_07|split_08,"{""densenet121"": 0.031, ""efficientnet_b0"": 0.0, ""resnet18"": 0.505, ""resnet50"": 0.464}",0.505,2000,paired crossed split-seed
sipakmed_A_cnn4_common3,157,split_01|split_04|split_05|split_06|split_10,"{""densenet121"": 0.0765, ""efficientnet_b0"": 0.0, ""resnet18"": 0.518, ""resnet50"": 0.4055}",0.518,2000,paired crossed split-seed
sipakmed_A_cnn4_common3,158,split_01|split_04|split_05|split_06|split_09,"{""densenet121"": 0.04, ""efficientnet_b0"": 0.0, ""resnet18"": 0.647, ""resnet50"": 0.313}",0.647,2000,paired crossed split-seed
sipakmed_A_cnn4_common3,159,split_01|split_04|split_05|split_06|split_08,"{""densenet121"": 0.0345, ""efficientnet_b0"": 0.0, ""resnet18"": 0.4125, ""resnet50"": 0.553}",0.553,2000,paired crossed split-seed
sipakmed_A_cnn4_common3,160,split_01|split_04|split_05|split_06|split_07,"{""densenet121"": 0.034, ""efficientnet_b0"": 0.0, ""resnet18"": 0.8365, ""resnet50"": 0.1295}",0.8365,2000,paired crossed split-seed
sipakmed_A_cnn4_common3,161,split_01|split_03|split_08|split_09|split_10,"{""densenet121"": 0.0, ""efficientnet_b0"": 0.0, ""resnet18"": 0.449, ""resnet50"": 0.551}",0.551,2000,paired crossed split-seed
sipakmed_A_cnn4_common3,162,split_01|split_03|split_07|split_09|split_10,"{""densenet121"": 0.0, ""efficientnet_b0"": 0.0, ""resnet18"": 0.822, ""resnet50"": 0.178}",0.822,2000,paired crossed split-seed
sipakmed_A_cnn4_common3,163,split_01|split_03|split_07|split_08|split_10,"{""densenet121"": 0.0, ""efficientnet_b0"": 0.0, ""resnet18"": 0.5975, ""resnet50"": 0.4025}",0.5975,2000,paired crossed split-seed
sipakmed_A_cnn4_common3,164,split_01|split_03|split_07|split_08|split_09,"{""densenet121"": 0.0, ""efficientnet_b0"": 0.0, ""resnet18"": 0.7445, ""resnet50"": 0.2555}",0.7445,2000,paired crossed split-seed
sipakmed_A_cnn4_common3,165,split_01|split_03|split_06|split_09|split_10,"{""densenet121"": 0.002, ""efficientnet_b0"": 0.0, ""resnet18"": 0.7105, ""resnet50"": 0.2875}",0.7105,2000,paired crossed split-seed
sipakmed_A_cnn4_common3,166,split_01|split_03|split_06|split_08|split_10,"{""densenet121"": 0.0015, ""efficientnet_b0"": 0.0, ""resnet18"": 0.514, ""resnet50"": 0.4845}",0.514,2000,paired crossed split-seed
sipakmed_A_cnn4_common3,167,split_01|split_03|split_06|split_08|split_09,"{""densenet121"": 0.0, ""efficientnet_b0"": 0.0, ""resnet18"": 0.6015, ""resnet50"": 0.3985}",0.6015,2000,paired crossed split-seed
sipakmed_A_cnn4_common3,168,split_01|split_03|split_06|split_07|split_10,"{""densenet121"": 0.001, ""efficientnet_b0"": 0.0, ""resnet18"": 0.85, ""resnet50"": 0.149}",0.85,2000,paired crossed split-seed
sipakmed_A_cnn4_common3,169,split_01|split_03|split_06|split_07|split_09,"{""densenet121"": 0.0, ""efficientnet_b0"": 0.0, ""resnet18"": 0.9195, ""resnet50"": 0.0805}",0.9195,2000,paired crossed split-seed
sipakmed_A_cnn4_common3,170,split_01|split_03|split_06|split_07|split_08,"{""densenet121"": 0.0, ""efficientnet_b0"": 0.0, ""resnet18"": 0.805, ""resnet50"": 0.195}",0.805,2000,paired crossed split-seed
sipakmed_A_cnn4_common3,171,split_01|split_03|split_05|split_09|split_10,"{""densenet121"": 0.0, ""efficientnet_b0"": 0.0, ""resnet18"": 0.53, ""resnet50"": 0.47}",0.53,2000,paired crossed split-seed
sipakmed_A_cnn4_common3,172,split_01|split_03|split_05|split_08|split_10,"{""densenet121"": 0.0, ""efficientnet_b0"": 0.0, ""resnet18"": 0.2455, ""resnet50"": 0.7545}",0.7545,2000,paired crossed split-seed
sipakmed_A_cnn4_common3,173,split_01|split_03|split_05|split_08|split_09,"{""densenet121"": 0.0, ""efficientnet_b0"": 0.0, ""resnet18"": 0.377, ""resnet50"": 0.623}",0.623,2000,paired crossed split-seed
sipakmed_A_cnn4_common3,174,split_01|split_03|split_05|split_07|split_10,"{""densenet121"": 0.0005, ""efficientnet_b0"": 0.0, ""resnet18"": 0.7215, ""resnet50"": 0.278}",0.7215,2000,paired crossed split-seed
sipakmed_A_cnn4_common3,175,split_01|split_03|split_05|split_07|split_09,"{""densenet121"": 0.0, ""efficientnet_b0"": 0.0, ""resnet18"": 0.855, ""resnet50"": 0.145}",0.855,2000,paired crossed split-seed
sipakmed_A_cnn4_common3,176,split_01|split_03|split_05|split_07|split_08,"{""densenet121"": 0.0, ""efficientnet_b0"": 0.0, ""resnet18"": 0.601, ""resnet50"": 0.399}",0.601,2000,paired crossed split-seed
sipakmed_A_cnn4_common3,177,split_01|split_03|split_05|split_06|split_10,"{""densenet121"": 0.0015, ""efficientnet_b0"": 0.0, ""resnet18"": 0.622, ""resnet50"": 0.3765}",0.622,2000,paired crossed split-seed
sipakmed_A_cnn4_common3,178,split_01|split_03|split_05|split_06|split_09,"{""densenet121"": 0.0, ""efficientnet_b0"": 0.0, ""resnet18"": 0.729, ""resnet50"": 0.271}",0.729,2000,paired crossed split-seed
sipakmed_A_cnn4_common3,179,split_01|split_03|split_05|split_06|split_08,"{""densenet121"": 0.0, ""efficientnet_b0"": 0.0, ""resnet18"": 0.5035, ""resnet50"": 0.4965}",0.5035,2000,paired crossed split-seed
sipakmed_A_cnn4_common3,180,split_01|split_03|split_05|split_06|split_07,"{""densenet121"": 0.0, ""efficientnet_b0"": 0.0, ""resnet18"": 0.894, ""resnet50"": 0.106}",0.894,2000,paired crossed split-seed
sipakmed_A_cnn4_common3,181,split_01|split_03|split_04|split_09|split_10,"{""densenet121"": 0.107, ""efficientnet_b0"": 0.0, ""resnet18"": 0.4805, ""resnet50"": 0.4125}",0.4805,2000,paired crossed split-seed
sipakmed_A_cnn4_common3,182,split_01|split_03|split_04|split_08|split_10,"{""densenet121"": 0.0865, ""efficientnet_b0"": 0.0, ""resnet18"": 0.258, ""resnet50"": 0.6555}",0.6555,2000,paired crossed split-seed
sipakmed_A_cnn4_common3,183,split_01|split_03|split_04|split_08|split_09,"{""densenet121"": 0.0625, ""efficientnet_b0"": 0.0, ""resnet18"": 0.3765, ""resnet50"": 0.561}",0.561,2000,paired crossed split-seed
sipakmed_A_cnn4_common3,184,split_01|split_03|split_04|split_07|split_10,"{""densenet121"": 0.0885, ""efficientnet_b0"": 0.0, ""resnet18"": 0.664, ""resnet50"": 0.2475}",0.664,2000,paired crossed split-seed
sipakmed_A_cnn4_common3,185,split_01|split_03|split_04|split_07|split_09,"{""densenet121"": 0.065, ""efficientnet_b0"": 0.0, ""resnet18"": 0.794, ""resnet50"": 0.141}",0.794,2000,paired crossed split-seed
sipakmed_A_cnn4_common3,186,split_01|split_03|split_04|split_07|split_08,"{""densenet121"": 0.0585, ""efficientnet_b0"": 0.0, ""resnet18"": 0.5775, ""resnet50"": 0.364}",0.5775,2000,paired crossed split-seed
sipakmed_A_cnn4_common3,187,split_01|split_03|split_04|split_06|split_10,"{""densenet121"": 0.083, ""efficientnet_b0"": 0.0, ""resnet18"": 0.572, ""resnet50"": 0.345}",0.572,2000,paired crossed split-seed
sipakmed_A_cnn4_common3,188,split_01|split_03|split_04|split_06|split_09,"{""densenet121"": 0.054, ""efficientnet_b0"": 0.0, ""resnet18"": 0.698, ""resnet50"": 0.248}",0.698,2000,paired crossed split-seed
sipakmed_A_cnn4_common3,189,split_01|split_03|split_04|split_06|split_08,"{""densenet121"": 0.053, ""efficientnet_b0"": 0.0, ""resnet18"": 0.466, ""resnet50"": 0.481}",0.466,2000,paired crossed split-seed
sipakmed_A_cnn4_common3,190,split_01|split_03|split_04|split_06|split_07,"{""densenet121"": 0.0565, ""efficientnet_b0"": 0.0, ""resnet18"": 0.852, ""resnet50"": 0.0915}",0.852,2000,paired crossed split-seed
sipakmed_A_cnn4_common3,191,split_01|split_03|split_04|split_05|split_10,"{""densenet121"": 0.084, ""efficientnet_b0"": 0.0, ""resnet18"": 0.3155, ""resnet50"": 0.6005}",0.6005,2000,paired crossed split-seed
sipakmed_A_cnn4_common3,192,split_01|split_03|split_04|split_05|split_09,"{""densenet121"": 0.076, ""efficientnet_b0"": 0.0, ""resnet18"": 0.4845, ""resnet50"": 0.4395}",0.4845,2000,paired crossed split-seed
sipakmed_A_cnn4_common3,193,split_01|split_03|split_04|split_05|split_08,"{""densenet121"": 0.042, ""efficientnet_b0"": 0.0, ""resnet18"": 0.2115, ""resnet50"": 0.7465}",0.7465,2000,paired crossed split-seed
sipakmed_A_cnn4_common3,194,split_01|split_03|split_04|split_05|split_07,"{""densenet121"": 0.0545, ""efficientnet_b0"": 0.0, ""resnet18"": 0.6815, ""resnet50"": 0.264}",0.6815,2000,paired crossed split-seed
sipakmed_A_cnn4_common3,195,split_01|split_03|split_04|split_05|split_06,"{""densenet121"": 0.0585, ""efficientnet_b0"": 0.0, ""resnet18"": 0.5995, ""resnet50"": 0.342}",0.5995,2000,paired crossed split-seed
sipakmed_A_cnn4_common3,196,split_01|split_02|split_08|split_09|split_10,"{""densenet121"": 0.0, ""efficientnet_b0"": 0.0, ""resnet18"": 0.5695, ""resnet50"": 0.4305}",0.5695,2000,paired crossed split-seed
sipakmed_A_cnn4_common3,197,split_01|split_02|split_07|split_09|split_10,"{""densenet121"": 0.0, ""efficientnet_b0"": 0.0, ""resnet18"": 0.9025, ""resnet50"": 0.0975}",0.9025,2000,paired crossed split-seed
sipakmed_A_cnn4_common3,198,split_01|split_02|split_07|split_08|split_10,"{""densenet121"": 0.0005, ""efficientnet_b0"": 0.0, ""resnet18"": 0.7605, ""resnet50"": 0.239}",0.7605,2000,paired crossed split-seed
sipakmed_A_cnn4_common3,199,split_01|split_02|split_07|split_08|split_09,"{""densenet121"": 0.0, ""efficientnet_b0"": 0.0, ""resnet18"": 0.8545, ""resnet50"": 0.1455}",0.8545,2000,paired crossed split-seed
sipakmed_A_cnn4_common3,200,split_01|split_02|split_06|split_09|split_10,"{""densenet121"": 0.001, ""efficientnet_b0"": 0.0, ""resnet18"": 0.8075, ""resnet50"": 0.1915}",0.8075,2000,paired crossed split-seed
sipakmed_A_cnn4_common3,201,split_01|split_02|split_06|split_08|split_10,"{""densenet121"": 0.0, ""efficientnet_b0"": 0.0, ""resnet18"": 0.6515, ""resnet50"": 0.3485}",0.6515,2000,paired crossed split-seed
sipakmed_A_cnn4_common3,202,split_01|split_02|split_06|split_08|split_09,"{""densenet121"": 0.0, ""efficientnet_b0"": 0.0, ""resnet18"": 0.742, ""resnet50"": 0.258}",0.742,2000,paired crossed split-seed
sipakmed_A_cnn4_common3,203,split_01|split_02|split_06|split_07|split_10,"{""densenet121"": 0.0025, ""efficientnet_b0"": 0.0, ""resnet18"": 0.9285, ""resnet50"": 0.069}",0.9285,2000,paired crossed split-seed
sipakmed_A_cnn4_common3,204,split_01|split_02|split_06|split_07|split_09,"{""densenet121"": 0.0, ""efficientnet_b0"": 0.0, ""resnet18"": 0.9745, ""resnet50"": 0.0255}",0.9745,2000,paired crossed split-seed
sipakmed_A_cnn4_common3,205,split_01|split_02|split_06|split_07|split_08,"{""densenet121"": 0.0, ""efficientnet_b0"": 0.0, ""resnet18"": 0.905, ""resnet50"": 0.095}",0.905,2000,paired crossed split-seed
sipakmed_A_cnn4_common3,206,split_01|split_02|split_05|split_09|split_10,"{""densenet121"": 0.0005, ""efficientnet_b0"": 0.0, ""resnet18"": 0.6955, ""resnet50"": 0.304}",0.6955,2000,paired crossed split-seed
sipakmed_A_cnn4_common3,207,split_01|split_02|split_05|split_08|split_10,"{""densenet121"": 0.0, ""efficientnet_b0"": 0.0, ""resnet18"": 0.4345, ""resnet50"": 0.5655}",0.5655,2000,paired crossed split-seed
sipakmed_A_cnn4_common3,208,split_01|split_02|split_05|split_08|split_09,"{""densenet121"": 0.0, ""efficientnet_b0"": 0.0, ""resnet18"": 0.5775, ""resnet50"": 0.4225}",0.5775,2000,paired crossed split-seed
sipakmed_A_cnn4_common3,209,split_01|split_02|split_05|split_07|split_10,"{""densenet121"": 0.0005, ""efficientnet_b0"": 0.0, ""resnet18"": 0.849, ""resnet50"": 0.1505}",0.849,2000,paired crossed split-seed
sipakmed_A_cnn4_common3,210,split_01|split_02|split_05|split_07|split_09,"{""densenet121"": 0.0, ""efficientnet_b0"": 0.0, ""resnet18"": 0.935, ""resnet50"": 0.065}",0.935,2000,paired crossed split-seed
sipakmed_A_cnn4_common3,211,split_01|split_02|split_05|split_07|split_08,"{""densenet121"": 0.0, ""efficientnet_b0"": 0.0, ""resnet18"": 0.737, ""resnet50"": 0.263}",0.737,2000,paired crossed split-seed
sipakmed_A_cnn4_common3,212,split_01|split_02|split_05|split_06|split_10,"{""densenet121"": 0.0005, ""efficientnet_b0"": 0.0, ""resnet18"": 0.7485, ""resnet50"": 0.251}",0.7485,2000,paired crossed split-seed
sipakmed_A_cnn4_common3,213,split_01|split_02|split_05|split_06|split_09,"{""densenet121"": 0.0, ""efficientnet_b0"": 0.0, ""resnet18"": 0.885, ""resnet50"": 0.115}",0.885,2000,paired crossed split-seed
sipakmed_A_cnn4_common3,214,split_01|split_02|split_05|split_06|split_08,"{""densenet121"": 0.0, ""efficientnet_b0"": 0.0, ""resnet18"": 0.6845, ""resnet50"": 0.3155}",0.6845,2000,paired crossed split-seed
sipakmed_A_cnn4_common3,215,split_01|split_02|split_05|split_06|split_07,"{""densenet121"": 0.0, ""efficientnet_b0"": 0.0, ""resnet18"": 0.952, ""resnet50"": 0.048}",0.952,2000,paired crossed split-seed
sipakmed_A_cnn4_common3,216,split_01|split_02|split_04|split_09|split_10,"{""densenet121"": 0.0835, ""efficientnet_b0"": 0.0, ""resnet18"": 0.638, ""resnet50"": 0.2785}",0.638,2000,paired crossed split-seed
sipakmed_A_cnn4_common3,217,split_01|split_02|split_04|split_08|split_10,"{""densenet121"": 0.076, ""efficientnet_b0"": 0.0, ""resnet18"": 0.394, ""resnet50"": 0.53}",0.53,2000,paired crossed split-seed
sipakmed_A_cnn4_common3,218,split_01|split_02|split_04|split_08|split_09,"{""densenet121"": 0.0525, ""efficientnet_b0"": 0.0, ""resnet18"": 0.5525, ""resnet50"": 0.395}",0.5525,2000,paired crossed split-seed
sipakmed_A_cnn4_common3,219,split_01|split_02|split_04|split_07|split_10,"{""densenet121"": 0.07, ""efficientnet_b0"": 0.0, ""resnet18"": 0.7975, ""resnet50"": 0.1325}",0.7975,2000,paired crossed split-seed
sipakmed_A_cnn4_common3,220,split_01|split_02|split_04|split_07|split_09,"{""densenet121"": 0.0465, ""efficientnet_b0"": 0.0, ""resnet18"": 0.911, ""resnet50"": 0.0425}",0.911,2000,paired crossed split-seed
sipakmed_A_cnn4_common3,221,split_01|split_02|split_04|split_07|split_08,"{""densenet121"": 0.0455, ""efficientnet_b0"": 0.0, ""resnet18"": 0.7405, ""resnet50"": 0.214}",0.7405,2000,paired crossed split-seed
sipakmed_A_cnn4_common3,222,split_01|split_02|split_04|split_06|split_10,"{""densenet121"": 0.0775, ""efficientnet_b0"": 0.0, ""resnet18"": 0.7075, ""resnet50"": 0.215}",0.7075,2000,paired crossed split-seed
sipakmed_A_cnn4_common3,223,split_01|split_02|split_04|split_06|split_09,"{""densenet121"": 0.0475, ""efficientnet_b0"": 0.0, ""resnet18"": 0.8405, ""resnet50"": 0.112}",0.8405,2000,paired crossed split-seed
sipakmed_A_cnn4_common3,224,split_01|split_02|split_04|split_06|split_08,"{""densenet121"": 0.0405, ""efficientnet_b0"": 0.0, ""resnet18"": 0.633, ""resnet50"": 0.3265}",0.633,2000,paired crossed split-seed
sipakmed_A_cnn4_common3,225,split_01|split_02|split_04|split_06|split_07,"{""densenet121"": 0.041, ""efficientnet_b0"": 0.0, ""resnet18"": 0.9385, ""resnet50"": 0.0205}",0.9385,2000,paired crossed split-seed
sipakmed_A_cnn4_common3,226,split_01|split_02|split_04|split_05|split_10,"{""densenet121"": 0.071, ""efficientnet_b0"": 0.0, ""resnet18"": 0.518, ""resnet50"": 0.411}",0.518,2000,paired crossed split-seed
sipakmed_A_cnn4_common3,227,split_01|split_02|split_04|split_05|split_09,"{""densenet121"": 0.0555, ""efficientnet_b0"": 0.0, ""resnet18"": 0.712, ""resnet50"": 0.2325}",0.712,2000,paired crossed split-seed
sipakmed_A_cnn4_common3,228,split_01|split_02|split_04|split_05|split_08,"{""densenet121"": 0.0495, ""efficientnet_b0"": 0.0, ""resnet18"": 0.4145, ""resnet50"": 0.536}",0.536,2000,paired crossed split-seed
sipakmed_A_cnn4_common3,229,split_01|split_02|split_04|split_05|split_07,"{""densenet121"": 0.042, ""efficientnet_b0"": 0.0, ""resnet18"": 0.8545, ""resnet50"": 0.1035}",0.8545,2000,paired crossed split-seed
sipakmed_A_cnn4_common3,230,split_01|split_02|split_04|split_05|split_06,"{""densenet121"": 0.051, ""efficientnet_b0"": 0.0, ""resnet18"": 0.784, ""resnet50"": 0.165}",0.784,2000,paired crossed split-seed
sipakmed_A_cnn4_common3,231,split_01|split_02|split_03|split_09|split_10,"{""densenet121"": 0.0005, ""efficientnet_b0"": 0.0, ""resnet18"": 0.744, ""resnet50"": 0.2555}",0.744,2000,paired crossed split-seed
sipakmed_A_cnn4_common3,232,split_01|split_02|split_03|split_08|split_10,"{""densenet121"": 0.0, ""efficientnet_b0"": 0.0, ""resnet18"": 0.5075, ""resnet50"": 0.4925}",0.5075,2000,paired crossed split-seed
sipakmed_A_cnn4_common3,233,split_01|split_02|split_03|split_08|split_09,"{""densenet121"": 0.0, ""efficientnet_b0"": 0.0, ""resnet18"": 0.6325, ""resnet50"": 0.3675}",0.6325,2000,paired crossed split-seed
sipakmed_A_cnn4_common3,234,split_01|split_02|split_03|split_07|split_10,"{""densenet121"": 0.0, ""efficientnet_b0"": 0.0, ""resnet18"": 0.8385, ""resnet50"": 0.1615}",0.8385,2000,paired crossed split-seed
sipakmed_A_cnn4_common3,235,split_01|split_02|split_03|split_07|split_09,"{""densenet121"": 0.0, ""efficientnet_b0"": 0.0, ""resnet18"": 0.936, ""resnet50"": 0.064}",0.936,2000,paired crossed split-seed
sipakmed_A_cnn4_common3,236,split_01|split_02|split_03|split_07|split_08,"{""densenet121"": 0.0, ""efficientnet_b0"": 0.0, ""resnet18"": 0.7895, ""resnet50"": 0.2105}",0.7895,2000,paired crossed split-seed
sipakmed_A_cnn4_common3,237,split_01|split_02|split_03|split_06|split_10,"{""densenet121"": 0.0025, ""efficientnet_b0"": 0.0, ""resnet18"": 0.784, ""resnet50"": 0.2135}",0.784,2000,paired crossed split-seed
sipakmed_A_cnn4_common3,238,split_01|split_02|split_03|split_06|split_09,"{""densenet121"": 0.0005, ""efficientnet_b0"": 0.0, ""resnet18"": 0.862, ""resnet50"": 0.1375}",0.862,2000,paired crossed split-seed
sipakmed_A_cnn4_common3,239,split_01|split_02|split_03|split_06|split_08,"{""densenet121"": 0.0, ""efficientnet_b0"": 0.0, ""resnet18"": 0.6965, ""resnet50"": 0.3035}",0.6965,2000,paired crossed split-seed
sipakmed_A_cnn4_common3,240,split_01|split_02|split_03|split_06|split_07,"{""densenet121"": 0.0, ""efficientnet_b0"": 0.0, ""resnet18"": 0.957, ""resnet50"": 0.043}",0.957,2000,paired crossed split-seed
sipakmed_A_cnn4_common3,241,split_01|split_02|split_03|split_05|split_10,"{""densenet121"": 0.0, ""efficientnet_b0"": 0.0, ""resnet18"": 0.6335, ""resnet50"": 0.3665}",0.6335,2000,paired crossed split-seed
sipakmed_A_cnn4_common3,242,split_01|split_02|split_03|split_05|split_09,"{""densenet121"": 0.0, ""efficientnet_b0"": 0.0, ""resnet18"": 0.7985, ""resnet50"": 0.2015}",0.7985,2000,paired crossed split-seed
sipakmed_A_cnn4_common3,243,split_01|split_02|split_03|split_05|split_08,"{""densenet121"": 0.0, ""efficientnet_b0"": 0.0, ""resnet18"": 0.5115, ""resnet50"": 0.4885}",0.5115,2000,paired crossed split-seed
sipakmed_A_cnn4_common3,244,split_01|split_02|split_03|split_05|split_07,"{""densenet121"": 0.0, ""efficientnet_b0"": 0.0, ""resnet18"": 0.9085, ""resnet50"": 0.0915}",0.9085,2000,paired crossed split-seed
sipakmed_A_cnn4_common3,245,split_01|split_02|split_03|split_05|split_06,"{""densenet121"": 0.0, ""efficientnet_b0"": 0.0, ""resnet18"": 0.844, ""resnet50"": 0.156}",0.844,2000,paired crossed split-seed
sipakmed_A_cnn4_common3,246,split_01|split_02|split_03|split_04|split_10,"{""densenet121"": 0.092, ""efficientnet_b0"": 0.0, ""resnet18"": 0.5495, ""resnet50"": 0.3585}",0.5495,2000,paired crossed split-seed
sipakmed_A_cnn4_common3,247,split_01|split_02|split_03|split_04|split_09,"{""densenet121"": 0.0695, ""efficientnet_b0"": 0.0, ""resnet18"": 0.698, ""resnet50"": 0.2325}",0.698,2000,paired crossed split-seed
sipakmed_A_cnn4_common3,248,split_01|split_02|split_03|split_04|split_08,"{""densenet121"": 0.0575, ""efficientnet_b0"": 0.0, ""resnet18"": 0.4705, ""resnet50"": 0.472}",0.4705,2000,paired crossed split-seed
sipakmed_A_cnn4_common3,249,split_01|split_02|split_03|split_04|split_07,"{""densenet121"": 0.0525, ""efficientnet_b0"": 0.0, ""resnet18"": 0.825, ""resnet50"": 0.1225}",0.825,2000,paired crossed split-seed
sipakmed_A_cnn4_common3,250,split_01|split_02|split_03|split_04|split_06,"{""densenet121"": 0.0635, ""efficientnet_b0"": 0.0, ""resnet18"": 0.793, ""resnet50"": 0.1435}",0.793,2000,paired crossed split-seed
sipakmed_A_cnn4_common3,251,split_01|split_02|split_03|split_04|split_05,"{""densenet121"": 0.055, ""efficientnet_b0"": 0.0, ""resnet18"": 0.6105, ""resnet50"": 0.3345}",0.6105,2000,paired crossed split-seed
sipakmed_B_cnn4_all5,0,split_06|split_07|split_08|split_09|split_10,"{""densenet121"": 0.0, ""efficientnet_b0"": 0.0, ""resnet18"": 0.264, ""resnet50"": 0.736}",0.736,2000,paired crossed split-seed
sipakmed_B_cnn4_all5,1,split_05|split_07|split_08|split_09|split_10,"{""densenet121"": 0.0, ""efficientnet_b0"": 0.0, ""resnet18"": 0.076, ""resnet50"": 0.924}",0.924,2000,paired crossed split-seed
sipakmed_B_cnn4_all5,2,split_05|split_06|split_08|split_09|split_10,"{""densenet121"": 0.0, ""efficientnet_b0"": 0.0, ""resnet18"": 0.2705, ""resnet50"": 0.7295}",0.7295,2000,paired crossed split-seed
sipakmed_B_cnn4_all5,3,split_05|split_06|split_07|split_09|split_10,"{""densenet121"": 0.0, ""efficientnet_b0"": 0.0, ""resnet18"": 0.44, ""resnet50"": 0.56}",0.56,2000,paired crossed split-seed
sipakmed_B_cnn4_all5,4,split_05|split_06|split_07|split_08|split_10,"{""densenet121"": 0.0, ""efficientnet_b0"": 0.0, ""resnet18"": 0.2145, ""resnet50"": 0.7855}",0.7855,2000,paired crossed split-seed
sipakmed_B_cnn4_all5,5,split_05|split_06|split_07|split_08|split_09,"{""densenet121"": 0.0, ""efficientnet_b0"": 0.0, ""resnet18"": 0.3625, ""resnet50"": 0.6375}",0.6375,2000,paired crossed split-seed
sipakmed_B_cnn4_all5,6,split_04|split_07|split_08|split_09|split_10,"{""densenet121"": 0.001, ""efficientnet_b0"": 0.0, ""resnet18"": 0.1965, ""resnet50"": 0.8025}",0.8025,2000,paired crossed split-seed
sipakmed_B_cnn4_all5,7,split_04|split_06|split_08|split_09|split_10,"{""densenet121"": 0.0, ""efficientnet_b0"": 0.0, ""resnet18"": 0.438, ""resnet50"": 0.562}",0.562,2000,paired crossed split-seed
sipakmed_B_cnn4_all5,8,split_04|split_06|split_07|split_09|split_10,"{""densenet121"": 0.0, ""efficientnet_b0"": 0.0, ""resnet18"": 0.637, ""resnet50"": 0.363}",0.637,2000,paired crossed split-seed
sipakmed_B_cnn4_all5,9,split_04|split_06|split_07|split_08|split_10,"{""densenet121"": 0.0, ""efficientnet_b0"": 0.0, ""resnet18"": 0.336, ""resnet50"": 0.664}",0.664,2000,paired crossed split-seed
sipakmed_B_cnn4_all5,10,split_04|split_06|split_07|split_08|split_09,"{""densenet121"": 0.0, ""efficientnet_b0"": 0.0, ""resnet18"": 0.55, ""resnet50"": 0.45}",0.55,2000,paired crossed split-seed
sipakmed_B_cnn4_all5,11,split_04|split_05|split_08|split_09|split_10,"{""densenet121"": 0.0, ""efficientnet_b0"": 0.0, ""resnet18"": 0.21, ""resnet50"": 0.79}",0.79,2000,paired crossed split-seed
sipakmed_B_cnn4_all5,12,split_04|split_05|split_07|split_09|split_10,"{""densenet121"": 0.001, ""efficientnet_b0"": 0.0, ""resnet18"": 0.3735, ""resnet50"": 0.6255}",0.6255,2000,paired crossed split-seed
sipakmed_B_cnn4_all5,13,split_04|split_05|split_07|split_08|split_10,"{""densenet121"": 0.0005, ""efficientnet_b0"": 0.0, ""resnet18"": 0.158, ""resnet50"": 0.8415}",0.8415,2000,paired crossed split-seed
sipakmed_B_cnn4_all5,14,split_04|split_05|split_07|split_08|split_09,"{""densenet121"": 0.0, ""efficientnet_b0"": 0.0, ""resnet18"": 0.305, ""resnet50"": 0.695}",0.695,2000,paired crossed split-seed
sipakmed_B_cnn4_all5,15,split_04|split_05|split_06|split_09|split_10,"{""densenet121"": 0.0005, ""efficientnet_b0"": 0.0, ""resnet18"": 0.6505, ""resnet50"": 0.349}",0.6505,2000,paired crossed split-seed
sipakmed_B_cnn4_all5,16,split_04|split_05|split_06|split_08|split_10,"{""densenet121"": 0.001, ""efficientnet_b0"": 0.0, ""resnet18"": 0.339, ""resnet50"": 0.66}",0.66,2000,paired crossed split-seed
sipakmed_B_cnn4_all5,17,split_04|split_05|split_06|split_08|split_09,"{""densenet121"": 0.0005, ""efficientnet_b0"": 0.0, ""resnet18"": 0.5865, ""resnet50"": 0.413}",0.5865,2000,paired crossed split-seed
sipakmed_B_cnn4_all5,18,split_04|split_05|split_06|split_07|split_10,"{""densenet121"": 0.0, ""efficientnet_b0"": 0.0, ""resnet18"": 0.526, ""resnet50"": 0.474}",0.526,2000,paired crossed split-seed
sipakmed_B_cnn4_all5,19,split_04|split_05|split_06|split_07|split_09,"{""densenet121"": 0.0, ""efficientnet_b0"": 0.0, ""resnet18"": 0.8085, ""resnet50"": 0.1915}",0.8085,2000,paired crossed split-seed
sipakmed_B_cnn4_all5,20,split_04|split_05|split_06|split_07|split_08,"{""densenet121"": 0.0, ""efficientnet_b0"": 0.0, ""resnet18"": 0.457, ""resnet50"": 0.543}",0.543,2000,paired crossed split-seed
sipakmed_B_cnn4_all5,21,split_03|split_07|split_08|split_09|split_10,"{""densenet121"": 0.0, ""efficientnet_b0"": 0.0, ""resnet18"": 0.1625, ""resnet50"": 0.8375}",0.8375,2000,paired crossed split-seed
sipakmed_B_cnn4_all5,22,split_03|split_06|split_08|split_09|split_10,"{""densenet121"": 0.0, ""efficientnet_b0"": 0.0, ""resnet18"": 0.393, ""resnet50"": 0.607}",0.607,2000,paired crossed split-seed
sipakmed_B_cnn4_all5,23,split_03|split_06|split_07|split_09|split_10,"{""densenet121"": 0.0005, ""efficientnet_b0"": 0.0, ""resnet18"": 0.5785, ""resnet50"": 0.421}",0.5785,2000,paired crossed split-seed
sipakmed_B_cnn4_all5,24,split_03|split_06|split_07|split_08|split_10,"{""densenet121"": 0.0005, ""efficientnet_b0"": 0.0, ""resnet18"": 0.3145, ""resnet50"": 0.685}",0.685,2000,paired crossed split-seed
sipakmed_B_cnn4_all5,25,split_03|split_06|split_07|split_08|split_09,"{""densenet121"": 0.0, ""efficientnet_b0"": 0.0, ""resnet18"": 0.5055, ""resnet50"": 0.4945}",0.5055,2000,paired crossed split-seed
sipakmed_B_cnn4_all5,26,split_03|split_05|split_08|split_09|split_10,"{""densenet121"": 0.0, ""efficientnet_b0"": 0.0, ""resnet18"": 0.155, ""resnet50"": 0.845}",0.845,2000,paired crossed split-seed
sipakmed_B_cnn4_all5,27,split_03|split_05|split_07|split_09|split_10,"{""densenet121"": 0.0, ""efficientnet_b0"": 0.0, ""resnet18"": 0.3525, ""resnet50"": 0.6475}",0.6475,2000,paired crossed split-seed
sipakmed_B_cnn4_all5,28,split_03|split_05|split_07|split_08|split_10,"{""densenet121"": 0.0005, ""efficientnet_b0"": 0.0, ""resnet18"": 0.1145, ""resnet50"": 0.885}",0.885,2000,paired crossed split-seed
sipakmed_B_cnn4_all5,29,split_03|split_05|split_07|split_08|split_09,"{""densenet121"": 0.0, ""efficientnet_b0"": 0.0, ""resnet18"": 0.282, ""resnet50"": 0.718}",0.718,2000,paired crossed split-seed
sipakmed_B_cnn4_all5,30,split_03|split_05|split_06|split_09|split_10,"{""densenet121"": 0.0, ""efficientnet_b0"": 0.0, ""resnet18"": 0.628, ""resnet50"": 0.372}",0.628,2000,paired crossed split-seed
sipakmed_B_cnn4_all5,31,split_03|split_05|split_06|split_08|split_10,"{""densenet121"": 0.0005, ""efficientnet_b0"": 0.0, ""resnet18"": 0.3155, ""resnet50"": 0.684}",0.684,2000,paired crossed split-seed
sipakmed_B_cnn4_all5,32,split_03|split_05|split_06|split_08|split_09,"{""densenet121"": 0.0, ""efficientnet_b0"": 0.0, ""resnet18"": 0.556, ""resnet50"": 0.444}",0.556,2000,paired crossed split-seed
sipakmed_B_cnn4_all5,33,split_03|split_05|split_06|split_07|split_10,"{""densenet121"": 0.0005, ""efficientnet_b0"": 0.0, ""resnet18"": 0.466, ""resnet50"": 0.5335}",0.5335,2000,paired crossed split-seed
sipakmed_B_cnn4_all5,34,split_03|split_05|split_06|split_07|split_09,"{""densenet121"": 0.0, ""efficientnet_b0"": 0.0, ""resnet18"": 0.7805, ""resnet50"": 0.2195}",0.7805,2000,paired crossed split-seed
sipakmed_B_cnn4_all5,35,split_03|split_05|split_06|split_07|split_08,"{""densenet121"": 0.0, ""efficientnet_b0"": 0.0, ""resnet18"": 0.4345, ""resnet50"": 0.5655}",0.5655,2000,paired crossed split-seed
sipakmed_B_cnn4_all5,36,split_03|split_04|split_08|split_09|split_10,"{""densenet121"": 0.004, ""efficientnet_b0"": 0.0, ""resnet18"": 0.316, ""resnet50"": 0.68}",0.68,2000,paired crossed split-seed
sipakmed_B_cnn4_all5,37,split_03|split_04|split_07|split_09|split_10,"{""densenet121"": 0.0045, ""efficientnet_b0"": 0.0, ""resnet18"": 0.534, ""resnet50"": 0.4615}",0.534,2000,paired crossed split-seed
sipakmed_B_cnn4_all5,38,split_03|split_04|split_07|split_08|split_10,"{""densenet121"": 0.003, ""efficientnet_b0"": 0.0, ""resnet18"": 0.258, ""resnet50"": 0.739}",0.739,2000,paired crossed split-seed
sipakmed_B_cnn4_all5,39,split_03|split_04|split_07|split_08|split_09,"{""densenet121"": 0.001, ""efficientnet_b0"": 0.0, ""resnet18"": 0.4615, ""resnet50"": 0.5375}",0.5375,2000,paired crossed split-seed
sipakmed_B_cnn4_all5,40,split_03|split_04|split_06|split_09|split_10,"{""densenet121"": 0.002, ""efficientnet_b0"": 0.0, ""resnet18"": 0.773, ""resnet50"": 0.225}",0.773,2000,paired crossed split-seed
sipakmed_B_cnn4_all5,41,split_03|split_04|split_06|split_08|split_10,"{""densenet121"": 0.0025, ""efficientnet_b0"": 0.0, ""resnet18"": 0.4685, ""resnet50"": 0.529}",0.529,2000,paired crossed split-seed
sipakmed_B_cnn4_all5,42,split_03|split_04|split_06|split_08|split_09,"{""densenet121"": 0.001, ""efficientnet_b0"": 0.0, ""resnet18"": 0.701, ""resnet50"": 0.298}",0.701,2000,paired crossed split-seed
sipakmed_B_cnn4_all5,43,split_03|split_04|split_06|split_07|split_10,"{""densenet121"": 0.0045, ""efficientnet_b0"": 0.0, ""resnet18"": 0.664, ""resnet50"": 0.3315}",0.664,2000,paired crossed split-seed
sipakmed_B_cnn4_all5,44,split_03|split_04|split_06|split_07|split_09,"{""densenet121"": 0.0005, ""efficientnet_b0"": 0.0, ""resnet18"": 0.8935, ""resnet50"": 0.106}",0.8935,2000,paired crossed split-seed
sipakmed_B_cnn4_all5,45,split_03|split_04|split_06|split_07|split_08,"{""densenet121"": 0.0, ""efficientnet_b0"": 0.0, ""resnet18"": 0.5845, ""resnet50"": 0.4155}",0.5845,2000,paired crossed split-seed
sipakmed_B_cnn4_all5,46,split_03|split_04|split_05|split_09|split_10,"{""densenet121"": 0.005, ""efficientnet_b0"": 0.0, ""resnet18"": 0.547, ""resnet50"": 0.448}",0.547,2000,paired crossed split-seed
sipakmed_B_cnn4_all5,47,split_03|split_04|split_05|split_08|split_10,"{""densenet121"": 0.0025, ""efficientnet_b0"": 0.0, ""resnet18"": 0.2435, ""resnet50"": 0.754}",0.754,2000,paired crossed split-seed
sipakmed_B_cnn4_all5,48,split_03|split_04|split_05|split_08|split_09,"{""densenet121"": 0.0, ""efficientnet_b0"": 0.0, ""resnet18"": 0.478, ""resnet50"": 0.522}",0.522,2000,paired crossed split-seed
sipakmed_B_cnn4_all5,49,split_03|split_04|split_05|split_07|split_10,"{""densenet121"": 0.002, ""efficientnet_b0"": 0.0, ""resnet18"": 0.459, ""resnet50"": 0.539}",0.539,2000,paired crossed split-seed
sipakmed_B_cnn4_all5,50,split_03|split_04|split_05|split_07|split_09,"{""densenet121"": 0.0005, ""efficientnet_b0"": 0.0, ""resnet18"": 0.745, ""resnet50"": 0.2545}",0.745,2000,paired crossed split-seed
sipakmed_B_cnn4_all5,51,split_03|split_04|split_05|split_07|split_08,"{""densenet121"": 0.0015, ""efficientnet_b0"": 0.0, ""resnet18"": 0.375, ""resnet50"": 0.6235}",0.6235,2000,paired crossed split-seed
sipakmed_B_cnn4_all5,52,split_03|split_04|split_05|split_06|split_10,"{""densenet121"": 0.004, ""efficientnet_b0"": 0.0, ""resnet18"": 0.6825, ""resnet50"": 0.3135}",0.6825,2000,paired crossed split-seed
sipakmed_B_cnn4_all5,53,split_03|split_04|split_05|split_06|split_09,"{""densenet121"": 0.0, ""efficientnet_b0"": 0.0, ""resnet18"": 0.9505, ""resnet50"": 0.0495}",0.9505,2000,paired crossed split-seed
sipakmed_B_cnn4_all5,54,split_03|split_04|split_05|split_06|split_08,"{""densenet121"": 0.0, ""efficientnet_b0"": 0.0, ""resnet18"": 0.634, ""resnet50"": 0.366}",0.634,2000,paired crossed split-seed
sipakmed_B_cnn4_all5,55,split_03|split_04|split_05|split_06|split_07,"{""densenet121"": 0.0, ""efficientnet_b0"": 0.0, ""resnet18"": 0.8225, ""resnet50"": 0.1775}",0.8225,2000,paired crossed split-seed
sipakmed_B_cnn4_all5,56,split_02|split_07|split_08|split_09|split_10,"{""densenet121"": 0.0, ""efficientnet_b0"": 0.0, ""resnet18"": 0.0435, ""resnet50"": 0.9565}",0.9565,2000,paired crossed split-seed
sipakmed_B_cnn4_all5,57,split_02|split_06|split_08|split_09|split_10,"{""densenet121"": 0.0025, ""efficientnet_b0"": 0.0, ""resnet18"": 0.229, ""resnet50"": 0.7685}",0.7685,2000,paired crossed split-seed
sipakmed_B_cnn4_all5,58,split_02|split_06|split_07|split_09|split_10,"{""densenet121"": 0.0045, ""efficientnet_b0"": 0.0, ""resnet18"": 0.3915, ""resnet50"": 0.604}",0.604,2000,paired crossed split-seed
sipakmed_B_cnn4_all5,59,split_02|split_06|split_07|split_08|split_10,"{""densenet121"": 0.0005, ""efficientnet_b0"": 0.0, ""resnet18"": 0.178, ""resnet50"": 0.8215}",0.8215,2000,paired crossed split-seed
sipakmed_B_cnn4_all5,60,split_02|split_06|split_07|split_08|split_09,"{""densenet121"": 0.002, ""efficientnet_b0"": 0.0, ""resnet18"": 0.326, ""resnet50"": 0.672}",0.672,2000,paired crossed split-seed
sipakmed_B_cnn4_all5,61,split_02|split_05|split_08|split_09|split_10,"{""densenet121"": 0.0, ""efficientnet_b0"": 0.0, ""resnet18"": 0.0425, ""resnet50"": 0.9575}",0.9575,2000,paired crossed split-seed
sipakmed_B_cnn4_all5,62,split_02|split_05|split_07|split_09|split_10,"{""densenet121"": 0.003, ""efficientnet_b0"": 0.0, ""resnet18"": 0.1265, ""resnet50"": 0.8705}",0.8705,2000,paired crossed split-seed
sipakmed_B_cnn4_all5,63,split_02|split_05|split_07|split_08|split_10,"{""densenet121"": 0.0, ""efficientnet_b0"": 0.0, ""resnet18"": 0.0265, ""resnet50"": 0.9735}",0.9735,2000,paired crossed split-seed
sipakmed_B_cnn4_all5,64,split_02|split_05|split_07|split_08|split_09,"{""densenet121"": 0.001, ""efficientnet_b0"": 0.0, ""resnet18"": 0.093, ""resnet50"": 0.906}",0.906,2000,paired crossed split-seed
sipakmed_B_cnn4_all5,65,split_02|split_05|split_06|split_09|split_10,"{""densenet121"": 0.003, ""efficientnet_b0"": 0.0, ""resnet18"": 0.424, ""resnet50"": 0.573}",0.573,2000,paired crossed split-seed
sipakmed_B_cnn4_all5,66,split_02|split_05|split_06|split_08|split_10,"{""densenet121"": 0.0015, ""efficientnet_b0"": 0.0, ""resnet18"": 0.176, ""resnet50"": 0.8225}",0.8225,2000,paired crossed split-seed
sipakmed_B_cnn4_all5,67,split_02|split_05|split_06|split_08|split_09,"{""densenet121"": 0.002, ""efficientnet_b0"": 0.0, ""resnet18"": 0.3555, ""resnet50"": 0.6425}",0.6425,2000,paired crossed split-seed
sipakmed_B_cnn4_all5,68,split_02|split_05|split_06|split_07|split_10,"{""densenet121"": 0.0025, ""efficientnet_b0"": 0.0, ""resnet18"": 0.3245, ""resnet50"": 0.673}",0.673,2000,paired crossed split-seed
sipakmed_B_cnn4_all5,69,split_02|split_05|split_06|split_07|split_09,"{""densenet121"": 0.002, ""efficientnet_b0"": 0.0, ""resnet18"": 0.5855, ""resnet50"": 0.4125}",0.5855,2000,paired crossed split-seed
sipakmed_B_cnn4_all5,70,split_02|split_05|split_06|split_07|split_08,"{""densenet121"": 0.0035, ""efficientnet_b0"": 0.0, ""resnet18"": 0.2635, ""resnet50"": 0.733}",0.733,2000,paired crossed split-seed
sipakmed_B_cnn4_all5,71,split_02|split_04|split_08|split_09|split_10,"{""densenet121"": 0.004, ""efficientnet_b0"": 0.0, ""resnet18"": 0.1705, ""resnet50"": 0.8255}",0.8255,2000,paired crossed split-seed
sipakmed_B_cnn4_all5,72,split_02|split_04|split_07|split_09|split_10,"{""densenet121"": 0.0015, ""efficientnet_b0"": 0.0, ""resnet18"": 0.316, ""resnet50"": 0.6825}",0.6825,2000,paired crossed split-seed
sipakmed_B_cnn4_all5,73,split_02|split_04|split_07|split_08|split_10,"{""densenet121"": 0.002, ""efficientnet_b0"": 0.0, ""resnet18"": 0.108, ""resnet50"": 0.89}",0.89,2000,paired crossed split-seed
sipakmed_B_cnn4_all5,74,split_02|split_04|split_07|split_08|split_09,"{""densenet121"": 0.0015, ""efficientnet_b0"": 0.0, ""resnet18"": 0.2695, ""resnet50"": 0.729}",0.729,2000,paired crossed split-seed
sipakmed_B_cnn4_all5,75,split_02|split_04|split_06|split_09|split_10,"{""densenet121"": 0.0065, ""efficientnet_b0"": 0.0, ""resnet18"": 0.5985, ""resnet50"": 0.395}",0.5985,2000,paired crossed split-seed
sipakmed_B_cnn4_all5,76,split_02|split_04|split_06|split_08|split_10,"{""densenet121"": 0.0035, ""efficientnet_b0"": 0.0, ""resnet18"": 0.3035, ""resnet50"": 0.693}",0.693,2000,paired crossed split-seed
sipakmed_B_cnn4_all5,77,split_02|split_04|split_06|split_08|split_09,"{""densenet121"": 0.0035, ""efficientnet_b0"": 0.0, ""resnet18"": 0.507, ""resnet50"": 0.4895}",0.507,2000,paired crossed split-seed
sipakmed_B_cnn4_all5,78,split_02|split_04|split_06|split_07|split_10,"{""densenet121"": 0.0055, ""efficientnet_b0"": 0.0, ""resnet18"": 0.4835, ""resnet50"": 0.511}",0.511,2000,paired crossed split-seed
sipakmed_B_cnn4_all5,79,split_02|split_04|split_06|split_07|split_09,"{""densenet121"": 0.004, ""efficientnet_b0"": 0.0, ""resnet18"": 0.7475, ""resnet50"": 0.2485}",0.7475,2000,paired crossed split-seed
sipakmed_B_cnn4_all5,80,split_02|split_04|split_06|split_07|split_08,"{""densenet121"": 0.0035, ""efficientnet_b0"": 0.0, ""resnet18"": 0.418, ""resnet50"": 0.5785}",0.5785,2000,paired crossed split-seed
sipakmed_B_cnn4_all5,81,split_02|split_04|split_05|split_09|split_10,"{""densenet121"": 0.0015, ""efficientnet_b0"": 0.0, ""resnet18"": 0.323, ""resnet50"": 0.6755}",0.6755,2000,paired crossed split-seed
sipakmed_B_cnn4_all5,82,split_02|split_04|split_05|split_08|split_10,"{""densenet121"": 0.001, ""efficientnet_b0"": 0.0, ""resnet18"": 0.128, ""resnet50"": 0.871}",0.871,2000,paired crossed split-seed
sipakmed_B_cnn4_all5,83,split_02|split_04|split_05|split_08|split_09,"{""densenet121"": 0.0015, ""efficientnet_b0"": 0.0, ""resnet18"": 0.298, ""resnet50"": 0.7005}",0.7005,2000,paired crossed split-seed
sipakmed_B_cnn4_all5,84,split_02|split_04|split_05|split_07|split_10,"{""densenet121"": 0.0025, ""efficientnet_b0"": 0.0, ""resnet18"": 0.2425, ""resnet50"": 0.755}",0.755,2000,paired crossed split-seed
sipakmed_B_cnn4_all5,85,split_02|split_04|split_05|split_07|split_09,"{""densenet121"": 0.0015, ""efficientnet_b0"": 0.0, ""resnet18"": 0.474, ""resnet50"": 0.5245}",0.474,2000,paired crossed split-seed
sipakmed_B_cnn4_all5,86,split_02|split_04|split_05|split_07|split_08,"{""densenet121"": 0.003, ""efficientnet_b0"": 0.0, ""resnet18"": 0.1825, ""resnet50"": 0.8145}",0.8145,2000,paired crossed split-seed
sipakmed_B_cnn4_all5,87,split_02|split_04|split_05|split_06|split_10,"{""densenet121"": 0.002, ""efficientnet_b0"": 0.0, ""resnet18"": 0.501, ""resnet50"": 0.497}",0.501,2000,paired crossed split-seed
sipakmed_B_cnn4_all5,88,split_02|split_04|split_05|split_06|split_09,"{""densenet121"": 0.005, ""efficientnet_b0"": 0.0, ""resnet18"": 0.8095, ""resnet50"": 0.1855}",0.8095,2000,paired crossed split-seed
sipakmed_B_cnn4_all5,89,split_02|split_04|split_05|split_06|split_08,"{""densenet121"": 0.0015, ""efficientnet_b0"": 0.0, ""resnet18"": 0.4615, ""resnet50"": 0.537}",0.537,2000,paired crossed split-seed
sipakmed_B_cnn4_all5,90,split_02|split_04|split_05|split_06|split_07,"{""densenet121"": 0.001, ""efficientnet_b0"": 0.0, ""resnet18"": 0.641, ""resnet50"": 0.358}",0.641,2000,paired crossed split-seed
sipakmed_B_cnn4_all5,91,split_02|split_03|split_08|split_09|split_10,"{""densenet121"": 0.004, ""efficientnet_b0"": 0.0, ""resnet18"": 0.124, ""resnet50"": 0.872}",0.872,2000,paired crossed split-seed
sipakmed_B_cnn4_all5,92,split_02|split_03|split_07|split_09|split_10,"{""densenet121"": 0.0065, ""efficientnet_b0"": 0.0, ""resnet18"": 0.283, ""resnet50"": 0.7105}",0.7105,2000,paired crossed split-seed
sipakmed_B_cnn4_all5,93,split_02|split_03|split_07|split_08|split_10,"{""densenet121"": 0.0035, ""efficientnet_b0"": 0.0, ""resnet18"": 0.073, ""resnet50"": 0.9235}",0.9235,2000,paired crossed split-seed
sipakmed_B_cnn4_all5,94,split_02|split_03|split_07|split_08|split_09,"{""densenet121"": 0.0015, ""efficientnet_b0"": 0.0, ""resnet18"": 0.216, ""resnet50"": 0.7825}",0.7825,2000,paired crossed split-seed
sipakmed_B_cnn4_all5,95,split_02|split_03|split_06|split_09|split_10,"{""densenet121"": 0.0065, ""efficientnet_b0"": 0.0, ""resnet18"": 0.566, ""resnet50"": 0.4275}",0.566,2000,paired crossed split-seed
sipakmed_B_cnn4_all5,96,split_02|split_03|split_06|split_08|split_10,"{""densenet121"": 0.0065, ""efficientnet_b0"": 0.0, ""resnet18"": 0.268, ""resnet50"": 0.7255}",0.7255,2000,paired crossed split-seed
sipakmed_B_cnn4_all5,97,split_02|split_03|split_06|split_08|split_09,"{""densenet121"": 0.004, ""efficientnet_b0"": 0.0, ""resnet18"": 0.5245, ""resnet50"": 0.4715}",0.4715,2000,paired crossed split-seed
sipakmed_B_cnn4_all5,98,split_02|split_03|split_06|split_07|split_10,"{""densenet121"": 0.007, ""efficientnet_b0"": 0.0, ""resnet18"": 0.4295, ""resnet50"": 0.5635}",0.5635,2000,paired crossed split-seed
sipakmed_B_cnn4_all5,99,split_02|split_03|split_06|split_07|split_09,"{""densenet121"": 0.005, ""efficientnet_b0"": 0.0, ""resnet18"": 0.742, ""resnet50"": 0.253}",0.742,2000,paired crossed split-seed
sipakmed_B_cnn4_all5,100,split_02|split_03|split_06|split_07|split_08,"{""densenet121"": 0.0025, ""efficientnet_b0"": 0.0, ""resnet18"": 0.378, ""resnet50"": 0.6195}",0.6195,2000,paired crossed split-seed
sipakmed_B_cnn4_all5,101,split_02|split_03|split_05|split_09|split_10,"{""densenet121"": 0.0035, ""efficientnet_b0"": 0.0, ""resnet18"": 0.2675, ""resnet50"": 0.729}",0.729,2000,paired crossed split-seed
sipakmed_B_cnn4_all5,102,split_02|split_03|split_05|split_08|split_10,"{""densenet121"": 0.0045, ""efficientnet_b0"": 0.0, ""resnet18"": 0.0755, ""resnet50"": 0.92}",0.92,2000,paired crossed split-seed
sipakmed_B_cnn4_all5,103,split_02|split_03|split_05|split_08|split_09,"{""densenet121"": 0.0, ""efficientnet_b0"": 0.0, ""resnet18"": 0.241, ""resnet50"": 0.759}",0.759,2000,paired crossed split-seed
sipakmed_B_cnn4_all5,104,split_02|split_03|split_05|split_07|split_10,"{""densenet121"": 0.001, ""efficientnet_b0"": 0.0, ""resnet18"": 0.1985, ""resnet50"": 0.8005}",0.8005,2000,paired crossed split-seed
sipakmed_B_cnn4_all5,105,split_02|split_03|split_05|split_07|split_09,"{""densenet121"": 0.0025, ""efficientnet_b0"": 0.0, ""resnet18"": 0.4575, ""resnet50"": 0.54}",0.54,2000,paired crossed split-seed
sipakmed_B_cnn4_all5,106,split_02|split_03|split_05|split_07|split_08,"{""densenet121"": 0.003, ""efficientnet_b0"": 0.0, ""resnet18"": 0.1415, ""resnet50"": 0.8555}",0.8555,2000,paired crossed split-seed
sipakmed_B_cnn4_all5,107,split_02|split_03|split_05|split_06|split_10,"{""densenet121"": 0.0045, ""efficientnet_b0"": 0.0, ""resnet18"": 0.485, ""resnet50"": 0.5105}",0.5105,2000,paired crossed split-seed
sipakmed_B_cnn4_all5,108,split_02|split_03|split_05|split_06|split_09,"{""densenet121"": 0.006, ""efficientnet_b0"": 0.0, ""resnet18"": 0.826, ""resnet50"": 0.168}",0.826,2000,paired crossed split-seed
sipakmed_B_cnn4_all5,109,split_02|split_03|split_05|split_06|split_08,"{""densenet121"": 0.0015, ""efficientnet_b0"": 0.0, ""resnet18"": 0.3945, ""resnet50"": 0.604}",0.604,2000,paired crossed split-seed
sipakmed_B_cnn4_all5,110,split_02|split_03|split_05|split_06|split_07,"{""densenet121"": 0.0025, ""efficientnet_b0"": 0.0, ""resnet18"": 0.623, ""resnet50"": 0.3745}",0.623,2000,paired crossed split-seed
sipakmed_B_cnn4_all5,111,split_02|split_03|split_04|split_09|split_10,"{""densenet121"": 0.008, ""efficientnet_b0"": 0.0, ""resnet18"": 0.4805, ""resnet50"": 0.5115}",0.4805,2000,paired crossed split-seed
sipakmed_B_cnn4_all5,112,split_02|split_03|split_04|split_08|split_10,"{""densenet121"": 0.0085, ""efficientnet_b0"": 0.0, ""resnet18"": 0.2165, ""resnet50"": 0.775}",0.775,2000,paired crossed split-seed
sipakmed_B_cnn4_all5,113,split_02|split_03|split_04|split_08|split_09,"{""densenet121"": 0.003, ""efficientnet_b0"": 0.0, ""resnet18"": 0.407, ""resnet50"": 0.59}",0.59,2000,paired crossed split-seed
sipakmed_B_cnn4_all5,114,split_02|split_03|split_04|split_07|split_10,"{""densenet121"": 0.0105, ""efficientnet_b0"": 0.0, ""resnet18"": 0.3845, ""resnet50"": 0.605}",0.605,2000,paired crossed split-seed
sipakmed_B_cnn4_all5,115,split_02|split_03|split_04|split_07|split_09,"{""densenet121"": 0.0035, ""efficientnet_b0"": 0.0, ""resnet18"": 0.691, ""resnet50"": 0.3055}",0.691,2000,paired crossed split-seed
sipakmed_B_cnn4_all5,116,split_02|split_03|split_04|split_07|split_08,"{""densenet121"": 0.004, ""efficientnet_b0"": 0.0, ""resnet18"": 0.3135, ""resnet50"": 0.6825}",0.6825,2000,paired crossed split-seed
sipakmed_B_cnn4_all5,117,split_02|split_03|split_04|split_06|split_10,"{""densenet121"": 0.009, ""efficientnet_b0"": 0.0, ""resnet18"": 0.6515, ""resnet50"": 0.3395}",0.6515,2000,paired crossed split-seed
sipakmed_B_cnn4_all5,118,split_02|split_03|split_04|split_06|split_09,"{""densenet121"": 0.006, ""efficientnet_b0"": 0.0, ""resnet18"": 0.9135, ""resnet50"": 0.0805}",0.9135,2000,paired crossed split-seed
sipakmed_B_cnn4_all5,119,split_02|split_03|split_04|split_06|split_08,"{""densenet121"": 0.004, ""efficientnet_b0"": 0.0, ""resnet18"": 0.574, ""resnet50"": 0.422}",0.574,2000,paired crossed split-seed
sipakmed_B_cnn4_all5,120,split_02|split_03|split_04|split_06|split_07,"{""densenet121"": 0.0045, ""efficientnet_b0"": 0.0, ""resnet18"": 0.786, ""resnet50"": 0.2095}",0.786,2000,paired crossed split-seed
sipakmed_B_cnn4_all5,121,split_02|split_03|split_04|split_05|split_10,"{""densenet121"": 0.0085, ""efficientnet_b0"": 0.0, ""resnet18"": 0.383, ""resnet50"": 0.6085}",0.6085,2000,paired crossed split-seed
sipakmed_B_cnn4_all5,122,split_02|split_03|split_04|split_05|split_09,"{""densenet121"": 0.003, ""efficientnet_b0"": 0.0, ""resnet18"": 0.739, ""resnet50"": 0.258}",0.739,2000,paired crossed split-seed
sipakmed_B_cnn4_all5,123,split_02|split_03|split_04|split_05|split_08,"{""densenet121"": 0.0015, ""efficientnet_b0"": 0.0, ""resnet18"": 0.3335, ""resnet50"": 0.665}",0.665,2000,paired crossed split-seed
sipakmed_B_cnn4_all5,124,split_02|split_03|split_04|split_05|split_07,"{""densenet121"": 0.003, ""efficientnet_b0"": 0.0, ""resnet18"": 0.5565, ""resnet50"": 0.4405}",0.5565,2000,paired crossed split-seed
sipakmed_B_cnn4_all5,125,split_02|split_03|split_04|split_05|split_06,"{""densenet121"": 0.006, ""efficientnet_b0"": 0.0, ""resnet18"": 0.8415, ""resnet50"": 0.1525}",0.8415,2000,paired crossed split-seed
sipakmed_B_cnn4_all5,126,split_01|split_07|split_08|split_09|split_10,"{""densenet121"": 0.0, ""efficientnet_b0"": 0.0, ""resnet18"": 0.178, ""resnet50"": 0.822}",0.822,2000,paired crossed split-seed
sipakmed_B_cnn4_all5,127,split_01|split_06|split_08|split_09|split_10,"{""densenet121"": 0.0, ""efficientnet_b0"": 0.0, ""resnet18"": 0.4045, ""resnet50"": 0.5955}",0.5955,2000,paired crossed split-seed
sipakmed_B_cnn4_all5,128,split_01|split_06|split_07|split_09|split_10,"{""densenet121"": 0.0, ""efficientnet_b0"": 0.0, ""resnet18"": 0.5925, ""resnet50"": 0.4075}",0.5925,2000,paired crossed split-seed
sipakmed_B_cnn4_all5,129,split_01|split_06|split_07|split_08|split_10,"{""densenet121"": 0.0, ""efficientnet_b0"": 0.0, ""resnet18"": 0.3195, ""resnet50"": 0.6805}",0.6805,2000,paired crossed split-seed
sipakmed_B_cnn4_all5,130,split_01|split_06|split_07|split_08|split_09,"{""densenet121"": 0.0, ""efficientnet_b0"": 0.0, ""resnet18"": 0.521, ""resnet50"": 0.479}",0.521,2000,paired crossed split-seed
sipakmed_B_cnn4_all5,131,split_01|split_05|split_08|split_09|split_10,"{""densenet121"": 0.0, ""efficientnet_b0"": 0.0, ""resnet18"": 0.1875, ""resnet50"": 0.8125}",0.8125,2000,paired crossed split-seed
sipakmed_B_cnn4_all5,132,split_01|split_05|split_07|split_09|split_10,"{""densenet121"": 0.0, ""efficientnet_b0"": 0.0, ""resnet18"": 0.3555, ""resnet50"": 0.6445}",0.6445,2000,paired crossed split-seed
sipakmed_B_cnn4_all5,133,split_01|split_05|split_07|split_08|split_10,"{""densenet121"": 0.0, ""efficientnet_b0"": 0.0, ""resnet18"": 0.1455, ""resnet50"": 0.8545}",0.8545,2000,paired crossed split-seed
sipakmed_B_cnn4_all5,134,split_01|split_05|split_07|split_08|split_09,"{""densenet121"": 0.0, ""efficientnet_b0"": 0.0, ""resnet18"": 0.275, ""resnet50"": 0.725}",0.725,2000,paired crossed split-seed
sipakmed_B_cnn4_all5,135,split_01|split_05|split_06|split_09|split_10,"{""densenet121"": 0.0, ""efficientnet_b0"": 0.0, ""resnet18"": 0.6215, ""resnet50"": 0.3785}",0.6215,2000,paired crossed split-seed
sipakmed_B_cnn4_all5,136,split_01|split_05|split_06|split_08|split_10,"{""densenet121"": 0.0, ""efficientnet_b0"": 0.0, ""resnet18"": 0.3175, ""resnet50"": 0.6825}",0.6825,2000,paired crossed split-seed
sipakmed_B_cnn4_all5,137,split_01|split_05|split_06|split_08|split_09,"{""densenet121"": 0.0, ""efficientnet_b0"": 0.0, ""resnet18"": 0.562, ""resnet50"": 0.438}",0.562,2000,paired crossed split-seed
sipakmed_B_cnn4_all5,138,split_01|split_05|split_06|split_07|split_10,"{""densenet121"": 0.0, ""efficientnet_b0"": 0.0, ""resnet18"": 0.5165, ""resnet50"": 0.4835}",0.5165,2000,paired crossed split-seed
sipakmed_B_cnn4_all5,139,split_01|split_05|split_06|split_07|split_09,"{""densenet121"": 0.0, ""efficientnet_b0"": 0.0, ""resnet18"": 0.7595, ""resnet50"": 0.2405}",0.7595,2000,paired crossed split-seed
sipakmed_B_cnn4_all5,140,split_01|split_05|split_06|split_07|split_08,"{""densenet121"": 0.0, ""efficientnet_b0"": 0.0, ""resnet18"": 0.4545, ""resnet50"": 0.5455}",0.5455,2000,paired crossed split-seed
sipakmed_B_cnn4_all5,141,split_01|split_04|split_08|split_09|split_10,"{""densenet121"": 0.0, ""efficientnet_b0"": 0.0, ""resnet18"": 0.338, ""resnet50"": 0.662}",0.662,2000,paired crossed split-seed
sipakmed_B_cnn4_all5,142,split_01|split_04|split_07|split_09|split_10,"{""densenet121"": 0.0005, ""efficientnet_b0"": 0.0, ""resnet18"": 0.549, ""resnet50"": 0.4505}",0.549,2000,paired crossed split-seed
sipakmed_B_cnn4_all5,143,split_01|split_04|split_07|split_08|split_10,"{""densenet121"": 0.001, ""efficientnet_b0"": 0.0, ""resnet18"": 0.278, ""resnet50"": 0.721}",0.721,2000,paired crossed split-seed
sipakmed_B_cnn4_all5,144,split_01|split_04|split_07|split_08|split_09,"{""densenet121"": 0.0, ""efficientnet_b0"": 0.0, ""resnet18"": 0.4845, ""resnet50"": 0.5155}",0.5155,2000,paired crossed split-seed
sipakmed_B_cnn4_all5,145,split_01|split_04|split_06|split_09|split_10,"{""densenet121"": 0.0, ""efficientnet_b0"": 0.0, ""resnet18"": 0.788, ""resnet50"": 0.212}",0.788,2000,paired crossed split-seed
sipakmed_B_cnn4_all5,146,split_01|split_04|split_06|split_08|split_10,"{""densenet121"": 0.0, ""efficientnet_b0"": 0.0, ""resnet18"": 0.473, ""resnet50"": 0.527}",0.527,2000,paired crossed split-seed
sipakmed_B_cnn4_all5,147,split_01|split_04|split_06|split_08|split_09,"{""densenet121"": 0.0, ""efficientnet_b0"": 0.0, ""resnet18"": 0.721, ""resnet50"": 0.279}",0.721,2000,paired crossed split-seed
sipakmed_B_cnn4_all5,148,split_01|split_04|split_06|split_07|split_10,"{""densenet121"": 0.0, ""efficientnet_b0"": 0.0, ""resnet18"": 0.675, ""resnet50"": 0.325}",0.675,2000,paired crossed split-seed
sipakmed_B_cnn4_all5,149,split_01|split_04|split_06|split_07|split_09,"{""densenet121"": 0.0, ""efficientnet_b0"": 0.0, ""resnet18"": 0.896, ""resnet50"": 0.104}",0.896,2000,paired crossed split-seed
sipakmed_B_cnn4_all5,150,split_01|split_04|split_06|split_07|split_08,"{""densenet121"": 0.0, ""efficientnet_b0"": 0.0, ""resnet18"": 0.5925, ""resnet50"": 0.4075}",0.5925,2000,paired crossed split-seed
sipakmed_B_cnn4_all5,151,split_01|split_04|split_05|split_09|split_10,"{""densenet121"": 0.0, ""efficientnet_b0"": 0.0, ""resnet18"": 0.551, ""resnet50"": 0.449}",0.551,2000,paired crossed split-seed
sipakmed_B_cnn4_all5,152,split_01|split_04|split_05|split_08|split_10,"{""densenet121"": 0.0, ""efficientnet_b0"": 0.0, ""resnet18"": 0.2775, ""resnet50"": 0.7225}",0.7225,2000,paired crossed split-seed
sipakmed_B_cnn4_all5,153,split_01|split_04|split_05|split_08|split_09,"{""densenet121"": 0.0, ""efficientnet_b0"": 0.0, ""resnet18"": 0.5125, ""resnet50"": 0.4875}",0.4875,2000,paired crossed split-seed
sipakmed_B_cnn4_all5,154,split_01|split_04|split_05|split_07|split_10,"{""densenet121"": 0.0, ""efficientnet_b0"": 0.0, ""resnet18"": 0.465, ""resnet50"": 0.535}",0.535,2000,paired crossed split-seed
sipakmed_B_cnn4_all5,155,split_01|split_04|split_05|split_07|split_09,"{""densenet121"": 0.0, ""efficientnet_b0"": 0.0, ""resnet18"": 0.7585, ""resnet50"": 0.2415}",0.7585,2000,paired crossed split-seed
sipakmed_B_cnn4_all5,156,split_01|split_04|split_05|split_07|split_08,"{""densenet121"": 0.0, ""efficientnet_b0"": 0.0, ""resnet18"": 0.397, ""resnet50"": 0.603}",0.603,2000,paired crossed split-seed
sipakmed_B_cnn4_all5,157,split_01|split_04|split_05|split_06|split_10,"{""densenet121"": 0.0, ""efficientnet_b0"": 0.0, ""resnet18"": 0.6875, ""resnet50"": 0.3125}",0.6875,2000,paired crossed split-seed
sipakmed_B_cnn4_all5,158,split_01|split_04|split_05|split_06|split_09,"{""densenet121"": 0.0, ""efficientnet_b0"": 0.0, ""resnet18"": 0.9465, ""resnet50"": 0.0535}",0.9465,2000,paired crossed split-seed
sipakmed_B_cnn4_all5,159,split_01|split_04|split_05|split_06|split_08,"{""densenet121"": 0.0, ""efficientnet_b0"": 0.0, ""resnet18"": 0.639, ""resnet50"": 0.361}",0.639,2000,paired crossed split-seed
sipakmed_B_cnn4_all5,160,split_01|split_04|split_05|split_06|split_07,"{""densenet121"": 0.0, ""efficientnet_b0"": 0.0, ""resnet18"": 0.814, ""resnet50"": 0.186}",0.814,2000,paired crossed split-seed
sipakmed_B_cnn4_all5,161,split_01|split_03|split_08|split_09|split_10,"{""densenet121"": 0.0, ""efficientnet_b0"": 0.0, ""resnet18"": 0.3035, ""resnet50"": 0.6965}",0.6965,2000,paired crossed split-seed
sipakmed_B_cnn4_all5,162,split_01|split_03|split_07|split_09|split_10,"{""densenet121"": 0.0, ""efficientnet_b0"": 0.0, ""resnet18"": 0.507, ""resnet50"": 0.493}",0.493,2000,paired crossed split-seed
sipakmed_B_cnn4_all5,163,split_01|split_03|split_07|split_08|split_10,"{""densenet121"": 0.0, ""efficientnet_b0"": 0.0, ""resnet18"": 0.2285, ""resnet50"": 0.7715}",0.7715,2000,paired crossed split-seed
sipakmed_B_cnn4_all5,164,split_01|split_03|split_07|split_08|split_09,"{""densenet121"": 0.0, ""efficientnet_b0"": 0.0, ""resnet18"": 0.447, ""resnet50"": 0.553}",0.553,2000,paired crossed split-seed
sipakmed_B_cnn4_all5,165,split_01|split_03|split_06|split_09|split_10,"{""densenet121"": 0.0, ""efficientnet_b0"": 0.0, ""resnet18"": 0.761, ""resnet50"": 0.239}",0.761,2000,paired crossed split-seed
sipakmed_B_cnn4_all5,166,split_01|split_03|split_06|split_08|split_10,"{""densenet121"": 0.0, ""efficientnet_b0"": 0.0, ""resnet18"": 0.4185, ""resnet50"": 0.5815}",0.5815,2000,paired crossed split-seed
sipakmed_B_cnn4_all5,167,split_01|split_03|split_06|split_08|split_09,"{""densenet121"": 0.0, ""efficientnet_b0"": 0.0, ""resnet18"": 0.686, ""resnet50"": 0.314}",0.686,2000,paired crossed split-seed
sipakmed_B_cnn4_all5,168,split_01|split_03|split_06|split_07|split_10,"{""densenet121"": 0.0, ""efficientnet_b0"": 0.0, ""resnet18"": 0.6135, ""resnet50"": 0.3865}",0.6135,2000,paired crossed split-seed
sipakmed_B_cnn4_all5,169,split_01|split_03|split_06|split_07|split_09,"{""densenet121"": 0.0, ""efficientnet_b0"": 0.0, ""resnet18"": 0.879, ""resnet50"": 0.121}",0.879,2000,paired crossed split-seed
sipakmed_B_cnn4_all5,170,split_01|split_03|split_06|split_07|split_08,"{""densenet121"": 0.0, ""efficientnet_b0"": 0.0, ""resnet18"": 0.5565, ""resnet50"": 0.4435}",0.5565,2000,paired crossed split-seed
sipakmed_B_cnn4_all5,171,split_01|split_03|split_05|split_09|split_10,"{""densenet121"": 0.0, ""efficientnet_b0"": 0.0, ""resnet18"": 0.5585, ""resnet50"": 0.4415}",0.5585,2000,paired crossed split-seed
sipakmed_B_cnn4_all5,172,split_01|split_03|split_05|split_08|split_10,"{""densenet121"": 0.0, ""efficientnet_b0"": 0.0, ""resnet18"": 0.223, ""resnet50"": 0.777}",0.777,2000,paired crossed split-seed
sipakmed_B_cnn4_all5,173,split_01|split_03|split_05|split_08|split_09,"{""densenet121"": 0.0, ""efficientnet_b0"": 0.0, ""resnet18"": 0.4725, ""resnet50"": 0.5275}",0.5275,2000,paired crossed split-seed
sipakmed_B_cnn4_all5,174,split_01|split_03|split_05|split_07|split_10,"{""densenet121"": 0.0, ""efficientnet_b0"": 0.0, ""resnet18"": 0.41, ""resnet50"": 0.59}",0.59,2000,paired crossed split-seed
sipakmed_B_cnn4_all5,175,split_01|split_03|split_05|split_07|split_09,"{""densenet121"": 0.0, ""efficientnet_b0"": 0.0, ""resnet18"": 0.735, ""resnet50"": 0.265}",0.735,2000,paired crossed split-seed
sipakmed_B_cnn4_all5,176,split_01|split_03|split_05|split_07|split_08,"{""densenet121"": 0.0, ""efficientnet_b0"": 0.0, ""resnet18"": 0.345, ""resnet50"": 0.655}",0.655,2000,paired crossed split-seed
sipakmed_B_cnn4_all5,177,split_01|split_03|split_05|split_06|split_10,"{""densenet121"": 0.0, ""efficientnet_b0"": 0.0, ""resnet18"": 0.673, ""resnet50"": 0.327}",0.673,2000,paired crossed split-seed
sipakmed_B_cnn4_all5,178,split_01|split_03|split_05|split_06|split_09,"{""densenet121"": 0.0, ""efficientnet_b0"": 0.0, ""resnet18"": 0.9545, ""resnet50"": 0.0455}",0.9545,2000,paired crossed split-seed
sipakmed_B_cnn4_all5,179,split_01|split_03|split_05|split_06|split_08,"{""densenet121"": 0.0, ""efficientnet_b0"": 0.0, ""resnet18"": 0.6125, ""resnet50"": 0.3875}",0.6125,2000,paired crossed split-seed
sipakmed_B_cnn4_all5,180,split_01|split_03|split_05|split_06|split_07,"{""densenet121"": 0.0, ""efficientnet_b0"": 0.0, ""resnet18"": 0.7855, ""resnet50"": 0.2145}",0.7855,2000,paired crossed split-seed
sipakmed_B_cnn4_all5,181,split_01|split_03|split_04|split_09|split_10,"{""densenet121"": 0.003, ""efficientnet_b0"": 0.0, ""resnet18"": 0.7285, ""resnet50"": 0.2685}",0.7285,2000,paired crossed split-seed
sipakmed_B_cnn4_all5,182,split_01|split_03|split_04|split_08|split_10,"{""densenet121"": 0.002, ""efficientnet_b0"": 0.0, ""resnet18"": 0.3745, ""resnet50"": 0.6235}",0.6235,2000,paired crossed split-seed
sipakmed_B_cnn4_all5,183,split_01|split_03|split_04|split_08|split_09,"{""densenet121"": 0.0005, ""efficientnet_b0"": 0.0, ""resnet18"": 0.649, ""resnet50"": 0.3505}",0.649,2000,paired crossed split-seed
sipakmed_B_cnn4_all5,184,split_01|split_03|split_04|split_07|split_10,"{""densenet121"": 0.0025, ""efficientnet_b0"": 0.0, ""resnet18"": 0.5985, ""resnet50"": 0.399}",0.5985,2000,paired crossed split-seed
sipakmed_B_cnn4_all5,185,split_01|split_03|split_04|split_07|split_09,"{""densenet121"": 0.0015, ""efficientnet_b0"": 0.0, ""resnet18"": 0.895, ""resnet50"": 0.1035}",0.895,2000,paired crossed split-seed
sipakmed_B_cnn4_all5,186,split_01|split_03|split_04|split_07|split_08,"{""densenet121"": 0.0, ""efficientnet_b0"": 0.0, ""resnet18"": 0.521, ""resnet50"": 0.479}",0.521,2000,paired crossed split-seed
sipakmed_B_cnn4_all5,187,split_01|split_03|split_04|split_06|split_10,"{""densenet121"": 0.002, ""efficientnet_b0"": 0.0, ""resnet18"": 0.8125, ""resnet50"": 0.1855}",0.8125,2000,paired crossed split-seed
sipakmed_B_cnn4_all5,188,split_01|split_03|split_04|split_06|split_09,"{""densenet121"": 0.0, ""efficientnet_b0"": 0.0, ""resnet18"": 0.9905, ""resnet50"": 0.0095}",0.9905,2000,paired crossed split-seed
sipakmed_B_cnn4_all5,189,split_01|split_03|split_04|split_06|split_08,"{""densenet121"": 0.0005, ""efficientnet_b0"": 0.0, ""resnet18"": 0.74, ""resnet50"": 0.2595}",0.74,2000,paired crossed split-seed
sipakmed_B_cnn4_all5,190,split_01|split_03|split_04|split_06|split_07,"{""densenet121"": 0.0, ""efficientnet_b0"": 0.0, ""resnet18"": 0.908, ""resnet50"": 0.092}",0.908,2000,paired crossed split-seed
sipakmed_B_cnn4_all5,191,split_01|split_03|split_04|split_05|split_10,"{""densenet121"": 0.0035, ""efficientnet_b0"": 0.0, ""resnet18"": 0.62, ""resnet50"": 0.3765}",0.62,2000,paired crossed split-seed
sipakmed_B_cnn4_all5,192,split_01|split_03|split_04|split_05|split_09,"{""densenet121"": 0.0, ""efficientnet_b0"": 0.0, ""resnet18"": 0.922, ""resnet50"": 0.078}",0.922,2000,paired crossed split-seed
sipakmed_B_cnn4_all5,193,split_01|split_03|split_04|split_05|split_08,"{""densenet121"": 0.0, ""efficientnet_b0"": 0.0, ""resnet18"": 0.5505, ""resnet50"": 0.4495}",0.5505,2000,paired crossed split-seed
sipakmed_B_cnn4_all5,194,split_01|split_03|split_04|split_05|split_07,"{""densenet121"": 0.0, ""efficientnet_b0"": 0.0, ""resnet18"": 0.79, ""resnet50"": 0.21}",0.79,2000,paired crossed split-seed
sipakmed_B_cnn4_all5,195,split_01|split_03|split_04|split_05|split_06,"{""densenet121"": 0.0005, ""efficientnet_b0"": 0.0, ""resnet18"": 0.97, ""resnet50"": 0.0295}",0.97,2000,paired crossed split-seed
sipakmed_B_cnn4_all5,196,split_01|split_02|split_08|split_09|split_10,"{""densenet121"": 0.0015, ""efficientnet_b0"": 0.0, ""resnet18"": 0.1425, ""resnet50"": 0.856}",0.856,2000,paired crossed split-seed
sipakmed_B_cnn4_all5,197,split_01|split_02|split_07|split_09|split_10,"{""densenet121"": 0.002, ""efficientnet_b0"": 0.0, ""resnet18"": 0.2695, ""resnet50"": 0.7285}",0.7285,2000,paired crossed split-seed
sipakmed_B_cnn4_all5,198,split_01|split_02|split_07|split_08|split_10,"{""densenet121"": 0.001, ""efficientnet_b0"": 0.0, ""resnet18"": 0.0865, ""resnet50"": 0.9125}",0.9125,2000,paired crossed split-seed
sipakmed_B_cnn4_all5,199,split_01|split_02|split_07|split_08|split_09,"{""densenet121"": 0.0025, ""efficientnet_b0"": 0.0, ""resnet18"": 0.2485, ""resnet50"": 0.749}",0.749,2000,paired crossed split-seed
sipakmed_B_cnn4_all5,200,split_01|split_02|split_06|split_09|split_10,"{""densenet121"": 0.004, ""efficientnet_b0"": 0.0, ""resnet18"": 0.579, ""resnet50"": 0.417}",0.579,2000,paired crossed split-seed
sipakmed_B_cnn4_all5,201,split_01|split_02|split_06|split_08|split_10,"{""densenet121"": 0.004, ""efficientnet_b0"": 0.0, ""resnet18"": 0.2975, ""resnet50"": 0.6985}",0.6985,2000,paired crossed split-seed
sipakmed_B_cnn4_all5,202,split_01|split_02|split_06|split_08|split_09,"{""densenet121"": 0.004, ""efficientnet_b0"": 0.0, ""resnet18"": 0.513, ""resnet50"": 0.483}",0.513,2000,paired crossed split-seed
sipakmed_B_cnn4_all5,203,split_01|split_02|split_06|split_07|split_10,"{""densenet121"": 0.003, ""efficientnet_b0"": 0.0, ""resnet18"": 0.4445, ""resnet50"": 0.5525}",0.5525,2000,paired crossed split-seed
sipakmed_B_cnn4_all5,204,split_01|split_02|split_06|split_07|split_09,"{""densenet121"": 0.005, ""efficientnet_b0"": 0.0, ""resnet18"": 0.7435, ""resnet50"": 0.2515}",0.7435,2000,paired crossed split-seed
sipakmed_B_cnn4_all5,205,split_01|split_02|split_06|split_07|split_08,"{""densenet121"": 0.001, ""efficientnet_b0"": 0.0, ""resnet18"": 0.3915, ""resnet50"": 0.6075}",0.6075,2000,paired crossed split-seed
sipakmed_B_cnn4_all5,206,split_01|split_02|split_05|split_09|split_10,"{""densenet121"": 0.003, ""efficientnet_b0"": 0.0, ""resnet18"": 0.2965, ""resnet50"": 0.7005}",0.7005,2000,paired crossed split-seed
sipakmed_B_cnn4_all5,207,split_01|split_02|split_05|split_08|split_10,"{""densenet121"": 0.002, ""efficientnet_b0"": 0.0, ""resnet18"": 0.0855, ""resnet50"": 0.9125}",0.9125,2000,paired crossed split-seed
sipakmed_B_cnn4_all5,208,split_01|split_02|split_05|split_08|split_09,"{""densenet121"": 0.002, ""efficientnet_b0"": 0.0, ""resnet18"": 0.279, ""resnet50"": 0.719}",0.719,2000,paired crossed split-seed
sipakmed_B_cnn4_all5,209,split_01|split_02|split_05|split_07|split_10,"{""densenet121"": 0.0025, ""efficientnet_b0"": 0.0, ""resnet18"": 0.218, ""resnet50"": 0.7795}",0.7795,2000,paired crossed split-seed
sipakmed_B_cnn4_all5,210,split_01|split_02|split_05|split_07|split_09,"{""densenet121"": 0.0025, ""efficientnet_b0"": 0.0, ""resnet18"": 0.465, ""resnet50"": 0.5325}",0.5325,2000,paired crossed split-seed
sipakmed_B_cnn4_all5,211,split_01|split_02|split_05|split_07|split_08,"{""densenet121"": 0.0, ""efficientnet_b0"": 0.0, ""resnet18"": 0.1755, ""resnet50"": 0.8245}",0.8245,2000,paired crossed split-seed
sipakmed_B_cnn4_all5,212,split_01|split_02|split_05|split_06|split_10,"{""densenet121"": 0.005, ""efficientnet_b0"": 0.0, ""resnet18"": 0.465, ""resnet50"": 0.53}",0.53,2000,paired crossed split-seed
sipakmed_B_cnn4_all5,213,split_01|split_02|split_05|split_06|split_09,"{""densenet121"": 0.0025, ""efficientnet_b0"": 0.0, ""resnet18"": 0.796, ""resnet50"": 0.2015}",0.796,2000,paired crossed split-seed
sipakmed_B_cnn4_all5,214,split_01|split_02|split_05|split_06|split_08,"{""densenet121"": 0.002, ""efficientnet_b0"": 0.0, ""resnet18"": 0.433, ""resnet50"": 0.565}",0.565,2000,paired crossed split-seed
sipakmed_B_cnn4_all5,215,split_01|split_02|split_05|split_06|split_07,"{""densenet121"": 0.002, ""efficientnet_b0"": 0.0, ""resnet18"": 0.616, ""resnet50"": 0.382}",0.616,2000,paired crossed split-seed
sipakmed_B_cnn4_all5,216,split_01|split_02|split_04|split_09|split_10,"{""densenet121"": 0.0035, ""efficientnet_b0"": 0.0, ""resnet18"": 0.522, ""resnet50"": 0.4745}",0.522,2000,paired crossed split-seed
sipakmed_B_cnn4_all5,217,split_01|split_02|split_04|split_08|split_10,"{""densenet121"": 0.003, ""efficientnet_b0"": 0.0, ""resnet18"": 0.2225, ""resnet50"": 0.7745}",0.7745,2000,paired crossed split-seed
sipakmed_B_cnn4_all5,218,split_01|split_02|split_04|split_08|split_09,"{""densenet121"": 0.004, ""efficientnet_b0"": 0.0, ""resnet18"": 0.4495, ""resnet50"": 0.5465}",0.5465,2000,paired crossed split-seed
sipakmed_B_cnn4_all5,219,split_01|split_02|split_04|split_07|split_10,"{""densenet121"": 0.003, ""efficientnet_b0"": 0.0, ""resnet18"": 0.3825, ""resnet50"": 0.6145}",0.6145,2000,paired crossed split-seed
sipakmed_B_cnn4_all5,220,split_01|split_02|split_04|split_07|split_09,"{""densenet121"": 0.007, ""efficientnet_b0"": 0.0, ""resnet18"": 0.692, ""resnet50"": 0.301}",0.692,2000,paired crossed split-seed
sipakmed_B_cnn4_all5,221,split_01|split_02|split_04|split_07|split_08,"{""densenet121"": 0.003, ""efficientnet_b0"": 0.0, ""resnet18"": 0.337, ""resnet50"": 0.66}",0.66,2000,paired crossed split-seed
sipakmed_B_cnn4_all5,222,split_01|split_02|split_04|split_06|split_10,"{""densenet121"": 0.006, ""efficientnet_b0"": 0.0, ""resnet18"": 0.656, ""resnet50"": 0.338}",0.656,2000,paired crossed split-seed
sipakmed_B_cnn4_all5,223,split_01|split_02|split_04|split_06|split_09,"{""densenet121"": 0.005, ""efficientnet_b0"": 0.0, ""resnet18"": 0.9385, ""resnet50"": 0.0565}",0.9385,2000,paired crossed split-seed
sipakmed_B_cnn4_all5,224,split_01|split_02|split_04|split_06|split_08,"{""densenet121"": 0.0055, ""efficientnet_b0"": 0.0, ""resnet18"": 0.5995, ""resnet50"": 0.395}",0.5995,2000,paired crossed split-seed
sipakmed_B_cnn4_all5,225,split_01|split_02|split_04|split_06|split_07,"{""densenet121"": 0.003, ""efficientnet_b0"": 0.0, ""resnet18"": 0.794, ""resnet50"": 0.203}",0.794,2000,paired crossed split-seed
sipakmed_B_cnn4_all5,226,split_01|split_02|split_04|split_05|split_10,"{""densenet121"": 0.0035, ""efficientnet_b0"": 0.0, ""resnet18"": 0.406, ""resnet50"": 0.5905}",0.5905,2000,paired crossed split-seed
sipakmed_B_cnn4_all5,227,split_01|split_02|split_04|split_05|split_09,"{""densenet121"": 0.004, ""efficientnet_b0"": 0.0, ""resnet18"": 0.75, ""resnet50"": 0.246}",0.75,2000,paired crossed split-seed
sipakmed_B_cnn4_all5,228,split_01|split_02|split_04|split_05|split_08,"{""densenet121"": 0.003, ""efficientnet_b0"": 0.0, ""resnet18"": 0.3735, ""resnet50"": 0.6235}",0.6235,2000,paired crossed split-seed
sipakmed_B_cnn4_all5,229,split_01|split_02|split_04|split_05|split_07,"{""densenet121"": 0.004, ""efficientnet_b0"": 0.0, ""resnet18"": 0.576, ""resnet50"": 0.42}",0.576,2000,paired crossed split-seed
sipakmed_B_cnn4_all5,230,split_01|split_02|split_04|split_05|split_06,"{""densenet121"": 0.0035, ""efficientnet_b0"": 0.0, ""resnet18"": 0.8545, ""resnet50"": 0.142}",0.8545,2000,paired crossed split-seed
sipakmed_B_cnn4_all5,231,split_01|split_02|split_03|split_09|split_10,"{""densenet121"": 0.0075, ""efficientnet_b0"": 0.0, ""resnet18"": 0.472, ""resnet50"": 0.5205}",0.5205,2000,paired crossed split-seed
sipakmed_B_cnn4_all5,232,split_01|split_02|split_03|split_08|split_10,"{""densenet121"": 0.0045, ""efficientnet_b0"": 0.0, ""resnet18"": 0.1935, ""resnet50"": 0.802}",0.802,2000,paired crossed split-seed
sipakmed_B_cnn4_all5,233,split_01|split_02|split_03|split_08|split_09,"{""densenet121"": 0.003, ""efficientnet_b0"": 0.0, ""resnet18"": 0.3925, ""resnet50"": 0.6045}",0.6045,2000,paired crossed split-seed
sipakmed_B_cnn4_all5,234,split_01|split_02|split_03|split_07|split_10,"{""densenet121"": 0.0045, ""efficientnet_b0"": 0.0, ""resnet18"": 0.3535, ""resnet50"": 0.642}",0.642,2000,paired crossed split-seed
sipakmed_B_cnn4_all5,235,split_01|split_02|split_03|split_07|split_09,"{""densenet121"": 0.005, ""efficientnet_b0"": 0.0, ""resnet18"": 0.683, ""resnet50"": 0.312}",0.683,2000,paired crossed split-seed
sipakmed_B_cnn4_all5,236,split_01|split_02|split_03|split_07|split_08,"{""densenet121"": 0.003, ""efficientnet_b0"": 0.0, ""resnet18"": 0.306, ""resnet50"": 0.691}",0.691,2000,paired crossed split-seed
sipakmed_B_cnn4_all5,237,split_01|split_02|split_03|split_06|split_10,"{""densenet121"": 0.002, ""efficientnet_b0"": 0.0, ""resnet18"": 0.5985, ""resnet50"": 0.3995}",0.5985,2000,paired crossed split-seed
sipakmed_B_cnn4_all5,238,split_01|split_02|split_03|split_06|split_09,"{""densenet121"": 0.006, ""efficientnet_b0"": 0.0, ""resnet18"": 0.931, ""resnet50"": 0.063}",0.931,2000,paired crossed split-seed
sipakmed_B_cnn4_all5,239,split_01|split_02|split_03|split_06|split_08,"{""densenet121"": 0.006, ""efficientnet_b0"": 0.0, ""resnet18"": 0.564, ""resnet50"": 0.43}",0.564,2000,paired crossed split-seed
sipakmed_B_cnn4_all5,240,split_01|split_02|split_03|split_06|split_07,"{""densenet121"": 0.003, ""efficientnet_b0"": 0.0, ""resnet18"": 0.7615, ""resnet50"": 0.2355}",0.7615,2000,paired crossed split-seed
sipakmed_B_cnn4_all5,241,split_01|split_02|split_03|split_05|split_10,"{""densenet121"": 0.007, ""efficientnet_b0"": 0.0, ""resnet18"": 0.3825, ""resnet50"": 0.6105}",0.6105,2000,paired crossed split-seed
sipakmed_B_cnn4_all5,242,split_01|split_02|split_03|split_05|split_09,"{""densenet121"": 0.0035, ""efficientnet_b0"": 0.0, ""resnet18"": 0.77, ""resnet50"": 0.2265}",0.77,2000,paired crossed split-seed
sipakmed_B_cnn4_all5,243,split_01|split_02|split_03|split_05|split_08,"{""densenet121"": 0.003, ""efficientnet_b0"": 0.0, ""resnet18"": 0.312, ""resnet50"": 0.685}",0.685,2000,paired crossed split-seed
sipakmed_B_cnn4_all5,244,split_01|split_02|split_03|split_05|split_07,"{""densenet121"": 0.0035, ""efficientnet_b0"": 0.0, ""resnet18"": 0.536, ""resnet50"": 0.4605}",0.536,2000,paired crossed split-seed
sipakmed_B_cnn4_all5,245,split_01|split_02|split_03|split_05|split_06,"{""densenet121"": 0.006, ""efficientnet_b0"": 0.0, ""resnet18"": 0.835, ""resnet50"": 0.159}",0.835,2000,paired crossed split-seed
sipakmed_B_cnn4_all5,246,split_01|split_02|split_03|split_04|split_10,"{""densenet121"": 0.0085, ""efficientnet_b0"": 0.0, ""resnet18"": 0.579, ""resnet50"": 0.4125}",0.579,2000,paired crossed split-seed
sipakmed_B_cnn4_all5,247,split_01|split_02|split_03|split_04|split_09,"{""densenet121"": 0.003, ""efficientnet_b0"": 0.0, ""resnet18"": 0.8975, ""resnet50"": 0.0995}",0.8975,2000,paired crossed split-seed
sipakmed_B_cnn4_all5,248,split_01|split_02|split_03|split_04|split_08,"{""densenet121"": 0.005, ""efficientnet_b0"": 0.0, ""resnet18"": 0.53, ""resnet50"": 0.465}",0.465,2000,paired crossed split-seed
sipakmed_B_cnn4_all5,249,split_01|split_02|split_03|split_04|split_07,"{""densenet121"": 0.004, ""efficientnet_b0"": 0.0, ""resnet18"": 0.7585, ""resnet50"": 0.2375}",0.7585,2000,paired crossed split-seed
sipakmed_B_cnn4_all5,250,split_01|split_02|split_03|split_04|split_06,"{""densenet121"": 0.0045, ""efficientnet_b0"": 0.0, ""resnet18"": 0.9465, ""resnet50"": 0.049}",0.9465,2000,paired crossed split-seed
sipakmed_B_cnn4_all5,251,split_01|split_02|split_03|split_04|split_05,"{""densenet121"": 0.004, ""efficientnet_b0"": 0.0, ""resnet18"": 0.8055, ""resnet50"": 0.1905}",0.8055,2000,paired crossed split-seed
sipakmed_B_cnn4_common3,0,split_06|split_07|split_08|split_09|split_10,"{""densenet121"": 0.0, ""efficientnet_b0"": 0.0, ""resnet18"": 0.5035, ""resnet50"": 0.4965}",0.5035,2000,paired crossed split-seed
sipakmed_B_cnn4_common3,1,split_05|split_07|split_08|split_09|split_10,"{""densenet121"": 0.0, ""efficientnet_b0"": 0.0, ""resnet18"": 0.1845, ""resnet50"": 0.8155}",0.8155,2000,paired crossed split-seed
sipakmed_B_cnn4_common3,2,split_05|split_06|split_08|split_09|split_10,"{""densenet121"": 0.0, ""efficientnet_b0"": 0.0, ""resnet18"": 0.3475, ""resnet50"": 0.6525}",0.6525,2000,paired crossed split-seed
sipakmed_B_cnn4_common3,3,split_05|split_06|split_07|split_09|split_10,"{""densenet121"": 0.0, ""efficientnet_b0"": 0.0, ""resnet18"": 0.6735, ""resnet50"": 0.3265}",0.6735,2000,paired crossed split-seed
sipakmed_B_cnn4_common3,4,split_05|split_06|split_07|split_08|split_10,"{""densenet121"": 0.0, ""efficientnet_b0"": 0.0, ""resnet18"": 0.5185, ""resnet50"": 0.4815}",0.5185,2000,paired crossed split-seed
sipakmed_B_cnn4_common3,5,split_05|split_06|split_07|split_08|split_09,"{""densenet121"": 0.0, ""efficientnet_b0"": 0.0, ""resnet18"": 0.572, ""resnet50"": 0.428}",0.572,2000,paired crossed split-seed
sipakmed_B_cnn4_common3,6,split_04|split_07|split_08|split_09|split_10,"{""densenet121"": 0.003, ""efficientnet_b0"": 0.0, ""resnet18"": 0.25, ""resnet50"": 0.747}",0.747,2000,paired crossed split-seed
sipakmed_B_cnn4_common3,7,split_04|split_06|split_08|split_09|split_10,"{""densenet121"": 0.004, ""efficientnet_b0"": 0.0, ""resnet18"": 0.412, ""resnet50"": 0.584}",0.584,2000,paired crossed split-seed
sipakmed_B_cnn4_common3,8,split_04|split_06|split_07|split_09|split_10,"{""densenet121"": 0.0045, ""efficientnet_b0"": 0.0, ""resnet18"": 0.7145, ""resnet50"": 0.281}",0.7145,2000,paired crossed split-seed
sipakmed_B_cnn4_common3,9,split_04|split_06|split_07|split_08|split_10,"{""densenet121"": 0.0065, ""efficientnet_b0"": 0.0, ""resnet18"": 0.5715, ""resnet50"": 0.422}",0.5715,2000,paired crossed split-seed
sipakmed_B_cnn4_common3,10,split_04|split_06|split_07|split_08|split_09,"{""densenet121"": 0.0015, ""efficientnet_b0"": 0.0, ""resnet18"": 0.6265, ""resnet50"": 0.372}",0.6265,2000,paired crossed split-seed
sipakmed_B_cnn4_common3,11,split_04|split_05|split_08|split_09|split_10,"{""densenet121"": 0.003, ""efficientnet_b0"": 0.0, ""resnet18"": 0.108, ""resnet50"": 0.889}",0.889,2000,paired crossed split-seed
sipakmed_B_cnn4_common3,12,split_04|split_05|split_07|split_09|split_10,"{""densenet121"": 0.006, ""efficientnet_b0"": 0.0, ""resnet18"": 0.446, ""resnet50"": 0.548}",0.548,2000,paired crossed split-seed
sipakmed_B_cnn4_common3,13,split_04|split_05|split_07|split_08|split_10,"{""densenet121"": 0.002, ""efficientnet_b0"": 0.0, ""resnet18"": 0.304, ""resnet50"": 0.694}",0.694,2000,paired crossed split-seed
sipakmed_B_cnn4_common3,14,split_04|split_05|split_07|split_08|split_09,"{""densenet121"": 0.001, ""efficientnet_b0"": 0.0, ""resnet18"": 0.3445, ""resnet50"": 0.6545}",0.6545,2000,paired crossed split-seed
sipakmed_B_cnn4_common3,15,split_04|split_05|split_06|split_09|split_10,"{""densenet121"": 0.004, ""efficientnet_b0"": 0.0, ""resnet18"": 0.6185, ""resnet50"": 0.3775}",0.6185,2000,paired crossed split-seed
sipakmed_B_cnn4_common3,16,split_04|split_05|split_06|split_08|split_10,"{""densenet121"": 0.001, ""efficientnet_b0"": 0.0, ""resnet18"": 0.4735, ""resnet50"": 0.5255}",0.5255,2000,paired crossed split-seed
sipakmed_B_cnn4_common3,17,split_04|split_05|split_06|split_08|split_09,"{""densenet121"": 0.0005, ""efficientnet_b0"": 0.0, ""resnet18"": 0.5115, ""resnet50"": 0.488}",0.5115,2000,paired crossed split-seed
sipakmed_B_cnn4_common3,18,split_04|split_05|split_06|split_07|split_10,"{""densenet121"": 0.006, ""efficientnet_b0"": 0.0, ""resnet18"": 0.7405, ""resnet50"": 0.2535}",0.7405,2000,paired crossed split-seed
sipakmed_B_cnn4_common3,19,split_04|split_05|split_06|split_07|split_09,"{""densenet121"": 0.001, ""efficientnet_b0"": 0.0, ""resnet18"": 0.83, ""resnet50"": 0.169}",0.83,2000,paired crossed split-seed
sipakmed_B_cnn4_common3,20,split_04|split_05|split_06|split_07|split_08,"{""densenet121"": 0.001, ""efficientnet_b0"": 0.0, ""resnet18"": 0.6535, ""resnet50"": 0.3455}",0.6535,2000,paired crossed split-seed
sipakmed_B_cnn4_common3,21,split_03|split_07|split_08|split_09|split_10,"{""densenet121"": 0.0045, ""efficientnet_b0"": 0.0, ""resnet18"": 0.335, ""resnet50"": 0.6605}",0.6605,2000,paired crossed split-seed
sipakmed_B_cnn4_common3,22,split_03|split_06|split_08|split_09|split_10,"{""densenet121"": 0.0045, ""efficientnet_b0"": 0.0, ""resnet18"": 0.501, ""resnet50"": 0.4945}",0.501,2000,paired crossed split-seed
sipakmed_B_cnn4_common3,23,split_03|split_06|split_07|split_09|split_10,"{""densenet121"": 0.0015, ""efficientnet_b0"": 0.0, ""resnet18"": 0.792, ""resnet50"": 0.2065}",0.792,2000,paired crossed split-seed
sipakmed_B_cnn4_common3,24,split_03|split_06|split_07|split_08|split_10,"{""densenet121"": 0.0045, ""efficientnet_b0"": 0.0, ""resnet18"": 0.651, ""resnet50"": 0.3445}",0.651,2000,paired crossed split-seed
sipakmed_B_cnn4_common3,25,split_03|split_06|split_07|split_08|split_09,"{""densenet121"": 0.001, ""efficientnet_b0"": 0.0, ""resnet18"": 0.6905, ""resnet50"": 0.3085}",0.6905,2000,paired crossed split-seed
sipakmed_B_cnn4_common3,26,split_03|split_05|split_08|split_09|split_10,"{""densenet121"": 0.003, ""efficientnet_b0"": 0.0, ""resnet18"": 0.188, ""resnet50"": 0.809}",0.809,2000,paired crossed split-seed
sipakmed_B_cnn4_common3,27,split_03|split_05|split_07|split_09|split_10,"{""densenet121"": 0.0035, ""efficientnet_b0"": 0.0, ""resnet18"": 0.5445, ""resnet50"": 0.452}",0.5445,2000,paired crossed split-seed
sipakmed_B_cnn4_common3,28,split_03|split_05|split_07|split_08|split_10,"{""densenet121"": 0.005, ""efficientnet_b0"": 0.0, ""resnet18"": 0.382, ""resnet50"": 0.613}",0.613,2000,paired crossed split-seed
sipakmed_B_cnn4_common3,29,split_03|split_05|split_07|split_08|split_09,"{""densenet121"": 0.0005, ""efficientnet_b0"": 0.0, ""resnet18"": 0.4195, ""resnet50"": 0.58}",0.58,2000,paired crossed split-seed
sipakmed_B_cnn4_common3,30,split_03|split_05|split_06|split_09|split_10,"{""densenet121"": 0.0045, ""efficientnet_b0"": 0.0, ""resnet18"": 0.72, ""resnet50"": 0.2755}",0.72,2000,paired crossed split-seed
sipakmed_B_cnn4_common3,31,split_03|split_05|split_06|split_08|split_10,"{""densenet121"": 0.0065, ""efficientnet_b0"": 0.0, ""resnet18"": 0.5405, ""resnet50"": 0.453}",0.5405,2000,paired crossed split-seed
sipakmed_B_cnn4_common3,32,split_03|split_05|split_06|split_08|split_09,"{""densenet121"": 0.0, ""efficientnet_b0"": 0.0, ""resnet18"": 0.5985, ""resnet50"": 0.4015}",0.5985,2000,paired crossed split-seed
sipakmed_B_cnn4_common3,33,split_03|split_05|split_06|split_07|split_10,"{""densenet121"": 0.0065, ""efficientnet_b0"": 0.0, ""resnet18"": 0.838, ""resnet50"": 0.1555}",0.838,2000,paired crossed split-seed
sipakmed_B_cnn4_common3,34,split_03|split_05|split_06|split_07|split_09,"{""densenet121"": 0.001, ""efficientnet_b0"": 0.0, ""resnet18"": 0.8925, ""resnet50"": 0.1065}",0.8925,2000,paired crossed split-seed
sipakmed_B_cnn4_common3,35,split_03|split_05|split_06|split_07|split_08,"{""densenet121"": 0.0005, ""efficientnet_b0"": 0.0, ""resnet18"": 0.7555, ""resnet50"": 0.244}",0.7555,2000,paired crossed split-seed
sipakmed_B_cnn4_common3,36,split_03|split_04|split_08|split_09|split_10,"{""densenet121"": 0.0275, ""efficientnet_b0"": 0.0, ""resnet18"": 0.198, ""resnet50"": 0.7745}",0.7745,2000,paired crossed split-seed
sipakmed_B_cnn4_common3,37,split_03|split_04|split_07|split_09|split_10,"{""densenet121"": 0.0345, ""efficientnet_b0"": 0.0, ""resnet18"": 0.6005, ""resnet50"": 0.365}",0.6005,2000,paired crossed split-seed
sipakmed_B_cnn4_common3,38,split_03|split_04|split_07|split_08|split_10,"{""densenet121"": 0.0345, ""efficientnet_b0"": 0.0, ""resnet18"": 0.4015, ""resnet50"": 0.564}",0.564,2000,paired crossed split-seed
sipakmed_B_cnn4_common3,39,split_03|split_04|split_07|split_08|split_09,"{""densenet121"": 0.007, ""efficientnet_b0"": 0.0, ""resnet18"": 0.461, ""resnet50"": 0.532}",0.532,2000,paired crossed split-seed
sipakmed_B_cnn4_common3,40,split_03|split_04|split_06|split_09|split_10,"{""densenet121"": 0.0355, ""efficientnet_b0"": 0.0, ""resnet18"": 0.737, ""resnet50"": 0.2275}",0.737,2000,paired crossed split-seed
sipakmed_B_cnn4_common3,41,split_03|split_04|split_06|split_08|split_10,"{""densenet121"": 0.0275, ""efficientnet_b0"": 0.0, ""resnet18"": 0.5555, ""resnet50"": 0.417}",0.5555,2000,paired crossed split-seed
sipakmed_B_cnn4_common3,42,split_03|split_04|split_06|split_08|split_09,"{""densenet121"": 0.0055, ""efficientnet_b0"": 0.0, ""resnet18"": 0.6575, ""resnet50"": 0.337}",0.6575,2000,paired crossed split-seed
sipakmed_B_cnn4_common3,43,split_03|split_04|split_06|split_07|split_10,"{""densenet121"": 0.033, ""efficientnet_b0"": 0.0, ""resnet18"": 0.834, ""resnet50"": 0.133}",0.834,2000,paired crossed split-seed
sipakmed_B_cnn4_common3,44,split_03|split_04|split_06|split_07|split_09,"{""densenet121"": 0.004, ""efficientnet_b0"": 0.0, ""resnet18"": 0.9105, ""resnet50"": 0.0855}",0.9105,2000,paired crossed split-seed
sipakmed_B_cnn4_common3,45,split_03|split_04|split_06|split_07|split_08,"{""densenet121"": 0.0075, ""efficientnet_b0"": 0.0, ""resnet18"": 0.777, ""resnet50"": 0.2155}",0.777,2000,paired crossed split-seed
sipakmed_B_cnn4_common3,46,split_03|split_04|split_05|split_09|split_10,"{""densenet121"": 0.0335, ""efficientnet_b0"": 0.0, ""resnet18"": 0.4495, ""resnet50"": 0.517}",0.517,2000,paired crossed split-seed
sipakmed_B_cnn4_common3,47,split_03|split_04|split_05|split_08|split_10,"{""densenet121"": 0.037, ""efficientnet_b0"": 0.0, ""resnet18"": 0.2945, ""resnet50"": 0.6685}",0.6685,2000,paired crossed split-seed
sipakmed_B_cnn4_common3,48,split_03|split_04|split_05|split_08|split_09,"{""densenet121"": 0.006, ""efficientnet_b0"": 0.0, ""resnet18"": 0.333, ""resnet50"": 0.661}",0.661,2000,paired crossed split-seed
sipakmed_B_cnn4_common3,49,split_03|split_04|split_05|split_07|split_10,"{""densenet121"": 0.031, ""efficientnet_b0"": 0.0, ""resnet18"": 0.6565, ""resnet50"": 0.3125}",0.6565,2000,paired crossed split-seed
sipakmed_B_cnn4_common3,50,split_03|split_04|split_05|split_07|split_09,"{""densenet121"": 0.0055, ""efficientnet_b0"": 0.0, ""resnet18"": 0.741, ""resnet50"": 0.2535}",0.741,2000,paired crossed split-seed
sipakmed_B_cnn4_common3,51,split_03|split_04|split_05|split_07|split_08,"{""densenet121"": 0.0035, ""efficientnet_b0"": 0.0, ""resnet18"": 0.541, ""resnet50"": 0.4555}",0.541,2000,paired crossed split-seed
sipakmed_B_cnn4_common3,52,split_03|split_04|split_05|split_06|split_10,"{""densenet121"": 0.0325, ""efficientnet_b0"": 0.0, ""resnet18"": 0.785, ""resnet50"": 0.1825}",0.785,2000,paired crossed split-seed
sipakmed_B_cnn4_common3,53,split_03|split_04|split_05|split_06|split_09,"{""densenet121"": 0.0075, ""efficientnet_b0"": 0.0, ""resnet18"": 0.851, ""resnet50"": 0.1415}",0.851,2000,paired crossed split-seed
sipakmed_B_cnn4_common3,54,split_03|split_04|split_05|split_06|split_08,"{""densenet121"": 0.003, ""efficientnet_b0"": 0.0, ""resnet18"": 0.685, ""resnet50"": 0.312}",0.685,2000,paired crossed split-seed
sipakmed_B_cnn4_common3,55,split_03|split_04|split_05|split_06|split_07,"{""densenet121"": 0.0035, ""efficientnet_b0"": 0.0, ""resnet18"": 0.9245, ""resnet50"": 0.072}",0.9245,2000,paired crossed split-seed
sipakmed_B_cnn4_common3,56,split_02|split_07|split_08|split_09|split_10,"{""densenet121"": 0.0005, ""efficientnet_b0"": 0.0, ""resnet18"": 0.1085, ""resnet50"": 0.891}",0.891,2000,paired crossed split-seed
sipakmed_B_cnn4_common3,57,split_02|split_06|split_08|split_09|split_10,"{""densenet121"": 0.0, ""efficientnet_b0"": 0.0, ""resnet18"": 0.2835, ""resnet50"": 0.7165}",0.7165,2000,paired crossed split-seed
sipakmed_B_cnn4_common3,58,split_02|split_06|split_07|split_09|split_10,"{""densenet121"": 0.0005, ""efficientnet_b0"": 0.0, ""resnet18"": 0.5935, ""resnet50"": 0.406}",0.5935,2000,paired crossed split-seed
sipakmed_B_cnn4_common3,59,split_02|split_06|split_07|split_08|split_10,"{""densenet121"": 0.0, ""efficientnet_b0"": 0.0, ""resnet18"": 0.4595, ""resnet50"": 0.5405}",0.5405,2000,paired crossed split-seed
sipakmed_B_cnn4_common3,60,split_02|split_06|split_07|split_08|split_09,"{""densenet121"": 0.0, ""efficientnet_b0"": 0.0, ""resnet18"": 0.529, ""resnet50"": 0.471}",0.529,2000,paired crossed split-seed
sipakmed_B_cnn4_common3,61,split_02|split_05|split_08|split_09|split_10,"{""densenet121"": 0.0005, ""efficientnet_b0"": 0.0, ""resnet18"": 0.0135, ""resnet50"": 0.986}",0.986,2000,paired crossed split-seed
sipakmed_B_cnn4_common3,62,split_02|split_05|split_07|split_09|split_10,"{""densenet121"": 0.0, ""efficientnet_b0"": 0.0, ""resnet18"": 0.252, ""resnet50"": 0.748}",0.748,2000,paired crossed split-seed
sipakmed_B_cnn4_common3,63,split_02|split_05|split_07|split_08|split_10,"{""densenet121"": 0.0005, ""efficientnet_b0"": 0.0, ""resnet18"": 0.1555, ""resnet50"": 0.844}",0.844,2000,paired crossed split-seed
sipakmed_B_cnn4_common3,64,split_02|split_05|split_07|split_08|split_09,"{""densenet121"": 0.0, ""efficientnet_b0"": 0.0, ""resnet18"": 0.16, ""resnet50"": 0.84}",0.84,2000,paired crossed split-seed
sipakmed_B_cnn4_common3,65,split_02|split_05|split_06|split_09|split_10,"{""densenet121"": 0.0, ""efficientnet_b0"": 0.0, ""resnet18"": 0.483, ""resnet50"": 0.517}",0.483,2000,paired crossed split-seed
sipakmed_B_cnn4_common3,66,split_02|split_05|split_06|split_08|split_10,"{""densenet121"": 0.0, ""efficientnet_b0"": 0.0, ""resnet18"": 0.3385, ""resnet50"": 0.6615}",0.6615,2000,paired crossed split-seed
sipakmed_B_cnn4_common3,67,split_02|split_05|split_06|split_08|split_09,"{""densenet121"": 0.0, ""efficientnet_b0"": 0.0, ""resnet18"": 0.3925, ""resnet50"": 0.6075}",0.6075,2000,paired crossed split-seed
sipakmed_B_cnn4_common3,68,split_02|split_05|split_06|split_07|split_10,"{""densenet121"": 0.0005, ""efficientnet_b0"": 0.0, ""resnet18"": 0.6565, ""resnet50"": 0.343}",0.6565,2000,paired crossed split-seed
sipakmed_B_cnn4_common3,69,split_02|split_05|split_06|split_07|split_09,"{""densenet121"": 0.0, ""efficientnet_b0"": 0.0, ""resnet18"": 0.734, ""resnet50"": 0.266}",0.734,2000,paired crossed split-seed
sipakmed_B_cnn4_common3,70,split_02|split_05|split_06|split_07|split_08,"{""densenet121"": 0.0, ""efficientnet_b0"": 0.0, ""resnet18"": 0.571, ""resnet50"": 0.429}",0.571,2000,paired crossed split-seed
sipakmed_B_cnn4_common3,71,split_02|split_04|split_08|split_09|split_10,"{""densenet121"": 0.0105, ""efficientnet_b0"": 0.0, ""resnet18"": 0.0615, ""resnet50"": 0.928}",0.928,2000,paired crossed split-seed
sipakmed_B_cnn4_common3,72,split_02|split_04|split_07|split_09|split_10,"{""densenet121"": 0.008, ""efficientnet_b0"": 0.0, ""resnet18"": 0.3345, ""resnet50"": 0.6575}",0.6575,2000,paired crossed split-seed
sipakmed_B_cnn4_common3,73,split_02|split_04|split_07|split_08|split_10,"{""densenet121"": 0.0085, ""efficientnet_b0"": 0.0, ""resnet18"": 0.212, ""resnet50"": 0.7795}",0.7795,2000,paired crossed split-seed
sipakmed_B_cnn4_common3,74,split_02|split_04|split_07|split_08|split_09,"{""densenet121"": 0.0005, ""efficientnet_b0"": 0.0, ""resnet18"": 0.2375, ""resnet50"": 0.762}",0.762,2000,paired crossed split-seed
sipakmed_B_cnn4_common3,75,split_02|split_04|split_06|split_09|split_10,"{""densenet121"": 0.0095, ""efficientnet_b0"": 0.0, ""resnet18"": 0.5295, ""resnet50"": 0.461}",0.5295,2000,paired crossed split-seed
sipakmed_B_cnn4_common3,76,split_02|split_04|split_06|split_08|split_10,"{""densenet121"": 0.005, ""efficientnet_b0"": 0.0, ""resnet18"": 0.379, ""resnet50"": 0.616}",0.616,2000,paired crossed split-seed
sipakmed_B_cnn4_common3,77,split_02|split_04|split_06|split_08|split_09,"{""densenet121"": 0.001, ""efficientnet_b0"": 0.0, ""resnet18"": 0.443, ""resnet50"": 0.556}",0.556,2000,paired crossed split-seed
sipakmed_B_cnn4_common3,78,split_02|split_04|split_06|split_07|split_10,"{""densenet121"": 0.0045, ""efficientnet_b0"": 0.0, ""resnet18"": 0.6835, ""resnet50"": 0.312}",0.6835,2000,paired crossed split-seed
sipakmed_B_cnn4_common3,79,split_02|split_04|split_06|split_07|split_09,"{""densenet121"": 0.0, ""efficientnet_b0"": 0.0, ""resnet18"": 0.7745, ""resnet50"": 0.2255}",0.7745,2000,paired crossed split-seed
sipakmed_B_cnn4_common3,80,split_02|split_04|split_06|split_07|split_08,"{""densenet121"": 0.0, ""efficientnet_b0"": 0.0, ""resnet18"": 0.607, ""resnet50"": 0.393}",0.607,2000,paired crossed split-seed
sipakmed_B_cnn4_common3,81,split_02|split_04|split_05|split_09|split_10,"{""densenet121"": 0.005, ""efficientnet_b0"": 0.0, ""resnet18"": 0.1575, ""resnet50"": 0.8375}",0.8375,2000,paired crossed split-seed
sipakmed_B_cnn4_common3,82,split_02|split_04|split_05|split_08|split_10,"{""densenet121"": 0.005, ""efficientnet_b0"": 0.0, ""resnet18"": 0.1175, ""resnet50"": 0.8775}",0.8775,2000,paired crossed split-seed
sipakmed_B_cnn4_common3,83,split_02|split_04|split_05|split_08|split_09,"{""densenet121"": 0.0015, ""efficientnet_b0"": 0.0, ""resnet18"": 0.1175, ""resnet50"": 0.881}",0.881,2000,paired crossed split-seed
sipakmed_B_cnn4_common3,84,split_02|split_04|split_05|split_07|split_10,"{""densenet121"": 0.007, ""efficientnet_b0"": 0.0, ""resnet18"": 0.3875, ""resnet50"": 0.6055}",0.6055,2000,paired crossed split-seed
sipakmed_B_cnn4_common3,85,split_02|split_04|split_05|split_07|split_09,"{""densenet121"": 0.001, ""efficientnet_b0"": 0.0, ""resnet18"": 0.4305, ""resnet50"": 0.5685}",0.5685,2000,paired crossed split-seed
sipakmed_B_cnn4_common3,86,split_02|split_04|split_05|split_07|split_08,"{""densenet121"": 0.001, ""efficientnet_b0"": 0.0, ""resnet18"": 0.312, ""resnet50"": 0.687}",0.687,2000,paired crossed split-seed
sipakmed_B_cnn4_common3,87,split_02|split_04|split_05|split_06|split_10,"{""densenet121"": 0.007, ""efficientnet_b0"": 0.0, ""resnet18"": 0.5905, ""resnet50"": 0.4025}",0.5905,2000,paired crossed split-seed
sipakmed_B_cnn4_common3,88,split_02|split_04|split_05|split_06|split_09,"{""densenet121"": 0.0005, ""efficientnet_b0"": 0.0, ""resnet18"": 0.6565, ""resnet50"": 0.343}",0.6565,2000,paired crossed split-seed
sipakmed_B_cnn4_common3,89,split_02|split_04|split_05|split_06|split_08,"{""densenet121"": 0.0005, ""efficientnet_b0"": 0.0, ""resnet18"": 0.4965, ""resnet50"": 0.503}",0.4965,2000,paired crossed split-seed
sipakmed_B_cnn4_common3,90,split_02|split_04|split_05|split_06|split_07,"{""densenet121"": 0.0, ""efficientnet_b0"": 0.0, ""resnet18"": 0.8085, ""resnet50"": 0.1915}",0.8085,2000,paired crossed split-seed
sipakmed_B_cnn4_common3,91,split_02|split_03|split_08|split_09|split_10,"{""densenet121"": 0.008, ""efficientnet_b0"": 0.0, ""resnet18"": 0.11, ""resnet50"": 0.882}",0.882,2000,paired crossed split-seed
sipakmed_B_cnn4_common3,92,split_02|split_03|split_07|split_09|split_10,"{""densenet121"": 0.005, ""efficientnet_b0"": 0.0, ""resnet18"": 0.422, ""resnet50"": 0.573}",0.573,2000,paired crossed split-seed
sipakmed_B_cnn4_common3,93,split_02|split_03|split_07|split_08|split_10,"{""densenet121"": 0.0115, ""efficientnet_b0"": 0.0, ""resnet18"": 0.283, ""resnet50"": 0.7055}",0.7055,2000,paired crossed split-seed
sipakmed_B_cnn4_common3,94,split_02|split_03|split_07|split_08|split_09,"{""densenet121"": 0.0045, ""efficientnet_b0"": 0.0, ""resnet18"": 0.336, ""resnet50"": 0.6595}",0.6595,2000,paired crossed split-seed
sipakmed_B_cnn4_common3,95,split_02|split_03|split_06|split_09|split_10,"{""densenet121"": 0.01, ""efficientnet_b0"": 0.0, ""resnet18"": 0.6075, ""resnet50"": 0.3825}",0.6075,2000,paired crossed split-seed
sipakmed_B_cnn4_common3,96,split_02|split_03|split_06|split_08|split_10,"{""densenet121"": 0.0055, ""efficientnet_b0"": 0.0, ""resnet18"": 0.4515, ""resnet50"": 0.543}",0.543,2000,paired crossed split-seed
sipakmed_B_cnn4_common3,97,split_02|split_03|split_06|split_08|split_09,"{""densenet121"": 0.0035, ""efficientnet_b0"": 0.0, ""resnet18"": 0.51, ""resnet50"": 0.4865}",0.51,2000,paired crossed split-seed
sipakmed_B_cnn4_common3,98,split_02|split_03|split_06|split_07|split_10,"{""densenet121"": 0.007, ""efficientnet_b0"": 0.0, ""resnet18"": 0.786, ""resnet50"": 0.207}",0.786,2000,paired crossed split-seed
sipakmed_B_cnn4_common3,99,split_02|split_03|split_06|split_07|split_09,"{""densenet121"": 0.002, ""efficientnet_b0"": 0.0, ""resnet18"": 0.863, ""resnet50"": 0.135}",0.863,2000,paired crossed split-seed
sipakmed_B_cnn4_common3,100,split_02|split_03|split_06|split_07|split_08,"{""densenet121"": 0.003, ""efficientnet_b0"": 0.0, ""resnet18"": 0.696, ""resnet50"": 0.301}",0.696,2000,paired crossed split-seed
sipakmed_B_cnn4_common3,101,split_02|split_03|split_05|split_09|split_10,"{""densenet121"": 0.0075, ""efficientnet_b0"": 0.0, ""resnet18"": 0.2375, ""resnet50"": 0.755}",0.755,2000,paired crossed split-seed
sipakmed_B_cnn4_common3,102,split_02|split_03|split_05|split_08|split_10,"{""densenet121"": 0.009, ""efficientnet_b0"": 0.0, ""resnet18"": 0.1415, ""resnet50"": 0.8495}",0.8495,2000,paired crossed split-seed
sipakmed_B_cnn4_common3,103,split_02|split_03|split_05|split_08|split_09,"{""densenet121"": 0.003, ""efficientnet_b0"": 0.0, ""resnet18"": 0.154, ""resnet50"": 0.843}",0.843,2000,paired crossed split-seed
sipakmed_B_cnn4_common3,104,split_02|split_03|split_05|split_07|split_10,"{""densenet121"": 0.007, ""efficientnet_b0"": 0.0, ""resnet18"": 0.519, ""resnet50"": 0.474}",0.519,2000,paired crossed split-seed
sipakmed_B_cnn4_common3,105,split_02|split_03|split_05|split_07|split_09,"{""densenet121"": 0.001, ""efficientnet_b0"": 0.0, ""resnet18"": 0.603, ""resnet50"": 0.396}",0.603,2000,paired crossed split-seed
sipakmed_B_cnn4_common3,106,split_02|split_03|split_05|split_07|split_08,"{""densenet121"": 0.003, ""efficientnet_b0"": 0.0, ""resnet18"": 0.4075, ""resnet50"": 0.5895}",0.5895,2000,paired crossed split-seed
sipakmed_B_cnn4_common3,107,split_02|split_03|split_05|split_06|split_10,"{""densenet121"": 0.007, ""efficientnet_b0"": 0.0, ""resnet18"": 0.6845, ""resnet50"": 0.3085}",0.6845,2000,paired crossed split-seed
sipakmed_B_cnn4_common3,108,split_02|split_03|split_05|split_06|split_09,"{""densenet121"": 0.002, ""efficientnet_b0"": 0.0, ""resnet18"": 0.7535, ""resnet50"": 0.2445}",0.7535,2000,paired crossed split-seed
sipakmed_B_cnn4_common3,109,split_02|split_03|split_05|split_06|split_08,"{""densenet121"": 0.0015, ""efficientnet_b0"": 0.0, ""resnet18"": 0.5905, ""resnet50"": 0.408}",0.5905,2000,paired crossed split-seed
sipakmed_B_cnn4_common3,110,split_02|split_03|split_05|split_06|split_07,"{""densenet121"": 0.0015, ""efficientnet_b0"": 0.0, ""resnet18"": 0.896, ""resnet50"": 0.1025}",0.896,2000,paired crossed split-seed
sipakmed_B_cnn4_common3,111,split_02|split_03|split_04|split_09|split_10,"{""densenet121"": 0.061, ""efficientnet_b0"": 0.0, ""resnet18"": 0.282, ""resnet50"": 0.657}",0.657,2000,paired crossed split-seed
sipakmed_B_cnn4_common3,112,split_02|split_03|split_04|split_08|split_10,"{""densenet121"": 0.0485, ""efficientnet_b0"": 0.0, ""resnet18"": 0.1685, ""resnet50"": 0.783}",0.783,2000,paired crossed split-seed
sipakmed_B_cnn4_common3,113,split_02|split_03|split_04|split_08|split_09,"{""densenet121"": 0.0115, ""efficientnet_b0"": 0.0, ""resnet18"": 0.2525, ""resnet50"": 0.736}",0.736,2000,paired crossed split-seed
sipakmed_B_cnn4_common3,114,split_02|split_03|split_04|split_07|split_10,"{""densenet121"": 0.052, ""efficientnet_b0"": 0.0, ""resnet18"": 0.541, ""resnet50"": 0.407}",0.541,2000,paired crossed split-seed
sipakmed_B_cnn4_common3,115,split_02|split_03|split_04|split_07|split_09,"{""densenet121"": 0.009, ""efficientnet_b0"": 0.0, ""resnet18"": 0.624, ""resnet50"": 0.367}",0.624,2000,paired crossed split-seed
sipakmed_B_cnn4_common3,116,split_02|split_03|split_04|split_07|split_08,"{""densenet121"": 0.0125, ""efficientnet_b0"": 0.0, ""resnet18"": 0.4505, ""resnet50"": 0.537}",0.537,2000,paired crossed split-seed
sipakmed_B_cnn4_common3,117,split_02|split_03|split_04|split_06|split_10,"{""densenet121"": 0.057, ""efficientnet_b0"": 0.0, ""resnet18"": 0.68, ""resnet50"": 0.263}",0.68,2000,paired crossed split-seed
sipakmed_B_cnn4_common3,118,split_02|split_03|split_04|split_06|split_09,"{""densenet121"": 0.0085, ""efficientnet_b0"": 0.0, ""resnet18"": 0.788, ""resnet50"": 0.2035}",0.788,2000,paired crossed split-seed
sipakmed_B_cnn4_common3,119,split_02|split_03|split_04|split_06|split_08,"{""densenet121"": 0.0065, ""efficientnet_b0"": 0.0, ""resnet18"": 0.624, ""resnet50"": 0.3695}",0.624,2000,paired crossed split-seed
sipakmed_B_cnn4_common3,120,split_02|split_03|split_04|split_06|split_07,"{""densenet121"": 0.011, ""efficientnet_b0"": 0.0, ""resnet18"": 0.8915, ""resnet50"": 0.0975}",0.8915,2000,paired crossed split-seed
sipakmed_B_cnn4_common3,121,split_02|split_03|split_04|split_05|split_10,"{""densenet121"": 0.0495, ""efficientnet_b0"": 0.0, ""resnet18"": 0.3785, ""resnet50"": 0.572}",0.572,2000,paired crossed split-seed
sipakmed_B_cnn4_common3,122,split_02|split_03|split_04|split_05|split_09,"{""densenet121"": 0.0095, ""efficientnet_b0"": 0.0, ""resnet18"": 0.434, ""resnet50"": 0.5565}",0.5565,2000,paired crossed split-seed
sipakmed_B_cnn4_common3,123,split_02|split_03|split_04|split_05|split_08,"{""densenet121"": 0.015, ""efficientnet_b0"": 0.0, ""resnet18"": 0.31, ""resnet50"": 0.675}",0.675,2000,paired crossed split-seed
sipakmed_B_cnn4_common3,124,split_02|split_03|split_04|split_05|split_07,"{""densenet121"": 0.009, ""efficientnet_b0"": 0.0, ""resnet18"": 0.686, ""resnet50"": 0.305}",0.686,2000,paired crossed split-seed
sipakmed_B_cnn4_common3,125,split_02|split_03|split_04|split_05|split_06,"{""densenet121"": 0.0065, ""efficientnet_b0"": 0.0, ""resnet18"": 0.826, ""resnet50"": 0.1675}",0.826,2000,paired crossed split-seed
sipakmed_B_cnn4_common3,126,split_01|split_07|split_08|split_09|split_10,"{""densenet121"": 0.0, ""efficientnet_b0"": 0.0, ""resnet18"": 0.3725, ""resnet50"": 0.6275}",0.6275,2000,paired crossed split-seed
sipakmed_B_cnn4_common3,127,split_01|split_06|split_08|split_09|split_10,"{""densenet121"": 0.0, ""efficientnet_b0"": 0.0, ""resnet18"": 0.5395, ""resnet50"": 0.4605}",0.5395,2000,paired crossed split-seed
sipakmed_B_cnn4_common3,128,split_01|split_06|split_07|split_09|split_10,"{""densenet121"": 0.0, ""efficientnet_b0"": 0.0, ""resnet18"": 0.8275, ""resnet50"": 0.1725}",0.8275,2000,paired crossed split-seed
sipakmed_B_cnn4_common3,129,split_01|split_06|split_07|split_08|split_10,"{""densenet121"": 0.0, ""efficientnet_b0"": 0.0, ""resnet18"": 0.715, ""resnet50"": 0.285}",0.715,2000,paired crossed split-seed
sipakmed_B_cnn4_common3,130,split_01|split_06|split_07|split_08|split_09,"{""densenet121"": 0.0, ""efficientnet_b0"": 0.0, ""resnet18"": 0.7345, ""resnet50"": 0.2655}",0.7345,2000,paired crossed split-seed
sipakmed_B_cnn4_common3,131,split_01|split_05|split_08|split_09|split_10,"{""densenet121"": 0.0, ""efficientnet_b0"": 0.0, ""resnet18"": 0.2435, ""resnet50"": 0.7565}",0.7565,2000,paired crossed split-seed
sipakmed_B_cnn4_common3,132,split_01|split_05|split_07|split_09|split_10,"{""densenet121"": 0.0, ""efficientnet_b0"": 0.0, ""resnet18"": 0.6275, ""resnet50"": 0.3725}",0.6275,2000,paired crossed split-seed
sipakmed_B_cnn4_common3,133,split_01|split_05|split_07|split_08|split_10,"{""densenet121"": 0.0, ""efficientnet_b0"": 0.0, ""resnet18"": 0.445, ""resnet50"": 0.555}",0.555,2000,paired crossed split-seed
sipakmed_B_cnn4_common3,134,split_01|split_05|split_07|split_08|split_09,"{""densenet121"": 0.0, ""efficientnet_b0"": 0.0, ""resnet18"": 0.486, ""resnet50"": 0.514}",0.486,2000,paired crossed split-seed
sipakmed_B_cnn4_common3,135,split_01|split_05|split_06|split_09|split_10,"{""densenet121"": 0.0, ""efficientnet_b0"": 0.0, ""resnet18"": 0.7545, ""resnet50"": 0.2455}",0.7545,2000,paired crossed split-seed
sipakmed_B_cnn4_common3,136,split_01|split_05|split_06|split_08|split_10,"{""densenet121"": 0.0, ""efficientnet_b0"": 0.0, ""resnet18"": 0.5965, ""resnet50"": 0.4035}",0.5965,2000,paired crossed split-seed
sipakmed_B_cnn4_common3,137,split_01|split_05|split_06|split_08|split_09,"{""densenet121"": 0.0, ""efficientnet_b0"": 0.0, ""resnet18"": 0.651, ""resnet50"": 0.349}",0.651,2000,paired crossed split-seed
sipakmed_B_cnn4_common3,138,split_01|split_05|split_06|split_07|split_10,"{""densenet121"": 0.0005, ""efficientnet_b0"": 0.0, ""resnet18"": 0.8655, ""resnet50"": 0.134}",0.8655,2000,paired crossed split-seed
sipakmed_B_cnn4_common3,139,split_01|split_05|split_06|split_07|split_09,"{""densenet121"": 0.0, ""efficientnet_b0"": 0.0, ""resnet18"": 0.9235, ""resnet50"": 0.0765}",0.9235,2000,paired crossed split-seed
sipakmed_B_cnn4_common3,140,split_01|split_05|split_06|split_07|split_08,"{""densenet121"": 0.0, ""efficientnet_b0"": 0.0, ""resnet18"": 0.7895, ""resnet50"": 0.2105}",0.7895,2000,paired crossed split-seed
sipakmed_B_cnn4_common3,141,split_01|split_04|split_08|split_09|split_10,"{""densenet121"": 0.006, ""efficientnet_b0"": 0.0, ""resnet18"": 0.3135, ""resnet50"": 0.6805}",0.6805,2000,paired crossed split-seed
sipakmed_B_cnn4_common3,142,split_01|split_04|split_07|split_09|split_10,"{""densenet121"": 0.002, ""efficientnet_b0"": 0.0, ""resnet18"": 0.6755, ""resnet50"": 0.3225}",0.6755,2000,paired crossed split-seed
sipakmed_B_cnn4_common3,143,split_01|split_04|split_07|split_08|split_10,"{""densenet121"": 0.004, ""efficientnet_b0"": 0.0, ""resnet18"": 0.5085, ""resnet50"": 0.4875}",0.5085,2000,paired crossed split-seed
sipakmed_B_cnn4_common3,144,split_01|split_04|split_07|split_08|split_09,"{""densenet121"": 0.0, ""efficientnet_b0"": 0.0, ""resnet18"": 0.5535, ""resnet50"": 0.4465}",0.5535,2000,paired crossed split-seed
sipakmed_B_cnn4_common3,145,split_01|split_04|split_06|split_09|split_10,"{""densenet121"": 0.003, ""efficientnet_b0"": 0.0, ""resnet18"": 0.7805, ""resnet50"": 0.2165}",0.7805,2000,paired crossed split-seed
sipakmed_B_cnn4_common3,146,split_01|split_04|split_06|split_08|split_10,"{""densenet121"": 0.0025, ""efficientnet_b0"": 0.0, ""resnet18"": 0.669, ""resnet50"": 0.3285}",0.669,2000,paired crossed split-seed
sipakmed_B_cnn4_common3,147,split_01|split_04|split_06|split_08|split_09,"{""densenet121"": 0.001, ""efficientnet_b0"": 0.0, ""resnet18"": 0.7025, ""resnet50"": 0.2965}",0.7025,2000,paired crossed split-seed
sipakmed_B_cnn4_common3,148,split_01|split_04|split_06|split_07|split_10,"{""densenet121"": 0.0015, ""efficientnet_b0"": 0.0, ""resnet18"": 0.884, ""resnet50"": 0.1145}",0.884,2000,paired crossed split-seed
sipakmed_B_cnn4_common3,149,split_01|split_04|split_06|split_07|split_09,"{""densenet121"": 0.0, ""efficientnet_b0"": 0.0, ""resnet18"": 0.923, ""resnet50"": 0.077}",0.923,2000,paired crossed split-seed
sipakmed_B_cnn4_common3,150,split_01|split_04|split_06|split_07|split_08,"{""densenet121"": 0.0005, ""efficientnet_b0"": 0.0, ""resnet18"": 0.8325, ""resnet50"": 0.167}",0.8325,2000,paired crossed split-seed
sipakmed_B_cnn4_common3,151,split_01|split_04|split_05|split_09|split_10,"{""densenet121"": 0.0055, ""efficientnet_b0"": 0.0, ""resnet18"": 0.5325, ""resnet50"": 0.462}",0.5325,2000,paired crossed split-seed
sipakmed_B_cnn4_common3,152,split_01|split_04|split_05|split_08|split_10,"{""densenet121"": 0.0035, ""efficientnet_b0"": 0.0, ""resnet18"": 0.374, ""resnet50"": 0.6225}",0.6225,2000,paired crossed split-seed
sipakmed_B_cnn4_common3,153,split_01|split_04|split_05|split_08|split_09,"{""densenet121"": 0.0015, ""efficientnet_b0"": 0.0, ""resnet18"": 0.4135, ""resnet50"": 0.585}",0.585,2000,paired crossed split-seed
sipakmed_B_cnn4_common3,154,split_01|split_04|split_05|split_07|split_10,"{""densenet121"": 0.0055, ""efficientnet_b0"": 0.0, ""resnet18"": 0.73, ""resnet50"": 0.2645}",0.73,2000,paired crossed split-seed
sipakmed_B_cnn4_common3,155,split_01|split_04|split_05|split_07|split_09,"{""densenet121"": 0.0005, ""efficientnet_b0"": 0.0, ""resnet18"": 0.7945, ""resnet50"": 0.205}",0.7945,2000,paired crossed split-seed
sipakmed_B_cnn4_common3,156,split_01|split_04|split_05|split_07|split_08,"{""densenet121"": 0.0015, ""efficientnet_b0"": 0.0, ""resnet18"": 0.6055, ""resnet50"": 0.393}",0.6055,2000,paired crossed split-seed
sipakmed_B_cnn4_common3,157,split_01|split_04|split_05|split_06|split_10,"{""densenet121"": 0.005, ""efficientnet_b0"": 0.0, ""resnet18"": 0.8235, ""resnet50"": 0.1715}",0.8235,2000,paired crossed split-seed
sipakmed_B_cnn4_common3,158,split_01|split_04|split_05|split_06|split_09,"{""densenet121"": 0.0, ""efficientnet_b0"": 0.0, ""resnet18"": 0.8905, ""resnet50"": 0.1095}",0.8905,2000,paired crossed split-seed
sipakmed_B_cnn4_common3,159,split_01|split_04|split_05|split_06|split_08,"{""densenet121"": 0.0, ""efficientnet_b0"": 0.0, ""resnet18"": 0.7395, ""resnet50"": 0.2605}",0.7395,2000,paired crossed split-seed
sipakmed_B_cnn4_common3,160,split_01|split_04|split_05|split_06|split_07,"{""densenet121"": 0.0025, ""efficientnet_b0"": 0.0, ""resnet18"": 0.939, ""resnet50"": 0.0585}",0.939,2000,paired crossed split-seed
sipakmed_B_cnn4_common3,161,split_01|split_03|split_08|split_09|split_10,"{""densenet121"": 0.0035, ""efficientnet_b0"": 0.0, ""resnet18"": 0.392, ""resnet50"": 0.6045}",0.6045,2000,paired crossed split-seed
sipakmed_B_cnn4_common3,162,split_01|split_03|split_07|split_09|split_10,"{""densenet121"": 0.0025, ""efficientnet_b0"": 0.0, ""resnet18"": 0.741, ""resnet50"": 0.2565}",0.741,2000,paired crossed split-seed
sipakmed_B_cnn4_common3,163,split_01|split_03|split_07|split_08|split_10,"{""densenet121"": 0.0035, ""efficientnet_b0"": 0.0, ""resnet18"": 0.5795, ""resnet50"": 0.417}",0.5795,2000,paired crossed split-seed
sipakmed_B_cnn4_common3,164,split_01|split_03|split_07|split_08|split_09,"{""densenet121"": 0.001, ""efficientnet_b0"": 0.0, ""resnet18"": 0.634, ""resnet50"": 0.365}",0.634,2000,paired crossed split-seed
sipakmed_B_cnn4_common3,165,split_01|split_03|split_06|split_09|split_10,"{""densenet121"": 0.005, ""efficientnet_b0"": 0.0, ""resnet18"": 0.842, ""resnet50"": 0.153}",0.842,2000,paired crossed split-seed
sipakmed_B_cnn4_common3,166,split_01|split_03|split_06|split_08|split_10,"{""densenet121"": 0.006, ""efficientnet_b0"": 0.0, ""resnet18"": 0.713, ""resnet50"": 0.281}",0.713,2000,paired crossed split-seed
sipakmed_B_cnn4_common3,167,split_01|split_03|split_06|split_08|split_09,"{""densenet121"": 0.001, ""efficientnet_b0"": 0.0, ""resnet18"": 0.749, ""resnet50"": 0.25}",0.749,2000,paired crossed split-seed
sipakmed_B_cnn4_common3,168,split_01|split_03|split_06|split_07|split_10,"{""densenet121"": 0.002, ""efficientnet_b0"": 0.0, ""resnet18"": 0.9265, ""resnet50"": 0.0715}",0.9265,2000,paired crossed split-seed
sipakmed_B_cnn4_common3,169,split_01|split_03|split_06|split_07|split_09,"{""densenet121"": 0.0, ""efficientnet_b0"": 0.0, ""resnet18"": 0.9735, ""resnet50"": 0.0265}",0.9735,2000,paired crossed split-seed
sipakmed_B_cnn4_common3,170,split_01|split_03|split_06|split_07|split_08,"{""densenet121"": 0.0005, ""efficientnet_b0"": 0.0, ""resnet18"": 0.881, ""resnet50"": 0.1185}",0.881,2000,paired crossed split-seed
sipakmed_B_cnn4_common3,171,split_01|split_03|split_05|split_09|split_10,"{""densenet121"": 0.005, ""efficientnet_b0"": 0.0, ""resnet18"": 0.6535, ""resnet50"": 0.3415}",0.6535,2000,paired crossed split-seed
sipakmed_B_cnn4_common3,172,split_01|split_03|split_05|split_08|split_10,"{""densenet121"": 0.0035, ""efficientnet_b0"": 0.0, ""resnet18"": 0.4595, ""resnet50"": 0.537}",0.537,2000,paired crossed split-seed
sipakmed_B_cnn4_common3,173,split_01|split_03|split_05|split_08|split_09,"{""densenet121"": 0.0, ""efficientnet_b0"": 0.0, ""resnet18"": 0.5015, ""resnet50"": 0.4985}",0.5015,2000,paired crossed split-seed
sipakmed_B_cnn4_common3,174,split_01|split_03|split_05|split_07|split_10,"{""densenet121"": 0.002, ""efficientnet_b0"": 0.0, ""resnet18"": 0.826, ""resnet50"": 0.172}",0.826,2000,paired crossed split-seed
sipakmed_B_cnn4_common3,175,split_01|split_03|split_05|split_07|split_09,"{""densenet121"": 0.0, ""efficientnet_b0"": 0.0, ""resnet18"": 0.8815, ""resnet50"": 0.1185}",0.8815,2000,paired crossed split-seed
sipakmed_B_cnn4_common3,176,split_01|split_03|split_05|split_07|split_08,"{""densenet121"": 0.0005, ""efficientnet_b0"": 0.0, ""resnet18"": 0.711, ""resnet50"": 0.2885}",0.711,2000,paired crossed split-seed
sipakmed_B_cnn4_common3,177,split_01|split_03|split_05|split_06|split_10,"{""densenet121"": 0.004, ""efficientnet_b0"": 0.0, ""resnet18"": 0.8805, ""resnet50"": 0.1155}",0.8805,2000,paired crossed split-seed
sipakmed_B_cnn4_common3,178,split_01|split_03|split_05|split_06|split_09,"{""densenet121"": 0.0, ""efficientnet_b0"": 0.0, ""resnet18"": 0.9485, ""resnet50"": 0.0515}",0.9485,2000,paired crossed split-seed
sipakmed_B_cnn4_common3,179,split_01|split_03|split_05|split_06|split_08,"{""densenet121"": 0.0, ""efficientnet_b0"": 0.0, ""resnet18"": 0.8195, ""resnet50"": 0.1805}",0.8195,2000,paired crossed split-seed
sipakmed_B_cnn4_common3,180,split_01|split_03|split_05|split_06|split_07,"{""densenet121"": 0.0, ""efficientnet_b0"": 0.0, ""resnet18"": 0.9885, ""resnet50"": 0.0115}",0.9885,2000,paired crossed split-seed
sipakmed_B_cnn4_common3,181,split_01|split_03|split_04|split_09|split_10,"{""densenet121"": 0.037, ""efficientnet_b0"": 0.0, ""resnet18"": 0.6785, ""resnet50"": 0.2845}",0.6785,2000,paired crossed split-seed
sipakmed_B_cnn4_common3,182,split_01|split_03|split_04|split_08|split_10,"{""densenet121"": 0.037, ""efficientnet_b0"": 0.0, ""resnet18"": 0.4815, ""resnet50"": 0.4815}",0.4815,2000,paired crossed split-seed
sipakmed_B_cnn4_common3,183,split_01|split_03|split_04|split_08|split_09,"{""densenet121"": 0.005, ""efficientnet_b0"": 0.0, ""resnet18"": 0.5515, ""resnet50"": 0.4435}",0.5515,2000,paired crossed split-seed
sipakmed_B_cnn4_common3,184,split_01|split_03|split_04|split_07|split_10,"{""densenet121"": 0.0295, ""efficientnet_b0"": 0.0, ""resnet18"": 0.8075, ""resnet50"": 0.163}",0.8075,2000,paired crossed split-seed
sipakmed_B_cnn4_common3,185,split_01|split_03|split_04|split_07|split_09,"{""densenet121"": 0.0055, ""efficientnet_b0"": 0.0, ""resnet18"": 0.898, ""resnet50"": 0.0965}",0.898,2000,paired crossed split-seed
sipakmed_B_cnn4_common3,186,split_01|split_03|split_04|split_07|split_08,"{""densenet121"": 0.0045, ""efficientnet_b0"": 0.0, ""resnet18"": 0.727, ""resnet50"": 0.2685}",0.727,2000,paired crossed split-seed
sipakmed_B_cnn4_common3,187,split_01|split_03|split_04|split_06|split_10,"{""densenet121"": 0.034, ""efficientnet_b0"": 0.0, ""resnet18"": 0.8855, ""resnet50"": 0.0805}",0.8855,2000,paired crossed split-seed
sipakmed_B_cnn4_common3,188,split_01|split_03|split_04|split_06|split_09,"{""densenet121"": 0.003, ""efficientnet_b0"": 0.0, ""resnet18"": 0.9445, ""resnet50"": 0.0525}",0.9445,2000,paired crossed split-seed
sipakmed_B_cnn4_common3,189,split_01|split_03|split_04|split_06|split_08,"{""densenet121"": 0.005, ""efficientnet_b0"": 0.0, ""resnet18"": 0.833, ""resnet50"": 0.162}",0.833,2000,paired crossed split-seed
sipakmed_B_cnn4_common3,190,split_01|split_03|split_04|split_06|split_07,"{""densenet121"": 0.0015, ""efficientnet_b0"": 0.0, ""resnet18"": 0.983, ""resnet50"": 0.0155}",0.983,2000,paired crossed split-seed
sipakmed_B_cnn4_common3,191,split_01|split_03|split_04|split_05|split_10,"{""densenet121"": 0.0435, ""efficientnet_b0"": 0.0, ""resnet18"": 0.746, ""resnet50"": 0.2105}",0.746,2000,paired crossed split-seed
sipakmed_B_cnn4_common3,192,split_01|split_03|split_04|split_05|split_09,"{""densenet121"": 0.0045, ""efficientnet_b0"": 0.0, ""resnet18"": 0.82, ""resnet50"": 0.1755}",0.82,2000,paired crossed split-seed
sipakmed_B_cnn4_common3,193,split_01|split_03|split_04|split_05|split_08,"{""densenet121"": 0.0055, ""efficientnet_b0"": 0.0, ""resnet18"": 0.621, ""resnet50"": 0.3735}",0.621,2000,paired crossed split-seed
sipakmed_B_cnn4_common3,194,split_01|split_03|split_04|split_05|split_07,"{""densenet121"": 0.006, ""efficientnet_b0"": 0.0, ""resnet18"": 0.9165, ""resnet50"": 0.0775}",0.9165,2000,paired crossed split-seed
sipakmed_B_cnn4_common3,195,split_01|split_03|split_04|split_05|split_06,"{""densenet121"": 0.0045, ""efficientnet_b0"": 0.0, ""resnet18"": 0.9505, ""resnet50"": 0.045}",0.9505,2000,paired crossed split-seed
sipakmed_B_cnn4_common3,196,split_01|split_02|split_08|split_09|split_10,"{""densenet121"": 0.0, ""efficientnet_b0"": 0.0, ""resnet18"": 0.1965, ""resnet50"": 0.8035}",0.8035,2000,paired crossed split-seed
sipakmed_B_cnn4_common3,197,split_01|split_02|split_07|split_09|split_10,"{""densenet121"": 0.0, ""efficientnet_b0"": 0.0, ""resnet18"": 0.514, ""resnet50"": 0.486}",0.514,2000,paired crossed split-seed
sipakmed_B_cnn4_common3,198,split_01|split_02|split_07|split_08|split_10,"{""densenet121"": 0.0, ""efficientnet_b0"": 0.0, ""resnet18"": 0.364, ""resnet50"": 0.636}",0.636,2000,paired crossed split-seed
sipakmed_B_cnn4_common3,199,split_01|split_02|split_07|split_08|split_09,"{""densenet121"": 0.0, ""efficientnet_b0"": 0.0, ""resnet18"": 0.4095, ""resnet50"": 0.5905}",0.5905,2000,paired crossed split-seed
sipakmed_B_cnn4_common3,200,split_01|split_02|split_06|split_09|split_10,"{""densenet121"": 0.0, ""efficientnet_b0"": 0.0, ""resnet18"": 0.677, ""resnet50"": 0.323}",0.677,2000,paired crossed split-seed
sipakmed_B_cnn4_common3,201,split_01|split_02|split_06|split_08|split_10,"{""densenet121"": 0.0005, ""efficientnet_b0"": 0.0, ""resnet18"": 0.5465, ""resnet50"": 0.453}",0.5465,2000,paired crossed split-seed
sipakmed_B_cnn4_common3,202,split_01|split_02|split_06|split_08|split_09,"{""densenet121"": 0.0, ""efficientnet_b0"": 0.0, ""resnet18"": 0.5665, ""resnet50"": 0.4335}",0.5665,2000,paired crossed split-seed
sipakmed_B_cnn4_common3,203,split_01|split_02|split_06|split_07|split_10,"{""densenet121"": 0.0, ""efficientnet_b0"": 0.0, ""resnet18"": 0.8195, ""resnet50"": 0.1805}",0.8195,2000,paired crossed split-seed
sipakmed_B_cnn4_common3,204,split_01|split_02|split_06|split_07|split_09,"{""densenet121"": 0.0, ""efficientnet_b0"": 0.0, ""resnet18"": 0.9005, ""resnet50"": 0.0995}",0.9005,2000,paired crossed split-seed
sipakmed_B_cnn4_common3,205,split_01|split_02|split_06|split_07|split_08,"{""densenet121"": 0.0, ""efficientnet_b0"": 0.0, ""resnet18"": 0.7315, ""resnet50"": 0.2685}",0.7315,2000,paired crossed split-seed
sipakmed_B_cnn4_common3,206,split_01|split_02|split_05|split_09|split_10,"{""densenet121"": 0.0, ""efficientnet_b0"": 0.0, ""resnet18"": 0.3585, ""resnet50"": 0.6415}",0.6415,2000,paired crossed split-seed
sipakmed_B_cnn4_common3,207,split_01|split_02|split_05|split_08|split_10,"{""densenet121"": 0.001, ""efficientnet_b0"": 0.0, ""resnet18"": 0.2175, ""resnet50"": 0.7815}",0.7815,2000,paired crossed split-seed
sipakmed_B_cnn4_common3,208,split_01|split_02|split_05|split_08|split_09,"{""densenet121"": 0.0, ""efficientnet_b0"": 0.0, ""resnet18"": 0.254, ""resnet50"": 0.746}",0.746,2000,paired crossed split-seed
sipakmed_B_cnn4_common3,209,split_01|split_02|split_05|split_07|split_10,"{""densenet121"": 0.0005, ""efficientnet_b0"": 0.0, ""resnet18"": 0.599, ""resnet50"": 0.4005}",0.599,2000,paired crossed split-seed
sipakmed_B_cnn4_common3,210,split_01|split_02|split_05|split_07|split_09,"{""densenet121"": 0.0, ""efficientnet_b0"": 0.0, ""resnet18"": 0.672, ""resnet50"": 0.328}",0.672,2000,paired crossed split-seed
sipakmed_B_cnn4_common3,211,split_01|split_02|split_05|split_07|split_08,"{""densenet121"": 0.0, ""efficientnet_b0"": 0.0, ""resnet18"": 0.477, ""resnet50"": 0.523}",0.523,2000,paired crossed split-seed
sipakmed_B_cnn4_common3,212,split_01|split_02|split_05|split_06|split_10,"{""densenet121"": 0.0005, ""efficientnet_b0"": 0.0, ""resnet18"": 0.736, ""resnet50"": 0.2635}",0.736,2000,paired crossed split-seed
sipakmed_B_cnn4_common3,213,split_01|split_02|split_05|split_06|split_09,"{""densenet121"": 0.0, ""efficientnet_b0"": 0.0, ""resnet18"": 0.7955, ""resnet50"": 0.2045}",0.7955,2000,paired crossed split-seed
sipakmed_B_cnn4_common3,214,split_01|split_02|split_05|split_06|split_08,"{""densenet121"": 0.0, ""efficientnet_b0"": 0.0, ""resnet18"": 0.622, ""resnet50"": 0.378}",0.622,2000,paired crossed split-seed
sipakmed_B_cnn4_common3,215,split_01|split_02|split_05|split_06|split_07,"{""densenet121"": 0.0, ""efficientnet_b0"": 0.0, ""resnet18"": 0.921, ""resnet50"": 0.079}",0.921,2000,paired crossed split-seed
sipakmed_B_cnn4_common3,216,split_01|split_02|split_04|split_09|split_10,"{""densenet121"": 0.0065, ""efficientnet_b0"": 0.0, ""resnet18"": 0.4445, ""resnet50"": 0.549}",0.549,2000,paired crossed split-seed
sipakmed_B_cnn4_common3,217,split_01|split_02|split_04|split_08|split_10,"{""densenet121"": 0.006, ""efficientnet_b0"": 0.0, ""resnet18"": 0.31, ""resnet50"": 0.684}",0.684,2000,paired crossed split-seed
sipakmed_B_cnn4_common3,218,split_01|split_02|split_04|split_08|split_09,"{""densenet121"": 0.001, ""efficientnet_b0"": 0.0, ""resnet18"": 0.325, ""resnet50"": 0.674}",0.674,2000,paired crossed split-seed
sipakmed_B_cnn4_common3,219,split_01|split_02|split_04|split_07|split_10,"{""densenet121"": 0.004, ""efficientnet_b0"": 0.0, ""resnet18"": 0.6245, ""resnet50"": 0.3715}",0.6245,2000,paired crossed split-seed
sipakmed_B_cnn4_common3,220,split_01|split_02|split_04|split_07|split_09,"{""densenet121"": 0.001, ""efficientnet_b0"": 0.0, ""resnet18"": 0.7155, ""resnet50"": 0.2835}",0.7155,2000,paired crossed split-seed
sipakmed_B_cnn4_common3,221,split_01|split_02|split_04|split_07|split_08,"{""densenet121"": 0.0005, ""efficientnet_b0"": 0.0, ""resnet18"": 0.518, ""resnet50"": 0.4815}",0.518,2000,paired crossed split-seed
sipakmed_B_cnn4_common3,222,split_01|split_02|split_04|split_06|split_10,"{""densenet121"": 0.007, ""efficientnet_b0"": 0.0, ""resnet18"": 0.7775, ""resnet50"": 0.2155}",0.7775,2000,paired crossed split-seed
sipakmed_B_cnn4_common3,223,split_01|split_02|split_04|split_06|split_09,"{""densenet121"": 0.0015, ""efficientnet_b0"": 0.0, ""resnet18"": 0.803, ""resnet50"": 0.1955}",0.803,2000,paired crossed split-seed
sipakmed_B_cnn4_common3,224,split_01|split_02|split_04|split_06|split_08,"{""densenet121"": 0.0005, ""efficientnet_b0"": 0.0, ""resnet18"": 0.6905, ""resnet50"": 0.309}",0.6905,2000,paired crossed split-seed
sipakmed_B_cnn4_common3,225,split_01|split_02|split_04|split_06|split_07,"{""densenet121"": 0.0, ""efficientnet_b0"": 0.0, ""resnet18"": 0.9285, ""resnet50"": 0.0715}",0.9285,2000,paired crossed split-seed
sipakmed_B_cnn4_common3,226,split_01|split_02|split_04|split_05|split_10,"{""densenet121"": 0.008, ""efficientnet_b0"": 0.0, ""resnet18"": 0.502, ""resnet50"": 0.49}",0.502,2000,paired crossed split-seed
sipakmed_B_cnn4_common3,227,split_01|split_02|split_04|split_05|split_09,"{""densenet121"": 0.002, ""efficientnet_b0"": 0.0, ""resnet18"": 0.561, ""resnet50"": 0.437}",0.561,2000,paired crossed split-seed
sipakmed_B_cnn4_common3,228,split_01|split_02|split_04|split_05|split_08,"{""densenet121"": 0.0, ""efficientnet_b0"": 0.0, ""resnet18"": 0.413, ""resnet50"": 0.587}",0.587,2000,paired crossed split-seed
sipakmed_B_cnn4_common3,229,split_01|split_02|split_04|split_05|split_07,"{""densenet121"": 0.0005, ""efficientnet_b0"": 0.0, ""resnet18"": 0.762, ""resnet50"": 0.2375}",0.762,2000,paired crossed split-seed
sipakmed_B_cnn4_common3,230,split_01|split_02|split_04|split_05|split_06,"{""densenet121"": 0.0005, ""efficientnet_b0"": 0.0, ""resnet18"": 0.8715, ""resnet50"": 0.128}",0.8715,2000,paired crossed split-seed
sipakmed_B_cnn4_common3,231,split_01|split_02|split_03|split_09|split_10,"{""densenet121"": 0.008, ""efficientnet_b0"": 0.0, ""resnet18"": 0.526, ""resnet50"": 0.466}",0.526,2000,paired crossed split-seed
sipakmed_B_cnn4_common3,232,split_01|split_02|split_03|split_08|split_10,"{""densenet121"": 0.01, ""efficientnet_b0"": 0.0, ""resnet18"": 0.356, ""resnet50"": 0.634}",0.634,2000,paired crossed split-seed
sipakmed_B_cnn4_common3,233,split_01|split_02|split_03|split_08|split_09,"{""densenet121"": 0.005, ""efficientnet_b0"": 0.0, ""resnet18"": 0.4195, ""resnet50"": 0.5755}",0.5755,2000,paired crossed split-seed
sipakmed_B_cnn4_common3,234,split_01|split_02|split_03|split_07|split_10,"{""densenet121"": 0.0055, ""efficientnet_b0"": 0.0, ""resnet18"": 0.7635, ""resnet50"": 0.231}",0.7635,2000,paired crossed split-seed
sipakmed_B_cnn4_common3,235,split_01|split_02|split_03|split_07|split_09,"{""densenet121"": 0.0015, ""efficientnet_b0"": 0.0, ""resnet18"": 0.824, ""resnet50"": 0.1745}",0.824,2000,paired crossed split-seed
sipakmed_B_cnn4_common3,236,split_01|split_02|split_03|split_07|split_08,"{""densenet121"": 0.001, ""efficientnet_b0"": 0.0, ""resnet18"": 0.654, ""resnet50"": 0.345}",0.654,2000,paired crossed split-seed
sipakmed_B_cnn4_common3,237,split_01|split_02|split_03|split_06|split_10,"{""densenet121"": 0.009, ""efficientnet_b0"": 0.0, ""resnet18"": 0.854, ""resnet50"": 0.137}",0.854,2000,paired crossed split-seed
sipakmed_B_cnn4_common3,238,split_01|split_02|split_03|split_06|split_09,"{""densenet121"": 0.002, ""efficientnet_b0"": 0.0, ""resnet18"": 0.8935, ""resnet50"": 0.1045}",0.8935,2000,paired crossed split-seed
sipakmed_B_cnn4_common3,239,split_01|split_02|split_03|split_06|split_08,"{""densenet121"": 0.0, ""efficientnet_b0"": 0.0, ""resnet18"": 0.75, ""resnet50"": 0.25}",0.75,2000,paired crossed split-seed
sipakmed_B_cnn4_common3,240,split_01|split_02|split_03|split_06|split_07,"{""densenet121"": 0.0025, ""efficientnet_b0"": 0.0, ""resnet18"": 0.9795, ""resnet50"": 0.018}",0.9795,2000,paired crossed split-seed
sipakmed_B_cnn4_common3,241,split_01|split_02|split_03|split_05|split_10,"{""densenet121"": 0.007, ""efficientnet_b0"": 0.0, ""resnet18"": 0.623, ""resnet50"": 0.37}",0.623,2000,paired crossed split-seed
sipakmed_B_cnn4_common3,242,split_01|split_02|split_03|split_05|split_09,"{""densenet121"": 0.001, ""efficientnet_b0"": 0.0, ""resnet18"": 0.6935, ""resnet50"": 0.3055}",0.6935,2000,paired crossed split-seed
sipakmed_B_cnn4_common3,243,split_01|split_02|split_03|split_05|split_08,"{""densenet121"": 0.0035, ""efficientnet_b0"": 0.0, ""resnet18"": 0.476, ""resnet50"": 0.5205}",0.5205,2000,paired crossed split-seed
sipakmed_B_cnn4_common3,244,split_01|split_02|split_03|split_05|split_07,"{""densenet121"": 0.001, ""efficientnet_b0"": 0.0, ""resnet18"": 0.886, ""resnet50"": 0.113}",0.886,2000,paired crossed split-seed
sipakmed_B_cnn4_common3,245,split_01|split_02|split_03|split_05|split_06,"{""densenet121"": 0.001, ""efficientnet_b0"": 0.0, ""resnet18"": 0.936, ""resnet50"": 0.063}",0.936,2000,paired crossed split-seed
sipakmed_B_cnn4_common3,246,split_01|split_02|split_03|split_04|split_10,"{""densenet121"": 0.053, ""efficientnet_b0"": 0.0, ""resnet18"": 0.655, ""resnet50"": 0.292}",0.655,2000,paired crossed split-seed
sipakmed_B_cnn4_common3,247,split_01|split_02|split_03|split_04|split_09,"{""densenet121"": 0.0085, ""efficientnet_b0"": 0.0, ""resnet18"": 0.7495, ""resnet50"": 0.242}",0.7495,2000,paired crossed split-seed
sipakmed_B_cnn4_common3,248,split_01|split_02|split_03|split_04|split_08,"{""densenet121"": 0.0105, ""efficientnet_b0"": 0.0, ""resnet18"": 0.547, ""resnet50"": 0.4425}",0.547,2000,paired crossed split-seed
sipakmed_B_cnn4_common3,249,split_01|split_02|split_03|split_04|split_07,"{""densenet121"": 0.012, ""efficientnet_b0"": 0.0, ""resnet18"": 0.8825, ""resnet50"": 0.1055}",0.8825,2000,paired crossed split-seed
sipakmed_B_cnn4_common3,250,split_01|split_02|split_03|split_04|split_06,"{""densenet121"": 0.0045, ""efficientnet_b0"": 0.0, ""resnet18"": 0.9415, ""resnet50"": 0.054}",0.9415,2000,paired crossed split-seed
sipakmed_B_cnn4_common3,251,split_01|split_02|split_03|split_04|split_05,"{""densenet121"": 0.01, ""efficientnet_b0"": 0.0, ""resnet18"": 0.787, ""resnet50"": 0.203}",0.787,2000,paired crossed split-seed
isic2019_A_cnn4_all3,0,split_06|split_07|split_08|split_09|split_10,"{""densenet121"": 0.0, ""efficientnet_b0"": 0.0, ""resnet18"": 0.0, ""resnet50"": 1.0}",1.0,2000,paired crossed split-seed
isic2019_A_cnn4_all3,1,split_05|split_07|split_08|split_09|split_10,"{""densenet121"": 0.0, ""efficientnet_b0"": 0.0, ""resnet18"": 0.0, ""resnet50"": 1.0}",1.0,2000,paired crossed split-seed
isic2019_A_cnn4_all3,2,split_05|split_06|split_08|split_09|split_10,"{""densenet121"": 0.0, ""efficientnet_b0"": 0.0, ""resnet18"": 0.0, ""resnet50"": 1.0}",1.0,2000,paired crossed split-seed
isic2019_A_cnn4_all3,3,split_05|split_06|split_07|split_09|split_10,"{""densenet121"": 0.0, ""efficientnet_b0"": 0.0, ""resnet18"": 0.0, ""resnet50"": 1.0}",1.0,2000,paired crossed split-seed
isic2019_A_cnn4_all3,4,split_05|split_06|split_07|split_08|split_10,"{""densenet121"": 0.0, ""efficientnet_b0"": 0.0, ""resnet18"": 0.0, ""resnet50"": 1.0}",1.0,2000,paired crossed split-seed
isic2019_A_cnn4_all3,5,split_05|split_06|split_07|split_08|split_09,"{""densenet121"": 0.0, ""efficientnet_b0"": 0.0, ""resnet18"": 0.0, ""resnet50"": 1.0}",1.0,2000,paired crossed split-seed
isic2019_A_cnn4_all3,6,split_04|split_07|split_08|split_09|split_10,"{""densenet121"": 0.003, ""efficientnet_b0"": 0.0, ""resnet18"": 0.0, ""resnet50"": 0.997}",0.997,2000,paired crossed split-seed
isic2019_A_cnn4_all3,7,split_04|split_06|split_08|split_09|split_10,"{""densenet121"": 0.0005, ""efficientnet_b0"": 0.0, ""resnet18"": 0.0, ""resnet50"": 0.9995}",0.9995,2000,paired crossed split-seed
isic2019_A_cnn4_all3,8,split_04|split_06|split_07|split_09|split_10,"{""densenet121"": 0.0025, ""efficientnet_b0"": 0.0, ""resnet18"": 0.0, ""resnet50"": 0.9975}",0.9975,2000,paired crossed split-seed
isic2019_A_cnn4_all3,9,split_04|split_06|split_07|split_08|split_10,"{""densenet121"": 0.0005, ""efficientnet_b0"": 0.0, ""resnet18"": 0.0, ""resnet50"": 0.9995}",0.9995,2000,paired crossed split-seed
isic2019_A_cnn4_all3,10,split_04|split_06|split_07|split_08|split_09,"{""densenet121"": 0.003, ""efficientnet_b0"": 0.0, ""resnet18"": 0.0, ""resnet50"": 0.997}",0.997,2000,paired crossed split-seed
isic2019_A_cnn4_all3,11,split_04|split_05|split_08|split_09|split_10,"{""densenet121"": 0.0015, ""efficientnet_b0"": 0.0005, ""resnet18"": 0.0, ""resnet50"": 0.998}",0.998,2000,paired crossed split-seed
isic2019_A_cnn4_all3,12,split_04|split_05|split_07|split_09|split_10,"{""densenet121"": 0.0005, ""efficientnet_b0"": 0.001, ""resnet18"": 0.0, ""resnet50"": 0.9985}",0.9985,2000,paired crossed split-seed
isic2019_A_cnn4_all3,13,split_04|split_05|split_07|split_08|split_10,"{""densenet121"": 0.0, ""efficientnet_b0"": 0.0, ""resnet18"": 0.0, ""resnet50"": 1.0}",1.0,2000,paired crossed split-seed
isic2019_A_cnn4_all3,14,split_04|split_05|split_07|split_08|split_09,"{""densenet121"": 0.0015, ""efficientnet_b0"": 0.0, ""resnet18"": 0.0, ""resnet50"": 0.9985}",0.9985,2000,paired crossed split-seed
isic2019_A_cnn4_all3,15,split_04|split_05|split_06|split_09|split_10,"{""densenet121"": 0.0005, ""efficientnet_b0"": 0.0, ""resnet18"": 0.0, ""resnet50"": 0.9995}",0.9995,2000,paired crossed split-seed
isic2019_A_cnn4_all3,16,split_04|split_05|split_06|split_08|split_10,"{""densenet121"": 0.0005, ""efficientnet_b0"": 0.0, ""resnet18"": 0.0, ""resnet50"": 0.9995}",0.9995,2000,paired crossed split-seed
isic2019_A_cnn4_all3,17,split_04|split_05|split_06|split_08|split_09,"{""densenet121"": 0.0005, ""efficientnet_b0"": 0.0005, ""resnet18"": 0.0, ""resnet50"": 0.999}",0.999,2000,paired crossed split-seed
isic2019_A_cnn4_all3,18,split_04|split_05|split_06|split_07|split_10,"{""densenet121"": 0.0005, ""efficientnet_b0"": 0.0, ""resnet18"": 0.0, ""resnet50"": 0.9995}",0.9995,2000,paired crossed split-seed
isic2019_A_cnn4_all3,19,split_04|split_05|split_06|split_07|split_09,"{""densenet121"": 0.001, ""efficientnet_b0"": 0.0, ""resnet18"": 0.0, ""resnet50"": 0.999}",0.999,2000,paired crossed split-seed
isic2019_A_cnn4_all3,20,split_04|split_05|split_06|split_07|split_08,"{""densenet121"": 0.0005, ""efficientnet_b0"": 0.0, ""resnet18"": 0.0, ""resnet50"": 0.9995}",0.9995,2000,paired crossed split-seed
isic2019_A_cnn4_all3,21,split_03|split_07|split_08|split_09|split_10,"{""densenet121"": 0.0, ""efficientnet_b0"": 0.0, ""resnet18"": 0.0, ""resnet50"": 1.0}",1.0,2000,paired crossed split-seed
isic2019_A_cnn4_all3,22,split_03|split_06|split_08|split_09|split_10,"{""densenet121"": 0.0, ""efficientnet_b0"": 0.0, ""resnet18"": 0.0005, ""resnet50"": 0.9995}",0.9995,2000,paired crossed split-seed
isic2019_A_cnn4_all3,23,split_03|split_06|split_07|split_09|split_10,"{""densenet121"": 0.0, ""efficientnet_b0"": 0.0, ""resnet18"": 0.0, ""resnet50"": 1.0}",1.0,2000,paired crossed split-seed
isic2019_A_cnn4_all3,24,split_03|split_06|split_07|split_08|split_10,"{""densenet121"": 0.0, ""efficientnet_b0"": 0.0, ""resnet18"": 0.0, ""resnet50"": 1.0}",1.0,2000,paired crossed split-seed
isic2019_A_cnn4_all3,25,split_03|split_06|split_07|split_08|split_09,"{""densenet121"": 0.0, ""efficientnet_b0"": 0.0, ""resnet18"": 0.0005, ""resnet50"": 0.9995}",0.9995,2000,paired crossed split-seed
isic2019_A_cnn4_all3,26,split_03|split_05|split_08|split_09|split_10,"{""densenet121"": 0.0, ""efficientnet_b0"": 0.0, ""resnet18"": 0.0, ""resnet50"": 1.0}",1.0,2000,paired crossed split-seed
isic2019_A_cnn4_all3,27,split_03|split_05|split_07|split_09|split_10,"{""densenet121"": 0.0, ""efficientnet_b0"": 0.0, ""resnet18"": 0.0, ""resnet50"": 1.0}",1.0,2000,paired crossed split-seed
isic2019_A_cnn4_all3,28,split_03|split_05|split_07|split_08|split_10,"{""densenet121"": 0.0, ""efficientnet_b0"": 0.0, ""resnet18"": 0.0, ""resnet50"": 1.0}",1.0,2000,paired crossed split-seed
isic2019_A_cnn4_all3,29,split_03|split_05|split_07|split_08|split_09,"{""densenet121"": 0.0, ""efficientnet_b0"": 0.0, ""resnet18"": 0.0, ""resnet50"": 1.0}",1.0,2000,paired crossed split-seed
isic2019_A_cnn4_all3,30,split_03|split_05|split_06|split_09|split_10,"{""densenet121"": 0.0, ""efficientnet_b0"": 0.0, ""resnet18"": 0.0005, ""resnet50"": 0.9995}",0.9995,2000,paired crossed split-seed
isic2019_A_cnn4_all3,31,split_03|split_05|split_06|split_08|split_10,"{""densenet121"": 0.0, ""efficientnet_b0"": 0.0, ""resnet18"": 0.001, ""resnet50"": 0.999}",0.999,2000,paired crossed split-seed
isic2019_A_cnn4_all3,32,split_03|split_05|split_06|split_08|split_09,"{""densenet121"": 0.0, ""efficientnet_b0"": 0.0, ""resnet18"": 0.0005, ""resnet50"": 0.9995}",0.9995,2000,paired crossed split-seed
isic2019_A_cnn4_all3,33,split_03|split_05|split_06|split_07|split_10,"{""densenet121"": 0.0, ""efficientnet_b0"": 0.0, ""resnet18"": 0.0, ""resnet50"": 1.0}",1.0,2000,paired crossed split-seed
isic2019_A_cnn4_all3,34,split_03|split_05|split_06|split_07|split_09,"{""densenet121"": 0.0, ""efficientnet_b0"": 0.0, ""resnet18"": 0.0, ""resnet50"": 1.0}",1.0,2000,paired crossed split-seed
isic2019_A_cnn4_all3,35,split_03|split_05|split_06|split_07|split_08,"{""densenet121"": 0.0, ""efficientnet_b0"": 0.0, ""resnet18"": 0.0, ""resnet50"": 1.0}",1.0,2000,paired crossed split-seed
isic2019_A_cnn4_all3,36,split_03|split_04|split_08|split_09|split_10,"{""densenet121"": 0.0055, ""efficientnet_b0"": 0.0, ""resnet18"": 0.0005, ""resnet50"": 0.994}",0.994,2000,paired crossed split-seed
isic2019_A_cnn4_all3,37,split_03|split_04|split_07|split_09|split_10,"{""densenet121"": 0.005, ""efficientnet_b0"": 0.0, ""resnet18"": 0.0, ""resnet50"": 0.995}",0.995,2000,paired crossed split-seed
isic2019_A_cnn4_all3,38,split_03|split_04|split_07|split_08|split_10,"{""densenet121"": 0.001, ""efficientnet_b0"": 0.0, ""resnet18"": 0.0005, ""resnet50"": 0.9985}",0.9985,2000,paired crossed split-seed
isic2019_A_cnn4_all3,39,split_03|split_04|split_07|split_08|split_09,"{""densenet121"": 0.003, ""efficientnet_b0"": 0.0005, ""resnet18"": 0.0, ""resnet50"": 0.9965}",0.9965,2000,paired crossed split-seed
isic2019_A_cnn4_all3,40,split_03|split_04|split_06|split_09|split_10,"{""densenet121"": 0.0035, ""efficientnet_b0"": 0.0, ""resnet18"": 0.0005, ""resnet50"": 0.996}",0.996,2000,paired crossed split-seed
isic2019_A_cnn4_all3,41,split_03|split_04|split_06|split_08|split_10,"{""densenet121"": 0.0015, ""efficientnet_b0"": 0.0, ""resnet18"": 0.001, ""resnet50"": 0.9975}",0.9975,2000,paired crossed split-seed
isic2019_A_cnn4_all3,42,split_03|split_04|split_06|split_08|split_09,"{""densenet121"": 0.0025, ""efficientnet_b0"": 0.0, ""resnet18"": 0.0, ""resnet50"": 0.9975}",0.9975,2000,paired crossed split-seed
isic2019_A_cnn4_all3,43,split_03|split_04|split_06|split_07|split_10,"{""densenet121"": 0.001, ""efficientnet_b0"": 0.0, ""resnet18"": 0.0005, ""resnet50"": 0.9985}",0.9985,2000,paired crossed split-seed
isic2019_A_cnn4_all3,44,split_03|split_04|split_06|split_07|split_09,"{""densenet121"": 0.005, ""efficientnet_b0"": 0.0005, ""resnet18"": 0.0, ""resnet50"": 0.9945}",0.9945,2000,paired crossed split-seed
isic2019_A_cnn4_all3,45,split_03|split_04|split_06|split_07|split_08,"{""densenet121"": 0.0015, ""efficientnet_b0"": 0.0, ""resnet18"": 0.0, ""resnet50"": 0.9985}",0.9985,2000,paired crossed split-seed
isic2019_A_cnn4_all3,46,split_03|split_04|split_05|split_09|split_10,"{""densenet121"": 0.0045, ""efficientnet_b0"": 0.0, ""resnet18"": 0.0, ""resnet50"": 0.9955}",0.9955,2000,paired crossed split-seed
isic2019_A_cnn4_all3,47,split_03|split_04|split_05|split_08|split_10,"{""densenet121"": 0.001, ""efficientnet_b0"": 0.0, ""resnet18"": 0.001, ""resnet50"": 0.998}",0.998,2000,paired crossed split-seed
isic2019_A_cnn4_all3,48,split_03|split_04|split_05|split_08|split_09,"{""densenet121"": 0.0005, ""efficientnet_b0"": 0.0, ""resnet18"": 0.0, ""resnet50"": 0.9995}",0.9995,2000,paired crossed split-seed
isic2019_A_cnn4_all3,49,split_03|split_04|split_05|split_07|split_10,"{""densenet121"": 0.001, ""efficientnet_b0"": 0.0, ""resnet18"": 0.0, ""resnet50"": 0.999}",0.999,2000,paired crossed split-seed
isic2019_A_cnn4_all3,50,split_03|split_04|split_05|split_07|split_09,"{""densenet121"": 0.0015, ""efficientnet_b0"": 0.0005, ""resnet18"": 0.0, ""resnet50"": 0.998}",0.998,2000,paired crossed split-seed
isic2019_A_cnn4_all3,51,split_03|split_04|split_05|split_07|split_08,"{""densenet121"": 0.0015, ""efficientnet_b0"": 0.0, ""resnet18"": 0.0, ""resnet50"": 0.9985}",0.9985,2000,paired crossed split-seed
isic2019_A_cnn4_all3,52,split_03|split_04|split_05|split_06|split_10,"{""densenet121"": 0.0, ""efficientnet_b0"": 0.0, ""resnet18"": 0.0005, ""resnet50"": 0.9995}",0.9995,2000,paired crossed split-seed
isic2019_A_cnn4_all3,53,split_03|split_04|split_05|split_06|split_09,"{""densenet121"": 0.0025, ""efficientnet_b0"": 0.0, ""resnet18"": 0.0, ""resnet50"": 0.9975}",0.9975,2000,paired crossed split-seed
isic2019_A_cnn4_all3,54,split_03|split_04|split_05|split_06|split_08,"{""densenet121"": 0.0015, ""efficientnet_b0"": 0.0, ""resnet18"": 0.0, ""resnet50"": 0.9985}",0.9985,2000,paired crossed split-seed
isic2019_A_cnn4_all3,55,split_03|split_04|split_05|split_06|split_07,"{""densenet121"": 0.0015, ""efficientnet_b0"": 0.0005, ""resnet18"": 0.0, ""resnet50"": 0.998}",0.998,2000,paired crossed split-seed
isic2019_A_cnn4_all3,56,split_02|split_07|split_08|split_09|split_10,"{""densenet121"": 0.0, ""efficientnet_b0"": 0.0, ""resnet18"": 0.0, ""resnet50"": 1.0}",1.0,2000,paired crossed split-seed
isic2019_A_cnn4_all3,57,split_02|split_06|split_08|split_09|split_10,"{""densenet121"": 0.0, ""efficientnet_b0"": 0.0, ""resnet18"": 0.0, ""resnet50"": 1.0}",1.0,2000,paired crossed split-seed
isic2019_A_cnn4_all3,58,split_02|split_06|split_07|split_09|split_10,"{""densenet121"": 0.0, ""efficientnet_b0"": 0.0, ""resnet18"": 0.0, ""resnet50"": 1.0}",1.0,2000,paired crossed split-seed
isic2019_A_cnn4_all3,59,split_02|split_06|split_07|split_08|split_10,"{""densenet121"": 0.0, ""efficientnet_b0"": 0.0, ""resnet18"": 0.0, ""resnet50"": 1.0}",1.0,2000,paired crossed split-seed
isic2019_A_cnn4_all3,60,split_02|split_06|split_07|split_08|split_09,"{""densenet121"": 0.0, ""efficientnet_b0"": 0.0, ""resnet18"": 0.0, ""resnet50"": 1.0}",1.0,2000,paired crossed split-seed
isic2019_A_cnn4_all3,61,split_02|split_05|split_08|split_09|split_10,"{""densenet121"": 0.0, ""efficientnet_b0"": 0.0, ""resnet18"": 0.0, ""resnet50"": 1.0}",1.0,2000,paired crossed split-seed
isic2019_A_cnn4_all3,62,split_02|split_05|split_07|split_09|split_10,"{""densenet121"": 0.0, ""efficientnet_b0"": 0.0, ""resnet18"": 0.0, ""resnet50"": 1.0}",1.0,2000,paired crossed split-seed
isic2019_A_cnn4_all3,63,split_02|split_05|split_07|split_08|split_10,"{""densenet121"": 0.0, ""efficientnet_b0"": 0.0, ""resnet18"": 0.0, ""resnet50"": 1.0}",1.0,2000,paired crossed split-seed
isic2019_A_cnn4_all3,64,split_02|split_05|split_07|split_08|split_09,"{""densenet121"": 0.0, ""efficientnet_b0"": 0.0, ""resnet18"": 0.0, ""resnet50"": 1.0}",1.0,2000,paired crossed split-seed
isic2019_A_cnn4_all3,65,split_02|split_05|split_06|split_09|split_10,"{""densenet121"": 0.0, ""efficientnet_b0"": 0.0, ""resnet18"": 0.0, ""resnet50"": 1.0}",1.0,2000,paired crossed split-seed
isic2019_A_cnn4_all3,66,split_02|split_05|split_06|split_08|split_10,"{""densenet121"": 0.0, ""efficientnet_b0"": 0.0, ""resnet18"": 0.0, ""resnet50"": 1.0}",1.0,2000,paired crossed split-seed
isic2019_A_cnn4_all3,67,split_02|split_05|split_06|split_08|split_09,"{""densenet121"": 0.0, ""efficientnet_b0"": 0.0, ""resnet18"": 0.0, ""resnet50"": 1.0}",1.0,2000,paired crossed split-seed
isic2019_A_cnn4_all3,68,split_02|split_05|split_06|split_07|split_10,"{""densenet121"": 0.0, ""efficientnet_b0"": 0.0, ""resnet18"": 0.0, ""resnet50"": 1.0}",1.0,2000,paired crossed split-seed
isic2019_A_cnn4_all3,69,split_02|split_05|split_06|split_07|split_09,"{""densenet121"": 0.0, ""efficientnet_b0"": 0.0, ""resnet18"": 0.0, ""resnet50"": 1.0}",1.0,2000,paired crossed split-seed
isic2019_A_cnn4_all3,70,split_02|split_05|split_06|split_07|split_08,"{""densenet121"": 0.0, ""efficientnet_b0"": 0.0, ""resnet18"": 0.0, ""resnet50"": 1.0}",1.0,2000,paired crossed split-seed
isic2019_A_cnn4_all3,71,split_02|split_04|split_08|split_09|split_10,"{""densenet121"": 0.001, ""efficientnet_b0"": 0.0, ""resnet18"": 0.0, ""resnet50"": 0.999}",0.999,2000,paired crossed split-seed
isic2019_A_cnn4_all3,72,split_02|split_04|split_07|split_09|split_10,"{""densenet121"": 0.0015, ""efficientnet_b0"": 0.0, ""resnet18"": 0.0, ""resnet50"": 0.9985}",0.9985,2000,paired crossed split-seed
isic2019_A_cnn4_all3,73,split_02|split_04|split_07|split_08|split_10,"{""densenet121"": 0.0, ""efficientnet_b0"": 0.0, ""resnet18"": 0.0, ""resnet50"": 1.0}",1.0,2000,paired crossed split-seed
isic2019_A_cnn4_all3,74,split_02|split_04|split_07|split_08|split_09,"{""densenet121"": 0.0015, ""efficientnet_b0"": 0.0005, ""resnet18"": 0.0, ""resnet50"": 0.998}",0.998,2000,paired crossed split-seed
isic2019_A_cnn4_all3,75,split_02|split_04|split_06|split_09|split_10,"{""densenet121"": 0.0005, ""efficientnet_b0"": 0.0, ""resnet18"": 0.0, ""resnet50"": 0.9995}",0.9995,2000,paired crossed split-seed
isic2019_A_cnn4_all3,76,split_02|split_04|split_06|split_08|split_10,"{""densenet121"": 0.0, ""efficientnet_b0"": 0.0, ""resnet18"": 0.0, ""resnet50"": 1.0}",1.0,2000,paired crossed split-seed
isic2019_A_cnn4_all3,77,split_02|split_04|split_06|split_08|split_09,"{""densenet121"": 0.002, ""efficientnet_b0"": 0.0, ""resnet18"": 0.0, ""resnet50"": 0.998}",0.998,2000,paired crossed split-seed
isic2019_A_cnn4_all3,78,split_02|split_04|split_06|split_07|split_10,"{""densenet121"": 0.0, ""efficientnet_b0"": 0.0, ""resnet18"": 0.0, ""resnet50"": 1.0}",1.0,2000,paired crossed split-seed
isic2019_A_cnn4_all3,79,split_02|split_04|split_06|split_07|split_09,"{""densenet121"": 0.0, ""efficientnet_b0"": 0.0, ""resnet18"": 0.0, ""resnet50"": 1.0}",1.0,2000,paired crossed split-seed
isic2019_A_cnn4_all3,80,split_02|split_04|split_06|split_07|split_08,"{""densenet121"": 0.0, ""efficientnet_b0"": 0.0, ""resnet18"": 0.0, ""resnet50"": 1.0}",1.0,2000,paired crossed split-seed
isic2019_A_cnn4_all3,81,split_02|split_04|split_05|split_09|split_10,"{""densenet121"": 0.001, ""efficientnet_b0"": 0.0, ""resnet18"": 0.0, ""resnet50"": 0.999}",0.999,2000,paired crossed split-seed
isic2019_A_cnn4_all3,82,split_02|split_04|split_05|split_08|split_10,"{""densenet121"": 0.0, ""efficientnet_b0"": 0.0, ""resnet18"": 0.0, ""resnet50"": 1.0}",1.0,2000,paired crossed split-seed
isic2019_A_cnn4_all3,83,split_02|split_04|split_05|split_08|split_09,"{""densenet121"": 0.0015, ""efficientnet_b0"": 0.0, ""resnet18"": 0.0, ""resnet50"": 0.9985}",0.9985,2000,paired crossed split-seed
isic2019_A_cnn4_all3,84,split_02|split_04|split_05|split_07|split_10,"{""densenet121"": 0.0, ""efficientnet_b0"": 0.0005, ""resnet18"": 0.0, ""resnet50"": 0.9995}",0.9995,2000,paired crossed split-seed
isic2019_A_cnn4_all3,85,split_02|split_04|split_05|split_07|split_09,"{""densenet121"": 0.0015, ""efficientnet_b0"": 0.0, ""resnet18"": 0.0, ""resnet50"": 0.9985}",0.9985,2000,paired crossed split-seed
isic2019_A_cnn4_all3,86,split_02|split_04|split_05|split_07|split_08,"{""densenet121"": 0.0, ""efficientnet_b0"": 0.0, ""resnet18"": 0.0, ""resnet50"": 1.0}",1.0,2000,paired crossed split-seed
isic2019_A_cnn4_all3,87,split_02|split_04|split_05|split_06|split_10,"{""densenet121"": 0.0, ""efficientnet_b0"": 0.0005, ""resnet18"": 0.0, ""resnet50"": 0.9995}",0.9995,2000,paired crossed split-seed
isic2019_A_cnn4_all3,88,split_02|split_04|split_05|split_06|split_09,"{""densenet121"": 0.0, ""efficientnet_b0"": 0.0, ""resnet18"": 0.0, ""resnet50"": 1.0}",1.0,2000,paired crossed split-seed
isic2019_A_cnn4_all3,89,split_02|split_04|split_05|split_06|split_08,"{""densenet121"": 0.0, ""efficientnet_b0"": 0.0, ""resnet18"": 0.0, ""resnet50"": 1.0}",1.0,2000,paired crossed split-seed
isic2019_A_cnn4_all3,90,split_02|split_04|split_05|split_06|split_07,"{""densenet121"": 0.0, ""efficientnet_b0"": 0.0, ""resnet18"": 0.0, ""resnet50"": 1.0}",1.0,2000,paired crossed split-seed
isic2019_A_cnn4_all3,91,split_02|split_03|split_08|split_09|split_10,"{""densenet121"": 0.0, ""efficientnet_b0"": 0.0, ""resnet18"": 0.0, ""resnet50"": 1.0}",1.0,2000,paired crossed split-seed
isic2019_A_cnn4_all3,92,split_02|split_03|split_07|split_09|split_10,"{""densenet121"": 0.0005, ""efficientnet_b0"": 0.0, ""resnet18"": 0.0, ""resnet50"": 0.9995}",0.9995,2000,paired crossed split-seed
isic2019_A_cnn4_all3,93,split_02|split_03|split_07|split_08|split_10,"{""densenet121"": 0.0, ""efficientnet_b0"": 0.0, ""resnet18"": 0.0005, ""resnet50"": 0.9995}",0.9995,2000,paired crossed split-seed
isic2019_A_cnn4_all3,94,split_02|split_03|split_07|split_08|split_09,"{""densenet121"": 0.0, ""efficientnet_b0"": 0.0, ""resnet18"": 0.0, ""resnet50"": 1.0}",1.0,2000,paired crossed split-seed
isic2019_A_cnn4_all3,95,split_02|split_03|split_06|split_09|split_10,"{""densenet121"": 0.0, ""efficientnet_b0"": 0.0, ""resnet18"": 0.0, ""resnet50"": 1.0}",1.0,2000,paired crossed split-seed
isic2019_A_cnn4_all3,96,split_02|split_03|split_06|split_08|split_10,"{""densenet121"": 0.0, ""efficientnet_b0"": 0.0, ""resnet18"": 0.0, ""resnet50"": 1.0}",1.0,2000,paired crossed split-seed
isic2019_A_cnn4_all3,97,split_02|split_03|split_06|split_08|split_09,"{""densenet121"": 0.0, ""efficientnet_b0"": 0.0, ""resnet18"": 0.0, ""resnet50"": 1.0}",1.0,2000,paired crossed split-seed
isic2019_A_cnn4_all3,98,split_02|split_03|split_06|split_07|split_10,"{""densenet121"": 0.0, ""efficientnet_b0"": 0.0, ""resnet18"": 0.0005, ""resnet50"": 0.9995}",0.9995,2000,paired crossed split-seed
isic2019_A_cnn4_all3,99,split_02|split_03|split_06|split_07|split_09,"{""densenet121"": 0.0, ""efficientnet_b0"": 0.0, ""resnet18"": 0.0005, ""resnet50"": 0.9995}",0.9995,2000,paired crossed split-seed
isic2019_A_cnn4_all3,100,split_02|split_03|split_06|split_07|split_08,"{""densenet121"": 0.0, ""efficientnet_b0"": 0.0, ""resnet18"": 0.0, ""resnet50"": 1.0}",1.0,2000,paired crossed split-seed
isic2019_A_cnn4_all3,101,split_02|split_03|split_05|split_09|split_10,"{""densenet121"": 0.0, ""efficientnet_b0"": 0.0, ""resnet18"": 0.0, ""resnet50"": 1.0}",1.0,2000,paired crossed split-seed
isic2019_A_cnn4_all3,102,split_02|split_03|split_05|split_08|split_10,"{""densenet121"": 0.0, ""efficientnet_b0"": 0.0, ""resnet18"": 0.001, ""resnet50"": 0.999}",0.999,2000,paired crossed split-seed
isic2019_A_cnn4_all3,103,split_02|split_03|split_05|split_08|split_09,"{""densenet121"": 0.0, ""efficientnet_b0"": 0.0, ""resnet18"": 0.0, ""resnet50"": 1.0}",1.0,2000,paired crossed split-seed
isic2019_A_cnn4_all3,104,split_02|split_03|split_05|split_07|split_10,"{""densenet121"": 0.0, ""efficientnet_b0"": 0.0, ""resnet18"": 0.0, ""resnet50"": 1.0}",1.0,2000,paired crossed split-seed
isic2019_A_cnn4_all3,105,split_02|split_03|split_05|split_07|split_09,"{""densenet121"": 0.0, ""efficientnet_b0"": 0.0, ""resnet18"": 0.0, ""resnet50"": 1.0}",1.0,2000,paired crossed split-seed
isic2019_A_cnn4_all3,106,split_02|split_03|split_05|split_07|split_08,"{""densenet121"": 0.0, ""efficientnet_b0"": 0.0, ""resnet18"": 0.0, ""resnet50"": 1.0}",1.0,2000,paired crossed split-seed
isic2019_A_cnn4_all3,107,split_02|split_03|split_05|split_06|split_10,"{""densenet121"": 0.0, ""efficientnet_b0"": 0.0, ""resnet18"": 0.0, ""resnet50"": 1.0}",1.0,2000,paired crossed split-seed
isic2019_A_cnn4_all3,108,split_02|split_03|split_05|split_06|split_09,"{""densenet121"": 0.0, ""efficientnet_b0"": 0.0, ""resnet18"": 0.0, ""resnet50"": 1.0}",1.0,2000,paired crossed split-seed
isic2019_A_cnn4_all3,109,split_02|split_03|split_05|split_06|split_08,"{""densenet121"": 0.0, ""efficientnet_b0"": 0.0, ""resnet18"": 0.0, ""resnet50"": 1.0}",1.0,2000,paired crossed split-seed
isic2019_A_cnn4_all3,110,split_02|split_03|split_05|split_06|split_07,"{""densenet121"": 0.0, ""efficientnet_b0"": 0.0, ""resnet18"": 0.0005, ""resnet50"": 0.9995}",0.9995,2000,paired crossed split-seed
isic2019_A_cnn4_all3,111,split_02|split_03|split_04|split_09|split_10,"{""densenet121"": 0.0025, ""efficientnet_b0"": 0.0, ""resnet18"": 0.001, ""resnet50"": 0.9965}",0.9965,2000,paired crossed split-seed
isic2019_A_cnn4_all3,112,split_02|split_03|split_04|split_08|split_10,"{""densenet121"": 0.0015, ""efficientnet_b0"": 0.0, ""resnet18"": 0.0005, ""resnet50"": 0.998}",0.998,2000,paired crossed split-seed
isic2019_A_cnn4_all3,113,split_02|split_03|split_04|split_08|split_09,"{""densenet121"": 0.003, ""efficientnet_b0"": 0.0, ""resnet18"": 0.0, ""resnet50"": 0.997}",0.997,2000,paired crossed split-seed
isic2019_A_cnn4_all3,114,split_02|split_03|split_04|split_07|split_10,"{""densenet121"": 0.0, ""efficientnet_b0"": 0.0, ""resnet18"": 0.0, ""resnet50"": 1.0}",1.0,2000,paired crossed split-seed
isic2019_A_cnn4_all3,115,split_02|split_03|split_04|split_07|split_09,"{""densenet121"": 0.0025, ""efficientnet_b0"": 0.0, ""resnet18"": 0.0, ""resnet50"": 0.9975}",0.9975,2000,paired crossed split-seed
isic2019_A_cnn4_all3,116,split_02|split_03|split_04|split_07|split_08,"{""densenet121"": 0.001, ""efficientnet_b0"": 0.0, ""resnet18"": 0.001, ""resnet50"": 0.998}",0.998,2000,paired crossed split-seed
isic2019_A_cnn4_all3,117,split_02|split_03|split_04|split_06|split_10,"{""densenet121"": 0.0, ""efficientnet_b0"": 0.0, ""resnet18"": 0.0, ""resnet50"": 1.0}",1.0,2000,paired crossed split-seed
isic2019_A_cnn4_all3,118,split_02|split_03|split_04|split_06|split_09,"{""densenet121"": 0.0035, ""efficientnet_b0"": 0.0, ""resnet18"": 0.0, ""resnet50"": 0.9965}",0.9965,2000,paired crossed split-seed
isic2019_A_cnn4_all3,119,split_02|split_03|split_04|split_06|split_08,"{""densenet121"": 0.0015, ""efficientnet_b0"": 0.0, ""resnet18"": 0.0, ""resnet50"": 0.9985}",0.9985,2000,paired crossed split-seed
isic2019_A_cnn4_all3,120,split_02|split_03|split_04|split_06|split_07,"{""densenet121"": 0.0005, ""efficientnet_b0"": 0.0, ""resnet18"": 0.0, ""resnet50"": 0.9995}",0.9995,2000,paired crossed split-seed
isic2019_A_cnn4_all3,121,split_02|split_03|split_04|split_05|split_10,"{""densenet121"": 0.0, ""efficientnet_b0"": 0.0, ""resnet18"": 0.0005, ""resnet50"": 0.9995}",0.9995,2000,paired crossed split-seed
isic2019_A_cnn4_all3,122,split_02|split_03|split_04|split_05|split_09,"{""densenet121"": 0.0005, ""efficientnet_b0"": 0.0, ""resnet18"": 0.0, ""resnet50"": 0.9995}",0.9995,2000,paired crossed split-seed
isic2019_A_cnn4_all3,123,split_02|split_03|split_04|split_05|split_08,"{""densenet121"": 0.0015, ""efficientnet_b0"": 0.0005, ""resnet18"": 0.0, ""resnet50"": 0.998}",0.998,2000,paired crossed split-seed
isic2019_A_cnn4_all3,124,split_02|split_03|split_04|split_05|split_07,"{""densenet121"": 0.0015, ""efficientnet_b0"": 0.0005, ""resnet18"": 0.0, ""resnet50"": 0.998}",0.998,2000,paired crossed split-seed
isic2019_A_cnn4_all3,125,split_02|split_03|split_04|split_05|split_06,"{""densenet121"": 0.0, ""efficientnet_b0"": 0.0, ""resnet18"": 0.0, ""resnet50"": 1.0}",1.0,2000,paired crossed split-seed
isic2019_A_cnn4_all3,126,split_01|split_07|split_08|split_09|split_10,"{""densenet121"": 0.0, ""efficientnet_b0"": 0.0, ""resnet18"": 0.0, ""resnet50"": 1.0}",1.0,2000,paired crossed split-seed
isic2019_A_cnn4_all3,127,split_01|split_06|split_08|split_09|split_10,"{""densenet121"": 0.0, ""efficientnet_b0"": 0.0, ""resnet18"": 0.0, ""resnet50"": 1.0}",1.0,2000,paired crossed split-seed
isic2019_A_cnn4_all3,128,split_01|split_06|split_07|split_09|split_10,"{""densenet121"": 0.0005, ""efficientnet_b0"": 0.0, ""resnet18"": 0.0, ""resnet50"": 0.9995}",0.9995,2000,paired crossed split-seed
isic2019_A_cnn4_all3,129,split_01|split_06|split_07|split_08|split_10,"{""densenet121"": 0.0, ""efficientnet_b0"": 0.0, ""resnet18"": 0.0, ""resnet50"": 1.0}",1.0,2000,paired crossed split-seed
isic2019_A_cnn4_all3,130,split_01|split_06|split_07|split_08|split_09,"{""densenet121"": 0.0, ""efficientnet_b0"": 0.0, ""resnet18"": 0.0, ""resnet50"": 1.0}",1.0,2000,paired crossed split-seed
isic2019_A_cnn4_all3,131,split_01|split_05|split_08|split_09|split_10,"{""densenet121"": 0.0, ""efficientnet_b0"": 0.0, ""resnet18"": 0.0, ""resnet50"": 1.0}",1.0,2000,paired crossed split-seed
isic2019_A_cnn4_all3,132,split_01|split_05|split_07|split_09|split_10,"{""densenet121"": 0.0, ""efficientnet_b0"": 0.0, ""resnet18"": 0.0, ""resnet50"": 1.0}",1.0,2000,paired crossed split-seed
isic2019_A_cnn4_all3,133,split_01|split_05|split_07|split_08|split_10,"{""densenet121"": 0.0, ""efficientnet_b0"": 0.0, ""resnet18"": 0.0, ""resnet50"": 1.0}",1.0,2000,paired crossed split-seed
isic2019_A_cnn4_all3,134,split_01|split_05|split_07|split_08|split_09,"{""densenet121"": 0.0, ""efficientnet_b0"": 0.0, ""resnet18"": 0.0, ""resnet50"": 1.0}",1.0,2000,paired crossed split-seed
isic2019_A_cnn4_all3,135,split_01|split_05|split_06|split_09|split_10,"{""densenet121"": 0.0, ""efficientnet_b0"": 0.0, ""resnet18"": 0.0, ""resnet50"": 1.0}",1.0,2000,paired crossed split-seed
isic2019_A_cnn4_all3,136,split_01|split_05|split_06|split_08|split_10,"{""densenet121"": 0.0, ""efficientnet_b0"": 0.0, ""resnet18"": 0.0, ""resnet50"": 1.0}",1.0,2000,paired crossed split-seed
isic2019_A_cnn4_all3,137,split_01|split_05|split_06|split_08|split_09,"{""densenet121"": 0.0, ""efficientnet_b0"": 0.0, ""resnet18"": 0.0, ""resnet50"": 1.0}",1.0,2000,paired crossed split-seed
isic2019_A_cnn4_all3,138,split_01|split_05|split_06|split_07|split_10,"{""densenet121"": 0.0, ""efficientnet_b0"": 0.0, ""resnet18"": 0.0, ""resnet50"": 1.0}",1.0,2000,paired crossed split-seed
isic2019_A_cnn4_all3,139,split_01|split_05|split_06|split_07|split_09,"{""densenet121"": 0.0, ""efficientnet_b0"": 0.0, ""resnet18"": 0.0, ""resnet50"": 1.0}",1.0,2000,paired crossed split-seed
isic2019_A_cnn4_all3,140,split_01|split_05|split_06|split_07|split_08,"{""densenet121"": 0.0, ""efficientnet_b0"": 0.0, ""resnet18"": 0.0, ""resnet50"": 1.0}",1.0,2000,paired crossed split-seed
isic2019_A_cnn4_all3,141,split_01|split_04|split_08|split_09|split_10,"{""densenet121"": 0.003, ""efficientnet_b0"": 0.0, ""resnet18"": 0.0, ""resnet50"": 0.997}",0.997,2000,paired crossed split-seed
isic2019_A_cnn4_all3,142,split_01|split_04|split_07|split_09|split_10,"{""densenet121"": 0.001, ""efficientnet_b0"": 0.0, ""resnet18"": 0.0, ""resnet50"": 0.999}",0.999,2000,paired crossed split-seed
isic2019_A_cnn4_all3,143,split_01|split_04|split_07|split_08|split_10,"{""densenet121"": 0.001, ""efficientnet_b0"": 0.0005, ""resnet18"": 0.0, ""resnet50"": 0.9985}",0.9985,2000,paired crossed split-seed
isic2019_A_cnn4_all3,144,split_01|split_04|split_07|split_08|split_09,"{""densenet121"": 0.0035, ""efficientnet_b0"": 0.0, ""resnet18"": 0.0, ""resnet50"": 0.9965}",0.9965,2000,paired crossed split-seed
isic2019_A_cnn4_all3,145,split_01|split_04|split_06|split_09|split_10,"{""densenet121"": 0.0, ""efficientnet_b0"": 0.0, ""resnet18"": 0.0, ""resnet50"": 1.0}",1.0,2000,paired crossed split-seed
isic2019_A_cnn4_all3,146,split_01|split_04|split_06|split_08|split_10,"{""densenet121"": 0.0, ""efficientnet_b0"": 0.0, ""resnet18"": 0.0, ""resnet50"": 1.0}",1.0,2000,paired crossed split-seed
isic2019_A_cnn4_all3,147,split_01|split_04|split_06|split_08|split_09,"{""densenet121"": 0.0015, ""efficientnet_b0"": 0.0, ""resnet18"": 0.0, ""resnet50"": 0.9985}",0.9985,2000,paired crossed split-seed
isic2019_A_cnn4_all3,148,split_01|split_04|split_06|split_07|split_10,"{""densenet121"": 0.0005, ""efficientnet_b0"": 0.0, ""resnet18"": 0.0, ""resnet50"": 0.9995}",0.9995,2000,paired crossed split-seed
isic2019_A_cnn4_all3,149,split_01|split_04|split_06|split_07|split_09,"{""densenet121"": 0.001, ""efficientnet_b0"": 0.0005, ""resnet18"": 0.0, ""resnet50"": 0.9985}",0.9985,2000,paired crossed split-seed
isic2019_A_cnn4_all3,150,split_01|split_04|split_06|split_07|split_08,"{""densenet121"": 0.0005, ""efficientnet_b0"": 0.0, ""resnet18"": 0.0, ""resnet50"": 0.9995}",0.9995,2000,paired crossed split-seed
isic2019_A_cnn4_all3,151,split_01|split_04|split_05|split_09|split_10,"{""densenet121"": 0.002, ""efficientnet_b0"": 0.0, ""resnet18"": 0.0, ""resnet50"": 0.998}",0.998,2000,paired crossed split-seed
isic2019_A_cnn4_all3,152,split_01|split_04|split_05|split_08|split_10,"{""densenet121"": 0.0, ""efficientnet_b0"": 0.0, ""resnet18"": 0.0, ""resnet50"": 1.0}",1.0,2000,paired crossed split-seed
isic2019_A_cnn4_all3,153,split_01|split_04|split_05|split_08|split_09,"{""densenet121"": 0.0005, ""efficientnet_b0"": 0.0, ""resnet18"": 0.0, ""resnet50"": 0.9995}",0.9995,2000,paired crossed split-seed
isic2019_A_cnn4_all3,154,split_01|split_04|split_05|split_07|split_10,"{""densenet121"": 0.0, ""efficientnet_b0"": 0.0, ""resnet18"": 0.0, ""resnet50"": 1.0}",1.0,2000,paired crossed split-seed
isic2019_A_cnn4_all3,155,split_01|split_04|split_05|split_07|split_09,"{""densenet121"": 0.0005, ""efficientnet_b0"": 0.0005, ""resnet18"": 0.0, ""resnet50"": 0.999}",0.999,2000,paired crossed split-seed
isic2019_A_cnn4_all3,156,split_01|split_04|split_05|split_07|split_08,"{""densenet121"": 0.0005, ""efficientnet_b0"": 0.001, ""resnet18"": 0.0, ""resnet50"": 0.9985}",0.9985,2000,paired crossed split-seed
isic2019_A_cnn4_all3,157,split_01|split_04|split_05|split_06|split_10,"{""densenet121"": 0.0005, ""efficientnet_b0"": 0.0, ""resnet18"": 0.0, ""resnet50"": 0.9995}",0.9995,2000,paired crossed split-seed
isic2019_A_cnn4_all3,158,split_01|split_04|split_05|split_06|split_09,"{""densenet121"": 0.0005, ""efficientnet_b0"": 0.0, ""resnet18"": 0.0, ""resnet50"": 0.9995}",0.9995,2000,paired crossed split-seed
isic2019_A_cnn4_all3,159,split_01|split_04|split_05|split_06|split_08,"{""densenet121"": 0.0005, ""efficientnet_b0"": 0.0005, ""resnet18"": 0.0, ""resnet50"": 0.999}",0.999,2000,paired crossed split-seed
isic2019_A_cnn4_all3,160,split_01|split_04|split_05|split_06|split_07,"{""densenet121"": 0.0, ""efficientnet_b0"": 0.0015, ""resnet18"": 0.0, ""resnet50"": 0.9985}",0.9985,2000,paired crossed split-seed
isic2019_A_cnn4_all3,161,split_01|split_03|split_08|split_09|split_10,"{""densenet121"": 0.0, ""efficientnet_b0"": 0.0, ""resnet18"": 0.0, ""resnet50"": 1.0}",1.0,2000,paired crossed split-seed
isic2019_A_cnn4_all3,162,split_01|split_03|split_07|split_09|split_10,"{""densenet121"": 0.0, ""efficientnet_b0"": 0.0, ""resnet18"": 0.0, ""resnet50"": 1.0}",1.0,2000,paired crossed split-seed
isic2019_A_cnn4_all3,163,split_01|split_03|split_07|split_08|split_10,"{""densenet121"": 0.0, ""efficientnet_b0"": 0.0, ""resnet18"": 0.0, ""resnet50"": 1.0}",1.0,2000,paired crossed split-seed
isic2019_A_cnn4_all3,164,split_01|split_03|split_07|split_08|split_09,"{""densenet121"": 0.0, ""efficientnet_b0"": 0.0, ""resnet18"": 0.0, ""resnet50"": 1.0}",1.0,2000,paired crossed split-seed
isic2019_A_cnn4_all3,165,split_01|split_03|split_06|split_09|split_10,"{""densenet121"": 0.0, ""efficientnet_b0"": 0.0, ""resnet18"": 0.0005, ""resnet50"": 0.9995}",0.9995,2000,paired crossed split-seed
isic2019_A_cnn4_all3,166,split_01|split_03|split_06|split_08|split_10,"{""densenet121"": 0.0, ""efficientnet_b0"": 0.0, ""resnet18"": 0.001, ""resnet50"": 0.999}",0.999,2000,paired crossed split-seed
isic2019_A_cnn4_all3,167,split_01|split_03|split_06|split_08|split_09,"{""densenet121"": 0.0, ""efficientnet_b0"": 0.0, ""resnet18"": 0.0, ""resnet50"": 1.0}",1.0,2000,paired crossed split-seed
isic2019_A_cnn4_all3,168,split_01|split_03|split_06|split_07|split_10,"{""densenet121"": 0.0, ""efficientnet_b0"": 0.0, ""resnet18"": 0.0, ""resnet50"": 1.0}",1.0,2000,paired crossed split-seed
isic2019_A_cnn4_all3,169,split_01|split_03|split_06|split_07|split_09,"{""densenet121"": 0.0, ""efficientnet_b0"": 0.0, ""resnet18"": 0.0, ""resnet50"": 1.0}",1.0,2000,paired crossed split-seed
isic2019_A_cnn4_all3,170,split_01|split_03|split_06|split_07|split_08,"{""densenet121"": 0.0, ""efficientnet_b0"": 0.0, ""resnet18"": 0.0005, ""resnet50"": 0.9995}",0.9995,2000,paired crossed split-seed
isic2019_A_cnn4_all3,171,split_01|split_03|split_05|split_09|split_10,"{""densenet121"": 0.0, ""efficientnet_b0"": 0.0, ""resnet18"": 0.0005, ""resnet50"": 0.9995}",0.9995,2000,paired crossed split-seed
isic2019_A_cnn4_all3,172,split_01|split_03|split_05|split_08|split_10,"{""densenet121"": 0.0, ""efficientnet_b0"": 0.0, ""resnet18"": 0.0005, ""resnet50"": 0.9995}",0.9995,2000,paired crossed split-seed
isic2019_A_cnn4_all3,173,split_01|split_03|split_05|split_08|split_09,"{""densenet121"": 0.0, ""efficientnet_b0"": 0.0, ""resnet18"": 0.0, ""resnet50"": 1.0}",1.0,2000,paired crossed split-seed
isic2019_A_cnn4_all3,174,split_01|split_03|split_05|split_07|split_10,"{""densenet121"": 0.0, ""efficientnet_b0"": 0.0, ""resnet18"": 0.001, ""resnet50"": 0.999}",0.999,2000,paired crossed split-seed
isic2019_A_cnn4_all3,175,split_01|split_03|split_05|split_07|split_09,"{""densenet121"": 0.0, ""efficientnet_b0"": 0.0, ""resnet18"": 0.0, ""resnet50"": 1.0}",1.0,2000,paired crossed split-seed
isic2019_A_cnn4_all3,176,split_01|split_03|split_05|split_07|split_08,"{""densenet121"": 0.0, ""efficientnet_b0"": 0.0, ""resnet18"": 0.0, ""resnet50"": 1.0}",1.0,2000,paired crossed split-seed
isic2019_A_cnn4_all3,177,split_01|split_03|split_05|split_06|split_10,"{""densenet121"": 0.0, ""efficientnet_b0"": 0.0, ""resnet18"": 0.0005, ""resnet50"": 0.9995}",0.9995,2000,paired crossed split-seed
isic2019_A_cnn4_all3,178,split_01|split_03|split_05|split_06|split_09,"{""densenet121"": 0.0, ""efficientnet_b0"": 0.0, ""resnet18"": 0.0, ""resnet50"": 1.0}",1.0,2000,paired crossed split-seed
isic2019_A_cnn4_all3,179,split_01|split_03|split_05|split_06|split_08,"{""densenet121"": 0.0, ""efficientnet_b0"": 0.0, ""resnet18"": 0.0, ""resnet50"": 1.0}",1.0,2000,paired crossed split-seed
isic2019_A_cnn4_all3,180,split_01|split_03|split_05|split_06|split_07,"{""densenet121"": 0.0, ""efficientnet_b0"": 0.0, ""resnet18"": 0.0, ""resnet50"": 1.0}",1.0,2000,paired crossed split-seed
isic2019_A_cnn4_all3,181,split_01|split_03|split_04|split_09|split_10,"{""densenet121"": 0.004, ""efficientnet_b0"": 0.0, ""resnet18"": 0.0015, ""resnet50"": 0.9945}",0.9945,2000,paired crossed split-seed
isic2019_A_cnn4_all3,182,split_01|split_03|split_04|split_08|split_10,"{""densenet121"": 0.0015, ""efficientnet_b0"": 0.0, ""resnet18"": 0.001, ""resnet50"": 0.9975}",0.9975,2000,paired crossed split-seed
isic2019_A_cnn4_all3,183,split_01|split_03|split_04|split_08|split_09,"{""densenet121"": 0.003, ""efficientnet_b0"": 0.0, ""resnet18"": 0.0, ""resnet50"": 0.997}",0.997,2000,paired crossed split-seed
isic2019_A_cnn4_all3,184,split_01|split_03|split_04|split_07|split_10,"{""densenet121"": 0.002, ""efficientnet_b0"": 0.0, ""resnet18"": 0.0, ""resnet50"": 0.998}",0.998,2000,paired crossed split-seed
isic2019_A_cnn4_all3,185,split_01|split_03|split_04|split_07|split_09,"{""densenet121"": 0.0035, ""efficientnet_b0"": 0.0, ""resnet18"": 0.0, ""resnet50"": 0.9965}",0.9965,2000,paired crossed split-seed
isic2019_A_cnn4_all3,186,split_01|split_03|split_04|split_07|split_08,"{""densenet121"": 0.0005, ""efficientnet_b0"": 0.001, ""resnet18"": 0.0, ""resnet50"": 0.9985}",0.9985,2000,paired crossed split-seed
isic2019_A_cnn4_all3,187,split_01|split_03|split_04|split_06|split_10,"{""densenet121"": 0.0005, ""efficientnet_b0"": 0.0, ""resnet18"": 0.001, ""resnet50"": 0.9985}",0.9985,2000,paired crossed split-seed
isic2019_A_cnn4_all3,188,split_01|split_03|split_04|split_06|split_09,"{""densenet121"": 0.0005, ""efficientnet_b0"": 0.0, ""resnet18"": 0.0, ""resnet50"": 0.9995}",0.9995,2000,paired crossed split-seed
isic2019_A_cnn4_all3,189,split_01|split_03|split_04|split_06|split_08,"{""densenet121"": 0.001, ""efficientnet_b0"": 0.0, ""resnet18"": 0.0, ""resnet50"": 0.999}",0.999,2000,paired crossed split-seed
isic2019_A_cnn4_all3,190,split_01|split_03|split_04|split_06|split_07,"{""densenet121"": 0.0, ""efficientnet_b0"": 0.0, ""resnet18"": 0.0, ""resnet50"": 1.0}",1.0,2000,paired crossed split-seed
isic2019_A_cnn4_all3,191,split_01|split_03|split_04|split_05|split_10,"{""densenet121"": 0.002, ""efficientnet_b0"": 0.0, ""resnet18"": 0.0015, ""resnet50"": 0.9965}",0.9965,2000,paired crossed split-seed
isic2019_A_cnn4_all3,192,split_01|split_03|split_04|split_05|split_09,"{""densenet121"": 0.0015, ""efficientnet_b0"": 0.0, ""resnet18"": 0.0, ""resnet50"": 0.9985}",0.9985,2000,paired crossed split-seed
isic2019_A_cnn4_all3,193,split_01|split_03|split_04|split_05|split_08,"{""densenet121"": 0.0015, ""efficientnet_b0"": 0.0005, ""resnet18"": 0.0, ""resnet50"": 0.998}",0.998,2000,paired crossed split-seed
isic2019_A_cnn4_all3,194,split_01|split_03|split_04|split_05|split_07,"{""densenet121"": 0.001, ""efficientnet_b0"": 0.0005, ""resnet18"": 0.0, ""resnet50"": 0.9985}",0.9985,2000,paired crossed split-seed
isic2019_A_cnn4_all3,195,split_01|split_03|split_04|split_05|split_06,"{""densenet121"": 0.001, ""efficientnet_b0"": 0.0, ""resnet18"": 0.0, ""resnet50"": 0.999}",0.999,2000,paired crossed split-seed
isic2019_A_cnn4_all3,196,split_01|split_02|split_08|split_09|split_10,"{""densenet121"": 0.0, ""efficientnet_b0"": 0.0, ""resnet18"": 0.0, ""resnet50"": 1.0}",1.0,2000,paired crossed split-seed
isic2019_A_cnn4_all3,197,split_01|split_02|split_07|split_09|split_10,"{""densenet121"": 0.0, ""efficientnet_b0"": 0.0, ""resnet18"": 0.0, ""resnet50"": 1.0}",1.0,2000,paired crossed split-seed
isic2019_A_cnn4_all3,198,split_01|split_02|split_07|split_08|split_10,"{""densenet121"": 0.0, ""efficientnet_b0"": 0.0, ""resnet18"": 0.0, ""resnet50"": 1.0}",1.0,2000,paired crossed split-seed
isic2019_A_cnn4_all3,199,split_01|split_02|split_07|split_08|split_09,"{""densenet121"": 0.0, ""efficientnet_b0"": 0.0, ""resnet18"": 0.0, ""resnet50"": 1.0}",1.0,2000,paired crossed split-seed
isic2019_A_cnn4_all3,200,split_01|split_02|split_06|split_09|split_10,"{""densenet121"": 0.0, ""efficientnet_b0"": 0.0, ""resnet18"": 0.0, ""resnet50"": 1.0}",1.0,2000,paired crossed split-seed
isic2019_A_cnn4_all3,201,split_01|split_02|split_06|split_08|split_10,"{""densenet121"": 0.0, ""efficientnet_b0"": 0.0, ""resnet18"": 0.0, ""resnet50"": 1.0}",1.0,2000,paired crossed split-seed
isic2019_A_cnn4_all3,202,split_01|split_02|split_06|split_08|split_09,"{""densenet121"": 0.0, ""efficientnet_b0"": 0.0, ""resnet18"": 0.0, ""resnet50"": 1.0}",1.0,2000,paired crossed split-seed
isic2019_A_cnn4_all3,203,split_01|split_02|split_06|split_07|split_10,"{""densenet121"": 0.0, ""efficientnet_b0"": 0.0, ""resnet18"": 0.0, ""resnet50"": 1.0}",1.0,2000,paired crossed split-seed
isic2019_A_cnn4_all3,204,split_01|split_02|split_06|split_07|split_09,"{""densenet121"": 0.0, ""efficientnet_b0"": 0.0, ""resnet18"": 0.0, ""resnet50"": 1.0}",1.0,2000,paired crossed split-seed
isic2019_A_cnn4_all3,205,split_01|split_02|split_06|split_07|split_08,"{""densenet121"": 0.0, ""efficientnet_b0"": 0.0, ""resnet18"": 0.0, ""resnet50"": 1.0}",1.0,2000,paired crossed split-seed
isic2019_A_cnn4_all3,206,split_01|split_02|split_05|split_09|split_10,"{""densenet121"": 0.0, ""efficientnet_b0"": 0.0, ""resnet18"": 0.0, ""resnet50"": 1.0}",1.0,2000,paired crossed split-seed
isic2019_A_cnn4_all3,207,split_01|split_02|split_05|split_08|split_10,"{""densenet121"": 0.0, ""efficientnet_b0"": 0.0, ""resnet18"": 0.0, ""resnet50"": 1.0}",1.0,2000,paired crossed split-seed
isic2019_A_cnn4_all3,208,split_01|split_02|split_05|split_08|split_09,"{""densenet121"": 0.0, ""efficientnet_b0"": 0.0, ""resnet18"": 0.0, ""resnet50"": 1.0}",1.0,2000,paired crossed split-seed
isic2019_A_cnn4_all3,209,split_01|split_02|split_05|split_07|split_10,"{""densenet121"": 0.0, ""efficientnet_b0"": 0.0, ""resnet18"": 0.0, ""resnet50"": 1.0}",1.0,2000,paired crossed split-seed
isic2019_A_cnn4_all3,210,split_01|split_02|split_05|split_07|split_09,"{""densenet121"": 0.0, ""efficientnet_b0"": 0.0, ""resnet18"": 0.0, ""resnet50"": 1.0}",1.0,2000,paired crossed split-seed
isic2019_A_cnn4_all3,211,split_01|split_02|split_05|split_07|split_08,"{""densenet121"": 0.0, ""efficientnet_b0"": 0.0, ""resnet18"": 0.0, ""resnet50"": 1.0}",1.0,2000,paired crossed split-seed
isic2019_A_cnn4_all3,212,split_01|split_02|split_05|split_06|split_10,"{""densenet121"": 0.0, ""efficientnet_b0"": 0.0, ""resnet18"": 0.0, ""resnet50"": 1.0}",1.0,2000,paired crossed split-seed
isic2019_A_cnn4_all3,213,split_01|split_02|split_05|split_06|split_09,"{""densenet121"": 0.0, ""efficientnet_b0"": 0.0, ""resnet18"": 0.0, ""resnet50"": 1.0}",1.0,2000,paired crossed split-seed
isic2019_A_cnn4_all3,214,split_01|split_02|split_05|split_06|split_08,"{""densenet121"": 0.0, ""efficientnet_b0"": 0.0, ""resnet18"": 0.0, ""resnet50"": 1.0}",1.0,2000,paired crossed split-seed
isic2019_A_cnn4_all3,215,split_01|split_02|split_05|split_06|split_07,"{""densenet121"": 0.0, ""efficientnet_b0"": 0.0, ""resnet18"": 0.0, ""resnet50"": 1.0}",1.0,2000,paired crossed split-seed
isic2019_A_cnn4_all3,216,split_01|split_02|split_04|split_09|split_10,"{""densenet121"": 0.0015, ""efficientnet_b0"": 0.0, ""resnet18"": 0.0, ""resnet50"": 0.9985}",0.9985,2000,paired crossed split-seed
isic2019_A_cnn4_all3,217,split_01|split_02|split_04|split_08|split_10,"{""densenet121"": 0.0, ""efficientnet_b0"": 0.0, ""resnet18"": 0.0, ""resnet50"": 1.0}",1.0,2000,paired crossed split-seed
isic2019_A_cnn4_all3,218,split_01|split_02|split_04|split_08|split_09,"{""densenet121"": 0.001, ""efficientnet_b0"": 0.0, ""resnet18"": 0.0, ""resnet50"": 0.999}",0.999,2000,paired crossed split-seed
isic2019_A_cnn4_all3,219,split_01|split_02|split_04|split_07|split_10,"{""densenet121"": 0.0, ""efficientnet_b0"": 0.001, ""resnet18"": 0.0, ""resnet50"": 0.999}",0.999,2000,paired crossed split-seed
isic2019_A_cnn4_all3,220,split_01|split_02|split_04|split_07|split_09,"{""densenet121"": 0.001, ""efficientnet_b0"": 0.001, ""resnet18"": 0.0, ""resnet50"": 0.998}",0.998,2000,paired crossed split-seed
isic2019_A_cnn4_all3,221,split_01|split_02|split_04|split_07|split_08,"{""densenet121"": 0.0005, ""efficientnet_b0"": 0.0005, ""resnet18"": 0.0, ""resnet50"": 0.999}",0.999,2000,paired crossed split-seed
isic2019_A_cnn4_all3,222,split_01|split_02|split_04|split_06|split_10,"{""densenet121"": 0.0005, ""efficientnet_b0"": 0.0, ""resnet18"": 0.0, ""resnet50"": 0.9995}",0.9995,2000,paired crossed split-seed
isic2019_A_cnn4_all3,223,split_01|split_02|split_04|split_06|split_09,"{""densenet121"": 0.001, ""efficientnet_b0"": 0.0, ""resnet18"": 0.0, ""resnet50"": 0.999}",0.999,2000,paired crossed split-seed
isic2019_A_cnn4_all3,224,split_01|split_02|split_04|split_06|split_08,"{""densenet121"": 0.0, ""efficientnet_b0"": 0.0, ""resnet18"": 0.0, ""resnet50"": 1.0}",1.0,2000,paired crossed split-seed
isic2019_A_cnn4_all3,225,split_01|split_02|split_04|split_06|split_07,"{""densenet121"": 0.0, ""efficientnet_b0"": 0.0, ""resnet18"": 0.0, ""resnet50"": 1.0}",1.0,2000,paired crossed split-seed
isic2019_A_cnn4_all3,226,split_01|split_02|split_04|split_05|split_10,"{""densenet121"": 0.0, ""efficientnet_b0"": 0.0, ""resnet18"": 0.0, ""resnet50"": 1.0}",1.0,2000,paired crossed split-seed
isic2019_A_cnn4_all3,227,split_01|split_02|split_04|split_05|split_09,"{""densenet121"": 0.0015, ""efficientnet_b0"": 0.0, ""resnet18"": 0.0, ""resnet50"": 0.9985}",0.9985,2000,paired crossed split-seed
isic2019_A_cnn4_all3,228,split_01|split_02|split_04|split_05|split_08,"{""densenet121"": 0.0, ""efficientnet_b0"": 0.0, ""resnet18"": 0.0, ""resnet50"": 1.0}",1.0,2000,paired crossed split-seed
isic2019_A_cnn4_all3,229,split_01|split_02|split_04|split_05|split_07,"{""densenet121"": 0.0005, ""efficientnet_b0"": 0.0005, ""resnet18"": 0.0, ""resnet50"": 0.999}",0.999,2000,paired crossed split-seed
isic2019_A_cnn4_all3,230,split_01|split_02|split_04|split_05|split_06,"{""densenet121"": 0.0, ""efficientnet_b0"": 0.0, ""resnet18"": 0.0, ""resnet50"": 1.0}",1.0,2000,paired crossed split-seed
isic2019_A_cnn4_all3,231,split_01|split_02|split_03|split_09|split_10,"{""densenet121"": 0.0, ""efficientnet_b0"": 0.0, ""resnet18"": 0.0015, ""resnet50"": 0.9985}",0.9985,2000,paired crossed split-seed
isic2019_A_cnn4_all3,232,split_01|split_02|split_03|split_08|split_10,"{""densenet121"": 0.0, ""efficientnet_b0"": 0.0, ""resnet18"": 0.001, ""resnet50"": 0.999}",0.999,2000,paired crossed split-seed
isic2019_A_cnn4_all3,233,split_01|split_02|split_03|split_08|split_09,"{""densenet121"": 0.0, ""efficientnet_b0"": 0.0, ""resnet18"": 0.0, ""resnet50"": 1.0}",1.0,2000,paired crossed split-seed
isic2019_A_cnn4_all3,234,split_01|split_02|split_03|split_07|split_10,"{""densenet121"": 0.0, ""efficientnet_b0"": 0.0, ""resnet18"": 0.0005, ""resnet50"": 0.9995}",0.9995,2000,paired crossed split-seed
isic2019_A_cnn4_all3,235,split_01|split_02|split_03|split_07|split_09,"{""densenet121"": 0.0, ""efficientnet_b0"": 0.0, ""resnet18"": 0.0, ""resnet50"": 1.0}",1.0,2000,paired crossed split-seed
isic2019_A_cnn4_all3,236,split_01|split_02|split_03|split_07|split_08,"{""densenet121"": 0.0, ""efficientnet_b0"": 0.0, ""resnet18"": 0.0, ""resnet50"": 1.0}",1.0,2000,paired crossed split-seed
isic2019_A_cnn4_all3,237,split_01|split_02|split_03|split_06|split_10,"{""densenet121"": 0.0, ""efficientnet_b0"": 0.0, ""resnet18"": 0.0, ""resnet50"": 1.0}",1.0,2000,paired crossed split-seed
isic2019_A_cnn4_all3,238,split_01|split_02|split_03|split_06|split_09,"{""densenet121"": 0.0, ""efficientnet_b0"": 0.0, ""resnet18"": 0.0, ""resnet50"": 1.0}",1.0,2000,paired crossed split-seed
isic2019_A_cnn4_all3,239,split_01|split_02|split_03|split_06|split_08,"{""densenet121"": 0.0, ""efficientnet_b0"": 0.0, ""resnet18"": 0.0, ""resnet50"": 1.0}",1.0,2000,paired crossed split-seed
isic2019_A_cnn4_all3,240,split_01|split_02|split_03|split_06|split_07,"{""densenet121"": 0.0, ""efficientnet_b0"": 0.0, ""resnet18"": 0.0, ""resnet50"": 1.0}",1.0,2000,paired crossed split-seed
isic2019_A_cnn4_all3,241,split_01|split_02|split_03|split_05|split_10,"{""densenet121"": 0.0, ""efficientnet_b0"": 0.0, ""resnet18"": 0.001, ""resnet50"": 0.999}",0.999,2000,paired crossed split-seed
isic2019_A_cnn4_all3,242,split_01|split_02|split_03|split_05|split_09,"{""densenet121"": 0.0, ""efficientnet_b0"": 0.0, ""resnet18"": 0.001, ""resnet50"": 0.999}",0.999,2000,paired crossed split-seed
isic2019_A_cnn4_all3,243,split_01|split_02|split_03|split_05|split_08,"{""densenet121"": 0.0, ""efficientnet_b0"": 0.0, ""resnet18"": 0.0, ""resnet50"": 1.0}",1.0,2000,paired crossed split-seed
isic2019_A_cnn4_all3,244,split_01|split_02|split_03|split_05|split_07,"{""densenet121"": 0.0, ""efficientnet_b0"": 0.0, ""resnet18"": 0.0, ""resnet50"": 1.0}",1.0,2000,paired crossed split-seed
isic2019_A_cnn4_all3,245,split_01|split_02|split_03|split_05|split_06,"{""densenet121"": 0.0, ""efficientnet_b0"": 0.0, ""resnet18"": 0.0, ""resnet50"": 1.0}",1.0,2000,paired crossed split-seed
isic2019_A_cnn4_all3,246,split_01|split_02|split_03|split_04|split_10,"{""densenet121"": 0.0005, ""efficientnet_b0"": 0.0, ""resnet18"": 0.002, ""resnet50"": 0.9975}",0.9975,2000,paired crossed split-seed
isic2019_A_cnn4_all3,247,split_01|split_02|split_03|split_04|split_09,"{""densenet121"": 0.002, ""efficientnet_b0"": 0.0, ""resnet18"": 0.0, ""resnet50"": 0.998}",0.998,2000,paired crossed split-seed
isic2019_A_cnn4_all3,248,split_01|split_02|split_03|split_04|split_08,"{""densenet121"": 0.0, ""efficientnet_b0"": 0.0, ""resnet18"": 0.0, ""resnet50"": 1.0}",1.0,2000,paired crossed split-seed
isic2019_A_cnn4_all3,249,split_01|split_02|split_03|split_04|split_07,"{""densenet121"": 0.0015, ""efficientnet_b0"": 0.0, ""resnet18"": 0.0, ""resnet50"": 0.9985}",0.9985,2000,paired crossed split-seed
isic2019_A_cnn4_all3,250,split_01|split_02|split_03|split_04|split_06,"{""densenet121"": 0.0015, ""efficientnet_b0"": 0.0, ""resnet18"": 0.0, ""resnet50"": 0.9985}",0.9985,2000,paired crossed split-seed
isic2019_A_cnn4_all3,251,split_01|split_02|split_03|split_04|split_05,"{""densenet121"": 0.0, ""efficientnet_b0"": 0.0, ""resnet18"": 0.0, ""resnet50"": 1.0}",1.0,2000,paired crossed split-seed
mura_A_cnn4_all3,0,split_06|split_07|split_08|split_09|split_10,"{""densenet121"": 0.636, ""efficientnet_b0"": 0.0, ""resnet18"": 0.0, ""resnet50"": 0.364}",0.636,2000,paired crossed split-seed
mura_A_cnn4_all3,1,split_05|split_07|split_08|split_09|split_10,"{""densenet121"": 0.4005, ""efficientnet_b0"": 0.0, ""resnet18"": 0.0, ""resnet50"": 0.5995}",0.5995,2000,paired crossed split-seed
mura_A_cnn4_all3,2,split_05|split_06|split_08|split_09|split_10,"{""densenet121"": 0.4295, ""efficientnet_b0"": 0.0005, ""resnet18"": 0.0, ""resnet50"": 0.57}",0.57,2000,paired crossed split-seed
mura_A_cnn4_all3,3,split_05|split_06|split_07|split_09|split_10,"{""densenet121"": 0.3115, ""efficientnet_b0"": 0.0005, ""resnet18"": 0.0, ""resnet50"": 0.688}",0.688,2000,paired crossed split-seed
mura_A_cnn4_all3,4,split_05|split_06|split_07|split_08|split_10,"{""densenet121"": 0.1775, ""efficientnet_b0"": 0.0, ""resnet18"": 0.0, ""resnet50"": 0.8225}",0.8225,2000,paired crossed split-seed
mura_A_cnn4_all3,5,split_05|split_06|split_07|split_08|split_09,"{""densenet121"": 0.383, ""efficientnet_b0"": 0.0015, ""resnet18"": 0.0, ""resnet50"": 0.6155}",0.6155,2000,paired crossed split-seed
mura_A_cnn4_all3,6,split_04|split_07|split_08|split_09|split_10,"{""densenet121"": 0.846, ""efficientnet_b0"": 0.0, ""resnet18"": 0.0, ""resnet50"": 0.154}",0.846,2000,paired crossed split-seed
mura_A_cnn4_all3,7,split_04|split_06|split_08|split_09|split_10,"{""densenet121"": 0.87, ""efficientnet_b0"": 0.001, ""resnet18"": 0.0, ""resnet50"": 0.129}",0.87,2000,paired crossed split-seed
mura_A_cnn4_all3,8,split_04|split_06|split_07|split_09|split_10,"{""densenet121"": 0.741, ""efficientnet_b0"": 0.0, ""resnet18"": 0.0, ""resnet50"": 0.259}",0.741,2000,paired crossed split-seed
mura_A_cnn4_all3,9,split_04|split_06|split_07|split_08|split_10,"{""densenet121"": 0.582, ""efficientnet_b0"": 0.0, ""resnet18"": 0.001, ""resnet50"": 0.417}",0.582,2000,paired crossed split-seed
mura_A_cnn4_all3,10,split_04|split_06|split_07|split_08|split_09,"{""densenet121"": 0.789, ""efficientnet_b0"": 0.001, ""resnet18"": 0.0, ""resnet50"": 0.21}",0.789,2000,paired crossed split-seed
mura_A_cnn4_all3,11,split_04|split_05|split_08|split_09|split_10,"{""densenet121"": 0.627, ""efficientnet_b0"": 0.0, ""resnet18"": 0.0005, ""resnet50"": 0.3725}",0.627,2000,paired crossed split-seed
mura_A_cnn4_all3,12,split_04|split_05|split_07|split_09|split_10,"{""densenet121"": 0.4715, ""efficientnet_b0"": 0.0, ""resnet18"": 0.0, ""resnet50"": 0.5285}",0.5285,2000,paired crossed split-seed
mura_A_cnn4_all3,13,split_04|split_05|split_07|split_08|split_10,"{""densenet121"": 0.32, ""efficientnet_b0"": 0.0, ""resnet18"": 0.0005, ""resnet50"": 0.6795}",0.6795,2000,paired crossed split-seed
mura_A_cnn4_all3,14,split_04|split_05|split_07|split_08|split_09,"{""densenet121"": 0.552, ""efficientnet_b0"": 0.0, ""resnet18"": 0.0, ""resnet50"": 0.448}",0.552,2000,paired crossed split-seed
mura_A_cnn4_all3,15,split_04|split_05|split_06|split_09|split_10,"{""densenet121"": 0.5275, ""efficientnet_b0"": 0.0, ""resnet18"": 0.0, ""resnet50"": 0.4725}",0.4725,2000,paired crossed split-seed
mura_A_cnn4_all3,16,split_04|split_05|split_06|split_08|split_10,"{""densenet121"": 0.3545, ""efficientnet_b0"": 0.0, ""resnet18"": 0.0, ""resnet50"": 0.6455}",0.6455,2000,paired crossed split-seed
mura_A_cnn4_all3,17,split_04|split_05|split_06|split_08|split_09,"{""densenet121"": 0.5765, ""efficientnet_b0"": 0.001, ""resnet18"": 0.0, ""resnet50"": 0.4225}",0.5765,2000,paired crossed split-seed
mura_A_cnn4_all3,18,split_04|split_05|split_06|split_07|split_10,"{""densenet121"": 0.208, ""efficientnet_b0"": 0.0, ""resnet18"": 0.0005, ""resnet50"": 0.7915}",0.7915,2000,paired crossed split-seed
mura_A_cnn4_all3,19,split_04|split_05|split_06|split_07|split_09,"{""densenet121"": 0.406, ""efficientnet_b0"": 0.0, ""resnet18"": 0.0, ""resnet50"": 0.594}",0.594,2000,paired crossed split-seed
mura_A_cnn4_all3,20,split_04|split_05|split_06|split_07|split_08,"{""densenet121"": 0.2685, ""efficientnet_b0"": 0.0005, ""resnet18"": 0.0, ""resnet50"": 0.731}",0.731,2000,paired crossed split-seed
mura_A_cnn4_all3,21,split_03|split_07|split_08|split_09|split_10,"{""densenet121"": 0.4245, ""efficientnet_b0"": 0.0, ""resnet18"": 0.0, ""resnet50"": 0.5755}",0.5755,2000,paired crossed split-seed
mura_A_cnn4_all3,22,split_03|split_06|split_08|split_09|split_10,"{""densenet121"": 0.4655, ""efficientnet_b0"": 0.001, ""resnet18"": 0.0, ""resnet50"": 0.5335}",0.5335,2000,paired crossed split-seed
mura_A_cnn4_all3,23,split_03|split_06|split_07|split_09|split_10,"{""densenet121"": 0.318, ""efficientnet_b0"": 0.0, ""resnet18"": 0.0, ""resnet50"": 0.682}",0.682,2000,paired crossed split-seed
mura_A_cnn4_all3,24,split_03|split_06|split_07|split_08|split_10,"{""densenet121"": 0.169, ""efficientnet_b0"": 0.0, ""resnet18"": 0.0, ""resnet50"": 0.831}",0.831,2000,paired crossed split-seed
mura_A_cnn4_all3,25,split_03|split_06|split_07|split_08|split_09,"{""densenet121"": 0.411, ""efficientnet_b0"": 0.0, ""resnet18"": 0.0, ""resnet50"": 0.589}",0.589,2000,paired crossed split-seed
mura_A_cnn4_all3,26,split_03|split_05|split_08|split_09|split_10,"{""densenet121"": 0.2805, ""efficientnet_b0"": 0.0, ""resnet18"": 0.0, ""resnet50"": 0.7195}",0.7195,2000,paired crossed split-seed
mura_A_cnn4_all3,27,split_03|split_05|split_07|split_09|split_10,"{""densenet121"": 0.188, ""efficientnet_b0"": 0.0, ""resnet18"": 0.0, ""resnet50"": 0.812}",0.812,2000,paired crossed split-seed
mura_A_cnn4_all3,28,split_03|split_05|split_07|split_08|split_10,"{""densenet121"": 0.0795, ""efficientnet_b0"": 0.0, ""resnet18"": 0.0, ""resnet50"": 0.9205}",0.9205,2000,paired crossed split-seed
mura_A_cnn4_all3,29,split_03|split_05|split_07|split_08|split_09,"{""densenet121"": 0.225, ""efficientnet_b0"": 0.0, ""resnet18"": 0.0, ""resnet50"": 0.775}",0.775,2000,paired crossed split-seed
mura_A_cnn4_all3,30,split_03|split_05|split_06|split_09|split_10,"{""densenet121"": 0.22, ""efficientnet_b0"": 0.0005, ""resnet18"": 0.0, ""resnet50"": 0.7795}",0.7795,2000,paired crossed split-seed
mura_A_cnn4_all3,31,split_03|split_05|split_06|split_08|split_10,"{""densenet121"": 0.101, ""efficientnet_b0"": 0.0, ""resnet18"": 0.0, ""resnet50"": 0.899}",0.899,2000,paired crossed split-seed
mura_A_cnn4_all3,32,split_03|split_05|split_06|split_08|split_09,"{""densenet121"": 0.2475, ""efficientnet_b0"": 0.001, ""resnet18"": 0.0, ""resnet50"": 0.7515}",0.7515,2000,paired crossed split-seed
mura_A_cnn4_all3,33,split_03|split_05|split_06|split_07|split_10,"{""densenet121"": 0.041, ""efficientnet_b0"": 0.0005, ""resnet18"": 0.0, ""resnet50"": 0.9585}",0.9585,2000,paired crossed split-seed
mura_A_cnn4_all3,34,split_03|split_05|split_06|split_07|split_09,"{""densenet121"": 0.1595, ""efficientnet_b0"": 0.0, ""resnet18"": 0.0, ""resnet50"": 0.8405}",0.8405,2000,paired crossed split-seed
mura_A_cnn4_all3,35,split_03|split_05|split_06|split_07|split_08,"{""densenet121"": 0.064, ""efficientnet_b0"": 0.0, ""resnet18"": 0.0, ""resnet50"": 0.936}",0.936,2000,paired crossed split-seed
mura_A_cnn4_all3,36,split_03|split_04|split_08|split_09|split_10,"{""densenet121"": 0.678, ""efficientnet_b0"": 0.0, ""resnet18"": 0.0, ""resnet50"": 0.322}",0.678,2000,paired crossed split-seed
mura_A_cnn4_all3,37,split_03|split_04|split_07|split_09|split_10,"{""densenet121"": 0.512, ""efficientnet_b0"": 0.0, ""resnet18"": 0.0, ""resnet50"": 0.488}",0.512,2000,paired crossed split-seed
mura_A_cnn4_all3,38,split_03|split_04|split_07|split_08|split_10,"{""densenet121"": 0.351, ""efficientnet_b0"": 0.0, ""resnet18"": 0.0, ""resnet50"": 0.649}",0.649,2000,paired crossed split-seed
mura_A_cnn4_all3,39,split_03|split_04|split_07|split_08|split_09,"{""densenet121"": 0.589, ""efficientnet_b0"": 0.0, ""resnet18"": 0.0, ""resnet50"": 0.411}",0.589,2000,paired crossed split-seed
mura_A_cnn4_all3,40,split_03|split_04|split_06|split_09|split_10,"{""densenet121"": 0.563, ""efficientnet_b0"": 0.0, ""resnet18"": 0.0005, ""resnet50"": 0.4365}",0.563,2000,paired crossed split-seed
mura_A_cnn4_all3,41,split_03|split_04|split_06|split_08|split_10,"{""densenet121"": 0.3885, ""efficientnet_b0"": 0.0, ""resnet18"": 0.0, ""resnet50"": 0.6115}",0.6115,2000,paired crossed split-seed
mura_A_cnn4_all3,42,split_03|split_04|split_06|split_08|split_09,"{""densenet121"": 0.6275, ""efficientnet_b0"": 0.0005, ""resnet18"": 0.0, ""resnet50"": 0.372}",0.6275,2000,paired crossed split-seed
mura_A_cnn4_all3,43,split_03|split_04|split_06|split_07|split_10,"{""densenet121"": 0.227, ""efficientnet_b0"": 0.0005, ""resnet18"": 0.0005, ""resnet50"": 0.772}",0.772,2000,paired crossed split-seed
mura_A_cnn4_all3,44,split_03|split_04|split_06|split_07|split_09,"{""densenet121"": 0.453, ""efficientnet_b0"": 0.0, ""resnet18"": 0.0, ""resnet50"": 0.547}",0.547,2000,paired crossed split-seed
mura_A_cnn4_all3,45,split_03|split_04|split_06|split_07|split_08,"{""densenet121"": 0.3255, ""efficientnet_b0"": 0.0, ""resnet18"": 0.0, ""resnet50"": 0.6745}",0.6745,2000,paired crossed split-seed
mura_A_cnn4_all3,46,split_03|split_04|split_05|split_09|split_10,"{""densenet121"": 0.3595, ""efficientnet_b0"": 0.0, ""resnet18"": 0.0, ""resnet50"": 0.6405}",0.6405,2000,paired crossed split-seed
mura_A_cnn4_all3,47,split_03|split_04|split_05|split_08|split_10,"{""densenet121"": 0.233, ""efficientnet_b0"": 0.0, ""resnet18"": 0.0, ""resnet50"": 0.767}",0.767,2000,paired crossed split-seed
mura_A_cnn4_all3,48,split_03|split_04|split_05|split_08|split_09,"{""densenet121"": 0.4225, ""efficientnet_b0"": 0.0, ""resnet18"": 0.0, ""resnet50"": 0.5775}",0.5775,2000,paired crossed split-seed
mura_A_cnn4_all3,49,split_03|split_04|split_05|split_07|split_10,"{""densenet121"": 0.117, ""efficientnet_b0"": 0.0, ""resnet18"": 0.0, ""resnet50"": 0.883}",0.883,2000,paired crossed split-seed
mura_A_cnn4_all3,50,split_03|split_04|split_05|split_07|split_09,"{""densenet121"": 0.3055, ""efficientnet_b0"": 0.0, ""resnet18"": 0.0005, ""resnet50"": 0.694}",0.694,2000,paired crossed split-seed
mura_A_cnn4_all3,51,split_03|split_04|split_05|split_07|split_08,"{""densenet121"": 0.1615, ""efficientnet_b0"": 0.0, ""resnet18"": 0.0, ""resnet50"": 0.8385}",0.8385,2000,paired crossed split-seed
mura_A_cnn4_all3,52,split_03|split_04|split_05|split_06|split_10,"{""densenet121"": 0.111, ""efficientnet_b0"": 0.0005, ""resnet18"": 0.0005, ""resnet50"": 0.888}",0.888,2000,paired crossed split-seed
mura_A_cnn4_all3,53,split_03|split_04|split_05|split_06|split_09,"{""densenet121"": 0.3115, ""efficientnet_b0"": 0.0, ""resnet18"": 0.001, ""resnet50"": 0.6875}",0.6875,2000,paired crossed split-seed
mura_A_cnn4_all3,54,split_03|split_04|split_05|split_06|split_08,"{""densenet121"": 0.189, ""efficientnet_b0"": 0.0, ""resnet18"": 0.0, ""resnet50"": 0.811}",0.811,2000,paired crossed split-seed
mura_A_cnn4_all3,55,split_03|split_04|split_05|split_06|split_07,"{""densenet121"": 0.0885, ""efficientnet_b0"": 0.0, ""resnet18"": 0.0005, ""resnet50"": 0.911}",0.911,2000,paired crossed split-seed
mura_A_cnn4_all3,56,split_02|split_07|split_08|split_09|split_10,"{""densenet121"": 0.7855, ""efficientnet_b0"": 0.0, ""resnet18"": 0.0, ""resnet50"": 0.2145}",0.7855,2000,paired crossed split-seed
mura_A_cnn4_all3,57,split_02|split_06|split_08|split_09|split_10,"{""densenet121"": 0.781, ""efficientnet_b0"": 0.0005, ""resnet18"": 0.0, ""resnet50"": 0.2185}",0.781,2000,paired crossed split-seed
mura_A_cnn4_all3,58,split_02|split_06|split_07|split_09|split_10,"{""densenet121"": 0.653, ""efficientnet_b0"": 0.0005, ""resnet18"": 0.0, ""resnet50"": 0.3465}",0.653,2000,paired crossed split-seed
mura_A_cnn4_all3,59,split_02|split_06|split_07|split_08|split_10,"{""densenet121"": 0.4305, ""efficientnet_b0"": 0.0005, ""resnet18"": 0.0, ""resnet50"": 0.569}",0.569,2000,paired crossed split-seed
mura_A_cnn4_all3,60,split_02|split_06|split_07|split_08|split_09,"{""densenet121"": 0.71, ""efficientnet_b0"": 0.0, ""resnet18"": 0.0, ""resnet50"": 0.29}",0.71,2000,paired crossed split-seed
mura_A_cnn4_all3,61,split_02|split_05|split_08|split_09|split_10,"{""densenet121"": 0.5815, ""efficientnet_b0"": 0.0, ""resnet18"": 0.0, ""resnet50"": 0.4185}",0.5815,2000,paired crossed split-seed
mura_A_cnn4_all3,62,split_02|split_05|split_07|split_09|split_10,"{""densenet121"": 0.413, ""efficientnet_b0"": 0.0, ""resnet18"": 0.0, ""resnet50"": 0.587}",0.587,2000,paired crossed split-seed
mura_A_cnn4_all3,63,split_02|split_05|split_07|split_08|split_10,"{""densenet121"": 0.2465, ""efficientnet_b0"": 0.0, ""resnet18"": 0.0, ""resnet50"": 0.7535}",0.7535,2000,paired crossed split-seed
mura_A_cnn4_all3,64,split_02|split_05|split_07|split_08|split_09,"{""densenet121"": 0.4815, ""efficientnet_b0"": 0.0, ""resnet18"": 0.0, ""resnet50"": 0.5185}",0.5185,2000,paired crossed split-seed
mura_A_cnn4_all3,65,split_02|split_05|split_06|split_09|split_10,"{""densenet121"": 0.4495, ""efficientnet_b0"": 0.0005, ""resnet18"": 0.0, ""resnet50"": 0.55}",0.55,2000,paired crossed split-seed
mura_A_cnn4_all3,66,split_02|split_05|split_06|split_08|split_10,"{""densenet121"": 0.2875, ""efficientnet_b0"": 0.0, ""resnet18"": 0.0, ""resnet50"": 0.7125}",0.7125,2000,paired crossed split-seed
mura_A_cnn4_all3,67,split_02|split_05|split_06|split_08|split_09,"{""densenet121"": 0.5045, ""efficientnet_b0"": 0.0005, ""resnet18"": 0.0, ""resnet50"": 0.495}",0.495,2000,paired crossed split-seed
mura_A_cnn4_all3,68,split_02|split_05|split_06|split_07|split_10,"{""densenet121"": 0.202, ""efficientnet_b0"": 0.0, ""resnet18"": 0.0, ""resnet50"": 0.798}",0.798,2000,paired crossed split-seed
mura_A_cnn4_all3,69,split_02|split_05|split_06|split_07|split_09,"{""densenet121"": 0.368, ""efficientnet_b0"": 0.0, ""resnet18"": 0.0, ""resnet50"": 0.632}",0.632,2000,paired crossed split-seed
mura_A_cnn4_all3,70,split_02|split_05|split_06|split_07|split_08,"{""densenet121"": 0.2125, ""efficientnet_b0"": 0.0005, ""resnet18"": 0.0, ""resnet50"": 0.787}",0.787,2000,paired crossed split-seed
mura_A_cnn4_all3,71,split_02|split_04|split_08|split_09|split_10,"{""densenet121"": 0.9615, ""efficientnet_b0"": 0.0, ""resnet18"": 0.0, ""resnet50"": 0.0385}",0.9615,2000,paired crossed split-seed
mura_A_cnn4_all3,72,split_02|split_04|split_07|split_09|split_10,"{""densenet121"": 0.8655, ""efficientnet_b0"": 0.0, ""resnet18"": 0.0, ""resnet50"": 0.1345}",0.8655,2000,paired crossed split-seed
mura_A_cnn4_all3,73,split_02|split_04|split_07|split_08|split_10,"{""densenet121"": 0.7295, ""efficientnet_b0"": 0.0, ""resnet18"": 0.0005, ""resnet50"": 0.27}",0.7295,2000,paired crossed split-seed
mura_A_cnn4_all3,74,split_02|split_04|split_07|split_08|split_09,"{""densenet121"": 0.909, ""efficientnet_b0"": 0.0, ""resnet18"": 0.0, ""resnet50"": 0.091}",0.909,2000,paired crossed split-seed
mura_A_cnn4_all3,75,split_02|split_04|split_06|split_09|split_10,"{""densenet121"": 0.86, ""efficientnet_b0"": 0.0, ""resnet18"": 0.0005, ""resnet50"": 0.1395}",0.86,2000,paired crossed split-seed
mura_A_cnn4_all3,76,split_02|split_04|split_06|split_08|split_10,"{""densenet121"": 0.7445, ""efficientnet_b0"": 0.001, ""resnet18"": 0.0, ""resnet50"": 0.2545}",0.7445,2000,paired crossed split-seed
mura_A_cnn4_all3,77,split_02|split_04|split_06|split_08|split_09,"{""densenet121"": 0.9275, ""efficientnet_b0"": 0.0005, ""resnet18"": 0.0, ""resnet50"": 0.072}",0.9275,2000,paired crossed split-seed
mura_A_cnn4_all3,78,split_02|split_04|split_06|split_07|split_10,"{""densenet121"": 0.5715, ""efficientnet_b0"": 0.0, ""resnet18"": 0.0, ""resnet50"": 0.4285}",0.5715,2000,paired crossed split-seed
mura_A_cnn4_all3,79,split_02|split_04|split_06|split_07|split_09,"{""densenet121"": 0.7915, ""efficientnet_b0"": 0.0, ""resnet18"": 0.0, ""resnet50"": 0.2085}",0.7915,2000,paired crossed split-seed
mura_A_cnn4_all3,80,split_02|split_04|split_06|split_07|split_08,"{""densenet121"": 0.6405, ""efficientnet_b0"": 0.0, ""resnet18"": 0.001, ""resnet50"": 0.3585}",0.6405,2000,paired crossed split-seed
mura_A_cnn4_all3,81,split_02|split_04|split_05|split_09|split_10,"{""densenet121"": 0.6515, ""efficientnet_b0"": 0.0, ""resnet18"": 0.0, ""resnet50"": 0.3485}",0.6515,2000,paired crossed split-seed
mura_A_cnn4_all3,82,split_02|split_04|split_05|split_08|split_10,"{""densenet121"": 0.4945, ""efficientnet_b0"": 0.0, ""resnet18"": 0.0, ""resnet50"": 0.5055}",0.5055,2000,paired crossed split-seed
mura_A_cnn4_all3,83,split_02|split_04|split_05|split_08|split_09,"{""densenet121"": 0.703, ""efficientnet_b0"": 0.0, ""resnet18"": 0.0, ""resnet50"": 0.297}",0.703,2000,paired crossed split-seed
mura_A_cnn4_all3,84,split_02|split_04|split_05|split_07|split_10,"{""densenet121"": 0.321, ""efficientnet_b0"": 0.0, ""resnet18"": 0.0, ""resnet50"": 0.679}",0.679,2000,paired crossed split-seed
mura_A_cnn4_all3,85,split_02|split_04|split_05|split_07|split_09,"{""densenet121"": 0.549, ""efficientnet_b0"": 0.0, ""resnet18"": 0.0, ""resnet50"": 0.451}",0.549,2000,paired crossed split-seed
mura_A_cnn4_all3,86,split_02|split_04|split_05|split_07|split_08,"{""densenet121"": 0.3955, ""efficientnet_b0"": 0.0, ""resnet18"": 0.0, ""resnet50"": 0.6045}",0.6045,2000,paired crossed split-seed
mura_A_cnn4_all3,87,split_02|split_04|split_05|split_06|split_10,"{""densenet121"": 0.385, ""efficientnet_b0"": 0.001, ""resnet18"": 0.0005, ""resnet50"": 0.6135}",0.6135,2000,paired crossed split-seed
mura_A_cnn4_all3,88,split_02|split_04|split_05|split_06|split_09,"{""densenet121"": 0.607, ""efficientnet_b0"": 0.0005, ""resnet18"": 0.0005, ""resnet50"": 0.392}",0.607,2000,paired crossed split-seed
mura_A_cnn4_all3,89,split_02|split_04|split_05|split_06|split_08,"{""densenet121"": 0.423, ""efficientnet_b0"": 0.0, ""resnet18"": 0.0, ""resnet50"": 0.577}",0.577,2000,paired crossed split-seed
mura_A_cnn4_all3,90,split_02|split_04|split_05|split_06|split_07,"{""densenet121"": 0.2795, ""efficientnet_b0"": 0.0015, ""resnet18"": 0.0005, ""resnet50"": 0.7185}",0.7185,2000,paired crossed split-seed
mura_A_cnn4_all3,91,split_02|split_03|split_08|split_09|split_10,"{""densenet121"": 0.5945, ""efficientnet_b0"": 0.0, ""resnet18"": 0.0, ""resnet50"": 0.4055}",0.5945,2000,paired crossed split-seed
mura_A_cnn4_all3,92,split_02|split_03|split_07|split_09|split_10,"{""densenet121"": 0.407, ""efficientnet_b0"": 0.0, ""resnet18"": 0.0, ""resnet50"": 0.593}",0.593,2000,paired crossed split-seed
mura_A_cnn4_all3,93,split_02|split_03|split_07|split_08|split_10,"{""densenet121"": 0.229, ""efficientnet_b0"": 0.0, ""resnet18"": 0.0, ""resnet50"": 0.771}",0.771,2000,paired crossed split-seed
mura_A_cnn4_all3,94,split_02|split_03|split_07|split_08|split_09,"{""densenet121"": 0.497, ""efficientnet_b0"": 0.0, ""resnet18"": 0.0, ""resnet50"": 0.503}",0.497,2000,paired crossed split-seed
mura_A_cnn4_all3,95,split_02|split_03|split_06|split_09|split_10,"{""densenet121"": 0.461, ""efficientnet_b0"": 0.0005, ""resnet18"": 0.0, ""resnet50"": 0.5385}",0.5385,2000,paired crossed split-seed
mura_A_cnn4_all3,96,split_02|split_03|split_06|split_08|split_10,"{""densenet121"": 0.254, ""efficientnet_b0"": 0.001, ""resnet18"": 0.0, ""resnet50"": 0.745}",0.745,2000,paired crossed split-seed
mura_A_cnn4_all3,97,split_02|split_03|split_06|split_08|split_09,"{""densenet121"": 0.5545, ""efficientnet_b0"": 0.0005, ""resnet18"": 0.0, ""resnet50"": 0.445}",0.5545,2000,paired crossed split-seed
mura_A_cnn4_all3,98,split_02|split_03|split_06|split_07|split_10,"{""densenet121"": 0.1645, ""efficientnet_b0"": 0.001, ""resnet18"": 0.0, ""resnet50"": 0.8345}",0.8345,2000,paired crossed split-seed
mura_A_cnn4_all3,99,split_02|split_03|split_06|split_07|split_09,"{""densenet121"": 0.394, ""efficientnet_b0"": 0.0005, ""resnet18"": 0.0, ""resnet50"": 0.6055}",0.6055,2000,paired crossed split-seed
mura_A_cnn4_all3,100,split_02|split_03|split_06|split_07|split_08,"{""densenet121"": 0.234, ""efficientnet_b0"": 0.0005, ""resnet18"": 0.0, ""resnet50"": 0.7655}",0.7655,2000,paired crossed split-seed
mura_A_cnn4_all3,101,split_02|split_03|split_05|split_09|split_10,"{""densenet121"": 0.2875, ""efficientnet_b0"": 0.0, ""resnet18"": 0.0, ""resnet50"": 0.7125}",0.7125,2000,paired crossed split-seed
mura_A_cnn4_all3,102,split_02|split_03|split_05|split_08|split_10,"{""densenet121"": 0.135, ""efficientnet_b0"": 0.0, ""resnet18"": 0.0, ""resnet50"": 0.865}",0.865,2000,paired crossed split-seed
mura_A_cnn4_all3,103,split_02|split_03|split_05|split_08|split_09,"{""densenet121"": 0.3705, ""efficientnet_b0"": 0.0, ""resnet18"": 0.0, ""resnet50"": 0.6295}",0.6295,2000,paired crossed split-seed
mura_A_cnn4_all3,104,split_02|split_03|split_05|split_07|split_10,"{""densenet121"": 0.0735, ""efficientnet_b0"": 0.0, ""resnet18"": 0.0, ""resnet50"": 0.9265}",0.9265,2000,paired crossed split-seed
mura_A_cnn4_all3,105,split_02|split_03|split_05|split_07|split_09,"{""densenet121"": 0.2215, ""efficientnet_b0"": 0.0, ""resnet18"": 0.0, ""resnet50"": 0.7785}",0.7785,2000,paired crossed split-seed
mura_A_cnn4_all3,106,split_02|split_03|split_05|split_07|split_08,"{""densenet121"": 0.088, ""efficientnet_b0"": 0.0, ""resnet18"": 0.0, ""resnet50"": 0.912}",0.912,2000,paired crossed split-seed
mura_A_cnn4_all3,107,split_02|split_03|split_05|split_06|split_10,"{""densenet121"": 0.1015, ""efficientnet_b0"": 0.0, ""resnet18"": 0.0, ""resnet50"": 0.8985}",0.8985,2000,paired crossed split-seed
mura_A_cnn4_all3,108,split_02|split_03|split_05|split_06|split_09,"{""densenet121"": 0.2395, ""efficientnet_b0"": 0.0015, ""resnet18"": 0.0, ""resnet50"": 0.759}",0.759,2000,paired crossed split-seed
mura_A_cnn4_all3,109,split_02|split_03|split_05|split_06|split_08,"{""densenet121"": 0.129, ""efficientnet_b0"": 0.001, ""resnet18"": 0.0, ""resnet50"": 0.87}",0.87,2000,paired crossed split-seed
mura_A_cnn4_all3,110,split_02|split_03|split_05|split_06|split_07,"{""densenet121"": 0.0595, ""efficientnet_b0"": 0.0, ""resnet18"": 0.0, ""resnet50"": 0.9405}",0.9405,2000,paired crossed split-seed
mura_A_cnn4_all3,111,split_02|split_03|split_04|split_09|split_10,"{""densenet121"": 0.658, ""efficientnet_b0"": 0.0, ""resnet18"": 0.0, ""resnet50"": 0.342}",0.658,2000,paired crossed split-seed
mura_A_cnn4_all3,112,split_02|split_03|split_04|split_08|split_10,"{""densenet121"": 0.51, ""efficientnet_b0"": 0.0, ""resnet18"": 0.0005, ""resnet50"": 0.4895}",0.51,2000,paired crossed split-seed
mura_A_cnn4_all3,113,split_02|split_03|split_04|split_08|split_09,"{""densenet121"": 0.7365, ""efficientnet_b0"": 0.0, ""resnet18"": 0.0, ""resnet50"": 0.2635}",0.7365,2000,paired crossed split-seed
mura_A_cnn4_all3,114,split_02|split_03|split_04|split_07|split_10,"{""densenet121"": 0.3565, ""efficientnet_b0"": 0.0, ""resnet18"": 0.0005, ""resnet50"": 0.643}",0.643,2000,paired crossed split-seed
mura_A_cnn4_all3,115,split_02|split_03|split_04|split_07|split_09,"{""densenet121"": 0.568, ""efficientnet_b0"": 0.0, ""resnet18"": 0.0, ""resnet50"": 0.432}",0.568,2000,paired crossed split-seed
mura_A_cnn4_all3,116,split_02|split_03|split_04|split_07|split_08,"{""densenet121"": 0.4295, ""efficientnet_b0"": 0.0, ""resnet18"": 0.0005, ""resnet50"": 0.57}",0.57,2000,paired crossed split-seed
mura_A_cnn4_all3,117,split_02|split_03|split_04|split_06|split_10,"{""densenet121"": 0.3705, ""efficientnet_b0"": 0.0, ""resnet18"": 0.0005, ""resnet50"": 0.629}",0.629,2000,paired crossed split-seed
mura_A_cnn4_all3,118,split_02|split_03|split_04|split_06|split_09,"{""densenet121"": 0.623, ""efficientnet_b0"": 0.0, ""resnet18"": 0.0, ""resnet50"": 0.377}",0.623,2000,paired crossed split-seed
mura_A_cnn4_all3,119,split_02|split_03|split_04|split_06|split_08,"{""densenet121"": 0.476, ""efficientnet_b0"": 0.0, ""resnet18"": 0.0, ""resnet50"": 0.524}",0.524,2000,paired crossed split-seed
mura_A_cnn4_all3,120,split_02|split_03|split_04|split_06|split_07,"{""densenet121"": 0.304, ""efficientnet_b0"": 0.0005, ""resnet18"": 0.0, ""resnet50"": 0.6955}",0.6955,2000,paired crossed split-seed
mura_A_cnn4_all3,121,split_02|split_03|split_04|split_05|split_10,"{""densenet121"": 0.2105, ""efficientnet_b0"": 0.0, ""resnet18"": 0.0, ""resnet50"": 0.7895}",0.7895,2000,paired crossed split-seed
mura_A_cnn4_all3,122,split_02|split_03|split_04|split_05|split_09,"{""densenet121"": 0.4335, ""efficientnet_b0"": 0.0, ""resnet18"": 0.0, ""resnet50"": 0.5665}",0.5665,2000,paired crossed split-seed
mura_A_cnn4_all3,123,split_02|split_03|split_04|split_05|split_08,"{""densenet121"": 0.2805, ""efficientnet_b0"": 0.0, ""resnet18"": 0.0, ""resnet50"": 0.7195}",0.7195,2000,paired crossed split-seed
mura_A_cnn4_all3,124,split_02|split_03|split_04|split_05|split_07,"{""densenet121"": 0.1525, ""efficientnet_b0"": 0.0, ""resnet18"": 0.0, ""resnet50"": 0.8475}",0.8475,2000,paired crossed split-seed
mura_A_cnn4_all3,125,split_02|split_03|split_04|split_05|split_06,"{""densenet121"": 0.188, ""efficientnet_b0"": 0.0005, ""resnet18"": 0.0, ""resnet50"": 0.8115}",0.8115,2000,paired crossed split-seed
mura_A_cnn4_all3,126,split_01|split_07|split_08|split_09|split_10,"{""densenet121"": 0.4545, ""efficientnet_b0"": 0.0, ""resnet18"": 0.002, ""resnet50"": 0.5435}",0.5435,2000,paired crossed split-seed
mura_A_cnn4_all3,127,split_01|split_06|split_08|split_09|split_10,"{""densenet121"": 0.504, ""efficientnet_b0"": 0.0005, ""resnet18"": 0.0025, ""resnet50"": 0.493}",0.493,2000,paired crossed split-seed
mura_A_cnn4_all3,128,split_01|split_06|split_07|split_09|split_10,"{""densenet121"": 0.3685, ""efficientnet_b0"": 0.0005, ""resnet18"": 0.0015, ""resnet50"": 0.6295}",0.6295,2000,paired crossed split-seed
mura_A_cnn4_all3,129,split_01|split_06|split_07|split_08|split_10,"{""densenet121"": 0.2215, ""efficientnet_b0"": 0.0, ""resnet18"": 0.0015, ""resnet50"": 0.777}",0.777,2000,paired crossed split-seed
mura_A_cnn4_all3,130,split_01|split_06|split_07|split_08|split_09,"{""densenet121"": 0.448, ""efficientnet_b0"": 0.0005, ""resnet18"": 0.001, ""resnet50"": 0.5505}",0.5505,2000,paired crossed split-seed
mura_A_cnn4_all3,131,split_01|split_05|split_08|split_09|split_10,"{""densenet121"": 0.295, ""efficientnet_b0"": 0.0, ""resnet18"": 0.006, ""resnet50"": 0.699}",0.699,2000,paired crossed split-seed
mura_A_cnn4_all3,132,split_01|split_05|split_07|split_09|split_10,"{""densenet121"": 0.2145, ""efficientnet_b0"": 0.0, ""resnet18"": 0.003, ""resnet50"": 0.7825}",0.7825,2000,paired crossed split-seed
mura_A_cnn4_all3,133,split_01|split_05|split_07|split_08|split_10,"{""densenet121"": 0.092, ""efficientnet_b0"": 0.0, ""resnet18"": 0.002, ""resnet50"": 0.906}",0.906,2000,paired crossed split-seed
mura_A_cnn4_all3,134,split_01|split_05|split_07|split_08|split_09,"{""densenet121"": 0.244, ""efficientnet_b0"": 0.0, ""resnet18"": 0.0055, ""resnet50"": 0.7505}",0.7505,2000,paired crossed split-seed
mura_A_cnn4_all3,135,split_01|split_05|split_06|split_09|split_10,"{""densenet121"": 0.2415, ""efficientnet_b0"": 0.0, ""resnet18"": 0.001, ""resnet50"": 0.7575}",0.7575,2000,paired crossed split-seed
mura_A_cnn4_all3,136,split_01|split_05|split_06|split_08|split_10,"{""densenet121"": 0.119, ""efficientnet_b0"": 0.0, ""resnet18"": 0.0035, ""resnet50"": 0.8775}",0.8775,2000,paired crossed split-seed
mura_A_cnn4_all3,137,split_01|split_05|split_06|split_08|split_09,"{""densenet121"": 0.2775, ""efficientnet_b0"": 0.0005, ""resnet18"": 0.007, ""resnet50"": 0.715}",0.715,2000,paired crossed split-seed
mura_A_cnn4_all3,138,split_01|split_05|split_06|split_07|split_10,"{""densenet121"": 0.0735, ""efficientnet_b0"": 0.0, ""resnet18"": 0.0005, ""resnet50"": 0.926}",0.926,2000,paired crossed split-seed
mura_A_cnn4_all3,139,split_01|split_05|split_06|split_07|split_09,"{""densenet121"": 0.1935, ""efficientnet_b0"": 0.0, ""resnet18"": 0.002, ""resnet50"": 0.8045}",0.8045,2000,paired crossed split-seed
mura_A_cnn4_all3,140,split_01|split_05|split_06|split_07|split_08,"{""densenet121"": 0.078, ""efficientnet_b0"": 0.0, ""resnet18"": 0.002, ""resnet50"": 0.92}",0.92,2000,paired crossed split-seed
mura_A_cnn4_all3,141,split_01|split_04|split_08|split_09|split_10,"{""densenet121"": 0.694, ""efficientnet_b0"": 0.0, ""resnet18"": 0.0075, ""resnet50"": 0.2985}",0.694,2000,paired crossed split-seed
mura_A_cnn4_all3,142,split_01|split_04|split_07|split_09|split_10,"{""densenet121"": 0.559, ""efficientnet_b0"": 0.0, ""resnet18"": 0.001, ""resnet50"": 0.44}",0.559,2000,paired crossed split-seed
mura_A_cnn4_all3,143,split_01|split_04|split_07|split_08|split_10,"{""densenet121"": 0.3935, ""efficientnet_b0"": 0.0, ""resnet18"": 0.0025, ""resnet50"": 0.604}",0.604,2000,paired crossed split-seed
mura_A_cnn4_all3,144,split_01|split_04|split_07|split_08|split_09,"{""densenet121"": 0.5925, ""efficientnet_b0"": 0.0, ""resnet18"": 0.005, ""resnet50"": 0.4025}",0.5925,2000,paired crossed split-seed
mura_A_cnn4_all3,145,split_01|split_04|split_06|split_09|split_10,"{""densenet121"": 0.5915, ""efficientnet_b0"": 0.001, ""resnet18"": 0.001, ""resnet50"": 0.4065}",0.5915,2000,paired crossed split-seed
mura_A_cnn4_all3,146,split_01|split_04|split_06|split_08|split_10,"{""densenet121"": 0.4295, ""efficientnet_b0"": 0.0005, ""resnet18"": 0.0015, ""resnet50"": 0.5685}",0.5685,2000,paired crossed split-seed
mura_A_cnn4_all3,147,split_01|split_04|split_06|split_08|split_09,"{""densenet121"": 0.641, ""efficientnet_b0"": 0.0005, ""resnet18"": 0.0055, ""resnet50"": 0.353}",0.641,2000,paired crossed split-seed
mura_A_cnn4_all3,148,split_01|split_04|split_06|split_07|split_10,"{""densenet121"": 0.282, ""efficientnet_b0"": 0.0005, ""resnet18"": 0.0005, ""resnet50"": 0.717}",0.717,2000,paired crossed split-seed
mura_A_cnn4_all3,149,split_01|split_04|split_06|split_07|split_09,"{""densenet121"": 0.476, ""efficientnet_b0"": 0.0005, ""resnet18"": 0.004, ""resnet50"": 0.5195}",0.5195,2000,paired crossed split-seed
mura_A_cnn4_all3,150,split_01|split_04|split_06|split_07|split_08,"{""densenet121"": 0.3285, ""efficientnet_b0"": 0.0005, ""resnet18"": 0.0025, ""resnet50"": 0.6685}",0.6685,2000,paired crossed split-seed
mura_A_cnn4_all3,151,split_01|split_04|split_05|split_09|split_10,"{""densenet121"": 0.3755, ""efficientnet_b0"": 0.0, ""resnet18"": 0.0015, ""resnet50"": 0.623}",0.623,2000,paired crossed split-seed
mura_A_cnn4_all3,152,split_01|split_04|split_05|split_08|split_10,"{""densenet121"": 0.2205, ""efficientnet_b0"": 0.0, ""resnet18"": 0.004, ""resnet50"": 0.7755}",0.7755,2000,paired crossed split-seed
mura_A_cnn4_all3,153,split_01|split_04|split_05|split_08|split_09,"{""densenet121"": 0.419, ""efficientnet_b0"": 0.0, ""resnet18"": 0.008, ""resnet50"": 0.573}",0.573,2000,paired crossed split-seed
mura_A_cnn4_all3,154,split_01|split_04|split_05|split_07|split_10,"{""densenet121"": 0.1225, ""efficientnet_b0"": 0.0, ""resnet18"": 0.001, ""resnet50"": 0.8765}",0.8765,2000,paired crossed split-seed
mura_A_cnn4_all3,155,split_01|split_04|split_05|split_07|split_09,"{""densenet121"": 0.309, ""efficientnet_b0"": 0.0, ""resnet18"": 0.0035, ""resnet50"": 0.6875}",0.6875,2000,paired crossed split-seed
mura_A_cnn4_all3,156,split_01|split_04|split_05|split_07|split_08,"{""densenet121"": 0.1615, ""efficientnet_b0"": 0.0, ""resnet18"": 0.004, ""resnet50"": 0.8345}",0.8345,2000,paired crossed split-seed
mura_A_cnn4_all3,157,split_01|split_04|split_05|split_06|split_10,"{""densenet121"": 0.161, ""efficientnet_b0"": 0.0005, ""resnet18"": 0.0015, ""resnet50"": 0.837}",0.837,2000,paired crossed split-seed
mura_A_cnn4_all3,158,split_01|split_04|split_05|split_06|split_09,"{""densenet121"": 0.334, ""efficientnet_b0"": 0.0, ""resnet18"": 0.0025, ""resnet50"": 0.6635}",0.6635,2000,paired crossed split-seed
mura_A_cnn4_all3,159,split_01|split_04|split_05|split_06|split_08,"{""densenet121"": 0.1825, ""efficientnet_b0"": 0.0005, ""resnet18"": 0.004, ""resnet50"": 0.813}",0.813,2000,paired crossed split-seed
mura_A_cnn4_all3,160,split_01|split_04|split_05|split_06|split_07,"{""densenet121"": 0.0955, ""efficientnet_b0"": 0.0, ""resnet18"": 0.002, ""resnet50"": 0.9025}",0.9025,2000,paired crossed split-seed
mura_A_cnn4_all3,161,split_01|split_03|split_08|split_09|split_10,"{""densenet121"": 0.325, ""efficientnet_b0"": 0.0, ""resnet18"": 0.0035, ""resnet50"": 0.6715}",0.6715,2000,paired crossed split-seed
mura_A_cnn4_all3,162,split_01|split_03|split_07|split_09|split_10,"{""densenet121"": 0.1935, ""efficientnet_b0"": 0.0, ""resnet18"": 0.0005, ""resnet50"": 0.806}",0.806,2000,paired crossed split-seed
mura_A_cnn4_all3,163,split_01|split_03|split_07|split_08|split_10,"{""densenet121"": 0.0815, ""efficientnet_b0"": 0.0, ""resnet18"": 0.001, ""resnet50"": 0.9175}",0.9175,2000,paired crossed split-seed
mura_A_cnn4_all3,164,split_01|split_03|split_07|split_08|split_09,"{""densenet121"": 0.2575, ""efficientnet_b0"": 0.0, ""resnet18"": 0.003, ""resnet50"": 0.7395}",0.7395,2000,paired crossed split-seed
mura_A_cnn4_all3,165,split_01|split_03|split_06|split_09|split_10,"{""densenet121"": 0.228, ""efficientnet_b0"": 0.001, ""resnet18"": 0.0025, ""resnet50"": 0.7685}",0.7685,2000,paired crossed split-seed
mura_A_cnn4_all3,166,split_01|split_03|split_06|split_08|split_10,"{""densenet121"": 0.102, ""efficientnet_b0"": 0.0, ""resnet18"": 0.0015, ""resnet50"": 0.8965}",0.8965,2000,paired crossed split-seed
mura_A_cnn4_all3,167,split_01|split_03|split_06|split_08|split_09,"{""densenet121"": 0.2825, ""efficientnet_b0"": 0.0, ""resnet18"": 0.006, ""resnet50"": 0.7115}",0.7115,2000,paired crossed split-seed
mura_A_cnn4_all3,168,split_01|split_03|split_06|split_07|split_10,"{""densenet121"": 0.0605, ""efficientnet_b0"": 0.0, ""resnet18"": 0.0, ""resnet50"": 0.9395}",0.9395,2000,paired crossed split-seed
mura_A_cnn4_all3,169,split_01|split_03|split_06|split_07|split_09,"{""densenet121"": 0.183, ""efficientnet_b0"": 0.001, ""resnet18"": 0.001, ""resnet50"": 0.815}",0.815,2000,paired crossed split-seed
mura_A_cnn4_all3,170,split_01|split_03|split_06|split_07|split_08,"{""densenet121"": 0.07, ""efficientnet_b0"": 0.0, ""resnet18"": 0.0045, ""resnet50"": 0.9255}",0.9255,2000,paired crossed split-seed
mura_A_cnn4_all3,171,split_01|split_03|split_05|split_09|split_10,"{""densenet121"": 0.1205, ""efficientnet_b0"": 0.0, ""resnet18"": 0.0015, ""resnet50"": 0.878}",0.878,2000,paired crossed split-seed
mura_A_cnn4_all3,172,split_01|split_03|split_05|split_08|split_10,"{""densenet121"": 0.043, ""efficientnet_b0"": 0.0, ""resnet18"": 0.0035, ""resnet50"": 0.9535}",0.9535,2000,paired crossed split-seed
mura_A_cnn4_all3,173,split_01|split_03|split_05|split_08|split_09,"{""densenet121"": 0.1465, ""efficientnet_b0"": 0.0, ""resnet18"": 0.0065, ""resnet50"": 0.847}",0.847,2000,paired crossed split-seed
mura_A_cnn4_all3,174,split_01|split_03|split_05|split_07|split_10,"{""densenet121"": 0.0145, ""efficientnet_b0"": 0.0, ""resnet18"": 0.0025, ""resnet50"": 0.983}",0.983,2000,paired crossed split-seed
mura_A_cnn4_all3,175,split_01|split_03|split_05|split_07|split_09,"{""densenet121"": 0.079, ""efficientnet_b0"": 0.0, ""resnet18"": 0.0025, ""resnet50"": 0.9185}",0.9185,2000,paired crossed split-seed
mura_A_cnn4_all3,176,split_01|split_03|split_05|split_07|split_08,"{""densenet121"": 0.02, ""efficientnet_b0"": 0.0, ""resnet18"": 0.0025, ""resnet50"": 0.9775}",0.9775,2000,paired crossed split-seed
mura_A_cnn4_all3,177,split_01|split_03|split_05|split_06|split_10,"{""densenet121"": 0.042, ""efficientnet_b0"": 0.0, ""resnet18"": 0.001, ""resnet50"": 0.957}",0.957,2000,paired crossed split-seed
mura_A_cnn4_all3,178,split_01|split_03|split_05|split_06|split_09,"{""densenet121"": 0.103, ""efficientnet_b0"": 0.0, ""resnet18"": 0.005, ""resnet50"": 0.892}",0.892,2000,paired crossed split-seed
mura_A_cnn4_all3,179,split_01|split_03|split_05|split_06|split_08,"{""densenet121"": 0.034, ""efficientnet_b0"": 0.0, ""resnet18"": 0.0065, ""resnet50"": 0.9595}",0.9595,2000,paired crossed split-seed
mura_A_cnn4_all3,180,split_01|split_03|split_05|split_06|split_07,"{""densenet121"": 0.0195, ""efficientnet_b0"": 0.0005, ""resnet18"": 0.001, ""resnet50"": 0.979}",0.979,2000,paired crossed split-seed
mura_A_cnn4_all3,181,split_01|split_03|split_04|split_09|split_10,"{""densenet121"": 0.3915, ""efficientnet_b0"": 0.0, ""resnet18"": 0.003, ""resnet50"": 0.6055}",0.6055,2000,paired crossed split-seed
mura_A_cnn4_all3,182,split_01|split_03|split_04|split_08|split_10,"{""densenet121"": 0.2615, ""efficientnet_b0"": 0.0, ""resnet18"": 0.003, ""resnet50"": 0.7355}",0.7355,2000,paired crossed split-seed
mura_A_cnn4_all3,183,split_01|split_03|split_04|split_08|split_09,"{""densenet121"": 0.4405, ""efficientnet_b0"": 0.0, ""resnet18"": 0.008, ""resnet50"": 0.5515}",0.5515,2000,paired crossed split-seed
mura_A_cnn4_all3,184,split_01|split_03|split_04|split_07|split_10,"{""densenet121"": 0.1165, ""efficientnet_b0"": 0.0, ""resnet18"": 0.001, ""resnet50"": 0.8825}",0.8825,2000,paired crossed split-seed
mura_A_cnn4_all3,185,split_01|split_03|split_04|split_07|split_09,"{""densenet121"": 0.3105, ""efficientnet_b0"": 0.0, ""resnet18"": 0.0015, ""resnet50"": 0.688}",0.688,2000,paired crossed split-seed
mura_A_cnn4_all3,186,split_01|split_03|split_04|split_07|split_08,"{""densenet121"": 0.165, ""efficientnet_b0"": 0.0, ""resnet18"": 0.003, ""resnet50"": 0.832}",0.832,2000,paired crossed split-seed
mura_A_cnn4_all3,187,split_01|split_03|split_04|split_06|split_10,"{""densenet121"": 0.1515, ""efficientnet_b0"": 0.0, ""resnet18"": 0.0015, ""resnet50"": 0.847}",0.847,2000,paired crossed split-seed
mura_A_cnn4_all3,188,split_01|split_03|split_04|split_06|split_09,"{""densenet121"": 0.341, ""efficientnet_b0"": 0.001, ""resnet18"": 0.0025, ""resnet50"": 0.6555}",0.6555,2000,paired crossed split-seed
mura_A_cnn4_all3,189,split_01|split_03|split_04|split_06|split_08,"{""densenet121"": 0.2095, ""efficientnet_b0"": 0.0, ""resnet18"": 0.0035, ""resnet50"": 0.787}",0.787,2000,paired crossed split-seed
mura_A_cnn4_all3,190,split_01|split_03|split_04|split_06|split_07,"{""densenet121"": 0.0995, ""efficientnet_b0"": 0.0, ""resnet18"": 0.004, ""resnet50"": 0.8965}",0.8965,2000,paired crossed split-seed
mura_A_cnn4_all3,191,split_01|split_03|split_04|split_05|split_10,"{""densenet121"": 0.077, ""efficientnet_b0"": 0.0, ""resnet18"": 0.002, ""resnet50"": 0.921}",0.921,2000,paired crossed split-seed
mura_A_cnn4_all3,192,split_01|split_03|split_04|split_05|split_09,"{""densenet121"": 0.239, ""efficientnet_b0"": 0.0, ""resnet18"": 0.0035, ""resnet50"": 0.7575}",0.7575,2000,paired crossed split-seed
mura_A_cnn4_all3,193,split_01|split_03|split_04|split_05|split_08,"{""densenet121"": 0.101, ""efficientnet_b0"": 0.0, ""resnet18"": 0.0055, ""resnet50"": 0.8935}",0.8935,2000,paired crossed split-seed
mura_A_cnn4_all3,194,split_01|split_03|split_04|split_05|split_07,"{""densenet121"": 0.043, ""efficientnet_b0"": 0.0, ""resnet18"": 0.002, ""resnet50"": 0.955}",0.955,2000,paired crossed split-seed
mura_A_cnn4_all3,195,split_01|split_03|split_04|split_05|split_06,"{""densenet121"": 0.0565, ""efficientnet_b0"": 0.0, ""resnet18"": 0.002, ""resnet50"": 0.9415}",0.9415,2000,paired crossed split-seed
mura_A_cnn4_all3,196,split_01|split_02|split_08|split_09|split_10,"{""densenet121"": 0.638, ""efficientnet_b0"": 0.0, ""resnet18"": 0.0025, ""resnet50"": 0.3595}",0.638,2000,paired crossed split-seed
mura_A_cnn4_all3,197,split_01|split_02|split_07|split_09|split_10,"{""densenet121"": 0.4675, ""efficientnet_b0"": 0.0, ""resnet18"": 0.001, ""resnet50"": 0.5315}",0.5315,2000,paired crossed split-seed
mura_A_cnn4_all3,198,split_01|split_02|split_07|split_08|split_10,"{""densenet121"": 0.2795, ""efficientnet_b0"": 0.0, ""resnet18"": 0.0005, ""resnet50"": 0.72}",0.72,2000,paired crossed split-seed
mura_A_cnn4_all3,199,split_01|split_02|split_07|split_08|split_09,"{""densenet121"": 0.555, ""efficientnet_b0"": 0.0, ""resnet18"": 0.0015, ""resnet50"": 0.4435}",0.555,2000,paired crossed split-seed
mura_A_cnn4_all3,200,split_01|split_02|split_06|split_09|split_10,"{""densenet121"": 0.4875, ""efficientnet_b0"": 0.0005, ""resnet18"": 0.002, ""resnet50"": 0.51}",0.51,2000,paired crossed split-seed
mura_A_cnn4_all3,201,split_01|split_02|split_06|split_08|split_10,"{""densenet121"": 0.3365, ""efficientnet_b0"": 0.0, ""resnet18"": 0.0005, ""resnet50"": 0.663}",0.663,2000,paired crossed split-seed
mura_A_cnn4_all3,202,split_01|split_02|split_06|split_08|split_09,"{""densenet121"": 0.5835, ""efficientnet_b0"": 0.0, ""resnet18"": 0.005, ""resnet50"": 0.4115}",0.5835,2000,paired crossed split-seed
mura_A_cnn4_all3,203,split_01|split_02|split_06|split_07|split_10,"{""densenet121"": 0.2225, ""efficientnet_b0"": 0.0, ""resnet18"": 0.0, ""resnet50"": 0.7775}",0.7775,2000,paired crossed split-seed
mura_A_cnn4_all3,204,split_01|split_02|split_06|split_07|split_09,"{""densenet121"": 0.4565, ""efficientnet_b0"": 0.0005, ""resnet18"": 0.0005, ""resnet50"": 0.5425}",0.5425,2000,paired crossed split-seed
mura_A_cnn4_all3,205,split_01|split_02|split_06|split_07|split_08,"{""densenet121"": 0.2605, ""efficientnet_b0"": 0.0005, ""resnet18"": 0.0, ""resnet50"": 0.739}",0.739,2000,paired crossed split-seed
mura_A_cnn4_all3,206,split_01|split_02|split_05|split_09|split_10,"{""densenet121"": 0.331, ""efficientnet_b0"": 0.0, ""resnet18"": 0.001, ""resnet50"": 0.668}",0.668,2000,paired crossed split-seed
mura_A_cnn4_all3,207,split_01|split_02|split_05|split_08|split_10,"{""densenet121"": 0.1795, ""efficientnet_b0"": 0.0, ""resnet18"": 0.0005, ""resnet50"": 0.82}",0.82,2000,paired crossed split-seed
mura_A_cnn4_all3,208,split_01|split_02|split_05|split_08|split_09,"{""densenet121"": 0.3875, ""efficientnet_b0"": 0.0, ""resnet18"": 0.0025, ""resnet50"": 0.61}",0.61,2000,paired crossed split-seed
mura_A_cnn4_all3,209,split_01|split_02|split_05|split_07|split_10,"{""densenet121"": 0.1195, ""efficientnet_b0"": 0.0, ""resnet18"": 0.0005, ""resnet50"": 0.88}",0.88,2000,paired crossed split-seed
mura_A_cnn4_all3,210,split_01|split_02|split_05|split_07|split_09,"{""densenet121"": 0.2635, ""efficientnet_b0"": 0.0, ""resnet18"": 0.002, ""resnet50"": 0.7345}",0.7345,2000,paired crossed split-seed
mura_A_cnn4_all3,211,split_01|split_02|split_05|split_07|split_08,"{""densenet121"": 0.116, ""efficientnet_b0"": 0.0, ""resnet18"": 0.002, ""resnet50"": 0.882}",0.882,2000,paired crossed split-seed
mura_A_cnn4_all3,212,split_01|split_02|split_05|split_06|split_10,"{""densenet121"": 0.1415, ""efficientnet_b0"": 0.0, ""resnet18"": 0.0, ""resnet50"": 0.8585}",0.8585,2000,paired crossed split-seed
mura_A_cnn4_all3,213,split_01|split_02|split_05|split_06|split_09,"{""densenet121"": 0.307, ""efficientnet_b0"": 0.0, ""resnet18"": 0.001, ""resnet50"": 0.692}",0.692,2000,paired crossed split-seed
mura_A_cnn4_all3,214,split_01|split_02|split_05|split_06|split_08,"{""densenet121"": 0.149, ""efficientnet_b0"": 0.0, ""resnet18"": 0.003, ""resnet50"": 0.848}",0.848,2000,paired crossed split-seed
mura_A_cnn4_all3,215,split_01|split_02|split_05|split_06|split_07,"{""densenet121"": 0.088, ""efficientnet_b0"": 0.0, ""resnet18"": 0.001, ""resnet50"": 0.911}",0.911,2000,paired crossed split-seed
mura_A_cnn4_all3,216,split_01|split_02|split_04|split_09|split_10,"{""densenet121"": 0.7175, ""efficientnet_b0"": 0.0, ""resnet18"": 0.001, ""resnet50"": 0.2815}",0.7175,2000,paired crossed split-seed
mura_A_cnn4_all3,217,split_01|split_02|split_04|split_08|split_10,"{""densenet121"": 0.581, ""efficientnet_b0"": 0.0, ""resnet18"": 0.0005, ""resnet50"": 0.4185}",0.581,2000,paired crossed split-seed
mura_A_cnn4_all3,218,split_01|split_02|split_04|split_08|split_09,"{""densenet121"": 0.7625, ""efficientnet_b0"": 0.0, ""resnet18"": 0.003, ""resnet50"": 0.2345}",0.7625,2000,paired crossed split-seed
mura_A_cnn4_all3,219,split_01|split_02|split_04|split_07|split_10,"{""densenet121"": 0.3885, ""efficientnet_b0"": 0.0, ""resnet18"": 0.001, ""resnet50"": 0.6105}",0.6105,2000,paired crossed split-seed
mura_A_cnn4_all3,220,split_01|split_02|split_04|split_07|split_09,"{""densenet121"": 0.627, ""efficientnet_b0"": 0.0, ""resnet18"": 0.002, ""resnet50"": 0.371}",0.627,2000,paired crossed split-seed
mura_A_cnn4_all3,221,split_01|split_02|split_04|split_07|split_08,"{""densenet121"": 0.4685, ""efficientnet_b0"": 0.0, ""resnet18"": 0.0015, ""resnet50"": 0.53}",0.53,2000,paired crossed split-seed
mura_A_cnn4_all3,222,split_01|split_02|split_04|split_06|split_10,"{""densenet121"": 0.4365, ""efficientnet_b0"": 0.0, ""resnet18"": 0.0, ""resnet50"": 0.5635}",0.5635,2000,paired crossed split-seed
mura_A_cnn4_all3,223,split_01|split_02|split_04|split_06|split_09,"{""densenet121"": 0.6585, ""efficientnet_b0"": 0.0, ""resnet18"": 0.0015, ""resnet50"": 0.34}",0.6585,2000,paired crossed split-seed
mura_A_cnn4_all3,224,split_01|split_02|split_04|split_06|split_08,"{""densenet121"": 0.5215, ""efficientnet_b0"": 0.0005, ""resnet18"": 0.001, ""resnet50"": 0.477}",0.477,2000,paired crossed split-seed
mura_A_cnn4_all3,225,split_01|split_02|split_04|split_06|split_07,"{""densenet121"": 0.3495, ""efficientnet_b0"": 0.0, ""resnet18"": 0.002, ""resnet50"": 0.6485}",0.6485,2000,paired crossed split-seed
mura_A_cnn4_all3,226,split_01|split_02|split_04|split_05|split_10,"{""densenet121"": 0.243, ""efficientnet_b0"": 0.0, ""resnet18"": 0.002, ""resnet50"": 0.755}",0.755,2000,paired crossed split-seed
mura_A_cnn4_all3,227,split_01|split_02|split_04|split_05|split_09,"{""densenet121"": 0.4405, ""efficientnet_b0"": 0.0, ""resnet18"": 0.004, ""resnet50"": 0.5555}",0.5555,2000,paired crossed split-seed
mura_A_cnn4_all3,228,split_01|split_02|split_04|split_05|split_08,"{""densenet121"": 0.3, ""efficientnet_b0"": 0.0, ""resnet18"": 0.0025, ""resnet50"": 0.6975}",0.6975,2000,paired crossed split-seed
mura_A_cnn4_all3,229,split_01|split_02|split_04|split_05|split_07,"{""densenet121"": 0.1555, ""efficientnet_b0"": 0.0, ""resnet18"": 0.003, ""resnet50"": 0.8415}",0.8415,2000,paired crossed split-seed
mura_A_cnn4_all3,230,split_01|split_02|split_04|split_05|split_06,"{""densenet121"": 0.1915, ""efficientnet_b0"": 0.0, ""resnet18"": 0.0035, ""resnet50"": 0.805}",0.805,2000,paired crossed split-seed
mura_A_cnn4_all3,231,split_01|split_02|split_03|split_09|split_10,"{""densenet121"": 0.309, ""efficientnet_b0"": 0.0, ""resnet18"": 0.0005, ""resnet50"": 0.6905}",0.6905,2000,paired crossed split-seed
mura_A_cnn4_all3,232,split_01|split_02|split_03|split_08|split_10,"{""densenet121"": 0.1615, ""efficientnet_b0"": 0.0, ""resnet18"": 0.001, ""resnet50"": 0.8375}",0.8375,2000,paired crossed split-seed
mura_A_cnn4_all3,233,split_01|split_02|split_03|split_08|split_09,"{""densenet121"": 0.373, ""efficientnet_b0"": 0.0, ""resnet18"": 0.0025, ""resnet50"": 0.6245}",0.6245,2000,paired crossed split-seed
mura_A_cnn4_all3,234,split_01|split_02|split_03|split_07|split_10,"{""densenet121"": 0.09, ""efficientnet_b0"": 0.0, ""resnet18"": 0.0, ""resnet50"": 0.91}",0.91,2000,paired crossed split-seed
mura_A_cnn4_all3,235,split_01|split_02|split_03|split_07|split_09,"{""densenet121"": 0.2685, ""efficientnet_b0"": 0.0, ""resnet18"": 0.0015, ""resnet50"": 0.73}",0.73,2000,paired crossed split-seed
mura_A_cnn4_all3,236,split_01|split_02|split_03|split_07|split_08,"{""densenet121"": 0.1215, ""efficientnet_b0"": 0.0, ""resnet18"": 0.001, ""resnet50"": 0.8775}",0.8775,2000,paired crossed split-seed
mura_A_cnn4_all3,237,split_01|split_02|split_03|split_06|split_10,"{""densenet121"": 0.115, ""efficientnet_b0"": 0.0005, ""resnet18"": 0.001, ""resnet50"": 0.8835}",0.8835,2000,paired crossed split-seed
mura_A_cnn4_all3,238,split_01|split_02|split_03|split_06|split_09,"{""densenet121"": 0.28, ""efficientnet_b0"": 0.0005, ""resnet18"": 0.003, ""resnet50"": 0.7165}",0.7165,2000,paired crossed split-seed
mura_A_cnn4_all3,239,split_01|split_02|split_03|split_06|split_08,"{""densenet121"": 0.1365, ""efficientnet_b0"": 0.0, ""resnet18"": 0.002, ""resnet50"": 0.8615}",0.8615,2000,paired crossed split-seed
mura_A_cnn4_all3,240,split_01|split_02|split_03|split_06|split_07,"{""densenet121"": 0.0695, ""efficientnet_b0"": 0.0, ""resnet18"": 0.0, ""resnet50"": 0.9305}",0.9305,2000,paired crossed split-seed
mura_A_cnn4_all3,241,split_01|split_02|split_03|split_05|split_10,"{""densenet121"": 0.0505, ""efficientnet_b0"": 0.0, ""resnet18"": 0.001, ""resnet50"": 0.9485}",0.9485,2000,paired crossed split-seed
mura_A_cnn4_all3,242,split_01|split_02|split_03|split_05|split_09,"{""densenet121"": 0.166, ""efficientnet_b0"": 0.0, ""resnet18"": 0.001, ""resnet50"": 0.833}",0.833,2000,paired crossed split-seed
mura_A_cnn4_all3,243,split_01|split_02|split_03|split_05|split_08,"{""densenet121"": 0.05, ""efficientnet_b0"": 0.0, ""resnet18"": 0.004, ""resnet50"": 0.946}",0.946,2000,paired crossed split-seed
mura_A_cnn4_all3,244,split_01|split_02|split_03|split_05|split_07,"{""densenet121"": 0.024, ""efficientnet_b0"": 0.0, ""resnet18"": 0.001, ""resnet50"": 0.975}",0.975,2000,paired crossed split-seed
mura_A_cnn4_all3,245,split_01|split_02|split_03|split_05|split_06,"{""densenet121"": 0.0355, ""efficientnet_b0"": 0.0, ""resnet18"": 0.0, ""resnet50"": 0.9645}",0.9645,2000,paired crossed split-seed
mura_A_cnn4_all3,246,split_01|split_02|split_03|split_04|split_10,"{""densenet121"": 0.2465, ""efficientnet_b0"": 0.0, ""resnet18"": 0.001, ""resnet50"": 0.7525}",0.7525,2000,paired crossed split-seed
mura_A_cnn4_all3,247,split_01|split_02|split_03|split_04|split_09,"{""densenet121"": 0.4385, ""efficientnet_b0"": 0.0, ""resnet18"": 0.0035, ""resnet50"": 0.558}",0.558,2000,paired crossed split-seed
mura_A_cnn4_all3,248,split_01|split_02|split_03|split_04|split_08,"{""densenet121"": 0.321, ""efficientnet_b0"": 0.0, ""resnet18"": 0.002, ""resnet50"": 0.677}",0.677,2000,paired crossed split-seed
mura_A_cnn4_all3,249,split_01|split_02|split_03|split_04|split_07,"{""densenet121"": 0.1765, ""efficientnet_b0"": 0.0, ""resnet18"": 0.002, ""resnet50"": 0.8215}",0.8215,2000,paired crossed split-seed
mura_A_cnn4_all3,250,split_01|split_02|split_03|split_04|split_06,"{""densenet121"": 0.204, ""efficientnet_b0"": 0.0, ""resnet18"": 0.002, ""resnet50"": 0.794}",0.794,2000,paired crossed split-seed
mura_A_cnn4_all3,251,split_01|split_02|split_03|split_04|split_05,"{""densenet121"": 0.1005, ""efficientnet_b0"": 0.0, ""resnet18"": 0.0025, ""resnet50"": 0.897}",0.897,2000,paired crossed split-seed
