run_id,dataset,model,variant,total_parameters,trainable_parameters,class_count,checkpoint_path,recorded_checkpoint_sha256,data_pickle_sha256,parameter_shape_sha256,source_freeze_modules,checkpoint_identity_verified,pilot_trainable_match
jiim_ext_isic2019_split_01_seed_42_resnet18_A,isic2019,resnet18,shared,11180616,8397832,8,research-lab/experiments/registered-workflow/extensions/jiim_2026_major_revision/runs/jiim_ext_isic2019_split_01_seed_42_resnet18_A/checkpoints/best_validation_loss.pt,754b40032ebd2b416044f1ebc0ef8c7e31a89eb4c090204d3ba0c8d62ac03769,a01d625fe4a0e12ef6edee78ece82481300b21493bf6d6eb769861adef0dbaba,a11e50dab918696148c2dc35c9025cbec8cb2db68cff027f2626ba9b68be5567,layer4.;fc.,True,True
jiim_ext_isic2019_split_01_seed_52_resnet18_A,isic2019,resnet18,shared,11180616,8397832,8,research-lab/experiments/registered-workflow/extensions/jiim_2026_major_revision/runs/jiim_ext_isic2019_split_01_seed_52_resnet18_A/checkpoints/best_validation_loss.pt,33f7ffb09d1d423dc71fa6e5fac8c96bf5e54b92ff435806a0928f7929841190,8eba2e6d26d720ff31ec562b5a1808357095e292a1c3426da6c7be092657972a,a11e50dab918696148c2dc35c9025cbec8cb2db68cff027f2626ba9b68be5567,layer4.;fc.,True,True
jiim_ext_isic2019_split_01_seed_62_resnet18_A,isic2019,resnet18,shared,11180616,8397832,8,research-lab/experiments/registered-workflow/extensions/jiim_2026_major_revision/runs/jiim_ext_isic2019_split_01_seed_62_resnet18_A/checkpoints/best_validation_loss.pt,4ed9f621e8ff45d0900a1d9a0297db6403760e968bdc12bb42b298922371e98f,ca2c3f1dfe0a75870ffeab19fc2664f60b621338a3379b57f5c3031d2f0255ae,a11e50dab918696148c2dc35c9025cbec8cb2db68cff027f2626ba9b68be5567,layer4.;fc.,True,True
jiim_ext_isic2019_split_01_seed_42_resnet50_A,isic2019,resnet50,shared,23524424,14981128,8,research-lab/experiments/registered-workflow/extensions/jiim_2026_major_revision/runs/jiim_ext_isic2019_split_01_seed_42_resnet50_A/checkpoints/best_validation_loss.pt,f538e6f231c100a95a4bf383d4b86cd94b342d8cd3e50127b47a5c1fd36f4721,6f2988f08d7237fb66ec91af7dc652525bb72babbe2824c3c847283a308cdd10,acdb819277c466132087fdc949f2c1d1e80b089390775137001a6e9b025cec68,layer4.;fc.,True,True
jiim_ext_isic2019_split_01_seed_52_resnet50_A,isic2019,resnet50,shared,23524424,14981128,8,research-lab/experiments/registered-workflow/extensions/jiim_2026_major_revision/runs/jiim_ext_isic2019_split_01_seed_52_resnet50_A/checkpoints/best_validation_loss.pt,119c7c8f6d943118cf9ede309573ce57bcfb6f219f36e4b842d96a30c146ff84,4737d4ee4f47ca58a8876f52d63797ced7943bdb56d2a6d89b8f99dbf88bb469,acdb819277c466132087fdc949f2c1d1e80b089390775137001a6e9b025cec68,layer4.;fc.,True,True
jiim_ext_isic2019_split_01_seed_62_resnet50_A,isic2019,resnet50,shared,23524424,14981128,8,research-lab/experiments/registered-workflow/extensions/jiim_2026_major_revision/runs/jiim_ext_isic2019_split_01_seed_62_resnet50_A/checkpoints/best_validation_loss.pt,5984fbda0fabe8d6c0695131e627a4ccb6993cfcb2ba0a85f92e22e8d32dbbb8,0492b788c2ee3150abeddcaffd90228ec72e22a018552c699a5252911ce0a8c7,acdb819277c466132087fdc949f2c1d1e80b089390775137001a6e9b025cec68,layer4.;fc.,True,True
jiim_ext_isic2019_split_01_seed_42_densenet121_A,isic2019,densenet121,shared,6962056,2168328,8,research-lab/experiments/registered-workflow/extensions/jiim_2026_major_revision/runs/jiim_ext_isic2019_split_01_seed_42_densenet121_A/checkpoints/best_validation_loss.pt,f6f976e5a352b304156ac31b1a156ddd7f7acd11acdd0015ce191da6497b5b9f,7df94d27fabb3991c3e69582aa4278986d09491f99effed06d3946b48ee1fc98,bd9c5adec57cf6497504843d00abb3bb5dae7991649684fd5bd4d82ba91428b5,features.denseblock4.;features.norm5.;classifier.,True,True
jiim_ext_isic2019_split_01_seed_52_densenet121_A,isic2019,densenet121,shared,6962056,2168328,8,research-lab/experiments/registered-workflow/extensions/jiim_2026_major_revision/runs/jiim_ext_isic2019_split_01_seed_52_densenet121_A/checkpoints/best_validation_loss.pt,68d719338a52006a6b4eabcfb3f38065453ab4e86324ab144a8f54399247dfa0,c9a5e63d395c52e424aec4d5a2b7e589975de3830959f3a7548bceb630c77cfb,bd9c5adec57cf6497504843d00abb3bb5dae7991649684fd5bd4d82ba91428b5,features.denseblock4.;features.norm5.;classifier.,True,True
jiim_ext_isic2019_split_01_seed_62_densenet121_A,isic2019,densenet121,shared,6962056,2168328,8,research-lab/experiments/registered-workflow/extensions/jiim_2026_major_revision/runs/jiim_ext_isic2019_split_01_seed_62_densenet121_A/checkpoints/best_validation_loss.pt,6829683c8791ce8024ecf0972ebafe73df89bfd737a3ff49e5f9ed62901e6fa1,1686ea313c41ee75becf3efcbc2f3efc6d21585ee094bfa9d572c546a50a879c,bd9c5adec57cf6497504843d00abb3bb5dae7991649684fd5bd4d82ba91428b5,features.denseblock4.;features.norm5.;classifier.,True,True
jiim_ext_isic2019_split_01_seed_42_efficientnet_b0_A,isic2019,efficientnet_b0,shared,4017796,422408,8,research-lab/experiments/registered-workflow/extensions/jiim_2026_major_revision/runs/jiim_ext_isic2019_split_01_seed_42_efficientnet_b0_A/checkpoints/best_validation_loss.pt,fda4749d351ab4f40cbcd24db96d8e72ca02378d83a964d8b693db9d55d4c01b,9e1f26fdaf7eca3a24ce28575d35c8d90cd641b64a0270edc0ffc0eb34d555f5,cc31c06ce74e1f1cbde73c1750e63fee1fc09123b9d85616923c5387ee62c7d5,features.8.;classifier.,True,True
jiim_ext_isic2019_split_01_seed_52_efficientnet_b0_A,isic2019,efficientnet_b0,shared,4017796,422408,8,research-lab/experiments/registered-workflow/extensions/jiim_2026_major_revision/runs/jiim_ext_isic2019_split_01_seed_52_efficientnet_b0_A/checkpoints/best_validation_loss.pt,c35eff26a215f6a6313b307340dec1ce23e64a8f918c67ac96495cc56d4ee932,1ec622749ba64f9bc2fcbcdf2b32f50f0f3d225e3d47a0dda583b1c73d92d554,cc31c06ce74e1f1cbde73c1750e63fee1fc09123b9d85616923c5387ee62c7d5,features.8.;classifier.,True,True
jiim_ext_isic2019_split_01_seed_62_efficientnet_b0_A,isic2019,efficientnet_b0,shared,4017796,422408,8,research-lab/experiments/registered-workflow/extensions/jiim_2026_major_revision/runs/jiim_ext_isic2019_split_01_seed_62_efficientnet_b0_A/checkpoints/best_validation_loss.pt,0c4c47ed2d6c507c6d5fc7babe398a7b80fdc52e717be8bd94557b57d912419e,e2f7b9708d636ac5a1296c73205fceff38b5271566c715a572339323769ba599,cc31c06ce74e1f1cbde73c1750e63fee1fc09123b9d85616923c5387ee62c7d5,features.8.;classifier.,True,True
jiim_ext_isic2019_split_01_seed_42_swin_t_A,isic2019,swin_t,shared,27525506,14191544,8,research-lab/experiments/registered-workflow/extensions/jiim_2026_major_revision/runs/jiim_ext_isic2019_split_01_seed_42_swin_t_A/checkpoints/best_validation_loss.pt,23cd3e428be469a151fba9f58f6bd9274c40a367c6013a7ec57abb134946f5d3,f36f4bd56e41eea40c268121a8f20419e3d761e331339842e52da9a0a5e56603,7c308663e0932283ea76ab506bd77b32e9abe62f858680057a71252c1c84487e,features.7.;norm.;head.,True,True
jiim_ext_isic2019_split_01_seed_52_swin_t_A,isic2019,swin_t,shared,27525506,14191544,8,research-lab/experiments/registered-workflow/extensions/jiim_2026_major_revision/runs/jiim_ext_isic2019_split_01_seed_52_swin_t_A/checkpoints/best_validation_loss.pt,ce137dd2ba812037444107734c806bb0a0a82c2f2d02ff87c70d4c91932fda26,95ba139c766d4d9c1ac3ba444c41469b996baee8f3b30fe16a4d29b88dc9458a,7c308663e0932283ea76ab506bd77b32e9abe62f858680057a71252c1c84487e,features.7.;norm.;head.,True,True
jiim_ext_isic2019_split_01_seed_62_swin_t_A,isic2019,swin_t,shared,27525506,14191544,8,research-lab/experiments/registered-workflow/extensions/jiim_2026_major_revision/runs/jiim_ext_isic2019_split_01_seed_62_swin_t_A/checkpoints/best_validation_loss.pt,8250221feffa28bd109539d589b64990316d9629cbc89774338ab34c519fc9df,8e4bb287613492e4e8a476480a5717b5c23f18decbad74cdf3da655f6b3c7f31,7c308663e0932283ea76ab506bd77b32e9abe62f858680057a71252c1c84487e,features.7.;norm.;head.,True,True
jiim_ext_isic2019_split_01_seed_42_swin_t_B,isic2019,swin_t,swin_weight_eval,27525506,14191544,8,research-lab/experiments/registered-workflow/extensions/jiim_2026_major_revision/runs/jiim_ext_isic2019_split_01_seed_42_swin_t_B/checkpoints/best_validation_loss.pt,25ceb2e2a0bf03d387a6ad5dca3aa5e359ba418caf92c0b5341c88284c26b48c,8d8de0596c6814d74f90f021b00b4d3d4bacea8f419c3b855bd0312ee308884f,7c308663e0932283ea76ab506bd77b32e9abe62f858680057a71252c1c84487e,features.7.;norm.;head.,True,True
jiim_ext_isic2019_split_01_seed_52_swin_t_B,isic2019,swin_t,swin_weight_eval,27525506,14191544,8,research-lab/experiments/registered-workflow/extensions/jiim_2026_major_revision/runs/jiim_ext_isic2019_split_01_seed_52_swin_t_B/checkpoints/best_validation_loss.pt,e4a713b871c426050384d9d83ab25d8d2415a518a828738c19f63bf5695045d2,42a854c22ab404a3335f21092f0e35471823bd550e4fbb1c7fad81cb3ce4fe24,7c308663e0932283ea76ab506bd77b32e9abe62f858680057a71252c1c84487e,features.7.;norm.;head.,True,True
jiim_ext_isic2019_split_01_seed_62_swin_t_B,isic2019,swin_t,swin_weight_eval,27525506,14191544,8,research-lab/experiments/registered-workflow/extensions/jiim_2026_major_revision/runs/jiim_ext_isic2019_split_01_seed_62_swin_t_B/checkpoints/best_validation_loss.pt,c144896de5781dd53bb99169aa699ff8144f48df0e69fe6a983e43417268178d,d4e9a4931e6f4b5f08d4583df5ecd4b9897bcc6338e6738f38dff9519d491c2b,7c308663e0932283ea76ab506bd77b32e9abe62f858680057a71252c1c84487e,features.7.;norm.;head.,True,True
jiim_ext_isic2019_split_02_seed_42_resnet18_A,isic2019,resnet18,shared,11180616,8397832,8,research-lab/experiments/registered-workflow/extensions/jiim_2026_major_revision/runs/jiim_ext_isic2019_split_02_seed_42_resnet18_A/checkpoints/best_validation_loss.pt,47035aac0117601ab39a17f46842ccb92da7fe50733c59f20395b2d9e41ba467,9585b57a4c818fe281b9bbe68908585752677f536da2e42896975696e1cd47b1,a11e50dab918696148c2dc35c9025cbec8cb2db68cff027f2626ba9b68be5567,layer4.;fc.,True,True
jiim_ext_isic2019_split_02_seed_52_resnet18_A,isic2019,resnet18,shared,11180616,8397832,8,research-lab/experiments/registered-workflow/extensions/jiim_2026_major_revision/runs/jiim_ext_isic2019_split_02_seed_52_resnet18_A/checkpoints/best_validation_loss.pt,38d588401319c270db1659aab22a30fdfb538432feb49e96115b4d4e83fd372d,0e5d27a41238dfa775632a6f8a3fadeaf87961d50acb7351286650d0309dff33,a11e50dab918696148c2dc35c9025cbec8cb2db68cff027f2626ba9b68be5567,layer4.;fc.,True,True
jiim_ext_isic2019_split_02_seed_62_resnet18_A,isic2019,resnet18,shared,11180616,8397832,8,research-lab/experiments/registered-workflow/extensions/jiim_2026_major_revision/runs/jiim_ext_isic2019_split_02_seed_62_resnet18_A/checkpoints/best_validation_loss.pt,59f84a512fd086a11a3a3f3419046ea20a9d7c5df4a6fa90823b49a2f4af50c8,b8d7e7f531460a544ae3b17248c3dd3b17e32cbd637822437a8ceef2a35ce435,a11e50dab918696148c2dc35c9025cbec8cb2db68cff027f2626ba9b68be5567,layer4.;fc.,True,True
jiim_ext_isic2019_split_02_seed_42_resnet50_A,isic2019,resnet50,shared,23524424,14981128,8,research-lab/experiments/registered-workflow/extensions/jiim_2026_major_revision/runs/jiim_ext_isic2019_split_02_seed_42_resnet50_A/checkpoints/best_validation_loss.pt,896bc23fd6b75e59c3db95813f8a7fe4c8162524b3326a5e243355184172e5ed,65648ecd79bff61a704bf641f8754e5d9c14b93a22c5cdc9fa84f6d51580fcdf,acdb819277c466132087fdc949f2c1d1e80b089390775137001a6e9b025cec68,layer4.;fc.,True,True
jiim_ext_isic2019_split_02_seed_52_resnet50_A,isic2019,resnet50,shared,23524424,14981128,8,research-lab/experiments/registered-workflow/extensions/jiim_2026_major_revision/runs/jiim_ext_isic2019_split_02_seed_52_resnet50_A/checkpoints/best_validation_loss.pt,c060073ada643c736911d5eed1c89658d352febb809d8694085461d27fd5d9ef,dd6788eb02dacefaa7059bdfe099f1be8d5fc063a788cca6903d2cd54a1dadb2,acdb819277c466132087fdc949f2c1d1e80b089390775137001a6e9b025cec68,layer4.;fc.,True,True
jiim_ext_isic2019_split_02_seed_62_resnet50_A,isic2019,resnet50,shared,23524424,14981128,8,research-lab/experiments/registered-workflow/extensions/jiim_2026_major_revision/runs/jiim_ext_isic2019_split_02_seed_62_resnet50_A/checkpoints/best_validation_loss.pt,9951d548bab8bced828c63a472a8e79f89ee57e55c883e10810a506084f51d78,6fb18080892db8f633bc5a268ec328e145a7b7b6b3ecf3793c833b5596306127,acdb819277c466132087fdc949f2c1d1e80b089390775137001a6e9b025cec68,layer4.;fc.,True,True
jiim_ext_isic2019_split_02_seed_42_densenet121_A,isic2019,densenet121,shared,6962056,2168328,8,research-lab/experiments/registered-workflow/extensions/jiim_2026_major_revision/runs/jiim_ext_isic2019_split_02_seed_42_densenet121_A/checkpoints/best_validation_loss.pt,9a156b4d75e005dc566830fd2e04b0614ace664ad7dc5be21b3241ba0ed3e34b,08d52dfa9dfc79ae9629fc89808b04b4fe2ecccd8b0ec2166a336ac6547be80e,bd9c5adec57cf6497504843d00abb3bb5dae7991649684fd5bd4d82ba91428b5,features.denseblock4.;features.norm5.;classifier.,True,True
jiim_ext_isic2019_split_02_seed_52_densenet121_A,isic2019,densenet121,shared,6962056,2168328,8,research-lab/experiments/registered-workflow/extensions/jiim_2026_major_revision/runs/jiim_ext_isic2019_split_02_seed_52_densenet121_A/checkpoints/best_validation_loss.pt,4551010c4def8f822062d739e07802f27a6b7c3b66d52aace5ffd3f1e0683eb9,bda63e5cbb5a5f342cdb1aad3f8f8231b57bb6b2b95b9f942317844a2ed331d2,bd9c5adec57cf6497504843d00abb3bb5dae7991649684fd5bd4d82ba91428b5,features.denseblock4.;features.norm5.;classifier.,True,True
jiim_ext_isic2019_split_02_seed_62_densenet121_A,isic2019,densenet121,shared,6962056,2168328,8,research-lab/experiments/registered-workflow/extensions/jiim_2026_major_revision/runs/jiim_ext_isic2019_split_02_seed_62_densenet121_A/checkpoints/best_validation_loss.pt,43d4fc74123599695ef752da313d9e6b698be62d62b2b418efb6de17616535de,78f701fe8e95dfd3ccda8e0429e10811c3814e827af31e97ca08107cd5c1ca82,bd9c5adec57cf6497504843d00abb3bb5dae7991649684fd5bd4d82ba91428b5,features.denseblock4.;features.norm5.;classifier.,True,True
jiim_ext_isic2019_split_02_seed_42_efficientnet_b0_A,isic2019,efficientnet_b0,shared,4017796,422408,8,research-lab/experiments/registered-workflow/extensions/jiim_2026_major_revision/runs/jiim_ext_isic2019_split_02_seed_42_efficientnet_b0_A/checkpoints/best_validation_loss.pt,d1c500f9f5c0b9d56de3784b42b52b01daa73fcdf03889b956107de619e7dbff,fa9d7ad481641b4ed48833d893e7d0ec90a0d55de2aaebf4bf0b47d1c761e126,cc31c06ce74e1f1cbde73c1750e63fee1fc09123b9d85616923c5387ee62c7d5,features.8.;classifier.,True,True
jiim_ext_isic2019_split_02_seed_52_efficientnet_b0_A,isic2019,efficientnet_b0,shared,4017796,422408,8,research-lab/experiments/registered-workflow/extensions/jiim_2026_major_revision/runs/jiim_ext_isic2019_split_02_seed_52_efficientnet_b0_A/checkpoints/best_validation_loss.pt,3ead8c663025d1ba92edc52cc255216268891a3686f5edced912885628137473,f53f3c1ffb87562372c8d6a9b350f8e0c13d02cedf7433694c0c08c0ccae27be,cc31c06ce74e1f1cbde73c1750e63fee1fc09123b9d85616923c5387ee62c7d5,features.8.;classifier.,True,True
jiim_ext_isic2019_split_02_seed_62_efficientnet_b0_A,isic2019,efficientnet_b0,shared,4017796,422408,8,research-lab/experiments/registered-workflow/extensions/jiim_2026_major_revision/runs/jiim_ext_isic2019_split_02_seed_62_efficientnet_b0_A/checkpoints/best_validation_loss.pt,433459d91651282cb0f8ddc310009fec675ec9ff43d20550960f2633586fbce5,308915a74267b5565321e7087f54f71ba41167376aec65360f16dac0df152968,cc31c06ce74e1f1cbde73c1750e63fee1fc09123b9d85616923c5387ee62c7d5,features.8.;classifier.,True,True
jiim_ext_isic2019_split_02_seed_42_swin_t_A,isic2019,swin_t,shared,27525506,14191544,8,research-lab/experiments/registered-workflow/extensions/jiim_2026_major_revision/runs/jiim_ext_isic2019_split_02_seed_42_swin_t_A/checkpoints/best_validation_loss.pt,df25cbd6d94c9cbaeb2651fd6117a6372f49c5c2d94bc754d614df4d82c7ec27,14aeb8a5346a1a192b346bdf254d097591c9730435d39e2c787755b544bb7081,7c308663e0932283ea76ab506bd77b32e9abe62f858680057a71252c1c84487e,features.7.;norm.;head.,True,True
jiim_ext_isic2019_split_02_seed_52_swin_t_A,isic2019,swin_t,shared,27525506,14191544,8,research-lab/experiments/registered-workflow/extensions/jiim_2026_major_revision/runs/jiim_ext_isic2019_split_02_seed_52_swin_t_A/checkpoints/best_validation_loss.pt,58b7ebf13f8b4730561e2004a42355d3d128eb98135247766b8f4f15073c45e2,64396aa177b0482ad65c8d05ed7ef4cfad1c86ce68c5902adad755002b091dc2,7c308663e0932283ea76ab506bd77b32e9abe62f858680057a71252c1c84487e,features.7.;norm.;head.,True,True
jiim_ext_isic2019_split_02_seed_62_swin_t_A,isic2019,swin_t,shared,27525506,14191544,8,research-lab/experiments/registered-workflow/extensions/jiim_2026_major_revision/runs/jiim_ext_isic2019_split_02_seed_62_swin_t_A/checkpoints/best_validation_loss.pt,59c5fbc3a4bebd47c9ce36c5e13a9acdc0a9f69ddb7e48109f1372b2f3850425,61500ee33c7ddbdc49728f608d9b3206090f5ef47f67a27b6189e617f5c117da,7c308663e0932283ea76ab506bd77b32e9abe62f858680057a71252c1c84487e,features.7.;norm.;head.,True,True
jiim_ext_isic2019_split_02_seed_42_swin_t_B,isic2019,swin_t,swin_weight_eval,27525506,14191544,8,research-lab/experiments/registered-workflow/extensions/jiim_2026_major_revision/runs/jiim_ext_isic2019_split_02_seed_42_swin_t_B/checkpoints/best_validation_loss.pt,a4a5f05c8ddf1272315bd6d1a6b92550468c087297aef7013cbb38a83ec84653,f11364f6d78faf4b93748082d4031caefe7885c8fc1f58d865ee5d325c19c527,7c308663e0932283ea76ab506bd77b32e9abe62f858680057a71252c1c84487e,features.7.;norm.;head.,True,True
jiim_ext_isic2019_split_02_seed_52_swin_t_B,isic2019,swin_t,swin_weight_eval,27525506,14191544,8,research-lab/experiments/registered-workflow/extensions/jiim_2026_major_revision/runs/jiim_ext_isic2019_split_02_seed_52_swin_t_B/checkpoints/best_validation_loss.pt,f2720d838d35fe9b91b061add9f6af814d8b9a17335fe778e32e135621d6eb0b,d5696d57cc10f80e376434c6c1613479cf1842e43c153358c1c9f1719476f817,7c308663e0932283ea76ab506bd77b32e9abe62f858680057a71252c1c84487e,features.7.;norm.;head.,True,True
jiim_ext_isic2019_split_02_seed_62_swin_t_B,isic2019,swin_t,swin_weight_eval,27525506,14191544,8,research-lab/experiments/registered-workflow/extensions/jiim_2026_major_revision/runs/jiim_ext_isic2019_split_02_seed_62_swin_t_B/checkpoints/best_validation_loss.pt,fa43de4008ea51e638ebd7c524e34a760ea4ff19fa0bc5871bd3ce215d5d3352,c098ab4c61d6c765ef18acbcd210bcaf2a55c2f20a14a43d812129b1b2fdc90d,7c308663e0932283ea76ab506bd77b32e9abe62f858680057a71252c1c84487e,features.7.;norm.;head.,True,True
jiim_ext_isic2019_split_03_seed_42_resnet18_A,isic2019,resnet18,shared,11180616,8397832,8,research-lab/experiments/registered-workflow/extensions/jiim_2026_major_revision/runs/jiim_ext_isic2019_split_03_seed_42_resnet18_A/checkpoints/best_validation_loss.pt,da5d56006e845ad7a923afa9583b8b6f0c4fbdf874dcb0aba500d8bbb03de298,cf504c93076c658237fadb0f7c9f9bb41d76ef3de84b919172d5bebaae766bfc,a11e50dab918696148c2dc35c9025cbec8cb2db68cff027f2626ba9b68be5567,layer4.;fc.,True,True
jiim_ext_isic2019_split_03_seed_52_resnet18_A,isic2019,resnet18,shared,11180616,8397832,8,research-lab/experiments/registered-workflow/extensions/jiim_2026_major_revision/runs/jiim_ext_isic2019_split_03_seed_52_resnet18_A/checkpoints/best_validation_loss.pt,860f3834fac4badfbf907b31f14a7290d4bb07586cd4889a925eae67a469db44,1f29935bdf581bda97614b73704d2e0870a0763c5dad475d8bbe2df285b86a97,a11e50dab918696148c2dc35c9025cbec8cb2db68cff027f2626ba9b68be5567,layer4.;fc.,True,True
jiim_ext_isic2019_split_03_seed_62_resnet18_A,isic2019,resnet18,shared,11180616,8397832,8,research-lab/experiments/registered-workflow/extensions/jiim_2026_major_revision/runs/jiim_ext_isic2019_split_03_seed_62_resnet18_A/checkpoints/best_validation_loss.pt,0b2cecd8f8b07337ea23328d94ebeaaa5f6e8f2faece925cc9b4151d26a4038e,de584f5a778c1e28447fd2b1fa62882ce5e9c664ede27210a157603e154fd73e,a11e50dab918696148c2dc35c9025cbec8cb2db68cff027f2626ba9b68be5567,layer4.;fc.,True,True
jiim_ext_isic2019_split_03_seed_42_resnet50_A,isic2019,resnet50,shared,23524424,14981128,8,research-lab/experiments/registered-workflow/extensions/jiim_2026_major_revision/runs/jiim_ext_isic2019_split_03_seed_42_resnet50_A/checkpoints/best_validation_loss.pt,117c55cec42d7ccdbe1e8c6e9207f0616c39c8273b3345f29000301907c4d84b,66af35a3f6b12620e7fdab4e85cf6191329afe4817901d5536c97c9d357d00ad,acdb819277c466132087fdc949f2c1d1e80b089390775137001a6e9b025cec68,layer4.;fc.,True,True
jiim_ext_isic2019_split_03_seed_52_resnet50_A,isic2019,resnet50,shared,23524424,14981128,8,research-lab/experiments/registered-workflow/extensions/jiim_2026_major_revision/runs/jiim_ext_isic2019_split_03_seed_52_resnet50_A/checkpoints/best_validation_loss.pt,6eb3e97187478a2f7d8925a9cbada51cd6863982b1cccae2e3c7e4ca45dd5e93,cab61a638dc6bbd8f7784991910ae5498cf27f44fc2a9f52e2393f6743d88ae6,acdb819277c466132087fdc949f2c1d1e80b089390775137001a6e9b025cec68,layer4.;fc.,True,True
jiim_ext_isic2019_split_03_seed_62_resnet50_A,isic2019,resnet50,shared,23524424,14981128,8,research-lab/experiments/registered-workflow/extensions/jiim_2026_major_revision/runs/jiim_ext_isic2019_split_03_seed_62_resnet50_A/checkpoints/best_validation_loss.pt,e6f9eadc7b349266bfdc4e68eddbfb73f175f547b88f3f771555e2e9b3c6cf77,68191075d62ed1b00234ba20b7fb71c1866ff74c165ac094906ab1dffb28289b,acdb819277c466132087fdc949f2c1d1e80b089390775137001a6e9b025cec68,layer4.;fc.,True,True
jiim_ext_isic2019_split_03_seed_42_densenet121_A,isic2019,densenet121,shared,6962056,2168328,8,research-lab/experiments/registered-workflow/extensions/jiim_2026_major_revision/runs/jiim_ext_isic2019_split_03_seed_42_densenet121_A/checkpoints/best_validation_loss.pt,e66b036568c846d551e6f0ccdf8f05e805d701d2b431ac2658d66cab2f93c891,3baf67bbe42c8cd8521cc223f3df63b7dc4ac55e076fa1185d992f9838df52b3,bd9c5adec57cf6497504843d00abb3bb5dae7991649684fd5bd4d82ba91428b5,features.denseblock4.;features.norm5.;classifier.,True,True
jiim_ext_isic2019_split_03_seed_52_densenet121_A,isic2019,densenet121,shared,6962056,2168328,8,research-lab/experiments/registered-workflow/extensions/jiim_2026_major_revision/runs/jiim_ext_isic2019_split_03_seed_52_densenet121_A/checkpoints/best_validation_loss.pt,1d4f59fabd1508962c1ffb5a08d29123c8793a902d78d9d94b950c6036078db1,c4c3dc0e28235bd9d6fc2ffb0b05dc9cf212d4bea6938bb7d33edb2ab0fd07e4,bd9c5adec57cf6497504843d00abb3bb5dae7991649684fd5bd4d82ba91428b5,features.denseblock4.;features.norm5.;classifier.,True,True
jiim_ext_isic2019_split_03_seed_62_densenet121_A,isic2019,densenet121,shared,6962056,2168328,8,research-lab/experiments/registered-workflow/extensions/jiim_2026_major_revision/runs/jiim_ext_isic2019_split_03_seed_62_densenet121_A/checkpoints/best_validation_loss.pt,3276dc3dbc874679ed080abcd8a3af5997150c90b13dc4ed914eddc6a6a95efb,172010611503209e056e74d3bfd2abd223379565d5af99a3bf571ed1cbf7ced3,bd9c5adec57cf6497504843d00abb3bb5dae7991649684fd5bd4d82ba91428b5,features.denseblock4.;features.norm5.;classifier.,True,True
jiim_ext_isic2019_split_03_seed_42_efficientnet_b0_A,isic2019,efficientnet_b0,shared,4017796,422408,8,research-lab/experiments/registered-workflow/extensions/jiim_2026_major_revision/runs/jiim_ext_isic2019_split_03_seed_42_efficientnet_b0_A/checkpoints/best_validation_loss.pt,1f645fbd778eb2c11055c8978d25b743d398322bddb1ac11e471b398a5cc6a12,9ffb7a094b91af2d8ba652cf9730b64e86c4f4385d123010eab7df1bded25674,cc31c06ce74e1f1cbde73c1750e63fee1fc09123b9d85616923c5387ee62c7d5,features.8.;classifier.,True,True
jiim_ext_isic2019_split_03_seed_52_efficientnet_b0_A,isic2019,efficientnet_b0,shared,4017796,422408,8,research-lab/experiments/registered-workflow/extensions/jiim_2026_major_revision/runs/jiim_ext_isic2019_split_03_seed_52_efficientnet_b0_A/checkpoints/best_validation_loss.pt,86e6e254bb501d8b9c719743ea130c1d0d469cb0d3426b99e9b08c57f3795e99,e4a7d77eb20473f2c3ee7dfdc3672809a19a354dec763245948f091cbcd538cf,cc31c06ce74e1f1cbde73c1750e63fee1fc09123b9d85616923c5387ee62c7d5,features.8.;classifier.,True,True
jiim_ext_isic2019_split_03_seed_62_efficientnet_b0_A,isic2019,efficientnet_b0,shared,4017796,422408,8,research-lab/experiments/registered-workflow/extensions/jiim_2026_major_revision/runs/jiim_ext_isic2019_split_03_seed_62_efficientnet_b0_A/checkpoints/best_validation_loss.pt,74a4082280e5944987fb8a0be842aca5efaf6a82bbc6450c15a47d839303ac07,a7e1d4dc1e4524b0374c1898aa9be9d03f6655a64378b8381c7c2e09b0af7977,cc31c06ce74e1f1cbde73c1750e63fee1fc09123b9d85616923c5387ee62c7d5,features.8.;classifier.,True,True
jiim_ext_isic2019_split_03_seed_42_swin_t_A,isic2019,swin_t,shared,27525506,14191544,8,research-lab/experiments/registered-workflow/extensions/jiim_2026_major_revision/runs/jiim_ext_isic2019_split_03_seed_42_swin_t_A/checkpoints/best_validation_loss.pt,89ac7884c4cd3e17797bfac9d3a5408e9573dad483d95060b1d489f0e87f1840,5af249d463e7471537538b5ada3a9bc5c6444d7e3cfea8cf36f6fe6e91c06b05,7c308663e0932283ea76ab506bd77b32e9abe62f858680057a71252c1c84487e,features.7.;norm.;head.,True,True
jiim_ext_isic2019_split_03_seed_52_swin_t_A,isic2019,swin_t,shared,27525506,14191544,8,research-lab/experiments/registered-workflow/extensions/jiim_2026_major_revision/runs/jiim_ext_isic2019_split_03_seed_52_swin_t_A/checkpoints/best_validation_loss.pt,ef6d460af48e2448b609140dcb02af1ed5115662f92fd180228c35d72c34acf7,292750ca7bbbc0cc0d3b402124bbd7ccf4909fbac024624effe104477142671a,7c308663e0932283ea76ab506bd77b32e9abe62f858680057a71252c1c84487e,features.7.;norm.;head.,True,True
jiim_ext_isic2019_split_03_seed_62_swin_t_A,isic2019,swin_t,shared,27525506,14191544,8,research-lab/experiments/registered-workflow/extensions/jiim_2026_major_revision/runs/jiim_ext_isic2019_split_03_seed_62_swin_t_A/checkpoints/best_validation_loss.pt,e76c29b4878333da6e6f4a9b38fa62a86193e6125bde8ca87247ed5ddc8aa11d,607f49b231dc6ce694db8ce2dd00f3d972ca2cdb5f7917a6130b3d9b57668df2,7c308663e0932283ea76ab506bd77b32e9abe62f858680057a71252c1c84487e,features.7.;norm.;head.,True,True
jiim_ext_isic2019_split_03_seed_42_swin_t_B,isic2019,swin_t,swin_weight_eval,27525506,14191544,8,research-lab/experiments/registered-workflow/extensions/jiim_2026_major_revision/runs/jiim_ext_isic2019_split_03_seed_42_swin_t_B/checkpoints/best_validation_loss.pt,eb1c323f9eefa91bf3119eb043e6c4411063fd3b0a5f04ff356821af4a2ce647,614e2a179c989a65f2bac75a04e364bde2a8dc2a6d92727bec8f257e1f2ff8ac,7c308663e0932283ea76ab506bd77b32e9abe62f858680057a71252c1c84487e,features.7.;norm.;head.,True,True
jiim_ext_isic2019_split_03_seed_52_swin_t_B,isic2019,swin_t,swin_weight_eval,27525506,14191544,8,research-lab/experiments/registered-workflow/extensions/jiim_2026_major_revision/runs/jiim_ext_isic2019_split_03_seed_52_swin_t_B/checkpoints/best_validation_loss.pt,4d0ca2d5525ddd385ab6e220e0614475e73ed29c712d8b486f2a6f714afc813e,7f474cd67f68fb500770641df515c6b0563499902c4459ed86d0d3c845983465,7c308663e0932283ea76ab506bd77b32e9abe62f858680057a71252c1c84487e,features.7.;norm.;head.,True,True
jiim_ext_isic2019_split_03_seed_62_swin_t_B,isic2019,swin_t,swin_weight_eval,27525506,14191544,8,research-lab/experiments/registered-workflow/extensions/jiim_2026_major_revision/runs/jiim_ext_isic2019_split_03_seed_62_swin_t_B/checkpoints/best_validation_loss.pt,54060a990eb4fc228b7b8383e34c8f44d9f54cf67d9ae1ab755ccc0ca10be44c,3c236be44cbd19e5ebdb2dcf3ac2d5643207fd940ee46a039b2153f6737fa5bd,7c308663e0932283ea76ab506bd77b32e9abe62f858680057a71252c1c84487e,features.7.;norm.;head.,True,True
jiim_ext_isic2019_split_04_seed_42_resnet18_A,isic2019,resnet18,shared,11180616,8397832,8,research-lab/experiments/registered-workflow/extensions/jiim_2026_major_revision/runs/jiim_ext_isic2019_split_04_seed_42_resnet18_A/checkpoints/best_validation_loss.pt,0e5402e2f0a639178eab5a08abc5f8fb7a3a281b65d2e1433163c6105f77f87f,8fca430a78b82a35ac2efd9735cb07d34898faa7119e037efa412bcc860119d2,a11e50dab918696148c2dc35c9025cbec8cb2db68cff027f2626ba9b68be5567,layer4.;fc.,True,True
jiim_ext_isic2019_split_04_seed_52_resnet18_A,isic2019,resnet18,shared,11180616,8397832,8,research-lab/experiments/registered-workflow/extensions/jiim_2026_major_revision/runs/jiim_ext_isic2019_split_04_seed_52_resnet18_A/checkpoints/best_validation_loss.pt,2f1b51185d12aedacfe55ef11f3c1454cc0ecb30719167071ced6191363f3f08,6b5213655fc6beb2bc557a4998b51c426eb5e958a091bd232d4230930d3d394a,a11e50dab918696148c2dc35c9025cbec8cb2db68cff027f2626ba9b68be5567,layer4.;fc.,True,True
jiim_ext_isic2019_split_04_seed_62_resnet18_A,isic2019,resnet18,shared,11180616,8397832,8,research-lab/experiments/registered-workflow/extensions/jiim_2026_major_revision/runs/jiim_ext_isic2019_split_04_seed_62_resnet18_A/checkpoints/best_validation_loss.pt,d9b13213a95fa16fe08e284ee97447b2e2a08cd07ab52fe4e4c91c6fce7cde1b,e68f80bae51889fc13e3f9eacb8eca1db508d985c1ad84bc046d8df0547d8470,a11e50dab918696148c2dc35c9025cbec8cb2db68cff027f2626ba9b68be5567,layer4.;fc.,True,True
jiim_ext_isic2019_split_04_seed_42_resnet50_A,isic2019,resnet50,shared,23524424,14981128,8,research-lab/experiments/registered-workflow/extensions/jiim_2026_major_revision/runs/jiim_ext_isic2019_split_04_seed_42_resnet50_A/checkpoints/best_validation_loss.pt,2f6b5d5a49560281d6f4a6df464db60ab00faef411af56f8562ed1a65046aec8,941188768e489427ae4349017258240a9245ed179e6e0624900c1a8f10926437,acdb819277c466132087fdc949f2c1d1e80b089390775137001a6e9b025cec68,layer4.;fc.,True,True
jiim_ext_isic2019_split_04_seed_52_resnet50_A,isic2019,resnet50,shared,23524424,14981128,8,research-lab/experiments/registered-workflow/extensions/jiim_2026_major_revision/runs/jiim_ext_isic2019_split_04_seed_52_resnet50_A/checkpoints/best_validation_loss.pt,d1f69e71df4e486caf9381f7e95b5e5e87ae8b9f67bdc5170bb407810f1c196e,a2601aa08ae25bea5ff351754e209347452d24fcd86640c6e2aa93163d9784a8,acdb819277c466132087fdc949f2c1d1e80b089390775137001a6e9b025cec68,layer4.;fc.,True,True
jiim_ext_isic2019_split_04_seed_62_resnet50_A,isic2019,resnet50,shared,23524424,14981128,8,research-lab/experiments/registered-workflow/extensions/jiim_2026_major_revision/runs/jiim_ext_isic2019_split_04_seed_62_resnet50_A/checkpoints/best_validation_loss.pt,b84860609abfde19f255f5e515e4e1a997eb954c016a4d1a5ce33c7f6587392d,cea2cc396db7015ad1d8c3f8e9557f6b521931d06ab1a26ba830e2f57467ef38,acdb819277c466132087fdc949f2c1d1e80b089390775137001a6e9b025cec68,layer4.;fc.,True,True
jiim_ext_isic2019_split_04_seed_42_densenet121_A,isic2019,densenet121,shared,6962056,2168328,8,research-lab/experiments/registered-workflow/extensions/jiim_2026_major_revision/runs/jiim_ext_isic2019_split_04_seed_42_densenet121_A/checkpoints/best_validation_loss.pt,1c93ec654147ed9463ad0715930913d14a4d142e8c360314940278e5dc936097,dde7b717d6e4f87f450827d10c5993c63b847efb5ce7cbeede73c913750424a8,bd9c5adec57cf6497504843d00abb3bb5dae7991649684fd5bd4d82ba91428b5,features.denseblock4.;features.norm5.;classifier.,True,True
jiim_ext_isic2019_split_04_seed_52_densenet121_A,isic2019,densenet121,shared,6962056,2168328,8,research-lab/experiments/registered-workflow/extensions/jiim_2026_major_revision/runs/jiim_ext_isic2019_split_04_seed_52_densenet121_A/checkpoints/best_validation_loss.pt,fb33d0fbfab71f352092d205111ec95d06ccbdaaa38933142d2b176a1c271edc,4d2739797c0fe5028f37fa96f4267c212f8ec6187e4163aff13181ec3f0c0654,bd9c5adec57cf6497504843d00abb3bb5dae7991649684fd5bd4d82ba91428b5,features.denseblock4.;features.norm5.;classifier.,True,True
jiim_ext_isic2019_split_04_seed_62_densenet121_A,isic2019,densenet121,shared,6962056,2168328,8,research-lab/experiments/registered-workflow/extensions/jiim_2026_major_revision/runs/jiim_ext_isic2019_split_04_seed_62_densenet121_A/checkpoints/best_validation_loss.pt,bdeb608a74a9d499c99a2addcc5fee2157a7bb3700867944dae83fb4f78b4372,8c5a5393e39b6254b3480cbdf4add3c5194e4824d82f51bb4e1fb8b6023441d4,bd9c5adec57cf6497504843d00abb3bb5dae7991649684fd5bd4d82ba91428b5,features.denseblock4.;features.norm5.;classifier.,True,True
jiim_ext_isic2019_split_04_seed_42_efficientnet_b0_A,isic2019,efficientnet_b0,shared,4017796,422408,8,research-lab/experiments/registered-workflow/extensions/jiim_2026_major_revision/runs/jiim_ext_isic2019_split_04_seed_42_efficientnet_b0_A/checkpoints/best_validation_loss.pt,5052a4df88fd94bc81f275a5d960365603236747549ff3136d71de918bc8a147,4098c052ab2c83d9d47939c0a6071fcdd174dd11391878d8bd4f9800427b9c7d,cc31c06ce74e1f1cbde73c1750e63fee1fc09123b9d85616923c5387ee62c7d5,features.8.;classifier.,True,True
jiim_ext_isic2019_split_04_seed_52_efficientnet_b0_A,isic2019,efficientnet_b0,shared,4017796,422408,8,research-lab/experiments/registered-workflow/extensions/jiim_2026_major_revision/runs/jiim_ext_isic2019_split_04_seed_52_efficientnet_b0_A/checkpoints/best_validation_loss.pt,a4dc0ba7bd75abe7b31d27436e4635dd04a448688615f96d02aee409684c7532,824939753baa78fa73459a2abd32267b2ddcf3ff4d986f5f0c5454be4289146a,cc31c06ce74e1f1cbde73c1750e63fee1fc09123b9d85616923c5387ee62c7d5,features.8.;classifier.,True,True
jiim_ext_isic2019_split_04_seed_62_efficientnet_b0_A,isic2019,efficientnet_b0,shared,4017796,422408,8,research-lab/experiments/registered-workflow/extensions/jiim_2026_major_revision/runs/jiim_ext_isic2019_split_04_seed_62_efficientnet_b0_A/checkpoints/best_validation_loss.pt,d96d5e2b33dd2ad65cd4e0f672caacd90584c7c9e888c2ec0d4f5a171c468e9f,6ed15df09fb4fbf02c8d2a87855a350f502bf3a26182e52a4347d930cc14682f,cc31c06ce74e1f1cbde73c1750e63fee1fc09123b9d85616923c5387ee62c7d5,features.8.;classifier.,True,True
jiim_ext_isic2019_split_04_seed_42_swin_t_A,isic2019,swin_t,shared,27525506,14191544,8,research-lab/experiments/registered-workflow/extensions/jiim_2026_major_revision/runs/jiim_ext_isic2019_split_04_seed_42_swin_t_A/checkpoints/best_validation_loss.pt,75428c0a2572ced71f0bb807f57987fcacac4e55ea5a993843cde2e5e69eed33,37b44f699af7bdc689bc84f9cd6bf5cb51211a8e54ac531a764138ce8e282afc,7c308663e0932283ea76ab506bd77b32e9abe62f858680057a71252c1c84487e,features.7.;norm.;head.,True,True
jiim_ext_isic2019_split_04_seed_52_swin_t_A,isic2019,swin_t,shared,27525506,14191544,8,research-lab/experiments/registered-workflow/extensions/jiim_2026_major_revision/runs/jiim_ext_isic2019_split_04_seed_52_swin_t_A/checkpoints/best_validation_loss.pt,441a177a1edf4fcffdb506a0d7229e469dc169de6c53c307647c799ea712ed7b,e04f3f46933a319f6e1c52a38dcc701117b848498636fe7afae2b26d1cf517ee,7c308663e0932283ea76ab506bd77b32e9abe62f858680057a71252c1c84487e,features.7.;norm.;head.,True,True
jiim_ext_isic2019_split_04_seed_62_swin_t_A,isic2019,swin_t,shared,27525506,14191544,8,research-lab/experiments/registered-workflow/extensions/jiim_2026_major_revision/runs/jiim_ext_isic2019_split_04_seed_62_swin_t_A/checkpoints/best_validation_loss.pt,41d10da271ec087ee050adf655ececa553660885b051d89dd98244f3337d5488,bd24e3d63d31bead89e904026c57e5ba08d2015ae34302e39aa2ba2eb6501f59,7c308663e0932283ea76ab506bd77b32e9abe62f858680057a71252c1c84487e,features.7.;norm.;head.,True,True
jiim_ext_isic2019_split_04_seed_42_swin_t_B,isic2019,swin_t,swin_weight_eval,27525506,14191544,8,research-lab/experiments/registered-workflow/extensions/jiim_2026_major_revision/runs/jiim_ext_isic2019_split_04_seed_42_swin_t_B/checkpoints/best_validation_loss.pt,cc7f0cab39b6482035032232dee0aa132d27a55a97f0578f58dab083321dba44,58cfaf9b63671206eeb0f4376b86140919d62b3a6f6d295d2d2a1be3c76f6241,7c308663e0932283ea76ab506bd77b32e9abe62f858680057a71252c1c84487e,features.7.;norm.;head.,True,True
jiim_ext_isic2019_split_04_seed_52_swin_t_B,isic2019,swin_t,swin_weight_eval,27525506,14191544,8,research-lab/experiments/registered-workflow/extensions/jiim_2026_major_revision/runs/jiim_ext_isic2019_split_04_seed_52_swin_t_B/checkpoints/best_validation_loss.pt,0a98dce62923bebee0d6813b840c337f65731c6241ea8fa08d48fb8756ade140,0953e0f219b3983cc9fa409ba16a968b32c2cda1a4ed959727b9a6d31e937cd4,7c308663e0932283ea76ab506bd77b32e9abe62f858680057a71252c1c84487e,features.7.;norm.;head.,True,True
jiim_ext_isic2019_split_04_seed_62_swin_t_B,isic2019,swin_t,swin_weight_eval,27525506,14191544,8,research-lab/experiments/registered-workflow/extensions/jiim_2026_major_revision/runs/jiim_ext_isic2019_split_04_seed_62_swin_t_B/checkpoints/best_validation_loss.pt,d722d83e4a66580e9dc8b912c83223870891c710246ee753deaa375b808f900f,788daeff21587e693ce5e179aeb0fa1cbddcdf73ed3c8b015e4e983619d7088b,7c308663e0932283ea76ab506bd77b32e9abe62f858680057a71252c1c84487e,features.7.;norm.;head.,True,True
jiim_ext_isic2019_split_05_seed_42_resnet18_A,isic2019,resnet18,shared,11180616,8397832,8,research-lab/experiments/registered-workflow/extensions/jiim_2026_major_revision/runs/jiim_ext_isic2019_split_05_seed_42_resnet18_A/checkpoints/best_validation_loss.pt,492045de32a47a2d9cd4c6d5d274f052442d4fb02d1f54fa1cff2790c75de9f2,4b873271b052c8760711026e563e3a93312b6e9e9336e94ec1b324d6c41840a0,a11e50dab918696148c2dc35c9025cbec8cb2db68cff027f2626ba9b68be5567,layer4.;fc.,True,True
jiim_ext_isic2019_split_05_seed_52_resnet18_A,isic2019,resnet18,shared,11180616,8397832,8,research-lab/experiments/registered-workflow/extensions/jiim_2026_major_revision/runs/jiim_ext_isic2019_split_05_seed_52_resnet18_A/checkpoints/best_validation_loss.pt,046576c17077a14c172f57d31977236ae6842062f95befff3ff6611381a80375,5ce4c7a02838d6f56b83571476d10c31a4c2e3e3f68f73a98e68fc9b403c1dec,a11e50dab918696148c2dc35c9025cbec8cb2db68cff027f2626ba9b68be5567,layer4.;fc.,True,True
jiim_ext_isic2019_split_05_seed_62_resnet18_A,isic2019,resnet18,shared,11180616,8397832,8,research-lab/experiments/registered-workflow/extensions/jiim_2026_major_revision/runs/jiim_ext_isic2019_split_05_seed_62_resnet18_A/checkpoints/best_validation_loss.pt,9da689586d47cbde987cb47249b04c375f653b11c41b0976c25a30eb5cd2e9b9,d91301f7fa3b755b69e246a6b62e524c3ec546ff80f6ea46b5430e46cce25462,a11e50dab918696148c2dc35c9025cbec8cb2db68cff027f2626ba9b68be5567,layer4.;fc.,True,True
jiim_ext_isic2019_split_05_seed_42_resnet50_A,isic2019,resnet50,shared,23524424,14981128,8,research-lab/experiments/registered-workflow/extensions/jiim_2026_major_revision/runs/jiim_ext_isic2019_split_05_seed_42_resnet50_A/checkpoints/best_validation_loss.pt,37578f6703fff5aad2ee44a176f03788018a5f220dc4c97cb905871e47ffb14a,6933b981ced71c20f8149effd5ba65a1b7e454b5caa23d77b9c433b0a11e6926,acdb819277c466132087fdc949f2c1d1e80b089390775137001a6e9b025cec68,layer4.;fc.,True,True
jiim_ext_isic2019_split_05_seed_52_resnet50_A,isic2019,resnet50,shared,23524424,14981128,8,research-lab/experiments/registered-workflow/extensions/jiim_2026_major_revision/runs/jiim_ext_isic2019_split_05_seed_52_resnet50_A/checkpoints/best_validation_loss.pt,6b90f197b19c7ae1ac59d4929123cd3190b6a80d6257bece56a901aabf344155,d8d7dc8c2784565787e131cc26629c53bdddfba288f1ebdc93b05c4dafdff98c,acdb819277c466132087fdc949f2c1d1e80b089390775137001a6e9b025cec68,layer4.;fc.,True,True
jiim_ext_isic2019_split_05_seed_62_resnet50_A,isic2019,resnet50,shared,23524424,14981128,8,research-lab/experiments/registered-workflow/extensions/jiim_2026_major_revision/runs/jiim_ext_isic2019_split_05_seed_62_resnet50_A/checkpoints/best_validation_loss.pt,926f5cb065327cbf6c993b3b257444770f563556fe60082e214da97e824e0261,012f94cc897863c24c3adb388337e0b4fba4b7349fc793cea4019989688e0a0e,acdb819277c466132087fdc949f2c1d1e80b089390775137001a6e9b025cec68,layer4.;fc.,True,True
jiim_ext_isic2019_split_05_seed_42_densenet121_A,isic2019,densenet121,shared,6962056,2168328,8,research-lab/experiments/registered-workflow/extensions/jiim_2026_major_revision/runs/jiim_ext_isic2019_split_05_seed_42_densenet121_A/checkpoints/best_validation_loss.pt,0fcf50f92cc2c5d9e4f9ac6c84df3d26257f88bd5902a6f2ef6e382e27a7eaff,2aa3ce5e9390e43f7e637b362a221e4b2df737bdc2b3a03ea4f5b79430f41877,bd9c5adec57cf6497504843d00abb3bb5dae7991649684fd5bd4d82ba91428b5,features.denseblock4.;features.norm5.;classifier.,True,True
jiim_ext_isic2019_split_05_seed_52_densenet121_A,isic2019,densenet121,shared,6962056,2168328,8,research-lab/experiments/registered-workflow/extensions/jiim_2026_major_revision/runs/jiim_ext_isic2019_split_05_seed_52_densenet121_A/checkpoints/best_validation_loss.pt,cd2b9ddda4f3e2e8a652466ae5a0a02bb0b8d0ad7d9fb373c2d2cbdec88bab9e,f243d2bbf24c787d1a8a410d1b7168b358272a578f62e9dcd514fb5e8b34f3c4,bd9c5adec57cf6497504843d00abb3bb5dae7991649684fd5bd4d82ba91428b5,features.denseblock4.;features.norm5.;classifier.,True,True
jiim_ext_isic2019_split_05_seed_62_densenet121_A,isic2019,densenet121,shared,6962056,2168328,8,research-lab/experiments/registered-workflow/extensions/jiim_2026_major_revision/runs/jiim_ext_isic2019_split_05_seed_62_densenet121_A/checkpoints/best_validation_loss.pt,8d1da680e639560ab534a51aa0b6fd9771e47c8b6f426d9759a91372651600d5,534341b6bb6c0a0bb9562903142b8f400bf226ea11f97b7331c0f22a7d720aab,bd9c5adec57cf6497504843d00abb3bb5dae7991649684fd5bd4d82ba91428b5,features.denseblock4.;features.norm5.;classifier.,True,True
jiim_ext_isic2019_split_05_seed_42_efficientnet_b0_A,isic2019,efficientnet_b0,shared,4017796,422408,8,research-lab/experiments/registered-workflow/extensions/jiim_2026_major_revision/runs/jiim_ext_isic2019_split_05_seed_42_efficientnet_b0_A/checkpoints/best_validation_loss.pt,a3e243bf76d5265795d5f7aaad412509b0714f44d9822923d198b9bba386e2ba,a75263ad3afc2922628c131e0bd07d1705383e8838d004f88c0514b0d5aeb1e4,cc31c06ce74e1f1cbde73c1750e63fee1fc09123b9d85616923c5387ee62c7d5,features.8.;classifier.,True,True
jiim_ext_isic2019_split_05_seed_52_efficientnet_b0_A,isic2019,efficientnet_b0,shared,4017796,422408,8,research-lab/experiments/registered-workflow/extensions/jiim_2026_major_revision/runs/jiim_ext_isic2019_split_05_seed_52_efficientnet_b0_A/checkpoints/best_validation_loss.pt,54829f62172144a7e71a695835d5da3313befed3b5ea214504c2508135f62645,4531da8de472aaceec01c0a1b94695c96c968cabbbfd35a6d96ab662c857ba84,cc31c06ce74e1f1cbde73c1750e63fee1fc09123b9d85616923c5387ee62c7d5,features.8.;classifier.,True,True
jiim_ext_isic2019_split_05_seed_62_efficientnet_b0_A,isic2019,efficientnet_b0,shared,4017796,422408,8,research-lab/experiments/registered-workflow/extensions/jiim_2026_major_revision/runs/jiim_ext_isic2019_split_05_seed_62_efficientnet_b0_A/checkpoints/best_validation_loss.pt,5656980ad1676c9c678bd82f4855d37b43ece0583f8408cfadea1f6edaf804ba,d99417c6219ad629cff2967e4de814a68d1a9b026bb6f891b81691b3626b0994,cc31c06ce74e1f1cbde73c1750e63fee1fc09123b9d85616923c5387ee62c7d5,features.8.;classifier.,True,True
jiim_ext_isic2019_split_05_seed_42_swin_t_A,isic2019,swin_t,shared,27525506,14191544,8,research-lab/experiments/registered-workflow/extensions/jiim_2026_major_revision/runs/jiim_ext_isic2019_split_05_seed_42_swin_t_A/checkpoints/best_validation_loss.pt,c5e103e72f64fa8819a3ef019c71f3f6a6246fddc1738794aa0d6e8946efe560,fa896af587b9396b7cee03aa2cc4970adc6f36bb5b407ff256438a80c7e20dd0,7c308663e0932283ea76ab506bd77b32e9abe62f858680057a71252c1c84487e,features.7.;norm.;head.,True,True
jiim_ext_isic2019_split_05_seed_52_swin_t_A,isic2019,swin_t,shared,27525506,14191544,8,research-lab/experiments/registered-workflow/extensions/jiim_2026_major_revision/runs/jiim_ext_isic2019_split_05_seed_52_swin_t_A/checkpoints/best_validation_loss.pt,6f857c6c740c0a268da7f007332017bc5802542507874a35fa530cc423dd3425,0affa8b14a8f19ccf4b0dc95f5038feb6cf07fb725c75e7aee73919126349db0,7c308663e0932283ea76ab506bd77b32e9abe62f858680057a71252c1c84487e,features.7.;norm.;head.,True,True
jiim_ext_isic2019_split_05_seed_62_swin_t_A,isic2019,swin_t,shared,27525506,14191544,8,research-lab/experiments/registered-workflow/extensions/jiim_2026_major_revision/runs/jiim_ext_isic2019_split_05_seed_62_swin_t_A/checkpoints/best_validation_loss.pt,94f5aaaba82abded50dc4417765c9def373472c9ec82d8ff23522955aa380a2e,e0ebc6a98104410f21798bd36c5390f08b03211f941d535bd1fdfa2236ed81b8,7c308663e0932283ea76ab506bd77b32e9abe62f858680057a71252c1c84487e,features.7.;norm.;head.,True,True
jiim_ext_isic2019_split_05_seed_42_swin_t_B,isic2019,swin_t,swin_weight_eval,27525506,14191544,8,research-lab/experiments/registered-workflow/extensions/jiim_2026_major_revision/runs/jiim_ext_isic2019_split_05_seed_42_swin_t_B/checkpoints/best_validation_loss.pt,815241484ac049e6d494b44aac0cd5de13524fc3f92e4e03f203c92a33d73468,d4e0dc2c13bb870e2a3d51d90ba3c1a33c399151f2273c7f80d07de5f68f1709,7c308663e0932283ea76ab506bd77b32e9abe62f858680057a71252c1c84487e,features.7.;norm.;head.,True,True
jiim_ext_isic2019_split_05_seed_52_swin_t_B,isic2019,swin_t,swin_weight_eval,27525506,14191544,8,research-lab/experiments/registered-workflow/extensions/jiim_2026_major_revision/runs/jiim_ext_isic2019_split_05_seed_52_swin_t_B/checkpoints/best_validation_loss.pt,8b965e4938092aadc453e4714f7112ec2e7b74a5c7409cd633e4fe3ce5e9eca6,c99178eb1c26f41d392d654ccfea910eff3d5edc85442f131490c0fd96354438,7c308663e0932283ea76ab506bd77b32e9abe62f858680057a71252c1c84487e,features.7.;norm.;head.,True,True
jiim_ext_isic2019_split_05_seed_62_swin_t_B,isic2019,swin_t,swin_weight_eval,27525506,14191544,8,research-lab/experiments/registered-workflow/extensions/jiim_2026_major_revision/runs/jiim_ext_isic2019_split_05_seed_62_swin_t_B/checkpoints/best_validation_loss.pt,bfb7de8fdfbc07c3e3a0c7bbe0b8bff15a9e4e23fd43d61d6617c34eb91eb932,3c84426a8fc09e4b630f84062cb0c8fc4282d309d0d9ac45a0d0f7f5b76ec460,7c308663e0932283ea76ab506bd77b32e9abe62f858680057a71252c1c84487e,features.7.;norm.;head.,True,True
jiim_ext_isic2019_split_06_seed_42_resnet18_A,isic2019,resnet18,shared,11180616,8397832,8,research-lab/experiments/registered-workflow/extensions/jiim_2026_major_revision/runs/jiim_ext_isic2019_split_06_seed_42_resnet18_A/checkpoints/best_validation_loss.pt,081552c4d8231e9c6af2cbd2c9bf0e6560e0ce548d1c58f02b4b3822d4ea01a6,66e25ee03acdaf322b30272c68a3e7c2867c43be6b6c52e7c20432759e38555a,a11e50dab918696148c2dc35c9025cbec8cb2db68cff027f2626ba9b68be5567,layer4.;fc.,True,True
jiim_ext_isic2019_split_06_seed_52_resnet18_A,isic2019,resnet18,shared,11180616,8397832,8,research-lab/experiments/registered-workflow/extensions/jiim_2026_major_revision/runs/jiim_ext_isic2019_split_06_seed_52_resnet18_A/checkpoints/best_validation_loss.pt,84f590307063aea0e09e72e7eb1bb528672c5034e6b991653670a50b5d53606f,5aa8d8cde29d69b94c01504f45a60c1754fc37a4a3579f29370999c859cef5f3,a11e50dab918696148c2dc35c9025cbec8cb2db68cff027f2626ba9b68be5567,layer4.;fc.,True,True
jiim_ext_isic2019_split_06_seed_62_resnet18_A,isic2019,resnet18,shared,11180616,8397832,8,research-lab/experiments/registered-workflow/extensions/jiim_2026_major_revision/runs/jiim_ext_isic2019_split_06_seed_62_resnet18_A/checkpoints/best_validation_loss.pt,e56cfdeb0716f82a770e6dac84e9908b53500c610222196011e9596c31df6de7,418ba0824bf8aa6c203aabfe46da46e91866cf6b0bd41abb23f16a1b312d3dff,a11e50dab918696148c2dc35c9025cbec8cb2db68cff027f2626ba9b68be5567,layer4.;fc.,True,True
jiim_ext_isic2019_split_06_seed_42_resnet50_A,isic2019,resnet50,shared,23524424,14981128,8,research-lab/experiments/registered-workflow/extensions/jiim_2026_major_revision/runs/jiim_ext_isic2019_split_06_seed_42_resnet50_A/checkpoints/best_validation_loss.pt,4e666256643bb9ceae6aa1423550366f0ae7c63725915c8707d32c57ae9fa4b9,2c1c86c3ce76146903e81081bbcd1605211b6db42c0b091312717722185fa52a,acdb819277c466132087fdc949f2c1d1e80b089390775137001a6e9b025cec68,layer4.;fc.,True,True
jiim_ext_isic2019_split_06_seed_52_resnet50_A,isic2019,resnet50,shared,23524424,14981128,8,research-lab/experiments/registered-workflow/extensions/jiim_2026_major_revision/runs/jiim_ext_isic2019_split_06_seed_52_resnet50_A/checkpoints/best_validation_loss.pt,8861cfee253c02622a612039471a5853ed64fa05bb842bf51c4497d5232e86e2,8bbc6104080664367f1ac2b01495fd75926e4b21f1f28e8096ed97cdf46e929f,acdb819277c466132087fdc949f2c1d1e80b089390775137001a6e9b025cec68,layer4.;fc.,True,True
jiim_ext_isic2019_split_06_seed_62_resnet50_A,isic2019,resnet50,shared,23524424,14981128,8,research-lab/experiments/registered-workflow/extensions/jiim_2026_major_revision/runs/jiim_ext_isic2019_split_06_seed_62_resnet50_A/checkpoints/best_validation_loss.pt,826096aab94925a6edd8ca707a3d98696579b7bad807808b6c4215663ccda90a,2f678615b2a9622e60b72399201abcf2f5f89a35e50fa5228092bc96c195b4c1,acdb819277c466132087fdc949f2c1d1e80b089390775137001a6e9b025cec68,layer4.;fc.,True,True
jiim_ext_isic2019_split_06_seed_42_densenet121_A,isic2019,densenet121,shared,6962056,2168328,8,research-lab/experiments/registered-workflow/extensions/jiim_2026_major_revision/runs/jiim_ext_isic2019_split_06_seed_42_densenet121_A/checkpoints/best_validation_loss.pt,064855d0047d0543ee942b029fde331eb0b96b2dae6e4c0f10f43ae33d8a0423,89b3fc442181a48314d4e9acb7e512f90b5acb3a7a43dc146ed0ae41a8cec702,bd9c5adec57cf6497504843d00abb3bb5dae7991649684fd5bd4d82ba91428b5,features.denseblock4.;features.norm5.;classifier.,True,True
jiim_ext_isic2019_split_06_seed_52_densenet121_A,isic2019,densenet121,shared,6962056,2168328,8,research-lab/experiments/registered-workflow/extensions/jiim_2026_major_revision/runs/jiim_ext_isic2019_split_06_seed_52_densenet121_A/checkpoints/best_validation_loss.pt,cce86c4bbfda91b805230e4cf8308c86ed4b66e5720d507bc866b22547dd75f3,f7e5b7699792e123bce67550315dd32c651602eba46ef0929641e1b24fb8a336,bd9c5adec57cf6497504843d00abb3bb5dae7991649684fd5bd4d82ba91428b5,features.denseblock4.;features.norm5.;classifier.,True,True
jiim_ext_isic2019_split_06_seed_62_densenet121_A,isic2019,densenet121,shared,6962056,2168328,8,research-lab/experiments/registered-workflow/extensions/jiim_2026_major_revision/runs/jiim_ext_isic2019_split_06_seed_62_densenet121_A/checkpoints/best_validation_loss.pt,1f3569cd63a7e0c06a18301f1461d76d76d4e1a6bd9e6461d4b62d199d4b1aea,b7b3433f1d8568fa99167328bb1f89d4e609b381faad560e88acfbce58109b2d,bd9c5adec57cf6497504843d00abb3bb5dae7991649684fd5bd4d82ba91428b5,features.denseblock4.;features.norm5.;classifier.,True,True
jiim_ext_isic2019_split_06_seed_42_efficientnet_b0_A,isic2019,efficientnet_b0,shared,4017796,422408,8,research-lab/experiments/registered-workflow/extensions/jiim_2026_major_revision/runs/jiim_ext_isic2019_split_06_seed_42_efficientnet_b0_A/checkpoints/best_validation_loss.pt,56fc03e9aa29d0c982fd8c146d2338cb319029da8be94c56e339e1735727b82c,31c60d8d762ffaf328882f026cf82347b23feaa365eb4bb18bf1751459cfa4b2,cc31c06ce74e1f1cbde73c1750e63fee1fc09123b9d85616923c5387ee62c7d5,features.8.;classifier.,True,True
jiim_ext_isic2019_split_06_seed_52_efficientnet_b0_A,isic2019,efficientnet_b0,shared,4017796,422408,8,research-lab/experiments/registered-workflow/extensions/jiim_2026_major_revision/runs/jiim_ext_isic2019_split_06_seed_52_efficientnet_b0_A/checkpoints/best_validation_loss.pt,9f5134c7a527a1ae27688c70b5bcd0ba17e67ed32970a84194e52b3e20d7acdd,b3dba87e362d99a44f4edd30ac63cf196c118bc2111aed5ec24fec75af6d68aa,cc31c06ce74e1f1cbde73c1750e63fee1fc09123b9d85616923c5387ee62c7d5,features.8.;classifier.,True,True
jiim_ext_isic2019_split_06_seed_62_efficientnet_b0_A,isic2019,efficientnet_b0,shared,4017796,422408,8,research-lab/experiments/registered-workflow/extensions/jiim_2026_major_revision/runs/jiim_ext_isic2019_split_06_seed_62_efficientnet_b0_A/checkpoints/best_validation_loss.pt,141443321dfcc7943831e4c5c112db233751f5039f7bcb55869b18c6ff1e570f,d5511c5df2d4748a4322493318f24b20af3d0e427a1060b69e58303a3418b3e1,cc31c06ce74e1f1cbde73c1750e63fee1fc09123b9d85616923c5387ee62c7d5,features.8.;classifier.,True,True
jiim_ext_isic2019_split_07_seed_42_resnet18_A,isic2019,resnet18,shared,11180616,8397832,8,research-lab/experiments/registered-workflow/extensions/jiim_2026_major_revision/runs/jiim_ext_isic2019_split_07_seed_42_resnet18_A/checkpoints/best_validation_loss.pt,43685f9bd722aaff9372dfc06f09f38165cc2674f4ef9cc0cbc2adbd61eb9efb,e79cee8a4b61d0a0214ddd8113d3e6194cf6e79d985b8e2de762f0f06fac40e2,a11e50dab918696148c2dc35c9025cbec8cb2db68cff027f2626ba9b68be5567,layer4.;fc.,True,True
jiim_ext_isic2019_split_07_seed_52_resnet18_A,isic2019,resnet18,shared,11180616,8397832,8,research-lab/experiments/registered-workflow/extensions/jiim_2026_major_revision/runs/jiim_ext_isic2019_split_07_seed_52_resnet18_A/checkpoints/best_validation_loss.pt,382178bf7423d0af78b4c7fd7349fecf02bdc80d2a92bb81cfcd76dc434dd539,3af7b2597fd1355e5e3db1ddb54859f8a56164495dae2ae2b20f195799f3bbc8,a11e50dab918696148c2dc35c9025cbec8cb2db68cff027f2626ba9b68be5567,layer4.;fc.,True,True
jiim_ext_isic2019_split_07_seed_62_resnet18_A,isic2019,resnet18,shared,11180616,8397832,8,research-lab/experiments/registered-workflow/extensions/jiim_2026_major_revision/runs/jiim_ext_isic2019_split_07_seed_62_resnet18_A/checkpoints/best_validation_loss.pt,e7191919b673546a55ac6f30101cc95be4d108e15e038e4cc9ec93ac3fc2d855,0c0ad9e5bb7fcebdc938b39369f735d066c2635d2492d7310a11df759e77c92e,a11e50dab918696148c2dc35c9025cbec8cb2db68cff027f2626ba9b68be5567,layer4.;fc.,True,True
jiim_ext_isic2019_split_07_seed_42_resnet50_A,isic2019,resnet50,shared,23524424,14981128,8,research-lab/experiments/registered-workflow/extensions/jiim_2026_major_revision/runs/jiim_ext_isic2019_split_07_seed_42_resnet50_A/checkpoints/best_validation_loss.pt,e75c9b68b50fcaf1f178b42222d8b3503239fb4ebe9609d0b40ce6523904e6f8,512d272e43c36e42ec47d377831b2318403da2d4982e88bd5bb6a04e0d64161b,acdb819277c466132087fdc949f2c1d1e80b089390775137001a6e9b025cec68,layer4.;fc.,True,True
jiim_ext_isic2019_split_07_seed_52_resnet50_A,isic2019,resnet50,shared,23524424,14981128,8,research-lab/experiments/registered-workflow/extensions/jiim_2026_major_revision/runs/jiim_ext_isic2019_split_07_seed_52_resnet50_A/checkpoints/best_validation_loss.pt,871a81a045fb1cef8561be3a09cdbc747c58d4270081443e8f5cff175223040d,499fe30dd0239751c9ed01999b373939c374c722e51b46d84a9555d0d3a29f0a,acdb819277c466132087fdc949f2c1d1e80b089390775137001a6e9b025cec68,layer4.;fc.,True,True
jiim_ext_isic2019_split_07_seed_62_resnet50_A,isic2019,resnet50,shared,23524424,14981128,8,research-lab/experiments/registered-workflow/extensions/jiim_2026_major_revision/runs/jiim_ext_isic2019_split_07_seed_62_resnet50_A/checkpoints/best_validation_loss.pt,f7f60427cdb2284f01938e03dc3bf90521fafce1a71d4c37b1a89da58cee0f7e,aee1c31ccc49c62c639b7047964185780e949280e3202d98ce885528a5763039,acdb819277c466132087fdc949f2c1d1e80b089390775137001a6e9b025cec68,layer4.;fc.,True,True
jiim_ext_isic2019_split_07_seed_42_densenet121_A,isic2019,densenet121,shared,6962056,2168328,8,research-lab/experiments/registered-workflow/extensions/jiim_2026_major_revision/runs/jiim_ext_isic2019_split_07_seed_42_densenet121_A/checkpoints/best_validation_loss.pt,cf7df4f3c2ead7e194d708bdb97eb8631cb68f35da20f23dcbcd8b0b99134f54,19f938a739f56743bab03d130e931cc687cc60dcbd2d96e4c3d6fd673156772c,bd9c5adec57cf6497504843d00abb3bb5dae7991649684fd5bd4d82ba91428b5,features.denseblock4.;features.norm5.;classifier.,True,True
jiim_ext_isic2019_split_07_seed_52_densenet121_A,isic2019,densenet121,shared,6962056,2168328,8,research-lab/experiments/registered-workflow/extensions/jiim_2026_major_revision/runs/jiim_ext_isic2019_split_07_seed_52_densenet121_A/checkpoints/best_validation_loss.pt,8ca35a3a82b2e69506cc499b99493c7059c81e37808a39ff6650a82117ca58ef,cbc37d231b724d6808c436d8976b9709c2926fcc602a6f919ee62f484e0dccc5,bd9c5adec57cf6497504843d00abb3bb5dae7991649684fd5bd4d82ba91428b5,features.denseblock4.;features.norm5.;classifier.,True,True
jiim_ext_isic2019_split_07_seed_62_densenet121_A,isic2019,densenet121,shared,6962056,2168328,8,research-lab/experiments/registered-workflow/extensions/jiim_2026_major_revision/runs/jiim_ext_isic2019_split_07_seed_62_densenet121_A/checkpoints/best_validation_loss.pt,04cf8ac3b77e9fb2927b5eed0452fbc9f5fc636b59dbecc2a24404b3ab5deba1,be86bdd2891fb992d07a58a6fe9e483cadce7f189b95c5860c1d9726aca6a4d3,bd9c5adec57cf6497504843d00abb3bb5dae7991649684fd5bd4d82ba91428b5,features.denseblock4.;features.norm5.;classifier.,True,True
jiim_ext_isic2019_split_07_seed_42_efficientnet_b0_A,isic2019,efficientnet_b0,shared,4017796,422408,8,research-lab/experiments/registered-workflow/extensions/jiim_2026_major_revision/runs/jiim_ext_isic2019_split_07_seed_42_efficientnet_b0_A/checkpoints/best_validation_loss.pt,8d01cbcf661c50643192cadf190700b66db320221cb679ad824014d9f21c054b,700d388a6cbfaaf00c7e63be659c23b813ce11b70e65296b52882847b9e0947e,cc31c06ce74e1f1cbde73c1750e63fee1fc09123b9d85616923c5387ee62c7d5,features.8.;classifier.,True,True
jiim_ext_isic2019_split_07_seed_52_efficientnet_b0_A,isic2019,efficientnet_b0,shared,4017796,422408,8,research-lab/experiments/registered-workflow/extensions/jiim_2026_major_revision/runs/jiim_ext_isic2019_split_07_seed_52_efficientnet_b0_A/checkpoints/best_validation_loss.pt,266f7976f71c6ef436f23d42e0a302e28d593c62a3516b77d728f1a324086caf,72be3ac6013d1a533ee1a909040af3a861bccbec5d7e0fe6d8d8a5d1b85fb809,cc31c06ce74e1f1cbde73c1750e63fee1fc09123b9d85616923c5387ee62c7d5,features.8.;classifier.,True,True
jiim_ext_isic2019_split_07_seed_62_efficientnet_b0_A,isic2019,efficientnet_b0,shared,4017796,422408,8,research-lab/experiments/registered-workflow/extensions/jiim_2026_major_revision/runs/jiim_ext_isic2019_split_07_seed_62_efficientnet_b0_A/checkpoints/best_validation_loss.pt,05e5d3035119448a7e307002d5718f16bddbd7e5a75c9ce59e74a03d6016de32,05b2084314a29ecc64efea37e0f82d8102cbf495db8afd299145a97e1cd542c9,cc31c06ce74e1f1cbde73c1750e63fee1fc09123b9d85616923c5387ee62c7d5,features.8.;classifier.,True,True
jiim_ext_isic2019_split_08_seed_42_resnet18_A,isic2019,resnet18,shared,11180616,8397832,8,research-lab/experiments/registered-workflow/extensions/jiim_2026_major_revision/runs/jiim_ext_isic2019_split_08_seed_42_resnet18_A/checkpoints/best_validation_loss.pt,30f353a49ef9cac0dc84ba9ac292d80d8cc65e374b4045033f0eb1304a7da841,596d1c469448d2e7dc4100f8b2d65f3ec96360d3a0ee132ade6de9e1bc95973f,a11e50dab918696148c2dc35c9025cbec8cb2db68cff027f2626ba9b68be5567,layer4.;fc.,True,True
jiim_ext_isic2019_split_08_seed_52_resnet18_A,isic2019,resnet18,shared,11180616,8397832,8,research-lab/experiments/registered-workflow/extensions/jiim_2026_major_revision/runs/jiim_ext_isic2019_split_08_seed_52_resnet18_A/checkpoints/best_validation_loss.pt,0f6bbf1d84ca866c6809ca35e6233c2fc82ea42c3a279af3975ac139036cdb10,ec4b25f24ff28fd3a9d151ee0c41bdf151a8db8c919c091ee7d54666d1696a9f,a11e50dab918696148c2dc35c9025cbec8cb2db68cff027f2626ba9b68be5567,layer4.;fc.,True,True
jiim_ext_isic2019_split_08_seed_62_resnet18_A,isic2019,resnet18,shared,11180616,8397832,8,research-lab/experiments/registered-workflow/extensions/jiim_2026_major_revision/runs/jiim_ext_isic2019_split_08_seed_62_resnet18_A/checkpoints/best_validation_loss.pt,adbf21839d912334ed4f2681f85d1399b1f7579bcd29e6f3dd8868081a8a5716,ded2a8ae36d763d575d61399b412a8ff229f9e4b2e5a2e096beda2c4c59b5531,a11e50dab918696148c2dc35c9025cbec8cb2db68cff027f2626ba9b68be5567,layer4.;fc.,True,True
jiim_ext_isic2019_split_08_seed_42_resnet50_A,isic2019,resnet50,shared,23524424,14981128,8,research-lab/experiments/registered-workflow/extensions/jiim_2026_major_revision/runs/jiim_ext_isic2019_split_08_seed_42_resnet50_A/checkpoints/best_validation_loss.pt,ffe5a56a4389006ddabc001b2fc552c054d2d4598a1e45efd7500cabe268ca76,0bd09d2aa39369b382507c318b1cab9ca11af0c73d8d316aa01a285a17af7c09,acdb819277c466132087fdc949f2c1d1e80b089390775137001a6e9b025cec68,layer4.;fc.,True,True
jiim_ext_isic2019_split_08_seed_52_resnet50_A,isic2019,resnet50,shared,23524424,14981128,8,research-lab/experiments/registered-workflow/extensions/jiim_2026_major_revision/runs/jiim_ext_isic2019_split_08_seed_52_resnet50_A/checkpoints/best_validation_loss.pt,f68c09f2ea7d2b7f4310f6f17927f1bbfb9b32baa63fc5b49b7ad635bb869a6a,d0cf1721d4b2d1f05d301a99b886ae06dcc9218d4b6a15f1ecf9be6b424deca0,acdb819277c466132087fdc949f2c1d1e80b089390775137001a6e9b025cec68,layer4.;fc.,True,True
jiim_ext_isic2019_split_08_seed_62_resnet50_A,isic2019,resnet50,shared,23524424,14981128,8,research-lab/experiments/registered-workflow/extensions/jiim_2026_major_revision/runs/jiim_ext_isic2019_split_08_seed_62_resnet50_A/checkpoints/best_validation_loss.pt,e8a09775773eab01fe4afa538b711cf3ff81241dab63912a2fefe409bb08b223,a3e2428031af1da18b81d8da1f331e636c466ba0ccd867d98c07d0d3d466a10c,acdb819277c466132087fdc949f2c1d1e80b089390775137001a6e9b025cec68,layer4.;fc.,True,True
jiim_ext_isic2019_split_08_seed_42_densenet121_A,isic2019,densenet121,shared,6962056,2168328,8,research-lab/experiments/registered-workflow/extensions/jiim_2026_major_revision/runs/jiim_ext_isic2019_split_08_seed_42_densenet121_A/checkpoints/best_validation_loss.pt,1aa52447845f65cd7279b4e65bd3aa10d507162db41331f820e3dd19f40cb912,9737937f7148315f1212987a7c1d6790f7317c837c6abb2400b71d0f2fbd6abd,bd9c5adec57cf6497504843d00abb3bb5dae7991649684fd5bd4d82ba91428b5,features.denseblock4.;features.norm5.;classifier.,True,True
jiim_ext_isic2019_split_08_seed_52_densenet121_A,isic2019,densenet121,shared,6962056,2168328,8,research-lab/experiments/registered-workflow/extensions/jiim_2026_major_revision/runs/jiim_ext_isic2019_split_08_seed_52_densenet121_A/checkpoints/best_validation_loss.pt,0bbe331cd7deed45ad2da425845069507c1d61941d2299b74c4e513e3b1e51e6,3e3b0305de8c4c6763a9479e7013f8b12081acbe55f7b7bdd0758c7fb3bea545,bd9c5adec57cf6497504843d00abb3bb5dae7991649684fd5bd4d82ba91428b5,features.denseblock4.;features.norm5.;classifier.,True,True
jiim_ext_isic2019_split_08_seed_62_densenet121_A,isic2019,densenet121,shared,6962056,2168328,8,research-lab/experiments/registered-workflow/extensions/jiim_2026_major_revision/runs/jiim_ext_isic2019_split_08_seed_62_densenet121_A/checkpoints/best_validation_loss.pt,61a29fba3f44609adb5c5bf2a5503cc3d69ef7f65834714c28f0e702dc078d26,e6f3f25e04175e968ea00167e8222779b1ab94f883ce4c33a6cd5a1293a038dc,bd9c5adec57cf6497504843d00abb3bb5dae7991649684fd5bd4d82ba91428b5,features.denseblock4.;features.norm5.;classifier.,True,True
jiim_ext_isic2019_split_08_seed_42_efficientnet_b0_A,isic2019,efficientnet_b0,shared,4017796,422408,8,research-lab/experiments/registered-workflow/extensions/jiim_2026_major_revision/runs/jiim_ext_isic2019_split_08_seed_42_efficientnet_b0_A/checkpoints/best_validation_loss.pt,293b3c9a22f21bf3b0efb048cbffdf75b0f4b41573ab0b4a8eed0cf2fab2398c,0e7e57aa0cae908b48931815dc736b15d36a05f0dd45bd40f099af2b5aee133d,cc31c06ce74e1f1cbde73c1750e63fee1fc09123b9d85616923c5387ee62c7d5,features.8.;classifier.,True,True
jiim_ext_isic2019_split_08_seed_52_efficientnet_b0_A,isic2019,efficientnet_b0,shared,4017796,422408,8,research-lab/experiments/registered-workflow/extensions/jiim_2026_major_revision/runs/jiim_ext_isic2019_split_08_seed_52_efficientnet_b0_A/checkpoints/best_validation_loss.pt,0fc7df3beb86998666e72f830f75216733bf68dfae175406bd9b0a0b5be7a7b1,d1f1e95bd218e93f3402d1a1688f6ccb9ccf262ee9892b3945255f47c82f65cc,cc31c06ce74e1f1cbde73c1750e63fee1fc09123b9d85616923c5387ee62c7d5,features.8.;classifier.,True,True
jiim_ext_isic2019_split_08_seed_62_efficientnet_b0_A,isic2019,efficientnet_b0,shared,4017796,422408,8,research-lab/experiments/registered-workflow/extensions/jiim_2026_major_revision/runs/jiim_ext_isic2019_split_08_seed_62_efficientnet_b0_A/checkpoints/best_validation_loss.pt,518a215526fc2697f2d49569586b317525fea9b11d09d5a7d0f7fc78140f58f9,e7ec3e4dddc12f8b8a681f80a0df8f96178bf8c0395624cc88e60552cfc2bbfa,cc31c06ce74e1f1cbde73c1750e63fee1fc09123b9d85616923c5387ee62c7d5,features.8.;classifier.,True,True
jiim_ext_isic2019_split_09_seed_42_resnet18_A,isic2019,resnet18,shared,11180616,8397832,8,research-lab/experiments/registered-workflow/extensions/jiim_2026_major_revision/runs/jiim_ext_isic2019_split_09_seed_42_resnet18_A/checkpoints/best_validation_loss.pt,cad985b0f0da5f987239df8a50b59ed5e6325dd950536ec87785c888b37f5840,fdf2e3eb0da24066043abe97355002a694c3e0779eb93070c6d33061177d0674,a11e50dab918696148c2dc35c9025cbec8cb2db68cff027f2626ba9b68be5567,layer4.;fc.,True,True
jiim_ext_isic2019_split_09_seed_52_resnet18_A,isic2019,resnet18,shared,11180616,8397832,8,research-lab/experiments/registered-workflow/extensions/jiim_2026_major_revision/runs/jiim_ext_isic2019_split_09_seed_52_resnet18_A/checkpoints/best_validation_loss.pt,4c21b19dd60229fa3a81bfe4aeda3f7628641c39071fed3976e074946f2ae8f3,f0488daf9d863a1432fe3562f807ce3f447ea4cfeba32b26f637d04ea0f45cf9,a11e50dab918696148c2dc35c9025cbec8cb2db68cff027f2626ba9b68be5567,layer4.;fc.,True,True
jiim_ext_isic2019_split_09_seed_62_resnet18_A,isic2019,resnet18,shared,11180616,8397832,8,research-lab/experiments/registered-workflow/extensions/jiim_2026_major_revision/runs/jiim_ext_isic2019_split_09_seed_62_resnet18_A/checkpoints/best_validation_loss.pt,76a4eec18a744af227a946aba566120a689014c8d66c168a1de3bd32b6a78ffc,6c3f3463c50b029f850e57ec527be4f3a03edcddf87bc24c050aafaaccb8bfcb,a11e50dab918696148c2dc35c9025cbec8cb2db68cff027f2626ba9b68be5567,layer4.;fc.,True,True
jiim_ext_isic2019_split_09_seed_42_resnet50_A,isic2019,resnet50,shared,23524424,14981128,8,research-lab/experiments/registered-workflow/extensions/jiim_2026_major_revision/runs/jiim_ext_isic2019_split_09_seed_42_resnet50_A/checkpoints/best_validation_loss.pt,05647c4660a311857e4b82f81bc60010257d80cec311abb7707655f31ca81934,aafe9fb56a65362b3f592636592127d3713200dc030b5724b59549539b8983d4,acdb819277c466132087fdc949f2c1d1e80b089390775137001a6e9b025cec68,layer4.;fc.,True,True
jiim_ext_isic2019_split_09_seed_52_resnet50_A,isic2019,resnet50,shared,23524424,14981128,8,research-lab/experiments/registered-workflow/extensions/jiim_2026_major_revision/runs/jiim_ext_isic2019_split_09_seed_52_resnet50_A/checkpoints/best_validation_loss.pt,f7af3823edc8a34891c7ea26406f572b0eccd8af61dfe9a9f9d14f0fde21254a,bb2f934dec2e545e4b0d8e9e6090eb818ae791ac751c8950efbf153b19d2ffb0,acdb819277c466132087fdc949f2c1d1e80b089390775137001a6e9b025cec68,layer4.;fc.,True,True
jiim_ext_isic2019_split_09_seed_62_resnet50_A,isic2019,resnet50,shared,23524424,14981128,8,research-lab/experiments/registered-workflow/extensions/jiim_2026_major_revision/runs/jiim_ext_isic2019_split_09_seed_62_resnet50_A/checkpoints/best_validation_loss.pt,bc7829db863e26cd00cf338af0c0b36ad90625c8dd83e3bb722ff4f0f2db5d4e,a5debeb92cb4d12546afc28126338f4ada7c344c1df032eb2146b1002e17ec28,acdb819277c466132087fdc949f2c1d1e80b089390775137001a6e9b025cec68,layer4.;fc.,True,True
jiim_ext_isic2019_split_09_seed_42_densenet121_A,isic2019,densenet121,shared,6962056,2168328,8,research-lab/experiments/registered-workflow/extensions/jiim_2026_major_revision/runs/jiim_ext_isic2019_split_09_seed_42_densenet121_A/checkpoints/best_validation_loss.pt,3bb32104b013ba3ed504b5cbac74f3e0d617482e629eaec76522b58b307f55b7,35bb7b53da63e1d78abdae2d1e5cb1d4a225a29d7906ba4bc9c89fa3a919f356,bd9c5adec57cf6497504843d00abb3bb5dae7991649684fd5bd4d82ba91428b5,features.denseblock4.;features.norm5.;classifier.,True,True
jiim_ext_isic2019_split_09_seed_52_densenet121_A,isic2019,densenet121,shared,6962056,2168328,8,research-lab/experiments/registered-workflow/extensions/jiim_2026_major_revision/runs/jiim_ext_isic2019_split_09_seed_52_densenet121_A/checkpoints/best_validation_loss.pt,87d8280fcee95c2dc78e46f25cba03f32832d91777e359f30d68991efec80e07,39c53e27016e799fc087999579a24f312fc783ce8306f7e03a7c30da029c9f26,bd9c5adec57cf6497504843d00abb3bb5dae7991649684fd5bd4d82ba91428b5,features.denseblock4.;features.norm5.;classifier.,True,True
jiim_ext_isic2019_split_09_seed_62_densenet121_A,isic2019,densenet121,shared,6962056,2168328,8,research-lab/experiments/registered-workflow/extensions/jiim_2026_major_revision/runs/jiim_ext_isic2019_split_09_seed_62_densenet121_A/checkpoints/best_validation_loss.pt,b59ff77153811df1c2446163520abf7444824ed05d340a67c615326d6120d2ca,c5eee743c3cf8565d7ca99ce46b4a6971ee2a396d6502db5489b409bb92a8123,bd9c5adec57cf6497504843d00abb3bb5dae7991649684fd5bd4d82ba91428b5,features.denseblock4.;features.norm5.;classifier.,True,True
jiim_ext_isic2019_split_09_seed_42_efficientnet_b0_A,isic2019,efficientnet_b0,shared,4017796,422408,8,research-lab/experiments/registered-workflow/extensions/jiim_2026_major_revision/runs/jiim_ext_isic2019_split_09_seed_42_efficientnet_b0_A/checkpoints/best_validation_loss.pt,7a8b5fdf0f1b09c494f98b73c18a6a65ace773ebeeecf0ddb1d0bcc7f735a045,627d045a103333727587b438948b6f2168c80f2b80b7922172ab1f2d5c7f2efd,cc31c06ce74e1f1cbde73c1750e63fee1fc09123b9d85616923c5387ee62c7d5,features.8.;classifier.,True,True
jiim_ext_isic2019_split_09_seed_52_efficientnet_b0_A,isic2019,efficientnet_b0,shared,4017796,422408,8,research-lab/experiments/registered-workflow/extensions/jiim_2026_major_revision/runs/jiim_ext_isic2019_split_09_seed_52_efficientnet_b0_A/checkpoints/best_validation_loss.pt,28ff894a4833c7e6a8984e0d07ab5830de4842a6449ce41174d835be4f45e2f1,0660ec904ede1e289cd31ab01af1ef58cd6927b59788b32e01f52dd59ae3be97,cc31c06ce74e1f1cbde73c1750e63fee1fc09123b9d85616923c5387ee62c7d5,features.8.;classifier.,True,True
jiim_ext_isic2019_split_09_seed_62_efficientnet_b0_A,isic2019,efficientnet_b0,shared,4017796,422408,8,research-lab/experiments/registered-workflow/extensions/jiim_2026_major_revision/runs/jiim_ext_isic2019_split_09_seed_62_efficientnet_b0_A/checkpoints/best_validation_loss.pt,e53ceed6187fbc793544ef0f7da56c55daa80f0326020ebff304b9d539865a82,030cbfc671e61bb7a4242cc559ed03e8819d295c3617ab366de3f1736d3f6220,cc31c06ce74e1f1cbde73c1750e63fee1fc09123b9d85616923c5387ee62c7d5,features.8.;classifier.,True,True
jiim_ext_isic2019_split_10_seed_42_resnet18_A,isic2019,resnet18,shared,11180616,8397832,8,research-lab/experiments/registered-workflow/extensions/jiim_2026_major_revision/runs/jiim_ext_isic2019_split_10_seed_42_resnet18_A/checkpoints/best_validation_loss.pt,6c329a5b263d10cf2bd29e8a6d48b523b62f7d49a476020943479c4094003f7f,891bf540123e31f512ec01d030fd9f1eb4a7cee91cae8d7bbe86e7419e6e9569,a11e50dab918696148c2dc35c9025cbec8cb2db68cff027f2626ba9b68be5567,layer4.;fc.,True,True
jiim_ext_isic2019_split_10_seed_52_resnet18_A,isic2019,resnet18,shared,11180616,8397832,8,research-lab/experiments/registered-workflow/extensions/jiim_2026_major_revision/runs/jiim_ext_isic2019_split_10_seed_52_resnet18_A/checkpoints/best_validation_loss.pt,8439fc8759557f85f5c720e60430bfe4ae560c6e6e9a83865500b1ab22d08f64,6780a5e9f9bb0edb4802452e691613b750c38ada5d9f5b51a1544d73c0198c90,a11e50dab918696148c2dc35c9025cbec8cb2db68cff027f2626ba9b68be5567,layer4.;fc.,True,True
jiim_ext_isic2019_split_10_seed_62_resnet18_A,isic2019,resnet18,shared,11180616,8397832,8,research-lab/experiments/registered-workflow/extensions/jiim_2026_major_revision/runs/jiim_ext_isic2019_split_10_seed_62_resnet18_A/checkpoints/best_validation_loss.pt,c2f150ea6c5db5be22874139a707de2f0776abd84542601efe1019f598df87bc,1f7e4218eea92d839da7282e49f5965bed67ea11356fbdfa7d350e1c2baa2a5a,a11e50dab918696148c2dc35c9025cbec8cb2db68cff027f2626ba9b68be5567,layer4.;fc.,True,True
jiim_ext_isic2019_split_10_seed_42_resnet50_A,isic2019,resnet50,shared,23524424,14981128,8,research-lab/experiments/registered-workflow/extensions/jiim_2026_major_revision/runs/jiim_ext_isic2019_split_10_seed_42_resnet50_A/checkpoints/best_validation_loss.pt,b7c9ed6998c969eaf55177e7f892be81040160bf4bd4ea3eebbb706977008fb6,1bd04bd7105ce69d6aa8f2098712e2180ea40cc062b2c3a1228ef41cee92abf6,acdb819277c466132087fdc949f2c1d1e80b089390775137001a6e9b025cec68,layer4.;fc.,True,True
jiim_ext_isic2019_split_10_seed_52_resnet50_A,isic2019,resnet50,shared,23524424,14981128,8,research-lab/experiments/registered-workflow/extensions/jiim_2026_major_revision/runs/jiim_ext_isic2019_split_10_seed_52_resnet50_A/checkpoints/best_validation_loss.pt,2c8161ae2f9a5e7a37a216c29d21a64175e9d69ffe8fab551c3b684929ed8e38,82698bc11fc30f6aaf65642df4a653e636c212e5ee41dc561312251607bc97ea,acdb819277c466132087fdc949f2c1d1e80b089390775137001a6e9b025cec68,layer4.;fc.,True,True
jiim_ext_isic2019_split_10_seed_62_resnet50_A,isic2019,resnet50,shared,23524424,14981128,8,research-lab/experiments/registered-workflow/extensions/jiim_2026_major_revision/runs/jiim_ext_isic2019_split_10_seed_62_resnet50_A/checkpoints/best_validation_loss.pt,a869934e5e3c61da7f5b0661f2d31701299fbe5cc43cd4748001601e95edd116,77e24ea5f3d1569563e9aff20ba317138458a8f73150ac691e08efe97ca11fc9,acdb819277c466132087fdc949f2c1d1e80b089390775137001a6e9b025cec68,layer4.;fc.,True,True
jiim_ext_isic2019_split_10_seed_42_densenet121_A,isic2019,densenet121,shared,6962056,2168328,8,research-lab/experiments/registered-workflow/extensions/jiim_2026_major_revision/runs/jiim_ext_isic2019_split_10_seed_42_densenet121_A/checkpoints/best_validation_loss.pt,2add7fc8bc4673d615f6527f8f236a718d0c2790b44c42531880090ea661ecfa,8393fe800c95d8616cc117387c56a1e0020582220714447c16aa72fe62f04d1f,bd9c5adec57cf6497504843d00abb3bb5dae7991649684fd5bd4d82ba91428b5,features.denseblock4.;features.norm5.;classifier.,True,True
jiim_ext_isic2019_split_10_seed_52_densenet121_A,isic2019,densenet121,shared,6962056,2168328,8,research-lab/experiments/registered-workflow/extensions/jiim_2026_major_revision/runs/jiim_ext_isic2019_split_10_seed_52_densenet121_A/checkpoints/best_validation_loss.pt,3cd4cc9819d6718094b831346e2d172b081f20df15f91c5b763ac07cfa726ced,79a34175dde3c9deab30ede8441562bc81e9e1636b54ca1e92520edfe8993a33,bd9c5adec57cf6497504843d00abb3bb5dae7991649684fd5bd4d82ba91428b5,features.denseblock4.;features.norm5.;classifier.,True,True
jiim_ext_isic2019_split_10_seed_62_densenet121_A,isic2019,densenet121,shared,6962056,2168328,8,research-lab/experiments/registered-workflow/extensions/jiim_2026_major_revision/runs/jiim_ext_isic2019_split_10_seed_62_densenet121_A/checkpoints/best_validation_loss.pt,ad18d94f9104d298e13cb0a887dd6da34d668658dcfcd7350285b73bb53af3f2,9ddd98e04b9f7c5e7954aaf5478d22e89988230f34b6b64cfbd659a9749a1cf1,bd9c5adec57cf6497504843d00abb3bb5dae7991649684fd5bd4d82ba91428b5,features.denseblock4.;features.norm5.;classifier.,True,True
jiim_ext_isic2019_split_10_seed_42_efficientnet_b0_A,isic2019,efficientnet_b0,shared,4017796,422408,8,research-lab/experiments/registered-workflow/extensions/jiim_2026_major_revision/runs/jiim_ext_isic2019_split_10_seed_42_efficientnet_b0_A/checkpoints/best_validation_loss.pt,18a167f63feacac1ea64d6453e49360e74fa0e38ed84e76cd38f3c76daa0319c,3ac67e0f9d2abb6e19db90d3b3b30595a81f77c57d9cc475a893289241da885f,cc31c06ce74e1f1cbde73c1750e63fee1fc09123b9d85616923c5387ee62c7d5,features.8.;classifier.,True,True
jiim_ext_isic2019_split_10_seed_52_efficientnet_b0_A,isic2019,efficientnet_b0,shared,4017796,422408,8,research-lab/experiments/registered-workflow/extensions/jiim_2026_major_revision/runs/jiim_ext_isic2019_split_10_seed_52_efficientnet_b0_A/checkpoints/best_validation_loss.pt,24f8160e504810eecd2394909689d41e4f2b476f63de672127d0e1298dc9595e,5555782ade1afb8c9d39b58eb31d925f1fe1dc456f4e00e521da835b42c1e212,cc31c06ce74e1f1cbde73c1750e63fee1fc09123b9d85616923c5387ee62c7d5,features.8.;classifier.,True,True
jiim_ext_isic2019_split_10_seed_62_efficientnet_b0_A,isic2019,efficientnet_b0,shared,4017796,422408,8,research-lab/experiments/registered-workflow/extensions/jiim_2026_major_revision/runs/jiim_ext_isic2019_split_10_seed_62_efficientnet_b0_A/checkpoints/best_validation_loss.pt,be086c9f9223531973fba9d59c0a40aacd57f6f489cb9c2d25d422cb58fc66b7,510dd910633490d52fc63e99dc2653bd5b4b2f8015650ee6d5d8bac94263795d,cc31c06ce74e1f1cbde73c1750e63fee1fc09123b9d85616923c5387ee62c7d5,features.8.;classifier.,True,True
jiim_ext_mura_split_01_seed_42_resnet18_A,mura,resnet18,shared,11177538,8394754,2,research-lab/experiments/registered-workflow/extensions/jiim_2026_major_revision/runs/jiim_ext_mura_split_01_seed_42_resnet18_A/checkpoints/best_validation_loss.pt,7d627a1fd23ba4598d237d480d931aeddf8b22bb3f4c5cec7604789fddf5f964,64aa146235df533e69e5dd6fbe80c30ce03736bcd5ffa23507e610d3eeb045bc,a04eb7fdd21e2deff5c7fc3af080cc2affe6272a776282cfba22f1b0799e48e1,layer4.;fc.,True,True
jiim_ext_mura_split_01_seed_52_resnet18_A,mura,resnet18,shared,11177538,8394754,2,research-lab/experiments/registered-workflow/extensions/jiim_2026_major_revision/runs/jiim_ext_mura_split_01_seed_52_resnet18_A/checkpoints/best_validation_loss.pt,1e5a7071906e09d707a4cc2317e3a36fd7f28ced82af82dccb52286b2be89441,b25b34cdcce0817b6387a347ed999d4f33121fb867982b711c136761034a8351,a04eb7fdd21e2deff5c7fc3af080cc2affe6272a776282cfba22f1b0799e48e1,layer4.;fc.,True,True
jiim_ext_mura_split_01_seed_62_resnet18_A,mura,resnet18,shared,11177538,8394754,2,research-lab/experiments/registered-workflow/extensions/jiim_2026_major_revision/runs/jiim_ext_mura_split_01_seed_62_resnet18_A/checkpoints/best_validation_loss.pt,2190cb806400f81dd158dbe8668a2ad2b2015c8e0821d8642cd13d7a5be4380f,cb3867c4688c7f213c96ec437591840712758b35a7686d2b584c9418dd6d6ca5,a04eb7fdd21e2deff5c7fc3af080cc2affe6272a776282cfba22f1b0799e48e1,layer4.;fc.,True,True
jiim_ext_mura_split_01_seed_42_resnet50_A,mura,resnet50,shared,23512130,14968834,2,research-lab/experiments/registered-workflow/extensions/jiim_2026_major_revision/runs/jiim_ext_mura_split_01_seed_42_resnet50_A/checkpoints/best_validation_loss.pt,58b84586a6b6edca44ddb27b66b69d14bb46c151fcabca8e800d933744d6f7df,0ddb99007871a852aca95535a841639b3b58b1e272496c27ff3f7102fbfc439d,780975696bfa48403937c75a53ba3d8d1933799dcbb64b43d16854b479eb5de5,layer4.;fc.,True,True
jiim_ext_mura_split_01_seed_52_resnet50_A,mura,resnet50,shared,23512130,14968834,2,research-lab/experiments/registered-workflow/extensions/jiim_2026_major_revision/runs/jiim_ext_mura_split_01_seed_52_resnet50_A/checkpoints/best_validation_loss.pt,6c4bca24ecca9005208273d6deb7a90766e00a347497a446dd83eb50c103c3bc,c511d64a06d5271af29a22af540978aa5cfcad0e82e2fb26010dbe1f02a91a08,780975696bfa48403937c75a53ba3d8d1933799dcbb64b43d16854b479eb5de5,layer4.;fc.,True,True
jiim_ext_mura_split_01_seed_62_resnet50_A,mura,resnet50,shared,23512130,14968834,2,research-lab/experiments/registered-workflow/extensions/jiim_2026_major_revision/runs/jiim_ext_mura_split_01_seed_62_resnet50_A/checkpoints/best_validation_loss.pt,a136a86ab9d18f0c60cff7ab4bcc9716b47bca49345646acc268ae977353b6f0,facb8950abf25eb0f60945b43e956b77d130f1318e93724c42889ca825c5b01d,780975696bfa48403937c75a53ba3d8d1933799dcbb64b43d16854b479eb5de5,layer4.;fc.,True,True
jiim_ext_mura_split_01_seed_42_densenet121_A,mura,densenet121,shared,6955906,2162178,2,research-lab/experiments/registered-workflow/extensions/jiim_2026_major_revision/runs/jiim_ext_mura_split_01_seed_42_densenet121_A/checkpoints/best_validation_loss.pt,db1fb0cc12af990769f02cc764e5565feceb3c284f4983c62ca6af8616e655bf,4c0ae35c2532d5c2b88b2635ae213d636c9944542608c52a6bc22e3cde52e529,9f2a1bf5c05831dafacfe7846e316a5d956e9f1b67542fb08ba2513315e54f55,features.denseblock4.;features.norm5.;classifier.,True,True
jiim_ext_mura_split_01_seed_52_densenet121_A,mura,densenet121,shared,6955906,2162178,2,research-lab/experiments/registered-workflow/extensions/jiim_2026_major_revision/runs/jiim_ext_mura_split_01_seed_52_densenet121_A/checkpoints/best_validation_loss.pt,5180888e9de8697ca2ce37dcbbead4f50721f3d6a4cc6405b21aa3f7540a098d,0e70abfce03ae0ff2562aa07c876ac69d8fb5866d7696b91ed7f9612c0777514,9f2a1bf5c05831dafacfe7846e316a5d956e9f1b67542fb08ba2513315e54f55,features.denseblock4.;features.norm5.;classifier.,True,True
jiim_ext_mura_split_01_seed_62_densenet121_A,mura,densenet121,shared,6955906,2162178,2,research-lab/experiments/registered-workflow/extensions/jiim_2026_major_revision/runs/jiim_ext_mura_split_01_seed_62_densenet121_A/checkpoints/best_validation_loss.pt,3287bf61f3c5554b47b7030431164e5dc8efe7dc2cbe81f619f809002758eb7c,a459c60d8b229f3fa9f2a6a1b4c87eac2c23295a0c4e092e54a6c6e71be53a45,9f2a1bf5c05831dafacfe7846e316a5d956e9f1b67542fb08ba2513315e54f55,features.denseblock4.;features.norm5.;classifier.,True,True
jiim_ext_mura_split_01_seed_42_efficientnet_b0_A,mura,efficientnet_b0,shared,4010110,414722,2,research-lab/experiments/registered-workflow/extensions/jiim_2026_major_revision/runs/jiim_ext_mura_split_01_seed_42_efficientnet_b0_A/checkpoints/best_validation_loss.pt,71bed0a6840137dd723d840c87f651b79cf13f3185149ea901eb67f3ddfb349c,8586f4684ffeecf33ed6ef7fcef942cbdf8245da5f6b707c4533ccc5f360328f,8fd0cad1ea6b4f5f92304ba66ab659d2ccac8630f6bc8c8d53b3a2699b80b538,features.8.;classifier.,True,True
jiim_ext_mura_split_01_seed_52_efficientnet_b0_A,mura,efficientnet_b0,shared,4010110,414722,2,research-lab/experiments/registered-workflow/extensions/jiim_2026_major_revision/runs/jiim_ext_mura_split_01_seed_52_efficientnet_b0_A/checkpoints/best_validation_loss.pt,34c4f30fd87f5bac0a5b5e73c444e65cdf647925b2bce5351d550657d8ec428f,376dc5e01b7141f57c21dba21888e7af1297bec7f5fae5525693bb1bb23703c7,8fd0cad1ea6b4f5f92304ba66ab659d2ccac8630f6bc8c8d53b3a2699b80b538,features.8.;classifier.,True,True
jiim_ext_mura_split_01_seed_62_efficientnet_b0_A,mura,efficientnet_b0,shared,4010110,414722,2,research-lab/experiments/registered-workflow/extensions/jiim_2026_major_revision/runs/jiim_ext_mura_split_01_seed_62_efficientnet_b0_A/checkpoints/best_validation_loss.pt,53e6be44c5605eb2e599ece89a661b4e817f0b2fad48c2755a8b8d0b64f187ee,d94b65eb8fff4715d9e444f6ff0b4c12dce3d9d1195831da7f672b6398f5ff1a,8fd0cad1ea6b4f5f92304ba66ab659d2ccac8630f6bc8c8d53b3a2699b80b538,features.8.;classifier.,True,True
jiim_ext_mura_split_01_seed_42_swin_t_A,mura,swin_t,shared,27520892,14186930,2,research-lab/experiments/registered-workflow/extensions/jiim_2026_major_revision/runs/jiim_ext_mura_split_01_seed_42_swin_t_A/checkpoints/best_validation_loss.pt,c3726a6fe7a4c5d849e7390bf81e3e41f869d0be4f24be12ad67d42ceeef6f9b,bdb9bfd5a46c9432ade5db6197b69c5c6da3d0bb89d36e5ffe36c03ec91f6be6,ed982e919cd0364c18ab68a5010c1586c4529cda9ebf4ddbf68c8a373307c812,features.7.;norm.;head.,True,True
jiim_ext_mura_split_01_seed_52_swin_t_A,mura,swin_t,shared,27520892,14186930,2,research-lab/experiments/registered-workflow/extensions/jiim_2026_major_revision/runs/jiim_ext_mura_split_01_seed_52_swin_t_A/checkpoints/best_validation_loss.pt,eb49d38fc753c9d9a959ca69ab00a26f1639b20d07952582a59b6448992ea9a6,e04ee42b85fb6296815d6d4f71afadca2dff18328860a8d09e05321b5fc88681,ed982e919cd0364c18ab68a5010c1586c4529cda9ebf4ddbf68c8a373307c812,features.7.;norm.;head.,True,True
jiim_ext_mura_split_01_seed_62_swin_t_A,mura,swin_t,shared,27520892,14186930,2,research-lab/experiments/registered-workflow/extensions/jiim_2026_major_revision/runs/jiim_ext_mura_split_01_seed_62_swin_t_A/checkpoints/best_validation_loss.pt,8cee21a33f7655d071d0febcedcd7125ac729a5607488c88302a4eeca5f40081,4a5213a01dd54e91884c211aeb01a1daa8a03256a1df584de08bf5701a3c337d,ed982e919cd0364c18ab68a5010c1586c4529cda9ebf4ddbf68c8a373307c812,features.7.;norm.;head.,True,True
jiim_ext_mura_split_01_seed_42_swin_t_B,mura,swin_t,swin_weight_eval,27520892,14186930,2,research-lab/experiments/registered-workflow/extensions/jiim_2026_major_revision/runs/jiim_ext_mura_split_01_seed_42_swin_t_B/checkpoints/best_validation_loss.pt,21887ab14c7fd0dee9f1f610c1ee7d55dee989731d32644fcf439525aad6ebfc,d7b8147201c4affd5e61af763ae06d1da90a56b030d33e47d450b7e039c31c1c,ed982e919cd0364c18ab68a5010c1586c4529cda9ebf4ddbf68c8a373307c812,features.7.;norm.;head.,True,True
jiim_ext_mura_split_01_seed_52_swin_t_B,mura,swin_t,swin_weight_eval,27520892,14186930,2,research-lab/experiments/registered-workflow/extensions/jiim_2026_major_revision/runs/jiim_ext_mura_split_01_seed_52_swin_t_B/checkpoints/best_validation_loss.pt,ac4330e3742665e35c83f8545c22d8ded3bece391dc2a761d2d82dbbe47e0f7f,e0d8fe479892d601a977d7f84ae024f3a34f414ae829b09a6057005f3ebd1842,ed982e919cd0364c18ab68a5010c1586c4529cda9ebf4ddbf68c8a373307c812,features.7.;norm.;head.,True,True
jiim_ext_mura_split_01_seed_62_swin_t_B,mura,swin_t,swin_weight_eval,27520892,14186930,2,research-lab/experiments/registered-workflow/extensions/jiim_2026_major_revision/runs/jiim_ext_mura_split_01_seed_62_swin_t_B/checkpoints/best_validation_loss.pt,0508ce911977395ba901befcf03a433fc1ca9daee05b96c04b3012931e8cca8c,b861506ec7488d18e4abb64e89053b9282d0121e68abcaae9aafba36ab628498,ed982e919cd0364c18ab68a5010c1586c4529cda9ebf4ddbf68c8a373307c812,features.7.;norm.;head.,True,True
jiim_ext_mura_split_02_seed_42_resnet18_A,mura,resnet18,shared,11177538,8394754,2,research-lab/experiments/registered-workflow/extensions/jiim_2026_major_revision/runs/jiim_ext_mura_split_02_seed_42_resnet18_A/checkpoints/best_validation_loss.pt,397170ea60b94891484a8426b23eaec51900a85df83a49d608ba598119569c2c,8631913bbc123adb7cd2908ba416ec5e93449ba3b896416e3dfcaf0f8db86004,a04eb7fdd21e2deff5c7fc3af080cc2affe6272a776282cfba22f1b0799e48e1,layer4.;fc.,True,True
jiim_ext_mura_split_02_seed_52_resnet18_A,mura,resnet18,shared,11177538,8394754,2,research-lab/experiments/registered-workflow/extensions/jiim_2026_major_revision/runs/jiim_ext_mura_split_02_seed_52_resnet18_A/checkpoints/best_validation_loss.pt,290c070bbd8eb28c110c9667859cf74261866b38e14cb4655fde72dcafdd2421,fe226e192d19e398bb9628bed2b0709e217f09a2522373d042fea8f6e058ed27,a04eb7fdd21e2deff5c7fc3af080cc2affe6272a776282cfba22f1b0799e48e1,layer4.;fc.,True,True
jiim_ext_mura_split_02_seed_62_resnet18_A,mura,resnet18,shared,11177538,8394754,2,research-lab/experiments/registered-workflow/extensions/jiim_2026_major_revision/runs/jiim_ext_mura_split_02_seed_62_resnet18_A/checkpoints/best_validation_loss.pt,04860df0d5c6b2d9bc724251027d2f28bafbedc9a2e08f97ef4e554975697dc9,a6ea463712d0dc120a80cd396d357199bda04f92460096cec1576bc5a84dab1c,a04eb7fdd21e2deff5c7fc3af080cc2affe6272a776282cfba22f1b0799e48e1,layer4.;fc.,True,True
jiim_ext_mura_split_02_seed_42_resnet50_A,mura,resnet50,shared,23512130,14968834,2,research-lab/experiments/registered-workflow/extensions/jiim_2026_major_revision/runs/jiim_ext_mura_split_02_seed_42_resnet50_A/checkpoints/best_validation_loss.pt,956cdae49150e00ef772f6c2dbd5a964c110f370c3e955d5c198c92b963e343a,59b1290cb9b52d5febfef861376ac049aa6401f0221a415f606716726ce18c4a,780975696bfa48403937c75a53ba3d8d1933799dcbb64b43d16854b479eb5de5,layer4.;fc.,True,True
jiim_ext_mura_split_02_seed_52_resnet50_A,mura,resnet50,shared,23512130,14968834,2,research-lab/experiments/registered-workflow/extensions/jiim_2026_major_revision/runs/jiim_ext_mura_split_02_seed_52_resnet50_A/checkpoints/best_validation_loss.pt,a71817c4a2380f9976a597e886eea738147bdd32baf0f23d6b726f0ea9232838,64e565cbc453e83321a185449f541fc366e43b8cc212f580a5aac2e3ce8c8630,780975696bfa48403937c75a53ba3d8d1933799dcbb64b43d16854b479eb5de5,layer4.;fc.,True,True
jiim_ext_mura_split_02_seed_62_resnet50_A,mura,resnet50,shared,23512130,14968834,2,research-lab/experiments/registered-workflow/extensions/jiim_2026_major_revision/runs/jiim_ext_mura_split_02_seed_62_resnet50_A/checkpoints/best_validation_loss.pt,d28c6b15697d6da5c499ff1c928bc1991158184e117576674fb661c3b761993a,f9ed804bf418010b8408c7ccd96891751f6c9acd5787ca770c8ddd8d8b5002bd,780975696bfa48403937c75a53ba3d8d1933799dcbb64b43d16854b479eb5de5,layer4.;fc.,True,True
jiim_ext_mura_split_02_seed_42_densenet121_A,mura,densenet121,shared,6955906,2162178,2,research-lab/experiments/registered-workflow/extensions/jiim_2026_major_revision/runs/jiim_ext_mura_split_02_seed_42_densenet121_A/checkpoints/best_validation_loss.pt,0dff24f0d4bd90d4c082c6e35dc34ab86edaa0d93e390448133693722a5507dc,da49dae2780eacd80328d64f26f9c95dafa59e2c0c3252969b06c5664be2cda7,9f2a1bf5c05831dafacfe7846e316a5d956e9f1b67542fb08ba2513315e54f55,features.denseblock4.;features.norm5.;classifier.,True,True
jiim_ext_mura_split_02_seed_52_densenet121_A,mura,densenet121,shared,6955906,2162178,2,research-lab/experiments/registered-workflow/extensions/jiim_2026_major_revision/runs/jiim_ext_mura_split_02_seed_52_densenet121_A/checkpoints/best_validation_loss.pt,284c0c083f42f382bf719b8238cceb643b302b983f7b49a6bec1c57d9f568409,63190d652ebcf6288903baffdd137655aa6604cde12ce0d9ab836d26abf66d91,9f2a1bf5c05831dafacfe7846e316a5d956e9f1b67542fb08ba2513315e54f55,features.denseblock4.;features.norm5.;classifier.,True,True
jiim_ext_mura_split_02_seed_62_densenet121_A,mura,densenet121,shared,6955906,2162178,2,research-lab/experiments/registered-workflow/extensions/jiim_2026_major_revision/runs/jiim_ext_mura_split_02_seed_62_densenet121_A/checkpoints/best_validation_loss.pt,f5af0c0fbd005909040baf1d53e7bd2d82e34a76bc239bad1c138a177d8e675e,00a62dba3e0f14ea34443ebeffdd1abb234af46040d4df113bec91aa579c09d8,9f2a1bf5c05831dafacfe7846e316a5d956e9f1b67542fb08ba2513315e54f55,features.denseblock4.;features.norm5.;classifier.,True,True
jiim_ext_mura_split_02_seed_42_efficientnet_b0_A,mura,efficientnet_b0,shared,4010110,414722,2,research-lab/experiments/registered-workflow/extensions/jiim_2026_major_revision/runs/jiim_ext_mura_split_02_seed_42_efficientnet_b0_A/checkpoints/best_validation_loss.pt,ead6bd3074cfa34df497bfeb1ee6c0c98e5f68b1ad50d540b17026019d775d0f,60d5da448948e9630565dd3e564189711363064ae2413c13dd932053dd920fc5,8fd0cad1ea6b4f5f92304ba66ab659d2ccac8630f6bc8c8d53b3a2699b80b538,features.8.;classifier.,True,True
jiim_ext_mura_split_02_seed_52_efficientnet_b0_A,mura,efficientnet_b0,shared,4010110,414722,2,research-lab/experiments/registered-workflow/extensions/jiim_2026_major_revision/runs/jiim_ext_mura_split_02_seed_52_efficientnet_b0_A/checkpoints/best_validation_loss.pt,e229c4e2f1866ae9364dcf12a8969a069d11fefb8e2c1b2f2215cdedc490a0f2,5c9acc7b4527fce6ca6c68fe988ebf6453fa7f82d4a086adf082c6d0f53347c2,8fd0cad1ea6b4f5f92304ba66ab659d2ccac8630f6bc8c8d53b3a2699b80b538,features.8.;classifier.,True,True
jiim_ext_mura_split_02_seed_62_efficientnet_b0_A,mura,efficientnet_b0,shared,4010110,414722,2,research-lab/experiments/registered-workflow/extensions/jiim_2026_major_revision/runs/jiim_ext_mura_split_02_seed_62_efficientnet_b0_A/checkpoints/best_validation_loss.pt,8bb2f68e526fce896fb555a00ab48e2448882fd1a69f5d5c991d815ae023819c,94740efdab632bbb856642d7d18e0756b64c8b991b4051800c298fe0f12746b0,8fd0cad1ea6b4f5f92304ba66ab659d2ccac8630f6bc8c8d53b3a2699b80b538,features.8.;classifier.,True,True
jiim_ext_mura_split_02_seed_42_swin_t_A,mura,swin_t,shared,27520892,14186930,2,research-lab/experiments/registered-workflow/extensions/jiim_2026_major_revision/runs/jiim_ext_mura_split_02_seed_42_swin_t_A/checkpoints/best_validation_loss.pt,081f9f897bb0162e5442db0a97cff6243be09be10aa52b9bcb37b360636414a1,c8d31586460a6ffe7195c0121750e689a06c3e8675968adb526e1a177c77b661,ed982e919cd0364c18ab68a5010c1586c4529cda9ebf4ddbf68c8a373307c812,features.7.;norm.;head.,True,True
jiim_ext_mura_split_02_seed_52_swin_t_A,mura,swin_t,shared,27520892,14186930,2,research-lab/experiments/registered-workflow/extensions/jiim_2026_major_revision/runs/jiim_ext_mura_split_02_seed_52_swin_t_A/checkpoints/best_validation_loss.pt,421896ab3605fe07051c0045a74245745f10b2e300e8e23585e14fbd35577138,c7305ff95fb0dc172f75bef23ac30c152a13c12398035bc11d3393563aa3fcba,ed982e919cd0364c18ab68a5010c1586c4529cda9ebf4ddbf68c8a373307c812,features.7.;norm.;head.,True,True
jiim_ext_mura_split_02_seed_62_swin_t_A,mura,swin_t,shared,27520892,14186930,2,research-lab/experiments/registered-workflow/extensions/jiim_2026_major_revision/runs/jiim_ext_mura_split_02_seed_62_swin_t_A/checkpoints/best_validation_loss.pt,dbbff679642ef1c725bc15f2a1071700dbf30b4ae2308dde9c6fc48977e60a7d,7ca12ff9415f5465ce92f07abd1c6abf2d9526071227e12728bd9d19976e9f40,ed982e919cd0364c18ab68a5010c1586c4529cda9ebf4ddbf68c8a373307c812,features.7.;norm.;head.,True,True
jiim_ext_mura_split_02_seed_42_swin_t_B,mura,swin_t,swin_weight_eval,27520892,14186930,2,research-lab/experiments/registered-workflow/extensions/jiim_2026_major_revision/runs/jiim_ext_mura_split_02_seed_42_swin_t_B/checkpoints/best_validation_loss.pt,b23a8e0d4c46234c482260500e2c542c00394d2b0c8e990416d847f59f24b0c6,0ce885a126b87b4d53f2481a297411c96052dec97907f0c003b6f4fcb749c2b0,ed982e919cd0364c18ab68a5010c1586c4529cda9ebf4ddbf68c8a373307c812,features.7.;norm.;head.,True,True
jiim_ext_mura_split_02_seed_52_swin_t_B,mura,swin_t,swin_weight_eval,27520892,14186930,2,research-lab/experiments/registered-workflow/extensions/jiim_2026_major_revision/runs/jiim_ext_mura_split_02_seed_52_swin_t_B/checkpoints/best_validation_loss.pt,5650a7825da79388a3cec9e91aaf8269c5fc00c0bc54399e30425ffbaeaa9a33,18e0f6b545c8e354b5ffd55d4018a3b5b1a9faeeffa4d14a58f719ee657097af,ed982e919cd0364c18ab68a5010c1586c4529cda9ebf4ddbf68c8a373307c812,features.7.;norm.;head.,True,True
jiim_ext_mura_split_02_seed_62_swin_t_B,mura,swin_t,swin_weight_eval,27520892,14186930,2,research-lab/experiments/registered-workflow/extensions/jiim_2026_major_revision/runs/jiim_ext_mura_split_02_seed_62_swin_t_B/checkpoints/best_validation_loss.pt,cd0e2573fab24626cbd04277f957a2d264326eb9f32bb8c2cd65cf5f5005ba55,c57df820875471b734ec099355c588e9d7480e51c7fc5835e0a75f47af601abb,ed982e919cd0364c18ab68a5010c1586c4529cda9ebf4ddbf68c8a373307c812,features.7.;norm.;head.,True,True
jiim_ext_mura_split_03_seed_42_resnet18_A,mura,resnet18,shared,11177538,8394754,2,research-lab/experiments/registered-workflow/extensions/jiim_2026_major_revision/runs/jiim_ext_mura_split_03_seed_42_resnet18_A/checkpoints/best_validation_loss.pt,b80f377ba9da6549f1079698ad6ddce4778af4462ac1467d47eb01af40b04bc6,7a7675197d2c237c092185c27976be93d9ff7b1e00edbf9723e9fa36fc486fbb,a04eb7fdd21e2deff5c7fc3af080cc2affe6272a776282cfba22f1b0799e48e1,layer4.;fc.,True,True
jiim_ext_mura_split_03_seed_52_resnet18_A,mura,resnet18,shared,11177538,8394754,2,research-lab/experiments/registered-workflow/extensions/jiim_2026_major_revision/runs/jiim_ext_mura_split_03_seed_52_resnet18_A/checkpoints/best_validation_loss.pt,9d487de63aa23b1b1c5065685eab4f64126f36e30031cec0c9a867c168b9ed9b,f595ccfcc9573bcb589c7de47271c66da7abc1b81f7023298b3f1ba54c54c3f6,a04eb7fdd21e2deff5c7fc3af080cc2affe6272a776282cfba22f1b0799e48e1,layer4.;fc.,True,True
jiim_ext_mura_split_03_seed_62_resnet18_A,mura,resnet18,shared,11177538,8394754,2,research-lab/experiments/registered-workflow/extensions/jiim_2026_major_revision/runs/jiim_ext_mura_split_03_seed_62_resnet18_A/checkpoints/best_validation_loss.pt,beab63fa5d59b3fa68b49095bee48f3e7d82becf83f4081ae4fa9bbcbe7d142e,7860e490c6d372875a12a4cdaaebdf01bcaf34728f25cb6ef4270418f2b7b675,a04eb7fdd21e2deff5c7fc3af080cc2affe6272a776282cfba22f1b0799e48e1,layer4.;fc.,True,True
jiim_ext_mura_split_03_seed_42_resnet50_A,mura,resnet50,shared,23512130,14968834,2,research-lab/experiments/registered-workflow/extensions/jiim_2026_major_revision/runs/jiim_ext_mura_split_03_seed_42_resnet50_A/checkpoints/best_validation_loss.pt,932fdd841c8e82474f417150b540c587fe2f9e2870a993e2c0bc1ef1281cf811,ed9d4b92e3d519bf8848f0fda6fd1563d4884ef7aa5f3939527c0813b6ab1482,780975696bfa48403937c75a53ba3d8d1933799dcbb64b43d16854b479eb5de5,layer4.;fc.,True,True
jiim_ext_mura_split_03_seed_52_resnet50_A,mura,resnet50,shared,23512130,14968834,2,research-lab/experiments/registered-workflow/extensions/jiim_2026_major_revision/runs/jiim_ext_mura_split_03_seed_52_resnet50_A/checkpoints/best_validation_loss.pt,1505bd61db2c8d0e06a3521b64163cb4b3c08e404555279efde698ca2812f191,672ffc16dfa42e7b538ce7e9e5637eca284c8f5663d625ce8cd3ea4bc66db50f,780975696bfa48403937c75a53ba3d8d1933799dcbb64b43d16854b479eb5de5,layer4.;fc.,True,True
jiim_ext_mura_split_03_seed_62_resnet50_A,mura,resnet50,shared,23512130,14968834,2,research-lab/experiments/registered-workflow/extensions/jiim_2026_major_revision/runs/jiim_ext_mura_split_03_seed_62_resnet50_A/checkpoints/best_validation_loss.pt,59755b73121a950ad681d9f7a1bdfae327cdbaac8e5f9fe7ff652e3938ddeb67,b11d79029d20efeb7c3a6be86d53e2dace5892f9d558c29f992aa499dc30edab,780975696bfa48403937c75a53ba3d8d1933799dcbb64b43d16854b479eb5de5,layer4.;fc.,True,True
jiim_ext_mura_split_03_seed_42_densenet121_A,mura,densenet121,shared,6955906,2162178,2,research-lab/experiments/registered-workflow/extensions/jiim_2026_major_revision/runs/jiim_ext_mura_split_03_seed_42_densenet121_A/checkpoints/best_validation_loss.pt,d2ed73cc1dfc56b7b67d9fd3a4a6a7256e5beaf03c120cf8ca745cb0291ff935,4c03e1fc4ff7c900e2e84242825203b555361090b87e6ad221243949a4c52fdc,9f2a1bf5c05831dafacfe7846e316a5d956e9f1b67542fb08ba2513315e54f55,features.denseblock4.;features.norm5.;classifier.,True,True
jiim_ext_mura_split_03_seed_52_densenet121_A,mura,densenet121,shared,6955906,2162178,2,research-lab/experiments/registered-workflow/extensions/jiim_2026_major_revision/runs/jiim_ext_mura_split_03_seed_52_densenet121_A/checkpoints/best_validation_loss.pt,ad5314c93fc4a7c03474ec695ad3e1dd5f6588479171590252f294f87d152e8d,147cdb2c75caf3151d172f00281d632c01546b2802bc7ccd4cc3c686dda75e49,9f2a1bf5c05831dafacfe7846e316a5d956e9f1b67542fb08ba2513315e54f55,features.denseblock4.;features.norm5.;classifier.,True,True
jiim_ext_mura_split_03_seed_62_densenet121_A,mura,densenet121,shared,6955906,2162178,2,research-lab/experiments/registered-workflow/extensions/jiim_2026_major_revision/runs/jiim_ext_mura_split_03_seed_62_densenet121_A/checkpoints/best_validation_loss.pt,ea290a76e8d9497213331fb9b4a766cd3072efeae05d48290ae8808c206fb609,56a47f59745b92efaaf33032b3f892f3316dd827fbc9edb0f965b54c757f5ac2,9f2a1bf5c05831dafacfe7846e316a5d956e9f1b67542fb08ba2513315e54f55,features.denseblock4.;features.norm5.;classifier.,True,True
jiim_ext_mura_split_03_seed_42_efficientnet_b0_A,mura,efficientnet_b0,shared,4010110,414722,2,research-lab/experiments/registered-workflow/extensions/jiim_2026_major_revision/runs/jiim_ext_mura_split_03_seed_42_efficientnet_b0_A/checkpoints/best_validation_loss.pt,84501aea59540d98549c62c15b5f8b9b7d47f9dcbae109349077f29426b37ece,bcd3dc96b6745c09d8354ce2fea2bbf8661b30d8cb0d3970b0fb9d532cffb7ca,8fd0cad1ea6b4f5f92304ba66ab659d2ccac8630f6bc8c8d53b3a2699b80b538,features.8.;classifier.,True,True
jiim_ext_mura_split_03_seed_52_efficientnet_b0_A,mura,efficientnet_b0,shared,4010110,414722,2,research-lab/experiments/registered-workflow/extensions/jiim_2026_major_revision/runs/jiim_ext_mura_split_03_seed_52_efficientnet_b0_A/checkpoints/best_validation_loss.pt,0ece5e3c41e92eaa520b5bad2b1ef47a247831089f15bd94f16d3e50ae41b433,7bbcd59c8fe7e33e99e180c6eeb09816b808f9c5887c9803dd7dc025139b95c3,8fd0cad1ea6b4f5f92304ba66ab659d2ccac8630f6bc8c8d53b3a2699b80b538,features.8.;classifier.,True,True
jiim_ext_mura_split_03_seed_62_efficientnet_b0_A,mura,efficientnet_b0,shared,4010110,414722,2,research-lab/experiments/registered-workflow/extensions/jiim_2026_major_revision/runs/jiim_ext_mura_split_03_seed_62_efficientnet_b0_A/checkpoints/best_validation_loss.pt,21820132f8f8c6cb660148e7a04c23c3da5640d6300a571041dd3f0cedbdc552,5a5918ddb594b1e365d01f9e9f9cba35939cfd2355a0f95f40ab0c7959b09ef3,8fd0cad1ea6b4f5f92304ba66ab659d2ccac8630f6bc8c8d53b3a2699b80b538,features.8.;classifier.,True,True
jiim_ext_mura_split_03_seed_42_swin_t_A,mura,swin_t,shared,27520892,14186930,2,research-lab/experiments/registered-workflow/extensions/jiim_2026_major_revision/runs/jiim_ext_mura_split_03_seed_42_swin_t_A/checkpoints/best_validation_loss.pt,7239343f5117650c7f72fc658f14cf5d9c18002bae21d68a1ce733a26781852c,9c3d2eed9aa58b20773ecc4fd0079a5c526fcf3fc19376ccbe9a4abf0ce96156,ed982e919cd0364c18ab68a5010c1586c4529cda9ebf4ddbf68c8a373307c812,features.7.;norm.;head.,True,True
jiim_ext_mura_split_03_seed_52_swin_t_A,mura,swin_t,shared,27520892,14186930,2,research-lab/experiments/registered-workflow/extensions/jiim_2026_major_revision/runs/jiim_ext_mura_split_03_seed_52_swin_t_A/checkpoints/best_validation_loss.pt,760bb4fcb3bff1881e4188d0c299917475e7d6bc4d62d3af63aacbaf26d877e3,005832a67356712b9727efe8038e4c00433faa91f19f4a90f0a200719375f4f7,ed982e919cd0364c18ab68a5010c1586c4529cda9ebf4ddbf68c8a373307c812,features.7.;norm.;head.,True,True
jiim_ext_mura_split_03_seed_62_swin_t_A,mura,swin_t,shared,27520892,14186930,2,research-lab/experiments/registered-workflow/extensions/jiim_2026_major_revision/runs/jiim_ext_mura_split_03_seed_62_swin_t_A/checkpoints/best_validation_loss.pt,15c43706ef7ba698a3cfaf1cf9bc16cefdce339ce9d623f622aa275d16d68d2b,e7ba2246e35abd6eecb92001338e6a47b885bb28c22d58de73f3aa912dc12a8c,ed982e919cd0364c18ab68a5010c1586c4529cda9ebf4ddbf68c8a373307c812,features.7.;norm.;head.,True,True
jiim_ext_mura_split_03_seed_42_swin_t_B,mura,swin_t,swin_weight_eval,27520892,14186930,2,research-lab/experiments/registered-workflow/extensions/jiim_2026_major_revision/runs/jiim_ext_mura_split_03_seed_42_swin_t_B/checkpoints/best_validation_loss.pt,369eef2fec02ffad311ebf4f67bca559d477b5b4d2d5e9404a9d49504c6d2215,7acf675a71e0fa434fd7c077700fb3a94796e15f7356c943ddf085400beed294,ed982e919cd0364c18ab68a5010c1586c4529cda9ebf4ddbf68c8a373307c812,features.7.;norm.;head.,True,True
jiim_ext_mura_split_03_seed_52_swin_t_B,mura,swin_t,swin_weight_eval,27520892,14186930,2,research-lab/experiments/registered-workflow/extensions/jiim_2026_major_revision/runs/jiim_ext_mura_split_03_seed_52_swin_t_B/checkpoints/best_validation_loss.pt,aa13af12ad6526409ea68aafbac3fe123e97d49af3452cc0e2ef346122effac9,dd8ab2f48eaacf3252ec69cd14a413fde22cea3f49585a18d4be9183c016c527,ed982e919cd0364c18ab68a5010c1586c4529cda9ebf4ddbf68c8a373307c812,features.7.;norm.;head.,True,True
jiim_ext_mura_split_03_seed_62_swin_t_B,mura,swin_t,swin_weight_eval,27520892,14186930,2,research-lab/experiments/registered-workflow/extensions/jiim_2026_major_revision/runs/jiim_ext_mura_split_03_seed_62_swin_t_B/checkpoints/best_validation_loss.pt,4e6e4ab9e7ebdc95d0dc25e4853989f06deec4c7d9ec297fe0aba7e08de65937,b0f9d13b475e2d5039c580596dafe547d9f983d0f7f7eae6d9e272edc4c7eba8,ed982e919cd0364c18ab68a5010c1586c4529cda9ebf4ddbf68c8a373307c812,features.7.;norm.;head.,True,True
jiim_ext_mura_split_04_seed_42_resnet18_A,mura,resnet18,shared,11177538,8394754,2,research-lab/experiments/registered-workflow/extensions/jiim_2026_major_revision/runs/jiim_ext_mura_split_04_seed_42_resnet18_A/checkpoints/best_validation_loss.pt,d16efcfd397970d550120fe4dd70eea78145e50d1cde83eac941055ef02533d7,e6175e246670a83f6b4964e39d244dc95ea5a5559a385c8a66b246e02711e0a0,a04eb7fdd21e2deff5c7fc3af080cc2affe6272a776282cfba22f1b0799e48e1,layer4.;fc.,True,True
jiim_ext_mura_split_04_seed_52_resnet18_A,mura,resnet18,shared,11177538,8394754,2,research-lab/experiments/registered-workflow/extensions/jiim_2026_major_revision/runs/jiim_ext_mura_split_04_seed_52_resnet18_A/checkpoints/best_validation_loss.pt,4c2f270658a7538331ec942de1e42026f2f2d82b9e47115a60bc7611afb57624,01f09d478a49062d3f3cfe04a9dc798c017bbf2501a6115e90192d3b74552044,a04eb7fdd21e2deff5c7fc3af080cc2affe6272a776282cfba22f1b0799e48e1,layer4.;fc.,True,True
jiim_ext_mura_split_04_seed_62_resnet18_A,mura,resnet18,shared,11177538,8394754,2,research-lab/experiments/registered-workflow/extensions/jiim_2026_major_revision/runs/jiim_ext_mura_split_04_seed_62_resnet18_A/checkpoints/best_validation_loss.pt,7cc0cb7fdb11fbd8f92f0d93c36261797a9c058398148bbb766fdc0edf61003b,06004ab299bf668577a463261b4b18c90955a868c05b6b0b7825895b8b96f258,a04eb7fdd21e2deff5c7fc3af080cc2affe6272a776282cfba22f1b0799e48e1,layer4.;fc.,True,True
jiim_ext_mura_split_04_seed_42_resnet50_A,mura,resnet50,shared,23512130,14968834,2,research-lab/experiments/registered-workflow/extensions/jiim_2026_major_revision/runs/jiim_ext_mura_split_04_seed_42_resnet50_A/checkpoints/best_validation_loss.pt,7e2b6d2c41d530319e57f5ba46bb56fbda2c05e3678383d836ad49a352ede8d2,468dbcd4ee4259e0e7658cbcf725548685bbba374bf1476b507fff3e97886ff2,780975696bfa48403937c75a53ba3d8d1933799dcbb64b43d16854b479eb5de5,layer4.;fc.,True,True
jiim_ext_mura_split_04_seed_52_resnet50_A,mura,resnet50,shared,23512130,14968834,2,research-lab/experiments/registered-workflow/extensions/jiim_2026_major_revision/runs/jiim_ext_mura_split_04_seed_52_resnet50_A/checkpoints/best_validation_loss.pt,478d6fa37902c2feb193e85e9cc0a7e89cf2b9197c10cdaf6cf646f3bb8eb80b,bdbdb7cf11ed0cedda09cb538e4a1d975714721faac11a1878102d18c752590c,780975696bfa48403937c75a53ba3d8d1933799dcbb64b43d16854b479eb5de5,layer4.;fc.,True,True
jiim_ext_mura_split_04_seed_62_resnet50_A,mura,resnet50,shared,23512130,14968834,2,research-lab/experiments/registered-workflow/extensions/jiim_2026_major_revision/runs/jiim_ext_mura_split_04_seed_62_resnet50_A/checkpoints/best_validation_loss.pt,43d314fc7d2548f7af9d9f62bb34b58af01ad2ba2ca383410dc56fd86098ccb5,e10175279aab726be17db1092d79de0d4b9ea44d7fef46499e1ee00cc32d6cc5,780975696bfa48403937c75a53ba3d8d1933799dcbb64b43d16854b479eb5de5,layer4.;fc.,True,True
jiim_ext_mura_split_04_seed_42_densenet121_A,mura,densenet121,shared,6955906,2162178,2,research-lab/experiments/registered-workflow/extensions/jiim_2026_major_revision/runs/jiim_ext_mura_split_04_seed_42_densenet121_A/checkpoints/best_validation_loss.pt,39e1e52b50c70cc183840467c6b4a48465c9c712181081740c0b0b85fbc5a86e,66a4629709ba15e931c4730575a70b7512801a425a54c0b6d212196217c0b2cf,9f2a1bf5c05831dafacfe7846e316a5d956e9f1b67542fb08ba2513315e54f55,features.denseblock4.;features.norm5.;classifier.,True,True
jiim_ext_mura_split_04_seed_52_densenet121_A,mura,densenet121,shared,6955906,2162178,2,research-lab/experiments/registered-workflow/extensions/jiim_2026_major_revision/runs/jiim_ext_mura_split_04_seed_52_densenet121_A/checkpoints/best_validation_loss.pt,2d527d9eaa2e006377bec662ae57f0682d30579100942425c2fe8d3e1870d739,b5d9fe8c2c8061a69cdd165224f80f3e0483cb17aab378597e9662835af01b19,9f2a1bf5c05831dafacfe7846e316a5d956e9f1b67542fb08ba2513315e54f55,features.denseblock4.;features.norm5.;classifier.,True,True
jiim_ext_mura_split_04_seed_62_densenet121_A,mura,densenet121,shared,6955906,2162178,2,research-lab/experiments/registered-workflow/extensions/jiim_2026_major_revision/runs/jiim_ext_mura_split_04_seed_62_densenet121_A/checkpoints/best_validation_loss.pt,3320c514964f7d0da97cf41df1d5d80d2a6736524b0b9d05942bffe52bcd7e6b,78d2e42bc0cad1c3e82b45f18da3c2cf683b77ce5266d5d43c148feb334016d4,9f2a1bf5c05831dafacfe7846e316a5d956e9f1b67542fb08ba2513315e54f55,features.denseblock4.;features.norm5.;classifier.,True,True
jiim_ext_mura_split_04_seed_42_efficientnet_b0_A,mura,efficientnet_b0,shared,4010110,414722,2,research-lab/experiments/registered-workflow/extensions/jiim_2026_major_revision/runs/jiim_ext_mura_split_04_seed_42_efficientnet_b0_A/checkpoints/best_validation_loss.pt,1490467c665557a265c47351cba91714a5c61af254d312ec07470317b6ad444a,e88f4b92cbe5e5f35318774e648f00e43a8794ab66ea5302fba1aa54ca344894,8fd0cad1ea6b4f5f92304ba66ab659d2ccac8630f6bc8c8d53b3a2699b80b538,features.8.;classifier.,True,True
jiim_ext_mura_split_04_seed_52_efficientnet_b0_A,mura,efficientnet_b0,shared,4010110,414722,2,research-lab/experiments/registered-workflow/extensions/jiim_2026_major_revision/runs/jiim_ext_mura_split_04_seed_52_efficientnet_b0_A/checkpoints/best_validation_loss.pt,6384bf17070b8d7b8f0d95495506f4084ff192433495341f22b15636b81495cb,16bcc2b9dbff1cfcdf442b015bb5a751f52946e286f4b237ff5c9e5b30cf0cef,8fd0cad1ea6b4f5f92304ba66ab659d2ccac8630f6bc8c8d53b3a2699b80b538,features.8.;classifier.,True,True
jiim_ext_mura_split_04_seed_62_efficientnet_b0_A,mura,efficientnet_b0,shared,4010110,414722,2,research-lab/experiments/registered-workflow/extensions/jiim_2026_major_revision/runs/jiim_ext_mura_split_04_seed_62_efficientnet_b0_A/checkpoints/best_validation_loss.pt,39d073413961c8fdb46258ce831ac56e6499ba666092af78a527cfce8665cd13,ed0eb48fac4ba7fa42c67ddff817679eff75f7ded7e635007ec004871691c1f3,8fd0cad1ea6b4f5f92304ba66ab659d2ccac8630f6bc8c8d53b3a2699b80b538,features.8.;classifier.,True,True
jiim_ext_mura_split_04_seed_42_swin_t_A,mura,swin_t,shared,27520892,14186930,2,research-lab/experiments/registered-workflow/extensions/jiim_2026_major_revision/runs/jiim_ext_mura_split_04_seed_42_swin_t_A/checkpoints/best_validation_loss.pt,3dec17bcfc9a862c632fda5b9d4d18cd328081edd4ddaa111b5bceed6debda15,4d8e106d78eda94f00986785864a06b64185919e30df3ec8e705758c51c8b79d,ed982e919cd0364c18ab68a5010c1586c4529cda9ebf4ddbf68c8a373307c812,features.7.;norm.;head.,True,True
jiim_ext_mura_split_04_seed_52_swin_t_A,mura,swin_t,shared,27520892,14186930,2,research-lab/experiments/registered-workflow/extensions/jiim_2026_major_revision/runs/jiim_ext_mura_split_04_seed_52_swin_t_A/checkpoints/best_validation_loss.pt,594ae48075f8b45562353da1c33d42b3ed80f95cb6a1e5f0f14dd50a74a40f1a,d715988b116e56f47728dd495b9c6b63766d351c4a2b6ee6f150dd641d501703,ed982e919cd0364c18ab68a5010c1586c4529cda9ebf4ddbf68c8a373307c812,features.7.;norm.;head.,True,True
jiim_ext_mura_split_04_seed_62_swin_t_A,mura,swin_t,shared,27520892,14186930,2,research-lab/experiments/registered-workflow/extensions/jiim_2026_major_revision/runs/jiim_ext_mura_split_04_seed_62_swin_t_A/checkpoints/best_validation_loss.pt,b2f48457a929fd18f4eb7d09474fc0e98387f3fc393a09931179f48f42097de8,52f098e2bfc0475982781baeb9c635fcf26756f01f417a194962efb8c7eea405,ed982e919cd0364c18ab68a5010c1586c4529cda9ebf4ddbf68c8a373307c812,features.7.;norm.;head.,True,True
jiim_ext_mura_split_04_seed_42_swin_t_B,mura,swin_t,swin_weight_eval,27520892,14186930,2,research-lab/experiments/registered-workflow/extensions/jiim_2026_major_revision/runs/jiim_ext_mura_split_04_seed_42_swin_t_B/checkpoints/best_validation_loss.pt,f306aeb95e7c6b4406c5141abdf3fbdfc8ed41f048db6ad306742f53ee16cd49,d9a676aa36747e3747c63cff345a0230a950723470d62732fecb2f2b52d8abaf,ed982e919cd0364c18ab68a5010c1586c4529cda9ebf4ddbf68c8a373307c812,features.7.;norm.;head.,True,True
jiim_ext_mura_split_04_seed_52_swin_t_B,mura,swin_t,swin_weight_eval,27520892,14186930,2,research-lab/experiments/registered-workflow/extensions/jiim_2026_major_revision/runs/jiim_ext_mura_split_04_seed_52_swin_t_B/checkpoints/best_validation_loss.pt,f981552158b36e2cee84221c11646adb5e4e4ec84656f0914d65647e3e68734e,c99b0fda9139aad9daedbc9b9cb78dfc51eabb4bc2691cbd8f4d75f229c41763,ed982e919cd0364c18ab68a5010c1586c4529cda9ebf4ddbf68c8a373307c812,features.7.;norm.;head.,True,True
jiim_ext_mura_split_04_seed_62_swin_t_B,mura,swin_t,swin_weight_eval,27520892,14186930,2,research-lab/experiments/registered-workflow/extensions/jiim_2026_major_revision/runs/jiim_ext_mura_split_04_seed_62_swin_t_B/checkpoints/best_validation_loss.pt,af6e5b590e3fdbe05f84eb9a8a20c0c4aedfe4f39a6004ec7df448192c389c07,8adbf8dc7cb60201f898dd63229e87b0f638c71ccbe8daba49c7e67d860f7665,ed982e919cd0364c18ab68a5010c1586c4529cda9ebf4ddbf68c8a373307c812,features.7.;norm.;head.,True,True
jiim_ext_mura_split_05_seed_42_resnet18_A,mura,resnet18,shared,11177538,8394754,2,research-lab/experiments/registered-workflow/extensions/jiim_2026_major_revision/runs/jiim_ext_mura_split_05_seed_42_resnet18_A/checkpoints/best_validation_loss.pt,0d3cfb3d35e0b5f5b5e7f3dac020a1d7eb8453d0630d893d51fffd2e457c2b0a,525285844aefa0b7ac901e008ba418fea9eac31c8bedb38765c26c33d1ad149b,a04eb7fdd21e2deff5c7fc3af080cc2affe6272a776282cfba22f1b0799e48e1,layer4.;fc.,True,True
jiim_ext_mura_split_05_seed_52_resnet18_A,mura,resnet18,shared,11177538,8394754,2,research-lab/experiments/registered-workflow/extensions/jiim_2026_major_revision/runs/jiim_ext_mura_split_05_seed_52_resnet18_A/checkpoints/best_validation_loss.pt,ea391708a794382ee1cda2e1577752e936bbc6db374c4bd24588b3841fd44827,0f3c6c653da7ff24880d404772f0db646c73f7b6f967d3ff5361b0c1c85fd6ee,a04eb7fdd21e2deff5c7fc3af080cc2affe6272a776282cfba22f1b0799e48e1,layer4.;fc.,True,True
jiim_ext_mura_split_05_seed_62_resnet18_A,mura,resnet18,shared,11177538,8394754,2,research-lab/experiments/registered-workflow/extensions/jiim_2026_major_revision/runs/jiim_ext_mura_split_05_seed_62_resnet18_A/checkpoints/best_validation_loss.pt,5e893abf27d327eade781e0ff011ea66947e167fef572cb43c5c7051b3cf1961,04aba31d4cc0f87b65768e09513107c39d043f4b5f1336e7256cc69ce68b09db,a04eb7fdd21e2deff5c7fc3af080cc2affe6272a776282cfba22f1b0799e48e1,layer4.;fc.,True,True
jiim_ext_mura_split_05_seed_42_resnet50_A,mura,resnet50,shared,23512130,14968834,2,research-lab/experiments/registered-workflow/extensions/jiim_2026_major_revision/runs/jiim_ext_mura_split_05_seed_42_resnet50_A/checkpoints/best_validation_loss.pt,0bdccdc9857999e478539fb4553a88cf6c624fc82c3290e3a7f640fa03624c68,fbcf57c1f412a3b5fc1b0dc26b68259774586e2d5f4636dbb02650c75647ad97,780975696bfa48403937c75a53ba3d8d1933799dcbb64b43d16854b479eb5de5,layer4.;fc.,True,True
jiim_ext_mura_split_05_seed_52_resnet50_A,mura,resnet50,shared,23512130,14968834,2,research-lab/experiments/registered-workflow/extensions/jiim_2026_major_revision/runs/jiim_ext_mura_split_05_seed_52_resnet50_A/checkpoints/best_validation_loss.pt,36854256c6d4aacca1cac022f2d63a105e5f498e711ed422749901cc29b7a1d1,6c585f6d617792c41697452470e34435e798c92ff24a7e6c28f7ab60c97265f9,780975696bfa48403937c75a53ba3d8d1933799dcbb64b43d16854b479eb5de5,layer4.;fc.,True,True
jiim_ext_mura_split_05_seed_62_resnet50_A,mura,resnet50,shared,23512130,14968834,2,research-lab/experiments/registered-workflow/extensions/jiim_2026_major_revision/runs/jiim_ext_mura_split_05_seed_62_resnet50_A/checkpoints/best_validation_loss.pt,ebb83d566e73c2e06dad3bdc9e400240ba40bd7ffbf8dfe9bc3790024ec48713,1bf66ad2c056cb9a329e6349c6bcc4d3a4fea4522b3bacee50562a409d1ce1e6,780975696bfa48403937c75a53ba3d8d1933799dcbb64b43d16854b479eb5de5,layer4.;fc.,True,True
jiim_ext_mura_split_05_seed_42_densenet121_A,mura,densenet121,shared,6955906,2162178,2,research-lab/experiments/registered-workflow/extensions/jiim_2026_major_revision/runs/jiim_ext_mura_split_05_seed_42_densenet121_A/checkpoints/best_validation_loss.pt,da162c74f68d4f95c6824eb95e3e1fef91053ecaab7328a91bb38080f92dd246,573fc3bde87dc0ab8f316cbf63134a8c8722f51307da202263cd48c2bd87816b,9f2a1bf5c05831dafacfe7846e316a5d956e9f1b67542fb08ba2513315e54f55,features.denseblock4.;features.norm5.;classifier.,True,True
jiim_ext_mura_split_05_seed_52_densenet121_A,mura,densenet121,shared,6955906,2162178,2,research-lab/experiments/registered-workflow/extensions/jiim_2026_major_revision/runs/jiim_ext_mura_split_05_seed_52_densenet121_A/checkpoints/best_validation_loss.pt,979716bfe5a8cb62e5b2d326ddd5ee977ba79b941faac68edcd1aaff6a844a7f,d39478797eb79ff515e823ac877702b8121258752f9def133bb6cd9e7b3007ae,9f2a1bf5c05831dafacfe7846e316a5d956e9f1b67542fb08ba2513315e54f55,features.denseblock4.;features.norm5.;classifier.,True,True
jiim_ext_mura_split_05_seed_62_densenet121_A,mura,densenet121,shared,6955906,2162178,2,research-lab/experiments/registered-workflow/extensions/jiim_2026_major_revision/runs/jiim_ext_mura_split_05_seed_62_densenet121_A/checkpoints/best_validation_loss.pt,666dafac684d98d8321ec90875cce0615b804b65c260b656a80b18868f44820f,6aa425ac0ea57e19e39360dccf774c65524644da32385e16e59874b6da0d2047,9f2a1bf5c05831dafacfe7846e316a5d956e9f1b67542fb08ba2513315e54f55,features.denseblock4.;features.norm5.;classifier.,True,True
jiim_ext_mura_split_05_seed_42_efficientnet_b0_A,mura,efficientnet_b0,shared,4010110,414722,2,research-lab/experiments/registered-workflow/extensions/jiim_2026_major_revision/runs/jiim_ext_mura_split_05_seed_42_efficientnet_b0_A/checkpoints/best_validation_loss.pt,3487f345f19ef4c0d2fd3eb0ad087e4fde6898f68ff5c2ebd783c32745a1008b,d3f4a5eddf494ab1101ae9851746e661eceb418abce7857e8fb5a5b54d1b4018,8fd0cad1ea6b4f5f92304ba66ab659d2ccac8630f6bc8c8d53b3a2699b80b538,features.8.;classifier.,True,True
jiim_ext_mura_split_05_seed_52_efficientnet_b0_A,mura,efficientnet_b0,shared,4010110,414722,2,research-lab/experiments/registered-workflow/extensions/jiim_2026_major_revision/runs/jiim_ext_mura_split_05_seed_52_efficientnet_b0_A/checkpoints/best_validation_loss.pt,1d117b0467bca376e22a32a888975594b301495ebf11872c6f6d0f73bdc9d402,634d466f12956b5f0db369c941120159d05880105dc128fb4fc748e2353278c4,8fd0cad1ea6b4f5f92304ba66ab659d2ccac8630f6bc8c8d53b3a2699b80b538,features.8.;classifier.,True,True
jiim_ext_mura_split_05_seed_62_efficientnet_b0_A,mura,efficientnet_b0,shared,4010110,414722,2,research-lab/experiments/registered-workflow/extensions/jiim_2026_major_revision/runs/jiim_ext_mura_split_05_seed_62_efficientnet_b0_A/checkpoints/best_validation_loss.pt,a5cbc98b10c51d29a3d7db4004e683ab6c022d6e9f16c57d1155034f22d3becb,27f97c022ddefdc97e5fe32486fa06c6dfb04d3fdf4b10cbf71b4d4a60a0c888,8fd0cad1ea6b4f5f92304ba66ab659d2ccac8630f6bc8c8d53b3a2699b80b538,features.8.;classifier.,True,True
jiim_ext_mura_split_05_seed_42_swin_t_A,mura,swin_t,shared,27520892,14186930,2,research-lab/experiments/registered-workflow/extensions/jiim_2026_major_revision/runs/jiim_ext_mura_split_05_seed_42_swin_t_A/checkpoints/best_validation_loss.pt,411bc656022b97fa137c2e536735a1cf5ec8f2b0ce7a44f9593c9456717a0906,a59960b4f8276598781c9d8cec0f3537f4d2fe36b478c45faa9a9c5613984b95,ed982e919cd0364c18ab68a5010c1586c4529cda9ebf4ddbf68c8a373307c812,features.7.;norm.;head.,True,True
jiim_ext_mura_split_05_seed_52_swin_t_A,mura,swin_t,shared,27520892,14186930,2,research-lab/experiments/registered-workflow/extensions/jiim_2026_major_revision/runs/jiim_ext_mura_split_05_seed_52_swin_t_A/checkpoints/best_validation_loss.pt,e626fc1ed995f044492181f3a69395ead74725f310fc6250ef74ca8c377a45b9,9c6f0ce1c8cce03aee3e0dee08b58d313ce8eff7e9504578100f751f59c86127,ed982e919cd0364c18ab68a5010c1586c4529cda9ebf4ddbf68c8a373307c812,features.7.;norm.;head.,True,True
jiim_ext_mura_split_05_seed_62_swin_t_A,mura,swin_t,shared,27520892,14186930,2,research-lab/experiments/registered-workflow/extensions/jiim_2026_major_revision/runs/jiim_ext_mura_split_05_seed_62_swin_t_A/checkpoints/best_validation_loss.pt,6b66a5e18041b5e17a8b48ce0f7cc00d263efe0a50a7b6b7a9ef05a876dfd8e0,b544c135beed3a69d0f9a420b3ecb1d948c4e977e1bc1542cfbdfbe68b9e7631,ed982e919cd0364c18ab68a5010c1586c4529cda9ebf4ddbf68c8a373307c812,features.7.;norm.;head.,True,True
jiim_ext_mura_split_05_seed_42_swin_t_B,mura,swin_t,swin_weight_eval,27520892,14186930,2,research-lab/experiments/registered-workflow/extensions/jiim_2026_major_revision/runs/jiim_ext_mura_split_05_seed_42_swin_t_B/checkpoints/best_validation_loss.pt,b2477cd38450aa362c7fe3b92bb2d214f71da051fb0ff79a9d720e7d3a8a1007,5471ae61806d1236bd9ca2807d51be2bc1e546f1711f494ce0bc6f27dca65ef0,ed982e919cd0364c18ab68a5010c1586c4529cda9ebf4ddbf68c8a373307c812,features.7.;norm.;head.,True,True
jiim_ext_mura_split_05_seed_52_swin_t_B,mura,swin_t,swin_weight_eval,27520892,14186930,2,research-lab/experiments/registered-workflow/extensions/jiim_2026_major_revision/runs/jiim_ext_mura_split_05_seed_52_swin_t_B/checkpoints/best_validation_loss.pt,2787f16ad16ea1edb94cf4d5f07053061e5b0ccaa9ee4d73761e11871c75f875,7931b75ec0f6db5dfc49cbdd7250e5fff664ef3bd1aef1c20d756c44debfb38f,ed982e919cd0364c18ab68a5010c1586c4529cda9ebf4ddbf68c8a373307c812,features.7.;norm.;head.,True,True
jiim_ext_mura_split_05_seed_62_swin_t_B,mura,swin_t,swin_weight_eval,27520892,14186930,2,research-lab/experiments/registered-workflow/extensions/jiim_2026_major_revision/runs/jiim_ext_mura_split_05_seed_62_swin_t_B/checkpoints/best_validation_loss.pt,f13a86211d2768852a05986ef8af6cc18b6f8ec9fa1d3ca56e4ae7c7c47e2453,2d6c95a8ed839614a5505d8519a683741127e016aacb4f59d922bbbf6fa54972,ed982e919cd0364c18ab68a5010c1586c4529cda9ebf4ddbf68c8a373307c812,features.7.;norm.;head.,True,True
jiim_ext_mura_split_06_seed_42_resnet18_A,mura,resnet18,shared,11177538,8394754,2,research-lab/experiments/registered-workflow/extensions/jiim_2026_major_revision/runs/jiim_ext_mura_split_06_seed_42_resnet18_A/checkpoints/best_validation_loss.pt,f6ef7f954c93f531a97231da254cab64e4fddc613598ed506be3e838e6b70245,b30363154c2e57356e92b83c2c322c66f81598547921dd71aaf2afb8cc4c56ef,a04eb7fdd21e2deff5c7fc3af080cc2affe6272a776282cfba22f1b0799e48e1,layer4.;fc.,True,True
jiim_ext_mura_split_06_seed_52_resnet18_A,mura,resnet18,shared,11177538,8394754,2,research-lab/experiments/registered-workflow/extensions/jiim_2026_major_revision/runs/jiim_ext_mura_split_06_seed_52_resnet18_A/checkpoints/best_validation_loss.pt,464cf6f43d4714087772fd765d13af1e0740f9259173103f3cb0b86dcb010206,6cf8ca1844fde0a2374354a14d1fc8bba3c4ef367d4bbb8dd440d2717344a8dc,a04eb7fdd21e2deff5c7fc3af080cc2affe6272a776282cfba22f1b0799e48e1,layer4.;fc.,True,True
jiim_ext_mura_split_06_seed_62_resnet18_A,mura,resnet18,shared,11177538,8394754,2,research-lab/experiments/registered-workflow/extensions/jiim_2026_major_revision/runs/jiim_ext_mura_split_06_seed_62_resnet18_A/checkpoints/best_validation_loss.pt,d4f164bb1eec32988649d6da0e9f1391e2350a7809f18deaa47f17319688b8cb,bd6c451a2a76a6c898db872055adbacfa21df7c41eb49d6e2cd36aa9fa61215f,a04eb7fdd21e2deff5c7fc3af080cc2affe6272a776282cfba22f1b0799e48e1,layer4.;fc.,True,True
jiim_ext_mura_split_06_seed_42_resnet50_A,mura,resnet50,shared,23512130,14968834,2,research-lab/experiments/registered-workflow/extensions/jiim_2026_major_revision/runs/jiim_ext_mura_split_06_seed_42_resnet50_A/checkpoints/best_validation_loss.pt,689305d16205e7b87570dac2ad64722b6e63e9db08449c397ef1517a55904cf6,0a30a0968e6669120efe0da24ec28a614153d8b4891a80d67501f586bf386f45,780975696bfa48403937c75a53ba3d8d1933799dcbb64b43d16854b479eb5de5,layer4.;fc.,True,True
jiim_ext_mura_split_06_seed_52_resnet50_A,mura,resnet50,shared,23512130,14968834,2,research-lab/experiments/registered-workflow/extensions/jiim_2026_major_revision/runs/jiim_ext_mura_split_06_seed_52_resnet50_A/checkpoints/best_validation_loss.pt,13b57c4239d31e09e06e1a7b17988884af40770b0ddc2f15c4b98a918dbaa193,41bd86549a39215a7fe33fb2fbd6fb7613ec53518eb6a444a70fcc58b4d27f21,780975696bfa48403937c75a53ba3d8d1933799dcbb64b43d16854b479eb5de5,layer4.;fc.,True,True
jiim_ext_mura_split_06_seed_62_resnet50_A,mura,resnet50,shared,23512130,14968834,2,research-lab/experiments/registered-workflow/extensions/jiim_2026_major_revision/runs/jiim_ext_mura_split_06_seed_62_resnet50_A/checkpoints/best_validation_loss.pt,b15198bca43ad0d662904f2d17847a50d0156b7e64b34ef7b89d8b16d5edbd28,5dd6611a694cd7b69f5e598065779adddbc0b72c720dba5a0acf74847a459e71,780975696bfa48403937c75a53ba3d8d1933799dcbb64b43d16854b479eb5de5,layer4.;fc.,True,True
jiim_ext_mura_split_06_seed_42_densenet121_A,mura,densenet121,shared,6955906,2162178,2,research-lab/experiments/registered-workflow/extensions/jiim_2026_major_revision/runs/jiim_ext_mura_split_06_seed_42_densenet121_A/checkpoints/best_validation_loss.pt,7a446518af47c56a21d341399a6ad77140cf7373580e7cf7e1a6b13811cf800e,2346ede294f2e4c2d47e78d9cbca9194c54ab06d1fbc055d725b10b235bebd41,9f2a1bf5c05831dafacfe7846e316a5d956e9f1b67542fb08ba2513315e54f55,features.denseblock4.;features.norm5.;classifier.,True,True
jiim_ext_mura_split_06_seed_52_densenet121_A,mura,densenet121,shared,6955906,2162178,2,research-lab/experiments/registered-workflow/extensions/jiim_2026_major_revision/runs/jiim_ext_mura_split_06_seed_52_densenet121_A/checkpoints/best_validation_loss.pt,99a0f3b38d8b3d37c30b6bccf5b3f67f094dc6d54e0976af40cef959707653cf,04a010adf9ede175a91a33911be8947164f1ab0cdbc61b185f14ab971cc817ed,9f2a1bf5c05831dafacfe7846e316a5d956e9f1b67542fb08ba2513315e54f55,features.denseblock4.;features.norm5.;classifier.,True,True
jiim_ext_mura_split_06_seed_62_densenet121_A,mura,densenet121,shared,6955906,2162178,2,research-lab/experiments/registered-workflow/extensions/jiim_2026_major_revision/runs/jiim_ext_mura_split_06_seed_62_densenet121_A/checkpoints/best_validation_loss.pt,2c9b50b2c787802f4c3c2448da3229fefe4e82893faacb2fe68a75ef204ad256,2d753ec7a4e2b4bb3a902915684ddf32ec3ac2694d562897789072aa2ae9f4e7,9f2a1bf5c05831dafacfe7846e316a5d956e9f1b67542fb08ba2513315e54f55,features.denseblock4.;features.norm5.;classifier.,True,True
jiim_ext_mura_split_06_seed_42_efficientnet_b0_A,mura,efficientnet_b0,shared,4010110,414722,2,research-lab/experiments/registered-workflow/extensions/jiim_2026_major_revision/runs/jiim_ext_mura_split_06_seed_42_efficientnet_b0_A/checkpoints/best_validation_loss.pt,2ac5a24ccdbb13b0cf1ee0ec97ea92258e74252423f53315748705ebbd5f105f,ed86b48c2a57d00d91d8192e233bf54e68f5233dea8d440e8967608207fce058,8fd0cad1ea6b4f5f92304ba66ab659d2ccac8630f6bc8c8d53b3a2699b80b538,features.8.;classifier.,True,True
jiim_ext_mura_split_06_seed_52_efficientnet_b0_A,mura,efficientnet_b0,shared,4010110,414722,2,research-lab/experiments/registered-workflow/extensions/jiim_2026_major_revision/runs/jiim_ext_mura_split_06_seed_52_efficientnet_b0_A/checkpoints/best_validation_loss.pt,62fcf43fe97517c6a6feefa25c7c19ae71530e565e7e3cfc2cfb3566609a016b,398e74bbf2ac2902febed4c92ba024998ee553d0354538a87d162befa2225467,8fd0cad1ea6b4f5f92304ba66ab659d2ccac8630f6bc8c8d53b3a2699b80b538,features.8.;classifier.,True,True
jiim_ext_mura_split_06_seed_62_efficientnet_b0_A,mura,efficientnet_b0,shared,4010110,414722,2,research-lab/experiments/registered-workflow/extensions/jiim_2026_major_revision/runs/jiim_ext_mura_split_06_seed_62_efficientnet_b0_A/checkpoints/best_validation_loss.pt,3bc4ed86d66a1c89e97df2bc7d6f14919531bf9badcc118703e55f59e1c7041e,6eb56ae525cb2f1944daac91eb5f2a9fe14d412881200a32feec978410824c74,8fd0cad1ea6b4f5f92304ba66ab659d2ccac8630f6bc8c8d53b3a2699b80b538,features.8.;classifier.,True,True
jiim_ext_mura_split_07_seed_42_resnet18_A,mura,resnet18,shared,11177538,8394754,2,research-lab/experiments/registered-workflow/extensions/jiim_2026_major_revision/runs/jiim_ext_mura_split_07_seed_42_resnet18_A/checkpoints/best_validation_loss.pt,7404bba3e0c17ee3333d50195364cad07c1546682e7cbab6c1bffe082bdffc81,47cde1a85f3517599839ce3f3169cdebb375b43328d180d66679bae4e477d414,a04eb7fdd21e2deff5c7fc3af080cc2affe6272a776282cfba22f1b0799e48e1,layer4.;fc.,True,True
jiim_ext_mura_split_07_seed_52_resnet18_A,mura,resnet18,shared,11177538,8394754,2,research-lab/experiments/registered-workflow/extensions/jiim_2026_major_revision/runs/jiim_ext_mura_split_07_seed_52_resnet18_A/checkpoints/best_validation_loss.pt,cc0ff1c241d2cb5b264416ce10f47c73485cca4a800def01cb3dd06262b37535,7a8c71ff53443823c1165d660bc0602930b8a3478f472ecbb685cc848f8a38db,a04eb7fdd21e2deff5c7fc3af080cc2affe6272a776282cfba22f1b0799e48e1,layer4.;fc.,True,True
jiim_ext_mura_split_07_seed_62_resnet18_A,mura,resnet18,shared,11177538,8394754,2,research-lab/experiments/registered-workflow/extensions/jiim_2026_major_revision/runs/jiim_ext_mura_split_07_seed_62_resnet18_A/checkpoints/best_validation_loss.pt,981039bbbf210bd0637d0e432820151319728135c0496403740d4b29c4cb38c9,5abf4071db810cfd4ff9d6fec51ae973f01c2e703354ef4af84370be65590090,a04eb7fdd21e2deff5c7fc3af080cc2affe6272a776282cfba22f1b0799e48e1,layer4.;fc.,True,True
jiim_ext_mura_split_07_seed_42_resnet50_A,mura,resnet50,shared,23512130,14968834,2,research-lab/experiments/registered-workflow/extensions/jiim_2026_major_revision/runs/jiim_ext_mura_split_07_seed_42_resnet50_A/checkpoints/best_validation_loss.pt,5f42926e5bc3b0045b11dae7271658bf6831af3a6c5f561b9e156c4f448cebe0,9ee909c7d00b051397bd980375e561da7a81bca4a025b2da830f37bf45357d17,780975696bfa48403937c75a53ba3d8d1933799dcbb64b43d16854b479eb5de5,layer4.;fc.,True,True
jiim_ext_mura_split_07_seed_52_resnet50_A,mura,resnet50,shared,23512130,14968834,2,research-lab/experiments/registered-workflow/extensions/jiim_2026_major_revision/runs/jiim_ext_mura_split_07_seed_52_resnet50_A/checkpoints/best_validation_loss.pt,18275ad3cfea423ed4b9ec2885238aaad2eb30a8cbc2401b14512f50716521b2,9378f18bd719116c66c0cb4151c1636f2aaed41365033b333220aa8e198a8a01,780975696bfa48403937c75a53ba3d8d1933799dcbb64b43d16854b479eb5de5,layer4.;fc.,True,True
jiim_ext_mura_split_07_seed_62_resnet50_A,mura,resnet50,shared,23512130,14968834,2,research-lab/experiments/registered-workflow/extensions/jiim_2026_major_revision/runs/jiim_ext_mura_split_07_seed_62_resnet50_A/checkpoints/best_validation_loss.pt,d439549ccd1ea1cf722e981abbc1d4fed58fc28ab4bbc3aba1a95868aadd904d,35b93ac185ac882681e17d7df2f487e8f9936c925fb1d4dc0c32bc61fa10fcc5,780975696bfa48403937c75a53ba3d8d1933799dcbb64b43d16854b479eb5de5,layer4.;fc.,True,True
jiim_ext_mura_split_07_seed_42_densenet121_A,mura,densenet121,shared,6955906,2162178,2,research-lab/experiments/registered-workflow/extensions/jiim_2026_major_revision/runs/jiim_ext_mura_split_07_seed_42_densenet121_A/checkpoints/best_validation_loss.pt,dd9aa03f3ab887edcaebb6aa885846c00bf8c5aa14108079f092de44ff0f7cbc,0430454c6437d3575c620f9d04b9edc23028ea8f623de5c163d996f9f1b9d686,9f2a1bf5c05831dafacfe7846e316a5d956e9f1b67542fb08ba2513315e54f55,features.denseblock4.;features.norm5.;classifier.,True,True
jiim_ext_mura_split_07_seed_52_densenet121_A,mura,densenet121,shared,6955906,2162178,2,research-lab/experiments/registered-workflow/extensions/jiim_2026_major_revision/runs/jiim_ext_mura_split_07_seed_52_densenet121_A/checkpoints/best_validation_loss.pt,7c0ca27008ceadb26fc6d7e8e526ace526401aed70f9a64ce0f6e5849e6d2557,879f98f14f57fee887393c33b8ab27e944f656f5767db0a258f225581105b90c,9f2a1bf5c05831dafacfe7846e316a5d956e9f1b67542fb08ba2513315e54f55,features.denseblock4.;features.norm5.;classifier.,True,True
jiim_ext_mura_split_07_seed_62_densenet121_A,mura,densenet121,shared,6955906,2162178,2,research-lab/experiments/registered-workflow/extensions/jiim_2026_major_revision/runs/jiim_ext_mura_split_07_seed_62_densenet121_A/checkpoints/best_validation_loss.pt,54a770f75281546d27f98e97fd96bc3a7025d7f7218f63d28caf5b2f3dbc1242,13928fb9df1df0ce0c1d09dc149397fa7a0f92902292d52d34a43fc0915e23d1,9f2a1bf5c05831dafacfe7846e316a5d956e9f1b67542fb08ba2513315e54f55,features.denseblock4.;features.norm5.;classifier.,True,True
jiim_ext_mura_split_07_seed_42_efficientnet_b0_A,mura,efficientnet_b0,shared,4010110,414722,2,research-lab/experiments/registered-workflow/extensions/jiim_2026_major_revision/runs/jiim_ext_mura_split_07_seed_42_efficientnet_b0_A/checkpoints/best_validation_loss.pt,1741f1e676b69dd95c5804b2e452def694672e941782788e544512e497b75016,a08968d0599dcc5f560c6f03190f66b4c230e32e5942c642ac77523b50e0a17d,8fd0cad1ea6b4f5f92304ba66ab659d2ccac8630f6bc8c8d53b3a2699b80b538,features.8.;classifier.,True,True
jiim_ext_mura_split_07_seed_52_efficientnet_b0_A,mura,efficientnet_b0,shared,4010110,414722,2,research-lab/experiments/registered-workflow/extensions/jiim_2026_major_revision/runs/jiim_ext_mura_split_07_seed_52_efficientnet_b0_A/checkpoints/best_validation_loss.pt,641b1fad3a08a7a0456530091dcb4096b91416ad219a89cbc29799466cc2aab7,b0c109601a392bb1d2aa3a13dba7cada1323c7f78caaa6c258143f0234e4bb14,8fd0cad1ea6b4f5f92304ba66ab659d2ccac8630f6bc8c8d53b3a2699b80b538,features.8.;classifier.,True,True
jiim_ext_mura_split_07_seed_62_efficientnet_b0_A,mura,efficientnet_b0,shared,4010110,414722,2,research-lab/experiments/registered-workflow/extensions/jiim_2026_major_revision/runs/jiim_ext_mura_split_07_seed_62_efficientnet_b0_A/checkpoints/best_validation_loss.pt,9baabbc077902e6729b3cc7d69050e7f9d8a4fc9d3d34be8463defafe4750df2,c6bf60c4dd9bb8e4287c55dc2a11013f352c8cdc9a054c66de536c847e32c6aa,8fd0cad1ea6b4f5f92304ba66ab659d2ccac8630f6bc8c8d53b3a2699b80b538,features.8.;classifier.,True,True
jiim_ext_mura_split_08_seed_42_resnet18_A,mura,resnet18,shared,11177538,8394754,2,research-lab/experiments/registered-workflow/extensions/jiim_2026_major_revision/runs/jiim_ext_mura_split_08_seed_42_resnet18_A/checkpoints/best_validation_loss.pt,4abd11d41bf7a8d5d1398c2137209674cb15217cc542c3e7c3b179b7d8592894,fbf74ef7d9f37707e03d063b9d0847fe255efcc92f7b85f295c917115c300c8b,a04eb7fdd21e2deff5c7fc3af080cc2affe6272a776282cfba22f1b0799e48e1,layer4.;fc.,True,True
jiim_ext_mura_split_08_seed_52_resnet18_A,mura,resnet18,shared,11177538,8394754,2,research-lab/experiments/registered-workflow/extensions/jiim_2026_major_revision/runs/jiim_ext_mura_split_08_seed_52_resnet18_A/checkpoints/best_validation_loss.pt,2443dff2dfbe3facaa15fabe83850d85ec103d87bc1e519a3572ed07956edff4,21dcef5f1dd1c458795c9c8e44133365b6337901e40fc9856f5bd971f27dbe40,a04eb7fdd21e2deff5c7fc3af080cc2affe6272a776282cfba22f1b0799e48e1,layer4.;fc.,True,True
jiim_ext_mura_split_08_seed_62_resnet18_A,mura,resnet18,shared,11177538,8394754,2,research-lab/experiments/registered-workflow/extensions/jiim_2026_major_revision/runs/jiim_ext_mura_split_08_seed_62_resnet18_A/checkpoints/best_validation_loss.pt,f5ceb6e38f0884b333470274c46fb8918f0a74ef8f1d6992e7d2f45c089a4ed1,e4c870f9f7db575da1d393f7b3d3bb3785bf9bbd15f4fc8247adcfde1519a4fd,a04eb7fdd21e2deff5c7fc3af080cc2affe6272a776282cfba22f1b0799e48e1,layer4.;fc.,True,True
jiim_ext_mura_split_08_seed_42_resnet50_A,mura,resnet50,shared,23512130,14968834,2,research-lab/experiments/registered-workflow/extensions/jiim_2026_major_revision/runs/jiim_ext_mura_split_08_seed_42_resnet50_A/checkpoints/best_validation_loss.pt,8ccf2e5aac6fab50f6b795aed64027ab0c2f742de1616890deb0d9ac6da77329,53ce4732dbb5fbca96dc75e351dc02b5339fa973a7810442c6f34af449b7a7f3,780975696bfa48403937c75a53ba3d8d1933799dcbb64b43d16854b479eb5de5,layer4.;fc.,True,True
jiim_ext_mura_split_08_seed_52_resnet50_A,mura,resnet50,shared,23512130,14968834,2,research-lab/experiments/registered-workflow/extensions/jiim_2026_major_revision/runs/jiim_ext_mura_split_08_seed_52_resnet50_A/checkpoints/best_validation_loss.pt,8089a216194868f83be2903230e7ccd80a8f8e1ce6f1b956c82b99898dbb7f2b,dbc01d5a145313fcf515947aaf0a15ee7b2e3445945d56953b18734a523fb7c8,780975696bfa48403937c75a53ba3d8d1933799dcbb64b43d16854b479eb5de5,layer4.;fc.,True,True
jiim_ext_mura_split_08_seed_62_resnet50_A,mura,resnet50,shared,23512130,14968834,2,research-lab/experiments/registered-workflow/extensions/jiim_2026_major_revision/runs/jiim_ext_mura_split_08_seed_62_resnet50_A/checkpoints/best_validation_loss.pt,9fd93e80b4fdfb7971aa3e7a3dc49cce4dbf542736351297cbb010dfadce88bb,9130fecc2a92339c422a2ea8b9c966e95eaea78521d8b6ed087552f15d147bae,780975696bfa48403937c75a53ba3d8d1933799dcbb64b43d16854b479eb5de5,layer4.;fc.,True,True
jiim_ext_mura_split_08_seed_42_densenet121_A,mura,densenet121,shared,6955906,2162178,2,research-lab/experiments/registered-workflow/extensions/jiim_2026_major_revision/runs/jiim_ext_mura_split_08_seed_42_densenet121_A/checkpoints/best_validation_loss.pt,cdb12eea7571e78d27af80eb1e9109ef03f8376dde36b5820067e9faa2ef9f74,e38decdc6b5dd45dfe2a792cb60807839b58254bcb0be22a21375b8c79037fc6,9f2a1bf5c05831dafacfe7846e316a5d956e9f1b67542fb08ba2513315e54f55,features.denseblock4.;features.norm5.;classifier.,True,True
jiim_ext_mura_split_08_seed_52_densenet121_A,mura,densenet121,shared,6955906,2162178,2,research-lab/experiments/registered-workflow/extensions/jiim_2026_major_revision/runs/jiim_ext_mura_split_08_seed_52_densenet121_A/checkpoints/best_validation_loss.pt,daf6700b87b4de5ebfd22c794f20bfd0dcd220a01058f40f3cfa7dfdad6a196b,72b1a6aac5056dbe2d17d3798083820be2b1f1e5bc4c433a36cf2ecaf6cecac3,9f2a1bf5c05831dafacfe7846e316a5d956e9f1b67542fb08ba2513315e54f55,features.denseblock4.;features.norm5.;classifier.,True,True
jiim_ext_mura_split_08_seed_62_densenet121_A,mura,densenet121,shared,6955906,2162178,2,research-lab/experiments/registered-workflow/extensions/jiim_2026_major_revision/runs/jiim_ext_mura_split_08_seed_62_densenet121_A/checkpoints/best_validation_loss.pt,9d862e3890a3da2fbc14d326f70165ae72f2d22ad46fd6ed69ffc89779d19a6f,b9a8f9f9795c9609a81dfe7a721c97fe935f26a80636f154131e5309b802654f,9f2a1bf5c05831dafacfe7846e316a5d956e9f1b67542fb08ba2513315e54f55,features.denseblock4.;features.norm5.;classifier.,True,True
jiim_ext_mura_split_08_seed_42_efficientnet_b0_A,mura,efficientnet_b0,shared,4010110,414722,2,research-lab/experiments/registered-workflow/extensions/jiim_2026_major_revision/runs/jiim_ext_mura_split_08_seed_42_efficientnet_b0_A/checkpoints/best_validation_loss.pt,044d34d392a7fd915465710d023ed94872b51f31fef85da432f98b4fcd648f0f,dc938b7128a7e6e07460b31fa0f0afd277e37514276c5f572bbd3f5e4d0484f7,8fd0cad1ea6b4f5f92304ba66ab659d2ccac8630f6bc8c8d53b3a2699b80b538,features.8.;classifier.,True,True
jiim_ext_mura_split_08_seed_52_efficientnet_b0_A,mura,efficientnet_b0,shared,4010110,414722,2,research-lab/experiments/registered-workflow/extensions/jiim_2026_major_revision/runs/jiim_ext_mura_split_08_seed_52_efficientnet_b0_A/checkpoints/best_validation_loss.pt,3adf01f6fa7577078501eb0c43fc4dd3a42f80aa1c65fee5566bfb7982bbc81c,41ad9962f7a1ddb5e2a8c2bbf1c782947e87ce64af34e867169264cf9f5c5851,8fd0cad1ea6b4f5f92304ba66ab659d2ccac8630f6bc8c8d53b3a2699b80b538,features.8.;classifier.,True,True
jiim_ext_mura_split_08_seed_62_efficientnet_b0_A,mura,efficientnet_b0,shared,4010110,414722,2,research-lab/experiments/registered-workflow/extensions/jiim_2026_major_revision/runs/jiim_ext_mura_split_08_seed_62_efficientnet_b0_A/checkpoints/best_validation_loss.pt,db77f6da7cc6b851c3f9691b174ca6620a350e42d1e4a0502e0e7cb375ec7ba3,eb886f373cd84aeb7128ac681ccb6eb3412bd1f343c932f22dfa03d70c855ffc,8fd0cad1ea6b4f5f92304ba66ab659d2ccac8630f6bc8c8d53b3a2699b80b538,features.8.;classifier.,True,True
jiim_ext_mura_split_09_seed_42_resnet18_A,mura,resnet18,shared,11177538,8394754,2,research-lab/experiments/registered-workflow/extensions/jiim_2026_major_revision/runs/jiim_ext_mura_split_09_seed_42_resnet18_A/checkpoints/best_validation_loss.pt,ef984e784e7cc56f362aaac8dea40c2270d87f58dfe93f693cf970613b634d5b,8452d089b703917e826d598a5f7f45c38114fdb5b9e6d4fe91d6e005e339928b,a04eb7fdd21e2deff5c7fc3af080cc2affe6272a776282cfba22f1b0799e48e1,layer4.;fc.,True,True
jiim_ext_mura_split_09_seed_52_resnet18_A,mura,resnet18,shared,11177538,8394754,2,research-lab/experiments/registered-workflow/extensions/jiim_2026_major_revision/runs/jiim_ext_mura_split_09_seed_52_resnet18_A/checkpoints/best_validation_loss.pt,2579b15a9b0c3389472046a1a838503ef3dacd572ff27767d3f391083dc04157,7b4d3baa8b975766dca86069f23cd4d4dd045407dbdfc0b2d0aa98bbd5337e79,a04eb7fdd21e2deff5c7fc3af080cc2affe6272a776282cfba22f1b0799e48e1,layer4.;fc.,True,True
jiim_ext_mura_split_09_seed_62_resnet18_A,mura,resnet18,shared,11177538,8394754,2,research-lab/experiments/registered-workflow/extensions/jiim_2026_major_revision/runs/jiim_ext_mura_split_09_seed_62_resnet18_A/checkpoints/best_validation_loss.pt,f91bf8ec5386b915fc45d8f605d3dfdbd791660e1cf5de6a69881101d26fb438,bb272e6c2bfef950412b83fe5351766b21f6f54e6f8fa64e9aae4bfb47779f4a,a04eb7fdd21e2deff5c7fc3af080cc2affe6272a776282cfba22f1b0799e48e1,layer4.;fc.,True,True
jiim_ext_mura_split_09_seed_42_resnet50_A,mura,resnet50,shared,23512130,14968834,2,research-lab/experiments/registered-workflow/extensions/jiim_2026_major_revision/runs/jiim_ext_mura_split_09_seed_42_resnet50_A/checkpoints/best_validation_loss.pt,b1d312eedf47215886d1ed9fd5d867d63e2160a3cdcea544720ed8a19a1040af,478ab0492cdb4345d5114c8ed45e4949f2a56e5905f37bff2f47648247c83651,780975696bfa48403937c75a53ba3d8d1933799dcbb64b43d16854b479eb5de5,layer4.;fc.,True,True
jiim_ext_mura_split_09_seed_52_resnet50_A,mura,resnet50,shared,23512130,14968834,2,research-lab/experiments/registered-workflow/extensions/jiim_2026_major_revision/runs/jiim_ext_mura_split_09_seed_52_resnet50_A/checkpoints/best_validation_loss.pt,6d832b49d8ea30d8fe2de51782e112fa26ec0066c5ea4142281a9a0f331fdbc9,ced259be7f6f01585f5289e15b38002d0414aeb4f5696859db8b2c7888e759bf,780975696bfa48403937c75a53ba3d8d1933799dcbb64b43d16854b479eb5de5,layer4.;fc.,True,True
jiim_ext_mura_split_09_seed_62_resnet50_A,mura,resnet50,shared,23512130,14968834,2,research-lab/experiments/registered-workflow/extensions/jiim_2026_major_revision/runs/jiim_ext_mura_split_09_seed_62_resnet50_A/checkpoints/best_validation_loss.pt,c1b52c4a6e7af48a3a1d8d37cd4fc4677d2fd1bbcf3c997d61360706b90c4fb7,8cf26378f9c4f2b57a5f4bc03eeffda578e244859581e0931340cce38a672d67,780975696bfa48403937c75a53ba3d8d1933799dcbb64b43d16854b479eb5de5,layer4.;fc.,True,True
jiim_ext_mura_split_09_seed_42_densenet121_A,mura,densenet121,shared,6955906,2162178,2,research-lab/experiments/registered-workflow/extensions/jiim_2026_major_revision/runs/jiim_ext_mura_split_09_seed_42_densenet121_A/checkpoints/best_validation_loss.pt,39decdab1f5090702a47bfc1eeaf3e94b5612f362192152866b0a4f2ea022ba8,8225156b8e2871e1d386321f8da2367a6d413ddbe71e2dbbe1678fc9cb3e6020,9f2a1bf5c05831dafacfe7846e316a5d956e9f1b67542fb08ba2513315e54f55,features.denseblock4.;features.norm5.;classifier.,True,True
jiim_ext_mura_split_09_seed_52_densenet121_A,mura,densenet121,shared,6955906,2162178,2,research-lab/experiments/registered-workflow/extensions/jiim_2026_major_revision/runs/jiim_ext_mura_split_09_seed_52_densenet121_A/checkpoints/best_validation_loss.pt,f30c4ca61627c88fbbedb4092d334b5334d072ce43c6406898d5d8731a8165ce,df99fcbe8ab90487db05b048043f96042979b5b034df5ea724121f67f5830fc3,9f2a1bf5c05831dafacfe7846e316a5d956e9f1b67542fb08ba2513315e54f55,features.denseblock4.;features.norm5.;classifier.,True,True
jiim_ext_mura_split_09_seed_62_densenet121_A,mura,densenet121,shared,6955906,2162178,2,research-lab/experiments/registered-workflow/extensions/jiim_2026_major_revision/runs/jiim_ext_mura_split_09_seed_62_densenet121_A/checkpoints/best_validation_loss.pt,8c7e732dfacea43c77aa29a1e64e8aa3f0b21703041eb0c254b023ebbf6994ae,ed0e87c53ad9bc091922af7b4a0706aee0fab85dc662541171f9fe1008af8218,9f2a1bf5c05831dafacfe7846e316a5d956e9f1b67542fb08ba2513315e54f55,features.denseblock4.;features.norm5.;classifier.,True,True
jiim_ext_mura_split_09_seed_42_efficientnet_b0_A,mura,efficientnet_b0,shared,4010110,414722,2,research-lab/experiments/registered-workflow/extensions/jiim_2026_major_revision/runs/jiim_ext_mura_split_09_seed_42_efficientnet_b0_A/checkpoints/best_validation_loss.pt,1f5471626175b513368b3c7b031ad3e95f904c3663d80de84ae8ee7486410b50,5b7132f93e2ca7f42bdfbc33fd49c63d0501b2ffebead73905099c70bb74a4e2,8fd0cad1ea6b4f5f92304ba66ab659d2ccac8630f6bc8c8d53b3a2699b80b538,features.8.;classifier.,True,True
jiim_ext_mura_split_09_seed_52_efficientnet_b0_A,mura,efficientnet_b0,shared,4010110,414722,2,research-lab/experiments/registered-workflow/extensions/jiim_2026_major_revision/runs/jiim_ext_mura_split_09_seed_52_efficientnet_b0_A/checkpoints/best_validation_loss.pt,ede2b76ec09a2238c1f775c3c45a5d51843b88921b28260ede631ca83213d775,6ffe5495baa114033d8d347979f6e88ede3ae5ff9409e650363dc8ced3d3e760,8fd0cad1ea6b4f5f92304ba66ab659d2ccac8630f6bc8c8d53b3a2699b80b538,features.8.;classifier.,True,True
jiim_ext_mura_split_09_seed_62_efficientnet_b0_A,mura,efficientnet_b0,shared,4010110,414722,2,research-lab/experiments/registered-workflow/extensions/jiim_2026_major_revision/runs/jiim_ext_mura_split_09_seed_62_efficientnet_b0_A/checkpoints/best_validation_loss.pt,c5ee693a62732dcef9485cd4dfa5aaac64495aed2d90eba5a622469fa7ff2e08,a9e75765a934166a46166b1f058da4ba33f37de96a27462cc3f1f96238d4ebb6,8fd0cad1ea6b4f5f92304ba66ab659d2ccac8630f6bc8c8d53b3a2699b80b538,features.8.;classifier.,True,True
jiim_ext_mura_split_10_seed_42_resnet18_A,mura,resnet18,shared,11177538,8394754,2,research-lab/experiments/registered-workflow/extensions/jiim_2026_major_revision/runs/jiim_ext_mura_split_10_seed_42_resnet18_A/checkpoints/best_validation_loss.pt,3d1bf28634923b65f3d7f85aa5265fa395b5a29fb4a20eb66dfede6bc84a63a3,d847485dabbfcd4ec88ac2be3f07643fa064b2965bcecac7ba806a9ba93601be,a04eb7fdd21e2deff5c7fc3af080cc2affe6272a776282cfba22f1b0799e48e1,layer4.;fc.,True,True
jiim_ext_mura_split_10_seed_52_resnet18_A,mura,resnet18,shared,11177538,8394754,2,research-lab/experiments/registered-workflow/extensions/jiim_2026_major_revision/runs/jiim_ext_mura_split_10_seed_52_resnet18_A/checkpoints/best_validation_loss.pt,bd98d421463864bc6493190f79f45cf6b7c5fd8e1d7098b5b14af7da8c865d9b,6b1a7de50dacfb26506af88a1e032a53f9908f85a39ebb736a77b79c769b0d92,a04eb7fdd21e2deff5c7fc3af080cc2affe6272a776282cfba22f1b0799e48e1,layer4.;fc.,True,True
jiim_ext_mura_split_10_seed_62_resnet18_A,mura,resnet18,shared,11177538,8394754,2,research-lab/experiments/registered-workflow/extensions/jiim_2026_major_revision/runs/jiim_ext_mura_split_10_seed_62_resnet18_A/checkpoints/best_validation_loss.pt,c6327d1be048a323c69cd41f22d2456a998b8c254ba01802208ea17fe4f98d39,cc0ae66ff67eaec454b3e6c8fd9581336faa19e9a275f3067603a773d3fdf7d4,a04eb7fdd21e2deff5c7fc3af080cc2affe6272a776282cfba22f1b0799e48e1,layer4.;fc.,True,True
jiim_ext_mura_split_10_seed_42_resnet50_A,mura,resnet50,shared,23512130,14968834,2,research-lab/experiments/registered-workflow/extensions/jiim_2026_major_revision/runs/jiim_ext_mura_split_10_seed_42_resnet50_A/checkpoints/best_validation_loss.pt,7a05bd862164607f15b3e3cf5928cc2df6dba1fdf1faaa85aa2be850c2f19264,f78afcd5167ba54bda9a19e62414d46606e3c783d5ac145e6bc04f3f4856f663,780975696bfa48403937c75a53ba3d8d1933799dcbb64b43d16854b479eb5de5,layer4.;fc.,True,True
jiim_ext_mura_split_10_seed_52_resnet50_A,mura,resnet50,shared,23512130,14968834,2,research-lab/experiments/registered-workflow/extensions/jiim_2026_major_revision/runs/jiim_ext_mura_split_10_seed_52_resnet50_A/checkpoints/best_validation_loss.pt,4bcab0eb1bf9d615db6eb455a83e286295e4abace5ba97a60e83baf07a1c08d0,7da753f46e2ba2f3cc56eaf396e2800ea2bba5761e8c7590246ead4ff208659c,780975696bfa48403937c75a53ba3d8d1933799dcbb64b43d16854b479eb5de5,layer4.;fc.,True,True
jiim_ext_mura_split_10_seed_62_resnet50_A,mura,resnet50,shared,23512130,14968834,2,research-lab/experiments/registered-workflow/extensions/jiim_2026_major_revision/runs/jiim_ext_mura_split_10_seed_62_resnet50_A/checkpoints/best_validation_loss.pt,10f4fc62d9272a76fe082d242e560b13f91c61e60205c4f7a40bd586da58d1e8,202c5c66a341d3f07a1a711814cf4779c097b12adcebfc460b369631bed8e24d,780975696bfa48403937c75a53ba3d8d1933799dcbb64b43d16854b479eb5de5,layer4.;fc.,True,True
jiim_ext_mura_split_10_seed_42_densenet121_A,mura,densenet121,shared,6955906,2162178,2,research-lab/experiments/registered-workflow/extensions/jiim_2026_major_revision/runs/jiim_ext_mura_split_10_seed_42_densenet121_A/checkpoints/best_validation_loss.pt,d84cbe140897f125074f51077820b5dc6df4e7fcf83cb602e91ffb40bff6f4aa,0791398583a1f2b5c2d7473dbfe025b997b519a57699b0a3968f907c699e9864,9f2a1bf5c05831dafacfe7846e316a5d956e9f1b67542fb08ba2513315e54f55,features.denseblock4.;features.norm5.;classifier.,True,True
jiim_ext_mura_split_10_seed_52_densenet121_A,mura,densenet121,shared,6955906,2162178,2,research-lab/experiments/registered-workflow/extensions/jiim_2026_major_revision/runs/jiim_ext_mura_split_10_seed_52_densenet121_A/checkpoints/best_validation_loss.pt,a4eefcc9cea11d709a8d041e319f3a9dcd99a28e3b4b8296a5246bd2fc8455b1,d899d9187af1ad1ca24c9000a32158ecba7848f821c0b5e3727c7239016df0f2,9f2a1bf5c05831dafacfe7846e316a5d956e9f1b67542fb08ba2513315e54f55,features.denseblock4.;features.norm5.;classifier.,True,True
jiim_ext_mura_split_10_seed_62_densenet121_A,mura,densenet121,shared,6955906,2162178,2,research-lab/experiments/registered-workflow/extensions/jiim_2026_major_revision/runs/jiim_ext_mura_split_10_seed_62_densenet121_A/checkpoints/best_validation_loss.pt,299a4ffb09408643d13de569c9a6245cded88025fc306e41587fce53e1e67080,b174612ca260358193b8da5744e733cdb829a51d02a570ab69578c55f3f9e8ed,9f2a1bf5c05831dafacfe7846e316a5d956e9f1b67542fb08ba2513315e54f55,features.denseblock4.;features.norm5.;classifier.,True,True
jiim_ext_mura_split_10_seed_42_efficientnet_b0_A,mura,efficientnet_b0,shared,4010110,414722,2,research-lab/experiments/registered-workflow/extensions/jiim_2026_major_revision/runs/jiim_ext_mura_split_10_seed_42_efficientnet_b0_A/checkpoints/best_validation_loss.pt,f57b5e5e535a84d004d4370826250270478239a1c5a7695fe24d7d2a5d98e22f,f94df3594ef383273cae94fadd15fcc5b991c059137bb90d5a16c67753089cfb,8fd0cad1ea6b4f5f92304ba66ab659d2ccac8630f6bc8c8d53b3a2699b80b538,features.8.;classifier.,True,True
jiim_ext_mura_split_10_seed_52_efficientnet_b0_A,mura,efficientnet_b0,shared,4010110,414722,2,research-lab/experiments/registered-workflow/extensions/jiim_2026_major_revision/runs/jiim_ext_mura_split_10_seed_52_efficientnet_b0_A/checkpoints/best_validation_loss.pt,05154cbbb105f294ce9904495ff30e5dd383fc481341fef47728ce57406e6fa9,1cf03a00f41dea0382444e3e29dcc54b8a8090450dc9325db680180452a75fdd,8fd0cad1ea6b4f5f92304ba66ab659d2ccac8630f6bc8c8d53b3a2699b80b538,features.8.;classifier.,True,True
jiim_ext_mura_split_10_seed_62_efficientnet_b0_A,mura,efficientnet_b0,shared,4010110,414722,2,research-lab/experiments/registered-workflow/extensions/jiim_2026_major_revision/runs/jiim_ext_mura_split_10_seed_62_efficientnet_b0_A/checkpoints/best_validation_loss.pt,b813f8e0135c6f66e11513f80cb4da51bb2a0907f1e18792c63595566534dbfe,36de26298a31103a8eba489787cf2b055511bfecfc4864490b13fe5ee06c5a03,8fd0cad1ea6b4f5f92304ba66ab659d2ccac8630f6bc8c8d53b3a2699b80b538,features.8.;classifier.,True,True
