run_id,stage,dataset,model,checkpoint_rule,variant,trained_epochs,selected_epoch,max_epochs,batch_size,num_workers,optimizer,learning_rate,weight_decay,elapsed_seconds,timing_scope,python,torch,torchvision,cuda,gpu,source_dir,epoch_record_match,timing_record_match
run_0001,original,sipakmed,resnet18,A,submitted,19,12,60,32,0,adamw,0.0001,0.0001,231.0,run entry through output export; wall-clock UTC difference,3.10.14,2.4.1+cu121,0.19.1,12.1,NVIDIA GeForce RTX 3060,research-lab/experiments/registered-workflow/runs/primary/run_0001,True,True
run_0002,original,sipakmed,resnet18,B,submitted,60,60,60,32,0,adamw,0.0001,0.0001,733.0,run entry through output export; wall-clock UTC difference,3.10.14,2.4.1+cu121,0.19.1,12.1,NVIDIA GeForce RTX 3060,research-lab/experiments/registered-workflow/runs/primary/run_0002,True,True
run_0003,original,sipakmed,resnet50,A,submitted,16,9,60,32,0,adamw,0.0001,0.0001,265.0,run entry through output export; wall-clock UTC difference,3.10.14,2.4.1+cu121,0.19.1,12.1,NVIDIA GeForce RTX 3060,research-lab/experiments/registered-workflow/runs/primary/run_0003,True,True
run_0004,original,sipakmed,resnet50,B,submitted,60,60,60,32,0,adamw,0.0001,0.0001,973.0,run entry through output export; wall-clock UTC difference,3.10.14,2.4.1+cu121,0.19.1,12.1,NVIDIA GeForce RTX 3060,research-lab/experiments/registered-workflow/runs/primary/run_0004,True,True
run_0005,original,sipakmed,densenet121,A,submitted,27,20,60,32,0,adamw,0.0001,0.0001,436.0,run entry through output export; wall-clock UTC difference,3.10.14,2.4.1+cu121,0.19.1,12.1,NVIDIA GeForce RTX 3060,research-lab/experiments/registered-workflow/runs/primary/run_0005,True,True
run_0006,original,sipakmed,densenet121,B,submitted,60,60,60,32,0,adamw,0.0001,0.0001,982.0,run entry through output export; wall-clock UTC difference,3.10.14,2.4.1+cu121,0.19.1,12.1,NVIDIA GeForce RTX 3060,research-lab/experiments/registered-workflow/runs/primary/run_0006,True,True
run_0007,original,sipakmed,efficientnet_b0,A,submitted,60,58,60,32,0,adamw,0.0001,0.0001,766.0,run entry through output export; wall-clock UTC difference,3.10.14,2.4.1+cu121,0.19.1,12.1,NVIDIA GeForce RTX 3060,research-lab/experiments/registered-workflow/runs/primary/run_0007,True,True
run_0008,original,sipakmed,efficientnet_b0,B,submitted,60,60,60,32,0,adamw,0.0001,0.0001,739.0,run entry through output export; wall-clock UTC difference,3.10.14,2.4.1+cu121,0.19.1,12.1,NVIDIA GeForce RTX 3060,research-lab/experiments/registered-workflow/runs/primary/run_0008,True,True
run_0009,original,sipakmed,resnet18,A,submitted,16,9,60,32,0,adamw,0.0001,0.0001,206.0,run entry through output export; wall-clock UTC difference,3.10.14,2.4.1+cu121,0.19.1,12.1,NVIDIA GeForce RTX 3060,research-lab/experiments/registered-workflow/runs/primary/run_0009,True,True
run_0010,original,sipakmed,resnet18,B,submitted,60,60,60,32,0,adamw,0.0001,0.0001,733.0,run entry through output export; wall-clock UTC difference,3.10.14,2.4.1+cu121,0.19.1,12.1,NVIDIA GeForce RTX 3060,research-lab/experiments/registered-workflow/runs/primary/run_0010,True,True
run_0011,original,sipakmed,resnet50,A,submitted,18,11,60,32,0,adamw,0.0001,0.0001,296.0,run entry through output export; wall-clock UTC difference,3.10.14,2.4.1+cu121,0.19.1,12.1,NVIDIA GeForce RTX 3060,research-lab/experiments/registered-workflow/runs/primary/run_0011,True,True
run_0012,original,sipakmed,resnet50,B,submitted,60,60,60,32,0,adamw,0.0001,0.0001,975.0,run entry through output export; wall-clock UTC difference,3.10.14,2.4.1+cu121,0.19.1,12.1,NVIDIA GeForce RTX 3060,research-lab/experiments/registered-workflow/runs/primary/run_0012,True,True
run_0013,original,sipakmed,densenet121,A,submitted,21,14,60,32,0,adamw,0.0001,0.0001,341.0,run entry through output export; wall-clock UTC difference,3.10.14,2.4.1+cu121,0.19.1,12.1,NVIDIA GeForce RTX 3060,research-lab/experiments/registered-workflow/runs/primary/run_0013,True,True
run_0014,original,sipakmed,densenet121,B,submitted,60,60,60,32,0,adamw,0.0001,0.0001,1093.0,run entry through output export; wall-clock UTC difference,3.10.14,2.4.1+cu121,0.19.1,12.1,NVIDIA GeForce RTX 3060,research-lab/experiments/registered-workflow/runs/primary/run_0014,True,True
run_0015,original,sipakmed,efficientnet_b0,A,submitted,60,59,60,32,0,adamw,0.0001,0.0001,728.0,run entry through output export; wall-clock UTC difference,3.10.14,2.4.1+cu121,0.19.1,12.1,NVIDIA GeForce RTX 3060,research-lab/experiments/registered-workflow/runs/primary/run_0015,True,True
run_0016,original,sipakmed,efficientnet_b0,B,submitted,60,60,60,32,0,adamw,0.0001,0.0001,743.0,run entry through output export; wall-clock UTC difference,3.10.14,2.4.1+cu121,0.19.1,12.1,NVIDIA GeForce RTX 3060,research-lab/experiments/registered-workflow/runs/primary/run_0016,True,True
run_0017,original,sipakmed,resnet18,A,submitted,36,29,60,32,0,adamw,0.0001,0.0001,455.0,run entry through output export; wall-clock UTC difference,3.10.14,2.4.1+cu121,0.19.1,12.1,NVIDIA GeForce RTX 3060,research-lab/experiments/registered-workflow/runs/primary/run_0017,True,True
run_0018,original,sipakmed,resnet18,B,submitted,60,60,60,32,0,adamw,0.0001,0.0001,767.0,run entry through output export; wall-clock UTC difference,3.10.14,2.4.1+cu121,0.19.1,12.1,NVIDIA GeForce RTX 3060,research-lab/experiments/registered-workflow/runs/primary/run_0018,True,True
run_0019,original,sipakmed,resnet50,A,submitted,22,15,60,32,0,adamw,0.0001,0.0001,413.0,run entry through output export; wall-clock UTC difference,3.10.14,2.4.1+cu121,0.19.1,12.1,NVIDIA GeForce RTX 3060,research-lab/experiments/registered-workflow/runs/primary/run_0019,True,True
run_0020,original,sipakmed,resnet50,B,submitted,60,60,60,32,0,adamw,0.0001,0.0001,1117.0,run entry through output export; wall-clock UTC difference,3.10.14,2.4.1+cu121,0.19.1,12.1,NVIDIA GeForce RTX 3060,research-lab/experiments/registered-workflow/runs/primary/run_0020,True,True
run_0021,original,sipakmed,densenet121,A,submitted,15,8,60,32,0,adamw,0.0001,0.0001,276.0,run entry through output export; wall-clock UTC difference,3.10.14,2.4.1+cu121,0.19.1,12.1,NVIDIA GeForce RTX 3060,research-lab/experiments/registered-workflow/runs/primary/run_0021,True,True
run_0022,original,sipakmed,densenet121,B,submitted,60,60,60,32,0,adamw,0.0001,0.0001,1106.0,run entry through output export; wall-clock UTC difference,3.10.14,2.4.1+cu121,0.19.1,12.1,NVIDIA GeForce RTX 3060,research-lab/experiments/registered-workflow/runs/primary/run_0022,True,True
run_0023,original,sipakmed,efficientnet_b0,A,submitted,60,57,60,32,0,adamw,0.0001,0.0001,800.0,run entry through output export; wall-clock UTC difference,3.10.14,2.4.1+cu121,0.19.1,12.1,NVIDIA GeForce RTX 3060,research-lab/experiments/registered-workflow/runs/primary/run_0023,True,True
run_0024,original,sipakmed,efficientnet_b0,B,submitted,60,60,60,32,0,adamw,0.0001,0.0001,797.0,run entry through output export; wall-clock UTC difference,3.10.14,2.4.1+cu121,0.19.1,12.1,NVIDIA GeForce RTX 3060,research-lab/experiments/registered-workflow/runs/primary/run_0024,True,True
run_0025,original,sipakmed,resnet18,A,submitted,25,18,60,32,0,adamw,0.0001,0.0001,313.0,run entry through output export; wall-clock UTC difference,3.10.14,2.4.1+cu121,0.19.1,12.1,NVIDIA GeForce RTX 3060,research-lab/experiments/registered-workflow/runs/primary/run_0025,True,True
run_0026,original,sipakmed,resnet18,B,submitted,60,60,60,32,0,adamw,0.0001,0.0001,728.0,run entry through output export; wall-clock UTC difference,3.10.14,2.4.1+cu121,0.19.1,12.1,NVIDIA GeForce RTX 3060,research-lab/experiments/registered-workflow/runs/primary/run_0026,True,True
run_0027,original,sipakmed,resnet50,A,submitted,25,18,60,32,0,adamw,0.0001,0.0001,438.0,run entry through output export; wall-clock UTC difference,3.10.14,2.4.1+cu121,0.19.1,12.1,NVIDIA GeForce RTX 3060,research-lab/experiments/registered-workflow/runs/primary/run_0027,True,True
run_0028,original,sipakmed,resnet50,B,submitted,60,60,60,32,0,adamw,0.0001,0.0001,1042.0,run entry through output export; wall-clock UTC difference,3.10.14,2.4.1+cu121,0.19.1,12.1,NVIDIA GeForce RTX 3060,research-lab/experiments/registered-workflow/runs/primary/run_0028,True,True
run_0029,original,sipakmed,densenet121,A,submitted,18,11,60,32,0,adamw,0.0001,0.0001,301.0,run entry through output export; wall-clock UTC difference,3.10.14,2.4.1+cu121,0.19.1,12.1,NVIDIA GeForce RTX 3060,research-lab/experiments/registered-workflow/runs/primary/run_0029,True,True
run_0030,original,sipakmed,densenet121,B,submitted,60,60,60,32,0,adamw,0.0001,0.0001,1009.0,run entry through output export; wall-clock UTC difference,3.10.14,2.4.1+cu121,0.19.1,12.1,NVIDIA GeForce RTX 3060,research-lab/experiments/registered-workflow/runs/primary/run_0030,True,True
run_0031,original,sipakmed,efficientnet_b0,A,submitted,60,57,60,32,0,adamw,0.0001,0.0001,757.0,run entry through output export; wall-clock UTC difference,3.10.14,2.4.1+cu121,0.19.1,12.1,NVIDIA GeForce RTX 3060,research-lab/experiments/registered-workflow/runs/primary/run_0031,True,True
run_0032,original,sipakmed,efficientnet_b0,B,submitted,60,60,60,32,0,adamw,0.0001,0.0001,741.0,run entry through output export; wall-clock UTC difference,3.10.14,2.4.1+cu121,0.19.1,12.1,NVIDIA GeForce RTX 3060,research-lab/experiments/registered-workflow/runs/primary/run_0032,True,True
run_0033,original,sipakmed,resnet18,A,submitted,14,7,60,32,0,adamw,0.0001,0.0001,173.0,run entry through output export; wall-clock UTC difference,3.10.14,2.4.1+cu121,0.19.1,12.1,NVIDIA GeForce RTX 3060,research-lab/experiments/registered-workflow/runs/primary/run_0033,True,True
run_0034,original,sipakmed,resnet18,B,submitted,60,60,60,32,0,adamw,0.0001,0.0001,770.0,run entry through output export; wall-clock UTC difference,3.10.14,2.4.1+cu121,0.19.1,12.1,NVIDIA GeForce RTX 3060,research-lab/experiments/registered-workflow/runs/primary/run_0034,True,True
run_0035,original,sipakmed,resnet50,A,submitted,17,10,60,32,0,adamw,0.0001,0.0001,322.0,run entry through output export; wall-clock UTC difference,3.10.14,2.4.1+cu121,0.19.1,12.1,NVIDIA GeForce RTX 3060,research-lab/experiments/registered-workflow/runs/primary/run_0035,True,True
run_0036,original,sipakmed,resnet50,B,submitted,60,60,60,32,0,adamw,0.0001,0.0001,1124.0,run entry through output export; wall-clock UTC difference,3.10.14,2.4.1+cu121,0.19.1,12.1,NVIDIA GeForce RTX 3060,research-lab/experiments/registered-workflow/runs/primary/run_0036,True,True
run_0037,original,sipakmed,densenet121,A,submitted,21,14,60,32,0,adamw,0.0001,0.0001,394.0,run entry through output export; wall-clock UTC difference,3.10.14,2.4.1+cu121,0.19.1,12.1,NVIDIA GeForce RTX 3060,research-lab/experiments/registered-workflow/runs/primary/run_0037,True,True
run_0038,original,sipakmed,densenet121,B,submitted,60,60,60,32,0,adamw,0.0001,0.0001,1085.0,run entry through output export; wall-clock UTC difference,3.10.14,2.4.1+cu121,0.19.1,12.1,NVIDIA GeForce RTX 3060,research-lab/experiments/registered-workflow/runs/primary/run_0038,True,True
run_0039,original,sipakmed,efficientnet_b0,A,submitted,60,59,60,32,0,adamw,0.0001,0.0001,815.0,run entry through output export; wall-clock UTC difference,3.10.14,2.4.1+cu121,0.19.1,12.1,NVIDIA GeForce RTX 3060,research-lab/experiments/registered-workflow/runs/primary/run_0039,True,True
run_0040,original,sipakmed,efficientnet_b0,B,submitted,60,60,60,32,0,adamw,0.0001,0.0001,1026.0,run entry through output export; wall-clock UTC difference,3.10.14,2.4.1+cu121,0.19.1,12.1,NVIDIA GeForce RTX 3060,research-lab/experiments/registered-workflow/runs/primary/run_0040,True,True
run_0041,original,sipakmed,resnet18,A,submitted,22,15,60,32,0,adamw,0.0001,0.0001,306.0,run entry through output export; wall-clock UTC difference,3.10.14,2.4.1+cu121,0.19.1,12.1,NVIDIA GeForce RTX 3060,research-lab/experiments/registered-workflow/runs/primary/run_0041,True,True
run_0042,original,sipakmed,resnet18,B,submitted,60,60,60,32,0,adamw,0.0001,0.0001,765.0,run entry through output export; wall-clock UTC difference,3.10.14,2.4.1+cu121,0.19.1,12.1,NVIDIA GeForce RTX 3060,research-lab/experiments/registered-workflow/runs/primary/run_0042,True,True
run_0043,original,sipakmed,resnet50,A,submitted,15,8,60,32,0,adamw,0.0001,0.0001,286.0,run entry through output export; wall-clock UTC difference,3.10.14,2.4.1+cu121,0.19.1,12.1,NVIDIA GeForce RTX 3060,research-lab/experiments/registered-workflow/runs/primary/run_0043,True,True
run_0044,original,sipakmed,resnet50,B,submitted,60,60,60,32,0,adamw,0.0001,0.0001,1135.0,run entry through output export; wall-clock UTC difference,3.10.14,2.4.1+cu121,0.19.1,12.1,NVIDIA GeForce RTX 3060,research-lab/experiments/registered-workflow/runs/primary/run_0044,True,True
run_0045,original,sipakmed,densenet121,A,submitted,16,9,60,32,0,adamw,0.0001,0.0001,304.0,run entry through output export; wall-clock UTC difference,3.10.14,2.4.1+cu121,0.19.1,12.1,NVIDIA GeForce RTX 3060,research-lab/experiments/registered-workflow/runs/primary/run_0045,True,True
run_0046,original,sipakmed,densenet121,B,submitted,60,60,60,32,0,adamw,0.0001,0.0001,1122.0,run entry through output export; wall-clock UTC difference,3.10.14,2.4.1+cu121,0.19.1,12.1,NVIDIA GeForce RTX 3060,research-lab/experiments/registered-workflow/runs/primary/run_0046,True,True
run_0047,original,sipakmed,efficientnet_b0,A,submitted,45,38,60,32,0,adamw,0.0001,0.0001,574.0,run entry through output export; wall-clock UTC difference,3.10.14,2.4.1+cu121,0.19.1,12.1,NVIDIA GeForce RTX 3060,research-lab/experiments/registered-workflow/runs/primary/run_0047,True,True
run_0048,original,sipakmed,efficientnet_b0,B,submitted,60,60,60,32,0,adamw,0.0001,0.0001,746.0,run entry through output export; wall-clock UTC difference,3.10.14,2.4.1+cu121,0.19.1,12.1,NVIDIA GeForce RTX 3060,research-lab/experiments/registered-workflow/runs/primary/run_0048,True,True
run_0049,original,sipakmed,resnet18,A,submitted,21,14,60,32,0,adamw,0.0001,0.0001,275.0,run entry through output export; wall-clock UTC difference,3.10.14,2.4.1+cu121,0.19.1,12.1,NVIDIA GeForce RTX 3060,research-lab/experiments/registered-workflow/runs/primary/run_0049,True,True
run_0050,original,sipakmed,resnet18,B,submitted,60,60,60,32,0,adamw,0.0001,0.0001,790.0,run entry through output export; wall-clock UTC difference,3.10.14,2.4.1+cu121,0.19.1,12.1,NVIDIA GeForce RTX 3060,research-lab/experiments/registered-workflow/runs/primary/run_0050,True,True
run_0051,original,sipakmed,resnet50,A,submitted,17,10,60,32,0,adamw,0.0001,0.0001,320.0,run entry through output export; wall-clock UTC difference,3.10.14,2.4.1+cu121,0.19.1,12.1,NVIDIA GeForce RTX 3060,research-lab/experiments/registered-workflow/runs/primary/run_0051,True,True
run_0052,original,sipakmed,resnet50,B,submitted,60,60,60,32,0,adamw,0.0001,0.0001,1060.0,run entry through output export; wall-clock UTC difference,3.10.14,2.4.1+cu121,0.19.1,12.1,NVIDIA GeForce RTX 3060,research-lab/experiments/registered-workflow/runs/primary/run_0052,True,True
run_0053,original,sipakmed,densenet121,A,submitted,16,9,60,32,0,adamw,0.0001,0.0001,266.0,run entry through output export; wall-clock UTC difference,3.10.14,2.4.1+cu121,0.19.1,12.1,NVIDIA GeForce RTX 3060,research-lab/experiments/registered-workflow/runs/primary/run_0053,True,True
run_0054,original,sipakmed,densenet121,B,submitted,60,60,60,32,0,adamw,0.0001,0.0001,983.0,run entry through output export; wall-clock UTC difference,3.10.14,2.4.1+cu121,0.19.1,12.1,NVIDIA GeForce RTX 3060,research-lab/experiments/registered-workflow/runs/primary/run_0054,True,True
run_0055,original,sipakmed,efficientnet_b0,A,submitted,60,58,60,32,0,adamw,0.0001,0.0001,752.0,run entry through output export; wall-clock UTC difference,3.10.14,2.4.1+cu121,0.19.1,12.1,NVIDIA GeForce RTX 3060,research-lab/experiments/registered-workflow/runs/primary/run_0055,True,True
run_0056,original,sipakmed,efficientnet_b0,B,submitted,60,60,60,32,0,adamw,0.0001,0.0001,746.0,run entry through output export; wall-clock UTC difference,3.10.14,2.4.1+cu121,0.19.1,12.1,NVIDIA GeForce RTX 3060,research-lab/experiments/registered-workflow/runs/primary/run_0056,True,True
run_0057,original,sipakmed,resnet18,A,submitted,20,13,60,32,0,adamw,0.0001,0.0001,269.0,run entry through output export; wall-clock UTC difference,3.10.14,2.4.1+cu121,0.19.1,12.1,NVIDIA GeForce RTX 3060,research-lab/experiments/registered-workflow/runs/primary/run_0057,True,True
run_0058,original,sipakmed,resnet18,B,submitted,60,60,60,32,0,adamw,0.0001,0.0001,751.0,run entry through output export; wall-clock UTC difference,3.10.14,2.4.1+cu121,0.19.1,12.1,NVIDIA GeForce RTX 3060,research-lab/experiments/registered-workflow/runs/primary/run_0058,True,True
run_0059,original,sipakmed,resnet50,A,submitted,20,13,60,32,0,adamw,0.0001,0.0001,356.0,run entry through output export; wall-clock UTC difference,3.10.14,2.4.1+cu121,0.19.1,12.1,NVIDIA GeForce RTX 3060,research-lab/experiments/registered-workflow/runs/primary/run_0059,True,True
run_0060,original,sipakmed,resnet50,B,submitted,60,60,60,32,0,adamw,0.0001,0.0001,1059.0,run entry through output export; wall-clock UTC difference,3.10.14,2.4.1+cu121,0.19.1,12.1,NVIDIA GeForce RTX 3060,research-lab/experiments/registered-workflow/runs/primary/run_0060,True,True
run_0061,original,sipakmed,densenet121,A,submitted,14,7,60,32,0,adamw,0.0001,0.0001,246.0,run entry through output export; wall-clock UTC difference,3.10.14,2.4.1+cu121,0.19.1,12.1,NVIDIA GeForce RTX 3060,research-lab/experiments/registered-workflow/runs/primary/run_0061,True,True
run_0062,original,sipakmed,densenet121,B,submitted,60,60,60,32,0,adamw,0.0001,0.0001,1047.0,run entry through output export; wall-clock UTC difference,3.10.14,2.4.1+cu121,0.19.1,12.1,NVIDIA GeForce RTX 3060,research-lab/experiments/registered-workflow/runs/primary/run_0062,True,True
run_0063,original,sipakmed,efficientnet_b0,A,submitted,49,42,60,32,0,adamw,0.0001,0.0001,619.0,run entry through output export; wall-clock UTC difference,3.10.14,2.4.1+cu121,0.19.1,12.1,NVIDIA GeForce RTX 3060,research-lab/experiments/registered-workflow/runs/primary/run_0063,True,True
run_0064,original,sipakmed,efficientnet_b0,B,submitted,60,60,60,32,0,adamw,0.0001,0.0001,742.0,run entry through output export; wall-clock UTC difference,3.10.14,2.4.1+cu121,0.19.1,12.1,NVIDIA GeForce RTX 3060,research-lab/experiments/registered-workflow/runs/primary/run_0064,True,True
run_0065,original,sipakmed,resnet18,A,submitted,14,7,60,32,0,adamw,0.0001,0.0001,166.0,run entry through output export; wall-clock UTC difference,3.10.14,2.4.1+cu121,0.19.1,12.1,NVIDIA GeForce RTX 3060,research-lab/experiments/registered-workflow/runs/primary/run_0065,True,True
run_0066,original,sipakmed,resnet18,B,submitted,60,60,60,32,0,adamw,0.0001,0.0001,707.0,run entry through output export; wall-clock UTC difference,3.10.14,2.4.1+cu121,0.19.1,12.1,NVIDIA GeForce RTX 3060,research-lab/experiments/registered-workflow/runs/primary/run_0066,True,True
run_0067,original,sipakmed,resnet50,A,submitted,14,7,60,32,0,adamw,0.0001,0.0001,248.0,run entry through output export; wall-clock UTC difference,3.10.14,2.4.1+cu121,0.19.1,12.1,NVIDIA GeForce RTX 3060,research-lab/experiments/registered-workflow/runs/primary/run_0067,True,True
run_0068,original,sipakmed,resnet50,B,submitted,60,60,60,32,0,adamw,0.0001,0.0001,1056.0,run entry through output export; wall-clock UTC difference,3.10.14,2.4.1+cu121,0.19.1,12.1,NVIDIA GeForce RTX 3060,research-lab/experiments/registered-workflow/runs/primary/run_0068,True,True
run_0069,original,sipakmed,densenet121,A,submitted,18,11,60,32,0,adamw,0.0001,0.0001,319.0,run entry through output export; wall-clock UTC difference,3.10.14,2.4.1+cu121,0.19.1,12.1,NVIDIA GeForce RTX 3060,research-lab/experiments/registered-workflow/runs/primary/run_0069,True,True
run_0070,original,sipakmed,densenet121,B,submitted,60,60,60,32,0,adamw,0.0001,0.0001,1051.0,run entry through output export; wall-clock UTC difference,3.10.14,2.4.1+cu121,0.19.1,12.1,NVIDIA GeForce RTX 3060,research-lab/experiments/registered-workflow/runs/primary/run_0070,True,True
run_0071,original,sipakmed,efficientnet_b0,A,submitted,58,51,60,32,0,adamw,0.0001,0.0001,727.0,run entry through output export; wall-clock UTC difference,3.10.14,2.4.1+cu121,0.19.1,12.1,NVIDIA GeForce RTX 3060,research-lab/experiments/registered-workflow/runs/primary/run_0071,True,True
run_0072,original,sipakmed,efficientnet_b0,B,submitted,60,60,60,32,0,adamw,0.0001,0.0001,744.0,run entry through output export; wall-clock UTC difference,3.10.14,2.4.1+cu121,0.19.1,12.1,NVIDIA GeForce RTX 3060,research-lab/experiments/registered-workflow/runs/primary/run_0072,True,True
run_0073,original,sipakmed,resnet18,A,submitted,27,20,60,32,0,adamw,0.0001,0.0001,332.0,run entry through output export; wall-clock UTC difference,3.10.14,2.4.1+cu121,0.19.1,12.1,NVIDIA GeForce RTX 3060,research-lab/experiments/registered-workflow/runs/primary/run_0073,True,True
run_0074,original,sipakmed,resnet18,B,submitted,60,60,60,32,0,adamw,0.0001,0.0001,735.0,run entry through output export; wall-clock UTC difference,3.10.14,2.4.1+cu121,0.19.1,12.1,NVIDIA GeForce RTX 3060,research-lab/experiments/registered-workflow/runs/primary/run_0074,True,True
run_0075,original,sipakmed,resnet50,A,submitted,11,4,60,32,0,adamw,0.0001,0.0001,183.0,run entry through output export; wall-clock UTC difference,3.10.14,2.4.1+cu121,0.19.1,12.1,NVIDIA GeForce RTX 3060,research-lab/experiments/registered-workflow/runs/primary/run_0075,True,True
run_0076,original,sipakmed,resnet50,B,submitted,60,60,60,32,0,adamw,0.0001,0.0001,977.0,run entry through output export; wall-clock UTC difference,3.10.14,2.4.1+cu121,0.19.1,12.1,NVIDIA GeForce RTX 3060,research-lab/experiments/registered-workflow/runs/primary/run_0076,True,True
run_0077,original,sipakmed,densenet121,A,submitted,17,10,60,32,0,adamw,0.0001,0.0001,277.0,run entry through output export; wall-clock UTC difference,3.10.14,2.4.1+cu121,0.19.1,12.1,NVIDIA GeForce RTX 3060,research-lab/experiments/registered-workflow/runs/primary/run_0077,True,True
run_0078,original,sipakmed,densenet121,B,submitted,60,60,60,32,0,adamw,0.0001,0.0001,974.0,run entry through output export; wall-clock UTC difference,3.10.14,2.4.1+cu121,0.19.1,12.1,NVIDIA GeForce RTX 3060,research-lab/experiments/registered-workflow/runs/primary/run_0078,True,True
run_0079,original,sipakmed,efficientnet_b0,A,submitted,49,42,60,32,0,adamw,0.0001,0.0001,602.0,run entry through output export; wall-clock UTC difference,3.10.14,2.4.1+cu121,0.19.1,12.1,NVIDIA GeForce RTX 3060,research-lab/experiments/registered-workflow/runs/primary/run_0079,True,True
run_0080,original,sipakmed,efficientnet_b0,B,submitted,60,60,60,32,0,adamw,0.0001,0.0001,744.0,run entry through output export; wall-clock UTC difference,3.10.14,2.4.1+cu121,0.19.1,12.1,NVIDIA GeForce RTX 3060,research-lab/experiments/registered-workflow/runs/primary/run_0080,True,True
run_0081,original,sipakmed,resnet18,A,submitted,30,23,60,32,0,adamw,0.0001,0.0001,365.0,run entry through output export; wall-clock UTC difference,3.10.14,2.4.1+cu121,0.19.1,12.1,NVIDIA GeForce RTX 3060,research-lab/experiments/registered-workflow/runs/primary/run_0081,True,True
run_0082,original,sipakmed,resnet18,B,submitted,60,60,60,32,0,adamw,0.0001,0.0001,728.0,run entry through output export; wall-clock UTC difference,3.10.14,2.4.1+cu121,0.19.1,12.1,NVIDIA GeForce RTX 3060,research-lab/experiments/registered-workflow/runs/primary/run_0082,True,True
run_0083,original,sipakmed,resnet50,A,submitted,11,4,60,32,0,adamw,0.0001,0.0001,181.0,run entry through output export; wall-clock UTC difference,3.10.14,2.4.1+cu121,0.19.1,12.1,NVIDIA GeForce RTX 3060,research-lab/experiments/registered-workflow/runs/primary/run_0083,True,True
run_0084,original,sipakmed,resnet50,B,submitted,60,60,60,32,0,adamw,0.0001,0.0001,968.0,run entry through output export; wall-clock UTC difference,3.10.14,2.4.1+cu121,0.19.1,12.1,NVIDIA GeForce RTX 3060,research-lab/experiments/registered-workflow/runs/primary/run_0084,True,True
run_0085,original,sipakmed,densenet121,A,submitted,31,24,60,32,0,adamw,0.0001,0.0001,501.0,run entry through output export; wall-clock UTC difference,3.10.14,2.4.1+cu121,0.19.1,12.1,NVIDIA GeForce RTX 3060,research-lab/experiments/registered-workflow/runs/primary/run_0085,True,True
run_0086,original,sipakmed,densenet121,B,submitted,60,60,60,32,0,adamw,0.0001,0.0001,973.0,run entry through output export; wall-clock UTC difference,3.10.14,2.4.1+cu121,0.19.1,12.1,NVIDIA GeForce RTX 3060,research-lab/experiments/registered-workflow/runs/primary/run_0086,True,True
run_0087,original,sipakmed,efficientnet_b0,A,submitted,60,54,60,32,0,adamw,0.0001,0.0001,801.0,run entry through output export; wall-clock UTC difference,3.10.14,2.4.1+cu121,0.19.1,12.1,NVIDIA GeForce RTX 3060,research-lab/experiments/registered-workflow/runs/primary/run_0087,True,True
run_0088,original,sipakmed,efficientnet_b0,B,submitted,60,60,60,32,0,adamw,0.0001,0.0001,800.0,run entry through output export; wall-clock UTC difference,3.10.14,2.4.1+cu121,0.19.1,12.1,NVIDIA GeForce RTX 3060,research-lab/experiments/registered-workflow/runs/primary/run_0088,True,True
run_0089,original,sipakmed,resnet18,A,submitted,11,4,60,32,0,adamw,0.0001,0.0001,146.0,run entry through output export; wall-clock UTC difference,3.10.14,2.4.1+cu121,0.19.1,12.1,NVIDIA GeForce RTX 3060,research-lab/experiments/registered-workflow/runs/primary/run_0089,True,True
run_0090,original,sipakmed,resnet18,B,submitted,60,60,60,32,0,adamw,0.0001,0.0001,759.0,run entry through output export; wall-clock UTC difference,3.10.14,2.4.1+cu121,0.19.1,12.1,NVIDIA GeForce RTX 3060,research-lab/experiments/registered-workflow/runs/primary/run_0090,True,True
run_0091,original,sipakmed,resnet50,A,submitted,16,9,60,32,0,adamw,0.0001,0.0001,261.0,run entry through output export; wall-clock UTC difference,3.10.14,2.4.1+cu121,0.19.1,12.1,NVIDIA GeForce RTX 3060,research-lab/experiments/registered-workflow/runs/primary/run_0091,True,True
run_0092,original,sipakmed,resnet50,B,submitted,60,60,60,32,0,adamw,0.0001,0.0001,999.0,run entry through output export; wall-clock UTC difference,3.10.14,2.4.1+cu121,0.19.1,12.1,NVIDIA GeForce RTX 3060,research-lab/experiments/registered-workflow/runs/primary/run_0092,True,True
run_0093,original,sipakmed,densenet121,A,submitted,22,15,60,32,0,adamw,0.0001,0.0001,356.0,run entry through output export; wall-clock UTC difference,3.10.14,2.4.1+cu121,0.19.1,12.1,NVIDIA GeForce RTX 3060,research-lab/experiments/registered-workflow/runs/primary/run_0093,True,True
run_0094,original,sipakmed,densenet121,B,submitted,60,60,60,32,0,adamw,0.0001,0.0001,974.0,run entry through output export; wall-clock UTC difference,3.10.14,2.4.1+cu121,0.19.1,12.1,NVIDIA GeForce RTX 3060,research-lab/experiments/registered-workflow/runs/primary/run_0094,True,True
run_0095,original,sipakmed,efficientnet_b0,A,submitted,52,45,60,32,0,adamw,0.0001,0.0001,629.0,run entry through output export; wall-clock UTC difference,3.10.14,2.4.1+cu121,0.19.1,12.1,NVIDIA GeForce RTX 3060,research-lab/experiments/registered-workflow/runs/primary/run_0095,True,True
run_0096,original,sipakmed,efficientnet_b0,B,submitted,60,60,60,32,0,adamw,0.0001,0.0001,732.0,run entry through output export; wall-clock UTC difference,3.10.14,2.4.1+cu121,0.19.1,12.1,NVIDIA GeForce RTX 3060,research-lab/experiments/registered-workflow/runs/primary/run_0096,True,True
run_0097,original,sipakmed,resnet18,A,submitted,15,8,60,32,0,adamw,0.0001,0.0001,182.0,run entry through output export; wall-clock UTC difference,3.10.14,2.4.1+cu121,0.19.1,12.1,NVIDIA GeForce RTX 3060,research-lab/experiments/registered-workflow/runs/primary/run_0097,True,True
run_0098,original,sipakmed,resnet18,B,submitted,60,60,60,32,0,adamw,0.0001,0.0001,722.0,run entry through output export; wall-clock UTC difference,3.10.14,2.4.1+cu121,0.19.1,12.1,NVIDIA GeForce RTX 3060,research-lab/experiments/registered-workflow/runs/primary/run_0098,True,True
run_0099,original,sipakmed,resnet50,A,submitted,17,10,60,32,0,adamw,0.0001,0.0001,276.0,run entry through output export; wall-clock UTC difference,3.10.14,2.4.1+cu121,0.19.1,12.1,NVIDIA GeForce RTX 3060,research-lab/experiments/registered-workflow/runs/primary/run_0099,True,True
run_0100,original,sipakmed,resnet50,B,submitted,60,60,60,32,0,adamw,0.0001,0.0001,1055.0,run entry through output export; wall-clock UTC difference,3.10.14,2.4.1+cu121,0.19.1,12.1,NVIDIA GeForce RTX 3060,research-lab/experiments/registered-workflow/runs/primary/run_0100,True,True
run_0101,original,sipakmed,densenet121,A,submitted,25,18,60,32,0,adamw,0.0001,0.0001,398.0,run entry through output export; wall-clock UTC difference,3.10.14,2.4.1+cu121,0.19.1,12.1,NVIDIA GeForce RTX 3060,research-lab/experiments/registered-workflow/runs/primary/run_0101,True,True
run_0102,original,sipakmed,densenet121,B,submitted,60,60,60,32,0,adamw,0.0001,0.0001,921.0,run entry through output export; wall-clock UTC difference,3.10.14,2.4.1+cu121,0.19.1,12.1,NVIDIA GeForce RTX 3060,research-lab/experiments/registered-workflow/runs/primary/run_0102,True,True
run_0103,original,sipakmed,efficientnet_b0,A,submitted,59,52,60,32,0,adamw,0.0001,0.0001,713.0,run entry through output export; wall-clock UTC difference,3.10.14,2.4.1+cu121,0.19.1,12.1,NVIDIA GeForce RTX 3060,research-lab/experiments/registered-workflow/runs/primary/run_0103,True,True
run_0104,original,sipakmed,efficientnet_b0,B,submitted,60,60,60,32,0,adamw,0.0001,0.0001,701.0,run entry through output export; wall-clock UTC difference,3.10.14,2.4.1+cu121,0.19.1,12.1,NVIDIA GeForce RTX 3060,research-lab/experiments/registered-workflow/runs/primary/run_0104,True,True
run_0105,original,sipakmed,resnet18,A,submitted,23,16,60,32,0,adamw,0.0001,0.0001,269.0,run entry through output export; wall-clock UTC difference,3.10.14,2.4.1+cu121,0.19.1,12.1,NVIDIA GeForce RTX 3060,research-lab/experiments/registered-workflow/runs/primary/run_0105,True,True
run_0106,original,sipakmed,resnet18,B,submitted,60,60,60,32,0,adamw,0.0001,0.0001,730.0,run entry through output export; wall-clock UTC difference,3.10.14,2.4.1+cu121,0.19.1,12.1,NVIDIA GeForce RTX 3060,research-lab/experiments/registered-workflow/runs/primary/run_0106,True,True
run_0107,original,sipakmed,resnet50,A,submitted,22,15,60,32,0,adamw,0.0001,0.0001,387.0,run entry through output export; wall-clock UTC difference,3.10.14,2.4.1+cu121,0.19.1,12.1,NVIDIA GeForce RTX 3060,research-lab/experiments/registered-workflow/runs/primary/run_0107,True,True
run_0108,original,sipakmed,resnet50,B,submitted,60,60,60,32,0,adamw,0.0001,0.0001,1053.0,run entry through output export; wall-clock UTC difference,3.10.14,2.4.1+cu121,0.19.1,12.1,NVIDIA GeForce RTX 3060,research-lab/experiments/registered-workflow/runs/primary/run_0108,True,True
run_0109,original,sipakmed,densenet121,A,submitted,20,13,60,32,0,adamw,0.0001,0.0001,351.0,run entry through output export; wall-clock UTC difference,3.10.14,2.4.1+cu121,0.19.1,12.1,NVIDIA GeForce RTX 3060,research-lab/experiments/registered-workflow/runs/primary/run_0109,True,True
run_0110,original,sipakmed,densenet121,B,submitted,60,60,60,32,0,adamw,0.0001,0.0001,1033.0,run entry through output export; wall-clock UTC difference,3.10.14,2.4.1+cu121,0.19.1,12.1,NVIDIA GeForce RTX 3060,research-lab/experiments/registered-workflow/runs/primary/run_0110,True,True
run_0111,original,sipakmed,efficientnet_b0,A,submitted,60,53,60,32,0,adamw,0.0001,0.0001,705.0,run entry through output export; wall-clock UTC difference,3.10.14,2.4.1+cu121,0.19.1,12.1,NVIDIA GeForce RTX 3060,research-lab/experiments/registered-workflow/runs/primary/run_0111,True,True
run_0112,original,sipakmed,efficientnet_b0,B,submitted,60,60,60,32,0,adamw,0.0001,0.0001,729.0,run entry through output export; wall-clock UTC difference,3.10.14,2.4.1+cu121,0.19.1,12.1,NVIDIA GeForce RTX 3060,research-lab/experiments/registered-workflow/runs/primary/run_0112,True,True
run_0113,original,sipakmed,resnet18,A,submitted,18,11,60,32,0,adamw,0.0001,0.0001,225.0,run entry through output export; wall-clock UTC difference,3.10.14,2.4.1+cu121,0.19.1,12.1,NVIDIA GeForce RTX 3060,research-lab/experiments/registered-workflow/runs/primary/run_0113,True,True
run_0114,original,sipakmed,resnet18,B,submitted,60,60,60,32,0,adamw,0.0001,0.0001,751.0,run entry through output export; wall-clock UTC difference,3.10.14,2.4.1+cu121,0.19.1,12.1,NVIDIA GeForce RTX 3060,research-lab/experiments/registered-workflow/runs/primary/run_0114,True,True
run_0115,original,sipakmed,resnet50,A,submitted,10,3,60,32,0,adamw,0.0001,0.0001,181.0,run entry through output export; wall-clock UTC difference,3.10.14,2.4.1+cu121,0.19.1,12.1,NVIDIA GeForce RTX 3060,research-lab/experiments/registered-workflow/runs/primary/run_0115,True,True
run_0116,original,sipakmed,resnet50,B,submitted,60,60,60,32,0,adamw,0.0001,0.0001,1048.0,run entry through output export; wall-clock UTC difference,3.10.14,2.4.1+cu121,0.19.1,12.1,NVIDIA GeForce RTX 3060,research-lab/experiments/registered-workflow/runs/primary/run_0116,True,True
run_0117,original,sipakmed,densenet121,A,submitted,18,11,60,32,0,adamw,0.0001,0.0001,315.0,run entry through output export; wall-clock UTC difference,3.10.14,2.4.1+cu121,0.19.1,12.1,NVIDIA GeForce RTX 3060,research-lab/experiments/registered-workflow/runs/primary/run_0117,True,True
run_0118,original,sipakmed,densenet121,B,submitted,60,60,60,32,0,adamw,0.0001,0.0001,1047.0,run entry through output export; wall-clock UTC difference,3.10.14,2.4.1+cu121,0.19.1,12.1,NVIDIA GeForce RTX 3060,research-lab/experiments/registered-workflow/runs/primary/run_0118,True,True
run_0119,original,sipakmed,efficientnet_b0,A,submitted,38,31,60,32,0,adamw,0.0001,0.0001,481.0,run entry through output export; wall-clock UTC difference,3.10.14,2.4.1+cu121,0.19.1,12.1,NVIDIA GeForce RTX 3060,research-lab/experiments/registered-workflow/runs/primary/run_0119,True,True
run_0120,original,sipakmed,efficientnet_b0,B,submitted,60,60,60,32,0,adamw,0.0001,0.0001,753.0,run entry through output export; wall-clock UTC difference,3.10.14,2.4.1+cu121,0.19.1,12.1,NVIDIA GeForce RTX 3060,research-lab/experiments/registered-workflow/runs/primary/run_0120,True,True
run_0121,original,sipakmed,resnet18,A,submitted,12,5,60,32,0,adamw,0.0001,0.0001,148.0,run entry through output export; wall-clock UTC difference,3.10.14,2.4.1+cu121,0.19.1,12.1,NVIDIA GeForce RTX 3060,research-lab/experiments/registered-workflow/runs/primary/run_0121,True,True
run_0122,original,sipakmed,resnet18,B,submitted,60,60,60,32,0,adamw,0.0001,0.0001,737.0,run entry through output export; wall-clock UTC difference,3.10.14,2.4.1+cu121,0.19.1,12.1,NVIDIA GeForce RTX 3060,research-lab/experiments/registered-workflow/runs/primary/run_0122,True,True
run_0123,original,sipakmed,resnet50,A,submitted,10,3,60,32,0,adamw,0.0001,0.0001,179.0,run entry through output export; wall-clock UTC difference,3.10.14,2.4.1+cu121,0.19.1,12.1,NVIDIA GeForce RTX 3060,research-lab/experiments/registered-workflow/runs/primary/run_0123,True,True
run_0124,original,sipakmed,resnet50,B,submitted,60,60,60,32,0,adamw,0.0001,0.0001,1054.0,run entry through output export; wall-clock UTC difference,3.10.14,2.4.1+cu121,0.19.1,12.1,NVIDIA GeForce RTX 3060,research-lab/experiments/registered-workflow/runs/primary/run_0124,True,True
run_0125,original,sipakmed,densenet121,A,submitted,25,18,60,32,0,adamw,0.0001,0.0001,439.0,run entry through output export; wall-clock UTC difference,3.10.14,2.4.1+cu121,0.19.1,12.1,NVIDIA GeForce RTX 3060,research-lab/experiments/registered-workflow/runs/primary/run_0125,True,True
run_0126,original,sipakmed,densenet121,B,submitted,60,60,60,32,0,adamw,0.0001,0.0001,1035.0,run entry through output export; wall-clock UTC difference,3.10.14,2.4.1+cu121,0.19.1,12.1,NVIDIA GeForce RTX 3060,research-lab/experiments/registered-workflow/runs/primary/run_0126,True,True
run_0127,original,sipakmed,efficientnet_b0,A,submitted,40,33,60,32,0,adamw,0.0001,0.0001,507.0,run entry through output export; wall-clock UTC difference,3.10.14,2.4.1+cu121,0.19.1,12.1,NVIDIA GeForce RTX 3060,research-lab/experiments/registered-workflow/runs/primary/run_0127,True,True
run_0128,original,sipakmed,efficientnet_b0,B,submitted,60,60,60,32,0,adamw,0.0001,0.0001,754.0,run entry through output export; wall-clock UTC difference,3.10.14,2.4.1+cu121,0.19.1,12.1,NVIDIA GeForce RTX 3060,research-lab/experiments/registered-workflow/runs/primary/run_0128,True,True
run_0129,original,sipakmed,resnet18,A,submitted,12,5,60,32,0,adamw,0.0001,0.0001,151.0,run entry through output export; wall-clock UTC difference,3.10.14,2.4.1+cu121,0.19.1,12.1,NVIDIA GeForce RTX 3060,research-lab/experiments/registered-workflow/runs/primary/run_0129,True,True
run_0130,original,sipakmed,resnet18,B,submitted,60,60,60,32,0,adamw,0.0001,0.0001,747.0,run entry through output export; wall-clock UTC difference,3.10.14,2.4.1+cu121,0.19.1,12.1,NVIDIA GeForce RTX 3060,research-lab/experiments/registered-workflow/runs/primary/run_0130,True,True
run_0131,original,sipakmed,resnet50,A,submitted,21,14,60,32,0,adamw,0.0001,0.0001,367.0,run entry through output export; wall-clock UTC difference,3.10.14,2.4.1+cu121,0.19.1,12.1,NVIDIA GeForce RTX 3060,research-lab/experiments/registered-workflow/runs/primary/run_0131,True,True
run_0132,original,sipakmed,resnet50,B,submitted,60,60,60,32,0,adamw,0.0001,0.0001,1053.0,run entry through output export; wall-clock UTC difference,3.10.14,2.4.1+cu121,0.19.1,12.1,NVIDIA GeForce RTX 3060,research-lab/experiments/registered-workflow/runs/primary/run_0132,True,True
run_0133,original,sipakmed,densenet121,A,submitted,26,19,60,32,0,adamw,0.0001,0.0001,457.0,run entry through output export; wall-clock UTC difference,3.10.14,2.4.1+cu121,0.19.1,12.1,NVIDIA GeForce RTX 3060,research-lab/experiments/registered-workflow/runs/primary/run_0133,True,True
run_0134,original,sipakmed,densenet121,B,submitted,60,60,60,32,0,adamw,0.0001,0.0001,1046.0,run entry through output export; wall-clock UTC difference,3.10.14,2.4.1+cu121,0.19.1,12.1,NVIDIA GeForce RTX 3060,research-lab/experiments/registered-workflow/runs/primary/run_0134,True,True
run_0135,original,sipakmed,efficientnet_b0,A,submitted,57,50,60,32,0,adamw,0.0001,0.0001,721.0,run entry through output export; wall-clock UTC difference,3.10.14,2.4.1+cu121,0.19.1,12.1,NVIDIA GeForce RTX 3060,research-lab/experiments/registered-workflow/runs/primary/run_0135,True,True
run_0136,original,sipakmed,efficientnet_b0,B,submitted,60,60,60,32,0,adamw,0.0001,0.0001,747.0,run entry through output export; wall-clock UTC difference,3.10.14,2.4.1+cu121,0.19.1,12.1,NVIDIA GeForce RTX 3060,research-lab/experiments/registered-workflow/runs/primary/run_0136,True,True
run_0137,original,sipakmed,resnet18,A,submitted,27,20,60,32,0,adamw,0.0001,0.0001,339.0,run entry through output export; wall-clock UTC difference,3.10.14,2.4.1+cu121,0.19.1,12.1,NVIDIA GeForce RTX 3060,research-lab/experiments/registered-workflow/runs/primary/run_0137,True,True
run_0138,original,sipakmed,resnet18,B,submitted,60,60,60,32,0,adamw,0.0001,0.0001,743.0,run entry through output export; wall-clock UTC difference,3.10.14,2.4.1+cu121,0.19.1,12.1,NVIDIA GeForce RTX 3060,research-lab/experiments/registered-workflow/runs/primary/run_0138,True,True
run_0139,original,sipakmed,resnet50,A,submitted,20,13,60,32,0,adamw,0.0001,0.0001,354.0,run entry through output export; wall-clock UTC difference,3.10.14,2.4.1+cu121,0.19.1,12.1,NVIDIA GeForce RTX 3060,research-lab/experiments/registered-workflow/runs/primary/run_0139,True,True
run_0140,original,sipakmed,resnet50,B,submitted,60,60,60,32,0,adamw,0.0001,0.0001,1055.0,run entry through output export; wall-clock UTC difference,3.10.14,2.4.1+cu121,0.19.1,12.1,NVIDIA GeForce RTX 3060,research-lab/experiments/registered-workflow/runs/primary/run_0140,True,True
run_0141,original,sipakmed,densenet121,A,submitted,22,15,60,32,0,adamw,0.0001,0.0001,382.0,run entry through output export; wall-clock UTC difference,3.10.14,2.4.1+cu121,0.19.1,12.1,NVIDIA GeForce RTX 3060,research-lab/experiments/registered-workflow/runs/primary/run_0141,True,True
run_0142,original,sipakmed,densenet121,B,submitted,60,60,60,32,0,adamw,0.0001,0.0001,1045.0,run entry through output export; wall-clock UTC difference,3.10.14,2.4.1+cu121,0.19.1,12.1,NVIDIA GeForce RTX 3060,research-lab/experiments/registered-workflow/runs/primary/run_0142,True,True
run_0143,original,sipakmed,efficientnet_b0,A,submitted,60,58,60,32,0,adamw,0.0001,0.0001,756.0,run entry through output export; wall-clock UTC difference,3.10.14,2.4.1+cu121,0.19.1,12.1,NVIDIA GeForce RTX 3060,research-lab/experiments/registered-workflow/runs/primary/run_0143,True,True
run_0144,original,sipakmed,efficientnet_b0,B,submitted,60,60,60,32,0,adamw,0.0001,0.0001,749.0,run entry through output export; wall-clock UTC difference,3.10.14,2.4.1+cu121,0.19.1,12.1,NVIDIA GeForce RTX 3060,research-lab/experiments/registered-workflow/runs/primary/run_0144,True,True
run_0145,original,sipakmed,resnet18,A,submitted,9,2,60,32,0,adamw,0.0001,0.0001,114.0,run entry through output export; wall-clock UTC difference,3.10.14,2.4.1+cu121,0.19.1,12.1,NVIDIA GeForce RTX 3060,research-lab/experiments/registered-workflow/runs/primary/run_0145,True,True
run_0146,original,sipakmed,resnet18,B,submitted,60,60,60,32,0,adamw,0.0001,0.0001,753.0,run entry through output export; wall-clock UTC difference,3.10.14,2.4.1+cu121,0.19.1,12.1,NVIDIA GeForce RTX 3060,research-lab/experiments/registered-workflow/runs/primary/run_0146,True,True
run_0147,original,sipakmed,resnet50,A,submitted,12,5,60,32,0,adamw,0.0001,0.0001,191.0,run entry through output export; wall-clock UTC difference,3.10.14,2.4.1+cu121,0.19.1,12.1,NVIDIA GeForce RTX 3060,research-lab/experiments/registered-workflow/runs/primary/run_0147,True,True
run_0148,original,sipakmed,resnet50,B,submitted,60,60,60,32,0,adamw,0.0001,0.0001,935.0,run entry through output export; wall-clock UTC difference,3.10.14,2.4.1+cu121,0.19.1,12.1,NVIDIA GeForce RTX 3060,research-lab/experiments/registered-workflow/runs/primary/run_0148,True,True
run_0149,original,sipakmed,densenet121,A,submitted,25,18,60,32,0,adamw,0.0001,0.0001,427.0,run entry through output export; wall-clock UTC difference,3.10.14,2.4.1+cu121,0.19.1,12.1,NVIDIA GeForce RTX 3060,research-lab/experiments/registered-workflow/runs/primary/run_0149,True,True
run_0150,original,sipakmed,densenet121,B,submitted,60,60,60,32,0,adamw,0.0001,0.0001,1041.0,run entry through output export; wall-clock UTC difference,3.10.14,2.4.1+cu121,0.19.1,12.1,NVIDIA GeForce RTX 3060,research-lab/experiments/registered-workflow/runs/primary/run_0150,True,True
run_0151,original,sipakmed,efficientnet_b0,A,submitted,54,47,60,32,0,adamw,0.0001,0.0001,672.0,run entry through output export; wall-clock UTC difference,3.10.14,2.4.1+cu121,0.19.1,12.1,NVIDIA GeForce RTX 3060,research-lab/experiments/registered-workflow/runs/primary/run_0151,True,True
run_0152,original,sipakmed,efficientnet_b0,B,submitted,60,60,60,32,0,adamw,0.0001,0.0001,752.0,run entry through output export; wall-clock UTC difference,3.10.14,2.4.1+cu121,0.19.1,12.1,NVIDIA GeForce RTX 3060,research-lab/experiments/registered-workflow/runs/primary/run_0152,True,True
run_0153,original,sipakmed,resnet18,A,submitted,13,6,60,32,0,adamw,0.0001,0.0001,165.0,run entry through output export; wall-clock UTC difference,3.10.14,2.4.1+cu121,0.19.1,12.1,NVIDIA GeForce RTX 3060,research-lab/experiments/registered-workflow/runs/primary/run_0153,True,True
run_0154,original,sipakmed,resnet18,B,submitted,60,60,60,32,0,adamw,0.0001,0.0001,741.0,run entry through output export; wall-clock UTC difference,3.10.14,2.4.1+cu121,0.19.1,12.1,NVIDIA GeForce RTX 3060,research-lab/experiments/registered-workflow/runs/primary/run_0154,True,True
run_0155,original,sipakmed,resnet50,A,submitted,10,3,60,32,0,adamw,0.0001,0.0001,178.0,run entry through output export; wall-clock UTC difference,3.10.14,2.4.1+cu121,0.19.1,12.1,NVIDIA GeForce RTX 3060,research-lab/experiments/registered-workflow/runs/primary/run_0155,True,True
run_0156,original,sipakmed,resnet50,B,submitted,60,60,60,32,0,adamw,0.0001,0.0001,1042.0,run entry through output export; wall-clock UTC difference,3.10.14,2.4.1+cu121,0.19.1,12.1,NVIDIA GeForce RTX 3060,research-lab/experiments/registered-workflow/runs/primary/run_0156,True,True
run_0157,original,sipakmed,densenet121,A,submitted,22,15,60,32,0,adamw,0.0001,0.0001,385.0,run entry through output export; wall-clock UTC difference,3.10.14,2.4.1+cu121,0.19.1,12.1,NVIDIA GeForce RTX 3060,research-lab/experiments/registered-workflow/runs/primary/run_0157,True,True
run_0158,original,sipakmed,densenet121,B,submitted,60,60,60,32,0,adamw,0.0001,0.0001,1044.0,run entry through output export; wall-clock UTC difference,3.10.14,2.4.1+cu121,0.19.1,12.1,NVIDIA GeForce RTX 3060,research-lab/experiments/registered-workflow/runs/primary/run_0158,True,True
run_0159,original,sipakmed,efficientnet_b0,A,submitted,49,42,60,32,0,adamw,0.0001,0.0001,617.0,run entry through output export; wall-clock UTC difference,3.10.14,2.4.1+cu121,0.19.1,12.1,NVIDIA GeForce RTX 3060,research-lab/experiments/registered-workflow/runs/primary/run_0159,True,True
run_0160,original,sipakmed,efficientnet_b0,B,submitted,60,60,60,32,0,adamw,0.0001,0.0001,753.0,run entry through output export; wall-clock UTC difference,3.10.14,2.4.1+cu121,0.19.1,12.1,NVIDIA GeForce RTX 3060,research-lab/experiments/registered-workflow/runs/primary/run_0160,True,True
run_0161,original,sipakmed,resnet18,A,submitted,15,8,60,32,0,adamw,0.0001,0.0001,184.0,run entry through output export; wall-clock UTC difference,3.10.14,2.4.1+cu121,0.19.1,12.1,NVIDIA GeForce RTX 3060,research-lab/experiments/registered-workflow/runs/primary/run_0161,True,True
run_0162,original,sipakmed,resnet18,B,submitted,60,60,60,32,0,adamw,0.0001,0.0001,734.0,run entry through output export; wall-clock UTC difference,3.10.14,2.4.1+cu121,0.19.1,12.1,NVIDIA GeForce RTX 3060,research-lab/experiments/registered-workflow/runs/primary/run_0162,True,True
run_0163,original,sipakmed,resnet50,A,submitted,20,13,60,32,0,adamw,0.0001,0.0001,353.0,run entry through output export; wall-clock UTC difference,3.10.14,2.4.1+cu121,0.19.1,12.1,NVIDIA GeForce RTX 3060,research-lab/experiments/registered-workflow/runs/primary/run_0163,True,True
run_0164,original,sipakmed,resnet50,B,submitted,60,60,60,32,0,adamw,0.0001,0.0001,974.0,run entry through output export; wall-clock UTC difference,3.10.14,2.4.1+cu121,0.19.1,12.1,NVIDIA GeForce RTX 3060,research-lab/experiments/registered-workflow/runs/primary/run_0164,True,True
run_0165,original,sipakmed,densenet121,A,submitted,18,11,60,32,0,adamw,0.0001,0.0001,280.0,run entry through output export; wall-clock UTC difference,3.10.14,2.4.1+cu121,0.19.1,12.1,NVIDIA GeForce RTX 3060,research-lab/experiments/registered-workflow/runs/primary/run_0165,True,True
run_0166,original,sipakmed,densenet121,B,submitted,60,60,60,32,0,adamw,0.0001,0.0001,928.0,run entry through output export; wall-clock UTC difference,3.10.14,2.4.1+cu121,0.19.1,12.1,NVIDIA GeForce RTX 3060,research-lab/experiments/registered-workflow/runs/primary/run_0166,True,True
run_0167,original,sipakmed,efficientnet_b0,A,submitted,54,47,60,32,0,adamw,0.0001,0.0001,646.0,run entry through output export; wall-clock UTC difference,3.10.14,2.4.1+cu121,0.19.1,12.1,NVIDIA GeForce RTX 3060,research-lab/experiments/registered-workflow/runs/primary/run_0167,True,True
run_0168,original,sipakmed,efficientnet_b0,B,submitted,60,60,60,32,0,adamw,0.0001,0.0001,754.0,run entry through output export; wall-clock UTC difference,3.10.14,2.4.1+cu121,0.19.1,12.1,NVIDIA GeForce RTX 3060,research-lab/experiments/registered-workflow/runs/primary/run_0168,True,True
run_0169,original,sipakmed,resnet18,A,submitted,12,5,60,32,0,adamw,0.0001,0.0001,152.0,run entry through output export; wall-clock UTC difference,3.10.14,2.4.1+cu121,0.19.1,12.1,NVIDIA GeForce RTX 3060,research-lab/experiments/registered-workflow/runs/primary/run_0169,True,True
run_0170,original,sipakmed,resnet18,B,submitted,60,60,60,32,0,adamw,0.0001,0.0001,745.0,run entry through output export; wall-clock UTC difference,3.10.14,2.4.1+cu121,0.19.1,12.1,NVIDIA GeForce RTX 3060,research-lab/experiments/registered-workflow/runs/primary/run_0170,True,True
run_0171,original,sipakmed,resnet50,A,submitted,11,4,60,32,0,adamw,0.0001,0.0001,194.0,run entry through output export; wall-clock UTC difference,3.10.14,2.4.1+cu121,0.19.1,12.1,NVIDIA GeForce RTX 3060,research-lab/experiments/registered-workflow/runs/primary/run_0171,True,True
run_0172,original,sipakmed,resnet50,B,submitted,60,60,60,32,0,adamw,0.0001,0.0001,1050.0,run entry through output export; wall-clock UTC difference,3.10.14,2.4.1+cu121,0.19.1,12.1,NVIDIA GeForce RTX 3060,research-lab/experiments/registered-workflow/runs/primary/run_0172,True,True
run_0173,original,sipakmed,densenet121,A,submitted,14,7,60,32,0,adamw,0.0001,0.0001,247.0,run entry through output export; wall-clock UTC difference,3.10.14,2.4.1+cu121,0.19.1,12.1,NVIDIA GeForce RTX 3060,research-lab/experiments/registered-workflow/runs/primary/run_0173,True,True
run_0174,original,sipakmed,densenet121,B,submitted,60,60,60,32,0,adamw,0.0001,0.0001,1044.0,run entry through output export; wall-clock UTC difference,3.10.14,2.4.1+cu121,0.19.1,12.1,NVIDIA GeForce RTX 3060,research-lab/experiments/registered-workflow/runs/primary/run_0174,True,True
run_0175,original,sipakmed,efficientnet_b0,A,submitted,60,58,60,32,0,adamw,0.0001,0.0001,756.0,run entry through output export; wall-clock UTC difference,3.10.14,2.4.1+cu121,0.19.1,12.1,NVIDIA GeForce RTX 3060,research-lab/experiments/registered-workflow/runs/primary/run_0175,True,True
run_0176,original,sipakmed,efficientnet_b0,B,submitted,60,60,60,32,0,adamw,0.0001,0.0001,740.0,run entry through output export; wall-clock UTC difference,3.10.14,2.4.1+cu121,0.19.1,12.1,NVIDIA GeForce RTX 3060,research-lab/experiments/registered-workflow/runs/primary/run_0176,True,True
run_0177,original,sipakmed,resnet18,A,submitted,16,9,60,32,0,adamw,0.0001,0.0001,199.0,run entry through output export; wall-clock UTC difference,3.10.14,2.4.1+cu121,0.19.1,12.1,NVIDIA GeForce RTX 3060,research-lab/experiments/registered-workflow/runs/primary/run_0177,True,True
run_0178,original,sipakmed,resnet18,B,submitted,60,60,60,32,0,adamw,0.0001,0.0001,744.0,run entry through output export; wall-clock UTC difference,3.10.14,2.4.1+cu121,0.19.1,12.1,NVIDIA GeForce RTX 3060,research-lab/experiments/registered-workflow/runs/primary/run_0178,True,True
run_0179,original,sipakmed,resnet50,A,submitted,14,7,60,32,0,adamw,0.0001,0.0001,248.0,run entry through output export; wall-clock UTC difference,3.10.14,2.4.1+cu121,0.19.1,12.1,NVIDIA GeForce RTX 3060,research-lab/experiments/registered-workflow/runs/primary/run_0179,True,True
run_0180,original,sipakmed,resnet50,B,submitted,60,60,60,32,0,adamw,0.0001,0.0001,998.0,run entry through output export; wall-clock UTC difference,3.10.14,2.4.1+cu121,0.19.1,12.1,NVIDIA GeForce RTX 3060,research-lab/experiments/registered-workflow/runs/primary/run_0180,True,True
run_0181,original,sipakmed,densenet121,A,submitted,16,9,60,32,0,adamw,0.0001,0.0001,249.0,run entry through output export; wall-clock UTC difference,3.10.14,2.4.1+cu121,0.19.1,12.1,NVIDIA GeForce RTX 3060,research-lab/experiments/registered-workflow/runs/primary/run_0181,True,True
run_0182,original,sipakmed,densenet121,B,submitted,60,60,60,32,0,adamw,0.0001,0.0001,995.0,run entry through output export; wall-clock UTC difference,3.10.14,2.4.1+cu121,0.19.1,12.1,NVIDIA GeForce RTX 3060,research-lab/experiments/registered-workflow/runs/primary/run_0182,True,True
run_0183,original,sipakmed,efficientnet_b0,A,submitted,56,49,60,32,0,adamw,0.0001,0.0001,709.0,run entry through output export; wall-clock UTC difference,3.10.14,2.4.1+cu121,0.19.1,12.1,NVIDIA GeForce RTX 3060,research-lab/experiments/registered-workflow/runs/primary/run_0183,True,True
run_0184,original,sipakmed,efficientnet_b0,B,submitted,60,60,60,32,0,adamw,0.0001,0.0001,755.0,run entry through output export; wall-clock UTC difference,3.10.14,2.4.1+cu121,0.19.1,12.1,NVIDIA GeForce RTX 3060,research-lab/experiments/registered-workflow/runs/primary/run_0184,True,True
run_0185,original,sipakmed,resnet18,A,submitted,12,5,60,32,0,adamw,0.0001,0.0001,152.0,run entry through output export; wall-clock UTC difference,3.10.14,2.4.1+cu121,0.19.1,12.1,NVIDIA GeForce RTX 3060,research-lab/experiments/registered-workflow/runs/primary/run_0185,True,True
run_0186,original,sipakmed,resnet18,B,submitted,60,60,60,32,0,adamw,0.0001,0.0001,738.0,run entry through output export; wall-clock UTC difference,3.10.14,2.4.1+cu121,0.19.1,12.1,NVIDIA GeForce RTX 3060,research-lab/experiments/registered-workflow/runs/primary/run_0186,True,True
run_0187,original,sipakmed,resnet50,A,submitted,14,7,60,32,0,adamw,0.0001,0.0001,249.0,run entry through output export; wall-clock UTC difference,3.10.14,2.4.1+cu121,0.19.1,12.1,NVIDIA GeForce RTX 3060,research-lab/experiments/registered-workflow/runs/primary/run_0187,True,True
run_0188,original,sipakmed,resnet50,B,submitted,60,60,60,32,0,adamw,0.0001,0.0001,1055.0,run entry through output export; wall-clock UTC difference,3.10.14,2.4.1+cu121,0.19.1,12.1,NVIDIA GeForce RTX 3060,research-lab/experiments/registered-workflow/runs/primary/run_0188,True,True
run_0189,original,sipakmed,densenet121,A,submitted,15,8,60,32,0,adamw,0.0001,0.0001,266.0,run entry through output export; wall-clock UTC difference,3.10.14,2.4.1+cu121,0.19.1,12.1,NVIDIA GeForce RTX 3060,research-lab/experiments/registered-workflow/runs/primary/run_0189,True,True
run_0190,original,sipakmed,densenet121,B,submitted,60,60,60,32,0,adamw,0.0001,0.0001,1048.0,run entry through output export; wall-clock UTC difference,3.10.14,2.4.1+cu121,0.19.1,12.1,NVIDIA GeForce RTX 3060,research-lab/experiments/registered-workflow/runs/primary/run_0190,True,True
run_0191,original,sipakmed,efficientnet_b0,A,submitted,60,60,60,32,0,adamw,0.0001,0.0001,752.0,run entry through output export; wall-clock UTC difference,3.10.14,2.4.1+cu121,0.19.1,12.1,NVIDIA GeForce RTX 3060,research-lab/experiments/registered-workflow/runs/primary/run_0191,True,True
run_0192,original,sipakmed,efficientnet_b0,B,submitted,60,60,60,32,0,adamw,0.0001,0.0001,760.0,run entry through output export; wall-clock UTC difference,3.10.14,2.4.1+cu121,0.19.1,12.1,NVIDIA GeForce RTX 3060,research-lab/experiments/registered-workflow/runs/primary/run_0192,True,True
run_0193,original,sipakmed,resnet18,A,submitted,15,8,60,32,0,adamw,0.0001,0.0001,188.0,run entry through output export; wall-clock UTC difference,3.10.14,2.4.1+cu121,0.19.1,12.1,NVIDIA GeForce RTX 3060,research-lab/experiments/registered-workflow/runs/primary/run_0193,True,True
run_0194,original,sipakmed,resnet18,B,submitted,60,60,60,32,0,adamw,0.0001,0.0001,750.0,run entry through output export; wall-clock UTC difference,3.10.14,2.4.1+cu121,0.19.1,12.1,NVIDIA GeForce RTX 3060,research-lab/experiments/registered-workflow/runs/primary/run_0194,True,True
run_0195,original,sipakmed,resnet50,A,submitted,18,11,60,32,0,adamw,0.0001,0.0001,321.0,run entry through output export; wall-clock UTC difference,3.10.14,2.4.1+cu121,0.19.1,12.1,NVIDIA GeForce RTX 3060,research-lab/experiments/registered-workflow/runs/primary/run_0195,True,True
run_0196,original,sipakmed,resnet50,B,submitted,60,60,60,32,0,adamw,0.0001,0.0001,1050.0,run entry through output export; wall-clock UTC difference,3.10.14,2.4.1+cu121,0.19.1,12.1,NVIDIA GeForce RTX 3060,research-lab/experiments/registered-workflow/runs/primary/run_0196,True,True
run_0197,original,sipakmed,densenet121,A,submitted,20,13,60,32,0,adamw,0.0001,0.0001,350.0,run entry through output export; wall-clock UTC difference,3.10.14,2.4.1+cu121,0.19.1,12.1,NVIDIA GeForce RTX 3060,research-lab/experiments/registered-workflow/runs/primary/run_0197,True,True
run_0198,original,sipakmed,densenet121,B,submitted,60,60,60,32,0,adamw,0.0001,0.0001,1047.0,run entry through output export; wall-clock UTC difference,3.10.14,2.4.1+cu121,0.19.1,12.1,NVIDIA GeForce RTX 3060,research-lab/experiments/registered-workflow/runs/primary/run_0198,True,True
run_0199,original,sipakmed,efficientnet_b0,A,submitted,60,60,60,32,0,adamw,0.0001,0.0001,762.0,run entry through output export; wall-clock UTC difference,3.10.14,2.4.1+cu121,0.19.1,12.1,NVIDIA GeForce RTX 3060,research-lab/experiments/registered-workflow/runs/primary/run_0199,True,True
run_0200,original,sipakmed,efficientnet_b0,B,submitted,60,60,60,32,0,adamw,0.0001,0.0001,758.0,run entry through output export; wall-clock UTC difference,3.10.14,2.4.1+cu121,0.19.1,12.1,NVIDIA GeForce RTX 3060,research-lab/experiments/registered-workflow/runs/primary/run_0200,True,True
run_0201,original,sipakmed,resnet18,A,submitted,17,10,60,32,0,adamw,0.0001,0.0001,209.0,run entry through output export; wall-clock UTC difference,3.10.14,2.4.1+cu121,0.19.1,12.1,NVIDIA GeForce RTX 3060,research-lab/experiments/registered-workflow/runs/primary/run_0201,True,True
run_0202,original,sipakmed,resnet18,B,submitted,60,60,60,32,0,adamw,0.0001,0.0001,699.0,run entry through output export; wall-clock UTC difference,3.10.14,2.4.1+cu121,0.19.1,12.1,NVIDIA GeForce RTX 3060,research-lab/experiments/registered-workflow/runs/primary/run_0202,True,True
run_0203,original,sipakmed,resnet50,A,submitted,23,16,60,32,0,adamw,0.0001,0.0001,362.0,run entry through output export; wall-clock UTC difference,3.10.14,2.4.1+cu121,0.19.1,12.1,NVIDIA GeForce RTX 3060,research-lab/experiments/registered-workflow/runs/primary/run_0203,True,True
run_0204,original,sipakmed,resnet50,B,submitted,60,60,60,32,0,adamw,0.0001,0.0001,940.0,run entry through output export; wall-clock UTC difference,3.10.14,2.4.1+cu121,0.19.1,12.1,NVIDIA GeForce RTX 3060,research-lab/experiments/registered-workflow/runs/primary/run_0204,True,True
run_0205,original,sipakmed,densenet121,A,submitted,21,14,60,32,0,adamw,0.0001,0.0001,325.0,run entry through output export; wall-clock UTC difference,3.10.14,2.4.1+cu121,0.19.1,12.1,NVIDIA GeForce RTX 3060,research-lab/experiments/registered-workflow/runs/primary/run_0205,True,True
run_0206,original,sipakmed,densenet121,B,submitted,60,60,60,32,0,adamw,0.0001,0.0001,1031.0,run entry through output export; wall-clock UTC difference,3.10.14,2.4.1+cu121,0.19.1,12.1,NVIDIA GeForce RTX 3060,research-lab/experiments/registered-workflow/runs/primary/run_0206,True,True
run_0207,original,sipakmed,efficientnet_b0,A,submitted,55,48,60,32,0,adamw,0.0001,0.0001,697.0,run entry through output export; wall-clock UTC difference,3.10.14,2.4.1+cu121,0.19.1,12.1,NVIDIA GeForce RTX 3060,research-lab/experiments/registered-workflow/runs/primary/run_0207,True,True
run_0208,original,sipakmed,efficientnet_b0,B,submitted,60,60,60,32,0,adamw,0.0001,0.0001,755.0,run entry through output export; wall-clock UTC difference,3.10.14,2.4.1+cu121,0.19.1,12.1,NVIDIA GeForce RTX 3060,research-lab/experiments/registered-workflow/runs/primary/run_0208,True,True
run_0209,original,sipakmed,resnet18,A,submitted,19,12,60,32,0,adamw,0.0001,0.0001,230.0,run entry through output export; wall-clock UTC difference,3.10.14,2.4.1+cu121,0.19.1,12.1,NVIDIA GeForce RTX 3060,research-lab/experiments/registered-workflow/runs/primary/run_0209,True,True
run_0210,original,sipakmed,resnet18,B,submitted,60,60,60,32,0,adamw,0.0001,0.0001,707.0,run entry through output export; wall-clock UTC difference,3.10.14,2.4.1+cu121,0.19.1,12.1,NVIDIA GeForce RTX 3060,research-lab/experiments/registered-workflow/runs/primary/run_0210,True,True
run_0211,original,sipakmed,resnet50,A,submitted,13,6,60,32,0,adamw,0.0001,0.0001,205.0,run entry through output export; wall-clock UTC difference,3.10.14,2.4.1+cu121,0.19.1,12.1,NVIDIA GeForce RTX 3060,research-lab/experiments/registered-workflow/runs/primary/run_0211,True,True
run_0212,original,sipakmed,resnet50,B,submitted,60,60,60,32,0,adamw,0.0001,0.0001,1043.0,run entry through output export; wall-clock UTC difference,3.10.14,2.4.1+cu121,0.19.1,12.1,NVIDIA GeForce RTX 3060,research-lab/experiments/registered-workflow/runs/primary/run_0212,True,True
run_0213,original,sipakmed,densenet121,A,submitted,15,8,60,32,0,adamw,0.0001,0.0001,265.0,run entry through output export; wall-clock UTC difference,3.10.14,2.4.1+cu121,0.19.1,12.1,NVIDIA GeForce RTX 3060,research-lab/experiments/registered-workflow/runs/primary/run_0213,True,True
run_0214,original,sipakmed,densenet121,B,submitted,60,60,60,32,0,adamw,0.0001,0.0001,1038.0,run entry through output export; wall-clock UTC difference,3.10.14,2.4.1+cu121,0.19.1,12.1,NVIDIA GeForce RTX 3060,research-lab/experiments/registered-workflow/runs/primary/run_0214,True,True
run_0215,original,sipakmed,efficientnet_b0,A,submitted,57,50,60,32,0,adamw,0.0001,0.0001,675.0,run entry through output export; wall-clock UTC difference,3.10.14,2.4.1+cu121,0.19.1,12.1,NVIDIA GeForce RTX 3060,research-lab/experiments/registered-workflow/runs/primary/run_0215,True,True
run_0216,original,sipakmed,efficientnet_b0,B,submitted,60,60,60,32,0,adamw,0.0001,0.0001,721.0,run entry through output export; wall-clock UTC difference,3.10.14,2.4.1+cu121,0.19.1,12.1,NVIDIA GeForce RTX 3060,research-lab/experiments/registered-workflow/runs/primary/run_0216,True,True
run_0217,original,sipakmed,resnet18,A,submitted,18,11,60,32,0,adamw,0.0001,0.0001,224.0,run entry through output export; wall-clock UTC difference,3.10.14,2.4.1+cu121,0.19.1,12.1,NVIDIA GeForce RTX 3060,research-lab/experiments/registered-workflow/runs/primary/run_0217,True,True
run_0218,original,sipakmed,resnet18,B,submitted,60,60,60,32,0,adamw,0.0001,0.0001,743.0,run entry through output export; wall-clock UTC difference,3.10.14,2.4.1+cu121,0.19.1,12.1,NVIDIA GeForce RTX 3060,research-lab/experiments/registered-workflow/runs/primary/run_0218,True,True
run_0219,original,sipakmed,resnet50,A,submitted,15,8,60,32,0,adamw,0.0001,0.0001,267.0,run entry through output export; wall-clock UTC difference,3.10.14,2.4.1+cu121,0.19.1,12.1,NVIDIA GeForce RTX 3060,research-lab/experiments/registered-workflow/runs/primary/run_0219,True,True
run_0220,original,sipakmed,resnet50,B,submitted,60,60,60,32,0,adamw,0.0001,0.0001,1056.0,run entry through output export; wall-clock UTC difference,3.10.14,2.4.1+cu121,0.19.1,12.1,NVIDIA GeForce RTX 3060,research-lab/experiments/registered-workflow/runs/primary/run_0220,True,True
run_0221,original,sipakmed,densenet121,A,submitted,24,17,60,32,0,adamw,0.0001,0.0001,414.0,run entry through output export; wall-clock UTC difference,3.10.14,2.4.1+cu121,0.19.1,12.1,NVIDIA GeForce RTX 3060,research-lab/experiments/registered-workflow/runs/primary/run_0221,True,True
run_0222,original,sipakmed,densenet121,B,submitted,60,60,60,32,0,adamw,0.0001,0.0001,1045.0,run entry through output export; wall-clock UTC difference,3.10.14,2.4.1+cu121,0.19.1,12.1,NVIDIA GeForce RTX 3060,research-lab/experiments/registered-workflow/runs/primary/run_0222,True,True
run_0223,original,sipakmed,efficientnet_b0,A,submitted,59,52,60,32,0,adamw,0.0001,0.0001,708.0,run entry through output export; wall-clock UTC difference,3.10.14,2.4.1+cu121,0.19.1,12.1,NVIDIA GeForce RTX 3060,research-lab/experiments/registered-workflow/runs/primary/run_0223,True,True
run_0224,original,sipakmed,efficientnet_b0,B,submitted,60,60,60,32,0,adamw,0.0001,0.0001,705.0,run entry through output export; wall-clock UTC difference,3.10.14,2.4.1+cu121,0.19.1,12.1,NVIDIA GeForce RTX 3060,research-lab/experiments/registered-workflow/runs/primary/run_0224,True,True
run_0225,original,sipakmed,resnet18,A,submitted,23,16,60,32,0,adamw,0.0001,0.0001,281.0,run entry through output export; wall-clock UTC difference,3.10.14,2.4.1+cu121,0.19.1,12.1,NVIDIA GeForce RTX 3060,research-lab/experiments/registered-workflow/runs/primary/run_0225,True,True
run_0226,original,sipakmed,resnet18,B,submitted,60,60,60,32,0,adamw,0.0001,0.0001,733.0,run entry through output export; wall-clock UTC difference,3.10.14,2.4.1+cu121,0.19.1,12.1,NVIDIA GeForce RTX 3060,research-lab/experiments/registered-workflow/runs/primary/run_0226,True,True
run_0227,original,sipakmed,resnet50,A,submitted,18,11,60,32,0,adamw,0.0001,0.0001,318.0,run entry through output export; wall-clock UTC difference,3.10.14,2.4.1+cu121,0.19.1,12.1,NVIDIA GeForce RTX 3060,research-lab/experiments/registered-workflow/runs/primary/run_0227,True,True
run_0228,original,sipakmed,resnet50,B,submitted,60,60,60,32,0,adamw,0.0001,0.0001,1055.0,run entry through output export; wall-clock UTC difference,3.10.14,2.4.1+cu121,0.19.1,12.1,NVIDIA GeForce RTX 3060,research-lab/experiments/registered-workflow/runs/primary/run_0228,True,True
run_0229,original,sipakmed,densenet121,A,submitted,29,22,60,32,0,adamw,0.0001,0.0001,511.0,run entry through output export; wall-clock UTC difference,3.10.14,2.4.1+cu121,0.19.1,12.1,NVIDIA GeForce RTX 3060,research-lab/experiments/registered-workflow/runs/primary/run_0229,True,True
run_0230,original,sipakmed,densenet121,B,submitted,60,60,60,32,0,adamw,0.0001,0.0001,1046.0,run entry through output export; wall-clock UTC difference,3.10.14,2.4.1+cu121,0.19.1,12.1,NVIDIA GeForce RTX 3060,research-lab/experiments/registered-workflow/runs/primary/run_0230,True,True
run_0231,original,sipakmed,efficientnet_b0,A,submitted,60,58,60,32,0,adamw,0.0001,0.0001,751.0,run entry through output export; wall-clock UTC difference,3.10.14,2.4.1+cu121,0.19.1,12.1,NVIDIA GeForce RTX 3060,research-lab/experiments/registered-workflow/runs/primary/run_0231,True,True
run_0232,original,sipakmed,efficientnet_b0,B,submitted,60,60,60,32,0,adamw,0.0001,0.0001,755.0,run entry through output export; wall-clock UTC difference,3.10.14,2.4.1+cu121,0.19.1,12.1,NVIDIA GeForce RTX 3060,research-lab/experiments/registered-workflow/runs/primary/run_0232,True,True
run_0233,original,sipakmed,resnet18,A,submitted,14,7,60,32,0,adamw,0.0001,0.0001,176.0,run entry through output export; wall-clock UTC difference,3.10.14,2.4.1+cu121,0.19.1,12.1,NVIDIA GeForce RTX 3060,research-lab/experiments/registered-workflow/runs/primary/run_0233,True,True
run_0234,original,sipakmed,resnet18,B,submitted,60,60,60,32,0,adamw,0.0001,0.0001,746.0,run entry through output export; wall-clock UTC difference,3.10.14,2.4.1+cu121,0.19.1,12.1,NVIDIA GeForce RTX 3060,research-lab/experiments/registered-workflow/runs/primary/run_0234,True,True
run_0235,original,sipakmed,resnet50,A,submitted,9,2,60,32,0,adamw,0.0001,0.0001,162.0,run entry through output export; wall-clock UTC difference,3.10.14,2.4.1+cu121,0.19.1,12.1,NVIDIA GeForce RTX 3060,research-lab/experiments/registered-workflow/runs/primary/run_0235,True,True
run_0236,original,sipakmed,resnet50,B,submitted,60,60,60,32,0,adamw,0.0001,0.0001,1049.0,run entry through output export; wall-clock UTC difference,3.10.14,2.4.1+cu121,0.19.1,12.1,NVIDIA GeForce RTX 3060,research-lab/experiments/registered-workflow/runs/primary/run_0236,True,True
run_0237,original,sipakmed,densenet121,A,submitted,18,11,60,32,0,adamw,0.0001,0.0001,317.0,run entry through output export; wall-clock UTC difference,3.10.14,2.4.1+cu121,0.19.1,12.1,NVIDIA GeForce RTX 3060,research-lab/experiments/registered-workflow/runs/primary/run_0237,True,True
run_0238,original,sipakmed,densenet121,B,submitted,60,60,60,32,0,adamw,0.0001,0.0001,1048.0,run entry through output export; wall-clock UTC difference,3.10.14,2.4.1+cu121,0.19.1,12.1,NVIDIA GeForce RTX 3060,research-lab/experiments/registered-workflow/runs/primary/run_0238,True,True
run_0239,original,sipakmed,efficientnet_b0,A,submitted,56,49,60,32,0,adamw,0.0001,0.0001,710.0,run entry through output export; wall-clock UTC difference,3.10.14,2.4.1+cu121,0.19.1,12.1,NVIDIA GeForce RTX 3060,research-lab/experiments/registered-workflow/runs/primary/run_0239,True,True
run_0240,original,sipakmed,efficientnet_b0,B,submitted,60,60,60,32,0,adamw,0.0001,0.0001,753.0,run entry through output export; wall-clock UTC difference,3.10.14,2.4.1+cu121,0.19.1,12.1,NVIDIA GeForce RTX 3060,research-lab/experiments/registered-workflow/runs/primary/run_0240,True,True
run_0241,original,sipakmed,resnet18,A,submitted,18,11,60,32,0,adamw,0.0001,0.0001,221.0,run entry through output export; wall-clock UTC difference,3.10.14,2.4.1+cu121,0.19.1,12.1,NVIDIA GeForce RTX 3060,research-lab/experiments/registered-workflow/runs/primary/run_0241,True,True
run_0242,original,sipakmed,resnet18,B,submitted,60,60,60,32,0,adamw,0.0001,0.0001,736.0,run entry through output export; wall-clock UTC difference,3.10.14,2.4.1+cu121,0.19.1,12.1,NVIDIA GeForce RTX 3060,research-lab/experiments/registered-workflow/runs/primary/run_0242,True,True
run_0243,original,sipakmed,resnet50,A,submitted,13,6,60,32,0,adamw,0.0001,0.0001,230.0,run entry through output export; wall-clock UTC difference,3.10.14,2.4.1+cu121,0.19.1,12.1,NVIDIA GeForce RTX 3060,research-lab/experiments/registered-workflow/runs/primary/run_0243,True,True
run_0244,original,sipakmed,resnet50,B,submitted,60,60,60,32,0,adamw,0.0001,0.0001,1055.0,run entry through output export; wall-clock UTC difference,3.10.14,2.4.1+cu121,0.19.1,12.1,NVIDIA GeForce RTX 3060,research-lab/experiments/registered-workflow/runs/primary/run_0244,True,True
run_0245,original,sipakmed,densenet121,A,submitted,17,10,60,32,0,adamw,0.0001,0.0001,300.0,run entry through output export; wall-clock UTC difference,3.10.14,2.4.1+cu121,0.19.1,12.1,NVIDIA GeForce RTX 3060,research-lab/experiments/registered-workflow/runs/primary/run_0245,True,True
run_0246,original,sipakmed,densenet121,B,submitted,60,60,60,32,0,adamw,0.0001,0.0001,1042.0,run entry through output export; wall-clock UTC difference,3.10.14,2.4.1+cu121,0.19.1,12.1,NVIDIA GeForce RTX 3060,research-lab/experiments/registered-workflow/runs/primary/run_0246,True,True
run_0247,original,sipakmed,efficientnet_b0,A,submitted,52,45,60,32,0,adamw,0.0001,0.0001,658.0,run entry through output export; wall-clock UTC difference,3.10.14,2.4.1+cu121,0.19.1,12.1,NVIDIA GeForce RTX 3060,research-lab/experiments/registered-workflow/runs/primary/run_0247,True,True
run_0248,original,sipakmed,efficientnet_b0,B,submitted,60,60,60,32,0,adamw,0.0001,0.0001,760.0,run entry through output export; wall-clock UTC difference,3.10.14,2.4.1+cu121,0.19.1,12.1,NVIDIA GeForce RTX 3060,research-lab/experiments/registered-workflow/runs/primary/run_0248,True,True
run_0249,original,sipakmed,resnet18,A,submitted,15,8,60,32,0,adamw,0.0001,0.0001,188.0,run entry through output export; wall-clock UTC difference,3.10.14,2.4.1+cu121,0.19.1,12.1,NVIDIA GeForce RTX 3060,research-lab/experiments/registered-workflow/runs/primary/run_0249,True,True
run_0250,original,sipakmed,resnet18,B,submitted,60,60,60,32,0,adamw,0.0001,0.0001,745.0,run entry through output export; wall-clock UTC difference,3.10.14,2.4.1+cu121,0.19.1,12.1,NVIDIA GeForce RTX 3060,research-lab/experiments/registered-workflow/runs/primary/run_0250,True,True
run_0251,original,sipakmed,resnet50,A,submitted,19,12,60,32,0,adamw,0.0001,0.0001,334.0,run entry through output export; wall-clock UTC difference,3.10.14,2.4.1+cu121,0.19.1,12.1,NVIDIA GeForce RTX 3060,research-lab/experiments/registered-workflow/runs/primary/run_0251,True,True
run_0252,original,sipakmed,resnet50,B,submitted,60,60,60,32,0,adamw,0.0001,0.0001,1049.0,run entry through output export; wall-clock UTC difference,3.10.14,2.4.1+cu121,0.19.1,12.1,NVIDIA GeForce RTX 3060,research-lab/experiments/registered-workflow/runs/primary/run_0252,True,True
run_0253,original,sipakmed,densenet121,A,submitted,17,10,60,32,0,adamw,0.0001,0.0001,298.0,run entry through output export; wall-clock UTC difference,3.10.14,2.4.1+cu121,0.19.1,12.1,NVIDIA GeForce RTX 3060,research-lab/experiments/registered-workflow/runs/primary/run_0253,True,True
run_0254,original,sipakmed,densenet121,B,submitted,60,60,60,32,0,adamw,0.0001,0.0001,1049.0,run entry through output export; wall-clock UTC difference,3.10.14,2.4.1+cu121,0.19.1,12.1,NVIDIA GeForce RTX 3060,research-lab/experiments/registered-workflow/runs/primary/run_0254,True,True
run_0255,original,sipakmed,efficientnet_b0,A,submitted,60,57,60,32,0,adamw,0.0001,0.0001,758.0,run entry through output export; wall-clock UTC difference,3.10.14,2.4.1+cu121,0.19.1,12.1,NVIDIA GeForce RTX 3060,research-lab/experiments/registered-workflow/runs/primary/run_0255,True,True
run_0256,original,sipakmed,efficientnet_b0,B,submitted,60,60,60,32,0,adamw,0.0001,0.0001,745.0,run entry through output export; wall-clock UTC difference,3.10.14,2.4.1+cu121,0.19.1,12.1,NVIDIA GeForce RTX 3060,research-lab/experiments/registered-workflow/runs/primary/run_0256,True,True
run_0257,original,sipakmed,resnet18,A,submitted,13,6,60,32,0,adamw,0.0001,0.0001,162.0,run entry through output export; wall-clock UTC difference,3.10.14,2.4.1+cu121,0.19.1,12.1,NVIDIA GeForce RTX 3060,research-lab/experiments/registered-workflow/runs/primary/run_0257,True,True
run_0258,original,sipakmed,resnet18,B,submitted,60,60,60,32,0,adamw,0.0001,0.0001,742.0,run entry through output export; wall-clock UTC difference,3.10.14,2.4.1+cu121,0.19.1,12.1,NVIDIA GeForce RTX 3060,research-lab/experiments/registered-workflow/runs/primary/run_0258,True,True
run_0259,original,sipakmed,resnet50,A,submitted,17,10,60,32,0,adamw,0.0001,0.0001,301.0,run entry through output export; wall-clock UTC difference,3.10.14,2.4.1+cu121,0.19.1,12.1,NVIDIA GeForce RTX 3060,research-lab/experiments/registered-workflow/runs/primary/run_0259,True,True
run_0260,original,sipakmed,resnet50,B,submitted,60,60,60,32,0,adamw,0.0001,0.0001,1054.0,run entry through output export; wall-clock UTC difference,3.10.14,2.4.1+cu121,0.19.1,12.1,NVIDIA GeForce RTX 3060,research-lab/experiments/registered-workflow/runs/primary/run_0260,True,True
run_0261,original,sipakmed,densenet121,A,submitted,28,21,60,32,0,adamw,0.0001,0.0001,486.0,run entry through output export; wall-clock UTC difference,3.10.14,2.4.1+cu121,0.19.1,12.1,NVIDIA GeForce RTX 3060,research-lab/experiments/registered-workflow/runs/primary/run_0261,True,True
run_0262,original,sipakmed,densenet121,B,submitted,60,60,60,32,0,adamw,0.0001,0.0001,1047.0,run entry through output export; wall-clock UTC difference,3.10.14,2.4.1+cu121,0.19.1,12.1,NVIDIA GeForce RTX 3060,research-lab/experiments/registered-workflow/runs/primary/run_0262,True,True
run_0263,original,sipakmed,efficientnet_b0,A,submitted,50,43,60,32,0,adamw,0.0001,0.0001,632.0,run entry through output export; wall-clock UTC difference,3.10.14,2.4.1+cu121,0.19.1,12.1,NVIDIA GeForce RTX 3060,research-lab/experiments/registered-workflow/runs/primary/run_0263,True,True
run_0264,original,sipakmed,efficientnet_b0,B,submitted,60,60,60,32,0,adamw,0.0001,0.0001,757.0,run entry through output export; wall-clock UTC difference,3.10.14,2.4.1+cu121,0.19.1,12.1,NVIDIA GeForce RTX 3060,research-lab/experiments/registered-workflow/runs/primary/run_0264,True,True
run_0265,original,sipakmed,resnet18,A,submitted,25,18,60,32,0,adamw,0.0001,0.0001,313.0,run entry through output export; wall-clock UTC difference,3.10.14,2.4.1+cu121,0.19.1,12.1,NVIDIA GeForce RTX 3060,research-lab/experiments/registered-workflow/runs/primary/run_0265,True,True
run_0266,original,sipakmed,resnet18,B,submitted,60,60,60,32,0,adamw,0.0001,0.0001,736.0,run entry through output export; wall-clock UTC difference,3.10.14,2.4.1+cu121,0.19.1,12.1,NVIDIA GeForce RTX 3060,research-lab/experiments/registered-workflow/runs/primary/run_0266,True,True
run_0267,original,sipakmed,resnet50,A,submitted,21,14,60,32,0,adamw,0.0001,0.0001,372.0,run entry through output export; wall-clock UTC difference,3.10.14,2.4.1+cu121,0.19.1,12.1,NVIDIA GeForce RTX 3060,research-lab/experiments/registered-workflow/runs/primary/run_0267,True,True
run_0268,original,sipakmed,resnet50,B,submitted,60,60,60,32,0,adamw,0.0001,0.0001,1055.0,run entry through output export; wall-clock UTC difference,3.10.14,2.4.1+cu121,0.19.1,12.1,NVIDIA GeForce RTX 3060,research-lab/experiments/registered-workflow/runs/primary/run_0268,True,True
run_0269,original,sipakmed,densenet121,A,submitted,18,11,60,32,0,adamw,0.0001,0.0001,316.0,run entry through output export; wall-clock UTC difference,3.10.14,2.4.1+cu121,0.19.1,12.1,NVIDIA GeForce RTX 3060,research-lab/experiments/registered-workflow/runs/primary/run_0269,True,True
run_0270,original,sipakmed,densenet121,B,submitted,60,60,60,32,0,adamw,0.0001,0.0001,1046.0,run entry through output export; wall-clock UTC difference,3.10.14,2.4.1+cu121,0.19.1,12.1,NVIDIA GeForce RTX 3060,research-lab/experiments/registered-workflow/runs/primary/run_0270,True,True
run_0271,original,sipakmed,efficientnet_b0,A,submitted,48,41,60,32,0,adamw,0.0001,0.0001,597.0,run entry through output export; wall-clock UTC difference,3.10.14,2.4.1+cu121,0.19.1,12.1,NVIDIA GeForce RTX 3060,research-lab/experiments/registered-workflow/runs/primary/run_0271,True,True
run_0272,original,sipakmed,efficientnet_b0,B,submitted,60,60,60,32,0,adamw,0.0001,0.0001,750.0,run entry through output export; wall-clock UTC difference,3.10.14,2.4.1+cu121,0.19.1,12.1,NVIDIA GeForce RTX 3060,research-lab/experiments/registered-workflow/runs/primary/run_0272,True,True
run_0273,original,sipakmed,resnet18,A,submitted,16,9,60,32,0,adamw,0.0001,0.0001,197.0,run entry through output export; wall-clock UTC difference,3.10.14,2.4.1+cu121,0.19.1,12.1,NVIDIA GeForce RTX 3060,research-lab/experiments/registered-workflow/runs/primary/run_0273,True,True
run_0274,original,sipakmed,resnet18,B,submitted,60,60,60,32,0,adamw,0.0001,0.0001,738.0,run entry through output export; wall-clock UTC difference,3.10.14,2.4.1+cu121,0.19.1,12.1,NVIDIA GeForce RTX 3060,research-lab/experiments/registered-workflow/runs/primary/run_0274,True,True
run_0275,original,sipakmed,resnet50,A,submitted,18,11,60,32,0,adamw,0.0001,0.0001,319.0,run entry through output export; wall-clock UTC difference,3.10.14,2.4.1+cu121,0.19.1,12.1,NVIDIA GeForce RTX 3060,research-lab/experiments/registered-workflow/runs/primary/run_0275,True,True
run_0276,original,sipakmed,resnet50,B,submitted,60,60,60,32,0,adamw,0.0001,0.0001,1050.0,run entry through output export; wall-clock UTC difference,3.10.14,2.4.1+cu121,0.19.1,12.1,NVIDIA GeForce RTX 3060,research-lab/experiments/registered-workflow/runs/primary/run_0276,True,True
run_0277,original,sipakmed,densenet121,A,submitted,19,12,60,32,0,adamw,0.0001,0.0001,335.0,run entry through output export; wall-clock UTC difference,3.10.14,2.4.1+cu121,0.19.1,12.1,NVIDIA GeForce RTX 3060,research-lab/experiments/registered-workflow/runs/primary/run_0277,True,True
run_0278,original,sipakmed,densenet121,B,submitted,60,60,60,32,0,adamw,0.0001,0.0001,1044.0,run entry through output export; wall-clock UTC difference,3.10.14,2.4.1+cu121,0.19.1,12.1,NVIDIA GeForce RTX 3060,research-lab/experiments/registered-workflow/runs/primary/run_0278,True,True
run_0279,original,sipakmed,efficientnet_b0,A,submitted,41,34,60,32,0,adamw,0.0001,0.0001,520.0,run entry through output export; wall-clock UTC difference,3.10.14,2.4.1+cu121,0.19.1,12.1,NVIDIA GeForce RTX 3060,research-lab/experiments/registered-workflow/runs/primary/run_0279,True,True
run_0280,original,sipakmed,efficientnet_b0,B,submitted,60,60,60,32,0,adamw,0.0001,0.0001,755.0,run entry through output export; wall-clock UTC difference,3.10.14,2.4.1+cu121,0.19.1,12.1,NVIDIA GeForce RTX 3060,research-lab/experiments/registered-workflow/runs/primary/run_0280,True,True
run_0281,original,sipakmed,resnet18,A,submitted,13,6,60,32,0,adamw,0.0001,0.0001,159.0,run entry through output export; wall-clock UTC difference,3.10.14,2.4.1+cu121,0.19.1,12.1,NVIDIA GeForce RTX 3060,research-lab/experiments/registered-workflow/runs/primary/run_0281,True,True
run_0282,original,sipakmed,resnet18,B,submitted,60,60,60,32,0,adamw,0.0001,0.0001,743.0,run entry through output export; wall-clock UTC difference,3.10.14,2.4.1+cu121,0.19.1,12.1,NVIDIA GeForce RTX 3060,research-lab/experiments/registered-workflow/runs/primary/run_0282,True,True
run_0283,original,sipakmed,resnet50,A,submitted,13,6,60,32,0,adamw,0.0001,0.0001,207.0,run entry through output export; wall-clock UTC difference,3.10.14,2.4.1+cu121,0.19.1,12.1,NVIDIA GeForce RTX 3060,research-lab/experiments/registered-workflow/runs/primary/run_0283,True,True
run_0284,original,sipakmed,resnet50,B,submitted,60,60,60,32,0,adamw,0.0001,0.0001,937.0,run entry through output export; wall-clock UTC difference,3.10.14,2.4.1+cu121,0.19.1,12.1,NVIDIA GeForce RTX 3060,research-lab/experiments/registered-workflow/runs/primary/run_0284,True,True
run_0285,original,sipakmed,densenet121,A,submitted,17,10,60,32,0,adamw,0.0001,0.0001,293.0,run entry through output export; wall-clock UTC difference,3.10.14,2.4.1+cu121,0.19.1,12.1,NVIDIA GeForce RTX 3060,research-lab/experiments/registered-workflow/runs/primary/run_0285,True,True
run_0286,original,sipakmed,densenet121,B,submitted,60,60,60,32,0,adamw,0.0001,0.0001,1036.0,run entry through output export; wall-clock UTC difference,3.10.14,2.4.1+cu121,0.19.1,12.1,NVIDIA GeForce RTX 3060,research-lab/experiments/registered-workflow/runs/primary/run_0286,True,True
run_0287,original,sipakmed,efficientnet_b0,A,submitted,60,57,60,32,0,adamw,0.0001,0.0001,753.0,run entry through output export; wall-clock UTC difference,3.10.14,2.4.1+cu121,0.19.1,12.1,NVIDIA GeForce RTX 3060,research-lab/experiments/registered-workflow/runs/primary/run_0287,True,True
run_0288,original,sipakmed,efficientnet_b0,B,submitted,60,60,60,32,0,adamw,0.0001,0.0001,757.0,run entry through output export; wall-clock UTC difference,3.10.14,2.4.1+cu121,0.19.1,12.1,NVIDIA GeForce RTX 3060,research-lab/experiments/registered-workflow/runs/primary/run_0288,True,True
run_0289,original,sipakmed,resnet18,A,submitted,24,17,60,32,0,adamw,0.0001,0.0001,297.0,run entry through output export; wall-clock UTC difference,3.10.14,2.4.1+cu121,0.19.1,12.1,NVIDIA GeForce RTX 3060,research-lab/experiments/registered-workflow/runs/primary/run_0289,True,True
run_0290,original,sipakmed,resnet18,B,submitted,60,60,60,32,0,adamw,0.0001,0.0001,743.0,run entry through output export; wall-clock UTC difference,3.10.14,2.4.1+cu121,0.19.1,12.1,NVIDIA GeForce RTX 3060,research-lab/experiments/registered-workflow/runs/primary/run_0290,True,True
run_0291,original,sipakmed,resnet50,A,submitted,10,3,60,32,0,adamw,0.0001,0.0001,174.0,run entry through output export; wall-clock UTC difference,3.10.14,2.4.1+cu121,0.19.1,12.1,NVIDIA GeForce RTX 3060,research-lab/experiments/registered-workflow/runs/primary/run_0291,True,True
run_0292,original,sipakmed,resnet50,B,submitted,60,60,60,32,0,adamw,0.0001,0.0001,963.0,run entry through output export; wall-clock UTC difference,3.10.14,2.4.1+cu121,0.19.1,12.1,NVIDIA GeForce RTX 3060,research-lab/experiments/registered-workflow/runs/primary/run_0292,True,True
run_0293,original,sipakmed,densenet121,A,submitted,32,25,60,32,0,adamw,0.0001,0.0001,502.0,run entry through output export; wall-clock UTC difference,3.10.14,2.4.1+cu121,0.19.1,12.1,NVIDIA GeForce RTX 3060,research-lab/experiments/registered-workflow/runs/primary/run_0293,True,True
run_0294,original,sipakmed,densenet121,B,submitted,60,60,60,32,0,adamw,0.0001,0.0001,943.0,run entry through output export; wall-clock UTC difference,3.10.14,2.4.1+cu121,0.19.1,12.1,NVIDIA GeForce RTX 3060,research-lab/experiments/registered-workflow/runs/primary/run_0294,True,True
run_0295,original,sipakmed,efficientnet_b0,A,submitted,54,47,60,32,0,adamw,0.0001,0.0001,632.0,run entry through output export; wall-clock UTC difference,3.10.14,2.4.1+cu121,0.19.1,12.1,NVIDIA GeForce RTX 3060,research-lab/experiments/registered-workflow/runs/primary/run_0295,True,True
run_0296,original,sipakmed,efficientnet_b0,B,submitted,60,60,60,32,0,adamw,0.0001,0.0001,722.0,run entry through output export; wall-clock UTC difference,3.10.14,2.4.1+cu121,0.19.1,12.1,NVIDIA GeForce RTX 3060,research-lab/experiments/registered-workflow/runs/primary/run_0296,True,True
run_0297,original,sipakmed,resnet18,A,submitted,17,10,60,32,0,adamw,0.0001,0.0001,210.0,run entry through output export; wall-clock UTC difference,3.10.14,2.4.1+cu121,0.19.1,12.1,NVIDIA GeForce RTX 3060,research-lab/experiments/registered-workflow/runs/primary/run_0297,True,True
run_0298,original,sipakmed,resnet18,B,submitted,60,60,60,32,0,adamw,0.0001,0.0001,745.0,run entry through output export; wall-clock UTC difference,3.10.14,2.4.1+cu121,0.19.1,12.1,NVIDIA GeForce RTX 3060,research-lab/experiments/registered-workflow/runs/primary/run_0298,True,True
run_0299,original,sipakmed,resnet50,A,submitted,19,12,60,32,0,adamw,0.0001,0.0001,337.0,run entry through output export; wall-clock UTC difference,3.10.14,2.4.1+cu121,0.19.1,12.1,NVIDIA GeForce RTX 3060,research-lab/experiments/registered-workflow/runs/primary/run_0299,True,True
run_0300,original,sipakmed,resnet50,B,submitted,60,60,60,32,0,adamw,0.0001,0.0001,1053.0,run entry through output export; wall-clock UTC difference,3.10.14,2.4.1+cu121,0.19.1,12.1,NVIDIA GeForce RTX 3060,research-lab/experiments/registered-workflow/runs/primary/run_0300,True,True
run_0301,original,sipakmed,densenet121,A,submitted,30,23,60,32,0,adamw,0.0001,0.0001,521.0,run entry through output export; wall-clock UTC difference,3.10.14,2.4.1+cu121,0.19.1,12.1,NVIDIA GeForce RTX 3060,research-lab/experiments/registered-workflow/runs/primary/run_0301,True,True
run_0302,original,sipakmed,densenet121,B,submitted,60,60,60,32,0,adamw,0.0001,0.0001,1051.0,run entry through output export; wall-clock UTC difference,3.10.14,2.4.1+cu121,0.19.1,12.1,NVIDIA GeForce RTX 3060,research-lab/experiments/registered-workflow/runs/primary/run_0302,True,True
run_0303,original,sipakmed,efficientnet_b0,A,submitted,60,55,60,32,0,adamw,0.0001,0.0001,760.0,run entry through output export; wall-clock UTC difference,3.10.14,2.4.1+cu121,0.19.1,12.1,NVIDIA GeForce RTX 3060,research-lab/experiments/registered-workflow/runs/primary/run_0303,True,True
run_0304,original,sipakmed,efficientnet_b0,B,submitted,60,60,60,32,0,adamw,0.0001,0.0001,751.0,run entry through output export; wall-clock UTC difference,3.10.14,2.4.1+cu121,0.19.1,12.1,NVIDIA GeForce RTX 3060,research-lab/experiments/registered-workflow/runs/primary/run_0304,True,True
run_0305,original,sipakmed,resnet18,A,submitted,13,6,60,32,0,adamw,0.0001,0.0001,153.0,run entry through output export; wall-clock UTC difference,3.10.14,2.4.1+cu121,0.19.1,12.1,NVIDIA GeForce RTX 3060,research-lab/experiments/registered-workflow/runs/primary/run_0305,True,True
run_0306,original,sipakmed,resnet18,B,submitted,60,60,60,32,0,adamw,0.0001,0.0001,700.0,run entry through output export; wall-clock UTC difference,3.10.14,2.4.1+cu121,0.19.1,12.1,NVIDIA GeForce RTX 3060,research-lab/experiments/registered-workflow/runs/primary/run_0306,True,True
run_0307,original,sipakmed,resnet50,A,submitted,17,10,60,32,0,adamw,0.0001,0.0001,296.0,run entry through output export; wall-clock UTC difference,3.10.14,2.4.1+cu121,0.19.1,12.1,NVIDIA GeForce RTX 3060,research-lab/experiments/registered-workflow/runs/primary/run_0307,True,True
run_0308,original,sipakmed,resnet50,B,submitted,60,60,60,32,0,adamw,0.0001,0.0001,1049.0,run entry through output export; wall-clock UTC difference,3.10.14,2.4.1+cu121,0.19.1,12.1,NVIDIA GeForce RTX 3060,research-lab/experiments/registered-workflow/runs/primary/run_0308,True,True
run_0309,original,sipakmed,densenet121,A,submitted,25,18,60,32,0,adamw,0.0001,0.0001,439.0,run entry through output export; wall-clock UTC difference,3.10.14,2.4.1+cu121,0.19.1,12.1,NVIDIA GeForce RTX 3060,research-lab/experiments/registered-workflow/runs/primary/run_0309,True,True
run_0310,original,sipakmed,densenet121,B,submitted,60,60,60,32,0,adamw,0.0001,0.0001,977.0,run entry through output export; wall-clock UTC difference,3.10.14,2.4.1+cu121,0.19.1,12.1,NVIDIA GeForce RTX 3060,research-lab/experiments/registered-workflow/runs/primary/run_0310,True,True
run_0311,original,sipakmed,efficientnet_b0,A,submitted,53,46,60,32,0,adamw,0.0001,0.0001,629.0,run entry through output export; wall-clock UTC difference,3.10.14,2.4.1+cu121,0.19.1,12.1,NVIDIA GeForce RTX 3060,research-lab/experiments/registered-workflow/runs/primary/run_0311,True,True
run_0312,original,sipakmed,efficientnet_b0,B,submitted,60,60,60,32,0,adamw,0.0001,0.0001,763.0,run entry through output export; wall-clock UTC difference,3.10.14,2.4.1+cu121,0.19.1,12.1,NVIDIA GeForce RTX 3060,research-lab/experiments/registered-workflow/runs/primary/run_0312,True,True
run_0313,original,sipakmed,resnet18,A,submitted,19,12,60,32,0,adamw,0.0001,0.0001,242.0,run entry through output export; wall-clock UTC difference,3.10.14,2.4.1+cu121,0.19.1,12.1,NVIDIA GeForce RTX 3060,research-lab/experiments/registered-workflow/runs/primary/run_0313,True,True
run_0314,original,sipakmed,resnet18,B,submitted,60,60,60,32,0,adamw,0.0001,0.0001,761.0,run entry through output export; wall-clock UTC difference,3.10.14,2.4.1+cu121,0.19.1,12.1,NVIDIA GeForce RTX 3060,research-lab/experiments/registered-workflow/runs/primary/run_0314,True,True
run_0315,original,sipakmed,resnet50,A,submitted,15,8,60,32,0,adamw,0.0001,0.0001,274.0,run entry through output export; wall-clock UTC difference,3.10.14,2.4.1+cu121,0.19.1,12.1,NVIDIA GeForce RTX 3060,research-lab/experiments/registered-workflow/runs/primary/run_0315,True,True
run_0316,original,sipakmed,resnet50,B,submitted,60,60,60,32,0,adamw,0.0001,0.0001,1072.0,run entry through output export; wall-clock UTC difference,3.10.14,2.4.1+cu121,0.19.1,12.1,NVIDIA GeForce RTX 3060,research-lab/experiments/registered-workflow/runs/primary/run_0316,True,True
run_0317,original,sipakmed,densenet121,A,submitted,36,29,60,32,0,adamw,0.0001,0.0001,646.0,run entry through output export; wall-clock UTC difference,3.10.14,2.4.1+cu121,0.19.1,12.1,NVIDIA GeForce RTX 3060,research-lab/experiments/registered-workflow/runs/primary/run_0317,True,True
run_0318,original,sipakmed,densenet121,B,submitted,60,60,60,32,0,adamw,0.0001,0.0001,1075.0,run entry through output export; wall-clock UTC difference,3.10.14,2.4.1+cu121,0.19.1,12.1,NVIDIA GeForce RTX 3060,research-lab/experiments/registered-workflow/runs/primary/run_0318,True,True
run_0319,original,sipakmed,efficientnet_b0,A,submitted,60,60,60,32,0,adamw,0.0001,0.0001,774.0,run entry through output export; wall-clock UTC difference,3.10.14,2.4.1+cu121,0.19.1,12.1,NVIDIA GeForce RTX 3060,research-lab/experiments/registered-workflow/runs/primary/run_0319,True,True
run_0320,original,sipakmed,efficientnet_b0,B,submitted,60,60,60,32,0,adamw,0.0001,0.0001,711.0,run entry through output export; wall-clock UTC difference,3.10.14,2.4.1+cu121,0.19.1,12.1,NVIDIA GeForce RTX 3060,research-lab/experiments/registered-workflow/runs/primary/run_0320,True,True
run_0321,original,sipakmed,resnet18,A,submitted,14,7,60,32,0,adamw,0.0001,0.0001,166.0,run entry through output export; wall-clock UTC difference,3.10.14,2.4.1+cu121,0.19.1,12.1,NVIDIA GeForce RTX 3060,research-lab/experiments/registered-workflow/runs/primary/run_0321,True,True
run_0322,original,sipakmed,resnet18,B,submitted,60,60,60,32,0,adamw,0.0001,0.0001,729.0,run entry through output export; wall-clock UTC difference,3.10.14,2.4.1+cu121,0.19.1,12.1,NVIDIA GeForce RTX 3060,research-lab/experiments/registered-workflow/runs/primary/run_0322,True,True
run_0323,original,sipakmed,resnet50,A,submitted,10,3,60,32,0,adamw,0.0001,0.0001,177.0,run entry through output export; wall-clock UTC difference,3.10.14,2.4.1+cu121,0.19.1,12.1,NVIDIA GeForce RTX 3060,research-lab/experiments/registered-workflow/runs/primary/run_0323,True,True
run_0324,original,sipakmed,resnet50,B,submitted,60,60,60,32,0,adamw,0.0001,0.0001,1053.0,run entry through output export; wall-clock UTC difference,3.10.14,2.4.1+cu121,0.19.1,12.1,NVIDIA GeForce RTX 3060,research-lab/experiments/registered-workflow/runs/primary/run_0324,True,True
run_0325,original,sipakmed,densenet121,A,submitted,35,28,60,32,0,adamw,0.0001,0.0001,616.0,run entry through output export; wall-clock UTC difference,3.10.14,2.4.1+cu121,0.19.1,12.1,NVIDIA GeForce RTX 3060,research-lab/experiments/registered-workflow/runs/primary/run_0325,True,True
run_0326,original,sipakmed,densenet121,B,submitted,60,60,60,32,0,adamw,0.0001,0.0001,1040.0,run entry through output export; wall-clock UTC difference,3.10.14,2.4.1+cu121,0.19.1,12.1,NVIDIA GeForce RTX 3060,research-lab/experiments/registered-workflow/runs/primary/run_0326,True,True
run_0327,original,sipakmed,efficientnet_b0,A,submitted,60,58,60,32,0,adamw,0.0001,0.0001,761.0,run entry through output export; wall-clock UTC difference,3.10.14,2.4.1+cu121,0.19.1,12.1,NVIDIA GeForce RTX 3060,research-lab/experiments/registered-workflow/runs/primary/run_0327,True,True
run_0328,original,sipakmed,efficientnet_b0,B,submitted,60,60,60,32,0,adamw,0.0001,0.0001,758.0,run entry through output export; wall-clock UTC difference,3.10.14,2.4.1+cu121,0.19.1,12.1,NVIDIA GeForce RTX 3060,research-lab/experiments/registered-workflow/runs/primary/run_0328,True,True
run_0329,original,sipakmed,resnet18,A,submitted,27,20,60,32,0,adamw,0.0001,0.0001,340.0,run entry through output export; wall-clock UTC difference,3.10.14,2.4.1+cu121,0.19.1,12.1,NVIDIA GeForce RTX 3060,research-lab/experiments/registered-workflow/runs/primary/run_0329,True,True
run_0330,original,sipakmed,resnet18,B,submitted,60,60,60,32,0,adamw,0.0001,0.0001,744.0,run entry through output export; wall-clock UTC difference,3.10.14,2.4.1+cu121,0.19.1,12.1,NVIDIA GeForce RTX 3060,research-lab/experiments/registered-workflow/runs/primary/run_0330,True,True
run_0331,original,sipakmed,resnet50,A,submitted,14,7,60,32,0,adamw,0.0001,0.0001,245.0,run entry through output export; wall-clock UTC difference,3.10.14,2.4.1+cu121,0.19.1,12.1,NVIDIA GeForce RTX 3060,research-lab/experiments/registered-workflow/runs/primary/run_0331,True,True
run_0332,original,sipakmed,resnet50,B,submitted,60,60,60,32,0,adamw,0.0001,0.0001,1054.0,run entry through output export; wall-clock UTC difference,3.10.14,2.4.1+cu121,0.19.1,12.1,NVIDIA GeForce RTX 3060,research-lab/experiments/registered-workflow/runs/primary/run_0332,True,True
run_0333,original,sipakmed,densenet121,A,submitted,26,19,60,32,0,adamw,0.0001,0.0001,457.0,run entry through output export; wall-clock UTC difference,3.10.14,2.4.1+cu121,0.19.1,12.1,NVIDIA GeForce RTX 3060,research-lab/experiments/registered-workflow/runs/primary/run_0333,True,True
run_0334,original,sipakmed,densenet121,B,submitted,60,60,60,32,0,adamw,0.0001,0.0001,1050.0,run entry through output export; wall-clock UTC difference,3.10.14,2.4.1+cu121,0.19.1,12.1,NVIDIA GeForce RTX 3060,research-lab/experiments/registered-workflow/runs/primary/run_0334,True,True
run_0335,original,sipakmed,efficientnet_b0,A,submitted,37,30,60,32,0,adamw,0.0001,0.0001,471.0,run entry through output export; wall-clock UTC difference,3.10.14,2.4.1+cu121,0.19.1,12.1,NVIDIA GeForce RTX 3060,research-lab/experiments/registered-workflow/runs/primary/run_0335,True,True
run_0336,original,sipakmed,efficientnet_b0,B,submitted,60,60,60,32,0,adamw,0.0001,0.0001,748.0,run entry through output export; wall-clock UTC difference,3.10.14,2.4.1+cu121,0.19.1,12.1,NVIDIA GeForce RTX 3060,research-lab/experiments/registered-workflow/runs/primary/run_0336,True,True
run_0337,original,sipakmed,resnet18,A,submitted,16,9,60,32,0,adamw,0.0001,0.0001,190.0,run entry through output export; wall-clock UTC difference,3.10.14,2.4.1+cu121,0.19.1,12.1,NVIDIA GeForce RTX 3060,research-lab/experiments/registered-workflow/runs/primary/run_0337,True,True
run_0338,original,sipakmed,resnet18,B,submitted,60,60,60,32,0,adamw,0.0001,0.0001,700.0,run entry through output export; wall-clock UTC difference,3.10.14,2.4.1+cu121,0.19.1,12.1,NVIDIA GeForce RTX 3060,research-lab/experiments/registered-workflow/runs/primary/run_0338,True,True
run_0339,original,sipakmed,resnet50,A,submitted,20,13,60,32,0,adamw,0.0001,0.0001,314.0,run entry through output export; wall-clock UTC difference,3.10.14,2.4.1+cu121,0.19.1,12.1,NVIDIA GeForce RTX 3060,research-lab/experiments/registered-workflow/runs/primary/run_0339,True,True
run_0340,original,sipakmed,resnet50,B,submitted,60,60,60,32,0,adamw,0.0001,0.0001,1051.0,run entry through output export; wall-clock UTC difference,3.10.14,2.4.1+cu121,0.19.1,12.1,NVIDIA GeForce RTX 3060,research-lab/experiments/registered-workflow/runs/primary/run_0340,True,True
run_0341,original,sipakmed,densenet121,A,submitted,25,18,60,32,0,adamw,0.0001,0.0001,434.0,run entry through output export; wall-clock UTC difference,3.10.14,2.4.1+cu121,0.19.1,12.1,NVIDIA GeForce RTX 3060,research-lab/experiments/registered-workflow/runs/primary/run_0341,True,True
run_0342,original,sipakmed,densenet121,B,submitted,60,60,60,32,0,adamw,0.0001,0.0001,1044.0,run entry through output export; wall-clock UTC difference,3.10.14,2.4.1+cu121,0.19.1,12.1,NVIDIA GeForce RTX 3060,research-lab/experiments/registered-workflow/runs/primary/run_0342,True,True
run_0343,original,sipakmed,efficientnet_b0,A,submitted,60,60,60,32,0,adamw,0.0001,0.0001,755.0,run entry through output export; wall-clock UTC difference,3.10.14,2.4.1+cu121,0.19.1,12.1,NVIDIA GeForce RTX 3060,research-lab/experiments/registered-workflow/runs/primary/run_0343,True,True
run_0344,original,sipakmed,efficientnet_b0,B,submitted,60,60,60,32,0,adamw,0.0001,0.0001,752.0,run entry through output export; wall-clock UTC difference,3.10.14,2.4.1+cu121,0.19.1,12.1,NVIDIA GeForce RTX 3060,research-lab/experiments/registered-workflow/runs/primary/run_0344,True,True
run_0345,original,sipakmed,resnet18,A,submitted,26,19,60,32,0,adamw,0.0001,0.0001,310.0,run entry through output export; wall-clock UTC difference,3.10.14,2.4.1+cu121,0.19.1,12.1,NVIDIA GeForce RTX 3060,research-lab/experiments/registered-workflow/runs/primary/run_0345,True,True
run_0346,original,sipakmed,resnet18,B,submitted,60,60,60,32,0,adamw,0.0001,0.0001,710.0,run entry through output export; wall-clock UTC difference,3.10.14,2.4.1+cu121,0.19.1,12.1,NVIDIA GeForce RTX 3060,research-lab/experiments/registered-workflow/runs/primary/run_0346,True,True
run_0347,original,sipakmed,resnet50,A,submitted,16,9,60,32,0,adamw,0.0001,0.0001,282.0,run entry through output export; wall-clock UTC difference,3.10.14,2.4.1+cu121,0.19.1,12.1,NVIDIA GeForce RTX 3060,research-lab/experiments/registered-workflow/runs/primary/run_0347,True,True
run_0348,original,sipakmed,resnet50,B,submitted,60,60,60,32,0,adamw,0.0001,0.0001,1053.0,run entry through output export; wall-clock UTC difference,3.10.14,2.4.1+cu121,0.19.1,12.1,NVIDIA GeForce RTX 3060,research-lab/experiments/registered-workflow/runs/primary/run_0348,True,True
run_0349,original,sipakmed,densenet121,A,submitted,17,10,60,32,0,adamw,0.0001,0.0001,300.0,run entry through output export; wall-clock UTC difference,3.10.14,2.4.1+cu121,0.19.1,12.1,NVIDIA GeForce RTX 3060,research-lab/experiments/registered-workflow/runs/primary/run_0349,True,True
run_0350,original,sipakmed,densenet121,B,submitted,60,60,60,32,0,adamw,0.0001,0.0001,1048.0,run entry through output export; wall-clock UTC difference,3.10.14,2.4.1+cu121,0.19.1,12.1,NVIDIA GeForce RTX 3060,research-lab/experiments/registered-workflow/runs/primary/run_0350,True,True
run_0351,original,sipakmed,efficientnet_b0,A,submitted,50,43,60,32,0,adamw,0.0001,0.0001,624.0,run entry through output export; wall-clock UTC difference,3.10.14,2.4.1+cu121,0.19.1,12.1,NVIDIA GeForce RTX 3060,research-lab/experiments/registered-workflow/runs/primary/run_0351,True,True
run_0352,original,sipakmed,efficientnet_b0,B,submitted,60,60,60,32,0,adamw,0.0001,0.0001,755.0,run entry through output export; wall-clock UTC difference,3.10.14,2.4.1+cu121,0.19.1,12.1,NVIDIA GeForce RTX 3060,research-lab/experiments/registered-workflow/runs/primary/run_0352,True,True
run_0353,original,sipakmed,resnet18,A,submitted,19,12,60,32,0,adamw,0.0001,0.0001,236.0,run entry through output export; wall-clock UTC difference,3.10.14,2.4.1+cu121,0.19.1,12.1,NVIDIA GeForce RTX 3060,research-lab/experiments/registered-workflow/runs/primary/run_0353,True,True
run_0354,original,sipakmed,resnet18,B,submitted,60,60,60,32,0,adamw,0.0001,0.0001,742.0,run entry through output export; wall-clock UTC difference,3.10.14,2.4.1+cu121,0.19.1,12.1,NVIDIA GeForce RTX 3060,research-lab/experiments/registered-workflow/runs/primary/run_0354,True,True
run_0355,original,sipakmed,resnet50,A,submitted,12,5,60,32,0,adamw,0.0001,0.0001,214.0,run entry through output export; wall-clock UTC difference,3.10.14,2.4.1+cu121,0.19.1,12.1,NVIDIA GeForce RTX 3060,research-lab/experiments/registered-workflow/runs/primary/run_0355,True,True
run_0356,original,sipakmed,resnet50,B,submitted,60,60,60,32,0,adamw,0.0001,0.0001,1045.0,run entry through output export; wall-clock UTC difference,3.10.14,2.4.1+cu121,0.19.1,12.1,NVIDIA GeForce RTX 3060,research-lab/experiments/registered-workflow/runs/primary/run_0356,True,True
run_0357,original,sipakmed,densenet121,A,submitted,26,19,60,32,0,adamw,0.0001,0.0001,406.0,run entry through output export; wall-clock UTC difference,3.10.14,2.4.1+cu121,0.19.1,12.1,NVIDIA GeForce RTX 3060,research-lab/experiments/registered-workflow/runs/primary/run_0357,True,True
run_0358,original,sipakmed,densenet121,B,submitted,60,60,60,32,0,adamw,0.0001,0.0001,943.0,run entry through output export; wall-clock UTC difference,3.10.14,2.4.1+cu121,0.19.1,12.1,NVIDIA GeForce RTX 3060,research-lab/experiments/registered-workflow/runs/primary/run_0358,True,True
run_0359,original,sipakmed,efficientnet_b0,A,submitted,60,58,60,32,0,adamw,0.0001,0.0001,754.0,run entry through output export; wall-clock UTC difference,3.10.14,2.4.1+cu121,0.19.1,12.1,NVIDIA GeForce RTX 3060,research-lab/experiments/registered-workflow/runs/primary/run_0359,True,True
run_0360,original,sipakmed,efficientnet_b0,B,submitted,60,60,60,32,0,adamw,0.0001,0.0001,758.0,run entry through output export; wall-clock UTC difference,3.10.14,2.4.1+cu121,0.19.1,12.1,NVIDIA GeForce RTX 3060,research-lab/experiments/registered-workflow/runs/primary/run_0360,True,True
run_0361,original,sipakmed,resnet18,A,submitted,15,8,60,32,0,adamw,0.0001,0.0001,187.0,run entry through output export; wall-clock UTC difference,3.10.14,2.4.1+cu121,0.19.1,12.1,NVIDIA GeForce RTX 3060,research-lab/experiments/registered-workflow/runs/primary/run_0361,True,True
run_0362,original,sipakmed,resnet18,B,submitted,60,60,60,32,0,adamw,0.0001,0.0001,708.0,run entry through output export; wall-clock UTC difference,3.10.14,2.4.1+cu121,0.19.1,12.1,NVIDIA GeForce RTX 3060,research-lab/experiments/registered-workflow/runs/primary/run_0362,True,True
run_0363,original,sipakmed,resnet50,A,submitted,10,3,60,32,0,adamw,0.0001,0.0001,160.0,run entry through output export; wall-clock UTC difference,3.10.14,2.4.1+cu121,0.19.1,12.1,NVIDIA GeForce RTX 3060,research-lab/experiments/registered-workflow/runs/primary/run_0363,True,True
run_0364,original,sipakmed,resnet50,B,submitted,60,60,60,32,0,adamw,0.0001,0.0001,1003.0,run entry through output export; wall-clock UTC difference,3.10.14,2.4.1+cu121,0.19.1,12.1,NVIDIA GeForce RTX 3060,research-lab/experiments/registered-workflow/runs/primary/run_0364,True,True
run_0365,original,sipakmed,densenet121,A,submitted,18,11,60,32,0,adamw,0.0001,0.0001,317.0,run entry through output export; wall-clock UTC difference,3.10.14,2.4.1+cu121,0.19.1,12.1,NVIDIA GeForce RTX 3060,research-lab/experiments/registered-workflow/runs/primary/run_0365,True,True
run_0366,original,sipakmed,densenet121,B,submitted,60,60,60,32,0,adamw,0.0001,0.0001,967.0,run entry through output export; wall-clock UTC difference,3.10.14,2.4.1+cu121,0.19.1,12.1,NVIDIA GeForce RTX 3060,research-lab/experiments/registered-workflow/runs/primary/run_0366,True,True
run_0367,original,sipakmed,efficientnet_b0,A,submitted,43,36,60,32,0,adamw,0.0001,0.0001,508.0,run entry through output export; wall-clock UTC difference,3.10.14,2.4.1+cu121,0.19.1,12.1,NVIDIA GeForce RTX 3060,research-lab/experiments/registered-workflow/runs/primary/run_0367,True,True
run_0368,original,sipakmed,efficientnet_b0,B,submitted,60,60,60,32,0,adamw,0.0001,0.0001,740.0,run entry through output export; wall-clock UTC difference,3.10.14,2.4.1+cu121,0.19.1,12.1,NVIDIA GeForce RTX 3060,research-lab/experiments/registered-workflow/runs/primary/run_0368,True,True
run_0369,original,sipakmed,resnet18,A,submitted,13,6,60,32,0,adamw,0.0001,0.0001,156.0,run entry through output export; wall-clock UTC difference,3.10.14,2.4.1+cu121,0.19.1,12.1,NVIDIA GeForce RTX 3060,research-lab/experiments/registered-workflow/runs/primary/run_0369,True,True
run_0370,original,sipakmed,resnet18,B,submitted,60,60,60,32,0,adamw,0.0001,0.0001,703.0,run entry through output export; wall-clock UTC difference,3.10.14,2.4.1+cu121,0.19.1,12.1,NVIDIA GeForce RTX 3060,research-lab/experiments/registered-workflow/runs/primary/run_0370,True,True
run_0371,original,sipakmed,resnet50,A,submitted,11,4,60,32,0,adamw,0.0001,0.0001,175.0,run entry through output export; wall-clock UTC difference,3.10.14,2.4.1+cu121,0.19.1,12.1,NVIDIA GeForce RTX 3060,research-lab/experiments/registered-workflow/runs/primary/run_0371,True,True
run_0372,original,sipakmed,resnet50,B,submitted,60,60,60,32,0,adamw,0.0001,0.0001,940.0,run entry through output export; wall-clock UTC difference,3.10.14,2.4.1+cu121,0.19.1,12.1,NVIDIA GeForce RTX 3060,research-lab/experiments/registered-workflow/runs/primary/run_0372,True,True
run_0373,original,sipakmed,densenet121,A,submitted,17,10,60,32,0,adamw,0.0001,0.0001,294.0,run entry through output export; wall-clock UTC difference,3.10.14,2.4.1+cu121,0.19.1,12.1,NVIDIA GeForce RTX 3060,research-lab/experiments/registered-workflow/runs/primary/run_0373,True,True
run_0374,original,sipakmed,densenet121,B,submitted,60,60,60,32,0,adamw,0.0001,0.0001,1041.0,run entry through output export; wall-clock UTC difference,3.10.14,2.4.1+cu121,0.19.1,12.1,NVIDIA GeForce RTX 3060,research-lab/experiments/registered-workflow/runs/primary/run_0374,True,True
run_0375,original,sipakmed,efficientnet_b0,A,submitted,60,59,60,32,0,adamw,0.0001,0.0001,758.0,run entry through output export; wall-clock UTC difference,3.10.14,2.4.1+cu121,0.19.1,12.1,NVIDIA GeForce RTX 3060,research-lab/experiments/registered-workflow/runs/primary/run_0375,True,True
run_0376,original,sipakmed,efficientnet_b0,B,submitted,60,60,60,32,0,adamw,0.0001,0.0001,741.0,run entry through output export; wall-clock UTC difference,3.10.14,2.4.1+cu121,0.19.1,12.1,NVIDIA GeForce RTX 3060,research-lab/experiments/registered-workflow/runs/primary/run_0376,True,True
run_0377,original,sipakmed,resnet18,A,submitted,18,11,60,32,0,adamw,0.0001,0.0001,225.0,run entry through output export; wall-clock UTC difference,3.10.14,2.4.1+cu121,0.19.1,12.1,NVIDIA GeForce RTX 3060,research-lab/experiments/registered-workflow/runs/primary/run_0377,True,True
run_0378,original,sipakmed,resnet18,B,submitted,60,60,60,32,0,adamw,0.0001,0.0001,742.0,run entry through output export; wall-clock UTC difference,3.10.14,2.4.1+cu121,0.19.1,12.1,NVIDIA GeForce RTX 3060,research-lab/experiments/registered-workflow/runs/primary/run_0378,True,True
run_0379,original,sipakmed,resnet50,A,submitted,19,12,60,32,0,adamw,0.0001,0.0001,337.0,run entry through output export; wall-clock UTC difference,3.10.14,2.4.1+cu121,0.19.1,12.1,NVIDIA GeForce RTX 3060,research-lab/experiments/registered-workflow/runs/primary/run_0379,True,True
run_0380,original,sipakmed,resnet50,B,submitted,60,60,60,32,0,adamw,0.0001,0.0001,1057.0,run entry through output export; wall-clock UTC difference,3.10.14,2.4.1+cu121,0.19.1,12.1,NVIDIA GeForce RTX 3060,research-lab/experiments/registered-workflow/runs/primary/run_0380,True,True
run_0381,original,sipakmed,densenet121,A,submitted,30,23,60,32,0,adamw,0.0001,0.0001,518.0,run entry through output export; wall-clock UTC difference,3.10.14,2.4.1+cu121,0.19.1,12.1,NVIDIA GeForce RTX 3060,research-lab/experiments/registered-workflow/runs/primary/run_0381,True,True
run_0382,original,sipakmed,densenet121,B,submitted,60,60,60,32,0,adamw,0.0001,0.0001,1042.0,run entry through output export; wall-clock UTC difference,3.10.14,2.4.1+cu121,0.19.1,12.1,NVIDIA GeForce RTX 3060,research-lab/experiments/registered-workflow/runs/primary/run_0382,True,True
run_0383,original,sipakmed,efficientnet_b0,A,submitted,46,39,60,32,0,adamw,0.0001,0.0001,582.0,run entry through output export; wall-clock UTC difference,3.10.14,2.4.1+cu121,0.19.1,12.1,NVIDIA GeForce RTX 3060,research-lab/experiments/registered-workflow/runs/primary/run_0383,True,True
run_0384,original,sipakmed,efficientnet_b0,B,submitted,60,60,60,32,0,adamw,0.0001,0.0001,941.0,run entry through output export; wall-clock UTC difference,3.10.14,2.4.1+cu121,0.19.1,12.1,NVIDIA GeForce RTX 3060,research-lab/experiments/registered-workflow/runs/primary/run_0384,True,True
run_0385,original,sipakmed,resnet18,A,submitted,16,9,60,32,0,adamw,0.0001,0.0001,266.0,run entry through output export; wall-clock UTC difference,3.10.14,2.4.1+cu121,0.19.1,12.1,NVIDIA GeForce RTX 3060,research-lab/experiments/registered-workflow/runs/primary/run_0385,True,True
run_0386,original,sipakmed,resnet18,B,submitted,60,60,60,32,0,adamw,0.0001,0.0001,995.0,run entry through output export; wall-clock UTC difference,3.10.14,2.4.1+cu121,0.19.1,12.1,NVIDIA GeForce RTX 3060,research-lab/experiments/registered-workflow/runs/primary/run_0386,True,True
run_0387,original,sipakmed,resnet50,A,submitted,17,10,60,32,0,adamw,0.0001,0.0001,364.0,run entry through output export; wall-clock UTC difference,3.10.14,2.4.1+cu121,0.19.1,12.1,NVIDIA GeForce RTX 3060,research-lab/experiments/registered-workflow/runs/primary/run_0387,True,True
run_0388,original,sipakmed,resnet50,B,submitted,60,60,60,32,0,adamw,0.0001,0.0001,1275.0,run entry through output export; wall-clock UTC difference,3.10.14,2.4.1+cu121,0.19.1,12.1,NVIDIA GeForce RTX 3060,research-lab/experiments/registered-workflow/runs/primary/run_0388,True,True
run_0389,original,sipakmed,densenet121,A,submitted,19,12,60,32,0,adamw,0.0001,0.0001,406.0,run entry through output export; wall-clock UTC difference,3.10.14,2.4.1+cu121,0.19.1,12.1,NVIDIA GeForce RTX 3060,research-lab/experiments/registered-workflow/runs/primary/run_0389,True,True
run_0390,original,sipakmed,densenet121,B,submitted,60,60,60,32,0,adamw,0.0001,0.0001,1248.0,run entry through output export; wall-clock UTC difference,3.10.14,2.4.1+cu121,0.19.1,12.1,NVIDIA GeForce RTX 3060,research-lab/experiments/registered-workflow/runs/primary/run_0390,True,True
run_0391,original,sipakmed,efficientnet_b0,A,submitted,54,47,60,32,0,adamw,0.0001,0.0001,826.0,run entry through output export; wall-clock UTC difference,3.10.14,2.4.1+cu121,0.19.1,12.1,NVIDIA GeForce RTX 3060,research-lab/experiments/registered-workflow/runs/primary/run_0391,True,True
run_0392,original,sipakmed,efficientnet_b0,B,submitted,60,60,60,32,0,adamw,0.0001,0.0001,971.0,run entry through output export; wall-clock UTC difference,3.10.14,2.4.1+cu121,0.19.1,12.1,NVIDIA GeForce RTX 3060,research-lab/experiments/registered-workflow/runs/primary/run_0392,True,True
run_0393,original,sipakmed,resnet18,A,submitted,21,14,60,32,0,adamw,0.0001,0.0001,347.0,run entry through output export; wall-clock UTC difference,3.10.14,2.4.1+cu121,0.19.1,12.1,NVIDIA GeForce RTX 3060,research-lab/experiments/registered-workflow/runs/primary/run_0393,True,True
run_0394,original,sipakmed,resnet18,B,submitted,60,60,60,32,0,adamw,0.0001,0.0001,1000.0,run entry through output export; wall-clock UTC difference,3.10.14,2.4.1+cu121,0.19.1,12.1,NVIDIA GeForce RTX 3060,research-lab/experiments/registered-workflow/runs/primary/run_0394,True,True
run_0395,original,sipakmed,resnet50,A,submitted,22,15,60,32,0,adamw,0.0001,0.0001,419.0,run entry through output export; wall-clock UTC difference,3.10.14,2.4.1+cu121,0.19.1,12.1,NVIDIA GeForce RTX 3060,research-lab/experiments/registered-workflow/runs/primary/run_0395,True,True
run_0396,original,sipakmed,resnet50,B,submitted,60,60,60,32,0,adamw,0.0001,0.0001,1188.0,run entry through output export; wall-clock UTC difference,3.10.14,2.4.1+cu121,0.19.1,12.1,NVIDIA GeForce RTX 3060,research-lab/experiments/registered-workflow/runs/primary/run_0396,True,True
run_0397,original,sipakmed,densenet121,A,submitted,22,15,60,32,0,adamw,0.0001,0.0001,478.0,run entry through output export; wall-clock UTC difference,3.10.14,2.4.1+cu121,0.19.1,12.1,NVIDIA GeForce RTX 3060,research-lab/experiments/registered-workflow/runs/primary/run_0397,True,True
run_0398,original,sipakmed,densenet121,B,submitted,60,60,60,32,0,adamw,0.0001,0.0001,1231.0,run entry through output export; wall-clock UTC difference,3.10.14,2.4.1+cu121,0.19.1,12.1,NVIDIA GeForce RTX 3060,research-lab/experiments/registered-workflow/runs/primary/run_0398,True,True
run_0399,original,sipakmed,efficientnet_b0,A,submitted,60,56,60,32,0,adamw,0.0001,0.0001,948.0,run entry through output export; wall-clock UTC difference,3.10.14,2.4.1+cu121,0.19.1,12.1,NVIDIA GeForce RTX 3060,research-lab/experiments/registered-workflow/runs/primary/run_0399,True,True
run_0400,original,sipakmed,efficientnet_b0,B,submitted,60,60,60,32,0,adamw,0.0001,0.0001,1022.0,run entry through output export; wall-clock UTC difference,3.10.14,2.4.1+cu121,0.19.1,12.1,NVIDIA GeForce RTX 3060,research-lab/experiments/registered-workflow/runs/primary/run_0400,True,True
run_0401,original,organamnist,resnet18,A,submitted,15,8,60,32,24,adamw,0.0001,0.0001,494.0,run entry through output export; wall-clock UTC difference,3.12.7,2.10.0+cu128,0.25.0+cu128,12.8,NVIDIA GeForce RTX 5070 Ti,research-lab/experiments/registered-workflow/runs/primary/run_0401,True,True
run_0402,original,organamnist,resnet18,B,submitted,60,60,60,32,24,adamw,0.0001,0.0001,1242.0,run entry through output export; wall-clock UTC difference,3.12.7,2.10.0+cu128,0.25.0+cu128,12.8,NVIDIA GeForce RTX 5070 Ti,research-lab/experiments/registered-workflow/runs/primary/run_0402,True,True
run_0403,original,organamnist,resnet50,A,submitted,18,11,60,32,24,adamw,0.0001,0.0001,938.0,run entry through output export; wall-clock UTC difference,3.12.7,2.10.0+cu128,0.25.0+cu128,12.8,NVIDIA GeForce RTX 5070 Ti,research-lab/experiments/registered-workflow/runs/primary/run_0403,True,True
run_0404,original,organamnist,resnet50,B,submitted,60,60,60,32,24,adamw,0.0001,0.0001,2556.0,run entry through output export; wall-clock UTC difference,3.12.7,2.10.0+cu128,0.25.0+cu128,12.8,NVIDIA GeForce RTX 5070 Ti,research-lab/experiments/registered-workflow/runs/primary/run_0404,True,True
run_0405,original,organamnist,densenet121,A,submitted,46,39,60,32,24,adamw,0.0001,0.0001,2130.0,run entry through output export; wall-clock UTC difference,3.12.7,2.10.0+cu128,0.25.0+cu128,12.8,NVIDIA GeForce RTX 5070 Ti,research-lab/experiments/registered-workflow/runs/primary/run_0405,True,True
run_0406,original,organamnist,densenet121,B,submitted,60,60,60,32,24,adamw,0.0001,0.0001,2706.0,run entry through output export; wall-clock UTC difference,3.12.7,2.10.0+cu128,0.25.0+cu128,12.8,NVIDIA GeForce RTX 5070 Ti,research-lab/experiments/registered-workflow/runs/primary/run_0406,True,True
run_0407,original,organamnist,efficientnet_b0,A,submitted,60,55,60,32,24,adamw,0.0001,0.0001,1474.0,run entry through output export; wall-clock UTC difference,3.12.7,2.10.0+cu128,0.25.0+cu128,12.8,NVIDIA GeForce RTX 5070 Ti,research-lab/experiments/registered-workflow/runs/primary/run_0407,True,True
run_0408,original,organamnist,efficientnet_b0,B,submitted,60,60,60,32,24,adamw,0.0001,0.0001,1471.0,run entry through output export; wall-clock UTC difference,3.12.7,2.10.0+cu128,0.25.0+cu128,12.8,NVIDIA GeForce RTX 5070 Ti,research-lab/experiments/registered-workflow/runs/primary/run_0408,True,True
run_0409,original,organamnist,resnet18,A,submitted,30,23,60,32,24,adamw,0.0001,0.0001,762.0,run entry through output export; wall-clock UTC difference,3.12.7,2.10.0+cu128,0.25.0+cu128,12.8,NVIDIA GeForce RTX 5070 Ti,research-lab/experiments/registered-workflow/runs/primary/run_0409,True,True
run_0410,original,organamnist,resnet18,B,submitted,60,60,60,32,24,adamw,0.0001,0.0001,1293.0,run entry through output export; wall-clock UTC difference,3.12.7,2.10.0+cu128,0.25.0+cu128,12.8,NVIDIA GeForce RTX 5070 Ti,research-lab/experiments/registered-workflow/runs/primary/run_0410,True,True
run_0411,original,organamnist,resnet50,A,submitted,24,17,60,32,24,adamw,0.0001,0.0001,1168.0,run entry through output export; wall-clock UTC difference,3.12.7,2.10.0+cu128,0.25.0+cu128,12.8,NVIDIA GeForce RTX 5070 Ti,research-lab/experiments/registered-workflow/runs/primary/run_0411,True,True
run_0412,original,organamnist,resnet50,B,submitted,60,60,60,32,24,adamw,0.0001,0.0001,2556.0,run entry through output export; wall-clock UTC difference,3.12.7,2.10.0+cu128,0.25.0+cu128,12.8,NVIDIA GeForce RTX 5070 Ti,research-lab/experiments/registered-workflow/runs/primary/run_0412,True,True
run_0413,original,organamnist,densenet121,A,submitted,33,26,60,32,24,adamw,0.0001,0.0001,1597.0,run entry through output export; wall-clock UTC difference,3.12.7,2.10.0+cu128,0.25.0+cu128,12.8,NVIDIA GeForce RTX 5070 Ti,research-lab/experiments/registered-workflow/runs/primary/run_0413,True,True
run_0414,original,organamnist,densenet121,B,submitted,60,60,60,32,24,adamw,0.0001,0.0001,2704.0,run entry through output export; wall-clock UTC difference,3.12.7,2.10.0+cu128,0.25.0+cu128,12.8,NVIDIA GeForce RTX 5070 Ti,research-lab/experiments/registered-workflow/runs/primary/run_0414,True,True
run_0415,original,organamnist,efficientnet_b0,A,submitted,60,58,60,32,24,adamw,0.0001,0.0001,1472.0,run entry through output export; wall-clock UTC difference,3.12.7,2.10.0+cu128,0.25.0+cu128,12.8,NVIDIA GeForce RTX 5070 Ti,research-lab/experiments/registered-workflow/runs/primary/run_0415,True,True
run_0416,original,organamnist,efficientnet_b0,B,submitted,60,60,60,32,24,adamw,0.0001,0.0001,1475.0,run entry through output export; wall-clock UTC difference,3.12.7,2.10.0+cu128,0.25.0+cu128,12.8,NVIDIA GeForce RTX 5070 Ti,research-lab/experiments/registered-workflow/runs/primary/run_0416,True,True
run_0417,original,organamnist,resnet18,A,submitted,15,8,60,32,24,adamw,0.0001,0.0001,502.0,run entry through output export; wall-clock UTC difference,3.12.7,2.10.0+cu128,0.25.0+cu128,12.8,NVIDIA GeForce RTX 5070 Ti,research-lab/experiments/registered-workflow/runs/primary/run_0417,True,True
run_0418,original,organamnist,resnet18,B,submitted,60,60,60,32,24,adamw,0.0001,0.0001,1282.0,run entry through output export; wall-clock UTC difference,3.12.7,2.10.0+cu128,0.25.0+cu128,12.8,NVIDIA GeForce RTX 5070 Ti,research-lab/experiments/registered-workflow/runs/primary/run_0418,True,True
run_0419,original,organamnist,resnet50,A,submitted,27,20,60,32,24,adamw,0.0001,0.0001,1288.0,run entry through output export; wall-clock UTC difference,3.12.7,2.10.0+cu128,0.25.0+cu128,12.8,NVIDIA GeForce RTX 5070 Ti,research-lab/experiments/registered-workflow/runs/primary/run_0419,True,True
run_0420,original,organamnist,resnet50,B,submitted,60,60,60,32,24,adamw,0.0001,0.0001,2555.0,run entry through output export; wall-clock UTC difference,3.12.7,2.10.0+cu128,0.25.0+cu128,12.8,NVIDIA GeForce RTX 5070 Ti,research-lab/experiments/registered-workflow/runs/primary/run_0420,True,True
run_0421,original,organamnist,densenet121,A,submitted,38,31,60,32,24,adamw,0.0001,0.0001,1808.0,run entry through output export; wall-clock UTC difference,3.12.7,2.10.0+cu128,0.25.0+cu128,12.8,NVIDIA GeForce RTX 5070 Ti,research-lab/experiments/registered-workflow/runs/primary/run_0421,True,True
run_0422,original,organamnist,densenet121,B,submitted,60,60,60,32,24,adamw,0.0001,0.0001,2708.0,run entry through output export; wall-clock UTC difference,3.12.7,2.10.0+cu128,0.25.0+cu128,12.8,NVIDIA GeForce RTX 5070 Ti,research-lab/experiments/registered-workflow/runs/primary/run_0422,True,True
run_0423,original,organamnist,efficientnet_b0,A,submitted,60,57,60,32,24,adamw,0.0001,0.0001,1472.0,run entry through output export; wall-clock UTC difference,3.12.7,2.10.0+cu128,0.25.0+cu128,12.8,NVIDIA GeForce RTX 5070 Ti,research-lab/experiments/registered-workflow/runs/primary/run_0423,True,True
run_0424,original,organamnist,efficientnet_b0,B,submitted,60,60,60,32,24,adamw,0.0001,0.0001,1465.0,run entry through output export; wall-clock UTC difference,3.12.7,2.10.0+cu128,0.25.0+cu128,12.8,NVIDIA GeForce RTX 5070 Ti,research-lab/experiments/registered-workflow/runs/primary/run_0424,True,True
run_0425,original,organamnist,resnet18,A,submitted,23,16,60,32,24,adamw,0.0001,0.0001,642.0,run entry through output export; wall-clock UTC difference,3.12.7,2.10.0+cu128,0.25.0+cu128,12.8,NVIDIA GeForce RTX 5070 Ti,research-lab/experiments/registered-workflow/runs/primary/run_0425,True,True
run_0426,original,organamnist,resnet18,B,submitted,60,60,60,32,24,adamw,0.0001,0.0001,1283.0,run entry through output export; wall-clock UTC difference,3.12.7,2.10.0+cu128,0.25.0+cu128,12.8,NVIDIA GeForce RTX 5070 Ti,research-lab/experiments/registered-workflow/runs/primary/run_0426,True,True
run_0427,original,organamnist,resnet50,A,submitted,29,22,60,32,24,adamw,0.0001,0.0001,1362.0,run entry through output export; wall-clock UTC difference,3.12.7,2.10.0+cu128,0.25.0+cu128,12.8,NVIDIA GeForce RTX 5070 Ti,research-lab/experiments/registered-workflow/runs/primary/run_0427,True,True
run_0428,original,organamnist,resnet50,B,submitted,60,60,60,32,24,adamw,0.0001,0.0001,2556.0,run entry through output export; wall-clock UTC difference,3.12.7,2.10.0+cu128,0.25.0+cu128,12.8,NVIDIA GeForce RTX 5070 Ti,research-lab/experiments/registered-workflow/runs/primary/run_0428,True,True
run_0429,original,organamnist,densenet121,A,submitted,35,28,60,32,24,adamw,0.0001,0.0001,1683.0,run entry through output export; wall-clock UTC difference,3.12.7,2.10.0+cu128,0.25.0+cu128,12.8,NVIDIA GeForce RTX 5070 Ti,research-lab/experiments/registered-workflow/runs/primary/run_0429,True,True
run_0430,original,organamnist,densenet121,B,submitted,60,60,60,32,24,adamw,0.0001,0.0001,2704.0,run entry through output export; wall-clock UTC difference,3.12.7,2.10.0+cu128,0.25.0+cu128,12.8,NVIDIA GeForce RTX 5070 Ti,research-lab/experiments/registered-workflow/runs/primary/run_0430,True,True
run_0431,original,organamnist,efficientnet_b0,A,submitted,60,60,60,32,24,adamw,0.0001,0.0001,1459.0,run entry through output export; wall-clock UTC difference,3.12.7,2.10.0+cu128,0.25.0+cu128,12.8,NVIDIA GeForce RTX 5070 Ti,research-lab/experiments/registered-workflow/runs/primary/run_0431,True,True
run_0432,original,organamnist,efficientnet_b0,B,submitted,60,60,60,32,24,adamw,0.0001,0.0001,1457.0,run entry through output export; wall-clock UTC difference,3.12.7,2.10.0+cu128,0.25.0+cu128,12.8,NVIDIA GeForce RTX 5070 Ti,research-lab/experiments/registered-workflow/runs/primary/run_0432,True,True
run_0433,original,organamnist,resnet18,A,submitted,16,9,60,32,24,adamw,0.0001,0.0001,515.0,run entry through output export; wall-clock UTC difference,3.12.7,2.10.0+cu128,0.25.0+cu128,12.8,NVIDIA GeForce RTX 5070 Ti,research-lab/experiments/registered-workflow/runs/primary/run_0433,True,True
run_0434,original,organamnist,resnet18,B,submitted,60,60,60,32,24,adamw,0.0001,0.0001,1279.0,run entry through output export; wall-clock UTC difference,3.12.7,2.10.0+cu128,0.25.0+cu128,12.8,NVIDIA GeForce RTX 5070 Ti,research-lab/experiments/registered-workflow/runs/primary/run_0434,True,True
run_0435,original,organamnist,resnet50,A,submitted,15,8,60,32,24,adamw,0.0001,0.0001,819.0,run entry through output export; wall-clock UTC difference,3.12.7,2.10.0+cu128,0.25.0+cu128,12.8,NVIDIA GeForce RTX 5070 Ti,research-lab/experiments/registered-workflow/runs/primary/run_0435,True,True
run_0436,original,organamnist,resnet50,B,submitted,60,60,60,32,24,adamw,0.0001,0.0001,2555.0,run entry through output export; wall-clock UTC difference,3.12.7,2.10.0+cu128,0.25.0+cu128,12.8,NVIDIA GeForce RTX 5070 Ti,research-lab/experiments/registered-workflow/runs/primary/run_0436,True,True
run_0437,original,organamnist,densenet121,A,submitted,36,29,60,32,24,adamw,0.0001,0.0001,1724.0,run entry through output export; wall-clock UTC difference,3.12.7,2.10.0+cu128,0.25.0+cu128,12.8,NVIDIA GeForce RTX 5070 Ti,research-lab/experiments/registered-workflow/runs/primary/run_0437,True,True
run_0438,original,organamnist,densenet121,B,submitted,60,60,60,32,24,adamw,0.0001,0.0001,2705.0,run entry through output export; wall-clock UTC difference,3.12.7,2.10.0+cu128,0.25.0+cu128,12.8,NVIDIA GeForce RTX 5070 Ti,research-lab/experiments/registered-workflow/runs/primary/run_0438,True,True
run_0439,original,organamnist,efficientnet_b0,A,submitted,58,51,60,32,24,adamw,0.0001,0.0001,1428.0,run entry through output export; wall-clock UTC difference,3.12.7,2.10.0+cu128,0.25.0+cu128,12.8,NVIDIA GeForce RTX 5070 Ti,research-lab/experiments/registered-workflow/runs/primary/run_0439,True,True
run_0440,original,organamnist,efficientnet_b0,B,submitted,60,60,60,32,24,adamw,0.0001,0.0001,1460.0,run entry through output export; wall-clock UTC difference,3.12.7,2.10.0+cu128,0.25.0+cu128,12.8,NVIDIA GeForce RTX 5070 Ti,research-lab/experiments/registered-workflow/runs/primary/run_0440,True,True
run_0441,original,organamnist,resnet18,A,submitted,25,18,60,32,24,adamw,0.0001,0.0001,674.0,run entry through output export; wall-clock UTC difference,3.12.7,2.10.0+cu128,0.25.0+cu128,12.8,NVIDIA GeForce RTX 5070 Ti,research-lab/experiments/registered-workflow/runs/primary/run_0441,True,True
run_0442,original,organamnist,resnet18,B,submitted,60,60,60,32,24,adamw,0.0001,0.0001,1285.0,run entry through output export; wall-clock UTC difference,3.12.7,2.10.0+cu128,0.25.0+cu128,12.8,NVIDIA GeForce RTX 5070 Ti,research-lab/experiments/registered-workflow/runs/primary/run_0442,True,True
run_0443,original,organamnist,resnet50,A,submitted,23,16,60,32,24,adamw,0.0001,0.0001,1128.0,run entry through output export; wall-clock UTC difference,3.12.7,2.10.0+cu128,0.25.0+cu128,12.8,NVIDIA GeForce RTX 5070 Ti,research-lab/experiments/registered-workflow/runs/primary/run_0443,True,True
run_0444,original,organamnist,resnet50,B,submitted,60,60,60,32,24,adamw,0.0001,0.0001,2553.0,run entry through output export; wall-clock UTC difference,3.12.7,2.10.0+cu128,0.25.0+cu128,12.8,NVIDIA GeForce RTX 5070 Ti,research-lab/experiments/registered-workflow/runs/primary/run_0444,True,True
run_0445,original,organamnist,densenet121,A,submitted,35,28,60,32,24,adamw,0.0001,0.0001,1682.0,run entry through output export; wall-clock UTC difference,3.12.7,2.10.0+cu128,0.25.0+cu128,12.8,NVIDIA GeForce RTX 5070 Ti,research-lab/experiments/registered-workflow/runs/primary/run_0445,True,True
run_0446,original,organamnist,densenet121,B,submitted,60,60,60,32,24,adamw,0.0001,0.0001,2709.0,run entry through output export; wall-clock UTC difference,3.12.7,2.10.0+cu128,0.25.0+cu128,12.8,NVIDIA GeForce RTX 5070 Ti,research-lab/experiments/registered-workflow/runs/primary/run_0446,True,True
run_0447,original,organamnist,efficientnet_b0,A,submitted,52,45,60,32,24,adamw,0.0001,0.0001,1302.0,run entry through output export; wall-clock UTC difference,3.12.7,2.10.0+cu128,0.25.0+cu128,12.8,NVIDIA GeForce RTX 5070 Ti,research-lab/experiments/registered-workflow/runs/primary/run_0447,True,True
run_0448,original,organamnist,efficientnet_b0,B,submitted,60,60,60,32,24,adamw,0.0001,0.0001,1468.0,run entry through output export; wall-clock UTC difference,3.12.7,2.10.0+cu128,0.25.0+cu128,12.8,NVIDIA GeForce RTX 5070 Ti,research-lab/experiments/registered-workflow/runs/primary/run_0448,True,True
run_0449,original,organamnist,resnet18,A,submitted,27,20,60,32,24,adamw,0.0001,0.0001,714.0,run entry through output export; wall-clock UTC difference,3.12.7,2.10.0+cu128,0.25.0+cu128,12.8,NVIDIA GeForce RTX 5070 Ti,research-lab/experiments/registered-workflow/runs/primary/run_0449,True,True
run_0450,original,organamnist,resnet18,B,submitted,60,60,60,32,24,adamw,0.0001,0.0001,1284.0,run entry through output export; wall-clock UTC difference,3.12.7,2.10.0+cu128,0.25.0+cu128,12.8,NVIDIA GeForce RTX 5070 Ti,research-lab/experiments/registered-workflow/runs/primary/run_0450,True,True
run_0451,original,organamnist,resnet50,A,submitted,17,10,60,32,24,adamw,0.0001,0.0001,900.0,run entry through output export; wall-clock UTC difference,3.12.7,2.10.0+cu128,0.25.0+cu128,12.8,NVIDIA GeForce RTX 5070 Ti,research-lab/experiments/registered-workflow/runs/primary/run_0451,True,True
run_0452,original,organamnist,resnet50,B,submitted,60,60,60,32,24,adamw,0.0001,0.0001,2556.0,run entry through output export; wall-clock UTC difference,3.12.7,2.10.0+cu128,0.25.0+cu128,12.8,NVIDIA GeForce RTX 5070 Ti,research-lab/experiments/registered-workflow/runs/primary/run_0452,True,True
run_0453,original,organamnist,densenet121,A,submitted,34,27,60,32,24,adamw,0.0001,0.0001,1646.0,run entry through output export; wall-clock UTC difference,3.12.7,2.10.0+cu128,0.25.0+cu128,12.8,NVIDIA GeForce RTX 5070 Ti,research-lab/experiments/registered-workflow/runs/primary/run_0453,True,True
run_0454,original,organamnist,densenet121,B,submitted,60,60,60,32,24,adamw,0.0001,0.0001,2735.0,run entry through output export; wall-clock UTC difference,3.12.7,2.10.0+cu128,0.25.0+cu128,12.8,NVIDIA GeForce RTX 5070 Ti,research-lab/experiments/registered-workflow/runs/primary/run_0454,True,True
run_0455,original,organamnist,efficientnet_b0,A,submitted,60,54,60,32,24,adamw,0.0001,0.0001,1481.0,run entry through output export; wall-clock UTC difference,3.12.7,2.10.0+cu128,0.25.0+cu128,12.8,NVIDIA GeForce RTX 5070 Ti,research-lab/experiments/registered-workflow/runs/primary/run_0455,True,True
run_0456,original,organamnist,efficientnet_b0,B,submitted,60,60,60,32,24,adamw,0.0001,0.0001,1481.0,run entry through output export; wall-clock UTC difference,3.12.7,2.10.0+cu128,0.25.0+cu128,12.8,NVIDIA GeForce RTX 5070 Ti,research-lab/experiments/registered-workflow/runs/primary/run_0456,True,True
run_0457,original,organamnist,resnet18,A,submitted,12,5,60,32,24,adamw,0.0001,0.0001,451.0,run entry through output export; wall-clock UTC difference,3.12.7,2.10.0+cu128,0.25.0+cu128,12.8,NVIDIA GeForce RTX 5070 Ti,research-lab/experiments/registered-workflow/runs/primary/run_0457,True,True
run_0458,original,organamnist,resnet18,B,submitted,60,60,60,32,24,adamw,0.0001,0.0001,1288.0,run entry through output export; wall-clock UTC difference,3.12.7,2.10.0+cu128,0.25.0+cu128,12.8,NVIDIA GeForce RTX 5070 Ti,research-lab/experiments/registered-workflow/runs/primary/run_0458,True,True
run_0459,original,organamnist,resnet50,A,submitted,33,26,60,32,24,adamw,0.0001,0.0001,1520.0,run entry through output export; wall-clock UTC difference,3.12.7,2.10.0+cu128,0.25.0+cu128,12.8,NVIDIA GeForce RTX 5070 Ti,research-lab/experiments/registered-workflow/runs/primary/run_0459,True,True
run_0460,original,organamnist,resnet50,B,submitted,60,60,60,32,24,adamw,0.0001,0.0001,2558.0,run entry through output export; wall-clock UTC difference,3.12.7,2.10.0+cu128,0.25.0+cu128,12.8,NVIDIA GeForce RTX 5070 Ti,research-lab/experiments/registered-workflow/runs/primary/run_0460,True,True
run_0461,original,organamnist,densenet121,A,submitted,32,25,60,32,24,adamw,0.0001,0.0001,1565.0,run entry through output export; wall-clock UTC difference,3.12.7,2.10.0+cu128,0.25.0+cu128,12.8,NVIDIA GeForce RTX 5070 Ti,research-lab/experiments/registered-workflow/runs/primary/run_0461,True,True
run_0462,original,organamnist,densenet121,B,submitted,60,60,60,32,24,adamw,0.0001,0.0001,2718.0,run entry through output export; wall-clock UTC difference,3.12.7,2.10.0+cu128,0.25.0+cu128,12.8,NVIDIA GeForce RTX 5070 Ti,research-lab/experiments/registered-workflow/runs/primary/run_0462,True,True
run_0463,original,organamnist,efficientnet_b0,A,submitted,60,60,60,32,24,adamw,0.0001,0.0001,1479.0,run entry through output export; wall-clock UTC difference,3.12.7,2.10.0+cu128,0.25.0+cu128,12.8,NVIDIA GeForce RTX 5070 Ti,research-lab/experiments/registered-workflow/runs/primary/run_0463,True,True
run_0464,original,organamnist,efficientnet_b0,B,submitted,60,60,60,32,24,adamw,0.0001,0.0001,1473.0,run entry through output export; wall-clock UTC difference,3.12.7,2.10.0+cu128,0.25.0+cu128,12.8,NVIDIA GeForce RTX 5070 Ti,research-lab/experiments/registered-workflow/runs/primary/run_0464,True,True
run_0465,original,organamnist,resnet18,A,submitted,22,15,60,32,24,adamw,0.0001,0.0001,626.0,run entry through output export; wall-clock UTC difference,3.12.7,2.10.0+cu128,0.25.0+cu128,12.8,NVIDIA GeForce RTX 5070 Ti,research-lab/experiments/registered-workflow/runs/primary/run_0465,True,True
run_0466,original,organamnist,resnet18,B,submitted,60,60,60,32,24,adamw,0.0001,0.0001,1289.0,run entry through output export; wall-clock UTC difference,3.12.7,2.10.0+cu128,0.25.0+cu128,12.8,NVIDIA GeForce RTX 5070 Ti,research-lab/experiments/registered-workflow/runs/primary/run_0466,True,True
run_0467,original,organamnist,resnet50,A,submitted,26,19,60,32,24,adamw,0.0001,0.0001,1250.0,run entry through output export; wall-clock UTC difference,3.12.7,2.10.0+cu128,0.25.0+cu128,12.8,NVIDIA GeForce RTX 5070 Ti,research-lab/experiments/registered-workflow/runs/primary/run_0467,True,True
run_0468,original,organamnist,resnet50,B,submitted,60,60,60,32,24,adamw,0.0001,0.0001,2557.0,run entry through output export; wall-clock UTC difference,3.12.7,2.10.0+cu128,0.25.0+cu128,12.8,NVIDIA GeForce RTX 5070 Ti,research-lab/experiments/registered-workflow/runs/primary/run_0468,True,True
run_0469,original,organamnist,densenet121,A,submitted,37,30,60,32,24,adamw,0.0001,0.0001,1770.0,run entry through output export; wall-clock UTC difference,3.12.7,2.10.0+cu128,0.25.0+cu128,12.8,NVIDIA GeForce RTX 5070 Ti,research-lab/experiments/registered-workflow/runs/primary/run_0469,True,True
run_0470,original,organamnist,densenet121,B,submitted,60,60,60,32,24,adamw,0.0001,0.0001,2717.0,run entry through output export; wall-clock UTC difference,3.12.7,2.10.0+cu128,0.25.0+cu128,12.8,NVIDIA GeForce RTX 5070 Ti,research-lab/experiments/registered-workflow/runs/primary/run_0470,True,True
run_0471,original,organamnist,efficientnet_b0,A,submitted,60,56,60,32,24,adamw,0.0001,0.0001,1475.0,run entry through output export; wall-clock UTC difference,3.12.7,2.10.0+cu128,0.25.0+cu128,12.8,NVIDIA GeForce RTX 5070 Ti,research-lab/experiments/registered-workflow/runs/primary/run_0471,True,True
run_0472,original,organamnist,efficientnet_b0,B,submitted,60,60,60,32,24,adamw,0.0001,0.0001,1468.0,run entry through output export; wall-clock UTC difference,3.12.7,2.10.0+cu128,0.25.0+cu128,12.8,NVIDIA GeForce RTX 5070 Ti,research-lab/experiments/registered-workflow/runs/primary/run_0472,True,True
run_0473,original,organamnist,resnet18,A,submitted,28,21,60,32,24,adamw,0.0001,0.0001,729.0,run entry through output export; wall-clock UTC difference,3.12.7,2.10.0+cu128,0.25.0+cu128,12.8,NVIDIA GeForce RTX 5070 Ti,research-lab/experiments/registered-workflow/runs/primary/run_0473,True,True
run_0474,original,organamnist,resnet18,B,submitted,60,60,60,32,24,adamw,0.0001,0.0001,1286.0,run entry through output export; wall-clock UTC difference,3.12.7,2.10.0+cu128,0.25.0+cu128,12.8,NVIDIA GeForce RTX 5070 Ti,research-lab/experiments/registered-workflow/runs/primary/run_0474,True,True
run_0475,original,organamnist,resnet50,A,submitted,24,17,60,32,24,adamw,0.0001,0.0001,1170.0,run entry through output export; wall-clock UTC difference,3.12.7,2.10.0+cu128,0.25.0+cu128,12.8,NVIDIA GeForce RTX 5070 Ti,research-lab/experiments/registered-workflow/runs/primary/run_0475,True,True
run_0476,original,organamnist,resnet50,B,submitted,60,60,60,32,24,adamw,0.0001,0.0001,2555.0,run entry through output export; wall-clock UTC difference,3.12.7,2.10.0+cu128,0.25.0+cu128,12.8,NVIDIA GeForce RTX 5070 Ti,research-lab/experiments/registered-workflow/runs/primary/run_0476,True,True
run_0477,original,organamnist,densenet121,A,submitted,32,25,60,32,24,adamw,0.0001,0.0001,1561.0,run entry through output export; wall-clock UTC difference,3.12.7,2.10.0+cu128,0.25.0+cu128,12.8,NVIDIA GeForce RTX 5070 Ti,research-lab/experiments/registered-workflow/runs/primary/run_0477,True,True
run_0478,original,organamnist,densenet121,B,submitted,60,60,60,32,24,adamw,0.0001,0.0001,2714.0,run entry through output export; wall-clock UTC difference,3.12.7,2.10.0+cu128,0.25.0+cu128,12.8,NVIDIA GeForce RTX 5070 Ti,research-lab/experiments/registered-workflow/runs/primary/run_0478,True,True
run_0479,original,organamnist,efficientnet_b0,A,submitted,50,43,60,32,24,adamw,0.0001,0.0001,1267.0,run entry through output export; wall-clock UTC difference,3.12.7,2.10.0+cu128,0.25.0+cu128,12.8,NVIDIA GeForce RTX 5070 Ti,research-lab/experiments/registered-workflow/runs/primary/run_0479,True,True
run_0480,original,organamnist,efficientnet_b0,B,submitted,60,60,60,32,24,adamw,0.0001,0.0001,1471.0,run entry through output export; wall-clock UTC difference,3.12.7,2.10.0+cu128,0.25.0+cu128,12.8,NVIDIA GeForce RTX 5070 Ti,research-lab/experiments/registered-workflow/runs/primary/run_0480,True,True
run_0481,original,organamnist,resnet18,A,submitted,26,19,60,32,24,adamw,0.0001,0.0001,693.0,run entry through output export; wall-clock UTC difference,3.12.7,2.10.0+cu128,0.25.0+cu128,12.8,NVIDIA GeForce RTX 5070 Ti,research-lab/experiments/registered-workflow/runs/primary/run_0481,True,True
run_0482,original,organamnist,resnet18,B,submitted,60,60,60,32,24,adamw,0.0001,0.0001,1282.0,run entry through output export; wall-clock UTC difference,3.12.7,2.10.0+cu128,0.25.0+cu128,12.8,NVIDIA GeForce RTX 5070 Ti,research-lab/experiments/registered-workflow/runs/primary/run_0482,True,True
run_0483,original,organamnist,resnet50,A,submitted,34,27,60,32,24,adamw,0.0001,0.0001,1552.0,run entry through output export; wall-clock UTC difference,3.12.7,2.10.0+cu128,0.25.0+cu128,12.8,NVIDIA GeForce RTX 5070 Ti,research-lab/experiments/registered-workflow/runs/primary/run_0483,True,True
run_0484,original,organamnist,resnet50,B,submitted,60,60,60,32,24,adamw,0.0001,0.0001,2556.0,run entry through output export; wall-clock UTC difference,3.12.7,2.10.0+cu128,0.25.0+cu128,12.8,NVIDIA GeForce RTX 5070 Ti,research-lab/experiments/registered-workflow/runs/primary/run_0484,True,True
run_0485,original,organamnist,densenet121,A,submitted,34,27,60,32,24,adamw,0.0001,0.0001,1645.0,run entry through output export; wall-clock UTC difference,3.12.7,2.10.0+cu128,0.25.0+cu128,12.8,NVIDIA GeForce RTX 5070 Ti,research-lab/experiments/registered-workflow/runs/primary/run_0485,True,True
run_0486,original,organamnist,densenet121,B,submitted,60,60,60,32,24,adamw,0.0001,0.0001,2744.0,run entry through output export; wall-clock UTC difference,3.12.7,2.10.0+cu128,0.25.0+cu128,12.8,NVIDIA GeForce RTX 5070 Ti,research-lab/experiments/registered-workflow/runs/primary/run_0486,True,True
run_0487,original,organamnist,efficientnet_b0,A,submitted,60,60,60,32,24,adamw,0.0001,0.0001,1330.0,run entry through output export; wall-clock UTC difference,3.12.7,2.10.0+cu128,0.25.0+cu128,12.8,NVIDIA GeForce RTX 5070 Ti,research-lab/experiments/registered-workflow/runs/primary/run_0487,True,True
run_0488,original,organamnist,efficientnet_b0,B,submitted,60,60,60,32,24,adamw,0.0001,0.0001,1326.0,run entry through output export; wall-clock UTC difference,3.12.7,2.10.0+cu128,0.25.0+cu128,12.8,NVIDIA GeForce RTX 5070 Ti,research-lab/experiments/registered-workflow/runs/primary/run_0488,True,True
run_0489,original,organamnist,resnet18,A,submitted,22,15,60,32,24,adamw,0.0001,0.0001,617.0,run entry through output export; wall-clock UTC difference,3.12.7,2.10.0+cu128,0.25.0+cu128,12.8,NVIDIA GeForce RTX 5070 Ti,research-lab/experiments/registered-workflow/runs/primary/run_0489,True,True
run_0490,original,organamnist,resnet18,B,submitted,60,60,60,32,24,adamw,0.0001,0.0001,1246.0,run entry through output export; wall-clock UTC difference,3.12.7,2.10.0+cu128,0.25.0+cu128,12.8,NVIDIA GeForce RTX 5070 Ti,research-lab/experiments/registered-workflow/runs/primary/run_0490,True,True
run_0491,original,organamnist,resnet50,A,submitted,30,23,60,32,24,adamw,0.0001,0.0001,1412.0,run entry through output export; wall-clock UTC difference,3.12.7,2.10.0+cu128,0.25.0+cu128,12.8,NVIDIA GeForce RTX 5070 Ti,research-lab/experiments/registered-workflow/runs/primary/run_0491,True,True
run_0492,original,organamnist,resnet50,B,submitted,60,60,60,32,24,adamw,0.0001,0.0001,2565.0,run entry through output export; wall-clock UTC difference,3.12.7,2.10.0+cu128,0.25.0+cu128,12.8,NVIDIA GeForce RTX 5070 Ti,research-lab/experiments/registered-workflow/runs/primary/run_0492,True,True
run_0493,original,organamnist,densenet121,A,submitted,30,23,60,32,24,adamw,0.0001,0.0001,1491.0,run entry through output export; wall-clock UTC difference,3.12.7,2.10.0+cu128,0.25.0+cu128,12.8,NVIDIA GeForce RTX 5070 Ti,research-lab/experiments/registered-workflow/runs/primary/run_0493,True,True
run_0494,original,organamnist,densenet121,B,submitted,60,60,60,32,24,adamw,0.0001,0.0001,2723.0,run entry through output export; wall-clock UTC difference,3.12.7,2.10.0+cu128,0.25.0+cu128,12.8,NVIDIA GeForce RTX 5070 Ti,research-lab/experiments/registered-workflow/runs/primary/run_0494,True,True
run_0495,original,organamnist,efficientnet_b0,A,submitted,60,57,60,32,24,adamw,0.0001,0.0001,1329.0,run entry through output export; wall-clock UTC difference,3.12.7,2.10.0+cu128,0.25.0+cu128,12.8,NVIDIA GeForce RTX 5070 Ti,research-lab/experiments/registered-workflow/runs/primary/run_0495,True,True
run_0496,original,organamnist,efficientnet_b0,B,submitted,60,60,60,32,24,adamw,0.0001,0.0001,1325.0,run entry through output export; wall-clock UTC difference,3.12.7,2.10.0+cu128,0.25.0+cu128,12.8,NVIDIA GeForce RTX 5070 Ti,research-lab/experiments/registered-workflow/runs/primary/run_0496,True,True
run_0497,original,organamnist,resnet18,A,submitted,28,21,60,32,24,adamw,0.0001,0.0001,726.0,run entry through output export; wall-clock UTC difference,3.12.7,2.10.0+cu128,0.25.0+cu128,12.8,NVIDIA GeForce RTX 5070 Ti,research-lab/experiments/registered-workflow/runs/primary/run_0497,True,True
run_0498,original,organamnist,resnet18,B,submitted,60,60,60,32,24,adamw,0.0001,0.0001,1253.0,run entry through output export; wall-clock UTC difference,3.12.7,2.10.0+cu128,0.25.0+cu128,12.8,NVIDIA GeForce RTX 5070 Ti,research-lab/experiments/registered-workflow/runs/primary/run_0498,True,True
run_0499,original,organamnist,resnet50,A,submitted,19,12,60,32,24,adamw,0.0001,0.0001,991.0,run entry through output export; wall-clock UTC difference,3.12.7,2.10.0+cu128,0.25.0+cu128,12.8,NVIDIA GeForce RTX 5070 Ti,research-lab/experiments/registered-workflow/runs/primary/run_0499,True,True
run_0500,original,organamnist,resnet50,B,submitted,60,60,60,32,24,adamw,0.0001,0.0001,2589.0,run entry through output export; wall-clock UTC difference,3.12.7,2.10.0+cu128,0.25.0+cu128,12.8,NVIDIA GeForce RTX 5070 Ti,research-lab/experiments/registered-workflow/runs/primary/run_0500,True,True
run_0501,original,organamnist,densenet121,A,submitted,29,22,60,32,24,adamw,0.0001,0.0001,1451.0,run entry through output export; wall-clock UTC difference,3.12.7,2.10.0+cu128,0.25.0+cu128,12.8,NVIDIA GeForce RTX 5070 Ti,research-lab/experiments/registered-workflow/runs/primary/run_0501,True,True
run_0502,original,organamnist,densenet121,B,submitted,60,60,60,32,24,adamw,0.0001,0.0001,2726.0,run entry through output export; wall-clock UTC difference,3.12.7,2.10.0+cu128,0.25.0+cu128,12.8,NVIDIA GeForce RTX 5070 Ti,research-lab/experiments/registered-workflow/runs/primary/run_0502,True,True
run_0503,original,organamnist,efficientnet_b0,A,submitted,60,59,60,32,24,adamw,0.0001,0.0001,1330.0,run entry through output export; wall-clock UTC difference,3.12.7,2.10.0+cu128,0.25.0+cu128,12.8,NVIDIA GeForce RTX 5070 Ti,research-lab/experiments/registered-workflow/runs/primary/run_0503,True,True
run_0504,original,organamnist,efficientnet_b0,B,submitted,60,60,60,32,24,adamw,0.0001,0.0001,1325.0,run entry through output export; wall-clock UTC difference,3.12.7,2.10.0+cu128,0.25.0+cu128,12.8,NVIDIA GeForce RTX 5070 Ti,research-lab/experiments/registered-workflow/runs/primary/run_0504,True,True
run_0505,original,organamnist,resnet18,A,submitted,23,16,60,32,24,adamw,0.0001,0.0001,635.0,run entry through output export; wall-clock UTC difference,3.12.7,2.10.0+cu128,0.25.0+cu128,12.8,NVIDIA GeForce RTX 5070 Ti,research-lab/experiments/registered-workflow/runs/primary/run_0505,True,True
run_0506,original,organamnist,resnet18,B,submitted,60,60,60,32,24,adamw,0.0001,0.0001,1251.0,run entry through output export; wall-clock UTC difference,3.12.7,2.10.0+cu128,0.25.0+cu128,12.8,NVIDIA GeForce RTX 5070 Ti,research-lab/experiments/registered-workflow/runs/primary/run_0506,True,True
run_0507,original,organamnist,resnet50,A,submitted,16,9,60,32,24,adamw,0.0001,0.0001,873.0,run entry through output export; wall-clock UTC difference,3.12.7,2.10.0+cu128,0.25.0+cu128,12.8,NVIDIA GeForce RTX 5070 Ti,research-lab/experiments/registered-workflow/runs/primary/run_0507,True,True
run_0508,original,organamnist,resnet50,B,submitted,60,60,60,32,24,adamw,0.0001,0.0001,2568.0,run entry through output export; wall-clock UTC difference,3.12.7,2.10.0+cu128,0.25.0+cu128,12.8,NVIDIA GeForce RTX 5070 Ti,research-lab/experiments/registered-workflow/runs/primary/run_0508,True,True
run_0509,original,organamnist,densenet121,A,submitted,36,29,60,32,24,adamw,0.0001,0.0001,1739.0,run entry through output export; wall-clock UTC difference,3.12.7,2.10.0+cu128,0.25.0+cu128,12.8,NVIDIA GeForce RTX 5070 Ti,research-lab/experiments/registered-workflow/runs/primary/run_0509,True,True
run_0510,original,organamnist,densenet121,B,submitted,60,60,60,32,24,adamw,0.0001,0.0001,2723.0,run entry through output export; wall-clock UTC difference,3.12.7,2.10.0+cu128,0.25.0+cu128,12.8,NVIDIA GeForce RTX 5070 Ti,research-lab/experiments/registered-workflow/runs/primary/run_0510,True,True
run_0511,original,organamnist,efficientnet_b0,A,submitted,60,58,60,32,24,adamw,0.0001,0.0001,1326.0,run entry through output export; wall-clock UTC difference,3.12.7,2.10.0+cu128,0.25.0+cu128,12.8,NVIDIA GeForce RTX 5070 Ti,research-lab/experiments/registered-workflow/runs/primary/run_0511,True,True
run_0512,original,organamnist,efficientnet_b0,B,submitted,60,60,60,32,24,adamw,0.0001,0.0001,1326.0,run entry through output export; wall-clock UTC difference,3.12.7,2.10.0+cu128,0.25.0+cu128,12.8,NVIDIA GeForce RTX 5070 Ti,research-lab/experiments/registered-workflow/runs/primary/run_0512,True,True
run_0513,original,organamnist,resnet18,A,submitted,28,21,60,32,24,adamw,0.0001,0.0001,717.0,run entry through output export; wall-clock UTC difference,3.12.7,2.10.0+cu128,0.25.0+cu128,12.8,NVIDIA GeForce RTX 5070 Ti,research-lab/experiments/registered-workflow/runs/primary/run_0513,True,True
run_0514,original,organamnist,resnet18,B,submitted,60,60,60,32,24,adamw,0.0001,0.0001,1248.0,run entry through output export; wall-clock UTC difference,3.12.7,2.10.0+cu128,0.25.0+cu128,12.8,NVIDIA GeForce RTX 5070 Ti,research-lab/experiments/registered-workflow/runs/primary/run_0514,True,True
run_0515,original,organamnist,resnet50,A,submitted,21,14,60,32,24,adamw,0.0001,0.0001,1066.0,run entry through output export; wall-clock UTC difference,3.12.7,2.10.0+cu128,0.25.0+cu128,12.8,NVIDIA GeForce RTX 5070 Ti,research-lab/experiments/registered-workflow/runs/primary/run_0515,True,True
run_0516,original,organamnist,resnet50,B,submitted,60,60,60,32,24,adamw,0.0001,0.0001,2568.0,run entry through output export; wall-clock UTC difference,3.12.7,2.10.0+cu128,0.25.0+cu128,12.8,NVIDIA GeForce RTX 5070 Ti,research-lab/experiments/registered-workflow/runs/primary/run_0516,True,True
run_0517,original,organamnist,densenet121,A,submitted,49,42,60,32,24,adamw,0.0001,0.0001,2273.0,run entry through output export; wall-clock UTC difference,3.12.7,2.10.0+cu128,0.25.0+cu128,12.8,NVIDIA GeForce RTX 5070 Ti,research-lab/experiments/registered-workflow/runs/primary/run_0517,True,True
run_0518,original,organamnist,densenet121,B,submitted,60,60,60,32,24,adamw,0.0001,0.0001,2724.0,run entry through output export; wall-clock UTC difference,3.12.7,2.10.0+cu128,0.25.0+cu128,12.8,NVIDIA GeForce RTX 5070 Ti,research-lab/experiments/registered-workflow/runs/primary/run_0518,True,True
run_0519,original,organamnist,efficientnet_b0,A,submitted,60,56,60,32,24,adamw,0.0001,0.0001,1326.0,run entry through output export; wall-clock UTC difference,3.12.7,2.10.0+cu128,0.25.0+cu128,12.8,NVIDIA GeForce RTX 5070 Ti,research-lab/experiments/registered-workflow/runs/primary/run_0519,True,True
run_0520,original,organamnist,efficientnet_b0,B,submitted,60,60,60,32,24,adamw,0.0001,0.0001,1327.0,run entry through output export; wall-clock UTC difference,3.12.7,2.10.0+cu128,0.25.0+cu128,12.8,NVIDIA GeForce RTX 5070 Ti,research-lab/experiments/registered-workflow/runs/primary/run_0520,True,True
run_0521,original,organamnist,resnet18,A,submitted,19,12,60,32,24,adamw,0.0001,0.0001,566.0,run entry through output export; wall-clock UTC difference,3.12.7,2.10.0+cu128,0.25.0+cu128,12.8,NVIDIA GeForce RTX 5070 Ti,research-lab/experiments/registered-workflow/runs/primary/run_0521,True,True
run_0522,original,organamnist,resnet18,B,submitted,60,60,60,32,24,adamw,0.0001,0.0001,1245.0,run entry through output export; wall-clock UTC difference,3.12.7,2.10.0+cu128,0.25.0+cu128,12.8,NVIDIA GeForce RTX 5070 Ti,research-lab/experiments/registered-workflow/runs/primary/run_0522,True,True
run_0523,original,organamnist,resnet50,A,submitted,19,12,60,32,24,adamw,0.0001,0.0001,988.0,run entry through output export; wall-clock UTC difference,3.12.7,2.10.0+cu128,0.25.0+cu128,12.8,NVIDIA GeForce RTX 5070 Ti,research-lab/experiments/registered-workflow/runs/primary/run_0523,True,True
run_0524,original,organamnist,resnet50,B,submitted,60,60,60,32,24,adamw,0.0001,0.0001,2572.0,run entry through output export; wall-clock UTC difference,3.12.7,2.10.0+cu128,0.25.0+cu128,12.8,NVIDIA GeForce RTX 5070 Ti,research-lab/experiments/registered-workflow/runs/primary/run_0524,True,True
run_0525,original,organamnist,densenet121,A,submitted,32,25,60,32,24,adamw,0.0001,0.0001,1571.0,run entry through output export; wall-clock UTC difference,3.12.7,2.10.0+cu128,0.25.0+cu128,12.8,NVIDIA GeForce RTX 5070 Ti,research-lab/experiments/registered-workflow/runs/primary/run_0525,True,True
run_0526,original,organamnist,densenet121,B,submitted,60,60,60,32,24,adamw,0.0001,0.0001,2724.0,run entry through output export; wall-clock UTC difference,3.12.7,2.10.0+cu128,0.25.0+cu128,12.8,NVIDIA GeForce RTX 5070 Ti,research-lab/experiments/registered-workflow/runs/primary/run_0526,True,True
run_0527,original,organamnist,efficientnet_b0,A,submitted,60,59,60,32,24,adamw,0.0001,0.0001,1485.0,run entry through output export; wall-clock UTC difference,3.12.7,2.10.0+cu128,0.25.0+cu128,12.8,NVIDIA GeForce RTX 5070 Ti,research-lab/experiments/registered-workflow/runs/primary/run_0527,True,True
run_0528,original,organamnist,efficientnet_b0,B,submitted,60,60,60,32,24,adamw,0.0001,0.0001,1488.0,run entry through output export; wall-clock UTC difference,3.12.7,2.10.0+cu128,0.25.0+cu128,12.8,NVIDIA GeForce RTX 5070 Ti,research-lab/experiments/registered-workflow/runs/primary/run_0528,True,True
run_0529,original,organamnist,resnet18,A,submitted,24,17,60,32,24,adamw,0.0001,0.0001,665.0,run entry through output export; wall-clock UTC difference,3.12.7,2.10.0+cu128,0.25.0+cu128,12.8,NVIDIA GeForce RTX 5070 Ti,research-lab/experiments/registered-workflow/runs/primary/run_0529,True,True
run_0530,original,organamnist,resnet18,B,submitted,60,60,60,32,24,adamw,0.0001,0.0001,1297.0,run entry through output export; wall-clock UTC difference,3.12.7,2.10.0+cu128,0.25.0+cu128,12.8,NVIDIA GeForce RTX 5070 Ti,research-lab/experiments/registered-workflow/runs/primary/run_0530,True,True
run_0531,original,organamnist,resnet50,A,submitted,27,20,60,32,24,adamw,0.0001,0.0001,1292.0,run entry through output export; wall-clock UTC difference,3.12.7,2.10.0+cu128,0.25.0+cu128,12.8,NVIDIA GeForce RTX 5070 Ti,research-lab/experiments/registered-workflow/runs/primary/run_0531,True,True
run_0532,original,organamnist,resnet50,B,submitted,60,60,60,32,24,adamw,0.0001,0.0001,2563.0,run entry through output export; wall-clock UTC difference,3.12.7,2.10.0+cu128,0.25.0+cu128,12.8,NVIDIA GeForce RTX 5070 Ti,research-lab/experiments/registered-workflow/runs/primary/run_0532,True,True
run_0533,original,organamnist,densenet121,A,submitted,30,23,60,32,24,adamw,0.0001,0.0001,1487.0,run entry through output export; wall-clock UTC difference,3.12.7,2.10.0+cu128,0.25.0+cu128,12.8,NVIDIA GeForce RTX 5070 Ti,research-lab/experiments/registered-workflow/runs/primary/run_0533,True,True
run_0534,original,organamnist,densenet121,B,submitted,60,60,60,32,24,adamw,0.0001,0.0001,2725.0,run entry through output export; wall-clock UTC difference,3.12.7,2.10.0+cu128,0.25.0+cu128,12.8,NVIDIA GeForce RTX 5070 Ti,research-lab/experiments/registered-workflow/runs/primary/run_0534,True,True
run_0535,original,organamnist,efficientnet_b0,A,submitted,39,32,60,32,24,adamw,0.0001,0.0001,1051.0,run entry through output export; wall-clock UTC difference,3.12.7,2.10.0+cu128,0.25.0+cu128,12.8,NVIDIA GeForce RTX 5070 Ti,research-lab/experiments/registered-workflow/runs/primary/run_0535,True,True
run_0536,original,organamnist,efficientnet_b0,B,submitted,60,60,60,32,24,adamw,0.0001,0.0001,1481.0,run entry through output export; wall-clock UTC difference,3.12.7,2.10.0+cu128,0.25.0+cu128,12.8,NVIDIA GeForce RTX 5070 Ti,research-lab/experiments/registered-workflow/runs/primary/run_0536,True,True
run_0537,original,organamnist,resnet18,A,submitted,31,24,60,32,24,adamw,0.0001,0.0001,788.0,run entry through output export; wall-clock UTC difference,3.12.7,2.10.0+cu128,0.25.0+cu128,12.8,NVIDIA GeForce RTX 5070 Ti,research-lab/experiments/registered-workflow/runs/primary/run_0537,True,True
run_0538,original,organamnist,resnet18,B,submitted,60,60,60,32,24,adamw,0.0001,0.0001,1296.0,run entry through output export; wall-clock UTC difference,3.12.7,2.10.0+cu128,0.25.0+cu128,12.8,NVIDIA GeForce RTX 5070 Ti,research-lab/experiments/registered-workflow/runs/primary/run_0538,True,True
run_0539,original,organamnist,resnet50,A,submitted,23,16,60,32,24,adamw,0.0001,0.0001,1138.0,run entry through output export; wall-clock UTC difference,3.12.7,2.10.0+cu128,0.25.0+cu128,12.8,NVIDIA GeForce RTX 5070 Ti,research-lab/experiments/registered-workflow/runs/primary/run_0539,True,True
run_0540,original,organamnist,resnet50,B,submitted,60,60,60,32,24,adamw,0.0001,0.0001,2567.0,run entry through output export; wall-clock UTC difference,3.12.7,2.10.0+cu128,0.25.0+cu128,12.8,NVIDIA GeForce RTX 5070 Ti,research-lab/experiments/registered-workflow/runs/primary/run_0540,True,True
run_0541,original,organamnist,densenet121,A,submitted,38,31,60,32,24,adamw,0.0001,0.0001,1819.0,run entry through output export; wall-clock UTC difference,3.12.7,2.10.0+cu128,0.25.0+cu128,12.8,NVIDIA GeForce RTX 5070 Ti,research-lab/experiments/registered-workflow/runs/primary/run_0541,True,True
run_0542,original,organamnist,densenet121,B,submitted,60,60,60,32,24,adamw,0.0001,0.0001,2727.0,run entry through output export; wall-clock UTC difference,3.12.7,2.10.0+cu128,0.25.0+cu128,12.8,NVIDIA GeForce RTX 5070 Ti,research-lab/experiments/registered-workflow/runs/primary/run_0542,True,True
run_0543,original,organamnist,efficientnet_b0,A,submitted,60,60,60,32,24,adamw,0.0001,0.0001,1489.0,run entry through output export; wall-clock UTC difference,3.12.7,2.10.0+cu128,0.25.0+cu128,12.8,NVIDIA GeForce RTX 5070 Ti,research-lab/experiments/registered-workflow/runs/primary/run_0543,True,True
run_0544,original,organamnist,efficientnet_b0,B,submitted,60,60,60,32,24,adamw,0.0001,0.0001,1485.0,run entry through output export; wall-clock UTC difference,3.12.7,2.10.0+cu128,0.25.0+cu128,12.8,NVIDIA GeForce RTX 5070 Ti,research-lab/experiments/registered-workflow/runs/primary/run_0544,True,True
run_0545,original,organamnist,resnet18,A,submitted,19,12,60,32,24,adamw,0.0001,0.0001,581.0,run entry through output export; wall-clock UTC difference,3.12.7,2.10.0+cu128,0.25.0+cu128,12.8,NVIDIA GeForce RTX 5070 Ti,research-lab/experiments/registered-workflow/runs/primary/run_0545,True,True
run_0546,original,organamnist,resnet18,B,submitted,60,60,60,32,24,adamw,0.0001,0.0001,1295.0,run entry through output export; wall-clock UTC difference,3.12.7,2.10.0+cu128,0.25.0+cu128,12.8,NVIDIA GeForce RTX 5070 Ti,research-lab/experiments/registered-workflow/runs/primary/run_0546,True,True
run_0547,original,organamnist,resnet50,A,submitted,22,15,60,32,24,adamw,0.0001,0.0001,1100.0,run entry through output export; wall-clock UTC difference,3.12.7,2.10.0+cu128,0.25.0+cu128,12.8,NVIDIA GeForce RTX 5070 Ti,research-lab/experiments/registered-workflow/runs/primary/run_0547,True,True
run_0548,original,organamnist,resnet50,B,submitted,60,60,60,32,24,adamw,0.0001,0.0001,2565.0,run entry through output export; wall-clock UTC difference,3.12.7,2.10.0+cu128,0.25.0+cu128,12.8,NVIDIA GeForce RTX 5070 Ti,research-lab/experiments/registered-workflow/runs/primary/run_0548,True,True
run_0549,original,organamnist,densenet121,A,submitted,30,23,60,32,24,adamw,0.0001,0.0001,1491.0,run entry through output export; wall-clock UTC difference,3.12.7,2.10.0+cu128,0.25.0+cu128,12.8,NVIDIA GeForce RTX 5070 Ti,research-lab/experiments/registered-workflow/runs/primary/run_0549,True,True
run_0550,original,organamnist,densenet121,B,submitted,60,60,60,32,24,adamw,0.0001,0.0001,2731.0,run entry through output export; wall-clock UTC difference,3.12.7,2.10.0+cu128,0.25.0+cu128,12.8,NVIDIA GeForce RTX 5070 Ti,research-lab/experiments/registered-workflow/runs/primary/run_0550,True,True
run_0551,original,organamnist,efficientnet_b0,A,submitted,59,52,60,32,24,adamw,0.0001,0.0001,1469.0,run entry through output export; wall-clock UTC difference,3.12.7,2.10.0+cu128,0.25.0+cu128,12.8,NVIDIA GeForce RTX 5070 Ti,research-lab/experiments/registered-workflow/runs/primary/run_0551,True,True
run_0552,original,organamnist,efficientnet_b0,B,submitted,60,60,60,32,24,adamw,0.0001,0.0001,1487.0,run entry through output export; wall-clock UTC difference,3.12.7,2.10.0+cu128,0.25.0+cu128,12.8,NVIDIA GeForce RTX 5070 Ti,research-lab/experiments/registered-workflow/runs/primary/run_0552,True,True
run_0553,original,organamnist,resnet18,A,submitted,32,25,60,32,24,adamw,0.0001,0.0001,806.0,run entry through output export; wall-clock UTC difference,3.12.7,2.10.0+cu128,0.25.0+cu128,12.8,NVIDIA GeForce RTX 5070 Ti,research-lab/experiments/registered-workflow/runs/primary/run_0553,True,True
run_0554,original,organamnist,resnet18,B,submitted,60,60,60,32,24,adamw,0.0001,0.0001,1316.0,run entry through output export; wall-clock UTC difference,3.12.7,2.10.0+cu128,0.25.0+cu128,12.8,NVIDIA GeForce RTX 5070 Ti,research-lab/experiments/registered-workflow/runs/primary/run_0554,True,True
run_0555,original,organamnist,resnet50,A,submitted,31,24,60,32,24,adamw,0.0001,0.0001,1451.0,run entry through output export; wall-clock UTC difference,3.12.7,2.10.0+cu128,0.25.0+cu128,12.8,NVIDIA GeForce RTX 5070 Ti,research-lab/experiments/registered-workflow/runs/primary/run_0555,True,True
run_0556,original,organamnist,resnet50,B,submitted,60,60,60,32,24,adamw,0.0001,0.0001,2615.0,run entry through output export; wall-clock UTC difference,3.12.7,2.10.0+cu128,0.25.0+cu128,12.8,NVIDIA GeForce RTX 5070 Ti,research-lab/experiments/registered-workflow/runs/primary/run_0556,True,True
run_0557,original,organamnist,densenet121,A,submitted,38,31,60,32,24,adamw,0.0001,0.0001,1830.0,run entry through output export; wall-clock UTC difference,3.12.7,2.10.0+cu128,0.25.0+cu128,12.8,NVIDIA GeForce RTX 5070 Ti,research-lab/experiments/registered-workflow/runs/primary/run_0557,True,True
run_0558,original,organamnist,densenet121,B,submitted,60,60,60,32,24,adamw,0.0001,0.0001,2739.0,run entry through output export; wall-clock UTC difference,3.12.7,2.10.0+cu128,0.25.0+cu128,12.8,NVIDIA GeForce RTX 5070 Ti,research-lab/experiments/registered-workflow/runs/primary/run_0558,True,True
run_0559,original,organamnist,efficientnet_b0,A,submitted,57,50,60,32,24,adamw,0.0001,0.0001,1416.0,run entry through output export; wall-clock UTC difference,3.12.7,2.10.0+cu128,0.25.0+cu128,12.8,NVIDIA GeForce RTX 5070 Ti,research-lab/experiments/registered-workflow/runs/primary/run_0559,True,True
run_0560,original,organamnist,efficientnet_b0,B,submitted,60,60,60,32,24,adamw,0.0001,0.0001,1475.0,run entry through output export; wall-clock UTC difference,3.12.7,2.10.0+cu128,0.25.0+cu128,12.8,NVIDIA GeForce RTX 5070 Ti,research-lab/experiments/registered-workflow/runs/primary/run_0560,True,True
run_0561,original,organamnist,resnet18,A,submitted,31,24,60,32,24,adamw,0.0001,0.0001,801.0,run entry through output export; wall-clock UTC difference,3.12.7,2.10.0+cu128,0.25.0+cu128,12.8,NVIDIA GeForce RTX 5070 Ti,research-lab/experiments/registered-workflow/runs/primary/run_0561,True,True
run_0562,original,organamnist,resnet18,B,submitted,60,60,60,32,24,adamw,0.0001,0.0001,1296.0,run entry through output export; wall-clock UTC difference,3.12.7,2.10.0+cu128,0.25.0+cu128,12.8,NVIDIA GeForce RTX 5070 Ti,research-lab/experiments/registered-workflow/runs/primary/run_0562,True,True
run_0563,original,organamnist,resnet50,A,submitted,25,18,60,32,24,adamw,0.0001,0.0001,1222.0,run entry through output export; wall-clock UTC difference,3.12.7,2.10.0+cu128,0.25.0+cu128,12.8,NVIDIA GeForce RTX 5070 Ti,research-lab/experiments/registered-workflow/runs/primary/run_0563,True,True
run_0564,original,organamnist,resnet50,B,submitted,60,60,60,32,24,adamw,0.0001,0.0001,2575.0,run entry through output export; wall-clock UTC difference,3.12.7,2.10.0+cu128,0.25.0+cu128,12.8,NVIDIA GeForce RTX 5070 Ti,research-lab/experiments/registered-workflow/runs/primary/run_0564,True,True
run_0565,original,organamnist,densenet121,A,submitted,44,37,60,32,24,adamw,0.0001,0.0001,2064.0,run entry through output export; wall-clock UTC difference,3.12.7,2.10.0+cu128,0.25.0+cu128,12.8,NVIDIA GeForce RTX 5070 Ti,research-lab/experiments/registered-workflow/runs/primary/run_0565,True,True
run_0566,original,organamnist,densenet121,B,submitted,60,60,60,32,24,adamw,0.0001,0.0001,2723.0,run entry through output export; wall-clock UTC difference,3.12.7,2.10.0+cu128,0.25.0+cu128,12.8,NVIDIA GeForce RTX 5070 Ti,research-lab/experiments/registered-workflow/runs/primary/run_0566,True,True
run_0567,original,organamnist,efficientnet_b0,A,submitted,52,45,60,32,24,adamw,0.0001,0.0001,1309.0,run entry through output export; wall-clock UTC difference,3.12.7,2.10.0+cu128,0.25.0+cu128,12.8,NVIDIA GeForce RTX 5070 Ti,research-lab/experiments/registered-workflow/runs/primary/run_0567,True,True
run_0568,original,organamnist,efficientnet_b0,B,submitted,60,60,60,32,24,adamw,0.0001,0.0001,1479.0,run entry through output export; wall-clock UTC difference,3.12.7,2.10.0+cu128,0.25.0+cu128,12.8,NVIDIA GeForce RTX 5070 Ti,research-lab/experiments/registered-workflow/runs/primary/run_0568,True,True
run_0569,original,organamnist,resnet18,A,submitted,21,14,60,32,24,adamw,0.0001,0.0001,615.0,run entry through output export; wall-clock UTC difference,3.12.7,2.10.0+cu128,0.25.0+cu128,12.8,NVIDIA GeForce RTX 5070 Ti,research-lab/experiments/registered-workflow/runs/primary/run_0569,True,True
run_0570,original,organamnist,resnet18,B,submitted,60,60,60,32,24,adamw,0.0001,0.0001,1290.0,run entry through output export; wall-clock UTC difference,3.12.7,2.10.0+cu128,0.25.0+cu128,12.8,NVIDIA GeForce RTX 5070 Ti,research-lab/experiments/registered-workflow/runs/primary/run_0570,True,True
run_0571,original,organamnist,resnet50,A,submitted,26,19,60,32,24,adamw,0.0001,0.0001,1259.0,run entry through output export; wall-clock UTC difference,3.12.7,2.10.0+cu128,0.25.0+cu128,12.8,NVIDIA GeForce RTX 5070 Ti,research-lab/experiments/registered-workflow/runs/primary/run_0571,True,True
run_0572,original,organamnist,resnet50,B,submitted,60,60,60,32,24,adamw,0.0001,0.0001,2570.0,run entry through output export; wall-clock UTC difference,3.12.7,2.10.0+cu128,0.25.0+cu128,12.8,NVIDIA GeForce RTX 5070 Ti,research-lab/experiments/registered-workflow/runs/primary/run_0572,True,True
run_0573,original,organamnist,densenet121,A,submitted,46,39,60,32,24,adamw,0.0001,0.0001,2148.0,run entry through output export; wall-clock UTC difference,3.12.7,2.10.0+cu128,0.25.0+cu128,12.8,NVIDIA GeForce RTX 5070 Ti,research-lab/experiments/registered-workflow/runs/primary/run_0573,True,True
run_0574,original,organamnist,densenet121,B,submitted,60,60,60,32,24,adamw,0.0001,0.0001,2725.0,run entry through output export; wall-clock UTC difference,3.12.7,2.10.0+cu128,0.25.0+cu128,12.8,NVIDIA GeForce RTX 5070 Ti,research-lab/experiments/registered-workflow/runs/primary/run_0574,True,True
run_0575,original,organamnist,efficientnet_b0,A,submitted,60,59,60,32,24,adamw,0.0001,0.0001,1468.0,run entry through output export; wall-clock UTC difference,3.12.7,2.10.0+cu128,0.25.0+cu128,12.8,NVIDIA GeForce RTX 5070 Ti,research-lab/experiments/registered-workflow/runs/primary/run_0575,True,True
run_0576,original,organamnist,efficientnet_b0,B,submitted,60,60,60,32,24,adamw,0.0001,0.0001,1467.0,run entry through output export; wall-clock UTC difference,3.12.7,2.10.0+cu128,0.25.0+cu128,12.8,NVIDIA GeForce RTX 5070 Ti,research-lab/experiments/registered-workflow/runs/primary/run_0576,True,True
run_0577,original,organamnist,resnet18,A,submitted,25,18,60,32,24,adamw,0.0001,0.0001,682.0,run entry through output export; wall-clock UTC difference,3.12.7,2.10.0+cu128,0.25.0+cu128,12.8,NVIDIA GeForce RTX 5070 Ti,research-lab/experiments/registered-workflow/runs/primary/run_0577,True,True
run_0578,original,organamnist,resnet18,B,submitted,60,60,60,32,24,adamw,0.0001,0.0001,1290.0,run entry through output export; wall-clock UTC difference,3.12.7,2.10.0+cu128,0.25.0+cu128,12.8,NVIDIA GeForce RTX 5070 Ti,research-lab/experiments/registered-workflow/runs/primary/run_0578,True,True
run_0579,original,organamnist,resnet50,A,submitted,19,12,60,32,24,adamw,0.0001,0.0001,989.0,run entry through output export; wall-clock UTC difference,3.12.7,2.10.0+cu128,0.25.0+cu128,12.8,NVIDIA GeForce RTX 5070 Ti,research-lab/experiments/registered-workflow/runs/primary/run_0579,True,True
run_0580,original,organamnist,resnet50,B,submitted,60,60,60,32,24,adamw,0.0001,0.0001,2573.0,run entry through output export; wall-clock UTC difference,3.12.7,2.10.0+cu128,0.25.0+cu128,12.8,NVIDIA GeForce RTX 5070 Ti,research-lab/experiments/registered-workflow/runs/primary/run_0580,True,True
run_0581,original,organamnist,densenet121,A,submitted,42,35,60,32,24,adamw,0.0001,0.0001,1981.0,run entry through output export; wall-clock UTC difference,3.12.7,2.10.0+cu128,0.25.0+cu128,12.8,NVIDIA GeForce RTX 5070 Ti,research-lab/experiments/registered-workflow/runs/primary/run_0581,True,True
run_0582,original,organamnist,densenet121,B,submitted,60,60,60,32,24,adamw,0.0001,0.0001,2719.0,run entry through output export; wall-clock UTC difference,3.12.7,2.10.0+cu128,0.25.0+cu128,12.8,NVIDIA GeForce RTX 5070 Ti,research-lab/experiments/registered-workflow/runs/primary/run_0582,True,True
run_0583,original,organamnist,efficientnet_b0,A,submitted,46,39,60,32,24,adamw,0.0001,0.0001,1185.0,run entry through output export; wall-clock UTC difference,3.12.7,2.10.0+cu128,0.25.0+cu128,12.8,NVIDIA GeForce RTX 5070 Ti,research-lab/experiments/registered-workflow/runs/primary/run_0583,True,True
run_0584,original,organamnist,efficientnet_b0,B,submitted,60,60,60,32,24,adamw,0.0001,0.0001,1465.0,run entry through output export; wall-clock UTC difference,3.12.7,2.10.0+cu128,0.25.0+cu128,12.8,NVIDIA GeForce RTX 5070 Ti,research-lab/experiments/registered-workflow/runs/primary/run_0584,True,True
run_0585,original,organamnist,resnet18,A,submitted,27,20,60,32,24,adamw,0.0001,0.0001,717.0,run entry through output export; wall-clock UTC difference,3.12.7,2.10.0+cu128,0.25.0+cu128,12.8,NVIDIA GeForce RTX 5070 Ti,research-lab/experiments/registered-workflow/runs/primary/run_0585,True,True
run_0586,original,organamnist,resnet18,B,submitted,60,60,60,32,24,adamw,0.0001,0.0001,1291.0,run entry through output export; wall-clock UTC difference,3.12.7,2.10.0+cu128,0.25.0+cu128,12.8,NVIDIA GeForce RTX 5070 Ti,research-lab/experiments/registered-workflow/runs/primary/run_0586,True,True
run_0587,original,organamnist,resnet50,A,submitted,22,15,60,32,24,adamw,0.0001,0.0001,1104.0,run entry through output export; wall-clock UTC difference,3.12.7,2.10.0+cu128,0.25.0+cu128,12.8,NVIDIA GeForce RTX 5070 Ti,research-lab/experiments/registered-workflow/runs/primary/run_0587,True,True
run_0588,original,organamnist,resnet50,B,submitted,60,60,60,32,24,adamw,0.0001,0.0001,2568.0,run entry through output export; wall-clock UTC difference,3.12.7,2.10.0+cu128,0.25.0+cu128,12.8,NVIDIA GeForce RTX 5070 Ti,research-lab/experiments/registered-workflow/runs/primary/run_0588,True,True
run_0589,original,organamnist,densenet121,A,submitted,46,39,60,32,24,adamw,0.0001,0.0001,2142.0,run entry through output export; wall-clock UTC difference,3.12.7,2.10.0+cu128,0.25.0+cu128,12.8,NVIDIA GeForce RTX 5070 Ti,research-lab/experiments/registered-workflow/runs/primary/run_0589,True,True
run_0590,original,organamnist,densenet121,B,submitted,60,60,60,32,24,adamw,0.0001,0.0001,2720.0,run entry through output export; wall-clock UTC difference,3.12.7,2.10.0+cu128,0.25.0+cu128,12.8,NVIDIA GeForce RTX 5070 Ti,research-lab/experiments/registered-workflow/runs/primary/run_0590,True,True
run_0591,original,organamnist,efficientnet_b0,A,submitted,44,37,60,32,24,adamw,0.0001,0.0001,1148.0,run entry through output export; wall-clock UTC difference,3.12.7,2.10.0+cu128,0.25.0+cu128,12.8,NVIDIA GeForce RTX 5070 Ti,research-lab/experiments/registered-workflow/runs/primary/run_0591,True,True
run_0592,original,organamnist,efficientnet_b0,B,submitted,60,60,60,32,24,adamw,0.0001,0.0001,1471.0,run entry through output export; wall-clock UTC difference,3.12.7,2.10.0+cu128,0.25.0+cu128,12.8,NVIDIA GeForce RTX 5070 Ti,research-lab/experiments/registered-workflow/runs/primary/run_0592,True,True
run_0593,original,organamnist,resnet18,A,submitted,23,16,60,32,24,adamw,0.0001,0.0001,633.0,run entry through output export; wall-clock UTC difference,3.12.7,2.10.0+cu128,0.25.0+cu128,12.8,NVIDIA GeForce RTX 5070 Ti,research-lab/experiments/registered-workflow/runs/primary/run_0593,True,True
run_0594,original,organamnist,resnet18,B,submitted,60,60,60,32,24,adamw,0.0001,0.0001,1239.0,run entry through output export; wall-clock UTC difference,3.12.7,2.10.0+cu128,0.25.0+cu128,12.8,NVIDIA GeForce RTX 5070 Ti,research-lab/experiments/registered-workflow/runs/primary/run_0594,True,True
run_0595,original,organamnist,resnet50,A,submitted,23,16,60,32,24,adamw,0.0001,0.0001,1140.0,run entry through output export; wall-clock UTC difference,3.12.7,2.10.0+cu128,0.25.0+cu128,12.8,NVIDIA GeForce RTX 5070 Ti,research-lab/experiments/registered-workflow/runs/primary/run_0595,True,True
run_0596,original,organamnist,resnet50,B,submitted,60,60,60,32,24,adamw,0.0001,0.0001,2562.0,run entry through output export; wall-clock UTC difference,3.12.7,2.10.0+cu128,0.25.0+cu128,12.8,NVIDIA GeForce RTX 5070 Ti,research-lab/experiments/registered-workflow/runs/primary/run_0596,True,True
run_0597,original,organamnist,densenet121,A,submitted,52,45,60,32,24,adamw,0.0001,0.0001,2389.0,run entry through output export; wall-clock UTC difference,3.12.7,2.10.0+cu128,0.25.0+cu128,12.8,NVIDIA GeForce RTX 5070 Ti,research-lab/experiments/registered-workflow/runs/primary/run_0597,True,True
run_0598,original,organamnist,densenet121,B,submitted,60,60,60,32,24,adamw,0.0001,0.0001,2739.0,run entry through output export; wall-clock UTC difference,3.12.7,2.10.0+cu128,0.25.0+cu128,12.8,NVIDIA GeForce RTX 5070 Ti,research-lab/experiments/registered-workflow/runs/primary/run_0598,True,True
run_0599,original,organamnist,efficientnet_b0,A,submitted,60,58,60,32,24,adamw,0.0001,0.0001,1484.0,run entry through output export; wall-clock UTC difference,3.12.7,2.10.0+cu128,0.25.0+cu128,12.8,NVIDIA GeForce RTX 5070 Ti,research-lab/experiments/registered-workflow/runs/primary/run_0599,True,True
run_0600,original,organamnist,efficientnet_b0,B,submitted,60,60,60,32,24,adamw,0.0001,0.0001,1480.0,run entry through output export; wall-clock UTC difference,3.12.7,2.10.0+cu128,0.25.0+cu128,12.8,NVIDIA GeForce RTX 5070 Ti,research-lab/experiments/registered-workflow/runs/primary/run_0600,True,True
run_0601,original,organamnist,resnet18,A,submitted,30,23,60,32,24,adamw,0.0001,0.0001,768.0,run entry through output export; wall-clock UTC difference,3.12.7,2.10.0+cu128,0.25.0+cu128,12.8,NVIDIA GeForce RTX 5070 Ti,research-lab/experiments/registered-workflow/runs/primary/run_0601,True,True
run_0602,original,organamnist,resnet18,B,submitted,60,60,60,32,24,adamw,0.0001,0.0001,1300.0,run entry through output export; wall-clock UTC difference,3.12.7,2.10.0+cu128,0.25.0+cu128,12.8,NVIDIA GeForce RTX 5070 Ti,research-lab/experiments/registered-workflow/runs/primary/run_0602,True,True
run_0603,original,organamnist,resnet50,A,submitted,17,10,60,32,24,adamw,0.0001,0.0001,907.0,run entry through output export; wall-clock UTC difference,3.12.7,2.10.0+cu128,0.25.0+cu128,12.8,NVIDIA GeForce RTX 5070 Ti,research-lab/experiments/registered-workflow/runs/primary/run_0603,True,True
run_0604,original,organamnist,resnet50,B,submitted,60,60,60,32,24,adamw,0.0001,0.0001,2571.0,run entry through output export; wall-clock UTC difference,3.12.7,2.10.0+cu128,0.25.0+cu128,12.8,NVIDIA GeForce RTX 5070 Ti,research-lab/experiments/registered-workflow/runs/primary/run_0604,True,True
run_0605,original,organamnist,densenet121,A,submitted,34,27,60,32,24,adamw,0.0001,0.0001,1672.0,run entry through output export; wall-clock UTC difference,3.12.7,2.10.0+cu128,0.25.0+cu128,12.8,NVIDIA GeForce RTX 5070 Ti,research-lab/experiments/registered-workflow/runs/primary/run_0605,True,True
run_0606,original,organamnist,densenet121,B,submitted,60,60,60,32,24,adamw,0.0001,0.0001,2721.0,run entry through output export; wall-clock UTC difference,3.12.7,2.10.0+cu128,0.25.0+cu128,12.8,NVIDIA GeForce RTX 5070 Ti,research-lab/experiments/registered-workflow/runs/primary/run_0606,True,True
run_0607,original,organamnist,efficientnet_b0,A,submitted,54,47,60,32,24,adamw,0.0001,0.0001,1355.0,run entry through output export; wall-clock UTC difference,3.12.7,2.10.0+cu128,0.25.0+cu128,12.8,NVIDIA GeForce RTX 5070 Ti,research-lab/experiments/registered-workflow/runs/primary/run_0607,True,True
run_0608,original,organamnist,efficientnet_b0,B,submitted,60,60,60,32,24,adamw,0.0001,0.0001,1469.0,run entry through output export; wall-clock UTC difference,3.12.7,2.10.0+cu128,0.25.0+cu128,12.8,NVIDIA GeForce RTX 5070 Ti,research-lab/experiments/registered-workflow/runs/primary/run_0608,True,True
run_0609,original,organamnist,resnet18,A,submitted,25,18,60,32,24,adamw,0.0001,0.0001,686.0,run entry through output export; wall-clock UTC difference,3.12.7,2.10.0+cu128,0.25.0+cu128,12.8,NVIDIA GeForce RTX 5070 Ti,research-lab/experiments/registered-workflow/runs/primary/run_0609,True,True
run_0610,original,organamnist,resnet18,B,submitted,60,60,60,32,24,adamw,0.0001,0.0001,1283.0,run entry through output export; wall-clock UTC difference,3.12.7,2.10.0+cu128,0.25.0+cu128,12.8,NVIDIA GeForce RTX 5070 Ti,research-lab/experiments/registered-workflow/runs/primary/run_0610,True,True
run_0611,original,organamnist,resnet50,A,submitted,28,21,60,32,24,adamw,0.0001,0.0001,1326.0,run entry through output export; wall-clock UTC difference,3.12.7,2.10.0+cu128,0.25.0+cu128,12.8,NVIDIA GeForce RTX 5070 Ti,research-lab/experiments/registered-workflow/runs/primary/run_0611,True,True
run_0612,original,organamnist,resnet50,B,submitted,60,60,60,32,24,adamw,0.0001,0.0001,2550.0,run entry through output export; wall-clock UTC difference,3.12.7,2.10.0+cu128,0.25.0+cu128,12.8,NVIDIA GeForce RTX 5070 Ti,research-lab/experiments/registered-workflow/runs/primary/run_0612,True,True
run_0613,original,organamnist,densenet121,A,submitted,53,46,60,32,24,adamw,0.0001,0.0001,2414.0,run entry through output export; wall-clock UTC difference,3.12.7,2.10.0+cu128,0.25.0+cu128,12.8,NVIDIA GeForce RTX 5070 Ti,research-lab/experiments/registered-workflow/runs/primary/run_0613,True,True
run_0614,original,organamnist,densenet121,B,submitted,60,60,60,32,24,adamw,0.0001,0.0001,2697.0,run entry through output export; wall-clock UTC difference,3.12.7,2.10.0+cu128,0.25.0+cu128,12.8,NVIDIA GeForce RTX 5070 Ti,research-lab/experiments/registered-workflow/runs/primary/run_0614,True,True
run_0615,original,organamnist,efficientnet_b0,A,submitted,57,50,60,32,24,adamw,0.0001,0.0001,1263.0,run entry through output export; wall-clock UTC difference,3.12.7,2.10.0+cu128,0.25.0+cu128,12.8,NVIDIA GeForce RTX 5070 Ti,research-lab/experiments/registered-workflow/runs/primary/run_0615,True,True
run_0616,original,organamnist,efficientnet_b0,B,submitted,60,60,60,32,24,adamw,0.0001,0.0001,1465.0,run entry through output export; wall-clock UTC difference,3.12.7,2.10.0+cu128,0.25.0+cu128,12.8,NVIDIA GeForce RTX 5070 Ti,research-lab/experiments/registered-workflow/runs/primary/run_0616,True,True
run_0617,original,organamnist,resnet18,A,submitted,27,20,60,32,24,adamw,0.0001,0.0001,709.0,run entry through output export; wall-clock UTC difference,3.12.7,2.10.0+cu128,0.25.0+cu128,12.8,NVIDIA GeForce RTX 5070 Ti,research-lab/experiments/registered-workflow/runs/primary/run_0617,True,True
run_0618,original,organamnist,resnet18,B,submitted,60,60,60,32,24,adamw,0.0001,0.0001,1283.0,run entry through output export; wall-clock UTC difference,3.12.7,2.10.0+cu128,0.25.0+cu128,12.8,NVIDIA GeForce RTX 5070 Ti,research-lab/experiments/registered-workflow/runs/primary/run_0618,True,True
run_0619,original,organamnist,resnet50,A,submitted,43,36,60,32,24,adamw,0.0001,0.0001,1903.0,run entry through output export; wall-clock UTC difference,3.12.7,2.10.0+cu128,0.25.0+cu128,12.8,NVIDIA GeForce RTX 5070 Ti,research-lab/experiments/registered-workflow/runs/primary/run_0619,True,True
run_0620,original,organamnist,resnet50,B,submitted,60,60,60,32,24,adamw,0.0001,0.0001,2555.0,run entry through output export; wall-clock UTC difference,3.12.7,2.10.0+cu128,0.25.0+cu128,12.8,NVIDIA GeForce RTX 5070 Ti,research-lab/experiments/registered-workflow/runs/primary/run_0620,True,True
run_0621,original,organamnist,densenet121,A,submitted,41,34,60,32,24,adamw,0.0001,0.0001,1922.0,run entry through output export; wall-clock UTC difference,3.12.7,2.10.0+cu128,0.25.0+cu128,12.8,NVIDIA GeForce RTX 5070 Ti,research-lab/experiments/registered-workflow/runs/primary/run_0621,True,True
run_0622,original,organamnist,densenet121,B,submitted,60,60,60,32,24,adamw,0.0001,0.0001,2702.0,run entry through output export; wall-clock UTC difference,3.12.7,2.10.0+cu128,0.25.0+cu128,12.8,NVIDIA GeForce RTX 5070 Ti,research-lab/experiments/registered-workflow/runs/primary/run_0622,True,True
run_0623,original,organamnist,efficientnet_b0,A,submitted,60,53,60,32,24,adamw,0.0001,0.0001,1462.0,run entry through output export; wall-clock UTC difference,3.12.7,2.10.0+cu128,0.25.0+cu128,12.8,NVIDIA GeForce RTX 5070 Ti,research-lab/experiments/registered-workflow/runs/primary/run_0623,True,True
run_0624,original,organamnist,efficientnet_b0,B,submitted,60,60,60,32,24,adamw,0.0001,0.0001,1465.0,run entry through output export; wall-clock UTC difference,3.12.7,2.10.0+cu128,0.25.0+cu128,12.8,NVIDIA GeForce RTX 5070 Ti,research-lab/experiments/registered-workflow/runs/primary/run_0624,True,True
run_0625,original,organamnist,resnet18,A,submitted,20,13,60,32,24,adamw,0.0001,0.0001,586.0,run entry through output export; wall-clock UTC difference,3.12.7,2.10.0+cu128,0.25.0+cu128,12.8,NVIDIA GeForce RTX 5070 Ti,research-lab/experiments/registered-workflow/runs/primary/run_0625,True,True
run_0626,original,organamnist,resnet18,B,submitted,60,60,60,32,24,adamw,0.0001,0.0001,1279.0,run entry through output export; wall-clock UTC difference,3.12.7,2.10.0+cu128,0.25.0+cu128,12.8,NVIDIA GeForce RTX 5070 Ti,research-lab/experiments/registered-workflow/runs/primary/run_0626,True,True
run_0627,original,organamnist,resnet50,A,submitted,19,12,60,32,24,adamw,0.0001,0.0001,977.0,run entry through output export; wall-clock UTC difference,3.12.7,2.10.0+cu128,0.25.0+cu128,12.8,NVIDIA GeForce RTX 5070 Ti,research-lab/experiments/registered-workflow/runs/primary/run_0627,True,True
run_0628,original,organamnist,resnet50,B,submitted,60,60,60,32,24,adamw,0.0001,0.0001,2554.0,run entry through output export; wall-clock UTC difference,3.12.7,2.10.0+cu128,0.25.0+cu128,12.8,NVIDIA GeForce RTX 5070 Ti,research-lab/experiments/registered-workflow/runs/primary/run_0628,True,True
run_0629,original,organamnist,densenet121,A,submitted,27,20,60,32,24,adamw,0.0001,0.0001,1353.0,run entry through output export; wall-clock UTC difference,3.12.7,2.10.0+cu128,0.25.0+cu128,12.8,NVIDIA GeForce RTX 5070 Ti,research-lab/experiments/registered-workflow/runs/primary/run_0629,True,True
run_0630,original,organamnist,densenet121,B,submitted,60,60,60,32,24,adamw,0.0001,0.0001,2695.0,run entry through output export; wall-clock UTC difference,3.12.7,2.10.0+cu128,0.25.0+cu128,12.8,NVIDIA GeForce RTX 5070 Ti,research-lab/experiments/registered-workflow/runs/primary/run_0630,True,True
run_0631,original,organamnist,efficientnet_b0,A,submitted,60,59,60,32,24,adamw,0.0001,0.0001,1458.0,run entry through output export; wall-clock UTC difference,3.12.7,2.10.0+cu128,0.25.0+cu128,12.8,NVIDIA GeForce RTX 5070 Ti,research-lab/experiments/registered-workflow/runs/primary/run_0631,True,True
run_0632,original,organamnist,efficientnet_b0,B,submitted,60,60,60,32,24,adamw,0.0001,0.0001,1459.0,run entry through output export; wall-clock UTC difference,3.12.7,2.10.0+cu128,0.25.0+cu128,12.8,NVIDIA GeForce RTX 5070 Ti,research-lab/experiments/registered-workflow/runs/primary/run_0632,True,True
run_0633,original,organamnist,resnet18,A,submitted,17,10,60,32,24,adamw,0.0001,0.0001,534.0,run entry through output export; wall-clock UTC difference,3.12.7,2.10.0+cu128,0.25.0+cu128,12.8,NVIDIA GeForce RTX 5070 Ti,research-lab/experiments/registered-workflow/runs/primary/run_0633,True,True
run_0634,original,organamnist,resnet18,B,submitted,60,60,60,32,24,adamw,0.0001,0.0001,1280.0,run entry through output export; wall-clock UTC difference,3.12.7,2.10.0+cu128,0.25.0+cu128,12.8,NVIDIA GeForce RTX 5070 Ti,research-lab/experiments/registered-workflow/runs/primary/run_0634,True,True
run_0635,original,organamnist,resnet50,A,submitted,32,25,60,32,24,adamw,0.0001,0.0001,1482.0,run entry through output export; wall-clock UTC difference,3.12.7,2.10.0+cu128,0.25.0+cu128,12.8,NVIDIA GeForce RTX 5070 Ti,research-lab/experiments/registered-workflow/runs/primary/run_0635,True,True
run_0636,original,organamnist,resnet50,B,submitted,60,60,60,32,24,adamw,0.0001,0.0001,2557.0,run entry through output export; wall-clock UTC difference,3.12.7,2.10.0+cu128,0.25.0+cu128,12.8,NVIDIA GeForce RTX 5070 Ti,research-lab/experiments/registered-workflow/runs/primary/run_0636,True,True
run_0637,original,organamnist,densenet121,A,submitted,27,20,60,32,24,adamw,0.0001,0.0001,1350.0,run entry through output export; wall-clock UTC difference,3.12.7,2.10.0+cu128,0.25.0+cu128,12.8,NVIDIA GeForce RTX 5070 Ti,research-lab/experiments/registered-workflow/runs/primary/run_0637,True,True
run_0638,original,organamnist,densenet121,B,submitted,60,60,60,32,24,adamw,0.0001,0.0001,2694.0,run entry through output export; wall-clock UTC difference,3.12.7,2.10.0+cu128,0.25.0+cu128,12.8,NVIDIA GeForce RTX 5070 Ti,research-lab/experiments/registered-workflow/runs/primary/run_0638,True,True
run_0639,original,organamnist,efficientnet_b0,A,submitted,60,53,60,32,24,adamw,0.0001,0.0001,1456.0,run entry through output export; wall-clock UTC difference,3.12.7,2.10.0+cu128,0.25.0+cu128,12.8,NVIDIA GeForce RTX 5070 Ti,research-lab/experiments/registered-workflow/runs/primary/run_0639,True,True
run_0640,original,organamnist,efficientnet_b0,B,submitted,60,60,60,32,24,adamw,0.0001,0.0001,1457.0,run entry through output export; wall-clock UTC difference,3.12.7,2.10.0+cu128,0.25.0+cu128,12.8,NVIDIA GeForce RTX 5070 Ti,research-lab/experiments/registered-workflow/runs/primary/run_0640,True,True
run_0641,original,organamnist,resnet18,A,submitted,24,17,60,32,24,adamw,0.0001,0.0001,652.0,run entry through output export; wall-clock UTC difference,3.12.7,2.10.0+cu128,0.25.0+cu128,12.8,NVIDIA GeForce RTX 5070 Ti,research-lab/experiments/registered-workflow/runs/primary/run_0641,True,True
run_0642,original,organamnist,resnet18,B,submitted,60,60,60,32,24,adamw,0.0001,0.0001,1279.0,run entry through output export; wall-clock UTC difference,3.12.7,2.10.0+cu128,0.25.0+cu128,12.8,NVIDIA GeForce RTX 5070 Ti,research-lab/experiments/registered-workflow/runs/primary/run_0642,True,True
run_0643,original,organamnist,resnet50,A,submitted,23,16,60,32,24,adamw,0.0001,0.0001,1129.0,run entry through output export; wall-clock UTC difference,3.12.7,2.10.0+cu128,0.25.0+cu128,12.8,NVIDIA GeForce RTX 5070 Ti,research-lab/experiments/registered-workflow/runs/primary/run_0643,True,True
run_0644,original,organamnist,resnet50,B,submitted,60,60,60,32,24,adamw,0.0001,0.0001,2553.0,run entry through output export; wall-clock UTC difference,3.12.7,2.10.0+cu128,0.25.0+cu128,12.8,NVIDIA GeForce RTX 5070 Ti,research-lab/experiments/registered-workflow/runs/primary/run_0644,True,True
run_0645,original,organamnist,densenet121,A,submitted,30,23,60,32,24,adamw,0.0001,0.0001,1473.0,run entry through output export; wall-clock UTC difference,3.12.7,2.10.0+cu128,0.25.0+cu128,12.8,NVIDIA GeForce RTX 5070 Ti,research-lab/experiments/registered-workflow/runs/primary/run_0645,True,True
run_0646,original,organamnist,densenet121,B,submitted,60,60,60,32,24,adamw,0.0001,0.0001,2697.0,run entry through output export; wall-clock UTC difference,3.12.7,2.10.0+cu128,0.25.0+cu128,12.8,NVIDIA GeForce RTX 5070 Ti,research-lab/experiments/registered-workflow/runs/primary/run_0646,True,True
run_0647,original,organamnist,efficientnet_b0,A,submitted,60,59,60,32,24,adamw,0.0001,0.0001,1464.0,run entry through output export; wall-clock UTC difference,3.12.7,2.10.0+cu128,0.25.0+cu128,12.8,NVIDIA GeForce RTX 5070 Ti,research-lab/experiments/registered-workflow/runs/primary/run_0647,True,True
run_0648,original,organamnist,efficientnet_b0,B,submitted,60,60,60,32,24,adamw,0.0001,0.0001,1458.0,run entry through output export; wall-clock UTC difference,3.12.7,2.10.0+cu128,0.25.0+cu128,12.8,NVIDIA GeForce RTX 5070 Ti,research-lab/experiments/registered-workflow/runs/primary/run_0648,True,True
run_0649,original,organamnist,resnet18,A,submitted,23,16,60,32,24,adamw,0.0001,0.0001,639.0,run entry through output export; wall-clock UTC difference,3.12.7,2.10.0+cu128,0.25.0+cu128,12.8,NVIDIA GeForce RTX 5070 Ti,research-lab/experiments/registered-workflow/runs/primary/run_0649,True,True
run_0650,original,organamnist,resnet18,B,submitted,60,60,60,32,24,adamw,0.0001,0.0001,1279.0,run entry through output export; wall-clock UTC difference,3.12.7,2.10.0+cu128,0.25.0+cu128,12.8,NVIDIA GeForce RTX 5070 Ti,research-lab/experiments/registered-workflow/runs/primary/run_0650,True,True
run_0651,original,organamnist,resnet50,A,submitted,27,20,60,32,24,adamw,0.0001,0.0001,1285.0,run entry through output export; wall-clock UTC difference,3.12.7,2.10.0+cu128,0.25.0+cu128,12.8,NVIDIA GeForce RTX 5070 Ti,research-lab/experiments/registered-workflow/runs/primary/run_0651,True,True
run_0652,original,organamnist,resnet50,B,submitted,60,60,60,32,24,adamw,0.0001,0.0001,2553.0,run entry through output export; wall-clock UTC difference,3.12.7,2.10.0+cu128,0.25.0+cu128,12.8,NVIDIA GeForce RTX 5070 Ti,research-lab/experiments/registered-workflow/runs/primary/run_0652,True,True
run_0653,original,organamnist,densenet121,A,submitted,40,33,60,32,24,adamw,0.0001,0.0001,1881.0,run entry through output export; wall-clock UTC difference,3.12.7,2.10.0+cu128,0.25.0+cu128,12.8,NVIDIA GeForce RTX 5070 Ti,research-lab/experiments/registered-workflow/runs/primary/run_0653,True,True
run_0654,original,organamnist,densenet121,B,submitted,60,60,60,32,24,adamw,0.0001,0.0001,2706.0,run entry through output export; wall-clock UTC difference,3.12.7,2.10.0+cu128,0.25.0+cu128,12.8,NVIDIA GeForce RTX 5070 Ti,research-lab/experiments/registered-workflow/runs/primary/run_0654,True,True
run_0655,original,organamnist,efficientnet_b0,A,submitted,60,53,60,32,24,adamw,0.0001,0.0001,1463.0,run entry through output export; wall-clock UTC difference,3.12.7,2.10.0+cu128,0.25.0+cu128,12.8,NVIDIA GeForce RTX 5070 Ti,research-lab/experiments/registered-workflow/runs/primary/run_0655,True,True
run_0656,original,organamnist,efficientnet_b0,B,submitted,60,60,60,32,24,adamw,0.0001,0.0001,1458.0,run entry through output export; wall-clock UTC difference,3.12.7,2.10.0+cu128,0.25.0+cu128,12.8,NVIDIA GeForce RTX 5070 Ti,research-lab/experiments/registered-workflow/runs/primary/run_0656,True,True
run_0657,original,organamnist,resnet18,A,submitted,24,17,60,32,24,adamw,0.0001,0.0001,687.0,run entry through output export; wall-clock UTC difference,3.12.7,2.10.0+cu128,0.25.0+cu128,12.8,NVIDIA GeForce RTX 5070 Ti,research-lab/experiments/registered-workflow/runs/primary/run_0657,True,True
run_0658,original,organamnist,resnet18,B,submitted,60,60,60,32,24,adamw,0.0001,0.0001,1278.0,run entry through output export; wall-clock UTC difference,3.12.7,2.10.0+cu128,0.25.0+cu128,12.8,NVIDIA GeForce RTX 5070 Ti,research-lab/experiments/registered-workflow/runs/primary/run_0658,True,True
run_0659,original,organamnist,resnet50,A,submitted,23,16,60,32,24,adamw,0.0001,0.0001,1129.0,run entry through output export; wall-clock UTC difference,3.12.7,2.10.0+cu128,0.25.0+cu128,12.8,NVIDIA GeForce RTX 5070 Ti,research-lab/experiments/registered-workflow/runs/primary/run_0659,True,True
run_0660,original,organamnist,resnet50,B,submitted,60,60,60,32,24,adamw,0.0001,0.0001,2555.0,run entry through output export; wall-clock UTC difference,3.12.7,2.10.0+cu128,0.25.0+cu128,12.8,NVIDIA GeForce RTX 5070 Ti,research-lab/experiments/registered-workflow/runs/primary/run_0660,True,True
run_0661,original,organamnist,densenet121,A,submitted,24,17,60,32,24,adamw,0.0001,0.0001,1228.0,run entry through output export; wall-clock UTC difference,3.12.7,2.10.0+cu128,0.25.0+cu128,12.8,NVIDIA GeForce RTX 5070 Ti,research-lab/experiments/registered-workflow/runs/primary/run_0661,True,True
run_0662,original,organamnist,densenet121,B,submitted,60,60,60,32,24,adamw,0.0001,0.0001,2701.0,run entry through output export; wall-clock UTC difference,3.12.7,2.10.0+cu128,0.25.0+cu128,12.8,NVIDIA GeForce RTX 5070 Ti,research-lab/experiments/registered-workflow/runs/primary/run_0662,True,True
run_0663,original,organamnist,efficientnet_b0,A,submitted,60,58,60,32,24,adamw,0.0001,0.0001,1467.0,run entry through output export; wall-clock UTC difference,3.12.7,2.10.0+cu128,0.25.0+cu128,12.8,NVIDIA GeForce RTX 5070 Ti,research-lab/experiments/registered-workflow/runs/primary/run_0663,True,True
run_0664,original,organamnist,efficientnet_b0,B,submitted,60,60,60,32,24,adamw,0.0001,0.0001,1461.0,run entry through output export; wall-clock UTC difference,3.12.7,2.10.0+cu128,0.25.0+cu128,12.8,NVIDIA GeForce RTX 5070 Ti,research-lab/experiments/registered-workflow/runs/primary/run_0664,True,True
run_0665,original,organamnist,resnet18,A,submitted,17,10,60,32,24,adamw,0.0001,0.0001,537.0,run entry through output export; wall-clock UTC difference,3.12.7,2.10.0+cu128,0.25.0+cu128,12.8,NVIDIA GeForce RTX 5070 Ti,research-lab/experiments/registered-workflow/runs/primary/run_0665,True,True
run_0666,original,organamnist,resnet18,B,submitted,60,60,60,32,24,adamw,0.0001,0.0001,1280.0,run entry through output export; wall-clock UTC difference,3.12.7,2.10.0+cu128,0.25.0+cu128,12.8,NVIDIA GeForce RTX 5070 Ti,research-lab/experiments/registered-workflow/runs/primary/run_0666,True,True
run_0667,original,organamnist,resnet50,A,submitted,23,16,60,32,24,adamw,0.0001,0.0001,1131.0,run entry through output export; wall-clock UTC difference,3.12.7,2.10.0+cu128,0.25.0+cu128,12.8,NVIDIA GeForce RTX 5070 Ti,research-lab/experiments/registered-workflow/runs/primary/run_0667,True,True
run_0668,original,organamnist,resnet50,B,submitted,60,60,60,32,24,adamw,0.0001,0.0001,2560.0,run entry through output export; wall-clock UTC difference,3.12.7,2.10.0+cu128,0.25.0+cu128,12.8,NVIDIA GeForce RTX 5070 Ti,research-lab/experiments/registered-workflow/runs/primary/run_0668,True,True
run_0669,original,organamnist,densenet121,A,submitted,32,25,60,32,24,adamw,0.0001,0.0001,1557.0,run entry through output export; wall-clock UTC difference,3.12.7,2.10.0+cu128,0.25.0+cu128,12.8,NVIDIA GeForce RTX 5070 Ti,research-lab/experiments/registered-workflow/runs/primary/run_0669,True,True
run_0670,original,organamnist,densenet121,B,submitted,60,60,60,32,24,adamw,0.0001,0.0001,2702.0,run entry through output export; wall-clock UTC difference,3.12.7,2.10.0+cu128,0.25.0+cu128,12.8,NVIDIA GeForce RTX 5070 Ti,research-lab/experiments/registered-workflow/runs/primary/run_0670,True,True
run_0671,original,organamnist,efficientnet_b0,A,submitted,60,60,60,32,24,adamw,0.0001,0.0001,1468.0,run entry through output export; wall-clock UTC difference,3.12.7,2.10.0+cu128,0.25.0+cu128,12.8,NVIDIA GeForce RTX 5070 Ti,research-lab/experiments/registered-workflow/runs/primary/run_0671,True,True
run_0672,original,organamnist,efficientnet_b0,B,submitted,60,60,60,32,24,adamw,0.0001,0.0001,1464.0,run entry through output export; wall-clock UTC difference,3.12.7,2.10.0+cu128,0.25.0+cu128,12.8,NVIDIA GeForce RTX 5070 Ti,research-lab/experiments/registered-workflow/runs/primary/run_0672,True,True
run_0673,original,organamnist,resnet18,A,submitted,19,12,60,32,24,adamw,0.0001,0.0001,571.0,run entry through output export; wall-clock UTC difference,3.12.7,2.10.0+cu128,0.25.0+cu128,12.8,NVIDIA GeForce RTX 5070 Ti,research-lab/experiments/registered-workflow/runs/primary/run_0673,True,True
run_0674,original,organamnist,resnet18,B,submitted,60,60,60,32,24,adamw,0.0001,0.0001,1277.0,run entry through output export; wall-clock UTC difference,3.12.7,2.10.0+cu128,0.25.0+cu128,12.8,NVIDIA GeForce RTX 5070 Ti,research-lab/experiments/registered-workflow/runs/primary/run_0674,True,True
run_0675,original,organamnist,resnet50,A,submitted,30,23,60,32,24,adamw,0.0001,0.0001,1399.0,run entry through output export; wall-clock UTC difference,3.12.7,2.10.0+cu128,0.25.0+cu128,12.8,NVIDIA GeForce RTX 5070 Ti,research-lab/experiments/registered-workflow/runs/primary/run_0675,True,True
run_0676,original,organamnist,resnet50,B,submitted,60,60,60,32,24,adamw,0.0001,0.0001,2555.0,run entry through output export; wall-clock UTC difference,3.12.7,2.10.0+cu128,0.25.0+cu128,12.8,NVIDIA GeForce RTX 5070 Ti,research-lab/experiments/registered-workflow/runs/primary/run_0676,True,True
run_0677,original,organamnist,densenet121,A,submitted,48,41,60,32,24,adamw,0.0001,0.0001,2211.0,run entry through output export; wall-clock UTC difference,3.12.7,2.10.0+cu128,0.25.0+cu128,12.8,NVIDIA GeForce RTX 5070 Ti,research-lab/experiments/registered-workflow/runs/primary/run_0677,True,True
run_0678,original,organamnist,densenet121,B,submitted,60,60,60,32,24,adamw,0.0001,0.0001,2697.0,run entry through output export; wall-clock UTC difference,3.12.7,2.10.0+cu128,0.25.0+cu128,12.8,NVIDIA GeForce RTX 5070 Ti,research-lab/experiments/registered-workflow/runs/primary/run_0678,True,True
run_0679,original,organamnist,efficientnet_b0,A,submitted,60,57,60,32,24,adamw,0.0001,0.0001,1466.0,run entry through output export; wall-clock UTC difference,3.12.7,2.10.0+cu128,0.25.0+cu128,12.8,NVIDIA GeForce RTX 5070 Ti,research-lab/experiments/registered-workflow/runs/primary/run_0679,True,True
run_0680,original,organamnist,efficientnet_b0,B,submitted,60,60,60,32,24,adamw,0.0001,0.0001,1462.0,run entry through output export; wall-clock UTC difference,3.12.7,2.10.0+cu128,0.25.0+cu128,12.8,NVIDIA GeForce RTX 5070 Ti,research-lab/experiments/registered-workflow/runs/primary/run_0680,True,True
run_0681,original,organamnist,resnet18,A,submitted,19,12,60,32,24,adamw,0.0001,0.0001,566.0,run entry through output export; wall-clock UTC difference,3.12.7,2.10.0+cu128,0.25.0+cu128,12.8,NVIDIA GeForce RTX 5070 Ti,research-lab/experiments/registered-workflow/runs/primary/run_0681,True,True
run_0682,original,organamnist,resnet18,B,submitted,60,60,60,32,24,adamw,0.0001,0.0001,1277.0,run entry through output export; wall-clock UTC difference,3.12.7,2.10.0+cu128,0.25.0+cu128,12.8,NVIDIA GeForce RTX 5070 Ti,research-lab/experiments/registered-workflow/runs/primary/run_0682,True,True
run_0683,original,organamnist,resnet50,A,submitted,29,22,60,32,24,adamw,0.0001,0.0001,1363.0,run entry through output export; wall-clock UTC difference,3.12.7,2.10.0+cu128,0.25.0+cu128,12.8,NVIDIA GeForce RTX 5070 Ti,research-lab/experiments/registered-workflow/runs/primary/run_0683,True,True
run_0684,original,organamnist,resnet50,B,submitted,60,60,60,32,24,adamw,0.0001,0.0001,2556.0,run entry through output export; wall-clock UTC difference,3.12.7,2.10.0+cu128,0.25.0+cu128,12.8,NVIDIA GeForce RTX 5070 Ti,research-lab/experiments/registered-workflow/runs/primary/run_0684,True,True
run_0685,original,organamnist,densenet121,A,submitted,35,28,60,32,24,adamw,0.0001,0.0001,1676.0,run entry through output export; wall-clock UTC difference,3.12.7,2.10.0+cu128,0.25.0+cu128,12.8,NVIDIA GeForce RTX 5070 Ti,research-lab/experiments/registered-workflow/runs/primary/run_0685,True,True
run_0686,original,organamnist,densenet121,B,submitted,60,60,60,32,24,adamw,0.0001,0.0001,2700.0,run entry through output export; wall-clock UTC difference,3.12.7,2.10.0+cu128,0.25.0+cu128,12.8,NVIDIA GeForce RTX 5070 Ti,research-lab/experiments/registered-workflow/runs/primary/run_0686,True,True
run_0687,original,organamnist,efficientnet_b0,A,submitted,46,39,60,32,24,adamw,0.0001,0.0001,1176.0,run entry through output export; wall-clock UTC difference,3.12.7,2.10.0+cu128,0.25.0+cu128,12.8,NVIDIA GeForce RTX 5070 Ti,research-lab/experiments/registered-workflow/runs/primary/run_0687,True,True
run_0688,original,organamnist,efficientnet_b0,B,submitted,60,60,60,32,24,adamw,0.0001,0.0001,1457.0,run entry through output export; wall-clock UTC difference,3.12.7,2.10.0+cu128,0.25.0+cu128,12.8,NVIDIA GeForce RTX 5070 Ti,research-lab/experiments/registered-workflow/runs/primary/run_0688,True,True
run_0689,original,organamnist,resnet18,A,submitted,30,23,60,32,24,adamw,0.0001,0.0001,760.0,run entry through output export; wall-clock UTC difference,3.12.7,2.10.0+cu128,0.25.0+cu128,12.8,NVIDIA GeForce RTX 5070 Ti,research-lab/experiments/registered-workflow/runs/primary/run_0689,True,True
run_0690,original,organamnist,resnet18,B,submitted,60,60,60,32,24,adamw,0.0001,0.0001,1275.0,run entry through output export; wall-clock UTC difference,3.12.7,2.10.0+cu128,0.25.0+cu128,12.8,NVIDIA GeForce RTX 5070 Ti,research-lab/experiments/registered-workflow/runs/primary/run_0690,True,True
run_0691,original,organamnist,resnet50,A,submitted,23,16,60,32,24,adamw,0.0001,0.0001,1127.0,run entry through output export; wall-clock UTC difference,3.12.7,2.10.0+cu128,0.25.0+cu128,12.8,NVIDIA GeForce RTX 5070 Ti,research-lab/experiments/registered-workflow/runs/primary/run_0691,True,True
run_0692,original,organamnist,resnet50,B,submitted,60,60,60,32,24,adamw,0.0001,0.0001,2555.0,run entry through output export; wall-clock UTC difference,3.12.7,2.10.0+cu128,0.25.0+cu128,12.8,NVIDIA GeForce RTX 5070 Ti,research-lab/experiments/registered-workflow/runs/primary/run_0692,True,True
run_0693,original,organamnist,densenet121,A,submitted,31,24,60,32,24,adamw,0.0001,0.0001,1515.0,run entry through output export; wall-clock UTC difference,3.12.7,2.10.0+cu128,0.25.0+cu128,12.8,NVIDIA GeForce RTX 5070 Ti,research-lab/experiments/registered-workflow/runs/primary/run_0693,True,True
run_0694,original,organamnist,densenet121,B,submitted,60,60,60,32,24,adamw,0.0001,0.0001,2700.0,run entry through output export; wall-clock UTC difference,3.12.7,2.10.0+cu128,0.25.0+cu128,12.8,NVIDIA GeForce RTX 5070 Ti,research-lab/experiments/registered-workflow/runs/primary/run_0694,True,True
run_0695,original,organamnist,efficientnet_b0,A,submitted,50,43,60,32,24,adamw,0.0001,0.0001,1260.0,run entry through output export; wall-clock UTC difference,3.12.7,2.10.0+cu128,0.25.0+cu128,12.8,NVIDIA GeForce RTX 5070 Ti,research-lab/experiments/registered-workflow/runs/primary/run_0695,True,True
run_0696,original,organamnist,efficientnet_b0,B,submitted,60,60,60,32,24,adamw,0.0001,0.0001,1461.0,run entry through output export; wall-clock UTC difference,3.12.7,2.10.0+cu128,0.25.0+cu128,12.8,NVIDIA GeForce RTX 5070 Ti,research-lab/experiments/registered-workflow/runs/primary/run_0696,True,True
run_0697,original,organamnist,resnet18,A,submitted,31,24,60,32,24,adamw,0.0001,0.0001,781.0,run entry through output export; wall-clock UTC difference,3.12.7,2.10.0+cu128,0.25.0+cu128,12.8,NVIDIA GeForce RTX 5070 Ti,research-lab/experiments/registered-workflow/runs/primary/run_0697,True,True
run_0698,original,organamnist,resnet18,B,submitted,60,60,60,32,24,adamw,0.0001,0.0001,1281.0,run entry through output export; wall-clock UTC difference,3.12.7,2.10.0+cu128,0.25.0+cu128,12.8,NVIDIA GeForce RTX 5070 Ti,research-lab/experiments/registered-workflow/runs/primary/run_0698,True,True
run_0699,original,organamnist,resnet50,A,submitted,19,12,60,32,24,adamw,0.0001,0.0001,976.0,run entry through output export; wall-clock UTC difference,3.12.7,2.10.0+cu128,0.25.0+cu128,12.8,NVIDIA GeForce RTX 5070 Ti,research-lab/experiments/registered-workflow/runs/primary/run_0699,True,True
run_0700,original,organamnist,resnet50,B,submitted,60,60,60,32,24,adamw,0.0001,0.0001,2557.0,run entry through output export; wall-clock UTC difference,3.12.7,2.10.0+cu128,0.25.0+cu128,12.8,NVIDIA GeForce RTX 5070 Ti,research-lab/experiments/registered-workflow/runs/primary/run_0700,True,True
run_0701,original,organamnist,densenet121,A,submitted,31,24,60,32,24,adamw,0.0001,0.0001,1513.0,run entry through output export; wall-clock UTC difference,3.12.7,2.10.0+cu128,0.25.0+cu128,12.8,NVIDIA GeForce RTX 5070 Ti,research-lab/experiments/registered-workflow/runs/primary/run_0701,True,True
run_0702,original,organamnist,densenet121,B,submitted,60,60,60,32,24,adamw,0.0001,0.0001,2702.0,run entry through output export; wall-clock UTC difference,3.12.7,2.10.0+cu128,0.25.0+cu128,12.8,NVIDIA GeForce RTX 5070 Ti,research-lab/experiments/registered-workflow/runs/primary/run_0702,True,True
run_0703,original,organamnist,efficientnet_b0,A,submitted,58,51,60,32,24,adamw,0.0001,0.0001,1428.0,run entry through output export; wall-clock UTC difference,3.12.7,2.10.0+cu128,0.25.0+cu128,12.8,NVIDIA GeForce RTX 5070 Ti,research-lab/experiments/registered-workflow/runs/primary/run_0703,True,True
run_0704,original,organamnist,efficientnet_b0,B,submitted,60,60,60,32,24,adamw,0.0001,0.0001,1467.0,run entry through output export; wall-clock UTC difference,3.12.7,2.10.0+cu128,0.25.0+cu128,12.8,NVIDIA GeForce RTX 5070 Ti,research-lab/experiments/registered-workflow/runs/primary/run_0704,True,True
run_0705,original,organamnist,resnet18,A,submitted,32,25,60,32,24,adamw,0.0001,0.0001,798.0,run entry through output export; wall-clock UTC difference,3.12.7,2.10.0+cu128,0.25.0+cu128,12.8,NVIDIA GeForce RTX 5070 Ti,research-lab/experiments/registered-workflow/runs/primary/run_0705,True,True
run_0706,original,organamnist,resnet18,B,submitted,60,60,60,32,24,adamw,0.0001,0.0001,1281.0,run entry through output export; wall-clock UTC difference,3.12.7,2.10.0+cu128,0.25.0+cu128,12.8,NVIDIA GeForce RTX 5070 Ti,research-lab/experiments/registered-workflow/runs/primary/run_0706,True,True
run_0707,original,organamnist,resnet50,A,submitted,27,20,60,32,24,adamw,0.0001,0.0001,1286.0,run entry through output export; wall-clock UTC difference,3.12.7,2.10.0+cu128,0.25.0+cu128,12.8,NVIDIA GeForce RTX 5070 Ti,research-lab/experiments/registered-workflow/runs/primary/run_0707,True,True
run_0708,original,organamnist,resnet50,B,submitted,60,60,60,32,24,adamw,0.0001,0.0001,2558.0,run entry through output export; wall-clock UTC difference,3.12.7,2.10.0+cu128,0.25.0+cu128,12.8,NVIDIA GeForce RTX 5070 Ti,research-lab/experiments/registered-workflow/runs/primary/run_0708,True,True
run_0709,original,organamnist,densenet121,A,submitted,32,25,60,32,24,adamw,0.0001,0.0001,1557.0,run entry through output export; wall-clock UTC difference,3.12.7,2.10.0+cu128,0.25.0+cu128,12.8,NVIDIA GeForce RTX 5070 Ti,research-lab/experiments/registered-workflow/runs/primary/run_0709,True,True
run_0710,original,organamnist,densenet121,B,submitted,60,60,60,32,24,adamw,0.0001,0.0001,2723.0,run entry through output export; wall-clock UTC difference,3.12.7,2.10.0+cu128,0.25.0+cu128,12.8,NVIDIA GeForce RTX 5070 Ti,research-lab/experiments/registered-workflow/runs/primary/run_0710,True,True
run_0711,original,organamnist,efficientnet_b0,A,submitted,42,35,60,32,24,adamw,0.0001,0.0001,1100.0,run entry through output export; wall-clock UTC difference,3.12.7,2.10.0+cu128,0.25.0+cu128,12.8,NVIDIA GeForce RTX 5070 Ti,research-lab/experiments/registered-workflow/runs/primary/run_0711,True,True
run_0712,original,organamnist,efficientnet_b0,B,submitted,60,60,60,32,24,adamw,0.0001,0.0001,1468.0,run entry through output export; wall-clock UTC difference,3.12.7,2.10.0+cu128,0.25.0+cu128,12.8,NVIDIA GeForce RTX 5070 Ti,research-lab/experiments/registered-workflow/runs/primary/run_0712,True,True
run_0713,original,organamnist,resnet18,A,submitted,22,15,60,32,24,adamw,0.0001,0.0001,624.0,run entry through output export; wall-clock UTC difference,3.12.7,2.10.0+cu128,0.25.0+cu128,12.8,NVIDIA GeForce RTX 5070 Ti,research-lab/experiments/registered-workflow/runs/primary/run_0713,True,True
run_0714,original,organamnist,resnet18,B,submitted,60,60,60,32,24,adamw,0.0001,0.0001,1286.0,run entry through output export; wall-clock UTC difference,3.12.7,2.10.0+cu128,0.25.0+cu128,12.8,NVIDIA GeForce RTX 5070 Ti,research-lab/experiments/registered-workflow/runs/primary/run_0714,True,True
run_0715,original,organamnist,resnet50,A,submitted,12,5,60,32,24,adamw,0.0001,0.0001,707.0,run entry through output export; wall-clock UTC difference,3.12.7,2.10.0+cu128,0.25.0+cu128,12.8,NVIDIA GeForce RTX 5070 Ti,research-lab/experiments/registered-workflow/runs/primary/run_0715,True,True
run_0716,original,organamnist,resnet50,B,submitted,60,60,60,32,24,adamw,0.0001,0.0001,2559.0,run entry through output export; wall-clock UTC difference,3.12.7,2.10.0+cu128,0.25.0+cu128,12.8,NVIDIA GeForce RTX 5070 Ti,research-lab/experiments/registered-workflow/runs/primary/run_0716,True,True
run_0717,original,organamnist,densenet121,A,submitted,33,26,60,32,24,adamw,0.0001,0.0001,1598.0,run entry through output export; wall-clock UTC difference,3.12.7,2.10.0+cu128,0.25.0+cu128,12.8,NVIDIA GeForce RTX 5070 Ti,research-lab/experiments/registered-workflow/runs/primary/run_0717,True,True
run_0718,original,organamnist,densenet121,B,submitted,60,60,60,32,24,adamw,0.0001,0.0001,2701.0,run entry through output export; wall-clock UTC difference,3.12.7,2.10.0+cu128,0.25.0+cu128,12.8,NVIDIA GeForce RTX 5070 Ti,research-lab/experiments/registered-workflow/runs/primary/run_0718,True,True
run_0719,original,organamnist,efficientnet_b0,A,submitted,60,60,60,32,24,adamw,0.0001,0.0001,1474.0,run entry through output export; wall-clock UTC difference,3.12.7,2.10.0+cu128,0.25.0+cu128,12.8,NVIDIA GeForce RTX 5070 Ti,research-lab/experiments/registered-workflow/runs/primary/run_0719,True,True
run_0720,original,organamnist,efficientnet_b0,B,submitted,60,60,60,32,24,adamw,0.0001,0.0001,1466.0,run entry through output export; wall-clock UTC difference,3.12.7,2.10.0+cu128,0.25.0+cu128,12.8,NVIDIA GeForce RTX 5070 Ti,research-lab/experiments/registered-workflow/runs/primary/run_0720,True,True
run_0721,original,organamnist,resnet18,A,submitted,34,27,60,32,24,adamw,0.0001,0.0001,832.0,run entry through output export; wall-clock UTC difference,3.12.7,2.10.0+cu128,0.25.0+cu128,12.8,NVIDIA GeForce RTX 5070 Ti,research-lab/experiments/registered-workflow/runs/primary/run_0721,True,True
run_0722,original,organamnist,resnet18,B,submitted,60,60,60,32,24,adamw,0.0001,0.0001,1287.0,run entry through output export; wall-clock UTC difference,3.12.7,2.10.0+cu128,0.25.0+cu128,12.8,NVIDIA GeForce RTX 5070 Ti,research-lab/experiments/registered-workflow/runs/primary/run_0722,True,True
run_0723,original,organamnist,resnet50,A,submitted,32,25,60,32,24,adamw,0.0001,0.0001,1480.0,run entry through output export; wall-clock UTC difference,3.12.7,2.10.0+cu128,0.25.0+cu128,12.8,NVIDIA GeForce RTX 5070 Ti,research-lab/experiments/registered-workflow/runs/primary/run_0723,True,True
run_0724,original,organamnist,resnet50,B,submitted,60,60,60,32,24,adamw,0.0001,0.0001,2560.0,run entry through output export; wall-clock UTC difference,3.12.7,2.10.0+cu128,0.25.0+cu128,12.8,NVIDIA GeForce RTX 5070 Ti,research-lab/experiments/registered-workflow/runs/primary/run_0724,True,True
run_0725,original,organamnist,densenet121,A,submitted,38,31,60,32,24,adamw,0.0001,0.0001,1802.0,run entry through output export; wall-clock UTC difference,3.12.7,2.10.0+cu128,0.25.0+cu128,12.8,NVIDIA GeForce RTX 5070 Ti,research-lab/experiments/registered-workflow/runs/primary/run_0725,True,True
run_0726,original,organamnist,densenet121,B,submitted,60,60,60,32,24,adamw,0.0001,0.0001,2704.0,run entry through output export; wall-clock UTC difference,3.12.7,2.10.0+cu128,0.25.0+cu128,12.8,NVIDIA GeForce RTX 5070 Ti,research-lab/experiments/registered-workflow/runs/primary/run_0726,True,True
run_0727,original,organamnist,efficientnet_b0,A,submitted,60,57,60,32,24,adamw,0.0001,0.0001,1469.0,run entry through output export; wall-clock UTC difference,3.12.7,2.10.0+cu128,0.25.0+cu128,12.8,NVIDIA GeForce RTX 5070 Ti,research-lab/experiments/registered-workflow/runs/primary/run_0727,True,True
run_0728,original,organamnist,efficientnet_b0,B,submitted,60,60,60,32,24,adamw,0.0001,0.0001,1477.0,run entry through output export; wall-clock UTC difference,3.12.7,2.10.0+cu128,0.25.0+cu128,12.8,NVIDIA GeForce RTX 5070 Ti,research-lab/experiments/registered-workflow/runs/primary/run_0728,True,True
run_0729,original,organamnist,resnet18,A,submitted,27,20,60,32,24,adamw,0.0001,0.0001,710.0,run entry through output export; wall-clock UTC difference,3.12.7,2.10.0+cu128,0.25.0+cu128,12.8,NVIDIA GeForce RTX 5070 Ti,research-lab/experiments/registered-workflow/runs/primary/run_0729,True,True
run_0730,original,organamnist,resnet18,B,submitted,60,60,60,32,24,adamw,0.0001,0.0001,1285.0,run entry through output export; wall-clock UTC difference,3.12.7,2.10.0+cu128,0.25.0+cu128,12.8,NVIDIA GeForce RTX 5070 Ti,research-lab/experiments/registered-workflow/runs/primary/run_0730,True,True
run_0731,original,organamnist,resnet50,A,submitted,28,21,60,32,24,adamw,0.0001,0.0001,1327.0,run entry through output export; wall-clock UTC difference,3.12.7,2.10.0+cu128,0.25.0+cu128,12.8,NVIDIA GeForce RTX 5070 Ti,research-lab/experiments/registered-workflow/runs/primary/run_0731,True,True
run_0732,original,organamnist,resnet50,B,submitted,60,60,60,32,24,adamw,0.0001,0.0001,2558.0,run entry through output export; wall-clock UTC difference,3.12.7,2.10.0+cu128,0.25.0+cu128,12.8,NVIDIA GeForce RTX 5070 Ti,research-lab/experiments/registered-workflow/runs/primary/run_0732,True,True
run_0733,original,organamnist,densenet121,A,submitted,35,28,60,32,24,adamw,0.0001,0.0001,1679.0,run entry through output export; wall-clock UTC difference,3.12.7,2.10.0+cu128,0.25.0+cu128,12.8,NVIDIA GeForce RTX 5070 Ti,research-lab/experiments/registered-workflow/runs/primary/run_0733,True,True
run_0734,original,organamnist,densenet121,B,submitted,60,60,60,32,24,adamw,0.0001,0.0001,2700.0,run entry through output export; wall-clock UTC difference,3.12.7,2.10.0+cu128,0.25.0+cu128,12.8,NVIDIA GeForce RTX 5070 Ti,research-lab/experiments/registered-workflow/runs/primary/run_0734,True,True
run_0735,original,organamnist,efficientnet_b0,A,submitted,47,40,60,32,24,adamw,0.0001,0.0001,1202.0,run entry through output export; wall-clock UTC difference,3.12.7,2.10.0+cu128,0.25.0+cu128,12.8,NVIDIA GeForce RTX 5070 Ti,research-lab/experiments/registered-workflow/runs/primary/run_0735,True,True
run_0736,original,organamnist,efficientnet_b0,B,submitted,60,60,60,32,24,adamw,0.0001,0.0001,1463.0,run entry through output export; wall-clock UTC difference,3.12.7,2.10.0+cu128,0.25.0+cu128,12.8,NVIDIA GeForce RTX 5070 Ti,research-lab/experiments/registered-workflow/runs/primary/run_0736,True,True
run_0737,original,organamnist,resnet18,A,submitted,18,11,60,32,24,adamw,0.0001,0.0001,556.0,run entry through output export; wall-clock UTC difference,3.12.7,2.10.0+cu128,0.25.0+cu128,12.8,NVIDIA GeForce RTX 5070 Ti,research-lab/experiments/registered-workflow/runs/primary/run_0737,True,True
run_0738,original,organamnist,resnet18,B,submitted,60,60,60,32,24,adamw,0.0001,0.0001,1285.0,run entry through output export; wall-clock UTC difference,3.12.7,2.10.0+cu128,0.25.0+cu128,12.8,NVIDIA GeForce RTX 5070 Ti,research-lab/experiments/registered-workflow/runs/primary/run_0738,True,True
run_0739,original,organamnist,resnet50,A,submitted,25,18,60,32,24,adamw,0.0001,0.0001,1212.0,run entry through output export; wall-clock UTC difference,3.12.7,2.10.0+cu128,0.25.0+cu128,12.8,NVIDIA GeForce RTX 5070 Ti,research-lab/experiments/registered-workflow/runs/primary/run_0739,True,True
run_0740,original,organamnist,resnet50,B,submitted,60,60,60,32,24,adamw,0.0001,0.0001,2562.0,run entry through output export; wall-clock UTC difference,3.12.7,2.10.0+cu128,0.25.0+cu128,12.8,NVIDIA GeForce RTX 5070 Ti,research-lab/experiments/registered-workflow/runs/primary/run_0740,True,True
run_0741,original,organamnist,densenet121,A,submitted,27,20,60,32,24,adamw,0.0001,0.0001,1352.0,run entry through output export; wall-clock UTC difference,3.12.7,2.10.0+cu128,0.25.0+cu128,12.8,NVIDIA GeForce RTX 5070 Ti,research-lab/experiments/registered-workflow/runs/primary/run_0741,True,True
run_0742,original,organamnist,densenet121,B,submitted,60,60,60,32,24,adamw,0.0001,0.0001,2703.0,run entry through output export; wall-clock UTC difference,3.12.7,2.10.0+cu128,0.25.0+cu128,12.8,NVIDIA GeForce RTX 5070 Ti,research-lab/experiments/registered-workflow/runs/primary/run_0742,True,True
run_0743,original,organamnist,efficientnet_b0,A,submitted,51,44,60,32,24,adamw,0.0001,0.0001,1284.0,run entry through output export; wall-clock UTC difference,3.12.7,2.10.0+cu128,0.25.0+cu128,12.8,NVIDIA GeForce RTX 5070 Ti,research-lab/experiments/registered-workflow/runs/primary/run_0743,True,True
run_0744,original,organamnist,efficientnet_b0,B,submitted,60,60,60,32,24,adamw,0.0001,0.0001,1467.0,run entry through output export; wall-clock UTC difference,3.12.7,2.10.0+cu128,0.25.0+cu128,12.8,NVIDIA GeForce RTX 5070 Ti,research-lab/experiments/registered-workflow/runs/primary/run_0744,True,True
run_0745,original,organamnist,resnet18,A,submitted,38,31,60,32,24,adamw,0.0001,0.0001,903.0,run entry through output export; wall-clock UTC difference,3.12.7,2.10.0+cu128,0.25.0+cu128,12.8,NVIDIA GeForce RTX 5070 Ti,research-lab/experiments/registered-workflow/runs/primary/run_0745,True,True
run_0746,original,organamnist,resnet18,B,submitted,60,60,60,32,24,adamw,0.0001,0.0001,1285.0,run entry through output export; wall-clock UTC difference,3.12.7,2.10.0+cu128,0.25.0+cu128,12.8,NVIDIA GeForce RTX 5070 Ti,research-lab/experiments/registered-workflow/runs/primary/run_0746,True,True
run_0747,original,organamnist,resnet50,A,submitted,27,20,60,32,24,adamw,0.0001,0.0001,1290.0,run entry through output export; wall-clock UTC difference,3.12.7,2.10.0+cu128,0.25.0+cu128,12.8,NVIDIA GeForce RTX 5070 Ti,research-lab/experiments/registered-workflow/runs/primary/run_0747,True,True
run_0748,original,organamnist,resnet50,B,submitted,60,60,60,32,24,adamw,0.0001,0.0001,2559.0,run entry through output export; wall-clock UTC difference,3.12.7,2.10.0+cu128,0.25.0+cu128,12.8,NVIDIA GeForce RTX 5070 Ti,research-lab/experiments/registered-workflow/runs/primary/run_0748,True,True
run_0749,original,organamnist,densenet121,A,submitted,32,25,60,32,24,adamw,0.0001,0.0001,1562.0,run entry through output export; wall-clock UTC difference,3.12.7,2.10.0+cu128,0.25.0+cu128,12.8,NVIDIA GeForce RTX 5070 Ti,research-lab/experiments/registered-workflow/runs/primary/run_0749,True,True
run_0750,original,organamnist,densenet121,B,submitted,60,60,60,32,24,adamw,0.0001,0.0001,2705.0,run entry through output export; wall-clock UTC difference,3.12.7,2.10.0+cu128,0.25.0+cu128,12.8,NVIDIA GeForce RTX 5070 Ti,research-lab/experiments/registered-workflow/runs/primary/run_0750,True,True
run_0751,original,organamnist,efficientnet_b0,A,submitted,60,58,60,32,24,adamw,0.0001,0.0001,1473.0,run entry through output export; wall-clock UTC difference,3.12.7,2.10.0+cu128,0.25.0+cu128,12.8,NVIDIA GeForce RTX 5070 Ti,research-lab/experiments/registered-workflow/runs/primary/run_0751,True,True
run_0752,original,organamnist,efficientnet_b0,B,submitted,60,60,60,32,24,adamw,0.0001,0.0001,1475.0,run entry through output export; wall-clock UTC difference,3.12.7,2.10.0+cu128,0.25.0+cu128,12.8,NVIDIA GeForce RTX 5070 Ti,research-lab/experiments/registered-workflow/runs/primary/run_0752,True,True
run_0753,original,organamnist,resnet18,A,submitted,15,8,60,32,24,adamw,0.0001,0.0001,502.0,run entry through output export; wall-clock UTC difference,3.12.7,2.10.0+cu128,0.25.0+cu128,12.8,NVIDIA GeForce RTX 5070 Ti,research-lab/experiments/registered-workflow/runs/primary/run_0753,True,True
run_0754,original,organamnist,resnet18,B,submitted,60,60,60,32,24,adamw,0.0001,0.0001,1291.0,run entry through output export; wall-clock UTC difference,3.12.7,2.10.0+cu128,0.25.0+cu128,12.8,NVIDIA GeForce RTX 5070 Ti,research-lab/experiments/registered-workflow/runs/primary/run_0754,True,True
run_0755,original,organamnist,resnet50,A,submitted,21,14,60,32,24,adamw,0.0001,0.0001,1058.0,run entry through output export; wall-clock UTC difference,3.12.7,2.10.0+cu128,0.25.0+cu128,12.8,NVIDIA GeForce RTX 5070 Ti,research-lab/experiments/registered-workflow/runs/primary/run_0755,True,True
run_0756,original,organamnist,resnet50,B,submitted,60,60,60,32,24,adamw,0.0001,0.0001,2562.0,run entry through output export; wall-clock UTC difference,3.12.7,2.10.0+cu128,0.25.0+cu128,12.8,NVIDIA GeForce RTX 5070 Ti,research-lab/experiments/registered-workflow/runs/primary/run_0756,True,True
run_0757,original,organamnist,densenet121,A,submitted,41,34,60,32,24,adamw,0.0001,0.0001,1931.0,run entry through output export; wall-clock UTC difference,3.12.7,2.10.0+cu128,0.25.0+cu128,12.8,NVIDIA GeForce RTX 5070 Ti,research-lab/experiments/registered-workflow/runs/primary/run_0757,True,True
run_0758,original,organamnist,densenet121,B,submitted,60,60,60,32,24,adamw,0.0001,0.0001,2709.0,run entry through output export; wall-clock UTC difference,3.12.7,2.10.0+cu128,0.25.0+cu128,12.8,NVIDIA GeForce RTX 5070 Ti,research-lab/experiments/registered-workflow/runs/primary/run_0758,True,True
run_0759,original,organamnist,efficientnet_b0,A,submitted,53,46,60,32,24,adamw,0.0001,0.0001,1328.0,run entry through output export; wall-clock UTC difference,3.12.7,2.10.0+cu128,0.25.0+cu128,12.8,NVIDIA GeForce RTX 5070 Ti,research-lab/experiments/registered-workflow/runs/primary/run_0759,True,True
run_0760,original,organamnist,efficientnet_b0,B,submitted,60,60,60,32,24,adamw,0.0001,0.0001,1473.0,run entry through output export; wall-clock UTC difference,3.12.7,2.10.0+cu128,0.25.0+cu128,12.8,NVIDIA GeForce RTX 5070 Ti,research-lab/experiments/registered-workflow/runs/primary/run_0760,True,True
run_0761,original,organamnist,resnet18,A,submitted,13,6,60,32,24,adamw,0.0001,0.0001,469.0,run entry through output export; wall-clock UTC difference,3.12.7,2.10.0+cu128,0.25.0+cu128,12.8,NVIDIA GeForce RTX 5070 Ti,research-lab/experiments/registered-workflow/runs/primary/run_0761,True,True
run_0762,original,organamnist,resnet18,B,submitted,60,60,60,32,24,adamw,0.0001,0.0001,1290.0,run entry through output export; wall-clock UTC difference,3.12.7,2.10.0+cu128,0.25.0+cu128,12.8,NVIDIA GeForce RTX 5070 Ti,research-lab/experiments/registered-workflow/runs/primary/run_0762,True,True
run_0763,original,organamnist,resnet50,A,submitted,37,30,60,32,24,adamw,0.0001,0.0001,1674.0,run entry through output export; wall-clock UTC difference,3.12.7,2.10.0+cu128,0.25.0+cu128,12.8,NVIDIA GeForce RTX 5070 Ti,research-lab/experiments/registered-workflow/runs/primary/run_0763,True,True
run_0764,original,organamnist,resnet50,B,submitted,60,60,60,32,24,adamw,0.0001,0.0001,2565.0,run entry through output export; wall-clock UTC difference,3.12.7,2.10.0+cu128,0.25.0+cu128,12.8,NVIDIA GeForce RTX 5070 Ti,research-lab/experiments/registered-workflow/runs/primary/run_0764,True,True
run_0765,original,organamnist,densenet121,A,submitted,30,23,60,32,24,adamw,0.0001,0.0001,1499.0,run entry through output export; wall-clock UTC difference,3.12.7,2.10.0+cu128,0.25.0+cu128,12.8,NVIDIA GeForce RTX 5070 Ti,research-lab/experiments/registered-workflow/runs/primary/run_0765,True,True
run_0766,original,organamnist,densenet121,B,submitted,60,60,60,32,24,adamw,0.0001,0.0001,2702.0,run entry through output export; wall-clock UTC difference,3.12.7,2.10.0+cu128,0.25.0+cu128,12.8,NVIDIA GeForce RTX 5070 Ti,research-lab/experiments/registered-workflow/runs/primary/run_0766,True,True
run_0767,original,organamnist,efficientnet_b0,A,submitted,60,57,60,32,24,adamw,0.0001,0.0001,1478.0,run entry through output export; wall-clock UTC difference,3.12.7,2.10.0+cu128,0.25.0+cu128,12.8,NVIDIA GeForce RTX 5070 Ti,research-lab/experiments/registered-workflow/runs/primary/run_0767,True,True
run_0768,original,organamnist,efficientnet_b0,B,submitted,60,60,60,32,24,adamw,0.0001,0.0001,1472.0,run entry through output export; wall-clock UTC difference,3.12.7,2.10.0+cu128,0.25.0+cu128,12.8,NVIDIA GeForce RTX 5070 Ti,research-lab/experiments/registered-workflow/runs/primary/run_0768,True,True
run_0769,original,organamnist,resnet18,A,submitted,18,11,60,32,24,adamw,0.0001,0.0001,558.0,run entry through output export; wall-clock UTC difference,3.12.7,2.10.0+cu128,0.25.0+cu128,12.8,NVIDIA GeForce RTX 5070 Ti,research-lab/experiments/registered-workflow/runs/primary/run_0769,True,True
run_0770,original,organamnist,resnet18,B,submitted,60,60,60,32,24,adamw,0.0001,0.0001,1292.0,run entry through output export; wall-clock UTC difference,3.12.7,2.10.0+cu128,0.25.0+cu128,12.8,NVIDIA GeForce RTX 5070 Ti,research-lab/experiments/registered-workflow/runs/primary/run_0770,True,True
run_0771,original,organamnist,resnet50,A,submitted,28,21,60,32,24,adamw,0.0001,0.0001,1325.0,run entry through output export; wall-clock UTC difference,3.12.7,2.10.0+cu128,0.25.0+cu128,12.8,NVIDIA GeForce RTX 5070 Ti,research-lab/experiments/registered-workflow/runs/primary/run_0771,True,True
run_0772,original,organamnist,resnet50,B,submitted,60,60,60,32,24,adamw,0.0001,0.0001,2559.0,run entry through output export; wall-clock UTC difference,3.12.7,2.10.0+cu128,0.25.0+cu128,12.8,NVIDIA GeForce RTX 5070 Ti,research-lab/experiments/registered-workflow/runs/primary/run_0772,True,True
run_0773,original,organamnist,densenet121,A,submitted,30,23,60,32,24,adamw,0.0001,0.0001,1474.0,run entry through output export; wall-clock UTC difference,3.12.7,2.10.0+cu128,0.25.0+cu128,12.8,NVIDIA GeForce RTX 5070 Ti,research-lab/experiments/registered-workflow/runs/primary/run_0773,True,True
run_0774,original,organamnist,densenet121,B,submitted,60,60,60,32,24,adamw,0.0001,0.0001,2704.0,run entry through output export; wall-clock UTC difference,3.12.7,2.10.0+cu128,0.25.0+cu128,12.8,NVIDIA GeForce RTX 5070 Ti,research-lab/experiments/registered-workflow/runs/primary/run_0774,True,True
run_0775,original,organamnist,efficientnet_b0,A,submitted,58,51,60,32,24,adamw,0.0001,0.0001,1427.0,run entry through output export; wall-clock UTC difference,3.12.7,2.10.0+cu128,0.25.0+cu128,12.8,NVIDIA GeForce RTX 5070 Ti,research-lab/experiments/registered-workflow/runs/primary/run_0775,True,True
run_0776,original,organamnist,efficientnet_b0,B,submitted,60,60,60,32,24,adamw,0.0001,0.0001,1465.0,run entry through output export; wall-clock UTC difference,3.12.7,2.10.0+cu128,0.25.0+cu128,12.8,NVIDIA GeForce RTX 5070 Ti,research-lab/experiments/registered-workflow/runs/primary/run_0776,True,True
run_0777,original,organamnist,resnet18,A,submitted,24,17,60,32,24,adamw,0.0001,0.0001,662.0,run entry through output export; wall-clock UTC difference,3.12.7,2.10.0+cu128,0.25.0+cu128,12.8,NVIDIA GeForce RTX 5070 Ti,research-lab/experiments/registered-workflow/runs/primary/run_0777,True,True
run_0778,original,organamnist,resnet18,B,submitted,60,60,60,32,24,adamw,0.0001,0.0001,1283.0,run entry through output export; wall-clock UTC difference,3.12.7,2.10.0+cu128,0.25.0+cu128,12.8,NVIDIA GeForce RTX 5070 Ti,research-lab/experiments/registered-workflow/runs/primary/run_0778,True,True
run_0779,original,organamnist,resnet50,A,submitted,24,17,60,32,24,adamw,0.0001,0.0001,1173.0,run entry through output export; wall-clock UTC difference,3.12.7,2.10.0+cu128,0.25.0+cu128,12.8,NVIDIA GeForce RTX 5070 Ti,research-lab/experiments/registered-workflow/runs/primary/run_0779,True,True
run_0780,original,organamnist,resnet50,B,submitted,60,60,60,32,24,adamw,0.0001,0.0001,2558.0,run entry through output export; wall-clock UTC difference,3.12.7,2.10.0+cu128,0.25.0+cu128,12.8,NVIDIA GeForce RTX 5070 Ti,research-lab/experiments/registered-workflow/runs/primary/run_0780,True,True
run_0781,original,organamnist,densenet121,A,submitted,25,18,60,32,24,adamw,0.0001,0.0001,1268.0,run entry through output export; wall-clock UTC difference,3.12.7,2.10.0+cu128,0.25.0+cu128,12.8,NVIDIA GeForce RTX 5070 Ti,research-lab/experiments/registered-workflow/runs/primary/run_0781,True,True
run_0782,original,organamnist,densenet121,B,submitted,60,60,60,32,24,adamw,0.0001,0.0001,2704.0,run entry through output export; wall-clock UTC difference,3.12.7,2.10.0+cu128,0.25.0+cu128,12.8,NVIDIA GeForce RTX 5070 Ti,research-lab/experiments/registered-workflow/runs/primary/run_0782,True,True
run_0783,original,organamnist,efficientnet_b0,A,submitted,60,58,60,32,24,adamw,0.0001,0.0001,1467.0,run entry through output export; wall-clock UTC difference,3.12.7,2.10.0+cu128,0.25.0+cu128,12.8,NVIDIA GeForce RTX 5070 Ti,research-lab/experiments/registered-workflow/runs/primary/run_0783,True,True
run_0784,original,organamnist,efficientnet_b0,B,submitted,60,60,60,32,24,adamw,0.0001,0.0001,1471.0,run entry through output export; wall-clock UTC difference,3.12.7,2.10.0+cu128,0.25.0+cu128,12.8,NVIDIA GeForce RTX 5070 Ti,research-lab/experiments/registered-workflow/runs/primary/run_0784,True,True
run_0785,original,organamnist,resnet18,A,submitted,23,16,60,32,24,adamw,0.0001,0.0001,641.0,run entry through output export; wall-clock UTC difference,3.12.7,2.10.0+cu128,0.25.0+cu128,12.8,NVIDIA GeForce RTX 5070 Ti,research-lab/experiments/registered-workflow/runs/primary/run_0785,True,True
run_0786,original,organamnist,resnet18,B,submitted,60,60,60,32,24,adamw,0.0001,0.0001,1280.0,run entry through output export; wall-clock UTC difference,3.12.7,2.10.0+cu128,0.25.0+cu128,12.8,NVIDIA GeForce RTX 5070 Ti,research-lab/experiments/registered-workflow/runs/primary/run_0786,True,True
run_0787,original,organamnist,resnet50,A,submitted,19,12,60,32,24,adamw,0.0001,0.0001,978.0,run entry through output export; wall-clock UTC difference,3.12.7,2.10.0+cu128,0.25.0+cu128,12.8,NVIDIA GeForce RTX 5070 Ti,research-lab/experiments/registered-workflow/runs/primary/run_0787,True,True
run_0788,original,organamnist,resnet50,B,submitted,60,60,60,32,24,adamw,0.0001,0.0001,2557.0,run entry through output export; wall-clock UTC difference,3.12.7,2.10.0+cu128,0.25.0+cu128,12.8,NVIDIA GeForce RTX 5070 Ti,research-lab/experiments/registered-workflow/runs/primary/run_0788,True,True
run_0789,original,organamnist,densenet121,A,submitted,30,23,60,32,24,adamw,0.0001,0.0001,1475.0,run entry through output export; wall-clock UTC difference,3.12.7,2.10.0+cu128,0.25.0+cu128,12.8,NVIDIA GeForce RTX 5070 Ti,research-lab/experiments/registered-workflow/runs/primary/run_0789,True,True
run_0790,original,organamnist,densenet121,B,submitted,60,60,60,32,24,adamw,0.0001,0.0001,2703.0,run entry through output export; wall-clock UTC difference,3.12.7,2.10.0+cu128,0.25.0+cu128,12.8,NVIDIA GeForce RTX 5070 Ti,research-lab/experiments/registered-workflow/runs/primary/run_0790,True,True
run_0791,original,organamnist,efficientnet_b0,A,submitted,60,56,60,32,24,adamw,0.0001,0.0001,1467.0,run entry through output export; wall-clock UTC difference,3.12.7,2.10.0+cu128,0.25.0+cu128,12.8,NVIDIA GeForce RTX 5070 Ti,research-lab/experiments/registered-workflow/runs/primary/run_0791,True,True
run_0792,original,organamnist,efficientnet_b0,B,submitted,60,60,60,32,24,adamw,0.0001,0.0001,1467.0,run entry through output export; wall-clock UTC difference,3.12.7,2.10.0+cu128,0.25.0+cu128,12.8,NVIDIA GeForce RTX 5070 Ti,research-lab/experiments/registered-workflow/runs/primary/run_0792,True,True
run_0793,original,organamnist,resnet18,A,submitted,22,15,60,32,24,adamw,0.0001,0.0001,624.0,run entry through output export; wall-clock UTC difference,3.12.7,2.10.0+cu128,0.25.0+cu128,12.8,NVIDIA GeForce RTX 5070 Ti,research-lab/experiments/registered-workflow/runs/primary/run_0793,True,True
run_0794,original,organamnist,resnet18,B,submitted,60,60,60,32,24,adamw,0.0001,0.0001,1282.0,run entry through output export; wall-clock UTC difference,3.12.7,2.10.0+cu128,0.25.0+cu128,12.8,NVIDIA GeForce RTX 5070 Ti,research-lab/experiments/registered-workflow/runs/primary/run_0794,True,True
run_0795,original,organamnist,resnet50,A,submitted,26,19,60,32,24,adamw,0.0001,0.0001,1251.0,run entry through output export; wall-clock UTC difference,3.12.7,2.10.0+cu128,0.25.0+cu128,12.8,NVIDIA GeForce RTX 5070 Ti,research-lab/experiments/registered-workflow/runs/primary/run_0795,True,True
run_0796,original,organamnist,resnet50,B,submitted,60,60,60,32,24,adamw,0.0001,0.0001,2559.0,run entry through output export; wall-clock UTC difference,3.12.7,2.10.0+cu128,0.25.0+cu128,12.8,NVIDIA GeForce RTX 5070 Ti,research-lab/experiments/registered-workflow/runs/primary/run_0796,True,True
run_0797,original,organamnist,densenet121,A,submitted,23,16,60,32,24,adamw,0.0001,0.0001,1188.0,run entry through output export; wall-clock UTC difference,3.12.7,2.10.0+cu128,0.25.0+cu128,12.8,NVIDIA GeForce RTX 5070 Ti,research-lab/experiments/registered-workflow/runs/primary/run_0797,True,True
run_0798,original,organamnist,densenet121,B,submitted,60,60,60,32,24,adamw,0.0001,0.0001,2705.0,run entry through output export; wall-clock UTC difference,3.12.7,2.10.0+cu128,0.25.0+cu128,12.8,NVIDIA GeForce RTX 5070 Ti,research-lab/experiments/registered-workflow/runs/primary/run_0798,True,True
run_0799,original,organamnist,efficientnet_b0,A,submitted,60,60,60,32,24,adamw,0.0001,0.0001,1466.0,run entry through output export; wall-clock UTC difference,3.12.7,2.10.0+cu128,0.25.0+cu128,12.8,NVIDIA GeForce RTX 5070 Ti,research-lab/experiments/registered-workflow/runs/primary/run_0799,True,True
run_0800,original,organamnist,efficientnet_b0,B,submitted,60,60,60,32,24,adamw,0.0001,0.0001,1467.0,run entry through output export; wall-clock UTC difference,3.12.7,2.10.0+cu128,0.25.0+cu128,12.8,NVIDIA GeForce RTX 5070 Ti,research-lab/experiments/registered-workflow/runs/primary/run_0800,True,True
jiim_ext_isic2019_split_01_seed_42_resnet18_A,extension,isic2019,resnet18,A,shared,9,2,60,32,4,AdamW,0.0001,0.0001,607.3188995942473,after model/data-loader initialization through checkpoint hashing and metric export; perf_counter,3.10.21,2.4.1+cu121,0.19.1+cu121,12.1,NVIDIA GeForce RTX 4090 D,research-lab/experiments/registered-workflow/extensions/jiim_2026_major_revision/runs/jiim_ext_isic2019_split_01_seed_42_resnet18_A,True,True
jiim_ext_isic2019_split_01_seed_52_resnet18_A,extension,isic2019,resnet18,A,shared,9,2,60,32,4,AdamW,0.0001,0.0001,576.168033901602,after model/data-loader initialization through checkpoint hashing and metric export; perf_counter,3.10.21,2.4.1+cu121,0.19.1+cu121,12.1,NVIDIA GeForce RTX 4090 D,research-lab/experiments/registered-workflow/extensions/jiim_2026_major_revision/runs/jiim_ext_isic2019_split_01_seed_52_resnet18_A,True,True
jiim_ext_isic2019_split_01_seed_62_resnet18_A,extension,isic2019,resnet18,A,shared,9,2,60,32,4,AdamW,0.0001,0.0001,526.2810347042978,after model/data-loader initialization through checkpoint hashing and metric export; perf_counter,3.10.21,2.4.1+cu121,0.19.1+cu121,12.1,NVIDIA GeForce RTX 4090 D,research-lab/experiments/registered-workflow/extensions/jiim_2026_major_revision/runs/jiim_ext_isic2019_split_01_seed_62_resnet18_A,True,True
jiim_ext_isic2019_split_01_seed_42_resnet50_A,extension,isic2019,resnet50,A,shared,9,2,60,32,4,AdamW,0.0001,0.0001,525.2183838412166,after model/data-loader initialization through checkpoint hashing and metric export; perf_counter,3.10.21,2.4.1+cu121,0.19.1+cu121,12.1,NVIDIA GeForce RTX 4090 D,research-lab/experiments/registered-workflow/extensions/jiim_2026_major_revision/runs/jiim_ext_isic2019_split_01_seed_42_resnet50_A,True,True
jiim_ext_isic2019_split_01_seed_52_resnet50_A,extension,isic2019,resnet50,A,shared,9,2,60,32,4,AdamW,0.0001,0.0001,519.771161261946,after model/data-loader initialization through checkpoint hashing and metric export; perf_counter,3.10.21,2.4.1+cu121,0.19.1+cu121,12.1,NVIDIA GeForce RTX 4090 D,research-lab/experiments/registered-workflow/extensions/jiim_2026_major_revision/runs/jiim_ext_isic2019_split_01_seed_52_resnet50_A,True,True
jiim_ext_isic2019_split_01_seed_62_resnet50_A,extension,isic2019,resnet50,A,shared,9,2,60,32,4,AdamW,0.0001,0.0001,516.2843203060329,after model/data-loader initialization through checkpoint hashing and metric export; perf_counter,3.10.21,2.4.1+cu121,0.19.1+cu121,12.1,NVIDIA GeForce RTX 4090 D,research-lab/experiments/registered-workflow/extensions/jiim_2026_major_revision/runs/jiim_ext_isic2019_split_01_seed_62_resnet50_A,True,True
jiim_ext_isic2019_split_01_seed_42_densenet121_A,extension,isic2019,densenet121,A,shared,11,4,60,32,4,AdamW,0.0001,0.0001,764.3710188046098,after model/data-loader initialization through checkpoint hashing and metric export; perf_counter,3.10.21,2.4.1+cu121,0.19.1+cu121,12.1,NVIDIA GeForce RTX 4090 D,research-lab/experiments/registered-workflow/extensions/jiim_2026_major_revision/runs/jiim_ext_isic2019_split_01_seed_42_densenet121_A,True,True
jiim_ext_isic2019_split_01_seed_52_densenet121_A,extension,isic2019,densenet121,A,shared,10,3,60,32,4,AdamW,0.0001,0.0001,671.7793963700533,after model/data-loader initialization through checkpoint hashing and metric export; perf_counter,3.10.21,2.4.1+cu121,0.19.1+cu121,12.1,NVIDIA GeForce RTX 4090 D,research-lab/experiments/registered-workflow/extensions/jiim_2026_major_revision/runs/jiim_ext_isic2019_split_01_seed_52_densenet121_A,True,True
jiim_ext_isic2019_split_01_seed_62_densenet121_A,extension,isic2019,densenet121,A,shared,11,4,60,32,4,AdamW,0.0001,0.0001,722.2733994200826,after model/data-loader initialization through checkpoint hashing and metric export; perf_counter,3.10.21,2.4.1+cu121,0.19.1+cu121,12.1,NVIDIA GeForce RTX 4090 D,research-lab/experiments/registered-workflow/extensions/jiim_2026_major_revision/runs/jiim_ext_isic2019_split_01_seed_62_densenet121_A,True,True
jiim_ext_isic2019_split_01_seed_42_efficientnet_b0_A,extension,isic2019,efficientnet_b0,A,shared,21,14,60,32,4,AdamW,0.0001,0.0001,1352.5621535032988,after model/data-loader initialization through checkpoint hashing and metric export; perf_counter,3.10.21,2.4.1+cu121,0.19.1+cu121,12.1,NVIDIA GeForce RTX 4090 D,research-lab/experiments/registered-workflow/extensions/jiim_2026_major_revision/runs/jiim_ext_isic2019_split_01_seed_42_efficientnet_b0_A,True,True
jiim_ext_isic2019_split_01_seed_52_efficientnet_b0_A,extension,isic2019,efficientnet_b0,A,shared,28,21,60,32,4,AdamW,0.0001,0.0001,1758.5649291798472,after model/data-loader initialization through checkpoint hashing and metric export; perf_counter,3.10.21,2.4.1+cu121,0.19.1+cu121,12.1,NVIDIA GeForce RTX 4090 D,research-lab/experiments/registered-workflow/extensions/jiim_2026_major_revision/runs/jiim_ext_isic2019_split_01_seed_52_efficientnet_b0_A,True,True
jiim_ext_isic2019_split_01_seed_62_efficientnet_b0_A,extension,isic2019,efficientnet_b0,A,shared,28,21,60,32,4,AdamW,0.0001,0.0001,1766.4166752584279,after model/data-loader initialization through checkpoint hashing and metric export; perf_counter,3.10.21,2.4.1+cu121,0.19.1+cu121,12.1,NVIDIA GeForce RTX 4090 D,research-lab/experiments/registered-workflow/extensions/jiim_2026_major_revision/runs/jiim_ext_isic2019_split_01_seed_62_efficientnet_b0_A,True,True
jiim_ext_isic2019_split_01_seed_42_swin_t_A,extension,isic2019,swin_t,A,shared,10,3,60,32,4,AdamW,0.0001,0.0001,612.4246617555618,after model/data-loader initialization through checkpoint hashing and metric export; perf_counter,3.10.21,2.4.1+cu121,0.19.1+cu121,12.1,NVIDIA GeForce RTX 4090 D,research-lab/experiments/registered-workflow/extensions/jiim_2026_major_revision/runs/jiim_ext_isic2019_split_01_seed_42_swin_t_A,True,True
jiim_ext_isic2019_split_01_seed_52_swin_t_A,extension,isic2019,swin_t,A,shared,9,2,60,32,4,AdamW,0.0001,0.0001,551.6879807859659,after model/data-loader initialization through checkpoint hashing and metric export; perf_counter,3.10.21,2.4.1+cu121,0.19.1+cu121,12.1,NVIDIA GeForce RTX 4090 D,research-lab/experiments/registered-workflow/extensions/jiim_2026_major_revision/runs/jiim_ext_isic2019_split_01_seed_52_swin_t_A,True,True
jiim_ext_isic2019_split_01_seed_62_swin_t_A,extension,isic2019,swin_t,A,shared,10,3,60,32,4,AdamW,0.0001,0.0001,582.1387262791395,after model/data-loader initialization through checkpoint hashing and metric export; perf_counter,3.10.21,2.4.1+cu121,0.19.1+cu121,12.1,NVIDIA GeForce RTX 4090 D,research-lab/experiments/registered-workflow/extensions/jiim_2026_major_revision/runs/jiim_ext_isic2019_split_01_seed_62_swin_t_A,True,True
jiim_ext_isic2019_split_01_seed_42_swin_t_B,extension,isic2019,swin_t,A,swin_weight_eval,10,3,60,32,4,AdamW,0.0001,0.0001,668.1127480082214,after model/data-loader initialization through checkpoint hashing and metric export; perf_counter,3.10.21,2.4.1+cu121,0.19.1+cu121,12.1,NVIDIA GeForce RTX 4090 D,research-lab/experiments/registered-workflow/extensions/jiim_2026_major_revision/runs/jiim_ext_isic2019_split_01_seed_42_swin_t_B,True,True
jiim_ext_isic2019_split_01_seed_52_swin_t_B,extension,isic2019,swin_t,A,swin_weight_eval,11,4,60,32,4,AdamW,0.0001,0.0001,756.6020961254835,after model/data-loader initialization through checkpoint hashing and metric export; perf_counter,3.10.21,2.4.1+cu121,0.19.1+cu121,12.1,NVIDIA GeForce RTX 4090 D,research-lab/experiments/registered-workflow/extensions/jiim_2026_major_revision/runs/jiim_ext_isic2019_split_01_seed_52_swin_t_B,True,True
jiim_ext_isic2019_split_01_seed_62_swin_t_B,extension,isic2019,swin_t,A,swin_weight_eval,10,3,60,32,4,AdamW,0.0001,0.0001,681.9460773132741,after model/data-loader initialization through checkpoint hashing and metric export; perf_counter,3.10.21,2.4.1+cu121,0.19.1+cu121,12.1,NVIDIA GeForce RTX 4090 D,research-lab/experiments/registered-workflow/extensions/jiim_2026_major_revision/runs/jiim_ext_isic2019_split_01_seed_62_swin_t_B,True,True
jiim_ext_isic2019_split_02_seed_42_resnet18_A,extension,isic2019,resnet18,A,shared,8,1,60,32,4,AdamW,0.0001,0.0001,478.51057180017233,after model/data-loader initialization through checkpoint hashing and metric export; perf_counter,3.10.21,2.4.1+cu121,0.19.1+cu121,12.1,NVIDIA GeForce RTX 4090 D,research-lab/experiments/registered-workflow/extensions/jiim_2026_major_revision/runs/jiim_ext_isic2019_split_02_seed_42_resnet18_A,True,True
jiim_ext_isic2019_split_02_seed_52_resnet18_A,extension,isic2019,resnet18,A,shared,8,1,60,32,4,AdamW,0.0001,0.0001,511.7369844317436,after model/data-loader initialization through checkpoint hashing and metric export; perf_counter,3.10.21,2.4.1+cu121,0.19.1+cu121,12.1,NVIDIA GeForce RTX 4090 D,research-lab/experiments/registered-workflow/extensions/jiim_2026_major_revision/runs/jiim_ext_isic2019_split_02_seed_52_resnet18_A,True,True
jiim_ext_isic2019_split_02_seed_62_resnet18_A,extension,isic2019,resnet18,A,shared,10,3,60,32,4,AdamW,0.0001,0.0001,627.3185624666512,after model/data-loader initialization through checkpoint hashing and metric export; perf_counter,3.10.21,2.4.1+cu121,0.19.1+cu121,12.1,NVIDIA GeForce RTX 4090 D,research-lab/experiments/registered-workflow/extensions/jiim_2026_major_revision/runs/jiim_ext_isic2019_split_02_seed_62_resnet18_A,True,True
jiim_ext_isic2019_split_02_seed_42_resnet50_A,extension,isic2019,resnet50,A,shared,10,3,60,32,4,AdamW,0.0001,0.0001,668.5071150846779,after model/data-loader initialization through checkpoint hashing and metric export; perf_counter,3.10.21,2.4.1+cu121,0.19.1+cu121,12.1,NVIDIA GeForce RTX 4090 D,research-lab/experiments/registered-workflow/extensions/jiim_2026_major_revision/runs/jiim_ext_isic2019_split_02_seed_42_resnet50_A,True,True
jiim_ext_isic2019_split_02_seed_52_resnet50_A,extension,isic2019,resnet50,A,shared,9,2,60,32,4,AdamW,0.0001,0.0001,569.0781110711396,after model/data-loader initialization through checkpoint hashing and metric export; perf_counter,3.10.21,2.4.1+cu121,0.19.1+cu121,12.1,NVIDIA GeForce RTX 4090 D,research-lab/experiments/registered-workflow/extensions/jiim_2026_major_revision/runs/jiim_ext_isic2019_split_02_seed_52_resnet50_A,True,True
jiim_ext_isic2019_split_02_seed_62_resnet50_A,extension,isic2019,resnet50,A,shared,9,2,60,32,4,AdamW,0.0001,0.0001,571.630066152662,after model/data-loader initialization through checkpoint hashing and metric export; perf_counter,3.10.21,2.4.1+cu121,0.19.1+cu121,12.1,NVIDIA GeForce RTX 4090 D,research-lab/experiments/registered-workflow/extensions/jiim_2026_major_revision/runs/jiim_ext_isic2019_split_02_seed_62_resnet50_A,True,True
jiim_ext_isic2019_split_02_seed_42_densenet121_A,extension,isic2019,densenet121,A,shared,9,2,60,32,4,AdamW,0.0001,0.0001,590.9117867872119,after model/data-loader initialization through checkpoint hashing and metric export; perf_counter,3.10.21,2.4.1+cu121,0.19.1+cu121,12.1,NVIDIA GeForce RTX 4090 D,research-lab/experiments/registered-workflow/extensions/jiim_2026_major_revision/runs/jiim_ext_isic2019_split_02_seed_42_densenet121_A,True,True
jiim_ext_isic2019_split_02_seed_52_densenet121_A,extension,isic2019,densenet121,A,shared,10,3,60,32,4,AdamW,0.0001,0.0001,663.6897480897605,after model/data-loader initialization through checkpoint hashing and metric export; perf_counter,3.10.21,2.4.1+cu121,0.19.1+cu121,12.1,NVIDIA GeForce RTX 4090 D,research-lab/experiments/registered-workflow/extensions/jiim_2026_major_revision/runs/jiim_ext_isic2019_split_02_seed_52_densenet121_A,True,True
jiim_ext_isic2019_split_02_seed_62_densenet121_A,extension,isic2019,densenet121,A,shared,11,4,60,32,4,AdamW,0.0001,0.0001,699.5379656292498,after model/data-loader initialization through checkpoint hashing and metric export; perf_counter,3.10.21,2.4.1+cu121,0.19.1+cu121,12.1,NVIDIA GeForce RTX 4090 D,research-lab/experiments/registered-workflow/extensions/jiim_2026_major_revision/runs/jiim_ext_isic2019_split_02_seed_62_densenet121_A,True,True
jiim_ext_isic2019_split_02_seed_42_efficientnet_b0_A,extension,isic2019,efficientnet_b0,A,shared,17,10,60,32,4,AdamW,0.0001,0.0001,1086.864824641496,after model/data-loader initialization through checkpoint hashing and metric export; perf_counter,3.10.21,2.4.1+cu121,0.19.1+cu121,12.1,NVIDIA GeForce RTX 4090 D,research-lab/experiments/registered-workflow/extensions/jiim_2026_major_revision/runs/jiim_ext_isic2019_split_02_seed_42_efficientnet_b0_A,True,True
jiim_ext_isic2019_split_02_seed_52_efficientnet_b0_A,extension,isic2019,efficientnet_b0,A,shared,24,17,60,32,4,AdamW,0.0001,0.0001,1527.4026356190443,after model/data-loader initialization through checkpoint hashing and metric export; perf_counter,3.10.21,2.4.1+cu121,0.19.1+cu121,12.1,NVIDIA GeForce RTX 4090 D,research-lab/experiments/registered-workflow/extensions/jiim_2026_major_revision/runs/jiim_ext_isic2019_split_02_seed_52_efficientnet_b0_A,True,True
jiim_ext_isic2019_split_02_seed_62_efficientnet_b0_A,extension,isic2019,efficientnet_b0,A,shared,26,19,60,32,4,AdamW,0.0001,0.0001,1717.0844688042998,after model/data-loader initialization through checkpoint hashing and metric export; perf_counter,3.10.21,2.4.1+cu121,0.19.1+cu121,12.1,NVIDIA GeForce RTX 4090 D,research-lab/experiments/registered-workflow/extensions/jiim_2026_major_revision/runs/jiim_ext_isic2019_split_02_seed_62_efficientnet_b0_A,True,True
jiim_ext_isic2019_split_02_seed_42_swin_t_A,extension,isic2019,swin_t,A,shared,10,3,60,32,4,AdamW,0.0001,0.0001,614.5887088738382,after model/data-loader initialization through checkpoint hashing and metric export; perf_counter,3.10.21,2.4.1+cu121,0.19.1+cu121,12.1,NVIDIA GeForce RTX 4090 D,research-lab/experiments/registered-workflow/extensions/jiim_2026_major_revision/runs/jiim_ext_isic2019_split_02_seed_42_swin_t_A,True,True
jiim_ext_isic2019_split_02_seed_52_swin_t_A,extension,isic2019,swin_t,A,shared,10,3,60,32,4,AdamW,0.0001,0.0001,616.1829204708338,after model/data-loader initialization through checkpoint hashing and metric export; perf_counter,3.10.21,2.4.1+cu121,0.19.1+cu121,12.1,NVIDIA GeForce RTX 4090 D,research-lab/experiments/registered-workflow/extensions/jiim_2026_major_revision/runs/jiim_ext_isic2019_split_02_seed_52_swin_t_A,True,True
jiim_ext_isic2019_split_02_seed_62_swin_t_A,extension,isic2019,swin_t,A,shared,10,3,60,32,4,AdamW,0.0001,0.0001,606.0383280403912,after model/data-loader initialization through checkpoint hashing and metric export; perf_counter,3.10.21,2.4.1+cu121,0.19.1+cu121,12.1,NVIDIA GeForce RTX 4090 D,research-lab/experiments/registered-workflow/extensions/jiim_2026_major_revision/runs/jiim_ext_isic2019_split_02_seed_62_swin_t_A,True,True
jiim_ext_isic2019_split_02_seed_42_swin_t_B,extension,isic2019,swin_t,A,swin_weight_eval,10,3,60,32,4,AdamW,0.0001,0.0001,700.7979605048895,after model/data-loader initialization through checkpoint hashing and metric export; perf_counter,3.10.21,2.4.1+cu121,0.19.1+cu121,12.1,NVIDIA GeForce RTX 4090 D,research-lab/experiments/registered-workflow/extensions/jiim_2026_major_revision/runs/jiim_ext_isic2019_split_02_seed_42_swin_t_B,True,True
jiim_ext_isic2019_split_02_seed_52_swin_t_B,extension,isic2019,swin_t,A,swin_weight_eval,10,3,60,32,4,AdamW,0.0001,0.0001,698.6225827671587,after model/data-loader initialization through checkpoint hashing and metric export; perf_counter,3.10.21,2.4.1+cu121,0.19.1+cu121,12.1,NVIDIA GeForce RTX 4090 D,research-lab/experiments/registered-workflow/extensions/jiim_2026_major_revision/runs/jiim_ext_isic2019_split_02_seed_52_swin_t_B,True,True
jiim_ext_isic2019_split_02_seed_62_swin_t_B,extension,isic2019,swin_t,A,swin_weight_eval,10,3,60,32,4,AdamW,0.0001,0.0001,687.1416345350444,after model/data-loader initialization through checkpoint hashing and metric export; perf_counter,3.10.21,2.4.1+cu121,0.19.1+cu121,12.1,NVIDIA GeForce RTX 4090 D,research-lab/experiments/registered-workflow/extensions/jiim_2026_major_revision/runs/jiim_ext_isic2019_split_02_seed_62_swin_t_B,True,True
jiim_ext_isic2019_split_03_seed_42_resnet18_A,extension,isic2019,resnet18,A,shared,8,1,60,32,4,AdamW,0.0001,0.0001,511.9051360525191,after model/data-loader initialization through checkpoint hashing and metric export; perf_counter,3.10.21,2.4.1+cu121,0.19.1+cu121,12.1,NVIDIA GeForce RTX 4090 D,research-lab/experiments/registered-workflow/extensions/jiim_2026_major_revision/runs/jiim_ext_isic2019_split_03_seed_42_resnet18_A,True,True
jiim_ext_isic2019_split_03_seed_52_resnet18_A,extension,isic2019,resnet18,A,shared,9,2,60,32,4,AdamW,0.0001,0.0001,539.3214971683919,after model/data-loader initialization through checkpoint hashing and metric export; perf_counter,3.10.21,2.4.1+cu121,0.19.1+cu121,12.1,NVIDIA GeForce RTX 4090 D,research-lab/experiments/registered-workflow/extensions/jiim_2026_major_revision/runs/jiim_ext_isic2019_split_03_seed_52_resnet18_A,True,True
jiim_ext_isic2019_split_03_seed_62_resnet18_A,extension,isic2019,resnet18,A,shared,8,1,60,32,4,AdamW,0.0001,0.0001,487.37133345380425,after model/data-loader initialization through checkpoint hashing and metric export; perf_counter,3.10.21,2.4.1+cu121,0.19.1+cu121,12.1,NVIDIA GeForce RTX 4090 D,research-lab/experiments/registered-workflow/extensions/jiim_2026_major_revision/runs/jiim_ext_isic2019_split_03_seed_62_resnet18_A,True,True
jiim_ext_isic2019_split_03_seed_42_resnet50_A,extension,isic2019,resnet50,A,shared,8,1,60,32,4,AdamW,0.0001,0.0001,478.78650245442986,after model/data-loader initialization through checkpoint hashing and metric export; perf_counter,3.10.21,2.4.1+cu121,0.19.1+cu121,12.1,NVIDIA GeForce RTX 4090 D,research-lab/experiments/registered-workflow/extensions/jiim_2026_major_revision/runs/jiim_ext_isic2019_split_03_seed_42_resnet50_A,True,True
jiim_ext_isic2019_split_03_seed_52_resnet50_A,extension,isic2019,resnet50,A,shared,9,2,60,32,4,AdamW,0.0001,0.0001,562.9054191112518,after model/data-loader initialization through checkpoint hashing and metric export; perf_counter,3.10.21,2.4.1+cu121,0.19.1+cu121,12.1,NVIDIA GeForce RTX 4090 D,research-lab/experiments/registered-workflow/extensions/jiim_2026_major_revision/runs/jiim_ext_isic2019_split_03_seed_52_resnet50_A,True,True
jiim_ext_isic2019_split_03_seed_62_resnet50_A,extension,isic2019,resnet50,A,shared,8,1,60,32,4,AdamW,0.0001,0.0001,469.9011023975909,after model/data-loader initialization through checkpoint hashing and metric export; perf_counter,3.10.21,2.4.1+cu121,0.19.1+cu121,12.1,NVIDIA GeForce RTX 4090 D,research-lab/experiments/registered-workflow/extensions/jiim_2026_major_revision/runs/jiim_ext_isic2019_split_03_seed_62_resnet50_A,True,True
jiim_ext_isic2019_split_03_seed_42_densenet121_A,extension,isic2019,densenet121,A,shared,9,2,60,32,4,AdamW,0.0001,0.0001,644.1248158812523,after model/data-loader initialization through checkpoint hashing and metric export; perf_counter,3.10.21,2.4.1+cu121,0.19.1+cu121,12.1,NVIDIA GeForce RTX 4090 D,research-lab/experiments/registered-workflow/extensions/jiim_2026_major_revision/runs/jiim_ext_isic2019_split_03_seed_42_densenet121_A,True,True
jiim_ext_isic2019_split_03_seed_52_densenet121_A,extension,isic2019,densenet121,A,shared,9,2,60,32,4,AdamW,0.0001,0.0001,636.720020391047,after model/data-loader initialization through checkpoint hashing and metric export; perf_counter,3.10.21,2.4.1+cu121,0.19.1+cu121,12.1,NVIDIA GeForce RTX 4090 D,research-lab/experiments/registered-workflow/extensions/jiim_2026_major_revision/runs/jiim_ext_isic2019_split_03_seed_52_densenet121_A,True,True
jiim_ext_isic2019_split_03_seed_62_densenet121_A,extension,isic2019,densenet121,A,shared,10,3,60,32,4,AdamW,0.0001,0.0001,721.5879803597927,after model/data-loader initialization through checkpoint hashing and metric export; perf_counter,3.10.21,2.4.1+cu121,0.19.1+cu121,12.1,NVIDIA GeForce RTX 4090 D,research-lab/experiments/registered-workflow/extensions/jiim_2026_major_revision/runs/jiim_ext_isic2019_split_03_seed_62_densenet121_A,True,True
jiim_ext_isic2019_split_03_seed_42_efficientnet_b0_A,extension,isic2019,efficientnet_b0,A,shared,19,12,60,32,4,AdamW,0.0001,0.0001,1331.9010348431766,after model/data-loader initialization through checkpoint hashing and metric export; perf_counter,3.10.21,2.4.1+cu121,0.19.1+cu121,12.1,NVIDIA GeForce RTX 4090 D,research-lab/experiments/registered-workflow/extensions/jiim_2026_major_revision/runs/jiim_ext_isic2019_split_03_seed_42_efficientnet_b0_A,True,True
jiim_ext_isic2019_split_03_seed_52_efficientnet_b0_A,extension,isic2019,efficientnet_b0,A,shared,26,19,60,32,4,AdamW,0.0001,0.0001,1712.5159086473286,after model/data-loader initialization through checkpoint hashing and metric export; perf_counter,3.10.21,2.4.1+cu121,0.19.1+cu121,12.1,NVIDIA GeForce RTX 4090 D,research-lab/experiments/registered-workflow/extensions/jiim_2026_major_revision/runs/jiim_ext_isic2019_split_03_seed_52_efficientnet_b0_A,True,True
jiim_ext_isic2019_split_03_seed_62_efficientnet_b0_A,extension,isic2019,efficientnet_b0,A,shared,24,17,60,32,4,AdamW,0.0001,0.0001,1546.1498617269099,after model/data-loader initialization through checkpoint hashing and metric export; perf_counter,3.10.21,2.4.1+cu121,0.19.1+cu121,12.1,NVIDIA GeForce RTX 4090 D,research-lab/experiments/registered-workflow/extensions/jiim_2026_major_revision/runs/jiim_ext_isic2019_split_03_seed_62_efficientnet_b0_A,True,True
jiim_ext_isic2019_split_03_seed_42_swin_t_A,extension,isic2019,swin_t,A,shared,10,3,60,32,4,AdamW,0.0001,0.0001,640.6120423413813,after model/data-loader initialization through checkpoint hashing and metric export; perf_counter,3.10.21,2.4.1+cu121,0.19.1+cu121,12.1,NVIDIA GeForce RTX 4090 D,research-lab/experiments/registered-workflow/extensions/jiim_2026_major_revision/runs/jiim_ext_isic2019_split_03_seed_42_swin_t_A,True,True
jiim_ext_isic2019_split_03_seed_52_swin_t_A,extension,isic2019,swin_t,A,shared,9,2,60,32,4,AdamW,0.0001,0.0001,549.8587687686086,after model/data-loader initialization through checkpoint hashing and metric export; perf_counter,3.10.21,2.4.1+cu121,0.19.1+cu121,12.1,NVIDIA GeForce RTX 4090 D,research-lab/experiments/registered-workflow/extensions/jiim_2026_major_revision/runs/jiim_ext_isic2019_split_03_seed_52_swin_t_A,True,True
jiim_ext_isic2019_split_03_seed_62_swin_t_A,extension,isic2019,swin_t,A,shared,10,3,60,32,4,AdamW,0.0001,0.0001,625.2245432399213,after model/data-loader initialization through checkpoint hashing and metric export; perf_counter,3.10.21,2.4.1+cu121,0.19.1+cu121,12.1,NVIDIA GeForce RTX 4090 D,research-lab/experiments/registered-workflow/extensions/jiim_2026_major_revision/runs/jiim_ext_isic2019_split_03_seed_62_swin_t_A,True,True
jiim_ext_isic2019_split_03_seed_42_swin_t_B,extension,isic2019,swin_t,A,swin_weight_eval,10,3,60,32,4,AdamW,0.0001,0.0001,668.4413986541331,after model/data-loader initialization through checkpoint hashing and metric export; perf_counter,3.10.21,2.4.1+cu121,0.19.1+cu121,12.1,NVIDIA GeForce RTX 4090 D,research-lab/experiments/registered-workflow/extensions/jiim_2026_major_revision/runs/jiim_ext_isic2019_split_03_seed_42_swin_t_B,True,True
jiim_ext_isic2019_split_03_seed_52_swin_t_B,extension,isic2019,swin_t,A,swin_weight_eval,10,3,60,32,4,AdamW,0.0001,0.0001,684.5345701575279,after model/data-loader initialization through checkpoint hashing and metric export; perf_counter,3.10.21,2.4.1+cu121,0.19.1+cu121,12.1,NVIDIA GeForce RTX 4090 D,research-lab/experiments/registered-workflow/extensions/jiim_2026_major_revision/runs/jiim_ext_isic2019_split_03_seed_52_swin_t_B,True,True
jiim_ext_isic2019_split_03_seed_62_swin_t_B,extension,isic2019,swin_t,A,swin_weight_eval,10,3,60,32,4,AdamW,0.0001,0.0001,692.4715510420501,after model/data-loader initialization through checkpoint hashing and metric export; perf_counter,3.10.21,2.4.1+cu121,0.19.1+cu121,12.1,NVIDIA GeForce RTX 4090 D,research-lab/experiments/registered-workflow/extensions/jiim_2026_major_revision/runs/jiim_ext_isic2019_split_03_seed_62_swin_t_B,True,True
jiim_ext_isic2019_split_04_seed_42_resnet18_A,extension,isic2019,resnet18,A,shared,8,1,60,32,4,AdamW,0.0001,0.0001,456.1279532685876,after model/data-loader initialization through checkpoint hashing and metric export; perf_counter,3.10.21,2.4.1+cu121,0.19.1+cu121,12.1,NVIDIA GeForce RTX 4090 D,research-lab/experiments/registered-workflow/extensions/jiim_2026_major_revision/runs/jiim_ext_isic2019_split_04_seed_42_resnet18_A,True,True
jiim_ext_isic2019_split_04_seed_52_resnet18_A,extension,isic2019,resnet18,A,shared,8,1,60,32,4,AdamW,0.0001,0.0001,459.9004491902888,after model/data-loader initialization through checkpoint hashing and metric export; perf_counter,3.10.21,2.4.1+cu121,0.19.1+cu121,12.1,NVIDIA GeForce RTX 4090 D,research-lab/experiments/registered-workflow/extensions/jiim_2026_major_revision/runs/jiim_ext_isic2019_split_04_seed_52_resnet18_A,True,True
jiim_ext_isic2019_split_04_seed_62_resnet18_A,extension,isic2019,resnet18,A,shared,8,1,60,32,4,AdamW,0.0001,0.0001,452.0998272933066,after model/data-loader initialization through checkpoint hashing and metric export; perf_counter,3.10.21,2.4.1+cu121,0.19.1+cu121,12.1,NVIDIA GeForce RTX 4090 D,research-lab/experiments/registered-workflow/extensions/jiim_2026_major_revision/runs/jiim_ext_isic2019_split_04_seed_62_resnet18_A,True,True
jiim_ext_isic2019_split_04_seed_42_resnet50_A,extension,isic2019,resnet50,A,shared,8,1,60,32,4,AdamW,0.0001,0.0001,472.2247936874628,after model/data-loader initialization through checkpoint hashing and metric export; perf_counter,3.10.21,2.4.1+cu121,0.19.1+cu121,12.1,NVIDIA GeForce RTX 4090 D,research-lab/experiments/registered-workflow/extensions/jiim_2026_major_revision/runs/jiim_ext_isic2019_split_04_seed_42_resnet50_A,True,True
jiim_ext_isic2019_split_04_seed_52_resnet50_A,extension,isic2019,resnet50,A,shared,9,2,60,32,4,AdamW,0.0001,0.0001,518.5843596868217,after model/data-loader initialization through checkpoint hashing and metric export; perf_counter,3.10.21,2.4.1+cu121,0.19.1+cu121,12.1,NVIDIA GeForce RTX 4090 D,research-lab/experiments/registered-workflow/extensions/jiim_2026_major_revision/runs/jiim_ext_isic2019_split_04_seed_52_resnet50_A,True,True
jiim_ext_isic2019_split_04_seed_62_resnet50_A,extension,isic2019,resnet50,A,shared,8,1,60,32,4,AdamW,0.0001,0.0001,464.0350528769195,after model/data-loader initialization through checkpoint hashing and metric export; perf_counter,3.10.21,2.4.1+cu121,0.19.1+cu121,12.1,NVIDIA GeForce RTX 4090 D,research-lab/experiments/registered-workflow/extensions/jiim_2026_major_revision/runs/jiim_ext_isic2019_split_04_seed_62_resnet50_A,True,True
jiim_ext_isic2019_split_04_seed_42_densenet121_A,extension,isic2019,densenet121,A,shared,9,2,60,32,4,AdamW,0.0001,0.0001,606.0109219588339,after model/data-loader initialization through checkpoint hashing and metric export; perf_counter,3.10.21,2.4.1+cu121,0.19.1+cu121,12.1,NVIDIA GeForce RTX 4090 D,research-lab/experiments/registered-workflow/extensions/jiim_2026_major_revision/runs/jiim_ext_isic2019_split_04_seed_42_densenet121_A,True,True
jiim_ext_isic2019_split_04_seed_52_densenet121_A,extension,isic2019,densenet121,A,shared,9,2,60,32,4,AdamW,0.0001,0.0001,603.0228960849345,after model/data-loader initialization through checkpoint hashing and metric export; perf_counter,3.10.21,2.4.1+cu121,0.19.1+cu121,12.1,NVIDIA GeForce RTX 4090 D,research-lab/experiments/registered-workflow/extensions/jiim_2026_major_revision/runs/jiim_ext_isic2019_split_04_seed_52_densenet121_A,True,True
jiim_ext_isic2019_split_04_seed_62_densenet121_A,extension,isic2019,densenet121,A,shared,10,3,60,32,4,AdamW,0.0001,0.0001,642.2093245051801,after model/data-loader initialization through checkpoint hashing and metric export; perf_counter,3.10.21,2.4.1+cu121,0.19.1+cu121,12.1,NVIDIA GeForce RTX 4090 D,research-lab/experiments/registered-workflow/extensions/jiim_2026_major_revision/runs/jiim_ext_isic2019_split_04_seed_62_densenet121_A,True,True
jiim_ext_isic2019_split_04_seed_42_efficientnet_b0_A,extension,isic2019,efficientnet_b0,A,shared,23,16,60,32,4,AdamW,0.0001,0.0001,1456.421476572752,after model/data-loader initialization through checkpoint hashing and metric export; perf_counter,3.10.21,2.4.1+cu121,0.19.1+cu121,12.1,NVIDIA GeForce RTX 4090 D,research-lab/experiments/registered-workflow/extensions/jiim_2026_major_revision/runs/jiim_ext_isic2019_split_04_seed_42_efficientnet_b0_A,True,True
jiim_ext_isic2019_split_04_seed_52_efficientnet_b0_A,extension,isic2019,efficientnet_b0,A,shared,21,14,60,32,4,AdamW,0.0001,0.0001,1300.5356795042753,after model/data-loader initialization through checkpoint hashing and metric export; perf_counter,3.10.21,2.4.1+cu121,0.19.1+cu121,12.1,NVIDIA GeForce RTX 4090 D,research-lab/experiments/registered-workflow/extensions/jiim_2026_major_revision/runs/jiim_ext_isic2019_split_04_seed_52_efficientnet_b0_A,True,True
jiim_ext_isic2019_split_04_seed_62_efficientnet_b0_A,extension,isic2019,efficientnet_b0,A,shared,25,18,60,32,4,AdamW,0.0001,0.0001,1594.6469293311238,after model/data-loader initialization through checkpoint hashing and metric export; perf_counter,3.10.21,2.4.1+cu121,0.19.1+cu121,12.1,NVIDIA GeForce RTX 4090 D,research-lab/experiments/registered-workflow/extensions/jiim_2026_major_revision/runs/jiim_ext_isic2019_split_04_seed_62_efficientnet_b0_A,True,True
jiim_ext_isic2019_split_04_seed_42_swin_t_A,extension,isic2019,swin_t,A,shared,10,3,60,32,4,AdamW,0.0001,0.0001,575.8582696840167,after model/data-loader initialization through checkpoint hashing and metric export; perf_counter,3.10.21,2.4.1+cu121,0.19.1+cu121,12.1,NVIDIA GeForce RTX 4090 D,research-lab/experiments/registered-workflow/extensions/jiim_2026_major_revision/runs/jiim_ext_isic2019_split_04_seed_42_swin_t_A,True,True
jiim_ext_isic2019_split_04_seed_52_swin_t_A,extension,isic2019,swin_t,A,shared,10,3,60,32,4,AdamW,0.0001,0.0001,589.7032262608409,after model/data-loader initialization through checkpoint hashing and metric export; perf_counter,3.10.21,2.4.1+cu121,0.19.1+cu121,12.1,NVIDIA GeForce RTX 4090 D,research-lab/experiments/registered-workflow/extensions/jiim_2026_major_revision/runs/jiim_ext_isic2019_split_04_seed_52_swin_t_A,True,True
jiim_ext_isic2019_split_04_seed_62_swin_t_A,extension,isic2019,swin_t,A,shared,11,4,60,32,4,AdamW,0.0001,0.0001,641.5911623947322,after model/data-loader initialization through checkpoint hashing and metric export; perf_counter,3.10.21,2.4.1+cu121,0.19.1+cu121,12.1,NVIDIA GeForce RTX 4090 D,research-lab/experiments/registered-workflow/extensions/jiim_2026_major_revision/runs/jiim_ext_isic2019_split_04_seed_62_swin_t_A,True,True
jiim_ext_isic2019_split_04_seed_42_swin_t_B,extension,isic2019,swin_t,A,swin_weight_eval,10,3,60,32,4,AdamW,0.0001,0.0001,695.6235125623643,after model/data-loader initialization through checkpoint hashing and metric export; perf_counter,3.10.21,2.4.1+cu121,0.19.1+cu121,12.1,NVIDIA GeForce RTX 4090 D,research-lab/experiments/registered-workflow/extensions/jiim_2026_major_revision/runs/jiim_ext_isic2019_split_04_seed_42_swin_t_B,True,True
jiim_ext_isic2019_split_04_seed_52_swin_t_B,extension,isic2019,swin_t,A,swin_weight_eval,10,3,60,32,4,AdamW,0.0001,0.0001,724.1112536378205,after model/data-loader initialization through checkpoint hashing and metric export; perf_counter,3.10.21,2.4.1+cu121,0.19.1+cu121,12.1,NVIDIA GeForce RTX 4090 D,research-lab/experiments/registered-workflow/extensions/jiim_2026_major_revision/runs/jiim_ext_isic2019_split_04_seed_52_swin_t_B,True,True
jiim_ext_isic2019_split_04_seed_62_swin_t_B,extension,isic2019,swin_t,A,swin_weight_eval,11,4,60,32,4,AdamW,0.0001,0.0001,776.7814937196672,after model/data-loader initialization through checkpoint hashing and metric export; perf_counter,3.10.21,2.4.1+cu121,0.19.1+cu121,12.1,NVIDIA GeForce RTX 4090 D,research-lab/experiments/registered-workflow/extensions/jiim_2026_major_revision/runs/jiim_ext_isic2019_split_04_seed_62_swin_t_B,True,True
jiim_ext_isic2019_split_05_seed_42_resnet18_A,extension,isic2019,resnet18,A,shared,8,1,60,32,4,AdamW,0.0001,0.0001,458.44077794626355,after model/data-loader initialization through checkpoint hashing and metric export; perf_counter,3.10.21,2.4.1+cu121,0.19.1+cu121,12.1,NVIDIA GeForce RTX 4090 D,research-lab/experiments/registered-workflow/extensions/jiim_2026_major_revision/runs/jiim_ext_isic2019_split_05_seed_42_resnet18_A,True,True
jiim_ext_isic2019_split_05_seed_52_resnet18_A,extension,isic2019,resnet18,A,shared,9,2,60,32,4,AdamW,0.0001,0.0001,507.9247140288353,after model/data-loader initialization through checkpoint hashing and metric export; perf_counter,3.10.21,2.4.1+cu121,0.19.1+cu121,12.1,NVIDIA GeForce RTX 4090 D,research-lab/experiments/registered-workflow/extensions/jiim_2026_major_revision/runs/jiim_ext_isic2019_split_05_seed_52_resnet18_A,True,True
jiim_ext_isic2019_split_05_seed_62_resnet18_A,extension,isic2019,resnet18,A,shared,9,2,60,32,4,AdamW,0.0001,0.0001,519.6202721260488,after model/data-loader initialization through checkpoint hashing and metric export; perf_counter,3.10.21,2.4.1+cu121,0.19.1+cu121,12.1,NVIDIA GeForce RTX 4090 D,research-lab/experiments/registered-workflow/extensions/jiim_2026_major_revision/runs/jiim_ext_isic2019_split_05_seed_62_resnet18_A,True,True
jiim_ext_isic2019_split_05_seed_42_resnet50_A,extension,isic2019,resnet50,A,shared,8,1,60,32,4,AdamW,0.0001,0.0001,455.49337926134467,after model/data-loader initialization through checkpoint hashing and metric export; perf_counter,3.10.21,2.4.1+cu121,0.19.1+cu121,12.1,NVIDIA GeForce RTX 4090 D,research-lab/experiments/registered-workflow/extensions/jiim_2026_major_revision/runs/jiim_ext_isic2019_split_05_seed_42_resnet50_A,True,True
jiim_ext_isic2019_split_05_seed_52_resnet50_A,extension,isic2019,resnet50,A,shared,9,2,60,32,4,AdamW,0.0001,0.0001,524.6409983932972,after model/data-loader initialization through checkpoint hashing and metric export; perf_counter,3.10.21,2.4.1+cu121,0.19.1+cu121,12.1,NVIDIA GeForce RTX 4090 D,research-lab/experiments/registered-workflow/extensions/jiim_2026_major_revision/runs/jiim_ext_isic2019_split_05_seed_52_resnet50_A,True,True
jiim_ext_isic2019_split_05_seed_62_resnet50_A,extension,isic2019,resnet50,A,shared,9,2,60,32,4,AdamW,0.0001,0.0001,510.19477133080363,after model/data-loader initialization through checkpoint hashing and metric export; perf_counter,3.10.21,2.4.1+cu121,0.19.1+cu121,12.1,NVIDIA GeForce RTX 4090 D,research-lab/experiments/registered-workflow/extensions/jiim_2026_major_revision/runs/jiim_ext_isic2019_split_05_seed_62_resnet50_A,True,True
jiim_ext_isic2019_split_05_seed_42_densenet121_A,extension,isic2019,densenet121,A,shared,9,2,60,32,4,AdamW,0.0001,0.0001,593.6779870167375,after model/data-loader initialization through checkpoint hashing and metric export; perf_counter,3.10.21,2.4.1+cu121,0.19.1+cu121,12.1,NVIDIA GeForce RTX 4090 D,research-lab/experiments/registered-workflow/extensions/jiim_2026_major_revision/runs/jiim_ext_isic2019_split_05_seed_42_densenet121_A,True,True
jiim_ext_isic2019_split_05_seed_52_densenet121_A,extension,isic2019,densenet121,A,shared,9,2,60,32,4,AdamW,0.0001,0.0001,575.3989280313253,after model/data-loader initialization through checkpoint hashing and metric export; perf_counter,3.10.21,2.4.1+cu121,0.19.1+cu121,12.1,NVIDIA GeForce RTX 4090 D,research-lab/experiments/registered-workflow/extensions/jiim_2026_major_revision/runs/jiim_ext_isic2019_split_05_seed_52_densenet121_A,True,True
jiim_ext_isic2019_split_05_seed_62_densenet121_A,extension,isic2019,densenet121,A,shared,10,3,60,32,4,AdamW,0.0001,0.0001,650.6134667955339,after model/data-loader initialization through checkpoint hashing and metric export; perf_counter,3.10.21,2.4.1+cu121,0.19.1+cu121,12.1,NVIDIA GeForce RTX 4090 D,research-lab/experiments/registered-workflow/extensions/jiim_2026_major_revision/runs/jiim_ext_isic2019_split_05_seed_62_densenet121_A,True,True
jiim_ext_isic2019_split_05_seed_42_efficientnet_b0_A,extension,isic2019,efficientnet_b0,A,shared,27,20,60,32,4,AdamW,0.0001,0.0001,1680.882393591106,after model/data-loader initialization through checkpoint hashing and metric export; perf_counter,3.10.21,2.4.1+cu121,0.19.1+cu121,12.1,NVIDIA GeForce RTX 4090 D,research-lab/experiments/registered-workflow/extensions/jiim_2026_major_revision/runs/jiim_ext_isic2019_split_05_seed_42_efficientnet_b0_A,True,True
jiim_ext_isic2019_split_05_seed_52_efficientnet_b0_A,extension,isic2019,efficientnet_b0,A,shared,25,18,60,32,4,AdamW,0.0001,0.0001,1575.928376890719,after model/data-loader initialization through checkpoint hashing and metric export; perf_counter,3.10.21,2.4.1+cu121,0.19.1+cu121,12.1,NVIDIA GeForce RTX 4090 D,research-lab/experiments/registered-workflow/extensions/jiim_2026_major_revision/runs/jiim_ext_isic2019_split_05_seed_52_efficientnet_b0_A,True,True
jiim_ext_isic2019_split_05_seed_62_efficientnet_b0_A,extension,isic2019,efficientnet_b0,A,shared,33,26,60,32,4,AdamW,0.0001,0.0001,2013.3598169274628,after model/data-loader initialization through checkpoint hashing and metric export; perf_counter,3.10.21,2.4.1+cu121,0.19.1+cu121,12.1,NVIDIA GeForce RTX 4090 D,research-lab/experiments/registered-workflow/extensions/jiim_2026_major_revision/runs/jiim_ext_isic2019_split_05_seed_62_efficientnet_b0_A,True,True
jiim_ext_isic2019_split_05_seed_42_swin_t_A,extension,isic2019,swin_t,A,shared,10,3,60,32,4,AdamW,0.0001,0.0001,584.4706023558974,after model/data-loader initialization through checkpoint hashing and metric export; perf_counter,3.10.21,2.4.1+cu121,0.19.1+cu121,12.1,NVIDIA GeForce RTX 4090 D,research-lab/experiments/registered-workflow/extensions/jiim_2026_major_revision/runs/jiim_ext_isic2019_split_05_seed_42_swin_t_A,True,True
jiim_ext_isic2019_split_05_seed_52_swin_t_A,extension,isic2019,swin_t,A,shared,9,2,60,32,4,AdamW,0.0001,0.0001,514.0993567854166,after model/data-loader initialization through checkpoint hashing and metric export; perf_counter,3.10.21,2.4.1+cu121,0.19.1+cu121,12.1,NVIDIA GeForce RTX 4090 D,research-lab/experiments/registered-workflow/extensions/jiim_2026_major_revision/runs/jiim_ext_isic2019_split_05_seed_52_swin_t_A,True,True
jiim_ext_isic2019_split_05_seed_62_swin_t_A,extension,isic2019,swin_t,A,shared,9,2,60,32,4,AdamW,0.0001,0.0001,530.09251575917,after model/data-loader initialization through checkpoint hashing and metric export; perf_counter,3.10.21,2.4.1+cu121,0.19.1+cu121,12.1,NVIDIA GeForce RTX 4090 D,research-lab/experiments/registered-workflow/extensions/jiim_2026_major_revision/runs/jiim_ext_isic2019_split_05_seed_62_swin_t_A,True,True
jiim_ext_isic2019_split_05_seed_42_swin_t_B,extension,isic2019,swin_t,A,swin_weight_eval,11,4,60,32,4,AdamW,0.0001,0.0001,729.7912036441267,after model/data-loader initialization through checkpoint hashing and metric export; perf_counter,3.10.21,2.4.1+cu121,0.19.1+cu121,12.1,NVIDIA GeForce RTX 4090 D,research-lab/experiments/registered-workflow/extensions/jiim_2026_major_revision/runs/jiim_ext_isic2019_split_05_seed_42_swin_t_B,True,True
jiim_ext_isic2019_split_05_seed_52_swin_t_B,extension,isic2019,swin_t,A,swin_weight_eval,10,3,60,32,4,AdamW,0.0001,0.0001,668.5541657581925,after model/data-loader initialization through checkpoint hashing and metric export; perf_counter,3.10.21,2.4.1+cu121,0.19.1+cu121,12.1,NVIDIA GeForce RTX 4090 D,research-lab/experiments/registered-workflow/extensions/jiim_2026_major_revision/runs/jiim_ext_isic2019_split_05_seed_52_swin_t_B,True,True
jiim_ext_isic2019_split_05_seed_62_swin_t_B,extension,isic2019,swin_t,A,swin_weight_eval,10,3,60,32,4,AdamW,0.0001,0.0001,686.7064509391785,after model/data-loader initialization through checkpoint hashing and metric export; perf_counter,3.10.21,2.4.1+cu121,0.19.1+cu121,12.1,NVIDIA GeForce RTX 4090 D,research-lab/experiments/registered-workflow/extensions/jiim_2026_major_revision/runs/jiim_ext_isic2019_split_05_seed_62_swin_t_B,True,True
jiim_ext_isic2019_split_06_seed_42_resnet18_A,extension,isic2019,resnet18,A,shared,9,2,60,32,4,AdamW,0.0001,0.0001,602.9645451717079,after model/data-loader initialization through checkpoint hashing and metric export; perf_counter,3.10.21,2.4.1+cu121,0.19.1+cu121,12.1,NVIDIA GeForce RTX 4090 D,research-lab/experiments/registered-workflow/extensions/jiim_2026_major_revision/runs/jiim_ext_isic2019_split_06_seed_42_resnet18_A,True,True
jiim_ext_isic2019_split_06_seed_52_resnet18_A,extension,isic2019,resnet18,A,shared,9,2,60,32,4,AdamW,0.0001,0.0001,633.1385328248143,after model/data-loader initialization through checkpoint hashing and metric export; perf_counter,3.10.21,2.4.1+cu121,0.19.1+cu121,12.1,NVIDIA GeForce RTX 4090 D,research-lab/experiments/registered-workflow/extensions/jiim_2026_major_revision/runs/jiim_ext_isic2019_split_06_seed_52_resnet18_A,True,True
jiim_ext_isic2019_split_06_seed_62_resnet18_A,extension,isic2019,resnet18,A,shared,9,2,60,32,4,AdamW,0.0001,0.0001,593.7383023500443,after model/data-loader initialization through checkpoint hashing and metric export; perf_counter,3.10.21,2.4.1+cu121,0.19.1+cu121,12.1,NVIDIA GeForce RTX 4090 D,research-lab/experiments/registered-workflow/extensions/jiim_2026_major_revision/runs/jiim_ext_isic2019_split_06_seed_62_resnet18_A,True,True
jiim_ext_isic2019_split_06_seed_42_resnet50_A,extension,isic2019,resnet50,A,shared,9,2,60,32,4,AdamW,0.0001,0.0001,652.2980866543949,after model/data-loader initialization through checkpoint hashing and metric export; perf_counter,3.10.21,2.4.1+cu121,0.19.1+cu121,12.1,NVIDIA GeForce RTX 4090 D,research-lab/experiments/registered-workflow/extensions/jiim_2026_major_revision/runs/jiim_ext_isic2019_split_06_seed_42_resnet50_A,True,True
jiim_ext_isic2019_split_06_seed_52_resnet50_A,extension,isic2019,resnet50,A,shared,9,2,60,32,4,AdamW,0.0001,0.0001,616.2774406336248,after model/data-loader initialization through checkpoint hashing and metric export; perf_counter,3.10.21,2.4.1+cu121,0.19.1+cu121,12.1,NVIDIA GeForce RTX 4090 D,research-lab/experiments/registered-workflow/extensions/jiim_2026_major_revision/runs/jiim_ext_isic2019_split_06_seed_52_resnet50_A,True,True
jiim_ext_isic2019_split_06_seed_62_resnet50_A,extension,isic2019,resnet50,A,shared,9,2,60,32,4,AdamW,0.0001,0.0001,622.0488195680082,after model/data-loader initialization through checkpoint hashing and metric export; perf_counter,3.10.21,2.4.1+cu121,0.19.1+cu121,12.1,NVIDIA GeForce RTX 4090 D,research-lab/experiments/registered-workflow/extensions/jiim_2026_major_revision/runs/jiim_ext_isic2019_split_06_seed_62_resnet50_A,True,True
jiim_ext_isic2019_split_06_seed_42_densenet121_A,extension,isic2019,densenet121,A,shared,9,2,60,32,4,AdamW,0.0001,0.0001,581.2072191126645,after model/data-loader initialization through checkpoint hashing and metric export; perf_counter,3.10.21,2.4.1+cu121,0.19.1+cu121,12.1,NVIDIA GeForce RTX 4090 D,research-lab/experiments/registered-workflow/extensions/jiim_2026_major_revision/runs/jiim_ext_isic2019_split_06_seed_42_densenet121_A,True,True
jiim_ext_isic2019_split_06_seed_52_densenet121_A,extension,isic2019,densenet121,A,shared,9,2,60,32,4,AdamW,0.0001,0.0001,580.7598549686372,after model/data-loader initialization through checkpoint hashing and metric export; perf_counter,3.10.21,2.4.1+cu121,0.19.1+cu121,12.1,NVIDIA GeForce RTX 4090 D,research-lab/experiments/registered-workflow/extensions/jiim_2026_major_revision/runs/jiim_ext_isic2019_split_06_seed_52_densenet121_A,True,True
jiim_ext_isic2019_split_06_seed_62_densenet121_A,extension,isic2019,densenet121,A,shared,10,3,60,32,4,AdamW,0.0001,0.0001,674.0461283996701,after model/data-loader initialization through checkpoint hashing and metric export; perf_counter,3.10.21,2.4.1+cu121,0.19.1+cu121,12.1,NVIDIA GeForce RTX 4090 D,research-lab/experiments/registered-workflow/extensions/jiim_2026_major_revision/runs/jiim_ext_isic2019_split_06_seed_62_densenet121_A,True,True
jiim_ext_isic2019_split_06_seed_42_efficientnet_b0_A,extension,isic2019,efficientnet_b0,A,shared,22,15,60,32,4,AdamW,0.0001,0.0001,1474.4065770059824,after model/data-loader initialization through checkpoint hashing and metric export; perf_counter,3.10.21,2.4.1+cu121,0.19.1+cu121,12.1,NVIDIA GeForce RTX 4090 D,research-lab/experiments/registered-workflow/extensions/jiim_2026_major_revision/runs/jiim_ext_isic2019_split_06_seed_42_efficientnet_b0_A,True,True
jiim_ext_isic2019_split_06_seed_52_efficientnet_b0_A,extension,isic2019,efficientnet_b0,A,shared,27,20,60,32,4,AdamW,0.0001,0.0001,1873.7324447594583,after model/data-loader initialization through checkpoint hashing and metric export; perf_counter,3.10.21,2.4.1+cu121,0.19.1+cu121,12.1,NVIDIA GeForce RTX 4090 D,research-lab/experiments/registered-workflow/extensions/jiim_2026_major_revision/runs/jiim_ext_isic2019_split_06_seed_52_efficientnet_b0_A,True,True
jiim_ext_isic2019_split_06_seed_62_efficientnet_b0_A,extension,isic2019,efficientnet_b0,A,shared,24,17,60,32,4,AdamW,0.0001,0.0001,1753.663352202624,after model/data-loader initialization through checkpoint hashing and metric export; perf_counter,3.10.21,2.4.1+cu121,0.19.1+cu121,12.1,NVIDIA GeForce RTX 4090 D,research-lab/experiments/registered-workflow/extensions/jiim_2026_major_revision/runs/jiim_ext_isic2019_split_06_seed_62_efficientnet_b0_A,True,True
jiim_ext_isic2019_split_07_seed_42_resnet18_A,extension,isic2019,resnet18,A,shared,8,1,60,32,4,AdamW,0.0001,0.0001,544.4493414610624,after model/data-loader initialization through checkpoint hashing and metric export; perf_counter,3.10.21,2.4.1+cu121,0.19.1+cu121,12.1,NVIDIA GeForce RTX 4090 D,research-lab/experiments/registered-workflow/extensions/jiim_2026_major_revision/runs/jiim_ext_isic2019_split_07_seed_42_resnet18_A,True,True
jiim_ext_isic2019_split_07_seed_52_resnet18_A,extension,isic2019,resnet18,A,shared,8,1,60,32,4,AdamW,0.0001,0.0001,525.4071410596371,after model/data-loader initialization through checkpoint hashing and metric export; perf_counter,3.10.21,2.4.1+cu121,0.19.1+cu121,12.1,NVIDIA GeForce RTX 4090 D,research-lab/experiments/registered-workflow/extensions/jiim_2026_major_revision/runs/jiim_ext_isic2019_split_07_seed_52_resnet18_A,True,True
jiim_ext_isic2019_split_07_seed_62_resnet18_A,extension,isic2019,resnet18,A,shared,9,2,60,32,4,AdamW,0.0001,0.0001,640.8811186142266,after model/data-loader initialization through checkpoint hashing and metric export; perf_counter,3.10.21,2.4.1+cu121,0.19.1+cu121,12.1,NVIDIA GeForce RTX 4090 D,research-lab/experiments/registered-workflow/extensions/jiim_2026_major_revision/runs/jiim_ext_isic2019_split_07_seed_62_resnet18_A,True,True
jiim_ext_isic2019_split_07_seed_42_resnet50_A,extension,isic2019,resnet50,A,shared,8,1,60,32,4,AdamW,0.0001,0.0001,492.6552933230996,after model/data-loader initialization through checkpoint hashing and metric export; perf_counter,3.10.21,2.4.1+cu121,0.19.1+cu121,12.1,NVIDIA GeForce RTX 4090 D,research-lab/experiments/registered-workflow/extensions/jiim_2026_major_revision/runs/jiim_ext_isic2019_split_07_seed_42_resnet50_A,True,True
jiim_ext_isic2019_split_07_seed_52_resnet50_A,extension,isic2019,resnet50,A,shared,10,3,60,32,4,AdamW,0.0001,0.0001,647.3377666994929,after model/data-loader initialization through checkpoint hashing and metric export; perf_counter,3.10.21,2.4.1+cu121,0.19.1+cu121,12.1,NVIDIA GeForce RTX 4090 D,research-lab/experiments/registered-workflow/extensions/jiim_2026_major_revision/runs/jiim_ext_isic2019_split_07_seed_52_resnet50_A,True,True
jiim_ext_isic2019_split_07_seed_62_resnet50_A,extension,isic2019,resnet50,A,shared,9,2,60,32,4,AdamW,0.0001,0.0001,564.3645262718201,after model/data-loader initialization through checkpoint hashing and metric export; perf_counter,3.10.21,2.4.1+cu121,0.19.1+cu121,12.1,NVIDIA GeForce RTX 4090 D,research-lab/experiments/registered-workflow/extensions/jiim_2026_major_revision/runs/jiim_ext_isic2019_split_07_seed_62_resnet50_A,True,True
jiim_ext_isic2019_split_07_seed_42_densenet121_A,extension,isic2019,densenet121,A,shared,10,3,60,32,4,AdamW,0.0001,0.0001,738.5220819488168,after model/data-loader initialization through checkpoint hashing and metric export; perf_counter,3.10.21,2.4.1+cu121,0.19.1+cu121,12.1,NVIDIA GeForce RTX 4090 D,research-lab/experiments/registered-workflow/extensions/jiim_2026_major_revision/runs/jiim_ext_isic2019_split_07_seed_42_densenet121_A,True,True
jiim_ext_isic2019_split_07_seed_52_densenet121_A,extension,isic2019,densenet121,A,shared,10,3,60,32,4,AdamW,0.0001,0.0001,712.0558861680329,after model/data-loader initialization through checkpoint hashing and metric export; perf_counter,3.10.21,2.4.1+cu121,0.19.1+cu121,12.1,NVIDIA GeForce RTX 4090 D,research-lab/experiments/registered-workflow/extensions/jiim_2026_major_revision/runs/jiim_ext_isic2019_split_07_seed_52_densenet121_A,True,True
jiim_ext_isic2019_split_07_seed_62_densenet121_A,extension,isic2019,densenet121,A,shared,9,2,60,32,4,AdamW,0.0001,0.0001,670.5029320269823,after model/data-loader initialization through checkpoint hashing and metric export; perf_counter,3.10.21,2.4.1+cu121,0.19.1+cu121,12.1,NVIDIA GeForce RTX 4090 D,research-lab/experiments/registered-workflow/extensions/jiim_2026_major_revision/runs/jiim_ext_isic2019_split_07_seed_62_densenet121_A,True,True
jiim_ext_isic2019_split_07_seed_42_efficientnet_b0_A,extension,isic2019,efficientnet_b0,A,shared,21,14,60,32,4,AdamW,0.0001,0.0001,1518.3855774477124,after model/data-loader initialization through checkpoint hashing and metric export; perf_counter,3.10.21,2.4.1+cu121,0.19.1+cu121,12.1,NVIDIA GeForce RTX 4090 D,research-lab/experiments/registered-workflow/extensions/jiim_2026_major_revision/runs/jiim_ext_isic2019_split_07_seed_42_efficientnet_b0_A,True,True
jiim_ext_isic2019_split_07_seed_52_efficientnet_b0_A,extension,isic2019,efficientnet_b0,A,shared,23,16,60,32,4,AdamW,0.0001,0.0001,1726.0550722405314,after model/data-loader initialization through checkpoint hashing and metric export; perf_counter,3.10.21,2.4.1+cu121,0.19.1+cu121,12.1,NVIDIA GeForce RTX 4090 D,research-lab/experiments/registered-workflow/extensions/jiim_2026_major_revision/runs/jiim_ext_isic2019_split_07_seed_52_efficientnet_b0_A,True,True
jiim_ext_isic2019_split_07_seed_62_efficientnet_b0_A,extension,isic2019,efficientnet_b0,A,shared,18,11,60,32,4,AdamW,0.0001,0.0001,1273.7699914388359,after model/data-loader initialization through checkpoint hashing and metric export; perf_counter,3.10.21,2.4.1+cu121,0.19.1+cu121,12.1,NVIDIA GeForce RTX 4090 D,research-lab/experiments/registered-workflow/extensions/jiim_2026_major_revision/runs/jiim_ext_isic2019_split_07_seed_62_efficientnet_b0_A,True,True
jiim_ext_isic2019_split_08_seed_42_resnet18_A,extension,isic2019,resnet18,A,shared,9,2,60,32,4,AdamW,0.0001,0.0001,533.1885773874819,after model/data-loader initialization through checkpoint hashing and metric export; perf_counter,3.10.21,2.4.1+cu121,0.19.1+cu121,12.1,NVIDIA GeForce RTX 4090 D,research-lab/experiments/registered-workflow/extensions/jiim_2026_major_revision/runs/jiim_ext_isic2019_split_08_seed_42_resnet18_A,True,True
jiim_ext_isic2019_split_08_seed_52_resnet18_A,extension,isic2019,resnet18,A,shared,8,1,60,32,4,AdamW,0.0001,0.0001,452.20675160735846,after model/data-loader initialization through checkpoint hashing and metric export; perf_counter,3.10.21,2.4.1+cu121,0.19.1+cu121,12.1,NVIDIA GeForce RTX 4090 D,research-lab/experiments/registered-workflow/extensions/jiim_2026_major_revision/runs/jiim_ext_isic2019_split_08_seed_52_resnet18_A,True,True
jiim_ext_isic2019_split_08_seed_62_resnet18_A,extension,isic2019,resnet18,A,shared,9,2,60,32,4,AdamW,0.0001,0.0001,531.9883822351694,after model/data-loader initialization through checkpoint hashing and metric export; perf_counter,3.10.21,2.4.1+cu121,0.19.1+cu121,12.1,NVIDIA GeForce RTX 4090 D,research-lab/experiments/registered-workflow/extensions/jiim_2026_major_revision/runs/jiim_ext_isic2019_split_08_seed_62_resnet18_A,True,True
jiim_ext_isic2019_split_08_seed_42_resnet50_A,extension,isic2019,resnet50,A,shared,8,1,60,32,4,AdamW,0.0001,0.0001,487.45836463943124,after model/data-loader initialization through checkpoint hashing and metric export; perf_counter,3.10.21,2.4.1+cu121,0.19.1+cu121,12.1,NVIDIA GeForce RTX 4090 D,research-lab/experiments/registered-workflow/extensions/jiim_2026_major_revision/runs/jiim_ext_isic2019_split_08_seed_42_resnet50_A,True,True
jiim_ext_isic2019_split_08_seed_52_resnet50_A,extension,isic2019,resnet50,A,shared,8,1,60,32,4,AdamW,0.0001,0.0001,463.43475437164307,after model/data-loader initialization through checkpoint hashing and metric export; perf_counter,3.10.21,2.4.1+cu121,0.19.1+cu121,12.1,NVIDIA GeForce RTX 4090 D,research-lab/experiments/registered-workflow/extensions/jiim_2026_major_revision/runs/jiim_ext_isic2019_split_08_seed_52_resnet50_A,True,True
jiim_ext_isic2019_split_08_seed_62_resnet50_A,extension,isic2019,resnet50,A,shared,9,2,60,32,4,AdamW,0.0001,0.0001,542.2042684815824,after model/data-loader initialization through checkpoint hashing and metric export; perf_counter,3.10.21,2.4.1+cu121,0.19.1+cu121,12.1,NVIDIA GeForce RTX 4090 D,research-lab/experiments/registered-workflow/extensions/jiim_2026_major_revision/runs/jiim_ext_isic2019_split_08_seed_62_resnet50_A,True,True
jiim_ext_isic2019_split_08_seed_42_densenet121_A,extension,isic2019,densenet121,A,shared,9,2,60,32,4,AdamW,0.0001,0.0001,635.2988164760172,after model/data-loader initialization through checkpoint hashing and metric export; perf_counter,3.10.21,2.4.1+cu121,0.19.1+cu121,12.1,NVIDIA GeForce RTX 4090 D,research-lab/experiments/registered-workflow/extensions/jiim_2026_major_revision/runs/jiim_ext_isic2019_split_08_seed_42_densenet121_A,True,True
jiim_ext_isic2019_split_08_seed_52_densenet121_A,extension,isic2019,densenet121,A,shared,9,2,60,32,4,AdamW,0.0001,0.0001,641.4049325287342,after model/data-loader initialization through checkpoint hashing and metric export; perf_counter,3.10.21,2.4.1+cu121,0.19.1+cu121,12.1,NVIDIA GeForce RTX 4090 D,research-lab/experiments/registered-workflow/extensions/jiim_2026_major_revision/runs/jiim_ext_isic2019_split_08_seed_52_densenet121_A,True,True
jiim_ext_isic2019_split_08_seed_62_densenet121_A,extension,isic2019,densenet121,A,shared,9,2,60,32,4,AdamW,0.0001,0.0001,640.2607165239751,after model/data-loader initialization through checkpoint hashing and metric export; perf_counter,3.10.21,2.4.1+cu121,0.19.1+cu121,12.1,NVIDIA GeForce RTX 4090 D,research-lab/experiments/registered-workflow/extensions/jiim_2026_major_revision/runs/jiim_ext_isic2019_split_08_seed_62_densenet121_A,True,True
jiim_ext_isic2019_split_08_seed_42_efficientnet_b0_A,extension,isic2019,efficientnet_b0,A,shared,22,15,60,32,4,AdamW,0.0001,0.0001,1544.1199039071798,after model/data-loader initialization through checkpoint hashing and metric export; perf_counter,3.10.21,2.4.1+cu121,0.19.1+cu121,12.1,NVIDIA GeForce RTX 4090 D,research-lab/experiments/registered-workflow/extensions/jiim_2026_major_revision/runs/jiim_ext_isic2019_split_08_seed_42_efficientnet_b0_A,True,True
jiim_ext_isic2019_split_08_seed_52_efficientnet_b0_A,extension,isic2019,efficientnet_b0,A,shared,25,18,60,32,4,AdamW,0.0001,0.0001,1761.6920229792595,after model/data-loader initialization through checkpoint hashing and metric export; perf_counter,3.10.21,2.4.1+cu121,0.19.1+cu121,12.1,NVIDIA GeForce RTX 4090 D,research-lab/experiments/registered-workflow/extensions/jiim_2026_major_revision/runs/jiim_ext_isic2019_split_08_seed_52_efficientnet_b0_A,True,True
jiim_ext_isic2019_split_08_seed_62_efficientnet_b0_A,extension,isic2019,efficientnet_b0,A,shared,23,16,60,32,4,AdamW,0.0001,0.0001,1448.5782768800855,after model/data-loader initialization through checkpoint hashing and metric export; perf_counter,3.10.21,2.4.1+cu121,0.19.1+cu121,12.1,NVIDIA GeForce RTX 4090 D,research-lab/experiments/registered-workflow/extensions/jiim_2026_major_revision/runs/jiim_ext_isic2019_split_08_seed_62_efficientnet_b0_A,True,True
jiim_ext_isic2019_split_09_seed_42_resnet18_A,extension,isic2019,resnet18,A,shared,8,1,60,32,4,AdamW,0.0001,0.0001,476.3836949020624,after model/data-loader initialization through checkpoint hashing and metric export; perf_counter,3.10.21,2.4.1+cu121,0.19.1+cu121,12.1,NVIDIA GeForce RTX 4090 D,research-lab/experiments/registered-workflow/extensions/jiim_2026_major_revision/runs/jiim_ext_isic2019_split_09_seed_42_resnet18_A,True,True
jiim_ext_isic2019_split_09_seed_52_resnet18_A,extension,isic2019,resnet18,A,shared,9,2,60,32,4,AdamW,0.0001,0.0001,549.3684529736638,after model/data-loader initialization through checkpoint hashing and metric export; perf_counter,3.10.21,2.4.1+cu121,0.19.1+cu121,12.1,NVIDIA GeForce RTX 4090 D,research-lab/experiments/registered-workflow/extensions/jiim_2026_major_revision/runs/jiim_ext_isic2019_split_09_seed_52_resnet18_A,True,True
jiim_ext_isic2019_split_09_seed_62_resnet18_A,extension,isic2019,resnet18,A,shared,9,2,60,32,4,AdamW,0.0001,0.0001,540.4815088286996,after model/data-loader initialization through checkpoint hashing and metric export; perf_counter,3.10.21,2.4.1+cu121,0.19.1+cu121,12.1,NVIDIA GeForce RTX 4090 D,research-lab/experiments/registered-workflow/extensions/jiim_2026_major_revision/runs/jiim_ext_isic2019_split_09_seed_62_resnet18_A,True,True
jiim_ext_isic2019_split_09_seed_42_resnet50_A,extension,isic2019,resnet50,A,shared,8,1,60,32,4,AdamW,0.0001,0.0001,485.17538456246257,after model/data-loader initialization through checkpoint hashing and metric export; perf_counter,3.10.21,2.4.1+cu121,0.19.1+cu121,12.1,NVIDIA GeForce RTX 4090 D,research-lab/experiments/registered-workflow/extensions/jiim_2026_major_revision/runs/jiim_ext_isic2019_split_09_seed_42_resnet50_A,True,True
jiim_ext_isic2019_split_09_seed_52_resnet50_A,extension,isic2019,resnet50,A,shared,9,2,60,32,4,AdamW,0.0001,0.0001,533.2981437370181,after model/data-loader initialization through checkpoint hashing and metric export; perf_counter,3.10.21,2.4.1+cu121,0.19.1+cu121,12.1,NVIDIA GeForce RTX 4090 D,research-lab/experiments/registered-workflow/extensions/jiim_2026_major_revision/runs/jiim_ext_isic2019_split_09_seed_52_resnet50_A,True,True
jiim_ext_isic2019_split_09_seed_62_resnet50_A,extension,isic2019,resnet50,A,shared,9,2,60,32,4,AdamW,0.0001,0.0001,538.38443460688,after model/data-loader initialization through checkpoint hashing and metric export; perf_counter,3.10.21,2.4.1+cu121,0.19.1+cu121,12.1,NVIDIA GeForce RTX 4090 D,research-lab/experiments/registered-workflow/extensions/jiim_2026_major_revision/runs/jiim_ext_isic2019_split_09_seed_62_resnet50_A,True,True
jiim_ext_isic2019_split_09_seed_42_densenet121_A,extension,isic2019,densenet121,A,shared,11,4,60,32,4,AdamW,0.0001,0.0001,706.7279464639723,after model/data-loader initialization through checkpoint hashing and metric export; perf_counter,3.10.21,2.4.1+cu121,0.19.1+cu121,12.1,NVIDIA GeForce RTX 4090 D,research-lab/experiments/registered-workflow/extensions/jiim_2026_major_revision/runs/jiim_ext_isic2019_split_09_seed_42_densenet121_A,True,True
jiim_ext_isic2019_split_09_seed_52_densenet121_A,extension,isic2019,densenet121,A,shared,10,3,60,32,4,AdamW,0.0001,0.0001,650.7687929533422,after model/data-loader initialization through checkpoint hashing and metric export; perf_counter,3.10.21,2.4.1+cu121,0.19.1+cu121,12.1,NVIDIA GeForce RTX 4090 D,research-lab/experiments/registered-workflow/extensions/jiim_2026_major_revision/runs/jiim_ext_isic2019_split_09_seed_52_densenet121_A,True,True
jiim_ext_isic2019_split_09_seed_62_densenet121_A,extension,isic2019,densenet121,A,shared,9,2,60,32,4,AdamW,0.0001,0.0001,582.5177018754184,after model/data-loader initialization through checkpoint hashing and metric export; perf_counter,3.10.21,2.4.1+cu121,0.19.1+cu121,12.1,NVIDIA GeForce RTX 4090 D,research-lab/experiments/registered-workflow/extensions/jiim_2026_major_revision/runs/jiim_ext_isic2019_split_09_seed_62_densenet121_A,True,True
jiim_ext_isic2019_split_09_seed_42_efficientnet_b0_A,extension,isic2019,efficientnet_b0,A,shared,23,16,60,32,4,AdamW,0.0001,0.0001,1519.6307267174125,after model/data-loader initialization through checkpoint hashing and metric export; perf_counter,3.10.21,2.4.1+cu121,0.19.1+cu121,12.1,NVIDIA GeForce RTX 4090 D,research-lab/experiments/registered-workflow/extensions/jiim_2026_major_revision/runs/jiim_ext_isic2019_split_09_seed_42_efficientnet_b0_A,True,True
jiim_ext_isic2019_split_09_seed_52_efficientnet_b0_A,extension,isic2019,efficientnet_b0,A,shared,20,13,60,32,4,AdamW,0.0001,0.0001,1358.4000548869371,after model/data-loader initialization through checkpoint hashing and metric export; perf_counter,3.10.21,2.4.1+cu121,0.19.1+cu121,12.1,NVIDIA GeForce RTX 4090 D,research-lab/experiments/registered-workflow/extensions/jiim_2026_major_revision/runs/jiim_ext_isic2019_split_09_seed_52_efficientnet_b0_A,True,True
jiim_ext_isic2019_split_09_seed_62_efficientnet_b0_A,extension,isic2019,efficientnet_b0,A,shared,20,13,60,32,4,AdamW,0.0001,0.0001,1286.27911041677,after model/data-loader initialization through checkpoint hashing and metric export; perf_counter,3.10.21,2.4.1+cu121,0.19.1+cu121,12.1,NVIDIA GeForce RTX 4090 D,research-lab/experiments/registered-workflow/extensions/jiim_2026_major_revision/runs/jiim_ext_isic2019_split_09_seed_62_efficientnet_b0_A,True,True
jiim_ext_isic2019_split_10_seed_42_resnet18_A,extension,isic2019,resnet18,A,shared,8,1,60,32,4,AdamW,0.0001,0.0001,480.33895015344024,after model/data-loader initialization through checkpoint hashing and metric export; perf_counter,3.10.21,2.4.1+cu121,0.19.1+cu121,12.1,NVIDIA GeForce RTX 4090 D,research-lab/experiments/registered-workflow/extensions/jiim_2026_major_revision/runs/jiim_ext_isic2019_split_10_seed_42_resnet18_A,True,True
jiim_ext_isic2019_split_10_seed_52_resnet18_A,extension,isic2019,resnet18,A,shared,8,1,60,32,4,AdamW,0.0001,0.0001,489.3114405050874,after model/data-loader initialization through checkpoint hashing and metric export; perf_counter,3.10.21,2.4.1+cu121,0.19.1+cu121,12.1,NVIDIA GeForce RTX 4090 D,research-lab/experiments/registered-workflow/extensions/jiim_2026_major_revision/runs/jiim_ext_isic2019_split_10_seed_52_resnet18_A,True,True
jiim_ext_isic2019_split_10_seed_62_resnet18_A,extension,isic2019,resnet18,A,shared,9,2,60,32,4,AdamW,0.0001,0.0001,527.8170657977462,after model/data-loader initialization through checkpoint hashing and metric export; perf_counter,3.10.21,2.4.1+cu121,0.19.1+cu121,12.1,NVIDIA GeForce RTX 4090 D,research-lab/experiments/registered-workflow/extensions/jiim_2026_major_revision/runs/jiim_ext_isic2019_split_10_seed_62_resnet18_A,True,True
jiim_ext_isic2019_split_10_seed_42_resnet50_A,extension,isic2019,resnet50,A,shared,8,1,60,32,4,AdamW,0.0001,0.0001,478.64537681266665,after model/data-loader initialization through checkpoint hashing and metric export; perf_counter,3.10.21,2.4.1+cu121,0.19.1+cu121,12.1,NVIDIA GeForce RTX 4090 D,research-lab/experiments/registered-workflow/extensions/jiim_2026_major_revision/runs/jiim_ext_isic2019_split_10_seed_42_resnet50_A,True,True
jiim_ext_isic2019_split_10_seed_52_resnet50_A,extension,isic2019,resnet50,A,shared,9,2,60,32,4,AdamW,0.0001,0.0001,543.0496059134603,after model/data-loader initialization through checkpoint hashing and metric export; perf_counter,3.10.21,2.4.1+cu121,0.19.1+cu121,12.1,NVIDIA GeForce RTX 4090 D,research-lab/experiments/registered-workflow/extensions/jiim_2026_major_revision/runs/jiim_ext_isic2019_split_10_seed_52_resnet50_A,True,True
jiim_ext_isic2019_split_10_seed_62_resnet50_A,extension,isic2019,resnet50,A,shared,9,2,60,32,4,AdamW,0.0001,0.0001,557.4158246777952,after model/data-loader initialization through checkpoint hashing and metric export; perf_counter,3.10.21,2.4.1+cu121,0.19.1+cu121,12.1,NVIDIA GeForce RTX 4090 D,research-lab/experiments/registered-workflow/extensions/jiim_2026_major_revision/runs/jiim_ext_isic2019_split_10_seed_62_resnet50_A,True,True
jiim_ext_isic2019_split_10_seed_42_densenet121_A,extension,isic2019,densenet121,A,shared,10,3,60,32,4,AdamW,0.0001,0.0001,662.4506849050522,after model/data-loader initialization through checkpoint hashing and metric export; perf_counter,3.10.21,2.4.1+cu121,0.19.1+cu121,12.1,NVIDIA GeForce RTX 4090 D,research-lab/experiments/registered-workflow/extensions/jiim_2026_major_revision/runs/jiim_ext_isic2019_split_10_seed_42_densenet121_A,True,True
jiim_ext_isic2019_split_10_seed_52_densenet121_A,extension,isic2019,densenet121,A,shared,10,3,60,32,4,AdamW,0.0001,0.0001,677.048312459141,after model/data-loader initialization through checkpoint hashing and metric export; perf_counter,3.10.21,2.4.1+cu121,0.19.1+cu121,12.1,NVIDIA GeForce RTX 4090 D,research-lab/experiments/registered-workflow/extensions/jiim_2026_major_revision/runs/jiim_ext_isic2019_split_10_seed_52_densenet121_A,True,True
jiim_ext_isic2019_split_10_seed_62_densenet121_A,extension,isic2019,densenet121,A,shared,9,2,60,32,4,AdamW,0.0001,0.0001,628.2287634313107,after model/data-loader initialization through checkpoint hashing and metric export; perf_counter,3.10.21,2.4.1+cu121,0.19.1+cu121,12.1,NVIDIA GeForce RTX 4090 D,research-lab/experiments/registered-workflow/extensions/jiim_2026_major_revision/runs/jiim_ext_isic2019_split_10_seed_62_densenet121_A,True,True
jiim_ext_isic2019_split_10_seed_42_efficientnet_b0_A,extension,isic2019,efficientnet_b0,A,shared,25,18,60,32,4,AdamW,0.0001,0.0001,1619.8697238862514,after model/data-loader initialization through checkpoint hashing and metric export; perf_counter,3.10.21,2.4.1+cu121,0.19.1+cu121,12.1,NVIDIA GeForce RTX 4090 D,research-lab/experiments/registered-workflow/extensions/jiim_2026_major_revision/runs/jiim_ext_isic2019_split_10_seed_42_efficientnet_b0_A,True,True
jiim_ext_isic2019_split_10_seed_52_efficientnet_b0_A,extension,isic2019,efficientnet_b0,A,shared,22,15,60,32,4,AdamW,0.0001,0.0001,1417.9122014902532,after model/data-loader initialization through checkpoint hashing and metric export; perf_counter,3.10.21,2.4.1+cu121,0.19.1+cu121,12.1,NVIDIA GeForce RTX 4090 D,research-lab/experiments/registered-workflow/extensions/jiim_2026_major_revision/runs/jiim_ext_isic2019_split_10_seed_52_efficientnet_b0_A,True,True
jiim_ext_isic2019_split_10_seed_62_efficientnet_b0_A,extension,isic2019,efficientnet_b0,A,shared,24,17,60,32,4,AdamW,0.0001,0.0001,1560.568927679211,after model/data-loader initialization through checkpoint hashing and metric export; perf_counter,3.10.21,2.4.1+cu121,0.19.1+cu121,12.1,NVIDIA GeForce RTX 4090 D,research-lab/experiments/registered-workflow/extensions/jiim_2026_major_revision/runs/jiim_ext_isic2019_split_10_seed_62_efficientnet_b0_A,True,True
jiim_ext_mura_split_01_seed_42_resnet18_A,extension,mura,resnet18,A,shared,12,5,60,32,4,AdamW,0.0001,0.0001,778.1673277914524,after model/data-loader initialization through checkpoint hashing and metric export; perf_counter,3.10.21,2.4.1+cu121,0.19.1+cu121,12.1,NVIDIA GeForce RTX 4090 D,research-lab/experiments/registered-workflow/extensions/jiim_2026_major_revision/runs/jiim_ext_mura_split_01_seed_42_resnet18_A,True,True
jiim_ext_mura_split_01_seed_52_resnet18_A,extension,mura,resnet18,A,shared,13,6,60,32,4,AdamW,0.0001,0.0001,724.2470178306103,after model/data-loader initialization through checkpoint hashing and metric export; perf_counter,3.10.21,2.4.1+cu121,0.19.1+cu121,12.1,NVIDIA GeForce RTX 4090 D,research-lab/experiments/registered-workflow/extensions/jiim_2026_major_revision/runs/jiim_ext_mura_split_01_seed_52_resnet18_A,True,True
jiim_ext_mura_split_01_seed_62_resnet18_A,extension,mura,resnet18,A,shared,10,3,60,32,4,AdamW,0.0001,0.0001,487.2532087787986,after model/data-loader initialization through checkpoint hashing and metric export; perf_counter,3.10.21,2.4.1+cu121,0.19.1+cu121,12.1,NVIDIA GeForce RTX 4090 D,research-lab/experiments/registered-workflow/extensions/jiim_2026_major_revision/runs/jiim_ext_mura_split_01_seed_62_resnet18_A,True,True
jiim_ext_mura_split_01_seed_42_resnet50_A,extension,mura,resnet50,A,shared,9,2,60,32,4,AdamW,0.0001,0.0001,445.6470065712929,after model/data-loader initialization through checkpoint hashing and metric export; perf_counter,3.10.21,2.4.1+cu121,0.19.1+cu121,12.1,NVIDIA GeForce RTX 4090 D,research-lab/experiments/registered-workflow/extensions/jiim_2026_major_revision/runs/jiim_ext_mura_split_01_seed_42_resnet50_A,True,True
jiim_ext_mura_split_01_seed_52_resnet50_A,extension,mura,resnet50,A,shared,12,5,60,32,4,AdamW,0.0001,0.0001,589.4529683031142,after model/data-loader initialization through checkpoint hashing and metric export; perf_counter,3.10.21,2.4.1+cu121,0.19.1+cu121,12.1,NVIDIA GeForce RTX 4090 D,research-lab/experiments/registered-workflow/extensions/jiim_2026_major_revision/runs/jiim_ext_mura_split_01_seed_52_resnet50_A,True,True
jiim_ext_mura_split_01_seed_62_resnet50_A,extension,mura,resnet50,A,shared,11,4,60,32,4,AdamW,0.0001,0.0001,552.1268894188106,after model/data-loader initialization through checkpoint hashing and metric export; perf_counter,3.10.21,2.4.1+cu121,0.19.1+cu121,12.1,NVIDIA GeForce RTX 4090 D,research-lab/experiments/registered-workflow/extensions/jiim_2026_major_revision/runs/jiim_ext_mura_split_01_seed_62_resnet50_A,True,True
jiim_ext_mura_split_01_seed_42_densenet121_A,extension,mura,densenet121,A,shared,13,6,60,32,4,AdamW,0.0001,0.0001,644.1294708997011,after model/data-loader initialization through checkpoint hashing and metric export; perf_counter,3.10.21,2.4.1+cu121,0.19.1+cu121,12.1,NVIDIA GeForce RTX 4090 D,research-lab/experiments/registered-workflow/extensions/jiim_2026_major_revision/runs/jiim_ext_mura_split_01_seed_42_densenet121_A,True,True
jiim_ext_mura_split_01_seed_52_densenet121_A,extension,mura,densenet121,A,shared,13,6,60,32,4,AdamW,0.0001,0.0001,709.2097848169506,after model/data-loader initialization through checkpoint hashing and metric export; perf_counter,3.10.21,2.4.1+cu121,0.19.1+cu121,12.1,NVIDIA GeForce RTX 4090 D,research-lab/experiments/registered-workflow/extensions/jiim_2026_major_revision/runs/jiim_ext_mura_split_01_seed_52_densenet121_A,True,True
jiim_ext_mura_split_01_seed_62_densenet121_A,extension,mura,densenet121,A,shared,16,9,60,32,4,AdamW,0.0001,0.0001,797.3237627260387,after model/data-loader initialization through checkpoint hashing and metric export; perf_counter,3.10.21,2.4.1+cu121,0.19.1+cu121,12.1,NVIDIA GeForce RTX 4090 D,research-lab/experiments/registered-workflow/extensions/jiim_2026_major_revision/runs/jiim_ext_mura_split_01_seed_62_densenet121_A,True,True
jiim_ext_mura_split_01_seed_42_efficientnet_b0_A,extension,mura,efficientnet_b0,A,shared,36,29,60,32,4,AdamW,0.0001,0.0001,1815.3754607364535,after model/data-loader initialization through checkpoint hashing and metric export; perf_counter,3.10.21,2.4.1+cu121,0.19.1+cu121,12.1,NVIDIA GeForce RTX 4090 D,research-lab/experiments/registered-workflow/extensions/jiim_2026_major_revision/runs/jiim_ext_mura_split_01_seed_42_efficientnet_b0_A,True,True
jiim_ext_mura_split_01_seed_52_efficientnet_b0_A,extension,mura,efficientnet_b0,A,shared,36,29,60,32,4,AdamW,0.0001,0.0001,1773.4466319605708,after model/data-loader initialization through checkpoint hashing and metric export; perf_counter,3.10.21,2.4.1+cu121,0.19.1+cu121,12.1,NVIDIA GeForce RTX 4090 D,research-lab/experiments/registered-workflow/extensions/jiim_2026_major_revision/runs/jiim_ext_mura_split_01_seed_52_efficientnet_b0_A,True,True
jiim_ext_mura_split_01_seed_62_efficientnet_b0_A,extension,mura,efficientnet_b0,A,shared,28,21,60,32,4,AdamW,0.0001,0.0001,1397.5059296935797,after model/data-loader initialization through checkpoint hashing and metric export; perf_counter,3.10.21,2.4.1+cu121,0.19.1+cu121,12.1,NVIDIA GeForce RTX 4090 D,research-lab/experiments/registered-workflow/extensions/jiim_2026_major_revision/runs/jiim_ext_mura_split_01_seed_62_efficientnet_b0_A,True,True
jiim_ext_mura_split_01_seed_42_swin_t_A,extension,mura,swin_t,A,shared,12,5,60,32,4,AdamW,0.0001,0.0001,600.9892112128437,after model/data-loader initialization through checkpoint hashing and metric export; perf_counter,3.10.21,2.4.1+cu121,0.19.1+cu121,12.1,NVIDIA GeForce RTX 4090 D,research-lab/experiments/registered-workflow/extensions/jiim_2026_major_revision/runs/jiim_ext_mura_split_01_seed_42_swin_t_A,True,True
jiim_ext_mura_split_01_seed_52_swin_t_A,extension,mura,swin_t,A,shared,16,9,60,32,4,AdamW,0.0001,0.0001,829.8777413479984,after model/data-loader initialization through checkpoint hashing and metric export; perf_counter,3.10.21,2.4.1+cu121,0.19.1+cu121,12.1,NVIDIA GeForce RTX 4090 D,research-lab/experiments/registered-workflow/extensions/jiim_2026_major_revision/runs/jiim_ext_mura_split_01_seed_52_swin_t_A,True,True
jiim_ext_mura_split_01_seed_62_swin_t_A,extension,mura,swin_t,A,shared,16,9,60,32,4,AdamW,0.0001,0.0001,794.6092262081802,after model/data-loader initialization through checkpoint hashing and metric export; perf_counter,3.10.21,2.4.1+cu121,0.19.1+cu121,12.1,NVIDIA GeForce RTX 4090 D,research-lab/experiments/registered-workflow/extensions/jiim_2026_major_revision/runs/jiim_ext_mura_split_01_seed_62_swin_t_A,True,True
jiim_ext_mura_split_01_seed_42_swin_t_B,extension,mura,swin_t,A,swin_weight_eval,12,5,60,32,4,AdamW,0.0001,0.0001,737.0323128141463,after model/data-loader initialization through checkpoint hashing and metric export; perf_counter,3.10.21,2.4.1+cu121,0.19.1+cu121,12.1,NVIDIA GeForce RTX 4090 D,research-lab/experiments/registered-workflow/extensions/jiim_2026_major_revision/runs/jiim_ext_mura_split_01_seed_42_swin_t_B,True,True
jiim_ext_mura_split_01_seed_52_swin_t_B,extension,mura,swin_t,A,swin_weight_eval,16,9,60,32,4,AdamW,0.0001,0.0001,938.2225219123065,after model/data-loader initialization through checkpoint hashing and metric export; perf_counter,3.10.21,2.4.1+cu121,0.19.1+cu121,12.1,NVIDIA GeForce RTX 4090 D,research-lab/experiments/registered-workflow/extensions/jiim_2026_major_revision/runs/jiim_ext_mura_split_01_seed_52_swin_t_B,True,True
jiim_ext_mura_split_01_seed_62_swin_t_B,extension,mura,swin_t,A,swin_weight_eval,14,7,60,32,4,AdamW,0.0001,0.0001,787.0192390531301,after model/data-loader initialization through checkpoint hashing and metric export; perf_counter,3.10.21,2.4.1+cu121,0.19.1+cu121,12.1,NVIDIA GeForce RTX 4090 D,research-lab/experiments/registered-workflow/extensions/jiim_2026_major_revision/runs/jiim_ext_mura_split_01_seed_62_swin_t_B,True,True
jiim_ext_mura_split_02_seed_42_resnet18_A,extension,mura,resnet18,A,shared,12,5,60,32,4,AdamW,0.0001,0.0001,606.6591876670718,after model/data-loader initialization through checkpoint hashing and metric export; perf_counter,3.10.21,2.4.1+cu121,0.19.1+cu121,12.1,NVIDIA GeForce RTX 4090 D,research-lab/experiments/registered-workflow/extensions/jiim_2026_major_revision/runs/jiim_ext_mura_split_02_seed_42_resnet18_A,True,True
jiim_ext_mura_split_02_seed_52_resnet18_A,extension,mura,resnet18,A,shared,9,2,60,32,4,AdamW,0.0001,0.0001,451.26473432034254,after model/data-loader initialization through checkpoint hashing and metric export; perf_counter,3.10.21,2.4.1+cu121,0.19.1+cu121,12.1,NVIDIA GeForce RTX 4090 D,research-lab/experiments/registered-workflow/extensions/jiim_2026_major_revision/runs/jiim_ext_mura_split_02_seed_52_resnet18_A,True,True
jiim_ext_mura_split_02_seed_62_resnet18_A,extension,mura,resnet18,A,shared,11,4,60,32,4,AdamW,0.0001,0.0001,544.357935346663,after model/data-loader initialization through checkpoint hashing and metric export; perf_counter,3.10.21,2.4.1+cu121,0.19.1+cu121,12.1,NVIDIA GeForce RTX 4090 D,research-lab/experiments/registered-workflow/extensions/jiim_2026_major_revision/runs/jiim_ext_mura_split_02_seed_62_resnet18_A,True,True
jiim_ext_mura_split_02_seed_42_resnet50_A,extension,mura,resnet50,A,shared,11,4,60,32,4,AdamW,0.0001,0.0001,542.7645959407091,after model/data-loader initialization through checkpoint hashing and metric export; perf_counter,3.10.21,2.4.1+cu121,0.19.1+cu121,12.1,NVIDIA GeForce RTX 4090 D,research-lab/experiments/registered-workflow/extensions/jiim_2026_major_revision/runs/jiim_ext_mura_split_02_seed_42_resnet50_A,True,True
jiim_ext_mura_split_02_seed_52_resnet50_A,extension,mura,resnet50,A,shared,12,5,60,32,4,AdamW,0.0001,0.0001,603.6498554311693,after model/data-loader initialization through checkpoint hashing and metric export; perf_counter,3.10.21,2.4.1+cu121,0.19.1+cu121,12.1,NVIDIA GeForce RTX 4090 D,research-lab/experiments/registered-workflow/extensions/jiim_2026_major_revision/runs/jiim_ext_mura_split_02_seed_52_resnet50_A,True,True
jiim_ext_mura_split_02_seed_62_resnet50_A,extension,mura,resnet50,A,shared,11,4,60,32,4,AdamW,0.0001,0.0001,548.7551934197545,after model/data-loader initialization through checkpoint hashing and metric export; perf_counter,3.10.21,2.4.1+cu121,0.19.1+cu121,12.1,NVIDIA GeForce RTX 4090 D,research-lab/experiments/registered-workflow/extensions/jiim_2026_major_revision/runs/jiim_ext_mura_split_02_seed_62_resnet50_A,True,True
jiim_ext_mura_split_02_seed_42_densenet121_A,extension,mura,densenet121,A,shared,13,6,60,32,4,AdamW,0.0001,0.0001,694.8310448825359,after model/data-loader initialization through checkpoint hashing and metric export; perf_counter,3.10.21,2.4.1+cu121,0.19.1+cu121,12.1,NVIDIA GeForce RTX 4090 D,research-lab/experiments/registered-workflow/extensions/jiim_2026_major_revision/runs/jiim_ext_mura_split_02_seed_42_densenet121_A,True,True
jiim_ext_mura_split_02_seed_52_densenet121_A,extension,mura,densenet121,A,shared,14,7,60,32,4,AdamW,0.0001,0.0001,686.0162056162953,after model/data-loader initialization through checkpoint hashing and metric export; perf_counter,3.10.21,2.4.1+cu121,0.19.1+cu121,12.1,NVIDIA GeForce RTX 4090 D,research-lab/experiments/registered-workflow/extensions/jiim_2026_major_revision/runs/jiim_ext_mura_split_02_seed_52_densenet121_A,True,True
jiim_ext_mura_split_02_seed_62_densenet121_A,extension,mura,densenet121,A,shared,12,5,60,32,4,AdamW,0.0001,0.0001,644.8754687309265,after model/data-loader initialization through checkpoint hashing and metric export; perf_counter,3.10.21,2.4.1+cu121,0.19.1+cu121,12.1,NVIDIA GeForce RTX 4090 D,research-lab/experiments/registered-workflow/extensions/jiim_2026_major_revision/runs/jiim_ext_mura_split_02_seed_62_densenet121_A,True,True
jiim_ext_mura_split_02_seed_42_efficientnet_b0_A,extension,mura,efficientnet_b0,A,shared,40,33,60,32,4,AdamW,0.0001,0.0001,1948.0690913200378,after model/data-loader initialization through checkpoint hashing and metric export; perf_counter,3.10.21,2.4.1+cu121,0.19.1+cu121,12.1,NVIDIA GeForce RTX 4090 D,research-lab/experiments/registered-workflow/extensions/jiim_2026_major_revision/runs/jiim_ext_mura_split_02_seed_42_efficientnet_b0_A,True,True
jiim_ext_mura_split_02_seed_52_efficientnet_b0_A,extension,mura,efficientnet_b0,A,shared,27,20,60,32,4,AdamW,0.0001,0.0001,1355.9178099371493,after model/data-loader initialization through checkpoint hashing and metric export; perf_counter,3.10.21,2.4.1+cu121,0.19.1+cu121,12.1,NVIDIA GeForce RTX 4090 D,research-lab/experiments/registered-workflow/extensions/jiim_2026_major_revision/runs/jiim_ext_mura_split_02_seed_52_efficientnet_b0_A,True,True
jiim_ext_mura_split_02_seed_62_efficientnet_b0_A,extension,mura,efficientnet_b0,A,shared,29,22,60,32,4,AdamW,0.0001,0.0001,1404.3163433857262,after model/data-loader initialization through checkpoint hashing and metric export; perf_counter,3.10.21,2.4.1+cu121,0.19.1+cu121,12.1,NVIDIA GeForce RTX 4090 D,research-lab/experiments/registered-workflow/extensions/jiim_2026_major_revision/runs/jiim_ext_mura_split_02_seed_62_efficientnet_b0_A,True,True
jiim_ext_mura_split_02_seed_42_swin_t_A,extension,mura,swin_t,A,shared,15,8,60,32,4,AdamW,0.0001,0.0001,759.7205632328987,after model/data-loader initialization through checkpoint hashing and metric export; perf_counter,3.10.21,2.4.1+cu121,0.19.1+cu121,12.1,NVIDIA GeForce RTX 4090 D,research-lab/experiments/registered-workflow/extensions/jiim_2026_major_revision/runs/jiim_ext_mura_split_02_seed_42_swin_t_A,True,True
jiim_ext_mura_split_02_seed_52_swin_t_A,extension,mura,swin_t,A,shared,14,7,60,32,4,AdamW,0.0001,0.0001,699.8128500841558,after model/data-loader initialization through checkpoint hashing and metric export; perf_counter,3.10.21,2.4.1+cu121,0.19.1+cu121,12.1,NVIDIA GeForce RTX 4090 D,research-lab/experiments/registered-workflow/extensions/jiim_2026_major_revision/runs/jiim_ext_mura_split_02_seed_52_swin_t_A,True,True
jiim_ext_mura_split_02_seed_62_swin_t_A,extension,mura,swin_t,A,shared,12,5,60,32,4,AdamW,0.0001,0.0001,626.0660226754844,after model/data-loader initialization through checkpoint hashing and metric export; perf_counter,3.10.21,2.4.1+cu121,0.19.1+cu121,12.1,NVIDIA GeForce RTX 4090 D,research-lab/experiments/registered-workflow/extensions/jiim_2026_major_revision/runs/jiim_ext_mura_split_02_seed_62_swin_t_A,True,True
jiim_ext_mura_split_02_seed_42_swin_t_B,extension,mura,swin_t,A,swin_weight_eval,15,8,60,32,4,AdamW,0.0001,0.0001,850.109304048121,after model/data-loader initialization through checkpoint hashing and metric export; perf_counter,3.10.21,2.4.1+cu121,0.19.1+cu121,12.1,NVIDIA GeForce RTX 4090 D,research-lab/experiments/registered-workflow/extensions/jiim_2026_major_revision/runs/jiim_ext_mura_split_02_seed_42_swin_t_B,True,True
jiim_ext_mura_split_02_seed_52_swin_t_B,extension,mura,swin_t,A,swin_weight_eval,14,7,60,32,4,AdamW,0.0001,0.0001,752.6938146054745,after model/data-loader initialization through checkpoint hashing and metric export; perf_counter,3.10.21,2.4.1+cu121,0.19.1+cu121,12.1,NVIDIA GeForce RTX 4090 D,research-lab/experiments/registered-workflow/extensions/jiim_2026_major_revision/runs/jiim_ext_mura_split_02_seed_52_swin_t_B,True,True
jiim_ext_mura_split_02_seed_62_swin_t_B,extension,mura,swin_t,A,swin_weight_eval,12,5,60,32,4,AdamW,0.0001,0.0001,685.8706519715488,after model/data-loader initialization through checkpoint hashing and metric export; perf_counter,3.10.21,2.4.1+cu121,0.19.1+cu121,12.1,NVIDIA GeForce RTX 4090 D,research-lab/experiments/registered-workflow/extensions/jiim_2026_major_revision/runs/jiim_ext_mura_split_02_seed_62_swin_t_B,True,True
jiim_ext_mura_split_03_seed_42_resnet18_A,extension,mura,resnet18,A,shared,9,2,60,32,4,AdamW,0.0001,0.0001,449.36496679484844,after model/data-loader initialization through checkpoint hashing and metric export; perf_counter,3.10.21,2.4.1+cu121,0.19.1+cu121,12.1,NVIDIA GeForce RTX 4090 D,research-lab/experiments/registered-workflow/extensions/jiim_2026_major_revision/runs/jiim_ext_mura_split_03_seed_42_resnet18_A,True,True
jiim_ext_mura_split_03_seed_52_resnet18_A,extension,mura,resnet18,A,shared,10,3,60,32,4,AdamW,0.0001,0.0001,504.39874441176653,after model/data-loader initialization through checkpoint hashing and metric export; perf_counter,3.10.21,2.4.1+cu121,0.19.1+cu121,12.1,NVIDIA GeForce RTX 4090 D,research-lab/experiments/registered-workflow/extensions/jiim_2026_major_revision/runs/jiim_ext_mura_split_03_seed_52_resnet18_A,True,True
jiim_ext_mura_split_03_seed_62_resnet18_A,extension,mura,resnet18,A,shared,11,4,60,32,4,AdamW,0.0001,0.0001,538.4359932169318,after model/data-loader initialization through checkpoint hashing and metric export; perf_counter,3.10.21,2.4.1+cu121,0.19.1+cu121,12.1,NVIDIA GeForce RTX 4090 D,research-lab/experiments/registered-workflow/extensions/jiim_2026_major_revision/runs/jiim_ext_mura_split_03_seed_62_resnet18_A,True,True
jiim_ext_mura_split_03_seed_42_resnet50_A,extension,mura,resnet50,A,shared,12,5,60,32,4,AdamW,0.0001,0.0001,597.6211773380637,after model/data-loader initialization through checkpoint hashing and metric export; perf_counter,3.10.21,2.4.1+cu121,0.19.1+cu121,12.1,NVIDIA GeForce RTX 4090 D,research-lab/experiments/registered-workflow/extensions/jiim_2026_major_revision/runs/jiim_ext_mura_split_03_seed_42_resnet50_A,True,True
jiim_ext_mura_split_03_seed_52_resnet50_A,extension,mura,resnet50,A,shared,11,4,60,32,4,AdamW,0.0001,0.0001,554.611601959914,after model/data-loader initialization through checkpoint hashing and metric export; perf_counter,3.10.21,2.4.1+cu121,0.19.1+cu121,12.1,NVIDIA GeForce RTX 4090 D,research-lab/experiments/registered-workflow/extensions/jiim_2026_major_revision/runs/jiim_ext_mura_split_03_seed_52_resnet50_A,True,True
jiim_ext_mura_split_03_seed_62_resnet50_A,extension,mura,resnet50,A,shared,11,4,60,32,4,AdamW,0.0001,0.0001,559.6046332493424,after model/data-loader initialization through checkpoint hashing and metric export; perf_counter,3.10.21,2.4.1+cu121,0.19.1+cu121,12.1,NVIDIA GeForce RTX 4090 D,research-lab/experiments/registered-workflow/extensions/jiim_2026_major_revision/runs/jiim_ext_mura_split_03_seed_62_resnet50_A,True,True
jiim_ext_mura_split_03_seed_42_densenet121_A,extension,mura,densenet121,A,shared,14,7,60,32,4,AdamW,0.0001,0.0001,689.9858781248331,after model/data-loader initialization through checkpoint hashing and metric export; perf_counter,3.10.21,2.4.1+cu121,0.19.1+cu121,12.1,NVIDIA GeForce RTX 4090 D,research-lab/experiments/registered-workflow/extensions/jiim_2026_major_revision/runs/jiim_ext_mura_split_03_seed_42_densenet121_A,True,True
jiim_ext_mura_split_03_seed_52_densenet121_A,extension,mura,densenet121,A,shared,10,3,60,32,4,AdamW,0.0001,0.0001,524.5573945194483,after model/data-loader initialization through checkpoint hashing and metric export; perf_counter,3.10.21,2.4.1+cu121,0.19.1+cu121,12.1,NVIDIA GeForce RTX 4090 D,research-lab/experiments/registered-workflow/extensions/jiim_2026_major_revision/runs/jiim_ext_mura_split_03_seed_52_densenet121_A,True,True
jiim_ext_mura_split_03_seed_62_densenet121_A,extension,mura,densenet121,A,shared,11,4,60,32,4,AdamW,0.0001,0.0001,540.7745605036616,after model/data-loader initialization through checkpoint hashing and metric export; perf_counter,3.10.21,2.4.1+cu121,0.19.1+cu121,12.1,NVIDIA GeForce RTX 4090 D,research-lab/experiments/registered-workflow/extensions/jiim_2026_major_revision/runs/jiim_ext_mura_split_03_seed_62_densenet121_A,True,True
jiim_ext_mura_split_03_seed_42_efficientnet_b0_A,extension,mura,efficientnet_b0,A,shared,33,26,60,32,4,AdamW,0.0001,0.0001,1619.1817288510501,after model/data-loader initialization through checkpoint hashing and metric export; perf_counter,3.10.21,2.4.1+cu121,0.19.1+cu121,12.1,NVIDIA GeForce RTX 4090 D,research-lab/experiments/registered-workflow/extensions/jiim_2026_major_revision/runs/jiim_ext_mura_split_03_seed_42_efficientnet_b0_A,True,True
jiim_ext_mura_split_03_seed_52_efficientnet_b0_A,extension,mura,efficientnet_b0,A,shared,35,28,60,32,4,AdamW,0.0001,0.0001,1709.1028517335653,after model/data-loader initialization through checkpoint hashing and metric export; perf_counter,3.10.21,2.4.1+cu121,0.19.1+cu121,12.1,NVIDIA GeForce RTX 4090 D,research-lab/experiments/registered-workflow/extensions/jiim_2026_major_revision/runs/jiim_ext_mura_split_03_seed_52_efficientnet_b0_A,True,True
jiim_ext_mura_split_03_seed_62_efficientnet_b0_A,extension,mura,efficientnet_b0,A,shared,40,33,60,32,4,AdamW,0.0001,0.0001,1978.6651726998389,after model/data-loader initialization through checkpoint hashing and metric export; perf_counter,3.10.21,2.4.1+cu121,0.19.1+cu121,12.1,NVIDIA GeForce RTX 4090 D,research-lab/experiments/registered-workflow/extensions/jiim_2026_major_revision/runs/jiim_ext_mura_split_03_seed_62_efficientnet_b0_A,True,True
jiim_ext_mura_split_03_seed_42_swin_t_A,extension,mura,swin_t,A,shared,16,9,60,32,4,AdamW,0.0001,0.0001,790.5207161270082,after model/data-loader initialization through checkpoint hashing and metric export; perf_counter,3.10.21,2.4.1+cu121,0.19.1+cu121,12.1,NVIDIA GeForce RTX 4090 D,research-lab/experiments/registered-workflow/extensions/jiim_2026_major_revision/runs/jiim_ext_mura_split_03_seed_42_swin_t_A,True,True
jiim_ext_mura_split_03_seed_52_swin_t_A,extension,mura,swin_t,A,shared,14,7,60,32,4,AdamW,0.0001,0.0001,721.2007764093578,after model/data-loader initialization through checkpoint hashing and metric export; perf_counter,3.10.21,2.4.1+cu121,0.19.1+cu121,12.1,NVIDIA GeForce RTX 4090 D,research-lab/experiments/registered-workflow/extensions/jiim_2026_major_revision/runs/jiim_ext_mura_split_03_seed_52_swin_t_A,True,True
jiim_ext_mura_split_03_seed_62_swin_t_A,extension,mura,swin_t,A,shared,15,8,60,32,4,AdamW,0.0001,0.0001,749.3121495358646,after model/data-loader initialization through checkpoint hashing and metric export; perf_counter,3.10.21,2.4.1+cu121,0.19.1+cu121,12.1,NVIDIA GeForce RTX 4090 D,research-lab/experiments/registered-workflow/extensions/jiim_2026_major_revision/runs/jiim_ext_mura_split_03_seed_62_swin_t_A,True,True
jiim_ext_mura_split_03_seed_42_swin_t_B,extension,mura,swin_t,A,swin_weight_eval,16,9,60,32,4,AdamW,0.0001,0.0001,864.1932500563562,after model/data-loader initialization through checkpoint hashing and metric export; perf_counter,3.10.21,2.4.1+cu121,0.19.1+cu121,12.1,NVIDIA GeForce RTX 4090 D,research-lab/experiments/registered-workflow/extensions/jiim_2026_major_revision/runs/jiim_ext_mura_split_03_seed_42_swin_t_B,True,True
jiim_ext_mura_split_03_seed_52_swin_t_B,extension,mura,swin_t,A,swin_weight_eval,12,5,60,32,4,AdamW,0.0001,0.0001,700.6674848496914,after model/data-loader initialization through checkpoint hashing and metric export; perf_counter,3.10.21,2.4.1+cu121,0.19.1+cu121,12.1,NVIDIA GeForce RTX 4090 D,research-lab/experiments/registered-workflow/extensions/jiim_2026_major_revision/runs/jiim_ext_mura_split_03_seed_52_swin_t_B,True,True
jiim_ext_mura_split_03_seed_62_swin_t_B,extension,mura,swin_t,A,swin_weight_eval,15,8,60,32,4,AdamW,0.0001,0.0001,809.5347751900554,after model/data-loader initialization through checkpoint hashing and metric export; perf_counter,3.10.21,2.4.1+cu121,0.19.1+cu121,12.1,NVIDIA GeForce RTX 4090 D,research-lab/experiments/registered-workflow/extensions/jiim_2026_major_revision/runs/jiim_ext_mura_split_03_seed_62_swin_t_B,True,True
jiim_ext_mura_split_04_seed_42_resnet18_A,extension,mura,resnet18,A,shared,10,3,60,32,4,AdamW,0.0001,0.0001,530.9809523895383,after model/data-loader initialization through checkpoint hashing and metric export; perf_counter,3.10.21,2.4.1+cu121,0.19.1+cu121,12.1,NVIDIA GeForce RTX 4090 D,research-lab/experiments/registered-workflow/extensions/jiim_2026_major_revision/runs/jiim_ext_mura_split_04_seed_42_resnet18_A,True,True
jiim_ext_mura_split_04_seed_52_resnet18_A,extension,mura,resnet18,A,shared,10,3,60,32,4,AdamW,0.0001,0.0001,511.36912793666124,after model/data-loader initialization through checkpoint hashing and metric export; perf_counter,3.10.21,2.4.1+cu121,0.19.1+cu121,12.1,NVIDIA GeForce RTX 4090 D,research-lab/experiments/registered-workflow/extensions/jiim_2026_major_revision/runs/jiim_ext_mura_split_04_seed_52_resnet18_A,True,True
jiim_ext_mura_split_04_seed_62_resnet18_A,extension,mura,resnet18,A,shared,11,4,60,32,4,AdamW,0.0001,0.0001,575.9620932266116,after model/data-loader initialization through checkpoint hashing and metric export; perf_counter,3.10.21,2.4.1+cu121,0.19.1+cu121,12.1,NVIDIA GeForce RTX 4090 D,research-lab/experiments/registered-workflow/extensions/jiim_2026_major_revision/runs/jiim_ext_mura_split_04_seed_62_resnet18_A,True,True
jiim_ext_mura_split_04_seed_42_resnet50_A,extension,mura,resnet50,A,shared,10,3,60,32,4,AdamW,0.0001,0.0001,497.9706582464278,after model/data-loader initialization through checkpoint hashing and metric export; perf_counter,3.10.21,2.4.1+cu121,0.19.1+cu121,12.1,NVIDIA GeForce RTX 4090 D,research-lab/experiments/registered-workflow/extensions/jiim_2026_major_revision/runs/jiim_ext_mura_split_04_seed_42_resnet50_A,True,True
jiim_ext_mura_split_04_seed_52_resnet50_A,extension,mura,resnet50,A,shared,11,4,60,32,4,AdamW,0.0001,0.0001,593.9455691799521,after model/data-loader initialization through checkpoint hashing and metric export; perf_counter,3.10.21,2.4.1+cu121,0.19.1+cu121,12.1,NVIDIA GeForce RTX 4090 D,research-lab/experiments/registered-workflow/extensions/jiim_2026_major_revision/runs/jiim_ext_mura_split_04_seed_52_resnet50_A,True,True
jiim_ext_mura_split_04_seed_62_resnet50_A,extension,mura,resnet50,A,shared,10,3,60,32,4,AdamW,0.0001,0.0001,579.7193645462394,after model/data-loader initialization through checkpoint hashing and metric export; perf_counter,3.10.21,2.4.1+cu121,0.19.1+cu121,12.1,NVIDIA GeForce RTX 4090 D,research-lab/experiments/registered-workflow/extensions/jiim_2026_major_revision/runs/jiim_ext_mura_split_04_seed_62_resnet50_A,True,True
jiim_ext_mura_split_04_seed_42_densenet121_A,extension,mura,densenet121,A,shared,12,5,60,32,4,AdamW,0.0001,0.0001,651.1505875103176,after model/data-loader initialization through checkpoint hashing and metric export; perf_counter,3.10.21,2.4.1+cu121,0.19.1+cu121,12.1,NVIDIA GeForce RTX 4090 D,research-lab/experiments/registered-workflow/extensions/jiim_2026_major_revision/runs/jiim_ext_mura_split_04_seed_42_densenet121_A,True,True
jiim_ext_mura_split_04_seed_52_densenet121_A,extension,mura,densenet121,A,shared,12,5,60,32,4,AdamW,0.0001,0.0001,598.7324856221676,after model/data-loader initialization through checkpoint hashing and metric export; perf_counter,3.10.21,2.4.1+cu121,0.19.1+cu121,12.1,NVIDIA GeForce RTX 4090 D,research-lab/experiments/registered-workflow/extensions/jiim_2026_major_revision/runs/jiim_ext_mura_split_04_seed_52_densenet121_A,True,True
jiim_ext_mura_split_04_seed_62_densenet121_A,extension,mura,densenet121,A,shared,12,5,60,32,4,AdamW,0.0001,0.0001,616.8495728708804,after model/data-loader initialization through checkpoint hashing and metric export; perf_counter,3.10.21,2.4.1+cu121,0.19.1+cu121,12.1,NVIDIA GeForce RTX 4090 D,research-lab/experiments/registered-workflow/extensions/jiim_2026_major_revision/runs/jiim_ext_mura_split_04_seed_62_densenet121_A,True,True
jiim_ext_mura_split_04_seed_42_efficientnet_b0_A,extension,mura,efficientnet_b0,A,shared,34,27,60,32,4,AdamW,0.0001,0.0001,1731.7006271146238,after model/data-loader initialization through checkpoint hashing and metric export; perf_counter,3.10.21,2.4.1+cu121,0.19.1+cu121,12.1,NVIDIA GeForce RTX 4090 D,research-lab/experiments/registered-workflow/extensions/jiim_2026_major_revision/runs/jiim_ext_mura_split_04_seed_42_efficientnet_b0_A,True,True
jiim_ext_mura_split_04_seed_52_efficientnet_b0_A,extension,mura,efficientnet_b0,A,shared,33,26,60,32,4,AdamW,0.0001,0.0001,1627.2896014489233,after model/data-loader initialization through checkpoint hashing and metric export; perf_counter,3.10.21,2.4.1+cu121,0.19.1+cu121,12.1,NVIDIA GeForce RTX 4090 D,research-lab/experiments/registered-workflow/extensions/jiim_2026_major_revision/runs/jiim_ext_mura_split_04_seed_52_efficientnet_b0_A,True,True
jiim_ext_mura_split_04_seed_62_efficientnet_b0_A,extension,mura,efficientnet_b0,A,shared,36,29,60,32,4,AdamW,0.0001,0.0001,1815.6333441920578,after model/data-loader initialization through checkpoint hashing and metric export; perf_counter,3.10.21,2.4.1+cu121,0.19.1+cu121,12.1,NVIDIA GeForce RTX 4090 D,research-lab/experiments/registered-workflow/extensions/jiim_2026_major_revision/runs/jiim_ext_mura_split_04_seed_62_efficientnet_b0_A,True,True
jiim_ext_mura_split_04_seed_42_swin_t_A,extension,mura,swin_t,A,shared,13,6,60,32,4,AdamW,0.0001,0.0001,703.5322322100401,after model/data-loader initialization through checkpoint hashing and metric export; perf_counter,3.10.21,2.4.1+cu121,0.19.1+cu121,12.1,NVIDIA GeForce RTX 4090 D,research-lab/experiments/registered-workflow/extensions/jiim_2026_major_revision/runs/jiim_ext_mura_split_04_seed_42_swin_t_A,True,True
jiim_ext_mura_split_04_seed_52_swin_t_A,extension,mura,swin_t,A,shared,15,8,60,32,4,AdamW,0.0001,0.0001,841.8017944693565,after model/data-loader initialization through checkpoint hashing and metric export; perf_counter,3.10.21,2.4.1+cu121,0.19.1+cu121,12.1,NVIDIA GeForce RTX 4090 D,research-lab/experiments/registered-workflow/extensions/jiim_2026_major_revision/runs/jiim_ext_mura_split_04_seed_52_swin_t_A,True,True
jiim_ext_mura_split_04_seed_62_swin_t_A,extension,mura,swin_t,A,shared,16,9,60,32,4,AdamW,0.0001,0.0001,904.1211316846311,after model/data-loader initialization through checkpoint hashing and metric export; perf_counter,3.10.21,2.4.1+cu121,0.19.1+cu121,12.1,NVIDIA GeForce RTX 4090 D,research-lab/experiments/registered-workflow/extensions/jiim_2026_major_revision/runs/jiim_ext_mura_split_04_seed_62_swin_t_A,True,True
jiim_ext_mura_split_04_seed_42_swin_t_B,extension,mura,swin_t,A,swin_weight_eval,13,6,60,32,4,AdamW,0.0001,0.0001,704.9258108213544,after model/data-loader initialization through checkpoint hashing and metric export; perf_counter,3.10.21,2.4.1+cu121,0.19.1+cu121,12.1,NVIDIA GeForce RTX 4090 D,research-lab/experiments/registered-workflow/extensions/jiim_2026_major_revision/runs/jiim_ext_mura_split_04_seed_42_swin_t_B,True,True
jiim_ext_mura_split_04_seed_52_swin_t_B,extension,mura,swin_t,A,swin_weight_eval,16,9,60,32,4,AdamW,0.0001,0.0001,895.6094838902354,after model/data-loader initialization through checkpoint hashing and metric export; perf_counter,3.10.21,2.4.1+cu121,0.19.1+cu121,12.1,NVIDIA GeForce RTX 4090 D,research-lab/experiments/registered-workflow/extensions/jiim_2026_major_revision/runs/jiim_ext_mura_split_04_seed_52_swin_t_B,True,True
jiim_ext_mura_split_04_seed_62_swin_t_B,extension,mura,swin_t,A,swin_weight_eval,16,9,60,32,4,AdamW,0.0001,0.0001,912.8292344547808,after model/data-loader initialization through checkpoint hashing and metric export; perf_counter,3.10.21,2.4.1+cu121,0.19.1+cu121,12.1,NVIDIA GeForce RTX 4090 D,research-lab/experiments/registered-workflow/extensions/jiim_2026_major_revision/runs/jiim_ext_mura_split_04_seed_62_swin_t_B,True,True
jiim_ext_mura_split_05_seed_42_resnet18_A,extension,mura,resnet18,A,shared,11,4,60,32,4,AdamW,0.0001,0.0001,636.5360969752073,after model/data-loader initialization through checkpoint hashing and metric export; perf_counter,3.10.21,2.4.1+cu121,0.19.1+cu121,12.1,NVIDIA GeForce RTX 4090 D,research-lab/experiments/registered-workflow/extensions/jiim_2026_major_revision/runs/jiim_ext_mura_split_05_seed_42_resnet18_A,True,True
jiim_ext_mura_split_05_seed_52_resnet18_A,extension,mura,resnet18,A,shared,11,4,60,32,4,AdamW,0.0001,0.0001,673.990610934794,after model/data-loader initialization through checkpoint hashing and metric export; perf_counter,3.10.21,2.4.1+cu121,0.19.1+cu121,12.1,NVIDIA GeForce RTX 4090 D,research-lab/experiments/registered-workflow/extensions/jiim_2026_major_revision/runs/jiim_ext_mura_split_05_seed_52_resnet18_A,True,True
jiim_ext_mura_split_05_seed_62_resnet18_A,extension,mura,resnet18,A,shared,12,5,60,32,4,AdamW,0.0001,0.0001,716.7446725331247,after model/data-loader initialization through checkpoint hashing and metric export; perf_counter,3.10.21,2.4.1+cu121,0.19.1+cu121,12.1,NVIDIA GeForce RTX 4090 D,research-lab/experiments/registered-workflow/extensions/jiim_2026_major_revision/runs/jiim_ext_mura_split_05_seed_62_resnet18_A,True,True
jiim_ext_mura_split_05_seed_42_resnet50_A,extension,mura,resnet50,A,shared,12,5,60,32,4,AdamW,0.0001,0.0001,687.216365788132,after model/data-loader initialization through checkpoint hashing and metric export; perf_counter,3.10.21,2.4.1+cu121,0.19.1+cu121,12.1,NVIDIA GeForce RTX 4090 D,research-lab/experiments/registered-workflow/extensions/jiim_2026_major_revision/runs/jiim_ext_mura_split_05_seed_42_resnet50_A,True,True
jiim_ext_mura_split_05_seed_52_resnet50_A,extension,mura,resnet50,A,shared,11,4,60,32,4,AdamW,0.0001,0.0001,640.1566381342709,after model/data-loader initialization through checkpoint hashing and metric export; perf_counter,3.10.21,2.4.1+cu121,0.19.1+cu121,12.1,NVIDIA GeForce RTX 4090 D,research-lab/experiments/registered-workflow/extensions/jiim_2026_major_revision/runs/jiim_ext_mura_split_05_seed_52_resnet50_A,True,True
jiim_ext_mura_split_05_seed_62_resnet50_A,extension,mura,resnet50,A,shared,12,5,60,32,4,AdamW,0.0001,0.0001,627.2127436287701,after model/data-loader initialization through checkpoint hashing and metric export; perf_counter,3.10.21,2.4.1+cu121,0.19.1+cu121,12.1,NVIDIA GeForce RTX 4090 D,research-lab/experiments/registered-workflow/extensions/jiim_2026_major_revision/runs/jiim_ext_mura_split_05_seed_62_resnet50_A,True,True
jiim_ext_mura_split_05_seed_42_densenet121_A,extension,mura,densenet121,A,shared,14,7,60,32,4,AdamW,0.0001,0.0001,826.1754358448088,after model/data-loader initialization through checkpoint hashing and metric export; perf_counter,3.10.21,2.4.1+cu121,0.19.1+cu121,12.1,NVIDIA GeForce RTX 4090 D,research-lab/experiments/registered-workflow/extensions/jiim_2026_major_revision/runs/jiim_ext_mura_split_05_seed_42_densenet121_A,True,True
jiim_ext_mura_split_05_seed_52_densenet121_A,extension,mura,densenet121,A,shared,15,8,60,32,4,AdamW,0.0001,0.0001,906.3396933339536,after model/data-loader initialization through checkpoint hashing and metric export; perf_counter,3.10.21,2.4.1+cu121,0.19.1+cu121,12.1,NVIDIA GeForce RTX 4090 D,research-lab/experiments/registered-workflow/extensions/jiim_2026_major_revision/runs/jiim_ext_mura_split_05_seed_52_densenet121_A,True,True
jiim_ext_mura_split_05_seed_62_densenet121_A,extension,mura,densenet121,A,shared,11,4,60,32,4,AdamW,0.0001,0.0001,652.3760983161628,after model/data-loader initialization through checkpoint hashing and metric export; perf_counter,3.10.21,2.4.1+cu121,0.19.1+cu121,12.1,NVIDIA GeForce RTX 4090 D,research-lab/experiments/registered-workflow/extensions/jiim_2026_major_revision/runs/jiim_ext_mura_split_05_seed_62_densenet121_A,True,True
jiim_ext_mura_split_05_seed_42_efficientnet_b0_A,extension,mura,efficientnet_b0,A,shared,40,33,60,32,4,AdamW,0.0001,0.0001,2194.655548505485,after model/data-loader initialization through checkpoint hashing and metric export; perf_counter,3.10.21,2.4.1+cu121,0.19.1+cu121,12.1,NVIDIA GeForce RTX 4090 D,research-lab/experiments/registered-workflow/extensions/jiim_2026_major_revision/runs/jiim_ext_mura_split_05_seed_42_efficientnet_b0_A,True,True
jiim_ext_mura_split_05_seed_52_efficientnet_b0_A,extension,mura,efficientnet_b0,A,shared,34,27,60,32,4,AdamW,0.0001,0.0001,1947.0260238721967,after model/data-loader initialization through checkpoint hashing and metric export; perf_counter,3.10.21,2.4.1+cu121,0.19.1+cu121,12.1,NVIDIA GeForce RTX 4090 D,research-lab/experiments/registered-workflow/extensions/jiim_2026_major_revision/runs/jiim_ext_mura_split_05_seed_52_efficientnet_b0_A,True,True
jiim_ext_mura_split_05_seed_62_efficientnet_b0_A,extension,mura,efficientnet_b0,A,shared,32,25,60,32,4,AdamW,0.0001,0.0001,1814.035551302135,after model/data-loader initialization through checkpoint hashing and metric export; perf_counter,3.10.21,2.4.1+cu121,0.19.1+cu121,12.1,NVIDIA GeForce RTX 4090 D,research-lab/experiments/registered-workflow/extensions/jiim_2026_major_revision/runs/jiim_ext_mura_split_05_seed_62_efficientnet_b0_A,True,True
jiim_ext_mura_split_05_seed_42_swin_t_A,extension,mura,swin_t,A,shared,13,6,60,32,4,AdamW,0.0001,0.0001,735.4643725268543,after model/data-loader initialization through checkpoint hashing and metric export; perf_counter,3.10.21,2.4.1+cu121,0.19.1+cu121,12.1,NVIDIA GeForce RTX 4090 D,research-lab/experiments/registered-workflow/extensions/jiim_2026_major_revision/runs/jiim_ext_mura_split_05_seed_42_swin_t_A,True,True
jiim_ext_mura_split_05_seed_52_swin_t_A,extension,mura,swin_t,A,shared,13,6,60,32,4,AdamW,0.0001,0.0001,674.5139162093401,after model/data-loader initialization through checkpoint hashing and metric export; perf_counter,3.10.21,2.4.1+cu121,0.19.1+cu121,12.1,NVIDIA GeForce RTX 4090 D,research-lab/experiments/registered-workflow/extensions/jiim_2026_major_revision/runs/jiim_ext_mura_split_05_seed_52_swin_t_A,True,True
jiim_ext_mura_split_05_seed_62_swin_t_A,extension,mura,swin_t,A,shared,12,5,60,32,4,AdamW,0.0001,0.0001,596.4698043614626,after model/data-loader initialization through checkpoint hashing and metric export; perf_counter,3.10.21,2.4.1+cu121,0.19.1+cu121,12.1,NVIDIA GeForce RTX 4090 D,research-lab/experiments/registered-workflow/extensions/jiim_2026_major_revision/runs/jiim_ext_mura_split_05_seed_62_swin_t_A,True,True
jiim_ext_mura_split_05_seed_42_swin_t_B,extension,mura,swin_t,A,swin_weight_eval,13,6,60,32,4,AdamW,0.0001,0.0001,691.3947198539972,after model/data-loader initialization through checkpoint hashing and metric export; perf_counter,3.10.21,2.4.1+cu121,0.19.1+cu121,12.1,NVIDIA GeForce RTX 4090 D,research-lab/experiments/registered-workflow/extensions/jiim_2026_major_revision/runs/jiim_ext_mura_split_05_seed_42_swin_t_B,True,True
jiim_ext_mura_split_05_seed_52_swin_t_B,extension,mura,swin_t,A,swin_weight_eval,13,6,60,32,4,AdamW,0.0001,0.0001,719.48211087659,after model/data-loader initialization through checkpoint hashing and metric export; perf_counter,3.10.21,2.4.1+cu121,0.19.1+cu121,12.1,NVIDIA GeForce RTX 4090 D,research-lab/experiments/registered-workflow/extensions/jiim_2026_major_revision/runs/jiim_ext_mura_split_05_seed_52_swin_t_B,True,True
jiim_ext_mura_split_05_seed_62_swin_t_B,extension,mura,swin_t,A,swin_weight_eval,12,5,60,32,4,AdamW,0.0001,0.0001,659.4185142405331,after model/data-loader initialization through checkpoint hashing and metric export; perf_counter,3.10.21,2.4.1+cu121,0.19.1+cu121,12.1,NVIDIA GeForce RTX 4090 D,research-lab/experiments/registered-workflow/extensions/jiim_2026_major_revision/runs/jiim_ext_mura_split_05_seed_62_swin_t_B,True,True
jiim_ext_mura_split_06_seed_42_resnet18_A,extension,mura,resnet18,A,shared,10,3,60,32,4,AdamW,0.0001,0.0001,533.9471865147352,after model/data-loader initialization through checkpoint hashing and metric export; perf_counter,3.10.21,2.4.1+cu121,0.19.1+cu121,12.1,NVIDIA GeForce RTX 4090 D,research-lab/experiments/registered-workflow/extensions/jiim_2026_major_revision/runs/jiim_ext_mura_split_06_seed_42_resnet18_A,True,True
jiim_ext_mura_split_06_seed_52_resnet18_A,extension,mura,resnet18,A,shared,9,2,60,32,4,AdamW,0.0001,0.0001,457.36211832612753,after model/data-loader initialization through checkpoint hashing and metric export; perf_counter,3.10.21,2.4.1+cu121,0.19.1+cu121,12.1,NVIDIA GeForce RTX 4090 D,research-lab/experiments/registered-workflow/extensions/jiim_2026_major_revision/runs/jiim_ext_mura_split_06_seed_52_resnet18_A,True,True
jiim_ext_mura_split_06_seed_62_resnet18_A,extension,mura,resnet18,A,shared,11,4,60,32,4,AdamW,0.0001,0.0001,602.4245754145086,after model/data-loader initialization through checkpoint hashing and metric export; perf_counter,3.10.21,2.4.1+cu121,0.19.1+cu121,12.1,NVIDIA GeForce RTX 4090 D,research-lab/experiments/registered-workflow/extensions/jiim_2026_major_revision/runs/jiim_ext_mura_split_06_seed_62_resnet18_A,True,True
jiim_ext_mura_split_06_seed_42_resnet50_A,extension,mura,resnet50,A,shared,11,4,60,32,4,AdamW,0.0001,0.0001,558.1421670801938,after model/data-loader initialization through checkpoint hashing and metric export; perf_counter,3.10.21,2.4.1+cu121,0.19.1+cu121,12.1,NVIDIA GeForce RTX 4090 D,research-lab/experiments/registered-workflow/extensions/jiim_2026_major_revision/runs/jiim_ext_mura_split_06_seed_42_resnet50_A,True,True
jiim_ext_mura_split_06_seed_52_resnet50_A,extension,mura,resnet50,A,shared,12,5,60,32,4,AdamW,0.0001,0.0001,607.4918315000832,after model/data-loader initialization through checkpoint hashing and metric export; perf_counter,3.10.21,2.4.1+cu121,0.19.1+cu121,12.1,NVIDIA GeForce RTX 4090 D,research-lab/experiments/registered-workflow/extensions/jiim_2026_major_revision/runs/jiim_ext_mura_split_06_seed_52_resnet50_A,True,True
jiim_ext_mura_split_06_seed_62_resnet50_A,extension,mura,resnet50,A,shared,11,4,60,32,4,AdamW,0.0001,0.0001,599.7619722262025,after model/data-loader initialization through checkpoint hashing and metric export; perf_counter,3.10.21,2.4.1+cu121,0.19.1+cu121,12.1,NVIDIA GeForce RTX 4090 D,research-lab/experiments/registered-workflow/extensions/jiim_2026_major_revision/runs/jiim_ext_mura_split_06_seed_62_resnet50_A,True,True
jiim_ext_mura_split_06_seed_42_densenet121_A,extension,mura,densenet121,A,shared,14,7,60,32,4,AdamW,0.0001,0.0001,798.4430897086859,after model/data-loader initialization through checkpoint hashing and metric export; perf_counter,3.10.21,2.4.1+cu121,0.19.1+cu121,12.1,NVIDIA GeForce RTX 4090 D,research-lab/experiments/registered-workflow/extensions/jiim_2026_major_revision/runs/jiim_ext_mura_split_06_seed_42_densenet121_A,True,True
jiim_ext_mura_split_06_seed_52_densenet121_A,extension,mura,densenet121,A,shared,12,5,60,32,4,AdamW,0.0001,0.0001,681.6672399714589,after model/data-loader initialization through checkpoint hashing and metric export; perf_counter,3.10.21,2.4.1+cu121,0.19.1+cu121,12.1,NVIDIA GeForce RTX 4090 D,research-lab/experiments/registered-workflow/extensions/jiim_2026_major_revision/runs/jiim_ext_mura_split_06_seed_52_densenet121_A,True,True
jiim_ext_mura_split_06_seed_62_densenet121_A,extension,mura,densenet121,A,shared,11,4,60,32,4,AdamW,0.0001,0.0001,610.9398308210075,after model/data-loader initialization through checkpoint hashing and metric export; perf_counter,3.10.21,2.4.1+cu121,0.19.1+cu121,12.1,NVIDIA GeForce RTX 4090 D,research-lab/experiments/registered-workflow/extensions/jiim_2026_major_revision/runs/jiim_ext_mura_split_06_seed_62_densenet121_A,True,True
jiim_ext_mura_split_06_seed_42_efficientnet_b0_A,extension,mura,efficientnet_b0,A,shared,36,29,60,32,4,AdamW,0.0001,0.0001,1858.8575172163546,after model/data-loader initialization through checkpoint hashing and metric export; perf_counter,3.10.21,2.4.1+cu121,0.19.1+cu121,12.1,NVIDIA GeForce RTX 4090 D,research-lab/experiments/registered-workflow/extensions/jiim_2026_major_revision/runs/jiim_ext_mura_split_06_seed_42_efficientnet_b0_A,True,True
jiim_ext_mura_split_06_seed_52_efficientnet_b0_A,extension,mura,efficientnet_b0,A,shared,31,24,60,32,4,AdamW,0.0001,0.0001,1585.1380151733756,after model/data-loader initialization through checkpoint hashing and metric export; perf_counter,3.10.21,2.4.1+cu121,0.19.1+cu121,12.1,NVIDIA GeForce RTX 4090 D,research-lab/experiments/registered-workflow/extensions/jiim_2026_major_revision/runs/jiim_ext_mura_split_06_seed_52_efficientnet_b0_A,True,True
jiim_ext_mura_split_06_seed_62_efficientnet_b0_A,extension,mura,efficientnet_b0,A,shared,37,30,60,32,4,AdamW,0.0001,0.0001,1790.3981085680425,after model/data-loader initialization through checkpoint hashing and metric export; perf_counter,3.10.21,2.4.1+cu121,0.19.1+cu121,12.1,NVIDIA GeForce RTX 4090 D,research-lab/experiments/registered-workflow/extensions/jiim_2026_major_revision/runs/jiim_ext_mura_split_06_seed_62_efficientnet_b0_A,True,True
jiim_ext_mura_split_07_seed_42_resnet18_A,extension,mura,resnet18,A,shared,10,3,60,32,4,AdamW,0.0001,0.0001,539.4833379872143,after model/data-loader initialization through checkpoint hashing and metric export; perf_counter,3.10.21,2.4.1+cu121,0.19.1+cu121,12.1,NVIDIA GeForce RTX 4090 D,research-lab/experiments/registered-workflow/extensions/jiim_2026_major_revision/runs/jiim_ext_mura_split_07_seed_42_resnet18_A,True,True
jiim_ext_mura_split_07_seed_52_resnet18_A,extension,mura,resnet18,A,shared,10,3,60,32,4,AdamW,0.0001,0.0001,552.6394293047488,after model/data-loader initialization through checkpoint hashing and metric export; perf_counter,3.10.21,2.4.1+cu121,0.19.1+cu121,12.1,NVIDIA GeForce RTX 4090 D,research-lab/experiments/registered-workflow/extensions/jiim_2026_major_revision/runs/jiim_ext_mura_split_07_seed_52_resnet18_A,True,True
jiim_ext_mura_split_07_seed_62_resnet18_A,extension,mura,resnet18,A,shared,9,2,60,32,4,AdamW,0.0001,0.0001,504.09738724306226,after model/data-loader initialization through checkpoint hashing and metric export; perf_counter,3.10.21,2.4.1+cu121,0.19.1+cu121,12.1,NVIDIA GeForce RTX 4090 D,research-lab/experiments/registered-workflow/extensions/jiim_2026_major_revision/runs/jiim_ext_mura_split_07_seed_62_resnet18_A,True,True
jiim_ext_mura_split_07_seed_42_resnet50_A,extension,mura,resnet50,A,shared,10,3,60,32,4,AdamW,0.0001,0.0001,573.3396044634283,after model/data-loader initialization through checkpoint hashing and metric export; perf_counter,3.10.21,2.4.1+cu121,0.19.1+cu121,12.1,NVIDIA GeForce RTX 4090 D,research-lab/experiments/registered-workflow/extensions/jiim_2026_major_revision/runs/jiim_ext_mura_split_07_seed_42_resnet50_A,True,True
jiim_ext_mura_split_07_seed_52_resnet50_A,extension,mura,resnet50,A,shared,10,3,60,32,4,AdamW,0.0001,0.0001,513.2829168252647,after model/data-loader initialization through checkpoint hashing and metric export; perf_counter,3.10.21,2.4.1+cu121,0.19.1+cu121,12.1,NVIDIA GeForce RTX 4090 D,research-lab/experiments/registered-workflow/extensions/jiim_2026_major_revision/runs/jiim_ext_mura_split_07_seed_52_resnet50_A,True,True
jiim_ext_mura_split_07_seed_62_resnet50_A,extension,mura,resnet50,A,shared,12,5,60,32,4,AdamW,0.0001,0.0001,664.7448069155216,after model/data-loader initialization through checkpoint hashing and metric export; perf_counter,3.10.21,2.4.1+cu121,0.19.1+cu121,12.1,NVIDIA GeForce RTX 4090 D,research-lab/experiments/registered-workflow/extensions/jiim_2026_major_revision/runs/jiim_ext_mura_split_07_seed_62_resnet50_A,True,True
jiim_ext_mura_split_07_seed_42_densenet121_A,extension,mura,densenet121,A,shared,13,6,60,32,4,AdamW,0.0001,0.0001,710.3933846876025,after model/data-loader initialization through checkpoint hashing and metric export; perf_counter,3.10.21,2.4.1+cu121,0.19.1+cu121,12.1,NVIDIA GeForce RTX 4090 D,research-lab/experiments/registered-workflow/extensions/jiim_2026_major_revision/runs/jiim_ext_mura_split_07_seed_42_densenet121_A,True,True
jiim_ext_mura_split_07_seed_52_densenet121_A,extension,mura,densenet121,A,shared,12,5,60,32,4,AdamW,0.0001,0.0001,679.7417978569865,after model/data-loader initialization through checkpoint hashing and metric export; perf_counter,3.10.21,2.4.1+cu121,0.19.1+cu121,12.1,NVIDIA GeForce RTX 4090 D,research-lab/experiments/registered-workflow/extensions/jiim_2026_major_revision/runs/jiim_ext_mura_split_07_seed_52_densenet121_A,True,True
jiim_ext_mura_split_07_seed_62_densenet121_A,extension,mura,densenet121,A,shared,14,7,60,32,4,AdamW,0.0001,0.0001,794.9648288935423,after model/data-loader initialization through checkpoint hashing and metric export; perf_counter,3.10.21,2.4.1+cu121,0.19.1+cu121,12.1,NVIDIA GeForce RTX 4090 D,research-lab/experiments/registered-workflow/extensions/jiim_2026_major_revision/runs/jiim_ext_mura_split_07_seed_62_densenet121_A,True,True
jiim_ext_mura_split_07_seed_42_efficientnet_b0_A,extension,mura,efficientnet_b0,A,shared,43,36,60,32,4,AdamW,0.0001,0.0001,2302.5333875901997,after model/data-loader initialization through checkpoint hashing and metric export; perf_counter,3.10.21,2.4.1+cu121,0.19.1+cu121,12.1,NVIDIA GeForce RTX 4090 D,research-lab/experiments/registered-workflow/extensions/jiim_2026_major_revision/runs/jiim_ext_mura_split_07_seed_42_efficientnet_b0_A,True,True
jiim_ext_mura_split_07_seed_52_efficientnet_b0_A,extension,mura,efficientnet_b0,A,shared,23,16,60,32,4,AdamW,0.0001,0.0001,1197.617085363716,after model/data-loader initialization through checkpoint hashing and metric export; perf_counter,3.10.21,2.4.1+cu121,0.19.1+cu121,12.1,NVIDIA GeForce RTX 4090 D,research-lab/experiments/registered-workflow/extensions/jiim_2026_major_revision/runs/jiim_ext_mura_split_07_seed_52_efficientnet_b0_A,True,True
jiim_ext_mura_split_07_seed_62_efficientnet_b0_A,extension,mura,efficientnet_b0,A,shared,27,20,60,32,4,AdamW,0.0001,0.0001,1429.881508640945,after model/data-loader initialization through checkpoint hashing and metric export; perf_counter,3.10.21,2.4.1+cu121,0.19.1+cu121,12.1,NVIDIA GeForce RTX 4090 D,research-lab/experiments/registered-workflow/extensions/jiim_2026_major_revision/runs/jiim_ext_mura_split_07_seed_62_efficientnet_b0_A,True,True
jiim_ext_mura_split_08_seed_42_resnet18_A,extension,mura,resnet18,A,shared,10,3,60,32,4,AdamW,0.0001,0.0001,556.4784197621047,after model/data-loader initialization through checkpoint hashing and metric export; perf_counter,3.10.21,2.4.1+cu121,0.19.1+cu121,12.1,NVIDIA GeForce RTX 4090 D,research-lab/experiments/registered-workflow/extensions/jiim_2026_major_revision/runs/jiim_ext_mura_split_08_seed_42_resnet18_A,True,True
jiim_ext_mura_split_08_seed_52_resnet18_A,extension,mura,resnet18,A,shared,12,5,60,32,4,AdamW,0.0001,0.0001,597.1352442093194,after model/data-loader initialization through checkpoint hashing and metric export; perf_counter,3.10.21,2.4.1+cu121,0.19.1+cu121,12.1,NVIDIA GeForce RTX 4090 D,research-lab/experiments/registered-workflow/extensions/jiim_2026_major_revision/runs/jiim_ext_mura_split_08_seed_52_resnet18_A,True,True
jiim_ext_mura_split_08_seed_62_resnet18_A,extension,mura,resnet18,A,shared,11,4,60,32,4,AdamW,0.0001,0.0001,614.2144148536026,after model/data-loader initialization through checkpoint hashing and metric export; perf_counter,3.10.21,2.4.1+cu121,0.19.1+cu121,12.1,NVIDIA GeForce RTX 4090 D,research-lab/experiments/registered-workflow/extensions/jiim_2026_major_revision/runs/jiim_ext_mura_split_08_seed_62_resnet18_A,True,True
jiim_ext_mura_split_08_seed_42_resnet50_A,extension,mura,resnet50,A,shared,11,4,60,32,4,AdamW,0.0001,0.0001,559.4440330825746,after model/data-loader initialization through checkpoint hashing and metric export; perf_counter,3.10.21,2.4.1+cu121,0.19.1+cu121,12.1,NVIDIA GeForce RTX 4090 D,research-lab/experiments/registered-workflow/extensions/jiim_2026_major_revision/runs/jiim_ext_mura_split_08_seed_42_resnet50_A,True,True
jiim_ext_mura_split_08_seed_52_resnet50_A,extension,mura,resnet50,A,shared,11,4,60,32,4,AdamW,0.0001,0.0001,617.844251871109,after model/data-loader initialization through checkpoint hashing and metric export; perf_counter,3.10.21,2.4.1+cu121,0.19.1+cu121,12.1,NVIDIA GeForce RTX 4090 D,research-lab/experiments/registered-workflow/extensions/jiim_2026_major_revision/runs/jiim_ext_mura_split_08_seed_52_resnet50_A,True,True
jiim_ext_mura_split_08_seed_62_resnet50_A,extension,mura,resnet50,A,shared,12,5,60,32,4,AdamW,0.0001,0.0001,646.595542088151,after model/data-loader initialization through checkpoint hashing and metric export; perf_counter,3.10.21,2.4.1+cu121,0.19.1+cu121,12.1,NVIDIA GeForce RTX 4090 D,research-lab/experiments/registered-workflow/extensions/jiim_2026_major_revision/runs/jiim_ext_mura_split_08_seed_62_resnet50_A,True,True
jiim_ext_mura_split_08_seed_42_densenet121_A,extension,mura,densenet121,A,shared,12,5,60,32,4,AdamW,0.0001,0.0001,651.3039501234889,after model/data-loader initialization through checkpoint hashing and metric export; perf_counter,3.10.21,2.4.1+cu121,0.19.1+cu121,12.1,NVIDIA GeForce RTX 4090 D,research-lab/experiments/registered-workflow/extensions/jiim_2026_major_revision/runs/jiim_ext_mura_split_08_seed_42_densenet121_A,True,True
jiim_ext_mura_split_08_seed_52_densenet121_A,extension,mura,densenet121,A,shared,11,4,60,32,4,AdamW,0.0001,0.0001,600.875714931637,after model/data-loader initialization through checkpoint hashing and metric export; perf_counter,3.10.21,2.4.1+cu121,0.19.1+cu121,12.1,NVIDIA GeForce RTX 4090 D,research-lab/experiments/registered-workflow/extensions/jiim_2026_major_revision/runs/jiim_ext_mura_split_08_seed_52_densenet121_A,True,True
jiim_ext_mura_split_08_seed_62_densenet121_A,extension,mura,densenet121,A,shared,11,4,60,32,4,AdamW,0.0001,0.0001,617.2276069149375,after model/data-loader initialization through checkpoint hashing and metric export; perf_counter,3.10.21,2.4.1+cu121,0.19.1+cu121,12.1,NVIDIA GeForce RTX 4090 D,research-lab/experiments/registered-workflow/extensions/jiim_2026_major_revision/runs/jiim_ext_mura_split_08_seed_62_densenet121_A,True,True
jiim_ext_mura_split_08_seed_42_efficientnet_b0_A,extension,mura,efficientnet_b0,A,shared,34,27,60,32,4,AdamW,0.0001,0.0001,1733.2647555358708,after model/data-loader initialization through checkpoint hashing and metric export; perf_counter,3.10.21,2.4.1+cu121,0.19.1+cu121,12.1,NVIDIA GeForce RTX 4090 D,research-lab/experiments/registered-workflow/extensions/jiim_2026_major_revision/runs/jiim_ext_mura_split_08_seed_42_efficientnet_b0_A,True,True
jiim_ext_mura_split_08_seed_52_efficientnet_b0_A,extension,mura,efficientnet_b0,A,shared,26,19,60,32,4,AdamW,0.0001,0.0001,1416.1928737610579,after model/data-loader initialization through checkpoint hashing and metric export; perf_counter,3.10.21,2.4.1+cu121,0.19.1+cu121,12.1,NVIDIA GeForce RTX 4090 D,research-lab/experiments/registered-workflow/extensions/jiim_2026_major_revision/runs/jiim_ext_mura_split_08_seed_52_efficientnet_b0_A,True,True
jiim_ext_mura_split_08_seed_62_efficientnet_b0_A,extension,mura,efficientnet_b0,A,shared,38,31,60,32,4,AdamW,0.0001,0.0001,1904.2571708224714,after model/data-loader initialization through checkpoint hashing and metric export; perf_counter,3.10.21,2.4.1+cu121,0.19.1+cu121,12.1,NVIDIA GeForce RTX 4090 D,research-lab/experiments/registered-workflow/extensions/jiim_2026_major_revision/runs/jiim_ext_mura_split_08_seed_62_efficientnet_b0_A,True,True
jiim_ext_mura_split_09_seed_42_resnet18_A,extension,mura,resnet18,A,shared,11,4,60,32,4,AdamW,0.0001,0.0001,617.9241121187806,after model/data-loader initialization through checkpoint hashing and metric export; perf_counter,3.10.21,2.4.1+cu121,0.19.1+cu121,12.1,NVIDIA GeForce RTX 4090 D,research-lab/experiments/registered-workflow/extensions/jiim_2026_major_revision/runs/jiim_ext_mura_split_09_seed_42_resnet18_A,True,True
jiim_ext_mura_split_09_seed_52_resnet18_A,extension,mura,resnet18,A,shared,9,2,60,32,4,AdamW,0.0001,0.0001,475.96806735545397,after model/data-loader initialization through checkpoint hashing and metric export; perf_counter,3.10.21,2.4.1+cu121,0.19.1+cu121,12.1,NVIDIA GeForce RTX 4090 D,research-lab/experiments/registered-workflow/extensions/jiim_2026_major_revision/runs/jiim_ext_mura_split_09_seed_52_resnet18_A,True,True
jiim_ext_mura_split_09_seed_62_resnet18_A,extension,mura,resnet18,A,shared,12,5,60,32,4,AdamW,0.0001,0.0001,666.1246443763375,after model/data-loader initialization through checkpoint hashing and metric export; perf_counter,3.10.21,2.4.1+cu121,0.19.1+cu121,12.1,NVIDIA GeForce RTX 4090 D,research-lab/experiments/registered-workflow/extensions/jiim_2026_major_revision/runs/jiim_ext_mura_split_09_seed_62_resnet18_A,True,True
jiim_ext_mura_split_09_seed_42_resnet50_A,extension,mura,resnet50,A,shared,11,4,60,32,4,AdamW,0.0001,0.0001,569.163477703929,after model/data-loader initialization through checkpoint hashing and metric export; perf_counter,3.10.21,2.4.1+cu121,0.19.1+cu121,12.1,NVIDIA GeForce RTX 4090 D,research-lab/experiments/registered-workflow/extensions/jiim_2026_major_revision/runs/jiim_ext_mura_split_09_seed_42_resnet50_A,True,True
jiim_ext_mura_split_09_seed_52_resnet50_A,extension,mura,resnet50,A,shared,11,4,60,32,4,AdamW,0.0001,0.0001,594.5720506981015,after model/data-loader initialization through checkpoint hashing and metric export; perf_counter,3.10.21,2.4.1+cu121,0.19.1+cu121,12.1,NVIDIA GeForce RTX 4090 D,research-lab/experiments/registered-workflow/extensions/jiim_2026_major_revision/runs/jiim_ext_mura_split_09_seed_52_resnet50_A,True,True
jiim_ext_mura_split_09_seed_62_resnet50_A,extension,mura,resnet50,A,shared,10,3,60,32,4,AdamW,0.0001,0.0001,533.0551042594016,after model/data-loader initialization through checkpoint hashing and metric export; perf_counter,3.10.21,2.4.1+cu121,0.19.1+cu121,12.1,NVIDIA GeForce RTX 4090 D,research-lab/experiments/registered-workflow/extensions/jiim_2026_major_revision/runs/jiim_ext_mura_split_09_seed_62_resnet50_A,True,True
jiim_ext_mura_split_09_seed_42_densenet121_A,extension,mura,densenet121,A,shared,14,7,60,32,4,AdamW,0.0001,0.0001,786.6760505251586,after model/data-loader initialization through checkpoint hashing and metric export; perf_counter,3.10.21,2.4.1+cu121,0.19.1+cu121,12.1,NVIDIA GeForce RTX 4090 D,research-lab/experiments/registered-workflow/extensions/jiim_2026_major_revision/runs/jiim_ext_mura_split_09_seed_42_densenet121_A,True,True
jiim_ext_mura_split_09_seed_52_densenet121_A,extension,mura,densenet121,A,shared,11,4,60,32,4,AdamW,0.0001,0.0001,584.8888492770493,after model/data-loader initialization through checkpoint hashing and metric export; perf_counter,3.10.21,2.4.1+cu121,0.19.1+cu121,12.1,NVIDIA GeForce RTX 4090 D,research-lab/experiments/registered-workflow/extensions/jiim_2026_major_revision/runs/jiim_ext_mura_split_09_seed_52_densenet121_A,True,True
jiim_ext_mura_split_09_seed_62_densenet121_A,extension,mura,densenet121,A,shared,12,5,60,32,4,AdamW,0.0001,0.0001,671.0091043151915,after model/data-loader initialization through checkpoint hashing and metric export; perf_counter,3.10.21,2.4.1+cu121,0.19.1+cu121,12.1,NVIDIA GeForce RTX 4090 D,research-lab/experiments/registered-workflow/extensions/jiim_2026_major_revision/runs/jiim_ext_mura_split_09_seed_62_densenet121_A,True,True
jiim_ext_mura_split_09_seed_42_efficientnet_b0_A,extension,mura,efficientnet_b0,A,shared,34,27,60,32,4,AdamW,0.0001,0.0001,1684.6439555324614,after model/data-loader initialization through checkpoint hashing and metric export; perf_counter,3.10.21,2.4.1+cu121,0.19.1+cu121,12.1,NVIDIA GeForce RTX 4090 D,research-lab/experiments/registered-workflow/extensions/jiim_2026_major_revision/runs/jiim_ext_mura_split_09_seed_42_efficientnet_b0_A,True,True
jiim_ext_mura_split_09_seed_52_efficientnet_b0_A,extension,mura,efficientnet_b0,A,shared,24,17,60,32,4,AdamW,0.0001,0.0001,1323.6369612701237,after model/data-loader initialization through checkpoint hashing and metric export; perf_counter,3.10.21,2.4.1+cu121,0.19.1+cu121,12.1,NVIDIA GeForce RTX 4090 D,research-lab/experiments/registered-workflow/extensions/jiim_2026_major_revision/runs/jiim_ext_mura_split_09_seed_52_efficientnet_b0_A,True,True
jiim_ext_mura_split_09_seed_62_efficientnet_b0_A,extension,mura,efficientnet_b0,A,shared,31,24,60,32,4,AdamW,0.0001,0.0001,1615.9541058763862,after model/data-loader initialization through checkpoint hashing and metric export; perf_counter,3.10.21,2.4.1+cu121,0.19.1+cu121,12.1,NVIDIA GeForce RTX 4090 D,research-lab/experiments/registered-workflow/extensions/jiim_2026_major_revision/runs/jiim_ext_mura_split_09_seed_62_efficientnet_b0_A,True,True
jiim_ext_mura_split_10_seed_42_resnet18_A,extension,mura,resnet18,A,shared,9,2,60,32,4,AdamW,0.0001,0.0001,489.10610230639577,after model/data-loader initialization through checkpoint hashing and metric export; perf_counter,3.10.21,2.4.1+cu121,0.19.1+cu121,12.1,NVIDIA GeForce RTX 4090 D,research-lab/experiments/registered-workflow/extensions/jiim_2026_major_revision/runs/jiim_ext_mura_split_10_seed_42_resnet18_A,True,True
jiim_ext_mura_split_10_seed_52_resnet18_A,extension,mura,resnet18,A,shared,10,3,60,32,4,AdamW,0.0001,0.0001,541.6739065796137,after model/data-loader initialization through checkpoint hashing and metric export; perf_counter,3.10.21,2.4.1+cu121,0.19.1+cu121,12.1,NVIDIA GeForce RTX 4090 D,research-lab/experiments/registered-workflow/extensions/jiim_2026_major_revision/runs/jiim_ext_mura_split_10_seed_52_resnet18_A,True,True
jiim_ext_mura_split_10_seed_62_resnet18_A,extension,mura,resnet18,A,shared,11,4,60,32,4,AdamW,0.0001,0.0001,577.1595094501972,after model/data-loader initialization through checkpoint hashing and metric export; perf_counter,3.10.21,2.4.1+cu121,0.19.1+cu121,12.1,NVIDIA GeForce RTX 4090 D,research-lab/experiments/registered-workflow/extensions/jiim_2026_major_revision/runs/jiim_ext_mura_split_10_seed_62_resnet18_A,True,True
jiim_ext_mura_split_10_seed_42_resnet50_A,extension,mura,resnet50,A,shared,13,6,60,32,4,AdamW,0.0001,0.0001,746.9258043915033,after model/data-loader initialization through checkpoint hashing and metric export; perf_counter,3.10.21,2.4.1+cu121,0.19.1+cu121,12.1,NVIDIA GeForce RTX 4090 D,research-lab/experiments/registered-workflow/extensions/jiim_2026_major_revision/runs/jiim_ext_mura_split_10_seed_42_resnet50_A,True,True
jiim_ext_mura_split_10_seed_52_resnet50_A,extension,mura,resnet50,A,shared,12,5,60,32,4,AdamW,0.0001,0.0001,643.9959609359503,after model/data-loader initialization through checkpoint hashing and metric export; perf_counter,3.10.21,2.4.1+cu121,0.19.1+cu121,12.1,NVIDIA GeForce RTX 4090 D,research-lab/experiments/registered-workflow/extensions/jiim_2026_major_revision/runs/jiim_ext_mura_split_10_seed_52_resnet50_A,True,True
jiim_ext_mura_split_10_seed_62_resnet50_A,extension,mura,resnet50,A,shared,11,4,60,32,4,AdamW,0.0001,0.0001,601.7460490725935,after model/data-loader initialization through checkpoint hashing and metric export; perf_counter,3.10.21,2.4.1+cu121,0.19.1+cu121,12.1,NVIDIA GeForce RTX 4090 D,research-lab/experiments/registered-workflow/extensions/jiim_2026_major_revision/runs/jiim_ext_mura_split_10_seed_62_resnet50_A,True,True
jiim_ext_mura_split_10_seed_42_densenet121_A,extension,mura,densenet121,A,shared,14,7,60,32,4,AdamW,0.0001,0.0001,790.4899465031922,after model/data-loader initialization through checkpoint hashing and metric export; perf_counter,3.10.21,2.4.1+cu121,0.19.1+cu121,12.1,NVIDIA GeForce RTX 4090 D,research-lab/experiments/registered-workflow/extensions/jiim_2026_major_revision/runs/jiim_ext_mura_split_10_seed_42_densenet121_A,True,True
jiim_ext_mura_split_10_seed_52_densenet121_A,extension,mura,densenet121,A,shared,11,4,60,32,4,AdamW,0.0001,0.0001,637.4146733433008,after model/data-loader initialization through checkpoint hashing and metric export; perf_counter,3.10.21,2.4.1+cu121,0.19.1+cu121,12.1,NVIDIA GeForce RTX 4090 D,research-lab/experiments/registered-workflow/extensions/jiim_2026_major_revision/runs/jiim_ext_mura_split_10_seed_52_densenet121_A,True,True
jiim_ext_mura_split_10_seed_62_densenet121_A,extension,mura,densenet121,A,shared,14,7,60,32,4,AdamW,0.0001,0.0001,776.2430452182889,after model/data-loader initialization through checkpoint hashing and metric export; perf_counter,3.10.21,2.4.1+cu121,0.19.1+cu121,12.1,NVIDIA GeForce RTX 4090 D,research-lab/experiments/registered-workflow/extensions/jiim_2026_major_revision/runs/jiim_ext_mura_split_10_seed_62_densenet121_A,True,True
jiim_ext_mura_split_10_seed_42_efficientnet_b0_A,extension,mura,efficientnet_b0,A,shared,35,28,60,32,4,AdamW,0.0001,0.0001,1872.4775477536023,after model/data-loader initialization through checkpoint hashing and metric export; perf_counter,3.10.21,2.4.1+cu121,0.19.1+cu121,12.1,NVIDIA GeForce RTX 4090 D,research-lab/experiments/registered-workflow/extensions/jiim_2026_major_revision/runs/jiim_ext_mura_split_10_seed_42_efficientnet_b0_A,True,True
jiim_ext_mura_split_10_seed_52_efficientnet_b0_A,extension,mura,efficientnet_b0,A,shared,45,38,60,32,4,AdamW,0.0001,0.0001,2210.5848208777606,after model/data-loader initialization through checkpoint hashing and metric export; perf_counter,3.10.21,2.4.1+cu121,0.19.1+cu121,12.1,NVIDIA GeForce RTX 4090 D,research-lab/experiments/registered-workflow/extensions/jiim_2026_major_revision/runs/jiim_ext_mura_split_10_seed_52_efficientnet_b0_A,True,True
jiim_ext_mura_split_10_seed_62_efficientnet_b0_A,extension,mura,efficientnet_b0,A,shared,34,27,60,32,4,AdamW,0.0001,0.0001,1776.0460291095078,after model/data-loader initialization through checkpoint hashing and metric export; perf_counter,3.10.21,2.4.1+cu121,0.19.1+cu121,12.1,NVIDIA GeForce RTX 4090 D,research-lab/experiments/registered-workflow/extensions/jiim_2026_major_revision/runs/jiim_ext_mura_split_10_seed_62_efficientnet_b0_A,True,True
