run_id,stage,dataset,model,split_id,training_seed,checkpoint_policy,variant,run_state,required_files_present,input_audit,issue_count,prediction_unit,test_units,balanced_accuracy,trained_epochs,selected_epoch,max_epochs,elapsed_seconds,timing_scope,gpu_model,cuda,python,torch,torchvision,numpy,pandas,Pillow,scikit-learn,PyYAML,optimizer,learning_rate,weight_decay,batch_size,num_workers,mixed_precision,source_dir,metrics_sha256,run_config_sha256
run_0001,original,sipakmed,resnet18,split_01,42,A,submitted,completed,True,PASS,0,image,608,0.9738817881928739,19,12,60,231.0,run entry through output export; wall-clock UTC difference,NVIDIA GeForce RTX 3060,12.1,3.10.14,2.4.1+cu121,0.19.1,1.26.4,2.3.3,10.4.0,1.7.2,6.0.2,adamw,0.0001,0.0001,32,0,not recorded in frozen config,research-lab/experiments/registered-workflow/runs/primary/run_0001,3971bb8b6037ed473ba8f7c29c2979cb22007b3de6b8e30bf697b479aa9737eb,508c9722d85358760323865cd96d9f649d3a9e5a9c7745711b226fe7a36fa553
run_0002,original,sipakmed,resnet18,split_01,42,B,submitted,completed,True,PASS,0,image,608,0.9722546419817378,60,60,60,733.0,run entry through output export; wall-clock UTC difference,NVIDIA GeForce RTX 3060,12.1,3.10.14,2.4.1+cu121,0.19.1,1.26.4,2.3.3,10.4.0,1.7.2,6.0.2,adamw,0.0001,0.0001,32,0,not recorded in frozen config,research-lab/experiments/registered-workflow/runs/primary/run_0002,97fc738ae77e38cc940fb8f479c9298f34335c765e65ac28d56cce7cb1308c57,d35dec3685c0597f61f9b44a8e7746b63fd198a8ca3dc0b0fe0b2fdb60e1abfe
run_0003,original,sipakmed,resnet50,split_01,42,A,submitted,completed,True,PASS,0,image,608,0.9655075568037897,16,9,60,265.0,run entry through output export; wall-clock UTC difference,NVIDIA GeForce RTX 3060,12.1,3.10.14,2.4.1+cu121,0.19.1,1.26.4,2.3.3,10.4.0,1.7.2,6.0.2,adamw,0.0001,0.0001,32,0,not recorded in frozen config,research-lab/experiments/registered-workflow/runs/primary/run_0003,37d411f88e157f3a7ca38cd8e9d0da6d401d2a88b4b7b44645354d46e395937e,65deff09cf317373dca432e734035e1e36c7ddfc847dfa80e6898371673de747
run_0004,original,sipakmed,resnet50,split_01,42,B,submitted,completed,True,PASS,0,image,608,0.9624179324231731,60,60,60,973.0,run entry through output export; wall-clock UTC difference,NVIDIA GeForce RTX 3060,12.1,3.10.14,2.4.1+cu121,0.19.1,1.26.4,2.3.3,10.4.0,1.7.2,6.0.2,adamw,0.0001,0.0001,32,0,not recorded in frozen config,research-lab/experiments/registered-workflow/runs/primary/run_0004,8c128ee5cb8d826ab84e152097593e10fba1a9072496e8b085bda2e42db903b5,d680222f471650476ee9b0e6439d47d3178860de46806528305001b3d5b3ad40
run_0005,original,sipakmed,densenet121,split_01,42,A,submitted,completed,True,PASS,0,image,608,0.9624857014662742,27,20,60,436.0,run entry through output export; wall-clock UTC difference,NVIDIA GeForce RTX 3060,12.1,3.10.14,2.4.1+cu121,0.19.1,1.26.4,2.3.3,10.4.0,1.7.2,6.0.2,adamw,0.0001,0.0001,32,0,not recorded in frozen config,research-lab/experiments/registered-workflow/runs/primary/run_0005,058d8d163be3f55c8320b3409d3f463b4bbfc2730b275022aa3fdcadee9fe32f,324074c05bed99ad1bb6ff65c186a8b1925bf81c44b7d89eca34c58a61b37e4c
run_0006,original,sipakmed,densenet121,split_01,42,B,submitted,completed,True,PASS,0,image,608,0.9560192015929246,60,60,60,982.0,run entry through output export; wall-clock UTC difference,NVIDIA GeForce RTX 3060,12.1,3.10.14,2.4.1+cu121,0.19.1,1.26.4,2.3.3,10.4.0,1.7.2,6.0.2,adamw,0.0001,0.0001,32,0,not recorded in frozen config,research-lab/experiments/registered-workflow/runs/primary/run_0006,3245efaa67556e760d046c77dd33cfedc3bffa942ec7895b94dbbadb174fd54a,622bb111334518934545b56c66e80cc236d31384a649917b17af688924ac512a
run_0007,original,sipakmed,efficientnet_b0,split_01,42,A,submitted,completed,True,PASS,0,image,608,0.9442429510441253,60,58,60,766.0,run entry through output export; wall-clock UTC difference,NVIDIA GeForce RTX 3060,12.1,3.10.14,2.4.1+cu121,0.19.1,1.26.4,2.3.3,10.4.0,1.7.2,6.0.2,adamw,0.0001,0.0001,32,0,not recorded in frozen config,research-lab/experiments/registered-workflow/runs/primary/run_0007,b7841573f7c97e0ec6a4266c1e5612457cc0bac6c3214e89dd37bf7c2be855b5,ac3b9b4a3ef7686a8fe9d16f8a432e5279b3f009428fae97aeac6ef8b3512013
run_0008,original,sipakmed,efficientnet_b0,split_01,42,B,submitted,completed,True,PASS,0,image,608,0.9491880688522933,60,60,60,739.0,run entry through output export; wall-clock UTC difference,NVIDIA GeForce RTX 3060,12.1,3.10.14,2.4.1+cu121,0.19.1,1.26.4,2.3.3,10.4.0,1.7.2,6.0.2,adamw,0.0001,0.0001,32,0,not recorded in frozen config,research-lab/experiments/registered-workflow/runs/primary/run_0008,1db526cd4116e7680abea736b3ba265a79f96cd913707cd4b5955be1a7a948d5,1b8bb53438b57401950d18def21c087bab77c1a307a258855abc32099219364c
run_0009,original,sipakmed,resnet18,split_01,52,A,submitted,completed,True,PASS,0,image,608,0.9721198090701831,16,9,60,206.0,run entry through output export; wall-clock UTC difference,NVIDIA GeForce RTX 3060,12.1,3.10.14,2.4.1+cu121,0.19.1,1.26.4,2.3.3,10.4.0,1.7.2,6.0.2,adamw,0.0001,0.0001,32,0,not recorded in frozen config,research-lab/experiments/registered-workflow/runs/primary/run_0009,319c08191ec116d18264c4d7d8016ddcf2b5dc47b16645d1d2314ab99a752809,aa27c1f749b2e439f76b8933ebef9a27d40130592fa3e8692cc8c3f664ee33fa
run_0010,original,sipakmed,resnet18,split_01,52,B,submitted,completed,True,PASS,0,image,608,0.9720377358518988,60,60,60,733.0,run entry through output export; wall-clock UTC difference,NVIDIA GeForce RTX 3060,12.1,3.10.14,2.4.1+cu121,0.19.1,1.26.4,2.3.3,10.4.0,1.7.2,6.0.2,adamw,0.0001,0.0001,32,0,not recorded in frozen config,research-lab/experiments/registered-workflow/runs/primary/run_0010,e845676ba840b1ced8f627d05381399d19be7d6f65824a1be3dd5566824ed0d2,acded7b0ef1b4362e71507db2bc6b9587ec1928ea99791af5cb3c00130da4463
run_0011,original,sipakmed,resnet50,split_01,52,A,submitted,completed,True,PASS,0,image,608,0.96865263919656,18,11,60,296.0,run entry through output export; wall-clock UTC difference,NVIDIA GeForce RTX 3060,12.1,3.10.14,2.4.1+cu121,0.19.1,1.26.4,2.3.3,10.4.0,1.7.2,6.0.2,adamw,0.0001,0.0001,32,0,not recorded in frozen config,research-lab/experiments/registered-workflow/runs/primary/run_0011,2ea85b2095c8b06ce2993d3b81ac1646519ee732be95213425e96afc89b498bd,12a49649c5a39b71e581ba1966d5b792b5155ea24c290ef1ab357adfe266d5b5
run_0012,original,sipakmed,resnet50,split_01,52,B,submitted,completed,True,PASS,0,image,608,0.9674064231721244,60,60,60,975.0,run entry through output export; wall-clock UTC difference,NVIDIA GeForce RTX 3060,12.1,3.10.14,2.4.1+cu121,0.19.1,1.26.4,2.3.3,10.4.0,1.7.2,6.0.2,adamw,0.0001,0.0001,32,0,not recorded in frozen config,research-lab/experiments/registered-workflow/runs/primary/run_0012,c6f53ee1fc46b820ed328596c7a01965eef31b7baedffa017d1db355c78ca841,a3a58a8eab9634bbed92a6c23844449856900052e28309fe69e85f410d3577eb
run_0013,original,sipakmed,densenet121,split_01,52,A,submitted,completed,True,PASS,0,image,608,0.9574979158919705,21,14,60,341.0,run entry through output export; wall-clock UTC difference,NVIDIA GeForce RTX 3060,12.1,3.10.14,2.4.1+cu121,0.19.1,1.26.4,2.3.3,10.4.0,1.7.2,6.0.2,adamw,0.0001,0.0001,32,0,not recorded in frozen config,research-lab/experiments/registered-workflow/runs/primary/run_0013,711c46f64cb8f48540bc77b67d23a8724d29c3edef4a371fd5a7cb327cdc6e63,344bfa9aed6bc0714d25e4337fe809483487d54a0e36eef89eb1685fb20f30f2
run_0014,original,sipakmed,densenet121,split_01,52,B,submitted,completed,True,PASS,0,image,608,0.9573087905581434,60,60,60,1093.0,run entry through output export; wall-clock UTC difference,NVIDIA GeForce RTX 3060,12.1,3.10.14,2.4.1+cu121,0.19.1,1.26.4,2.3.3,10.4.0,1.7.2,6.0.2,adamw,0.0001,0.0001,32,0,not recorded in frozen config,research-lab/experiments/registered-workflow/runs/primary/run_0014,415f9b7f4c79f2b7fc7a3fafeb68af1f14763eb1cd01121db1d7185fb5e14826,63baee73eff7af16e689acab0d13b327ec5dd42f33f0c8ad085ba722d0cb5239
run_0015,original,sipakmed,efficientnet_b0,split_01,52,A,submitted,completed,True,PASS,0,image,608,0.9474951373423733,60,59,60,728.0,run entry through output export; wall-clock UTC difference,NVIDIA GeForce RTX 3060,12.1,3.10.14,2.4.1+cu121,0.19.1,1.26.4,2.3.3,10.4.0,1.7.2,6.0.2,adamw,0.0001,0.0001,32,0,not recorded in frozen config,research-lab/experiments/registered-workflow/runs/primary/run_0015,2f8ce450bcb27c1c2f0a8182b9f0d0bd83b79fafc0163a304222ab8eea08fd1a,67a8b7f8dbcd6ea56f1c67fa39ceb232e8fdeaae2fe2546f2920dfb9d79fc9c8
run_0016,original,sipakmed,efficientnet_b0,split_01,52,B,submitted,completed,True,PASS,0,image,608,0.9457737810516476,60,60,60,743.0,run entry through output export; wall-clock UTC difference,NVIDIA GeForce RTX 3060,12.1,3.10.14,2.4.1+cu121,0.19.1,1.26.4,2.3.3,10.4.0,1.7.2,6.0.2,adamw,0.0001,0.0001,32,0,not recorded in frozen config,research-lab/experiments/registered-workflow/runs/primary/run_0016,8ad87ed3265ea4fb4264da246f356f3f01168da0e56643d02261322e8939a667,88bf195a8b70ea4eb523540c1b5b0bdc1fb67c16d8b0186706e8f7edfe76895a
run_0017,original,sipakmed,resnet18,split_01,62,A,submitted,completed,True,PASS,0,image,608,0.9704526746119578,36,29,60,455.0,run entry through output export; wall-clock UTC difference,NVIDIA GeForce RTX 3060,12.1,3.10.14,2.4.1+cu121,0.19.1,1.26.4,2.3.3,10.4.0,1.7.2,6.0.2,adamw,0.0001,0.0001,32,0,not recorded in frozen config,research-lab/experiments/registered-workflow/runs/primary/run_0017,ab1059c9eb69658682bc326d57c2e96607373647a690f6d05b1e7841a3f173d8,6975bdda8162e1db1d5c358a958681530820d93756042d43f8df83b739d9ca61
run_0018,original,sipakmed,resnet18,split_01,62,B,submitted,completed,True,PASS,0,image,608,0.9754418093457031,60,60,60,767.0,run entry through output export; wall-clock UTC difference,NVIDIA GeForce RTX 3060,12.1,3.10.14,2.4.1+cu121,0.19.1,1.26.4,2.3.3,10.4.0,1.7.2,6.0.2,adamw,0.0001,0.0001,32,0,not recorded in frozen config,research-lab/experiments/registered-workflow/runs/primary/run_0018,8c29df1a93865661818a04c16095997529fa53fb2d0491e822c391e1bc1849f8,95b092d13526168a737a8630a78d694ef1e57218f2b293248c8e916a6c5f8172
run_0019,original,sipakmed,resnet50,split_01,62,A,submitted,completed,True,PASS,0,image,608,0.9721076110190241,22,15,60,413.0,run entry through output export; wall-clock UTC difference,NVIDIA GeForce RTX 3060,12.1,3.10.14,2.4.1+cu121,0.19.1,1.26.4,2.3.3,10.4.0,1.7.2,6.0.2,adamw,0.0001,0.0001,32,0,not recorded in frozen config,research-lab/experiments/registered-workflow/runs/primary/run_0019,e07fd59eaf13d7e2ede86ce2f6f11cba236f9edd25ebc5f450a44f8d28ed46e9,63ebe340670381eeaee9c9b8b38cd041fdb45083f26cf24a01c37801764a3150
run_0020,original,sipakmed,resnet50,split_01,62,B,submitted,completed,True,PASS,0,image,608,0.9654831089115369,60,60,60,1117.0,run entry through output export; wall-clock UTC difference,NVIDIA GeForce RTX 3060,12.1,3.10.14,2.4.1+cu121,0.19.1,1.26.4,2.3.3,10.4.0,1.7.2,6.0.2,adamw,0.0001,0.0001,32,0,not recorded in frozen config,research-lab/experiments/registered-workflow/runs/primary/run_0020,dbc28a346c8cb952ed8140082eaa38569bad63d7af51f8c80c60ab5e75efe5c8,17c9b557f987fb9024caf69daf52f70066e0f759fac098d147a13dfabc63c206
run_0021,original,sipakmed,densenet121,split_01,62,A,submitted,completed,True,PASS,0,image,608,0.9607088353734596,15,8,60,276.0,run entry through output export; wall-clock UTC difference,NVIDIA GeForce RTX 3060,12.1,3.10.14,2.4.1+cu121,0.19.1,1.26.4,2.3.3,10.4.0,1.7.2,6.0.2,adamw,0.0001,0.0001,32,0,not recorded in frozen config,research-lab/experiments/registered-workflow/runs/primary/run_0021,d44d0c636a5a6f50c77ed9c2658aaf70add842db7f144e1ac88e7acdc68237c8,8e029f341dc130e01c6318843a909e72071920ef62871a6d2db80aea9ce0f19a
run_0022,original,sipakmed,densenet121,split_01,62,B,submitted,completed,True,PASS,0,image,608,0.9623914913866847,60,60,60,1106.0,run entry through output export; wall-clock UTC difference,NVIDIA GeForce RTX 3060,12.1,3.10.14,2.4.1+cu121,0.19.1,1.26.4,2.3.3,10.4.0,1.7.2,6.0.2,adamw,0.0001,0.0001,32,0,not recorded in frozen config,research-lab/experiments/registered-workflow/runs/primary/run_0022,c5c7e46c8ff91d0c26f94da721aa0a85dda3c235e58deabcac75a2d9cd5c0ed0,afae9eb3cef2c28b03bcccb4416155556eca5091c1255debab7c4a33badb56db
run_0023,original,sipakmed,efficientnet_b0,split_01,62,A,submitted,completed,True,PASS,0,image,608,0.9361113098567861,60,57,60,800.0,run entry through output export; wall-clock UTC difference,NVIDIA GeForce RTX 3060,12.1,3.10.14,2.4.1+cu121,0.19.1,1.26.4,2.3.3,10.4.0,1.7.2,6.0.2,adamw,0.0001,0.0001,32,0,not recorded in frozen config,research-lab/experiments/registered-workflow/runs/primary/run_0023,4b69573991c63f3d177e824b03473d79cfb117ee1d6ebf440dcda020857da37e,75678374d88adba5885d7ad38370bfce222de2daaed981a378746c19f3d79b3a
run_0024,original,sipakmed,efficientnet_b0,split_01,62,B,submitted,completed,True,PASS,0,image,608,0.9411262416422261,60,60,60,797.0,run entry through output export; wall-clock UTC difference,NVIDIA GeForce RTX 3060,12.1,3.10.14,2.4.1+cu121,0.19.1,1.26.4,2.3.3,10.4.0,1.7.2,6.0.2,adamw,0.0001,0.0001,32,0,not recorded in frozen config,research-lab/experiments/registered-workflow/runs/primary/run_0024,54b9a242f40114d11a6924041299c3f072b23a0003a402bd68b894112e70f428,f7977d25bd370ba5d774c55b5ae47975db067e3fa10b82c4ec3c6e88badbcaed
run_0025,original,sipakmed,resnet18,split_01,72,A,submitted,completed,True,PASS,0,image,608,0.9654384480011654,25,18,60,313.0,run entry through output export; wall-clock UTC difference,NVIDIA GeForce RTX 3060,12.1,3.10.14,2.4.1+cu121,0.19.1,1.26.4,2.3.3,10.4.0,1.7.2,6.0.2,adamw,0.0001,0.0001,32,0,not recorded in frozen config,research-lab/experiments/registered-workflow/runs/primary/run_0025,0d3a990192c9ede06e295a47a304d64f731e3ec285311357cca25c0327227498,b3f39e46296e79515b0855b055ff366b838712f2aa4162b2af4935034e781719
run_0026,original,sipakmed,resnet18,split_01,72,B,submitted,completed,True,PASS,0,image,608,0.9737753800621253,60,60,60,728.0,run entry through output export; wall-clock UTC difference,NVIDIA GeForce RTX 3060,12.1,3.10.14,2.4.1+cu121,0.19.1,1.26.4,2.3.3,10.4.0,1.7.2,6.0.2,adamw,0.0001,0.0001,32,0,not recorded in frozen config,research-lab/experiments/registered-workflow/runs/primary/run_0026,240c7714362b07a1d5654257c4ff8021228c61b42262a7125d1976ea58b389b0,d5704ac32bfdba58cc32b03f173d02c7ff8ebdc4cdc2aa557fc85041630ed7af
run_0027,original,sipakmed,resnet50,split_01,72,A,submitted,completed,True,PASS,0,image,608,0.9671631371956504,25,18,60,438.0,run entry through output export; wall-clock UTC difference,NVIDIA GeForce RTX 3060,12.1,3.10.14,2.4.1+cu121,0.19.1,1.26.4,2.3.3,10.4.0,1.7.2,6.0.2,adamw,0.0001,0.0001,32,0,not recorded in frozen config,research-lab/experiments/registered-workflow/runs/primary/run_0027,a99b379be197d00548fba1fa04996a3f52a9531b0dec83112f36fa77acc714f9,a615e3318050375ecdaa5ab7339b9e71709edad2228717d1903fe1913bd7140d
run_0028,original,sipakmed,resnet50,split_01,72,B,submitted,completed,True,PASS,0,image,608,0.9705909016171249,60,60,60,1042.0,run entry through output export; wall-clock UTC difference,NVIDIA GeForce RTX 3060,12.1,3.10.14,2.4.1+cu121,0.19.1,1.26.4,2.3.3,10.4.0,1.7.2,6.0.2,adamw,0.0001,0.0001,32,0,not recorded in frozen config,research-lab/experiments/registered-workflow/runs/primary/run_0028,9e0416987d11dbb5b4a1f89edf8128a465521b2ba01d58468996170fb5b3581e,8344926a902ebcc19f268830317d7fbef61a61cd7a1efa3b7ddb5bef8391c76f
run_0029,original,sipakmed,densenet121,split_01,72,A,submitted,completed,True,PASS,0,image,608,0.9527683032642648,18,11,60,301.0,run entry through output export; wall-clock UTC difference,NVIDIA GeForce RTX 3060,12.1,3.10.14,2.4.1+cu121,0.19.1,1.26.4,2.3.3,10.4.0,1.7.2,6.0.2,adamw,0.0001,0.0001,32,0,not recorded in frozen config,research-lab/experiments/registered-workflow/runs/primary/run_0029,9d494337fa63f84fa1935f24efd783f750b498b8bf30eea68cf5e035ca6a7fb9,957b3c550a5a221fd9fa5f651307a11370b4d7692988ffcb2edd9e32abcd28d8
run_0030,original,sipakmed,densenet121,split_01,72,B,submitted,completed,True,PASS,0,image,608,0.9526456590039507,60,60,60,1009.0,run entry through output export; wall-clock UTC difference,NVIDIA GeForce RTX 3060,12.1,3.10.14,2.4.1+cu121,0.19.1,1.26.4,2.3.3,10.4.0,1.7.2,6.0.2,adamw,0.0001,0.0001,32,0,not recorded in frozen config,research-lab/experiments/registered-workflow/runs/primary/run_0030,6ba49820dde12aadf6603cb3c0c26d36d0203ca6ff7dbbd2c83ac7174c593e4c,dad40e46c55a072b711d88cff3f46b076cd4f5507d2b318819d95251be7900c1
run_0031,original,sipakmed,efficientnet_b0,split_01,72,A,submitted,completed,True,PASS,0,image,608,0.9524403163403949,60,57,60,757.0,run entry through output export; wall-clock UTC difference,NVIDIA GeForce RTX 3060,12.1,3.10.14,2.4.1+cu121,0.19.1,1.26.4,2.3.3,10.4.0,1.7.2,6.0.2,adamw,0.0001,0.0001,32,0,not recorded in frozen config,research-lab/experiments/registered-workflow/runs/primary/run_0031,57f63e12e33c3db1cdd1b0eb339b5b60cdf93f73cb1d0ed5cf9e68c66c3da1ba,6ad020b4f44bbbdc29a9153ceda82bbaf198902b2c29fce44b680616ccdceac3
run_0032,original,sipakmed,efficientnet_b0,split_01,72,B,submitted,completed,True,PASS,0,image,608,0.9540389765808716,60,60,60,741.0,run entry through output export; wall-clock UTC difference,NVIDIA GeForce RTX 3060,12.1,3.10.14,2.4.1+cu121,0.19.1,1.26.4,2.3.3,10.4.0,1.7.2,6.0.2,adamw,0.0001,0.0001,32,0,not recorded in frozen config,research-lab/experiments/registered-workflow/runs/primary/run_0032,b1adafdd24529667b6dadc12c6e0aff30e16431338b332579677a84a4dc77b0c,4d77832c3ce4b392ce68ad9a02b7e7fae7df7aabac64f665da31f8a2677b9013
run_0033,original,sipakmed,resnet18,split_01,82,A,submitted,completed,True,PASS,0,image,608,0.9721746748874779,14,7,60,173.0,run entry through output export; wall-clock UTC difference,NVIDIA GeForce RTX 3060,12.1,3.10.14,2.4.1+cu121,0.19.1,1.26.4,2.3.3,10.4.0,1.7.2,6.0.2,adamw,0.0001,0.0001,32,0,not recorded in frozen config,research-lab/experiments/registered-workflow/runs/primary/run_0033,9e7cac56b4f5739b3bdc302160c153a0c24e9870215ff13f1dfb025433a415a5,457f7445466750634096862c71b54cd5b372aae5ebe3931472ed0dfdc05b9c58
run_0034,original,sipakmed,resnet18,split_01,82,B,submitted,completed,True,PASS,0,image,608,0.9588559696750197,60,60,60,770.0,run entry through output export; wall-clock UTC difference,NVIDIA GeForce RTX 3060,12.1,3.10.14,2.4.1+cu121,0.19.1,1.26.4,2.3.3,10.4.0,1.7.2,6.0.2,adamw,0.0001,0.0001,32,0,not recorded in frozen config,research-lab/experiments/registered-workflow/runs/primary/run_0034,343d276ac2a9c7fadfcc8a699e3395d160535c636edfec13c958837dcbd8d73d,3ebf6b25ad09a8e3f4682d4455defa36bad2c6311f35a7f067d784efb4096aa2
run_0035,original,sipakmed,resnet50,split_01,82,A,submitted,completed,True,PASS,0,image,608,0.9653042590744049,17,10,60,322.0,run entry through output export; wall-clock UTC difference,NVIDIA GeForce RTX 3060,12.1,3.10.14,2.4.1+cu121,0.19.1,1.26.4,2.3.3,10.4.0,1.7.2,6.0.2,adamw,0.0001,0.0001,32,0,not recorded in frozen config,research-lab/experiments/registered-workflow/runs/primary/run_0035,ceaaf1631f924cdd12ccb816bcc950d5ee9815a165472630c3c7b11de3d1f17c,58cae19ad777d3056f9a6c91c2a40316ebe5f437500c28dbd7ea160ace5757aa
run_0036,original,sipakmed,resnet50,split_01,82,B,submitted,completed,True,PASS,0,image,608,0.9653753516213467,60,60,60,1124.0,run entry through output export; wall-clock UTC difference,NVIDIA GeForce RTX 3060,12.1,3.10.14,2.4.1+cu121,0.19.1,1.26.4,2.3.3,10.4.0,1.7.2,6.0.2,adamw,0.0001,0.0001,32,0,not recorded in frozen config,research-lab/experiments/registered-workflow/runs/primary/run_0036,1a47245107020b296a5696654019fe80dd8291b678e9b14d49387bb47ebced72,24665c41ab92e18d9a1adb42a63900775e53c38890acc46bfc0506743762eb57
run_0037,original,sipakmed,densenet121,split_01,82,A,submitted,completed,True,PASS,0,image,608,0.9527147772064934,21,14,60,394.0,run entry through output export; wall-clock UTC difference,NVIDIA GeForce RTX 3060,12.1,3.10.14,2.4.1+cu121,0.19.1,1.26.4,2.3.3,10.4.0,1.7.2,6.0.2,adamw,0.0001,0.0001,32,0,not recorded in frozen config,research-lab/experiments/registered-workflow/runs/primary/run_0037,08d8ec3171e47d393a360a6cbc4a17bf07fcf38f84520ef96d984b9ca46cd952,e7dd676a88aae495f24d527266078a17e669e92596f21788999112c7ff993c94
run_0038,original,sipakmed,densenet121,split_01,82,B,submitted,completed,True,PASS,0,image,608,0.9620228722309314,60,60,60,1085.0,run entry through output export; wall-clock UTC difference,NVIDIA GeForce RTX 3060,12.1,3.10.14,2.4.1+cu121,0.19.1,1.26.4,2.3.3,10.4.0,1.7.2,6.0.2,adamw,0.0001,0.0001,32,0,not recorded in frozen config,research-lab/experiments/registered-workflow/runs/primary/run_0038,f806f4fbcd3659f5e97542a6caa80920f996eaf157f52a98d3e69a6895fcb5fa,8b352010ca499810f88e5c6c746e43bfea22509382bb8db74117f388852a2fd2
run_0039,original,sipakmed,efficientnet_b0,split_01,82,A,submitted,completed,True,PASS,0,image,608,0.9494205059370502,60,59,60,815.0,run entry through output export; wall-clock UTC difference,NVIDIA GeForce RTX 3060,12.1,3.10.14,2.4.1+cu121,0.19.1,1.26.4,2.3.3,10.4.0,1.7.2,6.0.2,adamw,0.0001,0.0001,32,0,not recorded in frozen config,research-lab/experiments/registered-workflow/runs/primary/run_0039,f59d710bab169ed164c21bda68f7a588793d3a0bfe07486b5d44e25ad7e55ed1,3df86481deb8388c99a4982b094ebc9b0bb8dc1948bcd44e276de1261353faac
run_0040,original,sipakmed,efficientnet_b0,split_01,82,B,submitted,completed,True,PASS,0,image,608,0.9524423000847122,60,60,60,1026.0,run entry through output export; wall-clock UTC difference,NVIDIA GeForce RTX 3060,12.1,3.10.14,2.4.1+cu121,0.19.1,1.26.4,2.3.3,10.4.0,1.7.2,6.0.2,adamw,0.0001,0.0001,32,0,not recorded in frozen config,research-lab/experiments/registered-workflow/runs/primary/run_0040,9f276f2508c5fbdf8c26e8b45e7832d5528d2339b8d15b75f85c3010ce92eda7,d7738068c7c0b0b0ffbe55fab0b0c1da46ebf8fe55d5d003952227d32c5c6a4b
run_0041,original,sipakmed,resnet18,split_02,42,A,submitted,completed,True,PASS,0,image,608,0.9688133303496628,22,15,60,306.0,run entry through output export; wall-clock UTC difference,NVIDIA GeForce RTX 3060,12.1,3.10.14,2.4.1+cu121,0.19.1,1.26.4,2.3.3,10.4.0,1.7.2,6.0.2,adamw,0.0001,0.0001,32,0,not recorded in frozen config,research-lab/experiments/registered-workflow/runs/primary/run_0041,885c755e2ada6c139d65cd31e8671c1379a3cd3c384b91ce8527ffa0b87b0cfb,cef23f9aeb7c4dd1161f83449df015808de657bb83bc86798e9b800f833119ab
run_0042,original,sipakmed,resnet18,split_02,42,B,submitted,completed,True,PASS,0,image,608,0.9705353306251826,60,60,60,765.0,run entry through output export; wall-clock UTC difference,NVIDIA GeForce RTX 3060,12.1,3.10.14,2.4.1+cu121,0.19.1,1.26.4,2.3.3,10.4.0,1.7.2,6.0.2,adamw,0.0001,0.0001,32,0,not recorded in frozen config,research-lab/experiments/registered-workflow/runs/primary/run_0042,58156947437312349f16f515d9302107062bdb4193dedfe719191a8109788b76,92d295892e1a8d3e571b0c6c4273310047af69d0d7a173e571a17c7b9eb73505
run_0043,original,sipakmed,resnet50,split_02,42,A,submitted,completed,True,PASS,0,image,608,0.9603035608743762,15,8,60,286.0,run entry through output export; wall-clock UTC difference,NVIDIA GeForce RTX 3060,12.1,3.10.14,2.4.1+cu121,0.19.1,1.26.4,2.3.3,10.4.0,1.7.2,6.0.2,adamw,0.0001,0.0001,32,0,not recorded in frozen config,research-lab/experiments/registered-workflow/runs/primary/run_0043,f4419df396622e2037c6c9a4c4e9d32a7b7b6a25183be0098ac6702a1a4af518,7d3ad04558c33a9a3e4be02fe4e6f25d8caa49a86ce454604f709252ca3dc169
run_0044,original,sipakmed,resnet50,split_02,42,B,submitted,completed,True,PASS,0,image,608,0.9802005519288624,60,60,60,1135.0,run entry through output export; wall-clock UTC difference,NVIDIA GeForce RTX 3060,12.1,3.10.14,2.4.1+cu121,0.19.1,1.26.4,2.3.3,10.4.0,1.7.2,6.0.2,adamw,0.0001,0.0001,32,0,not recorded in frozen config,research-lab/experiments/registered-workflow/runs/primary/run_0044,c763c52fe4537e26e438f81b4e2b8bd66a9adc5f5a5a46e7ba86e6ea4b0eadbf,5656efce04a1fa4b110bbdcfb109f0e5908da1729fc47d414cdf115028373f6f
run_0045,original,sipakmed,densenet121,split_02,42,A,submitted,completed,True,PASS,0,image,608,0.9623379653289131,16,9,60,304.0,run entry through output export; wall-clock UTC difference,NVIDIA GeForce RTX 3060,12.1,3.10.14,2.4.1+cu121,0.19.1,1.26.4,2.3.3,10.4.0,1.7.2,6.0.2,adamw,0.0001,0.0001,32,0,not recorded in frozen config,research-lab/experiments/registered-workflow/runs/primary/run_0045,65da4ba98d5172baf95b34887a195e8cc04e439e824b9519e8a8ebc6a976c404,702065f58da3c3e7b120d124c1850586894893610e73412b1183e949df915279
run_0046,original,sipakmed,densenet121,split_02,42,B,submitted,completed,True,PASS,0,image,608,0.9593832350497047,60,60,60,1122.0,run entry through output export; wall-clock UTC difference,NVIDIA GeForce RTX 3060,12.1,3.10.14,2.4.1+cu121,0.19.1,1.26.4,2.3.3,10.4.0,1.7.2,6.0.2,adamw,0.0001,0.0001,32,0,not recorded in frozen config,research-lab/experiments/registered-workflow/runs/primary/run_0046,eee1194bbabfcbb7eb8f88958e8a4fbd0b1e33a410a92505b36fee7d0e97806c,06f8c4ad4cda04de0e4416e12c0199af6853c22f21c1f1a59e1aaea142bbbc81
run_0047,original,sipakmed,efficientnet_b0,split_02,42,A,submitted,completed,True,PASS,0,image,608,0.9362814489522291,45,38,60,574.0,run entry through output export; wall-clock UTC difference,NVIDIA GeForce RTX 3060,12.1,3.10.14,2.4.1+cu121,0.19.1,1.26.4,2.3.3,10.4.0,1.7.2,6.0.2,adamw,0.0001,0.0001,32,0,not recorded in frozen config,research-lab/experiments/registered-workflow/runs/primary/run_0047,dbc02d47957eacda2a03c390dd3e5f6458a451598894df144124e89f3ea78b87,4285cb790889cca41f12a2e810449619fe221d2992ddfcb9c4bf4a695101691b
run_0048,original,sipakmed,efficientnet_b0,split_02,42,B,submitted,completed,True,PASS,0,image,608,0.946164220370542,60,60,60,746.0,run entry through output export; wall-clock UTC difference,NVIDIA GeForce RTX 3060,12.1,3.10.14,2.4.1+cu121,0.19.1,1.26.4,2.3.3,10.4.0,1.7.2,6.0.2,adamw,0.0001,0.0001,32,0,not recorded in frozen config,research-lab/experiments/registered-workflow/runs/primary/run_0048,1533cc9e299dbe03fa3e51988fb1d4bf97c292454f734b7bcaf0979396c3eaa3,9dd6b24f9a845d1c5d3a3722ba7e2321b8071cbfb5490b844ba39479afee0dc6
run_0049,original,sipakmed,resnet18,split_02,52,A,submitted,completed,True,PASS,0,image,608,0.9720655778377643,21,14,60,275.0,run entry through output export; wall-clock UTC difference,NVIDIA GeForce RTX 3060,12.1,3.10.14,2.4.1+cu121,0.19.1,1.26.4,2.3.3,10.4.0,1.7.2,6.0.2,adamw,0.0001,0.0001,32,0,not recorded in frozen config,research-lab/experiments/registered-workflow/runs/primary/run_0049,88df1e086048a769ae6be953dd16dd3160b9aee9aeaa2b659b12b89f8ada255b,3e9864ffb34da0d853ecb21aca25bd5a9ed247c439a6f4a6ff6e45238c429abe
run_0050,original,sipakmed,resnet18,split_02,52,B,submitted,completed,True,PASS,0,image,608,0.9719862547282982,60,60,60,790.0,run entry through output export; wall-clock UTC difference,NVIDIA GeForce RTX 3060,12.1,3.10.14,2.4.1+cu121,0.19.1,1.26.4,2.3.3,10.4.0,1.7.2,6.0.2,adamw,0.0001,0.0001,32,0,not recorded in frozen config,research-lab/experiments/registered-workflow/runs/primary/run_0050,63f20a74d3ae76f96e8256be0b77229f1ba3ea251db9b05a18b12c9faa4e8c46,fb7cd2420c2753d02c36d7392245e5ed48cb8f453980c7346b322860c99ce88c
run_0051,original,sipakmed,resnet50,split_02,52,A,submitted,completed,True,PASS,0,image,608,0.9606850220660824,17,10,60,320.0,run entry through output export; wall-clock UTC difference,NVIDIA GeForce RTX 3060,12.1,3.10.14,2.4.1+cu121,0.19.1,1.26.4,2.3.3,10.4.0,1.7.2,6.0.2,adamw,0.0001,0.0001,32,0,not recorded in frozen config,research-lab/experiments/registered-workflow/runs/primary/run_0051,1a5ff74338ddaa5fa7d05d38025705e8543f9a146331f379644e2c1070fb80f1,171423f1cec5395fcc844a6ae64008353f5e17594876f6d7c84da01facb4e18c
run_0052,original,sipakmed,resnet50,split_02,52,B,submitted,completed,True,PASS,0,image,608,0.9722038048429313,60,60,60,1060.0,run entry through output export; wall-clock UTC difference,NVIDIA GeForce RTX 3060,12.1,3.10.14,2.4.1+cu121,0.19.1,1.26.4,2.3.3,10.4.0,1.7.2,6.0.2,adamw,0.0001,0.0001,32,0,not recorded in frozen config,research-lab/experiments/registered-workflow/runs/primary/run_0052,bdac09dc91b824420f826b716de0d4002a6ca36f2b88993b00335aaa6c1eb61f,45407e4e33f3d81d4d94314423bdce2aacfbbba52cba22ac49736818c37f2bfa
run_0053,original,sipakmed,densenet121,split_02,52,A,submitted,completed,True,PASS,0,image,608,0.9607928311462078,16,9,60,266.0,run entry through output export; wall-clock UTC difference,NVIDIA GeForce RTX 3060,12.1,3.10.14,2.4.1+cu121,0.19.1,1.26.4,2.3.3,10.4.0,1.7.2,6.0.2,adamw,0.0001,0.0001,32,0,not recorded in frozen config,research-lab/experiments/registered-workflow/runs/primary/run_0053,1929c700d471cd493ec41918d4d5b16687fe2d1e5594b3193103c5822dd780e3,7b050007194502e9557675ebce5396c25c3aaaefe249db7ebffa35bf55423cdc
run_0054,original,sipakmed,densenet121,split_02,52,B,submitted,completed,True,PASS,0,image,608,0.9739935741615525,60,60,60,983.0,run entry through output export; wall-clock UTC difference,NVIDIA GeForce RTX 3060,12.1,3.10.14,2.4.1+cu121,0.19.1,1.26.4,2.3.3,10.4.0,1.7.2,6.0.2,adamw,0.0001,0.0001,32,0,not recorded in frozen config,research-lab/experiments/registered-workflow/runs/primary/run_0054,97e06059fcc5c0cbaafebda99fc274bf1f9fd4c8d2836fafb3568cd0bcaa97c3,5cfa1a10b3553d837a30e7a985ee5202d152203d4e5cbd1676134206a726d900
run_0055,original,sipakmed,efficientnet_b0,split_02,52,A,submitted,completed,True,PASS,0,image,608,0.9544192015929246,60,58,60,752.0,run entry through output export; wall-clock UTC difference,NVIDIA GeForce RTX 3060,12.1,3.10.14,2.4.1+cu121,0.19.1,1.26.4,2.3.3,10.4.0,1.7.2,6.0.2,adamw,0.0001,0.0001,32,0,not recorded in frozen config,research-lab/experiments/registered-workflow/runs/primary/run_0055,223220124da931558641f3dd5b7145ac5ee2d388d90b0f610e447bc6f5c7df63,de6820963277caa8cb4dd164707eef677a33496791422fcda40ed3eaf9eba8be
run_0056,original,sipakmed,efficientnet_b0,split_02,52,B,submitted,completed,True,PASS,0,image,608,0.9508673919617593,60,60,60,746.0,run entry through output export; wall-clock UTC difference,NVIDIA GeForce RTX 3060,12.1,3.10.14,2.4.1+cu121,0.19.1,1.26.4,2.3.3,10.4.0,1.7.2,6.0.2,adamw,0.0001,0.0001,32,0,not recorded in frozen config,research-lab/experiments/registered-workflow/runs/primary/run_0056,56da70f003b9df4b7e5d65cfe00c6876397b14126fde33d028e99bfcd71b88d4,3ed80e1394a28a17fa1240b4a7a76d00be05fd7f39d041f0e9782a2f5e6c4b82
run_0057,original,sipakmed,resnet18,split_02,62,A,submitted,completed,True,PASS,0,image,608,0.9737875781132843,20,13,60,269.0,run entry through output export; wall-clock UTC difference,NVIDIA GeForce RTX 3060,12.1,3.10.14,2.4.1+cu121,0.19.1,1.26.4,2.3.3,10.4.0,1.7.2,6.0.2,adamw,0.0001,0.0001,32,0,not recorded in frozen config,research-lab/experiments/registered-workflow/runs/primary/run_0057,c1e0a7f8b38400d94ed6ae97edb664b94e66d0eeb06ba9e4d55d5afb26ee2568,55472262c81e3ecff77547d2431a7600cde3ee615dc0aec20b77a8b1eae34590
run_0058,original,sipakmed,resnet18,split_02,62,B,submitted,completed,True,PASS,0,image,608,0.9671204600295962,60,60,60,751.0,run entry through output export; wall-clock UTC difference,NVIDIA GeForce RTX 3060,12.1,3.10.14,2.4.1+cu121,0.19.1,1.26.4,2.3.3,10.4.0,1.7.2,6.0.2,adamw,0.0001,0.0001,32,0,not recorded in frozen config,research-lab/experiments/registered-workflow/runs/primary/run_0058,c1bcd826b91cb6bb9e3102827a302a5e3d2be8809b326fbb78ec8e556ff50f83,a12a8142b2ebb289d253bb55f9474d82ab1e8993562002fd43b2f51e9e3a8e0f
run_0059,original,sipakmed,resnet50,split_02,62,A,submitted,completed,True,PASS,0,image,608,0.973654728946047,20,13,60,356.0,run entry through output export; wall-clock UTC difference,NVIDIA GeForce RTX 3060,12.1,3.10.14,2.4.1+cu121,0.19.1,1.26.4,2.3.3,10.4.0,1.7.2,6.0.2,adamw,0.0001,0.0001,32,0,not recorded in frozen config,research-lab/experiments/registered-workflow/runs/primary/run_0059,54dfe750327e15eee5ecab7fd0d9bbe1adf1f66fa054f1946355ef6951ac3814,b02b63740e8ec5533c6a7b7c8ec14f184fe84b47dffcdc9c3d9b4375abf89db6
run_0060,original,sipakmed,resnet50,split_02,62,B,submitted,completed,True,PASS,0,image,608,0.9689380195441476,60,60,60,1059.0,run entry through output export; wall-clock UTC difference,NVIDIA GeForce RTX 3060,12.1,3.10.14,2.4.1+cu121,0.19.1,1.26.4,2.3.3,10.4.0,1.7.2,6.0.2,adamw,0.0001,0.0001,32,0,not recorded in frozen config,research-lab/experiments/registered-workflow/runs/primary/run_0060,577b58ca170ba4e6e59d130ee0245cd7b52b46055a110a9d9f33f9a650731b2a,a6caa76e0014e4c3e2e8ad3bac6e8f141e37526ea74d684714e4e313b243da1a
run_0061,original,sipakmed,densenet121,split_02,62,A,submitted,completed,True,PASS,0,image,608,0.9491521092836923,14,7,60,246.0,run entry through output export; wall-clock UTC difference,NVIDIA GeForce RTX 3060,12.1,3.10.14,2.4.1+cu121,0.19.1,1.26.4,2.3.3,10.4.0,1.7.2,6.0.2,adamw,0.0001,0.0001,32,0,not recorded in frozen config,research-lab/experiments/registered-workflow/runs/primary/run_0061,6578107892b09bd19295423bd5a6e5d12262a9f57372019d4eaa9330aee9c015,d31f25261b65dcaf0d4953d90012bb12976de044a4681861a12186d339c172ed
run_0062,original,sipakmed,densenet121,split_02,62,B,submitted,completed,True,PASS,0,image,608,0.962618611823365,60,60,60,1047.0,run entry through output export; wall-clock UTC difference,NVIDIA GeForce RTX 3060,12.1,3.10.14,2.4.1+cu121,0.19.1,1.26.4,2.3.3,10.4.0,1.7.2,6.0.2,adamw,0.0001,0.0001,32,0,not recorded in frozen config,research-lab/experiments/registered-workflow/runs/primary/run_0062,aa0efbea0b0e4d30bc5346e5650e4fcc179c44597d163fe7cf037d58a94744ee,ce856410f540c7d0fab5b0d927d9ba0b77912a9a08f9c901bfa56c250b69a4bb
run_0063,original,sipakmed,efficientnet_b0,split_02,62,A,submitted,completed,True,PASS,0,image,608,0.9378123401496048,49,42,60,619.0,run entry through output export; wall-clock UTC difference,NVIDIA GeForce RTX 3060,12.1,3.10.14,2.4.1+cu121,0.19.1,1.26.4,2.3.3,10.4.0,1.7.2,6.0.2,adamw,0.0001,0.0001,32,0,not recorded in frozen config,research-lab/experiments/registered-workflow/runs/primary/run_0063,1592f77224bec747a7c50b8707b982b1804f160e1e0a61ff39f2060c870e272c,6d1025ba89670f21d679675e169029122b83508c3e932e24e2b876c36f901a4a
run_0064,original,sipakmed,efficientnet_b0,split_02,62,B,submitted,completed,True,PASS,0,image,608,0.9459737552771917,60,60,60,742.0,run entry through output export; wall-clock UTC difference,NVIDIA GeForce RTX 3060,12.1,3.10.14,2.4.1+cu121,0.19.1,1.26.4,2.3.3,10.4.0,1.7.2,6.0.2,adamw,0.0001,0.0001,32,0,not recorded in frozen config,research-lab/experiments/registered-workflow/runs/primary/run_0064,3d063a84aa1fc3b21094344f1385227ae869200fe620a6dc66b9f2a49ce74e88,674315517333e539de447b2bdcc02ef4b77830f94a70a94828449fcae4f86be1
run_0065,original,sipakmed,resnet18,split_02,72,A,submitted,completed,True,PASS,0,image,608,0.9624030454530492,14,7,60,166.0,run entry through output export; wall-clock UTC difference,NVIDIA GeForce RTX 3060,12.1,3.10.14,2.4.1+cu121,0.19.1,1.26.4,2.3.3,10.4.0,1.7.2,6.0.2,adamw,0.0001,0.0001,32,0,not recorded in frozen config,research-lab/experiments/registered-workflow/runs/primary/run_0065,a4c348d90872eca3cf7501455a6c590790119d73e66ef78623ffb4e85e9ec8ed,de9a9696ee8e6800383dd0f4b44995bde423571dbed40aa3c98754e2c75c0701
run_0066,original,sipakmed,resnet18,split_02,72,B,submitted,completed,True,PASS,0,image,608,0.9753882832879317,60,60,60,707.0,run entry through output export; wall-clock UTC difference,NVIDIA GeForce RTX 3060,12.1,3.10.14,2.4.1+cu121,0.19.1,1.26.4,2.3.3,10.4.0,1.7.2,6.0.2,adamw,0.0001,0.0001,32,0,not recorded in frozen config,research-lab/experiments/registered-workflow/runs/primary/run_0066,5db6f71595c0dca7569950abf264c81b2277bef64fbedf94bb1b5b4c223e53fb,ff5c3517effcd020c77fe5215c6fc96fe3eca35a6962291050d2e740d7c40700
run_0067,original,sipakmed,resnet50,split_02,72,A,submitted,completed,True,PASS,0,image,608,0.9622553093156881,14,7,60,248.0,run entry through output export; wall-clock UTC difference,NVIDIA GeForce RTX 3060,12.1,3.10.14,2.4.1+cu121,0.19.1,1.26.4,2.3.3,10.4.0,1.7.2,6.0.2,adamw,0.0001,0.0001,32,0,not recorded in frozen config,research-lab/experiments/registered-workflow/runs/primary/run_0067,bb823cab09757bc28bc10eac74cde94c377958d685f5ae3555229d00aa2f51b6,af9bb017994c24930f66e77570add12514c4e085b60f851a0f06ac2d66ac7720
run_0068,original,sipakmed,resnet50,split_02,72,B,submitted,completed,True,PASS,0,image,608,0.9770689555568393,60,60,60,1056.0,run entry through output export; wall-clock UTC difference,NVIDIA GeForce RTX 3060,12.1,3.10.14,2.4.1+cu121,0.19.1,1.26.4,2.3.3,10.4.0,1.7.2,6.0.2,adamw,0.0001,0.0001,32,0,not recorded in frozen config,research-lab/experiments/registered-workflow/runs/primary/run_0068,bb0376db9b006e7421eb3143323504ab30ad2e991d358466d145df1bf91f694c,719d79362ced83dc5d5a1697e296c8ba99f548395ce1ba15e20fe42797bebd2c
run_0069,original,sipakmed,densenet121,split_02,72,A,submitted,completed,True,PASS,0,image,608,0.9557927863308917,18,11,60,319.0,run entry through output export; wall-clock UTC difference,NVIDIA GeForce RTX 3060,12.1,3.10.14,2.4.1+cu121,0.19.1,1.26.4,2.3.3,10.4.0,1.7.2,6.0.2,adamw,0.0001,0.0001,32,0,not recorded in frozen config,research-lab/experiments/registered-workflow/runs/primary/run_0069,6bd7cb6391fda9bdccfa2783de6660e75d31fb92ce31bcb4c3f5dadb64f344d4,0e88783891c0a70a8fe64d28c6161b41ed4fc72ea70e83e5b76b124e3e1826dd
run_0070,original,sipakmed,densenet121,split_02,72,B,submitted,completed,True,PASS,0,image,608,0.9691399775140093,60,60,60,1051.0,run entry through output export; wall-clock UTC difference,NVIDIA GeForce RTX 3060,12.1,3.10.14,2.4.1+cu121,0.19.1,1.26.4,2.3.3,10.4.0,1.7.2,6.0.2,adamw,0.0001,0.0001,32,0,not recorded in frozen config,research-lab/experiments/registered-workflow/runs/primary/run_0070,118b59822ff743ae35da6dc3e0af95f698db97cb2959ade8f362e020985e0321,8288d0c59fb6ef3f52882dc7266f6e916f96229708bff5c8048c8764b65ac65f
run_0071,original,sipakmed,efficientnet_b0,split_02,72,A,submitted,completed,True,PASS,0,image,608,0.9431553200487681,58,51,60,727.0,run entry through output export; wall-clock UTC difference,NVIDIA GeForce RTX 3060,12.1,3.10.14,2.4.1+cu121,0.19.1,1.26.4,2.3.3,10.4.0,1.7.2,6.0.2,adamw,0.0001,0.0001,32,0,not recorded in frozen config,research-lab/experiments/registered-workflow/runs/primary/run_0071,d29c4a9abee8d2821e80a519b0d06e017f4fa3cb494ed1aa6e9dad447c4275cf,41f5132ffde1ca5d94bc8c5ce0dbe1d179c6d19aa4c002453147d2bb72ff9440
run_0072,original,sipakmed,efficientnet_b0,split_02,72,B,submitted,completed,True,PASS,0,image,608,0.9477500385750657,60,60,60,744.0,run entry through output export; wall-clock UTC difference,NVIDIA GeForce RTX 3060,12.1,3.10.14,2.4.1+cu121,0.19.1,1.26.4,2.3.3,10.4.0,1.7.2,6.0.2,adamw,0.0001,0.0001,32,0,not recorded in frozen config,research-lab/experiments/registered-workflow/runs/primary/run_0072,a7f1c79d179baf76c2d7f39647a7e2fb87383a33a7b4e7447d900e3c4b78e524,f140985b4ae25dd7d986b5da454fa28a10d285ca00a966917665448e20630164
run_0073,original,sipakmed,resnet18,split_02,82,A,submitted,completed,True,PASS,0,image,608,0.9722153589092961,27,20,60,332.0,run entry through output export; wall-clock UTC difference,NVIDIA GeForce RTX 3060,12.1,3.10.14,2.4.1+cu121,0.19.1,1.26.4,2.3.3,10.4.0,1.7.2,6.0.2,adamw,0.0001,0.0001,32,0,not recorded in frozen config,research-lab/experiments/registered-workflow/runs/primary/run_0073,833279eb8f3f4c84e8cb216a62889956373ba6e5d0f14842ec692e661d8be774,d716501179d34b63993ab17d83cc90369c3900fd41750292bfad91e9a69c7333
run_0074,original,sipakmed,resnet18,split_02,82,B,submitted,completed,True,PASS,0,image,608,0.9640864066409218,60,60,60,735.0,run entry through output export; wall-clock UTC difference,NVIDIA GeForce RTX 3060,12.1,3.10.14,2.4.1+cu121,0.19.1,1.26.4,2.3.3,10.4.0,1.7.2,6.0.2,adamw,0.0001,0.0001,32,0,not recorded in frozen config,research-lab/experiments/registered-workflow/runs/primary/run_0074,4acaffeb81971ad9a9fbd52e6dc4f48c324e4f12e1674f9b15dd8f659ab0bc81,35c33dd7698c1c10a7eec036165642ace71d64d0d344e1aa57e5df8e0a283476
run_0075,original,sipakmed,resnet50,split_02,82,A,submitted,completed,True,PASS,0,image,608,0.9707244559590098,11,4,60,183.0,run entry through output export; wall-clock UTC difference,NVIDIA GeForce RTX 3060,12.1,3.10.14,2.4.1+cu121,0.19.1,1.26.4,2.3.3,10.4.0,1.7.2,6.0.2,adamw,0.0001,0.0001,32,0,not recorded in frozen config,research-lab/experiments/registered-workflow/runs/primary/run_0075,9bc7752b939082050e89d022b7f3d41d2a741ca22527f3ca9a3d4c1749dccd36,94d12e1f20d93333f3ad6096a664d5dcbe8e844552d12ebfea3567e827901745
run_0076,original,sipakmed,resnet50,split_02,82,B,submitted,completed,True,PASS,0,image,608,0.9655902128170147,60,60,60,977.0,run entry through output export; wall-clock UTC difference,NVIDIA GeForce RTX 3060,12.1,3.10.14,2.4.1+cu121,0.19.1,1.26.4,2.3.3,10.4.0,1.7.2,6.0.2,adamw,0.0001,0.0001,32,0,not recorded in frozen config,research-lab/experiments/registered-workflow/runs/primary/run_0076,35786c9b25dacabe892b6dacca124162c7095f985a3c67540ee940a70cec8d24,bf2e17279f26fb83fc92e36d3af0a5b74d6952020ba96dc9c0c93a4c26da6695
run_0077,original,sipakmed,densenet121,split_02,82,A,submitted,completed,True,PASS,0,image,608,0.955765701309609,17,10,60,277.0,run entry through output export; wall-clock UTC difference,NVIDIA GeForce RTX 3060,12.1,3.10.14,2.4.1+cu121,0.19.1,1.26.4,2.3.3,10.4.0,1.7.2,6.0.2,adamw,0.0001,0.0001,32,0,not recorded in frozen config,research-lab/experiments/registered-workflow/runs/primary/run_0077,0821945b21bc7ffe08928575919750d6d9bd668c4efe118eeebef2169e6e50e4,ab77f225e405bf3ee86e82f39a18de6bdf62f14578b0d99f6fcdae7b783365ad
run_0078,original,sipakmed,densenet121,split_02,82,B,submitted,completed,True,PASS,0,image,608,0.9788173968688479,60,60,60,974.0,run entry through output export; wall-clock UTC difference,NVIDIA GeForce RTX 3060,12.1,3.10.14,2.4.1+cu121,0.19.1,1.26.4,2.3.3,10.4.0,1.7.2,6.0.2,adamw,0.0001,0.0001,32,0,not recorded in frozen config,research-lab/experiments/registered-workflow/runs/primary/run_0078,9b6e49aa6b30cd99989486fb29aa5c60e6ea8d6b26fbbd88c20e1380c3068323,40386259d06ea84cbac7dfd452c513da27069d388235694e5f281e83ad70596c
run_0079,original,sipakmed,efficientnet_b0,split_02,82,A,submitted,completed,True,PASS,0,image,608,0.9431146360269496,49,42,60,602.0,run entry through output export; wall-clock UTC difference,NVIDIA GeForce RTX 3060,12.1,3.10.14,2.4.1+cu121,0.19.1,1.26.4,2.3.3,10.4.0,1.7.2,6.0.2,adamw,0.0001,0.0001,32,0,not recorded in frozen config,research-lab/experiments/registered-workflow/runs/primary/run_0079,63971386f2ce43f54273b98622366dbb5f2fd7d68960e208f54ced82f102c19e,913b53f93b808593ea4eb9c7014ba47cc046e930ceb40978ef0bd1d671011290
run_0080,original,sipakmed,efficientnet_b0,split_02,82,B,submitted,completed,True,PASS,0,image,608,0.9492524438017819,60,60,60,744.0,run entry through output export; wall-clock UTC difference,NVIDIA GeForce RTX 3060,12.1,3.10.14,2.4.1+cu121,0.19.1,1.26.4,2.3.3,10.4.0,1.7.2,6.0.2,adamw,0.0001,0.0001,32,0,not recorded in frozen config,research-lab/experiments/registered-workflow/runs/primary/run_0080,8dcaa6a3eb00f8b2302ff3d21893a2e93ec6e056b378902779740c567db0912d,26a484e0cba02d169a7bac3c821ff87b88a5218902f178b75d9031b851db3a4b
run_0081,original,sipakmed,resnet18,split_03,42,A,submitted,completed,True,PASS,0,image,608,0.9739082386292811,30,23,60,365.0,run entry through output export; wall-clock UTC difference,NVIDIA GeForce RTX 3060,12.1,3.10.14,2.4.1+cu121,0.19.1,1.26.4,2.3.3,10.4.0,1.7.2,6.0.2,adamw,0.0001,0.0001,32,0,not recorded in frozen config,research-lab/experiments/registered-workflow/runs/primary/run_0081,554e62a1f43ba8814318b261a07602327a8395dec8faf3265cf7a18cad04e2fc,c757604bb064019a382d8df2e3210bd9559c6060b3788535e99b0681fb733c9f
run_0082,original,sipakmed,resnet18,split_03,42,B,submitted,completed,True,PASS,0,image,608,0.9756696443569496,60,60,60,728.0,run entry through output export; wall-clock UTC difference,NVIDIA GeForce RTX 3060,12.1,3.10.14,2.4.1+cu121,0.19.1,1.26.4,2.3.3,10.4.0,1.7.2,6.0.2,adamw,0.0001,0.0001,32,0,not recorded in frozen config,research-lab/experiments/registered-workflow/runs/primary/run_0082,cdc8517312030caee70780935cd7040309524b1b61e49464e5de396dd4135be2,c3e2f609c2de14852a9043e5e63e868ddcda3097c701454ffaefe6e23d6eb4ee
run_0083,original,sipakmed,resnet50,split_03,42,A,submitted,completed,True,PASS,0,image,608,0.9607135174366602,11,4,60,181.0,run entry through output export; wall-clock UTC difference,NVIDIA GeForce RTX 3060,12.1,3.10.14,2.4.1+cu121,0.19.1,1.26.4,2.3.3,10.4.0,1.7.2,6.0.2,adamw,0.0001,0.0001,32,0,not recorded in frozen config,research-lab/experiments/registered-workflow/runs/primary/run_0083,50457a86a5edfe948fdd5f084c6ecc2ff52352e1c84f8a47891a844cde9fc02a,810f33a01872d26bf5d32e3bedcd5898cab7a2f70781fe59cb036f1ef7ee64fd
run_0084,original,sipakmed,resnet50,split_03,42,B,submitted,completed,True,PASS,0,image,608,0.9672315502235456,60,60,60,968.0,run entry through output export; wall-clock UTC difference,NVIDIA GeForce RTX 3060,12.1,3.10.14,2.4.1+cu121,0.19.1,1.26.4,2.3.3,10.4.0,1.7.2,6.0.2,adamw,0.0001,0.0001,32,0,not recorded in frozen config,research-lab/experiments/registered-workflow/runs/primary/run_0084,6802166b72732b4f1bcedc88f27af158ee62f52e1290ae691737db065ad47665,8cc5c107921fb78f53e0b7b34a012a24396293b8ea10924e0dc3a917d6f4b399
run_0085,original,sipakmed,densenet121,split_03,42,A,submitted,completed,True,PASS,0,image,608,0.9624721636555922,31,24,60,501.0,run entry through output export; wall-clock UTC difference,NVIDIA GeForce RTX 3060,12.1,3.10.14,2.4.1+cu121,0.19.1,1.26.4,2.3.3,10.4.0,1.7.2,6.0.2,adamw,0.0001,0.0001,32,0,not recorded in frozen config,research-lab/experiments/registered-workflow/runs/primary/run_0085,c189e139e9ebce19e1898151bd4226570b9b2e3ce3c272d6204e1c0a168af2e1,7401e95bd8efcb85ce6f2b60688c51759cd12fd9799c8fce912499f29d7fcfbf
run_0086,original,sipakmed,densenet121,split_03,42,B,submitted,completed,True,PASS,0,image,608,0.9723657839656221,60,60,60,973.0,run entry through output export; wall-clock UTC difference,NVIDIA GeForce RTX 3060,12.1,3.10.14,2.4.1+cu121,0.19.1,1.26.4,2.3.3,10.4.0,1.7.2,6.0.2,adamw,0.0001,0.0001,32,0,not recorded in frozen config,research-lab/experiments/registered-workflow/runs/primary/run_0086,8c6a90fb54e21a3736c7f75f022241fc37a35a2afdad025e609f584e1c208a53,35c6e151ea8e2b86cf42f4a5781112334a357702b50d3f7f8345ec92959c4979
run_0087,original,sipakmed,efficientnet_b0,split_03,42,A,submitted,completed,True,PASS,0,image,608,0.9524274225145067,60,54,60,801.0,run entry through output export; wall-clock UTC difference,NVIDIA GeForce RTX 3060,12.1,3.10.14,2.4.1+cu121,0.19.1,1.26.4,2.3.3,10.4.0,1.7.2,6.0.2,adamw,0.0001,0.0001,32,0,not recorded in frozen config,research-lab/experiments/registered-workflow/runs/primary/run_0087,7ea5f24f4f16abf01ad4bc0964803df07a6b799ab3a423bfcc0917f52011e60c,c2e199a720e023e7290f3c3dd23e27f2320b76ea33a1e9a0f5de6c5949c16454
run_0088,original,sipakmed,efficientnet_b0,split_03,42,B,submitted,completed,True,PASS,0,image,608,0.9359221939228775,60,60,60,800.0,run entry through output export; wall-clock UTC difference,NVIDIA GeForce RTX 3060,12.1,3.10.14,2.4.1+cu121,0.19.1,1.26.4,2.3.3,10.4.0,1.7.2,6.0.2,adamw,0.0001,0.0001,32,0,not recorded in frozen config,research-lab/experiments/registered-workflow/runs/primary/run_0088,281022860914a6cc50d4273c05aa7459ca8ca4beae284af425398cda731df112,9278ccecb1db7af8dae8be29bf92483312af2fa8c040d2bbba856805fee9eb84
run_0089,original,sipakmed,resnet18,split_03,52,A,submitted,completed,True,PASS,0,image,608,0.9557779087606862,11,4,60,146.0,run entry through output export; wall-clock UTC difference,NVIDIA GeForce RTX 3060,12.1,3.10.14,2.4.1+cu121,0.19.1,1.26.4,2.3.3,10.4.0,1.7.2,6.0.2,adamw,0.0001,0.0001,32,0,not recorded in frozen config,research-lab/experiments/registered-workflow/runs/primary/run_0089,68abbacae48d68ea8d2c44e14ec241ad6a6dae046f6c48079e95cb7a5cab33b0,224adcf108336598bedb2b2a385a6f1adeb9e3d3e4bd3df89e6fb68d5b4a0df1
run_0090,original,sipakmed,resnet18,split_03,52,B,submitted,completed,True,PASS,0,image,608,0.967294585413511,60,60,60,759.0,run entry through output export; wall-clock UTC difference,NVIDIA GeForce RTX 3060,12.1,3.10.14,2.4.1+cu121,0.19.1,1.26.4,2.3.3,10.4.0,1.7.2,6.0.2,adamw,0.0001,0.0001,32,0,not recorded in frozen config,research-lab/experiments/registered-workflow/runs/primary/run_0090,8b9af3f1cd490565506f2d73d07121018821f38663451a7ec537b62187953ec7,f7439da18fb3f456a131ef5d7fa3b799dc9c00d2ba32d54e6e8719d515e416e6
run_0091,original,sipakmed,resnet50,split_03,52,A,submitted,completed,True,PASS,0,image,608,0.9574328357678343,16,9,60,261.0,run entry through output export; wall-clock UTC difference,NVIDIA GeForce RTX 3060,12.1,3.10.14,2.4.1+cu121,0.19.1,1.26.4,2.3.3,10.4.0,1.7.2,6.0.2,adamw,0.0001,0.0001,32,0,not recorded in frozen config,research-lab/experiments/registered-workflow/runs/primary/run_0091,18271c068a9a881a50ff038d112388b17ec4e2fc69cbda373b6a2716b01c3e56,3e169683b858fb04486da95dc8980b0d51087f28ea1184ed7e388f43a72e8a9f
run_0092,original,sipakmed,resnet50,split_03,52,B,submitted,completed,True,PASS,0,image,608,0.9641026427704874,60,60,60,999.0,run entry through output export; wall-clock UTC difference,NVIDIA GeForce RTX 3060,12.1,3.10.14,2.4.1+cu121,0.19.1,1.26.4,2.3.3,10.4.0,1.7.2,6.0.2,adamw,0.0001,0.0001,32,0,not recorded in frozen config,research-lab/experiments/registered-workflow/runs/primary/run_0092,d9dc01c7d44337a4e15a201d4a793574cdbffec54a9808a1667e030f75d14105,03c84be053b0f23900d251529a5c250f7bd4c965e86ede2e7a1e86346c807680
run_0093,original,sipakmed,densenet121,split_03,52,A,submitted,completed,True,PASS,0,image,608,0.9558185833825863,22,15,60,356.0,run entry through output export; wall-clock UTC difference,NVIDIA GeForce RTX 3060,12.1,3.10.14,2.4.1+cu121,0.19.1,1.26.4,2.3.3,10.4.0,1.7.2,6.0.2,adamw,0.0001,0.0001,32,0,not recorded in frozen config,research-lab/experiments/registered-workflow/runs/primary/run_0093,6900607f6cd0c866aa4908281c9710c114a2f06f03ac0df8214edb7f0738fd9e,4707734ca92274b58c093547d7433188b861709c4b4e572fe322accac64d6c5d
run_0094,original,sipakmed,densenet121,split_03,52,B,submitted,completed,True,PASS,0,image,608,0.9705909016171249,60,60,60,974.0,run entry through output export; wall-clock UTC difference,NVIDIA GeForce RTX 3060,12.1,3.10.14,2.4.1+cu121,0.19.1,1.26.4,2.3.3,10.4.0,1.7.2,6.0.2,adamw,0.0001,0.0001,32,0,not recorded in frozen config,research-lab/experiments/registered-workflow/runs/primary/run_0094,7f2f2cea04d2850e0f0f3192ef3a76d8e8fbf5e2ba46b3ddd9965c1e3a07aa8b,2513ee322abc2c4da607fcd250110052aaaafe26fa743583e8d6737df6945468
run_0095,original,sipakmed,efficientnet_b0,split_03,52,A,submitted,completed,True,PASS,0,image,608,0.9460151538735759,52,45,60,629.0,run entry through output export; wall-clock UTC difference,NVIDIA GeForce RTX 3060,12.1,3.10.14,2.4.1+cu121,0.19.1,1.26.4,2.3.3,10.4.0,1.7.2,6.0.2,adamw,0.0001,0.0001,32,0,not recorded in frozen config,research-lab/experiments/registered-workflow/runs/primary/run_0095,26ef9fe5c58e624134c40bc966800d66fdc843678bbb0bcfab4a29598b191824,c786b50cce34f2b188858e007c842454689f0198ba4631ea76b1fcecfbe07178
run_0096,original,sipakmed,efficientnet_b0,split_03,52,B,submitted,completed,True,PASS,0,image,608,0.9411913311662806,60,60,60,732.0,run entry through output export; wall-clock UTC difference,NVIDIA GeForce RTX 3060,12.1,3.10.14,2.4.1+cu121,0.19.1,1.26.4,2.3.3,10.4.0,1.7.2,6.0.2,adamw,0.0001,0.0001,32,0,not recorded in frozen config,research-lab/experiments/registered-workflow/runs/primary/run_0096,00ed9353f80062cd61bd3e9681b403ba1eef818a0cb7b95e4b3526634de2d228,db9fecc0b7255c3f6d226c507802e7f56b81611baef22e04693748dba8d1f283
run_0097,original,sipakmed,resnet18,split_03,62,A,submitted,completed,True,PASS,0,image,608,0.9688011322985037,15,8,60,182.0,run entry through output export; wall-clock UTC difference,NVIDIA GeForce RTX 3060,12.1,3.10.14,2.4.1+cu121,0.19.1,1.26.4,2.3.3,10.4.0,1.7.2,6.0.2,adamw,0.0001,0.0001,32,0,not recorded in frozen config,research-lab/experiments/registered-workflow/runs/primary/run_0097,db3e80a7a9398f0f86fb23483a02c4f677a91ff48f0071fc8521bb73b7b4c4c4,a22574ba0418e7321ccf48429abb104eee56a7c3896b1d4febaabb5accf4fa09
run_0098,original,sipakmed,resnet18,split_03,62,B,submitted,completed,True,PASS,0,image,608,0.9752927334488188,60,60,60,722.0,run entry through output export; wall-clock UTC difference,NVIDIA GeForce RTX 3060,12.1,3.10.14,2.4.1+cu121,0.19.1,1.26.4,2.3.3,10.4.0,1.7.2,6.0.2,adamw,0.0001,0.0001,32,0,not recorded in frozen config,research-lab/experiments/registered-workflow/runs/primary/run_0098,e853a259e936d8d6662ec13ac222cd37dd8b21d3b7bce76fcac00f6ca9ca78c7,86d5ce07fb9c215322776028695a58892a5c562f223c4bef827b6eecf7135056
run_0099,original,sipakmed,resnet50,split_03,62,A,submitted,completed,True,PASS,0,image,608,0.9804418635609377,17,10,60,276.0,run entry through output export; wall-clock UTC difference,NVIDIA GeForce RTX 3060,12.1,3.10.14,2.4.1+cu121,0.19.1,1.26.4,2.3.3,10.4.0,1.7.2,6.0.2,adamw,0.0001,0.0001,32,0,not recorded in frozen config,research-lab/experiments/registered-workflow/runs/primary/run_0099,8170861737905fc3d05e444d559741a782ceaf8f7f3654bc93a0f6bbb9fb18e3,ba633271e4d26961be037a56df92aa769f3cb2d5522005794c295039f5bc6d88
run_0100,original,sipakmed,resnet50,split_03,62,B,submitted,completed,True,PASS,0,image,608,0.9705495830104308,60,60,60,1055.0,run entry through output export; wall-clock UTC difference,NVIDIA GeForce RTX 3060,12.1,3.10.14,2.4.1+cu121,0.19.1,1.26.4,2.3.3,10.4.0,1.7.2,6.0.2,adamw,0.0001,0.0001,32,0,not recorded in frozen config,research-lab/experiments/registered-workflow/runs/primary/run_0100,9de6b8a6499cf17158b5c8369a380132b10c2882cc7e1aea14ec34cf856af339,45ffac9148bebca9cf3d91d5cc7e0c3c09a215c79a5836d686fde7d626ff2e78
run_0101,original,sipakmed,densenet121,split_03,62,A,submitted,completed,True,PASS,0,image,608,0.9623366255693899,25,18,60,398.0,run entry through output export; wall-clock UTC difference,NVIDIA GeForce RTX 3060,12.1,3.10.14,2.4.1+cu121,0.19.1,1.26.4,2.3.3,10.4.0,1.7.2,6.0.2,adamw,0.0001,0.0001,32,0,not recorded in frozen config,research-lab/experiments/registered-workflow/runs/primary/run_0101,5ec0991733194590b5f292535266cba07a86fb09bb1d6c6a7b54204048f0f986,496c231580c92864606cdfc354e544301b2456bd575685a6d4533ce121e4e125
run_0102,original,sipakmed,densenet121,split_03,62,B,submitted,completed,True,PASS,0,image,608,0.9688295664792281,60,60,60,921.0,run entry through output export; wall-clock UTC difference,NVIDIA GeForce RTX 3060,12.1,3.10.14,2.4.1+cu121,0.19.1,1.26.4,2.3.3,10.4.0,1.7.2,6.0.2,adamw,0.0001,0.0001,32,0,not recorded in frozen config,research-lab/experiments/registered-workflow/runs/primary/run_0102,959e493fd9e2111ddefd3fc61ecb5144ae1b3d8351dc2b44d8491142c158212c,55e66cac434e11efa34a71860195139e736f76d0c69ccc722fc557effac2ff0e
run_0103,original,sipakmed,efficientnet_b0,split_03,62,A,submitted,completed,True,PASS,0,image,608,0.9442253233651015,59,52,60,713.0,run entry through output export; wall-clock UTC difference,NVIDIA GeForce RTX 3060,12.1,3.10.14,2.4.1+cu121,0.19.1,1.26.4,2.3.3,10.4.0,1.7.2,6.0.2,adamw,0.0001,0.0001,32,0,not recorded in frozen config,research-lab/experiments/registered-workflow/runs/primary/run_0103,1d12f18caa683c0d954837ebcb8751d093b8eee0bf4a875d7f33b616b5e57f39,78ec460e29955e2ec10faa1d8d965307adfd53af06193561bae420651e3cbf19
run_0104,original,sipakmed,efficientnet_b0,split_03,62,B,submitted,completed,True,PASS,0,image,608,0.9327790434844895,60,60,60,701.0,run entry through output export; wall-clock UTC difference,NVIDIA GeForce RTX 3060,12.1,3.10.14,2.4.1+cu121,0.19.1,1.26.4,2.3.3,10.4.0,1.7.2,6.0.2,adamw,0.0001,0.0001,32,0,not recorded in frozen config,research-lab/experiments/registered-workflow/runs/primary/run_0104,ca82abcb73703f667a3e96719bd922d91d75a47aa45ddd851c38389e9b42a354,50a17947319a53b68ea818ff44da327f1a8d35600cf2842a944ff994ad301086
run_0105,original,sipakmed,resnet18,split_03,72,A,submitted,completed,True,PASS,0,image,608,0.9738553471563854,23,16,60,269.0,run entry through output export; wall-clock UTC difference,NVIDIA GeForce RTX 3060,12.1,3.10.14,2.4.1+cu121,0.19.1,1.26.4,2.3.3,10.4.0,1.7.2,6.0.2,adamw,0.0001,0.0001,32,0,not recorded in frozen config,research-lab/experiments/registered-workflow/runs/primary/run_0105,1ed64b5937eddb33f1805712cc051eda52471a8b4aaed1a94652aae488031636,73f93978e4cff84e3a5054305133cff3d13e21fb0506aa4cf4844a5dc9afc055
run_0106,original,sipakmed,resnet18,split_03,72,B,submitted,completed,True,PASS,0,image,608,0.9734561453058668,60,60,60,730.0,run entry through output export; wall-clock UTC difference,NVIDIA GeForce RTX 3060,12.1,3.10.14,2.4.1+cu121,0.19.1,1.26.4,2.3.3,10.4.0,1.7.2,6.0.2,adamw,0.0001,0.0001,32,0,not recorded in frozen config,research-lab/experiments/registered-workflow/runs/primary/run_0106,9c6606577804b82afb9f6719adb4b3cf604cf37cdbb323a4ca51a1b02c8ddea4,5769eced472f889b55ff3848e9cdd999b200e3f300d622b83bf295fb0e5a32f9
run_0107,original,sipakmed,resnet50,split_03,72,A,submitted,completed,True,PASS,0,image,608,0.9705237765588179,22,15,60,387.0,run entry through output export; wall-clock UTC difference,NVIDIA GeForce RTX 3060,12.1,3.10.14,2.4.1+cu121,0.19.1,1.26.4,2.3.3,10.4.0,1.7.2,6.0.2,adamw,0.0001,0.0001,32,0,not recorded in frozen config,research-lab/experiments/registered-workflow/runs/primary/run_0107,7fb56dcfd276248a4f14604d1d95e7e37b34f65af1d847817a0354b5cf527d1e,b4bd505b3ef51c30d72cc41395c3deee363a2a711dc72c55b1454737399c387a
run_0108,original,sipakmed,resnet50,split_03,72,B,submitted,completed,True,PASS,0,image,608,0.9788567411311432,60,60,60,1053.0,run entry through output export; wall-clock UTC difference,NVIDIA GeForce RTX 3060,12.1,3.10.14,2.4.1+cu121,0.19.1,1.26.4,2.3.3,10.4.0,1.7.2,6.0.2,adamw,0.0001,0.0001,32,0,not recorded in frozen config,research-lab/experiments/registered-workflow/runs/primary/run_0108,07395a8dbee44bc805ee6b16884bf736f684be8be7f8e446a4e2578c1207a27b,c5b47ee158083695809997e93269e46f896712fbc47a9856dc12d93a63ad7abf
run_0109,original,sipakmed,densenet121,split_03,72,A,submitted,completed,True,PASS,0,image,608,0.9571738964567353,20,13,60,351.0,run entry through output export; wall-clock UTC difference,NVIDIA GeForce RTX 3060,12.1,3.10.14,2.4.1+cu121,0.19.1,1.26.4,2.3.3,10.4.0,1.7.2,6.0.2,adamw,0.0001,0.0001,32,0,not recorded in frozen config,research-lab/experiments/registered-workflow/runs/primary/run_0109,23a08b20fc71f429e53f3c6fe823cf349673132e4101b112c1f235289c94f5b5,40beef97605918f7369e804623b3a488a181dd0189740a15f84eea67b9100f72
run_0110,original,sipakmed,densenet121,split_03,72,B,submitted,completed,True,PASS,0,image,608,0.9641134916622047,60,60,60,1033.0,run entry through output export; wall-clock UTC difference,NVIDIA GeForce RTX 3060,12.1,3.10.14,2.4.1+cu121,0.19.1,1.26.4,2.3.3,10.4.0,1.7.2,6.0.2,adamw,0.0001,0.0001,32,0,not recorded in frozen config,research-lab/experiments/registered-workflow/runs/primary/run_0110,a3b11bda8933e6801a9f17f07fd6a4426e5572b7def96036a150514194c390d2,fdabf9853f1e214148c2d2152df2b1f669e7ded9a14e502f9673b1c6b0c86671
run_0111,original,sipakmed,efficientnet_b0,split_03,72,A,submitted,completed,True,PASS,0,image,608,0.9476667573768834,60,53,60,705.0,run entry through output export; wall-clock UTC difference,NVIDIA GeForce RTX 3060,12.1,3.10.14,2.4.1+cu121,0.19.1,1.26.4,2.3.3,10.4.0,1.7.2,6.0.2,adamw,0.0001,0.0001,32,0,not recorded in frozen config,research-lab/experiments/registered-workflow/runs/primary/run_0111,0414d717e6afc2aeb76674f4d0e351e8b2b97c296be1fa29e160cac3b63e91e1,442e70e7e75117eb8d29e625e90d996da553c47968339cefb06ef7b39c51ab96
run_0112,original,sipakmed,efficientnet_b0,split_03,72,B,submitted,completed,True,PASS,0,image,608,0.9411507083343157,60,60,60,729.0,run entry through output export; wall-clock UTC difference,NVIDIA GeForce RTX 3060,12.1,3.10.14,2.4.1+cu121,0.19.1,1.26.4,2.3.3,10.4.0,1.7.2,6.0.2,adamw,0.0001,0.0001,32,0,not recorded in frozen config,research-lab/experiments/registered-workflow/runs/primary/run_0112,6e0543ce83787cef8453aa1de70d43e62c0f7599524a7c1f8f008929092d3101,9b491ee47708c09084d504affec0d82699f18b509b503c3cbec4ad6c50ccbf33
run_0113,original,sipakmed,resnet18,split_03,82,A,submitted,completed,True,PASS,0,image,608,0.970508889588694,18,11,60,225.0,run entry through output export; wall-clock UTC difference,NVIDIA GeForce RTX 3060,12.1,3.10.14,2.4.1+cu121,0.19.1,1.26.4,2.3.3,10.4.0,1.7.2,6.0.2,adamw,0.0001,0.0001,32,0,not recorded in frozen config,research-lab/experiments/registered-workflow/runs/primary/run_0113,eaad914b8ac39670b55918d5bd30480d7d2d918d8ff0f703bd82b4f2d0dd73bf,255125ce2b69b36ff2a83910238948f02ce92e3de79416eee46b95397ea1c0ee
run_0114,original,sipakmed,resnet18,split_03,82,B,submitted,completed,True,PASS,0,image,608,0.9770289767096685,60,60,60,751.0,run entry through output export; wall-clock UTC difference,NVIDIA GeForce RTX 3060,12.1,3.10.14,2.4.1+cu121,0.19.1,1.26.4,2.3.3,10.4.0,1.7.2,6.0.2,adamw,0.0001,0.0001,32,0,not recorded in frozen config,research-lab/experiments/registered-workflow/runs/primary/run_0114,64441dfa9e1631438bfbac08f7bd6ab9c5016aaddb73e637838df66c9a51adb0,f3ad078bcc02777228960b1af4c6b8d1269fdd5b83217488cd26a0b18eddfc90
run_0115,original,sipakmed,resnet50,split_03,82,A,submitted,completed,True,PASS,0,image,608,0.962186844497858,10,3,60,181.0,run entry through output export; wall-clock UTC difference,NVIDIA GeForce RTX 3060,12.1,3.10.14,2.4.1+cu121,0.19.1,1.26.4,2.3.3,10.4.0,1.7.2,6.0.2,adamw,0.0001,0.0001,32,0,not recorded in frozen config,research-lab/experiments/registered-workflow/runs/primary/run_0115,d2b31c4960f988bcd233ce0340f004e703cf9aaafdbc49a3215c061fc2a9b4d9,55a89f3f581177ca095380c760594e459ac952b271780ddd2b0b586ce42e2a41
run_0116,original,sipakmed,resnet50,split_03,82,B,submitted,completed,True,PASS,0,image,608,0.9690593146450202,60,60,60,1048.0,run entry through output export; wall-clock UTC difference,NVIDIA GeForce RTX 3060,12.1,3.10.14,2.4.1+cu121,0.19.1,1.26.4,2.3.3,10.4.0,1.7.2,6.0.2,adamw,0.0001,0.0001,32,0,not recorded in frozen config,research-lab/experiments/registered-workflow/runs/primary/run_0116,991a58bfe576ec614d4c2976f082d4f712861e9f784fc9196b3ff116ef35e335,7e42f234ce27b9bd0a2b829137b510932f1ae0bcb9bd3b48e12e5a1bbc123dd4
run_0117,original,sipakmed,densenet121,split_03,82,A,submitted,completed,True,PASS,0,image,608,0.9624192815826149,18,11,60,315.0,run entry through output export; wall-clock UTC difference,NVIDIA GeForce RTX 3060,12.1,3.10.14,2.4.1+cu121,0.19.1,1.26.4,2.3.3,10.4.0,1.7.2,6.0.2,adamw,0.0001,0.0001,32,0,not recorded in frozen config,research-lab/experiments/registered-workflow/runs/primary/run_0117,d1ef7e07488af3b486f6017e99b5821b94e660d714d4010e36ac9540a81be346,2c32b4efc16b20af51f3a319c2b44d61c508733c4ce66949e698effe233de49f
run_0118,original,sipakmed,densenet121,split_03,82,B,submitted,completed,True,PASS,0,image,608,0.965545500116708,60,60,60,1047.0,run entry through output export; wall-clock UTC difference,NVIDIA GeForce RTX 3060,12.1,3.10.14,2.4.1+cu121,0.19.1,1.26.4,2.3.3,10.4.0,1.7.2,6.0.2,adamw,0.0001,0.0001,32,0,not recorded in frozen config,research-lab/experiments/registered-workflow/runs/primary/run_0118,b97d91b7fae933fe9bd9db3d8225d6d10a272e37da73cfe5f771bee14a41b7e4,41f36c7662bbe251c8d0460124b505a77419c9578b3ad0cf8a98bfda491d99c1
run_0119,original,sipakmed,efficientnet_b0,split_03,82,A,submitted,completed,True,PASS,0,image,608,0.9343744320110605,38,31,60,481.0,run entry through output export; wall-clock UTC difference,NVIDIA GeForce RTX 3060,12.1,3.10.14,2.4.1+cu121,0.19.1,1.26.4,2.3.3,10.4.0,1.7.2,6.0.2,adamw,0.0001,0.0001,32,0,not recorded in frozen config,research-lab/experiments/registered-workflow/runs/primary/run_0119,ca847f6c156b9f9bfac325246d0651dc6f7ce70dfef348e2b5389944a3386b85,937a5b434ebf67fea8bf70251179a8abac05c8262d7380daf0a9548b976ca72d
run_0120,original,sipakmed,efficientnet_b0,split_03,82,B,submitted,completed,True,PASS,0,image,608,0.9445011945804952,60,60,60,753.0,run entry through output export; wall-clock UTC difference,NVIDIA GeForce RTX 3060,12.1,3.10.14,2.4.1+cu121,0.19.1,1.26.4,2.3.3,10.4.0,1.7.2,6.0.2,adamw,0.0001,0.0001,32,0,not recorded in frozen config,research-lab/experiments/registered-workflow/runs/primary/run_0120,389e22f6176831da42eb276d13d6e5998501db3b4a43d4c115a69a5a6aee41aa,c83e2394484ad1f1ab4b41edf0000d165abc70fe4046442c5cca8e3bb7c36b9b
run_0121,original,sipakmed,resnet18,split_04,42,A,submitted,completed,True,PASS,0,image,608,0.9635802044647956,12,5,60,148.0,run entry through output export; wall-clock UTC difference,NVIDIA GeForce RTX 3060,12.1,3.10.14,2.4.1+cu121,0.19.1,1.26.4,2.3.3,10.4.0,1.7.2,6.0.2,adamw,0.0001,0.0001,32,0,not recorded in frozen config,research-lab/experiments/registered-workflow/runs/primary/run_0121,7bd5d3bb5b4d935a0f16b439dd851bb2c8ce550256715f257f9f020b60155008,d07f919c35b77a74149773a4d39a6de146cd3de14290a71a0a57da058989b4dc
run_0122,original,sipakmed,resnet18,split_04,42,B,submitted,completed,True,PASS,0,image,608,0.9686777922634604,60,60,60,737.0,run entry through output export; wall-clock UTC difference,NVIDIA GeForce RTX 3060,12.1,3.10.14,2.4.1+cu121,0.19.1,1.26.4,2.3.3,10.4.0,1.7.2,6.0.2,adamw,0.0001,0.0001,32,0,not recorded in frozen config,research-lab/experiments/registered-workflow/runs/primary/run_0122,2c350fa63c5369bb3ca8ed7dd85cb108d87585f3e746cb70441fa445a0452f34,ebc6ab8dffe28e0c214fc81fdda4721e78e7b66cb7654673633568f7019147b6
run_0123,original,sipakmed,resnet50,split_04,42,A,submitted,completed,True,PASS,0,image,608,0.9624586164449915,10,3,60,179.0,run entry through output export; wall-clock UTC difference,NVIDIA GeForce RTX 3060,12.1,3.10.14,2.4.1+cu121,0.19.1,1.26.4,2.3.3,10.4.0,1.7.2,6.0.2,adamw,0.0001,0.0001,32,0,not recorded in frozen config,research-lab/experiments/registered-workflow/runs/primary/run_0123,9a1bba6642057ff7a01b6dc5dad82f60322cab68c287463fc4d35fd371d54289,c9818f4a868255ba47b5149fa684a082a7b4544a4a4aa6442190990d6b1d7088
run_0124,original,sipakmed,resnet50,split_04,42,B,submitted,completed,True,PASS,0,image,608,0.9720418257202406,60,60,60,1054.0,run entry through output export; wall-clock UTC difference,NVIDIA GeForce RTX 3060,12.1,3.10.14,2.4.1+cu121,0.19.1,1.26.4,2.3.3,10.4.0,1.7.2,6.0.2,adamw,0.0001,0.0001,32,0,not recorded in frozen config,research-lab/experiments/registered-workflow/runs/primary/run_0124,e858240459a1795186e16e0d0d1fcb064d226d1014c3c26572ff4e9a2d2dabc4,0d3bbbeb529806c9043c8b23a18e93751cec8fd26070d4487c04e4bb279efc81
run_0125,original,sipakmed,densenet121,split_04,42,A,submitted,completed,True,PASS,0,image,608,0.9707508969954983,25,18,60,439.0,run entry through output export; wall-clock UTC difference,NVIDIA GeForce RTX 3060,12.1,3.10.14,2.4.1+cu121,0.19.1,1.26.4,2.3.3,10.4.0,1.7.2,6.0.2,adamw,0.0001,0.0001,32,0,not recorded in frozen config,research-lab/experiments/registered-workflow/runs/primary/run_0125,7f238eaa914877c609b92d8d92cbe50973894e9818c24d4569d9c094f437af8d,b0804cf8cd0affa0d0f7a9a3f3c12d63331756f13779358cfc6167f58d3f38b4
run_0126,original,sipakmed,densenet121,split_04,42,B,submitted,completed,True,PASS,0,image,608,0.9753185305005132,60,60,60,1035.0,run entry through output export; wall-clock UTC difference,NVIDIA GeForce RTX 3060,12.1,3.10.14,2.4.1+cu121,0.19.1,1.26.4,2.3.3,10.4.0,1.7.2,6.0.2,adamw,0.0001,0.0001,32,0,not recorded in frozen config,research-lab/experiments/registered-workflow/runs/primary/run_0126,f552588d9504843db47d38f11787f1000a5513ba8b6b16b73227865b3d4a04b3,05f1476b505471f457c16a562a6886774af30503659a8f194868ad420d99c302
run_0127,original,sipakmed,efficientnet_b0,split_04,42,A,submitted,completed,True,PASS,0,image,608,0.9403048851782643,40,33,60,507.0,run entry through output export; wall-clock UTC difference,NVIDIA GeForce RTX 3060,12.1,3.10.14,2.4.1+cu121,0.19.1,1.26.4,2.3.3,10.4.0,1.7.2,6.0.2,adamw,0.0001,0.0001,32,0,not recorded in frozen config,research-lab/experiments/registered-workflow/runs/primary/run_0127,f189a6611ef2ffe92b8d5ee9c0751c050431a18fd77e62ecec69e0358e24e0cf,9f746605cc1e134a86c3a11ffb95ff6132ec0b03e384c960ee0d09b4e1994ac4
run_0128,original,sipakmed,efficientnet_b0,split_04,42,B,submitted,completed,True,PASS,0,image,608,0.9536574541993119,60,60,60,754.0,run entry through output export; wall-clock UTC difference,NVIDIA GeForce RTX 3060,12.1,3.10.14,2.4.1+cu121,0.19.1,1.26.4,2.3.3,10.4.0,1.7.2,6.0.2,adamw,0.0001,0.0001,32,0,not recorded in frozen config,research-lab/experiments/registered-workflow/runs/primary/run_0128,096192d0300269b61850c7ee900fbb28ac45cf57c7d908672025dc5c36d21fcd,875b57c5d428e658e09ec525881f8273804fec989b0ddd03c053d3b41467e53f
run_0129,original,sipakmed,resnet18,split_04,52,A,submitted,completed,True,PASS,0,image,608,0.9636459285737258,12,5,60,151.0,run entry through output export; wall-clock UTC difference,NVIDIA GeForce RTX 3060,12.1,3.10.14,2.4.1+cu121,0.19.1,1.26.4,2.3.3,10.4.0,1.7.2,6.0.2,adamw,0.0001,0.0001,32,0,not recorded in frozen config,research-lab/experiments/registered-workflow/runs/primary/run_0129,163ce7295b63453bd95a2ce44ceb028ad61053690bc7357b4cb2b96941fb39a1,0b0ccf6af8a3ab6071ba9fe871ce2af69869305e62967f49bf5797bae74edcd6
run_0130,original,sipakmed,resnet18,split_04,52,B,submitted,completed,True,PASS,0,image,608,0.9740444724902124,60,60,60,747.0,run entry through output export; wall-clock UTC difference,NVIDIA GeForce RTX 3060,12.1,3.10.14,2.4.1+cu121,0.19.1,1.26.4,2.3.3,10.4.0,1.7.2,6.0.2,adamw,0.0001,0.0001,32,0,not recorded in frozen config,research-lab/experiments/registered-workflow/runs/primary/run_0130,3b7b9a461f7b6bea09ccf2be92e81c0102413e80ce5e10993e08be4507e5d225,47980b2ef85d049e3edd6577ae9fd432faece7465fcb141eba0f1d2b1af539b0
run_0131,original,sipakmed,resnet50,split_04,52,A,submitted,completed,True,PASS,0,image,608,0.9702636104679841,21,14,60,367.0,run entry through output export; wall-clock UTC difference,NVIDIA GeForce RTX 3060,12.1,3.10.14,2.4.1+cu121,0.19.1,1.26.4,2.3.3,10.4.0,1.7.2,6.0.2,adamw,0.0001,0.0001,32,0,not recorded in frozen config,research-lab/experiments/registered-workflow/runs/primary/run_0131,3331bca28666c94fc1e4d070255a009511c9575cca0dc97e3c8fef5e957cb9da,b0e25f4e484272d215a315528d567e9384e2ba1d0cd27dbd2e39f2b0aa3170de
run_0132,original,sipakmed,resnet50,split_04,52,B,submitted,completed,True,PASS,0,image,608,0.9575236517538116,60,60,60,1053.0,run entry through output export; wall-clock UTC difference,NVIDIA GeForce RTX 3060,12.1,3.10.14,2.4.1+cu121,0.19.1,1.26.4,2.3.3,10.4.0,1.7.2,6.0.2,adamw,0.0001,0.0001,32,0,not recorded in frozen config,research-lab/experiments/registered-workflow/runs/primary/run_0132,4c22bd894b6b19935c4887b765eef94f2d7253b6ef4225937ae6a28cda7a6d77,1fe1a12e24c876d4ad12565a77dbaf52df0f8d015b3b08e74e4aa58075831479
run_0133,original,sipakmed,densenet121,split_04,52,A,submitted,completed,True,PASS,0,image,608,0.9835185847157477,26,19,60,457.0,run entry through output export; wall-clock UTC difference,NVIDIA GeForce RTX 3060,12.1,3.10.14,2.4.1+cu121,0.19.1,1.26.4,2.3.3,10.4.0,1.7.2,6.0.2,adamw,0.0001,0.0001,32,0,not recorded in frozen config,research-lab/experiments/registered-workflow/runs/primary/run_0133,373b292cd54153b0ab920f3ae57e16a446ec87d6557b2f06bed6fc0f6185481d,b2071bcbb7dd1c4e525587ee2e0f7c24754ffeb76ff72f72c93d9e8dd6025ee2
run_0134,original,sipakmed,densenet121,split_04,52,B,submitted,completed,True,PASS,0,image,608,0.9705889178728075,60,60,60,1046.0,run entry through output export; wall-clock UTC difference,NVIDIA GeForce RTX 3060,12.1,3.10.14,2.4.1+cu121,0.19.1,1.26.4,2.3.3,10.4.0,1.7.2,6.0.2,adamw,0.0001,0.0001,32,0,not recorded in frozen config,research-lab/experiments/registered-workflow/runs/primary/run_0134,9b3ddcb13d1e6d928a721ecde6aec704bd31a9608b6b771ea9f0b4241c1a0a99,86791f13b4875da85605bb50f5fabbe5cf421ae761a0e760549b78030114e8eb
run_0135,original,sipakmed,efficientnet_b0,split_04,52,A,submitted,completed,True,PASS,0,image,608,0.9519482959597448,57,50,60,721.0,run entry through output export; wall-clock UTC difference,NVIDIA GeForce RTX 3060,12.1,3.10.14,2.4.1+cu121,0.19.1,1.26.4,2.3.3,10.4.0,1.7.2,6.0.2,adamw,0.0001,0.0001,32,0,not recorded in frozen config,research-lab/experiments/registered-workflow/runs/primary/run_0135,b66eb91cb4ced3f29a3438640819b163a9dfd5413aa9198bb87e530c515af7a9,0ad7c148fcfc0bdd603e1fec13a20b8a1c9bce6a2e5863f6e242fed89ebcbc5a
run_0136,original,sipakmed,efficientnet_b0,split_04,52,B,submitted,completed,True,PASS,0,image,608,0.9571692237934531,60,60,60,747.0,run entry through output export; wall-clock UTC difference,NVIDIA GeForce RTX 3060,12.1,3.10.14,2.4.1+cu121,0.19.1,1.26.4,2.3.3,10.4.0,1.7.2,6.0.2,adamw,0.0001,0.0001,32,0,not recorded in frozen config,research-lab/experiments/registered-workflow/runs/primary/run_0136,8df7cf8496b3056428ee29146d04f0e4eaa5d99157eb040dd869c42c2d2c6daf,f2e3ec99f11e6133a4707b8562c38ace74cbd1fbcaaa57bf3331b4b035b571df
run_0137,original,sipakmed,resnet18,split_04,62,A,submitted,completed,True,PASS,0,image,608,0.972147589866195,27,20,60,339.0,run entry through output export; wall-clock UTC difference,NVIDIA GeForce RTX 3060,12.1,3.10.14,2.4.1+cu121,0.19.1,1.26.4,2.3.3,10.4.0,1.7.2,6.0.2,adamw,0.0001,0.0001,32,0,not recorded in frozen config,research-lab/experiments/registered-workflow/runs/primary/run_0137,284feddd4378999a77f238e7ad76cc72d04dac0bc12a5570e4f477be460becb5,8ca627e91d778cf5d429a16e8130cd513fea864fc9af2abe61f62aa2d4c375ea
run_0138,original,sipakmed,resnet18,split_04,62,B,submitted,completed,True,PASS,0,image,608,0.9721889178728075,60,60,60,743.0,run entry through output export; wall-clock UTC difference,NVIDIA GeForce RTX 3060,12.1,3.10.14,2.4.1+cu121,0.19.1,1.26.4,2.3.3,10.4.0,1.7.2,6.0.2,adamw,0.0001,0.0001,32,0,not recorded in frozen config,research-lab/experiments/registered-workflow/runs/primary/run_0138,e91fe90a1c88685dfcd79509b18efe1a35e002b6349388e10bfefa0c9d405f49,8b4bdaf57c790bb259335abca4e487268bf403e1777927191d4a069094f58ae8
run_0139,original,sipakmed,resnet50,split_04,62,A,submitted,completed,True,PASS,0,image,608,0.9752114171951172,20,13,60,354.0,run entry through output export; wall-clock UTC difference,NVIDIA GeForce RTX 3060,12.1,3.10.14,2.4.1+cu121,0.19.1,1.26.4,2.3.3,10.4.0,1.7.2,6.0.2,adamw,0.0001,0.0001,32,0,not recorded in frozen config,research-lab/experiments/registered-workflow/runs/primary/run_0139,4e44cb3894c9122c1c2ff8e2fe05a53dbff64acb39973da9dc2f98eff81c5bb6,9447b7316a1512fced197e645cceac23e4f2f51c71bfe30979a892fbff6ed422
run_0140,original,sipakmed,resnet50,split_04,62,B,submitted,completed,True,PASS,0,image,608,0.9802269929653511,60,60,60,1055.0,run entry through output export; wall-clock UTC difference,NVIDIA GeForce RTX 3060,12.1,3.10.14,2.4.1+cu121,0.19.1,1.26.4,2.3.3,10.4.0,1.7.2,6.0.2,adamw,0.0001,0.0001,32,0,not recorded in frozen config,research-lab/experiments/registered-workflow/runs/primary/run_0140,f2836780dc7c83b9660d047eb96203f64f9e0a5d9db39f390711030f238e3af8,f8033e916bb93a6f0ef42ac0d191396519ddeb77a4caee2a9faad836c926ea37
run_0141,original,sipakmed,densenet121,split_04,62,A,submitted,completed,True,PASS,0,image,608,0.9718215866866426,22,15,60,382.0,run entry through output export; wall-clock UTC difference,NVIDIA GeForce RTX 3060,12.1,3.10.14,2.4.1+cu121,0.19.1,1.26.4,2.3.3,10.4.0,1.7.2,6.0.2,adamw,0.0001,0.0001,32,0,not recorded in frozen config,research-lab/experiments/registered-workflow/runs/primary/run_0141,8d6f4e89a992a8294fbdf1398a67da1ccf38522587c77b5e5c01a74a1bb76d5d,a4c399640d7d0fe62d241a365ba5dbbef2158bc577eb17f20cb44de6f6faa345
run_0142,original,sipakmed,densenet121,split_04,62,B,submitted,completed,True,PASS,0,image,608,0.9720398419759231,60,60,60,1045.0,run entry through output export; wall-clock UTC difference,NVIDIA GeForce RTX 3060,12.1,3.10.14,2.4.1+cu121,0.19.1,1.26.4,2.3.3,10.4.0,1.7.2,6.0.2,adamw,0.0001,0.0001,32,0,not recorded in frozen config,research-lab/experiments/registered-workflow/runs/primary/run_0142,259dad6984d1900c72dfc865edb4aa0a34d841ff1a40a2e3ca993ff60dc50498,9227f25988d38cb0238c63a9923639b8284dad8fdb90a7f5a91ea88c1e67a4cf
run_0143,original,sipakmed,efficientnet_b0,split_04,62,A,submitted,completed,True,PASS,0,image,608,0.9487082465228023,60,58,60,756.0,run entry through output export; wall-clock UTC difference,NVIDIA GeForce RTX 3060,12.1,3.10.14,2.4.1+cu121,0.19.1,1.26.4,2.3.3,10.4.0,1.7.2,6.0.2,adamw,0.0001,0.0001,32,0,not recorded in frozen config,research-lab/experiments/registered-workflow/runs/primary/run_0143,8361a4b9b28290d7f99149c17669dc821105bac1c55356f3eba64caa463c5d4e,be75e85d18f5568a78d5ef7de53ca7a7318d78e22f8480bffa688894edade5cf
run_0144,original,sipakmed,efficientnet_b0,split_04,62,B,submitted,completed,True,PASS,0,image,608,0.9536702962352649,60,60,60,749.0,run entry through output export; wall-clock UTC difference,NVIDIA GeForce RTX 3060,12.1,3.10.14,2.4.1+cu121,0.19.1,1.26.4,2.3.3,10.4.0,1.7.2,6.0.2,adamw,0.0001,0.0001,32,0,not recorded in frozen config,research-lab/experiments/registered-workflow/runs/primary/run_0144,9fe47f9eb417bdaa1b799485c15297d39892724c4b130da293913862d60c259d,493df30d57729f56c59e9f49af0251624bd4cea6c602cdb1772513b99f43af0c
run_0145,original,sipakmed,resnet18,split_04,72,A,submitted,completed,True,PASS,0,image,608,0.9669151079661221,9,2,60,114.0,run entry through output export; wall-clock UTC difference,NVIDIA GeForce RTX 3060,12.1,3.10.14,2.4.1+cu121,0.19.1,1.26.4,2.3.3,10.4.0,1.7.2,6.0.2,adamw,0.0001,0.0001,32,0,not recorded in frozen config,research-lab/experiments/registered-workflow/runs/primary/run_0145,c4b1698d1b76efdfa2ae0e846aef673c8532b6936c0509813ba800cad274f404,03ed6f6b7d9c183ee7d195dd665e5913b64873d67476025b79d908bbdaa44fee
run_0146,original,sipakmed,resnet18,split_04,72,B,submitted,completed,True,PASS,0,image,608,0.9803598421325883,60,60,60,753.0,run entry through output export; wall-clock UTC difference,NVIDIA GeForce RTX 3060,12.1,3.10.14,2.4.1+cu121,0.19.1,1.26.4,2.3.3,10.4.0,1.7.2,6.0.2,adamw,0.0001,0.0001,32,0,not recorded in frozen config,research-lab/experiments/registered-workflow/runs/primary/run_0146,fb2112c59c117e3f9e0c6744479712f72802054a44fb7caed14c02de0b45c675,bda237ba1bac2f01b12c06110cc4c06b991f64fd45b70907e7fb83e0bdf7d6c3
run_0147,original,sipakmed,resnet50,split_04,72,A,submitted,completed,True,PASS,0,image,608,0.9574972719071765,12,5,60,191.0,run entry through output export; wall-clock UTC difference,NVIDIA GeForce RTX 3060,12.1,3.10.14,2.4.1+cu121,0.19.1,1.26.4,2.3.3,10.4.0,1.7.2,6.0.2,adamw,0.0001,0.0001,32,0,not recorded in frozen config,research-lab/experiments/registered-workflow/runs/primary/run_0147,75e83d60586e2eb29e8292f9cce4a4e5fe3c040bbfd29b2a8b395fd0f9a09343,d4d0822ad6ad495ad7417c5696a9de14341a47f5b0d8d45f31704d9c929500b3
run_0148,original,sipakmed,resnet50,split_04,72,B,submitted,completed,True,PASS,0,image,608,0.9656708850859224,60,60,60,935.0,run entry through output export; wall-clock UTC difference,NVIDIA GeForce RTX 3060,12.1,3.10.14,2.4.1+cu121,0.19.1,1.26.4,2.3.3,10.4.0,1.7.2,6.0.2,adamw,0.0001,0.0001,32,0,not recorded in frozen config,research-lab/experiments/registered-workflow/runs/primary/run_0148,4a858eac7ea042a9fef57ad7f8f43c24dc03d0434ec18a71f2e399885c285c22,947e3277db295426148eb00972aca98afe13b0e6287932782f49468c7b5eeeca
run_0149,original,sipakmed,densenet121,split_04,72,A,submitted,completed,True,PASS,0,image,608,0.9590546041410406,25,18,60,427.0,run entry through output export; wall-clock UTC difference,NVIDIA GeForce RTX 3060,12.1,3.10.14,2.4.1+cu121,0.19.1,1.26.4,2.3.3,10.4.0,1.7.2,6.0.2,adamw,0.0001,0.0001,32,0,not recorded in frozen config,research-lab/experiments/registered-workflow/runs/primary/run_0149,cb1590d6843360f4baca44b9288b540698d072719f6a3ba307fc3dd0641aa8d0,b72caa8eed5f8d764ee3749adf24275213a0b6e2390b130154576b9f4b0268b6
run_0150,original,sipakmed,densenet121,split_04,72,B,submitted,completed,True,PASS,0,image,608,0.9720811699825356,60,60,60,1041.0,run entry through output export; wall-clock UTC difference,NVIDIA GeForce RTX 3060,12.1,3.10.14,2.4.1+cu121,0.19.1,1.26.4,2.3.3,10.4.0,1.7.2,6.0.2,adamw,0.0001,0.0001,32,0,not recorded in frozen config,research-lab/experiments/registered-workflow/runs/primary/run_0150,7b1d4c0c83e671e3138cc9d1133a13a9857e38acf9f610e42b465932c27fd65b,2f19fb0394d30bdbce7d53b9c688f4a887f5549f91fa9ab6fca28f6d6ab39b66
run_0151,original,sipakmed,efficientnet_b0,split_04,72,A,submitted,completed,True,PASS,0,image,608,0.9438986668008365,54,47,60,672.0,run entry through output export; wall-clock UTC difference,NVIDIA GeForce RTX 3060,12.1,3.10.14,2.4.1+cu121,0.19.1,1.26.4,2.3.3,10.4.0,1.7.2,6.0.2,adamw,0.0001,0.0001,32,0,not recorded in frozen config,research-lab/experiments/registered-workflow/runs/primary/run_0151,6d5fd935bf02cdee31232aae11daf9b6bf943c01559a879a771efc5b84f82090,999956506ea829f227f9a0be46c5106a45a06a3bc2b64711ead2e8b21fbdfc57
run_0152,original,sipakmed,efficientnet_b0,split_04,72,B,submitted,completed,True,PASS,0,image,608,0.9452526919053973,60,60,60,752.0,run entry through output export; wall-clock UTC difference,NVIDIA GeForce RTX 3060,12.1,3.10.14,2.4.1+cu121,0.19.1,1.26.4,2.3.3,10.4.0,1.7.2,6.0.2,adamw,0.0001,0.0001,32,0,not recorded in frozen config,research-lab/experiments/registered-workflow/runs/primary/run_0152,ffea53f8f1aac6d061a908b3d5d046194e4809e8a1d927c57bc8b3c0379b14fa,44c47548c46bc3d569594e76bc675f20fa20e10234435031143478d8c60bae98
run_0153,original,sipakmed,resnet18,split_04,82,A,submitted,completed,True,PASS,0,image,608,0.9754011865137382,13,6,60,165.0,run entry through output export; wall-clock UTC difference,NVIDIA GeForce RTX 3060,12.1,3.10.14,2.4.1+cu121,0.19.1,1.26.4,2.3.3,10.4.0,1.7.2,6.0.2,adamw,0.0001,0.0001,32,0,not recorded in frozen config,research-lab/experiments/registered-workflow/runs/primary/run_0153,1239dcdd0c997adcddf03b233e123c3eb5c20daae400733f26cbaddad3a96ad7,0d4cffed190559de9435327b3c7e98082bd6eba48a8510b3d065cce465ea8018
run_0154,original,sipakmed,resnet18,split_04,82,B,submitted,completed,True,PASS,0,image,608,0.9805374134000507,60,60,60,741.0,run entry through output export; wall-clock UTC difference,NVIDIA GeForce RTX 3060,12.1,3.10.14,2.4.1+cu121,0.19.1,1.26.4,2.3.3,10.4.0,1.7.2,6.0.2,adamw,0.0001,0.0001,32,0,not recorded in frozen config,research-lab/experiments/registered-workflow/runs/primary/run_0154,1a9c2b9e62523b7e7fbf5a787c1fe4b98ca2a1265b242be8cde68581ccadaf99,0bbf9bf96b242d79eef2ac1176d1631945dc9f204bf9d3f785467fad38ee58bc
run_0155,original,sipakmed,resnet50,split_04,82,A,submitted,completed,True,PASS,0,image,608,0.9638268845348822,10,3,60,178.0,run entry through output export; wall-clock UTC difference,NVIDIA GeForce RTX 3060,12.1,3.10.14,2.4.1+cu121,0.19.1,1.26.4,2.3.3,10.4.0,1.7.2,6.0.2,adamw,0.0001,0.0001,32,0,not recorded in frozen config,research-lab/experiments/registered-workflow/runs/primary/run_0155,be1cfb75d1ceb11c0255015013ba79cdee7fe7967937eacce5e47cbbd56f16fc,35c94374c48f9b1768984ee122fdd5a9aec7973a29857238bd03bc345da122df
run_0156,original,sipakmed,resnet50,split_04,82,B,submitted,completed,True,PASS,0,image,608,0.9738676063973977,60,60,60,1042.0,run entry through output export; wall-clock UTC difference,NVIDIA GeForce RTX 3060,12.1,3.10.14,2.4.1+cu121,0.19.1,1.26.4,2.3.3,10.4.0,1.7.2,6.0.2,adamw,0.0001,0.0001,32,0,not recorded in frozen config,research-lab/experiments/registered-workflow/runs/primary/run_0156,e6b587017d4dc9293f6121cdc36ae498fac7e2fba509b8076b4121f9f3cdd9bf,c79c178c7e9b5265ee22c0b6b10f4fda120061117f38b69c583df30e8dddb683
run_0157,original,sipakmed,densenet121,split_04,82,A,submitted,completed,True,PASS,0,image,608,0.9738682503821918,22,15,60,385.0,run entry through output export; wall-clock UTC difference,NVIDIA GeForce RTX 3060,12.1,3.10.14,2.4.1+cu121,0.19.1,1.26.4,2.3.3,10.4.0,1.7.2,6.0.2,adamw,0.0001,0.0001,32,0,not recorded in frozen config,research-lab/experiments/registered-workflow/runs/primary/run_0157,4340ca09e5be90f230b0b49f171a5d2c961a985a368a101601d43c79b2b795b6,5a212bf754e4c222264229b912154aaaa2e6d5e034a9191b5aac0c897f5ae834
run_0158,original,sipakmed,densenet121,split_04,82,B,submitted,completed,True,PASS,0,image,608,0.9655048678848248,60,60,60,1044.0,run entry through output export; wall-clock UTC difference,NVIDIA GeForce RTX 3060,12.1,3.10.14,2.4.1+cu121,0.19.1,1.26.4,2.3.3,10.4.0,1.7.2,6.0.2,adamw,0.0001,0.0001,32,0,not recorded in frozen config,research-lab/experiments/registered-workflow/runs/primary/run_0158,3d582d036c5e1e097fe95b7b75463c48b0651fbf0e5eb98d1c300b269c017aa7,60a4247f54f84eaebeca63b7c041f5df6f79d5688f813b83a2265c971599dcba
run_0159,original,sipakmed,efficientnet_b0,split_04,82,A,submitted,completed,True,PASS,0,image,608,0.9436397886795909,49,42,60,617.0,run entry through output export; wall-clock UTC difference,NVIDIA GeForce RTX 3060,12.1,3.10.14,2.4.1+cu121,0.19.1,1.26.4,2.3.3,10.4.0,1.7.2,6.0.2,adamw,0.0001,0.0001,32,0,not recorded in frozen config,research-lab/experiments/registered-workflow/runs/primary/run_0159,415ad83da68f68128dcd283da9002c4eeb2a9907b1d247b15efde3cd7b364612,7aaf8511eddb104f24c0be4017537313b54dddf75835d5ad82d778b0244fb811
run_0160,original,sipakmed,efficientnet_b0,split_04,82,B,submitted,completed,True,PASS,0,image,608,0.9469069231378164,60,60,60,753.0,run entry through output export; wall-clock UTC difference,NVIDIA GeForce RTX 3060,12.1,3.10.14,2.4.1+cu121,0.19.1,1.26.4,2.3.3,10.4.0,1.7.2,6.0.2,adamw,0.0001,0.0001,32,0,not recorded in frozen config,research-lab/experiments/registered-workflow/runs/primary/run_0160,f8f5d7bf8e1802199ae899feff6c029339f7c3a8efa432398c861388eaa04fea,93a6bb1efc8fbd7bdcbb413b81e903263221177eef26411102d7c8ee70ffb05e
run_0161,original,sipakmed,resnet18,split_05,42,A,submitted,completed,True,PASS,0,image,608,0.9570072964606972,15,8,60,184.0,run entry through output export; wall-clock UTC difference,NVIDIA GeForce RTX 3060,12.1,3.10.14,2.4.1+cu121,0.19.1,1.26.4,2.3.3,10.4.0,1.7.2,6.0.2,adamw,0.0001,0.0001,32,0,not recorded in frozen config,research-lab/experiments/registered-workflow/runs/primary/run_0161,6ecdf7c7e641af831136a05237ed75914ec9238b8fbd06db5d92327da2e5c47f,1d993599197d9e1583f10a152950ed68d6c7bd285bf7c0f307dd1a97d4756b09
run_0162,original,sipakmed,resnet18,split_05,42,B,submitted,completed,True,PASS,0,image,608,0.9671204600295962,60,60,60,734.0,run entry through output export; wall-clock UTC difference,NVIDIA GeForce RTX 3060,12.1,3.10.14,2.4.1+cu121,0.19.1,1.26.4,2.3.3,10.4.0,1.7.2,6.0.2,adamw,0.0001,0.0001,32,0,not recorded in frozen config,research-lab/experiments/registered-workflow/runs/primary/run_0162,be98b0f38500827816b51962cb7350674319811bfb3b4590c452a028c14b025a,49a7e733f26fadbda1527103eed21414aff410f55de2ed4cef8a78955e857d6e
run_0163,original,sipakmed,resnet50,split_05,42,A,submitted,completed,True,PASS,0,image,608,0.9675419612583267,20,13,60,353.0,run entry through output export; wall-clock UTC difference,NVIDIA GeForce RTX 3060,12.1,3.10.14,2.4.1+cu121,0.19.1,1.26.4,2.3.3,10.4.0,1.7.2,6.0.2,adamw,0.0001,0.0001,32,0,not recorded in frozen config,research-lab/experiments/registered-workflow/runs/primary/run_0163,3ee263994f70f9f5a33c1bc6e81d8eb26683970dc9cf6693980f9d0b649ea1aa,e437efb59e58e4941867d55cda6fe33541113027a8026c5ffe123e3e673d5802
run_0164,original,sipakmed,resnet50,split_05,42,B,submitted,completed,True,PASS,0,image,608,0.967174691262015,60,60,60,974.0,run entry through output export; wall-clock UTC difference,NVIDIA GeForce RTX 3060,12.1,3.10.14,2.4.1+cu121,0.19.1,1.26.4,2.3.3,10.4.0,1.7.2,6.0.2,adamw,0.0001,0.0001,32,0,not recorded in frozen config,research-lab/experiments/registered-workflow/runs/primary/run_0164,868a5327f3ca37cdb44c8cd2d10e24ca16ba16fbfdb3e26133210fac53403df3,b8e1d13b4973a015e0ab4b2c90bb5ecb9ef665d8afc4011f23aa6331b3beca9c
run_0165,original,sipakmed,densenet121,split_05,42,A,submitted,completed,True,PASS,0,image,608,0.9557372765288029,18,11,60,280.0,run entry through output export; wall-clock UTC difference,NVIDIA GeForce RTX 3060,12.1,3.10.14,2.4.1+cu121,0.19.1,1.26.4,2.3.3,10.4.0,1.7.2,6.0.2,adamw,0.0001,0.0001,32,0,not recorded in frozen config,research-lab/experiments/registered-workflow/runs/primary/run_0165,522ddc9be830eadfab5e78e88959800ca5b560625b5ccb6d797b81e333b40ad7,a9fcd74f1ec074c8f87866a172d149c89794d9839a3e3e4c8274658659a15125
run_0166,original,sipakmed,densenet121,split_05,42,B,submitted,completed,True,PASS,0,image,608,0.958743539721547,60,60,60,928.0,run entry through output export; wall-clock UTC difference,NVIDIA GeForce RTX 3060,12.1,3.10.14,2.4.1+cu121,0.19.1,1.26.4,2.3.3,10.4.0,1.7.2,6.0.2,adamw,0.0001,0.0001,32,0,not recorded in frozen config,research-lab/experiments/registered-workflow/runs/primary/run_0166,dfcf1805fd28497e1ff96b3768c480b898e024c54212d6df1de3ec03f6c1a59a,bc54d4345a12b35437f8720d98475c93c9a862ebc70840791b67ed0b77249a0d
run_0167,original,sipakmed,efficientnet_b0,split_05,42,A,submitted,completed,True,PASS,0,image,608,0.9575120976874469,54,47,60,646.0,run entry through output export; wall-clock UTC difference,NVIDIA GeForce RTX 3060,12.1,3.10.14,2.4.1+cu121,0.19.1,1.26.4,2.3.3,10.4.0,1.7.2,6.0.2,adamw,0.0001,0.0001,32,0,not recorded in frozen config,research-lab/experiments/registered-workflow/runs/primary/run_0167,4b5819fd3b07f266929299aedd7841cef7acc1864b1bb2ffe6f9e62b95a4861a,d66ffa1328baf8e3a326b4af44dd07e071236a9cb0a856ae12e8c48f61a05f74
run_0168,original,sipakmed,efficientnet_b0,split_05,42,B,submitted,completed,True,PASS,0,image,608,0.9606139201192223,60,60,60,754.0,run entry through output export; wall-clock UTC difference,NVIDIA GeForce RTX 3060,12.1,3.10.14,2.4.1+cu121,0.19.1,1.26.4,2.3.3,10.4.0,1.7.2,6.0.2,adamw,0.0001,0.0001,32,0,not recorded in frozen config,research-lab/experiments/registered-workflow/runs/primary/run_0168,b3e77b7c9f8029a69dd642951f646f7bbd3e64a6164bd67c5a23ba3cbe7d733e,a36e5aa71c52f24ba5598545d140271b0374672d80633ca4016cc7a9b305c460
run_0169,original,sipakmed,resnet18,split_05,52,A,submitted,completed,True,PASS,0,image,608,0.9609114985179689,12,5,60,152.0,run entry through output export; wall-clock UTC difference,NVIDIA GeForce RTX 3060,12.1,3.10.14,2.4.1+cu121,0.19.1,1.26.4,2.3.3,10.4.0,1.7.2,6.0.2,adamw,0.0001,0.0001,32,0,not recorded in frozen config,research-lab/experiments/registered-workflow/runs/primary/run_0169,375e29cf3c2401313b506c309fbc6611da899bae59f1e964dfea806cbc167d83,4cbb4dbc39c44d429900ac91c22fc94f3e707f05bfbf517e7abb22708d9a02ef
run_0170,original,sipakmed,resnet18,split_05,52,B,submitted,completed,True,PASS,0,image,608,0.9704966915375351,60,60,60,745.0,run entry through output export; wall-clock UTC difference,NVIDIA GeForce RTX 3060,12.1,3.10.14,2.4.1+cu121,0.19.1,1.26.4,2.3.3,10.4.0,1.7.2,6.0.2,adamw,0.0001,0.0001,32,0,not recorded in frozen config,research-lab/experiments/registered-workflow/runs/primary/run_0170,de42c1792c40b17dc0795a855315c0c2674e71817d43527d19fa01bea6b00dfd,5a2104aa7572e6fb32d05b972dbc3300f2a6651f1e79f8e0f47071e35c03a146
run_0171,original,sipakmed,resnet50,split_05,52,A,submitted,completed,True,PASS,0,image,608,0.9639475356509605,11,4,60,194.0,run entry through output export; wall-clock UTC difference,NVIDIA GeForce RTX 3060,12.1,3.10.14,2.4.1+cu121,0.19.1,1.26.4,2.3.3,10.4.0,1.7.2,6.0.2,adamw,0.0001,0.0001,32,0,not recorded in frozen config,research-lab/experiments/registered-workflow/runs/primary/run_0171,58dd0798fbf6b39cdbc9ce58fe3af4c61cefccaa766dadb51c91e4c4a8095231,a090b5532b08233ad91e24b374ab9213d94634e64d9f215262de2468e49a74df
run_0172,original,sipakmed,resnet50,split_05,52,B,submitted,completed,True,PASS,0,image,608,0.9656166538535033,60,60,60,1050.0,run entry through output export; wall-clock UTC difference,NVIDIA GeForce RTX 3060,12.1,3.10.14,2.4.1+cu121,0.19.1,1.26.4,2.3.3,10.4.0,1.7.2,6.0.2,adamw,0.0001,0.0001,32,0,not recorded in frozen config,research-lab/experiments/registered-workflow/runs/primary/run_0172,09ffbf463f5115bed9e63c423964b6e6fa8dedf6c4268d8c6f9dbc14d05f69fb,73da395e47076bd89903118a43e90cc6eab6c0e2b91ea2646278ab8734da2296
run_0173,original,sipakmed,densenet121,split_05,52,A,submitted,completed,True,PASS,0,image,608,0.9541230241435548,14,7,60,247.0,run entry through output export; wall-clock UTC difference,NVIDIA GeForce RTX 3060,12.1,3.10.14,2.4.1+cu121,0.19.1,1.26.4,2.3.3,10.4.0,1.7.2,6.0.2,adamw,0.0001,0.0001,32,0,not recorded in frozen config,research-lab/experiments/registered-workflow/runs/primary/run_0173,c9cc02446cf398ead58dc79feb1097503d253e0051bd09c04f4eff9bb1cb27d8,b887f2fc6fe49d23ef4f6b90b117933f4b0d1318f8645d49df55a490372262e6
run_0174,original,sipakmed,densenet121,split_05,52,B,submitted,completed,True,PASS,0,image,608,0.9573637175652916,60,60,60,1044.0,run entry through output export; wall-clock UTC difference,NVIDIA GeForce RTX 3060,12.1,3.10.14,2.4.1+cu121,0.19.1,1.26.4,2.3.3,10.4.0,1.7.2,6.0.2,adamw,0.0001,0.0001,32,0,not recorded in frozen config,research-lab/experiments/registered-workflow/runs/primary/run_0174,dba32142183e06a2c404f3f61c5b7978450a5de40e0a8d51841eaba47d37009a,956df100cfb82695cfa85f0ae55e3ccbdd490ed61fcd62f855a966e09b129f95
run_0175,original,sipakmed,efficientnet_b0,split_05,52,A,submitted,completed,True,PASS,0,image,608,0.9589603328715975,60,58,60,756.0,run entry through output export; wall-clock UTC difference,NVIDIA GeForce RTX 3060,12.1,3.10.14,2.4.1+cu121,0.19.1,1.26.4,2.3.3,10.4.0,1.7.2,6.0.2,adamw,0.0001,0.0001,32,0,not recorded in frozen config,research-lab/experiments/registered-workflow/runs/primary/run_0175,2de3611b57e5a05c36644ae0313c6dcbba53e363d1cdece366814399b406c5b3,54c6ded3fe3187ed5954b853dac9d4015e8eec198bdac4c8349dde0903b7493b
run_0176,original,sipakmed,efficientnet_b0,split_05,52,B,submitted,completed,True,PASS,0,image,608,0.9590307908336635,60,60,60,740.0,run entry through output export; wall-clock UTC difference,NVIDIA GeForce RTX 3060,12.1,3.10.14,2.4.1+cu121,0.19.1,1.26.4,2.3.3,10.4.0,1.7.2,6.0.2,adamw,0.0001,0.0001,32,0,not recorded in frozen config,research-lab/experiments/registered-workflow/runs/primary/run_0176,52ab0b05cfd1dfb77c2d0e4119f92aac0248ece4b62fc991973bdebf48f2d10f,f365224a5c6560f63cc967770be7fe76a0d0dd0675e33129ec5bee4a60d36a43
run_0177,original,sipakmed,resnet18,split_05,62,A,submitted,completed,True,PASS,0,image,608,0.9670242662056892,16,9,60,199.0,run entry through output export; wall-clock UTC difference,NVIDIA GeForce RTX 3060,12.1,3.10.14,2.4.1+cu121,0.19.1,1.26.4,2.3.3,10.4.0,1.7.2,6.0.2,adamw,0.0001,0.0001,32,0,not recorded in frozen config,research-lab/experiments/registered-workflow/runs/primary/run_0177,04d363cbb566ae196fd8ce82c4113f4709971eaaf5eed7f329792e532375ea06,6de5c410e5fd1ebe8be9f92be0c25cf8723a50e0d85f708d5b2d89abf8e124b2
run_0178,original,sipakmed,resnet18,split_05,62,B,submitted,completed,True,PASS,0,image,608,0.9658321590339656,60,60,60,744.0,run entry through output export; wall-clock UTC difference,NVIDIA GeForce RTX 3060,12.1,3.10.14,2.4.1+cu121,0.19.1,1.26.4,2.3.3,10.4.0,1.7.2,6.0.2,adamw,0.0001,0.0001,32,0,not recorded in frozen config,research-lab/experiments/registered-workflow/runs/primary/run_0178,acc08f96cf9ed2586817d248b465ccf846728eb3276642bf1b83bb5b63f0ba27,f434aa02e5824edfdc516760f0a7e36c13651ffc8742dc76fa50366e97d80eb2
run_0179,original,sipakmed,resnet50,split_05,62,A,submitted,completed,True,PASS,0,image,608,0.9605068680036796,14,7,60,248.0,run entry through output export; wall-clock UTC difference,NVIDIA GeForce RTX 3060,12.1,3.10.14,2.4.1+cu121,0.19.1,1.26.4,2.3.3,10.4.0,1.7.2,6.0.2,adamw,0.0001,0.0001,32,0,not recorded in frozen config,research-lab/experiments/registered-workflow/runs/primary/run_0179,db71e222c218dbde14bbf6053c4b2e7a2ec40f6ebb61cfd724d4c43868d20a36,b02bf7b9bf4c5242e6e9d564c93b44d6fc30dde0b2ec1df97def9aa970a2e4cc
run_0180,original,sipakmed,resnet50,split_05,62,B,submitted,completed,True,PASS,0,image,608,0.9722560523310328,60,60,60,998.0,run entry through output export; wall-clock UTC difference,NVIDIA GeForce RTX 3060,12.1,3.10.14,2.4.1+cu121,0.19.1,1.26.4,2.3.3,10.4.0,1.7.2,6.0.2,adamw,0.0001,0.0001,32,0,not recorded in frozen config,research-lab/experiments/registered-workflow/runs/primary/run_0180,008dd00891efee9d7525876b3ad1e63f43424ec08ae3639ad32415741fb0b05b,d330b17802f7d018c0693ab31d5e34328e79d9df227f204b96c84ba488e08326
run_0181,original,sipakmed,densenet121,split_05,62,A,submitted,completed,True,PASS,0,image,608,0.9426456305631719,16,9,60,249.0,run entry through output export; wall-clock UTC difference,NVIDIA GeForce RTX 3060,12.1,3.10.14,2.4.1+cu121,0.19.1,1.26.4,2.3.3,10.4.0,1.7.2,6.0.2,adamw,0.0001,0.0001,32,0,not recorded in frozen config,research-lab/experiments/registered-workflow/runs/primary/run_0181,157dfdd12323701cbab4670e01e097cf18fa2793c56edbf1119fae24f51d61cc,6a608f8c9e8c9b1d68dd4aad5b2fbe09016196ae1deff7c230b63b548e19385c
run_0182,original,sipakmed,densenet121,split_05,62,B,submitted,completed,True,PASS,0,image,608,0.9509798737051669,60,60,60,995.0,run entry through output export; wall-clock UTC difference,NVIDIA GeForce RTX 3060,12.1,3.10.14,2.4.1+cu121,0.19.1,1.26.4,2.3.3,10.4.0,1.7.2,6.0.2,adamw,0.0001,0.0001,32,0,not recorded in frozen config,research-lab/experiments/registered-workflow/runs/primary/run_0182,a3cb0172255dd49c594f840d1fa710dd5249676009e2df312fd5952aecab9155,a39fdf6ac43fb29d6c94af6372a8b7865aad49810296e372f06186c6aa63ade3
run_0183,original,sipakmed,efficientnet_b0,split_05,62,A,submitted,completed,True,PASS,0,image,608,0.9606281631045521,56,49,60,709.0,run entry through output export; wall-clock UTC difference,NVIDIA GeForce RTX 3060,12.1,3.10.14,2.4.1+cu121,0.19.1,1.26.4,2.3.3,10.4.0,1.7.2,6.0.2,adamw,0.0001,0.0001,32,0,not recorded in frozen config,research-lab/experiments/registered-workflow/runs/primary/run_0183,45470acbc7afbc016a4194f31d483cb78e5fe03bf5f68dda812c5382ad5dbb1f,69a17a2b2bbb826bc54a158987e478246a84963591fcce5927535160ff009dd1
run_0184,original,sipakmed,efficientnet_b0,split_05,62,B,submitted,completed,True,PASS,0,image,608,0.9542456072140155,60,60,60,755.0,run entry through output export; wall-clock UTC difference,NVIDIA GeForce RTX 3060,12.1,3.10.14,2.4.1+cu121,0.19.1,1.26.4,2.3.3,10.4.0,1.7.2,6.0.2,adamw,0.0001,0.0001,32,0,not recorded in frozen config,research-lab/experiments/registered-workflow/runs/primary/run_0184,5ae7fbd5d9533d2bcbabd709a35005eddee1ed0f537f04cb9f28a237a839dd93,1ceadb8c5d3729890ca9fb66e54b25584f720182f7bf7fbab289064a282d019b
run_0185,original,sipakmed,resnet18,split_05,72,A,submitted,completed,True,PASS,0,image,608,0.9640695359264806,12,5,60,152.0,run entry through output export; wall-clock UTC difference,NVIDIA GeForce RTX 3060,12.1,3.10.14,2.4.1+cu121,0.19.1,1.26.4,2.3.3,10.4.0,1.7.2,6.0.2,adamw,0.0001,0.0001,32,0,not recorded in frozen config,research-lab/experiments/registered-workflow/runs/primary/run_0185,024240abb6530861594a204a7920fb4b71f5751c3863d10e3d8413688c9e5dbc,cedadd7b41af6ee0f2b73835965d170273ac2a4531cb1b1c34f9860a87bddddc
run_0186,original,sipakmed,resnet18,split_05,72,B,submitted,completed,True,PASS,0,image,608,0.9705611276768773,60,60,60,738.0,run entry through output export; wall-clock UTC difference,NVIDIA GeForce RTX 3060,12.1,3.10.14,2.4.1+cu121,0.19.1,1.26.4,2.3.3,10.4.0,1.7.2,6.0.2,adamw,0.0001,0.0001,32,0,not recorded in frozen config,research-lab/experiments/registered-workflow/runs/primary/run_0186,9e9275815f86bd15fd6bb96ab485a8f3924e42afbdeb5048d68921a8f3ad4d1a,f49fc809e62f6613edfc8d906e844d067b831d126e18a1e6074bdac323b50d25
run_0187,original,sipakmed,resnet50,split_05,72,A,submitted,completed,True,PASS,0,image,608,0.967444418274978,14,7,60,249.0,run entry through output export; wall-clock UTC difference,NVIDIA GeForce RTX 3060,12.1,3.10.14,2.4.1+cu121,0.19.1,1.26.4,2.3.3,10.4.0,1.7.2,6.0.2,adamw,0.0001,0.0001,32,0,not recorded in frozen config,research-lab/experiments/registered-workflow/runs/primary/run_0187,6dfb842a48e83229d260d1d3e8d57b582cf526e6abacd0b8d78c8e1879b289cb,fe6935a75b1611322c648990058812470dc34f533556f625134cd4fb14c9d7cf
run_0188,original,sipakmed,resnet50,split_05,72,B,submitted,completed,True,PASS,0,image,608,0.9673088801887756,60,60,60,1055.0,run entry through output export; wall-clock UTC difference,NVIDIA GeForce RTX 3060,12.1,3.10.14,2.4.1+cu121,0.19.1,1.26.4,2.3.3,10.4.0,1.7.2,6.0.2,adamw,0.0001,0.0001,32,0,not recorded in frozen config,research-lab/experiments/registered-workflow/runs/primary/run_0188,2d871554873755d0d6166e16cf7d7b3b378acf11d529a535536f329914209766,593c5c7b191db8c9d75f89e5d3ec9c4cbac7ff236b83e865e3a80d4c5274964f
run_0189,original,sipakmed,densenet121,split_05,72,A,submitted,completed,True,PASS,0,image,608,0.9423481133542788,15,8,60,266.0,run entry through output export; wall-clock UTC difference,NVIDIA GeForce RTX 3060,12.1,3.10.14,2.4.1+cu121,0.19.1,1.26.4,2.3.3,10.4.0,1.7.2,6.0.2,adamw,0.0001,0.0001,32,0,not recorded in frozen config,research-lab/experiments/registered-workflow/runs/primary/run_0189,11af6162d4ba38746124405c3bac245e70af04e3bd7ada7e1a4957a355da974b,34f2b196477dbc2d4802dacb70687308270ea2ecf6de36114a764533250e373e
run_0190,original,sipakmed,densenet121,split_05,72,B,submitted,completed,True,PASS,0,image,608,0.9507765665758636,60,60,60,1048.0,run entry through output export; wall-clock UTC difference,NVIDIA GeForce RTX 3060,12.1,3.10.14,2.4.1+cu121,0.19.1,1.26.4,2.3.3,10.4.0,1.7.2,6.0.2,adamw,0.0001,0.0001,32,0,not recorded in frozen config,research-lab/experiments/registered-workflow/runs/primary/run_0190,4d2b4211b76d9b8754cf35604d0840af9e9f21b35a9e597503775b5816540d67,d276349299c9b59cf5c4d5fecd49041bf816d700aff804a0a29e431beda1c067
run_0191,original,sipakmed,efficientnet_b0,split_05,72,A,submitted,completed,True,PASS,0,image,608,0.9575920647817069,60,60,60,752.0,run entry through output export; wall-clock UTC difference,NVIDIA GeForce RTX 3060,12.1,3.10.14,2.4.1+cu121,0.19.1,1.26.4,2.3.3,10.4.0,1.7.2,6.0.2,adamw,0.0001,0.0001,32,0,not recorded in frozen config,research-lab/experiments/registered-workflow/runs/primary/run_0191,a4d0921109ea613b67d5fc61a74692d66f3c35882b62af69683cf5a4f1ccb4bb,eb2a6a8bae515fcec9ba88963485ef4f244de709d4083769e2afcbee9a0e998e
run_0192,original,sipakmed,efficientnet_b0,split_05,72,B,submitted,completed,True,PASS,0,image,608,0.9575920647817069,60,60,60,760.0,run entry through output export; wall-clock UTC difference,NVIDIA GeForce RTX 3060,12.1,3.10.14,2.4.1+cu121,0.19.1,1.26.4,2.3.3,10.4.0,1.7.2,6.0.2,adamw,0.0001,0.0001,32,0,not recorded in frozen config,research-lab/experiments/registered-workflow/runs/primary/run_0192,4a04238385ec35d175ae9e73fbf787f3882439d40d79ba6602e662de28561b11,ced7d927a7ff8f407dbb09ab7c6501d011d85c9891ca5fe69b2a643bd8353d61
run_0193,original,sipakmed,resnet18,split_05,82,A,submitted,completed,True,PASS,0,image,608,0.9574430406747574,15,8,60,188.0,run entry through output export; wall-clock UTC difference,NVIDIA GeForce RTX 3060,12.1,3.10.14,2.4.1+cu121,0.19.1,1.26.4,2.3.3,10.4.0,1.7.2,6.0.2,adamw,0.0001,0.0001,32,0,not recorded in frozen config,research-lab/experiments/registered-workflow/runs/primary/run_0193,e54031c8c938654150573c8ec0bde28cbc4b35aae6bcbc807e6a72c27767aa36,abd8627ecb9097c9ad864d886182e48d0fdbe318fd54fc3b9c8408bfb96c3571
run_0194,original,sipakmed,resnet18,split_05,82,B,submitted,completed,True,PASS,0,image,608,0.9705082456038999,60,60,60,750.0,run entry through output export; wall-clock UTC difference,NVIDIA GeForce RTX 3060,12.1,3.10.14,2.4.1+cu121,0.19.1,1.26.4,2.3.3,10.4.0,1.7.2,6.0.2,adamw,0.0001,0.0001,32,0,not recorded in frozen config,research-lab/experiments/registered-workflow/runs/primary/run_0194,c94747fc44ed53528cc2468333a3aff0ac0c89e0503ee8ea6889862f5a5a7d29,27cc8af29a5970c45e270458bc2361485599af36ef20f8c1647b013635975346
run_0195,original,sipakmed,resnet50,split_05,82,A,submitted,completed,True,PASS,0,image,608,0.9640728688302398,18,11,60,321.0,run entry through output export; wall-clock UTC difference,NVIDIA GeForce RTX 3060,12.1,3.10.14,2.4.1+cu121,0.19.1,1.26.4,2.3.3,10.4.0,1.7.2,6.0.2,adamw,0.0001,0.0001,32,0,not recorded in frozen config,research-lab/experiments/registered-workflow/runs/primary/run_0195,941ea24ee996fd079522db0dc86689761fca86bd9c5cb7607894bb825ec1cfef,d114d7564cc75cf2c25b5e91ba1a542e82cd76cabfbc0436ef065873e237c844
run_0196,original,sipakmed,resnet50,split_05,82,B,submitted,completed,True,PASS,0,image,608,0.9786798750383283,60,60,60,1050.0,run entry through output export; wall-clock UTC difference,NVIDIA GeForce RTX 3060,12.1,3.10.14,2.4.1+cu121,0.19.1,1.26.4,2.3.3,10.4.0,1.7.2,6.0.2,adamw,0.0001,0.0001,32,0,not recorded in frozen config,research-lab/experiments/registered-workflow/runs/primary/run_0196,8d20f6454d274fd9ab683cc94a4baf8e89bac6197ee34bcd98288387c0ac441f,b609bf9ab08ce6f17d6487e5210a82284df050a73139f9ef9fb0ea07a2abbf6b
run_0197,original,sipakmed,densenet121,split_05,82,A,submitted,completed,True,PASS,0,image,608,0.9571706247428298,20,13,60,350.0,run entry through output export; wall-clock UTC difference,NVIDIA GeForce RTX 3060,12.1,3.10.14,2.4.1+cu121,0.19.1,1.26.4,2.3.3,10.4.0,1.7.2,6.0.2,adamw,0.0001,0.0001,32,0,not recorded in frozen config,research-lab/experiments/registered-workflow/runs/primary/run_0197,490dd489ae7a8be73e4564d9ff11d45debb3202c20d516868b01823e476ba7f0,752a263bdadb6fd24c1cc36b5960a270aad802d4e5674676423a64a233f743f0
run_0198,original,sipakmed,densenet121,split_05,82,B,submitted,completed,True,PASS,0,image,608,0.9637855565282697,60,60,60,1047.0,run entry through output export; wall-clock UTC difference,NVIDIA GeForce RTX 3060,12.1,3.10.14,2.4.1+cu121,0.19.1,1.26.4,2.3.3,10.4.0,1.7.2,6.0.2,adamw,0.0001,0.0001,32,0,not recorded in frozen config,research-lab/experiments/registered-workflow/runs/primary/run_0198,92ed4081c559ca7df6d96b27fb97141f0e42d096a6758c8a1e1b85b7d7455e2d,1b307f930e931dec50800bec12af3496ca5aafaf6281b4a14cb73eb68fc73ea3
run_0199,original,sipakmed,efficientnet_b0,split_05,82,A,submitted,completed,True,PASS,0,image,608,0.9607914301968311,60,60,60,762.0,run entry through output export; wall-clock UTC difference,NVIDIA GeForce RTX 3060,12.1,3.10.14,2.4.1+cu121,0.19.1,1.26.4,2.3.3,10.4.0,1.7.2,6.0.2,adamw,0.0001,0.0001,32,0,not recorded in frozen config,research-lab/experiments/registered-workflow/runs/primary/run_0199,3ca48b001701501e8a0ecd099293c98a78d37544e5da506e37bb273cf3f11565,fb421a7ebceadfdd8766e0b5078a9adec3e4b61ffcf4f4c185cd48461ae1fb3e
run_0200,original,sipakmed,efficientnet_b0,split_05,82,B,submitted,completed,True,PASS,0,image,608,0.9607914301968311,60,60,60,758.0,run entry through output export; wall-clock UTC difference,NVIDIA GeForce RTX 3060,12.1,3.10.14,2.4.1+cu121,0.19.1,1.26.4,2.3.3,10.4.0,1.7.2,6.0.2,adamw,0.0001,0.0001,32,0,not recorded in frozen config,research-lab/experiments/registered-workflow/runs/primary/run_0200,efbfed8e0924a685ca58bea8c022dac64347f2d3087a16aa037eb96607305aa4,c7219073f0f9013de08a01f9e4cdb41a3ea07c06a370d413a21c6f644b2fa5ae
run_0201,original,sipakmed,resnet18,split_06,42,A,submitted,completed,True,PASS,0,image,608,0.9640721636555922,17,10,60,209.0,run entry through output export; wall-clock UTC difference,NVIDIA GeForce RTX 3060,12.1,3.10.14,2.4.1+cu121,0.19.1,1.26.4,2.3.3,10.4.0,1.7.2,6.0.2,adamw,0.0001,0.0001,32,0,not recorded in frozen config,research-lab/experiments/registered-workflow/runs/primary/run_0201,c045b8000fb906777d1fe3d0fa3b14e1e287bd41109f6a90e0bc761aacb56c0b,417b27e7c22315a12868aec616cfa54c7b800f77a6bc9e4a3509ed544d526f52
run_0202,original,sipakmed,resnet18,split_06,42,B,submitted,completed,True,PASS,0,image,608,0.9708619777895293,60,60,60,699.0,run entry through output export; wall-clock UTC difference,NVIDIA GeForce RTX 3060,12.1,3.10.14,2.4.1+cu121,0.19.1,1.26.4,2.3.3,10.4.0,1.7.2,6.0.2,adamw,0.0001,0.0001,32,0,not recorded in frozen config,research-lab/experiments/registered-workflow/runs/primary/run_0202,ca036d1c754ffac902be1644446a948f64f227625e82403f383300cc6ba52ef2,6f0efc949bce4bf16ec98ad147850741bbbc0bb96761efa2d90010ba7ba76bdb
run_0203,original,sipakmed,resnet50,split_06,42,A,submitted,completed,True,PASS,0,image,608,0.970550922769954,23,16,60,362.0,run entry through output export; wall-clock UTC difference,NVIDIA GeForce RTX 3060,12.1,3.10.14,2.4.1+cu121,0.19.1,1.26.4,2.3.3,10.4.0,1.7.2,6.0.2,adamw,0.0001,0.0001,32,0,not recorded in frozen config,research-lab/experiments/registered-workflow/runs/primary/run_0203,cbc3d4589e549512148882fced43a835e5d4260e93976ed4dfd35a6f4e387809,a3e7a93100d6c6152bab0f8042b26f1cdeeadc12d8f76193911287b2fd74f5d1
run_0204,original,sipakmed,resnet50,split_06,42,B,submitted,completed,True,PASS,0,image,608,0.9526083078858913,60,60,60,940.0,run entry through output export; wall-clock UTC difference,NVIDIA GeForce RTX 3060,12.1,3.10.14,2.4.1+cu121,0.19.1,1.26.4,2.3.3,10.4.0,1.7.2,6.0.2,adamw,0.0001,0.0001,32,0,not recorded in frozen config,research-lab/experiments/registered-workflow/runs/primary/run_0204,3372278d717c8a9523b66d3590b12c12e3f4f502498ae6bb7eda9e6064c4e1c2,fcadacf8cee5bf901ec6fbca5c6be20b070e80a7d69c37c90849ef5baecda9dd
run_0205,original,sipakmed,densenet121,split_06,42,A,submitted,completed,True,PASS,0,image,608,0.9689366703847059,21,14,60,325.0,run entry through output export; wall-clock UTC difference,NVIDIA GeForce RTX 3060,12.1,3.10.14,2.4.1+cu121,0.19.1,1.26.4,2.3.3,10.4.0,1.7.2,6.0.2,adamw,0.0001,0.0001,32,0,not recorded in frozen config,research-lab/experiments/registered-workflow/runs/primary/run_0205,a51bd3bef6db3d2efd65e02c623c795114994915e12e769076bfba0410dbd934,a4bcebb285acf7078a69085d45691729fda0dc3afd12f3dd197c288d6069a0d8
run_0206,original,sipakmed,densenet121,split_06,42,B,submitted,completed,True,PASS,0,image,608,0.9559161357658533,60,60,60,1031.0,run entry through output export; wall-clock UTC difference,NVIDIA GeForce RTX 3060,12.1,3.10.14,2.4.1+cu121,0.19.1,1.26.4,2.3.3,10.4.0,1.7.2,6.0.2,adamw,0.0001,0.0001,32,0,not recorded in frozen config,research-lab/experiments/registered-workflow/runs/primary/run_0206,b2619fc9e39c6b2c572f99e5c1f12719dcc03ecd86566c5938850ac57bc9ab4c,0ca75c25488241c6ed855d7d7a246eeeb3584058f13ce654e3d6fe7c88554433
run_0207,original,sipakmed,efficientnet_b0,split_06,42,A,submitted,completed,True,PASS,0,image,608,0.9430366620769256,55,48,60,697.0,run entry through output export; wall-clock UTC difference,NVIDIA GeForce RTX 3060,12.1,3.10.14,2.4.1+cu121,0.19.1,1.26.4,2.3.3,10.4.0,1.7.2,6.0.2,adamw,0.0001,0.0001,32,0,not recorded in frozen config,research-lab/experiments/registered-workflow/runs/primary/run_0207,d5449ba13976552e9198836561b90d2bef4a2ac2e05b9caab7cddbc1938e0b42,c84b7f653929312064751ade484da9be784e6844675ba1bb1a270d0ebc6d95cc
run_0208,original,sipakmed,efficientnet_b0,split_06,42,B,submitted,completed,True,PASS,0,image,608,0.9463186835052747,60,60,60,755.0,run entry through output export; wall-clock UTC difference,NVIDIA GeForce RTX 3060,12.1,3.10.14,2.4.1+cu121,0.19.1,1.26.4,2.3.3,10.4.0,1.7.2,6.0.2,adamw,0.0001,0.0001,32,0,not recorded in frozen config,research-lab/experiments/registered-workflow/runs/primary/run_0208,cfbe1fe712f0926c6ef741f09e08d5ba4473ef57d2344670572db96e6c3b826c,125c9e46553405d31a77ef7cd506e237fd6b37863d033765aad0416558965b9a
run_0209,original,sipakmed,resnet18,split_06,52,A,submitted,completed,True,PASS,0,image,608,0.9722851210966331,19,12,60,230.0,run entry through output export; wall-clock UTC difference,NVIDIA GeForce RTX 3060,12.1,3.10.14,2.4.1+cu121,0.19.1,1.26.4,2.3.3,10.4.0,1.7.2,6.0.2,adamw,0.0001,0.0001,32,0,not recorded in frozen config,research-lab/experiments/registered-workflow/runs/primary/run_0209,e26292ab3a4e1feee9f4fa8d53cab3add0d37383d42fb0dbc29fd4c1669d570d,d9758a82db967fb178a856bea7c1631034c2297447fb6a1e72c6e886ecbc8e09
run_0210,original,sipakmed,resnet18,split_06,52,B,submitted,completed,True,PASS,0,image,608,0.9689515573548299,60,60,60,707.0,run entry through output export; wall-clock UTC difference,NVIDIA GeForce RTX 3060,12.1,3.10.14,2.4.1+cu121,0.19.1,1.26.4,2.3.3,10.4.0,1.7.2,6.0.2,adamw,0.0001,0.0001,32,0,not recorded in frozen config,research-lab/experiments/registered-workflow/runs/primary/run_0210,72e5b4a502ff7fd87fb115f2156a58d4ead384069ce9fb1c285affd963130b3d,07c80bf700bef1c729ef176c3cfbafb8f6c4fb590c33cbb22a8c5e94b6ea75b1
run_0211,original,sipakmed,resnet50,split_06,52,A,submitted,completed,True,PASS,0,image,608,0.9509243733029965,13,6,60,205.0,run entry through output export; wall-clock UTC difference,NVIDIA GeForce RTX 3060,12.1,3.10.14,2.4.1+cu121,0.19.1,1.26.4,2.3.3,10.4.0,1.7.2,6.0.2,adamw,0.0001,0.0001,32,0,not recorded in frozen config,research-lab/experiments/registered-workflow/runs/primary/run_0211,00b24f33b96c7b7193cf7af466c6f0f68f5e7cae80622c3a0c104c8bec4ec89c,ddace4d662e4d3744da7fee8d8d2ff27204fcb3e16cb81bbcc3f75b80a3bdaae
run_0212,original,sipakmed,resnet50,split_06,52,B,submitted,completed,True,PASS,0,image,608,0.9610123744050767,60,60,60,1043.0,run entry through output export; wall-clock UTC difference,NVIDIA GeForce RTX 3060,12.1,3.10.14,2.4.1+cu121,0.19.1,1.26.4,2.3.3,10.4.0,1.7.2,6.0.2,adamw,0.0001,0.0001,32,0,not recorded in frozen config,research-lab/experiments/registered-workflow/runs/primary/run_0212,2693f90a8244eea636f6c5a55a3078b4f0ede52a51aa0fabed2515e73a2fbc60,01731ba6326d294b20c0aa6749e4a55ac8284d6b9b53b8e4163f63baa1d1c539
run_0213,original,sipakmed,densenet121,split_06,52,A,submitted,completed,True,PASS,0,image,608,0.9479051362946741,15,8,60,265.0,run entry through output export; wall-clock UTC difference,NVIDIA GeForce RTX 3060,12.1,3.10.14,2.4.1+cu121,0.19.1,1.26.4,2.3.3,10.4.0,1.7.2,6.0.2,adamw,0.0001,0.0001,32,0,not recorded in frozen config,research-lab/experiments/registered-workflow/runs/primary/run_0213,2859541a22d39430f4fbc4c6a0ca2ee07b43121f96b431028404621972f79c10,308bac2218b0c1144d63608bf09ec88b3246a6875e8f0e0bc0a560a7a26f9d27
run_0214,original,sipakmed,densenet121,split_06,52,B,submitted,completed,True,PASS,0,image,608,0.947471446414703,60,60,60,1038.0,run entry through output export; wall-clock UTC difference,NVIDIA GeForce RTX 3060,12.1,3.10.14,2.4.1+cu121,0.19.1,1.26.4,2.3.3,10.4.0,1.7.2,6.0.2,adamw,0.0001,0.0001,32,0,not recorded in frozen config,research-lab/experiments/registered-workflow/runs/primary/run_0214,25c8f46e5b7298eb677f7c64823b5622477cecddc9d61ebbca08caba4741faf5,43442fccbd95cdbb5f9ef6dda60e2d89925014ab3c4edf52bb5935ce913a38e6
run_0215,original,sipakmed,efficientnet_b0,split_06,52,A,submitted,completed,True,PASS,0,image,608,0.9414122047847542,57,50,60,675.0,run entry through output export; wall-clock UTC difference,NVIDIA GeForce RTX 3060,12.1,3.10.14,2.4.1+cu121,0.19.1,1.26.4,2.3.3,10.4.0,1.7.2,6.0.2,adamw,0.0001,0.0001,32,0,not recorded in frozen config,research-lab/experiments/registered-workflow/runs/primary/run_0215,cd007e3e1fb0554c93a4012ca81304893de9461f17812cd8e9ea63a7863ee16a,2965db01d5b1d0f36b04bcbeb6e61a7c996fdffe20cee8611af0d16faf4694db
run_0216,original,sipakmed,efficientnet_b0,split_06,52,B,submitted,completed,True,PASS,0,image,608,0.9430129099594018,60,60,60,721.0,run entry through output export; wall-clock UTC difference,NVIDIA GeForce RTX 3060,12.1,3.10.14,2.4.1+cu121,0.19.1,1.26.4,2.3.3,10.4.0,1.7.2,6.0.2,adamw,0.0001,0.0001,32,0,not recorded in frozen config,research-lab/experiments/registered-workflow/runs/primary/run_0216,cfc7529d5b9e225f8bb4e84457bb477c138c9209d4bd5de483fa7f920520427f,a52c12660109e094148147ae1a9e2658b6424557716df9d6447363fefeab9aa5
run_0217,original,sipakmed,resnet18,split_06,62,A,submitted,completed,True,PASS,0,image,608,0.9707277888627688,18,11,60,224.0,run entry through output export; wall-clock UTC difference,NVIDIA GeForce RTX 3060,12.1,3.10.14,2.4.1+cu121,0.19.1,1.26.4,2.3.3,10.4.0,1.7.2,6.0.2,adamw,0.0001,0.0001,32,0,not recorded in frozen config,research-lab/experiments/registered-workflow/runs/primary/run_0217,14bf7ceee20cc4971537d8067089a82008226b4819373b5249d817a9d621c771,d43775678fc38859bc53dc0d4785ed1baa9e264789aaa856a2e0544933d1f70d
run_0218,original,sipakmed,resnet18,split_06,62,B,submitted,completed,True,PASS,0,image,608,0.9739935741615525,60,60,60,743.0,run entry through output export; wall-clock UTC difference,NVIDIA GeForce RTX 3060,12.1,3.10.14,2.4.1+cu121,0.19.1,1.26.4,2.3.3,10.4.0,1.7.2,6.0.2,adamw,0.0001,0.0001,32,0,not recorded in frozen config,research-lab/experiments/registered-workflow/runs/primary/run_0218,dd3969eb2366f1e8d0cac4917a43ed1f0480427e2e56fd7ad302ae06beff49d2,ffaed132c2ceef39d051fde54b9774fa23b514382be95b3d88d4e167ca8ec4ab
run_0219,original,sipakmed,resnet50,split_06,62,A,submitted,completed,True,PASS,0,image,608,0.9657766586317951,15,8,60,267.0,run entry through output export; wall-clock UTC difference,NVIDIA GeForce RTX 3060,12.1,3.10.14,2.4.1+cu121,0.19.1,1.26.4,2.3.3,10.4.0,1.7.2,6.0.2,adamw,0.0001,0.0001,32,0,not recorded in frozen config,research-lab/experiments/registered-workflow/runs/primary/run_0219,0f0251ec24503666fa565f21bc62995655f03e39ca8140265958575f083aad35,f7bffe8e27e818a1d0d0c21d094253390344b493ad80edc87b12abe69f12992a
run_0220,original,sipakmed,resnet50,split_06,62,B,submitted,completed,True,PASS,0,image,608,0.9623386093137073,60,60,60,1056.0,run entry through output export; wall-clock UTC difference,NVIDIA GeForce RTX 3060,12.1,3.10.14,2.4.1+cu121,0.19.1,1.26.4,2.3.3,10.4.0,1.7.2,6.0.2,adamw,0.0001,0.0001,32,0,not recorded in frozen config,research-lab/experiments/registered-workflow/runs/primary/run_0220,aef2585b147ecb264f1fa7ce5fdd210d210d39c64a9d7aa0b0c6f7444442069c,3b9f05aae0876609564a81fbd42aca1f4e4a1d87ce52464d97db6bca8f9cff56
run_0221,original,sipakmed,densenet121,split_06,62,A,submitted,completed,True,PASS,0,image,608,0.9360068854703549,24,17,60,414.0,run entry through output export; wall-clock UTC difference,NVIDIA GeForce RTX 3060,12.1,3.10.14,2.4.1+cu121,0.19.1,1.26.4,2.3.3,10.4.0,1.7.2,6.0.2,adamw,0.0001,0.0001,32,0,not recorded in frozen config,research-lab/experiments/registered-workflow/runs/primary/run_0221,55706ac228846abea61f58ede6ac68e9fe45500dfe3a3b024e2dfd54758bc217,735fe6c93d9029818734fc0e14464c3f76f937f77a0297622253442123b1ce36
run_0222,original,sipakmed,densenet121,split_06,62,B,submitted,completed,True,PASS,0,image,608,0.9543032231401286,60,60,60,1045.0,run entry through output export; wall-clock UTC difference,NVIDIA GeForce RTX 3060,12.1,3.10.14,2.4.1+cu121,0.19.1,1.26.4,2.3.3,10.4.0,1.7.2,6.0.2,adamw,0.0001,0.0001,32,0,not recorded in frozen config,research-lab/experiments/registered-workflow/runs/primary/run_0222,901c8aee49e7e1decff65237cc2ec66882aaad814024fbdfca38456ebb820836,4944c82950253d575e424331b429c38c58768325facbbf9dc2cd7c94102e251e
run_0223,original,sipakmed,efficientnet_b0,split_06,62,A,submitted,completed,True,PASS,0,image,608,0.9446908933093445,59,52,60,708.0,run entry through output export; wall-clock UTC difference,NVIDIA GeForce RTX 3060,12.1,3.10.14,2.4.1+cu121,0.19.1,1.26.4,2.3.3,10.4.0,1.7.2,6.0.2,adamw,0.0001,0.0001,32,0,not recorded in frozen config,research-lab/experiments/registered-workflow/runs/primary/run_0223,69ca3eee0863795544a0df2d4a026eba847f748adeec84c551679d53c1cb85b1,f816612e065e7e6792aae1876099f4a2cca4543c8d5ac8fb4af1e56abb2be03a
run_0224,original,sipakmed,efficientnet_b0,split_06,62,B,submitted,completed,True,PASS,0,image,608,0.9412644074575397,60,60,60,705.0,run entry through output export; wall-clock UTC difference,NVIDIA GeForce RTX 3060,12.1,3.10.14,2.4.1+cu121,0.19.1,1.26.4,2.3.3,10.4.0,1.7.2,6.0.2,adamw,0.0001,0.0001,32,0,not recorded in frozen config,research-lab/experiments/registered-workflow/runs/primary/run_0224,802859fe51aa49ef634bd67295bec7ca3a8415b91979dac50153060ee8042fbb,0b2994765ff2e45a9fb8d6f827fcca9c265103b94388236042b4ded627b0ae0b
run_0225,original,sipakmed,resnet18,split_06,72,A,submitted,completed,True,PASS,0,image,608,0.9724200151980412,23,16,60,281.0,run entry through output export; wall-clock UTC difference,NVIDIA GeForce RTX 3060,12.1,3.10.14,2.4.1+cu121,0.19.1,1.26.4,2.3.3,10.4.0,1.7.2,6.0.2,adamw,0.0001,0.0001,32,0,not recorded in frozen config,research-lab/experiments/registered-workflow/runs/primary/run_0225,a8f4f00bf2f96a58dc4dfc63e9e7eebbff892523fb6706b21d1cf2061bacd0c6,919197700d25d1d851d1c98018816b84330632fd4e97607f7a3d36bd0b9b5568
run_0226,original,sipakmed,resnet18,split_06,72,B,submitted,completed,True,PASS,0,image,608,0.9708484399788471,60,60,60,733.0,run entry through output export; wall-clock UTC difference,NVIDIA GeForce RTX 3060,12.1,3.10.14,2.4.1+cu121,0.19.1,1.26.4,2.3.3,10.4.0,1.7.2,6.0.2,adamw,0.0001,0.0001,32,0,not recorded in frozen config,research-lab/experiments/registered-workflow/runs/primary/run_0226,0362392b2ce504ef054cf49339b849a37ad302f5519df000cdc09a728747c148,8d3326e110ed124fbe6f91193f554b34867cd9562627dddcfecdb9ca82256e1d
run_0227,original,sipakmed,resnet50,split_06,72,A,submitted,completed,True,PASS,0,image,608,0.9672722342453639,18,11,60,318.0,run entry through output export; wall-clock UTC difference,NVIDIA GeForce RTX 3060,12.1,3.10.14,2.4.1+cu121,0.19.1,1.26.4,2.3.3,10.4.0,1.7.2,6.0.2,adamw,0.0001,0.0001,32,0,not recorded in frozen config,research-lab/experiments/registered-workflow/runs/primary/run_0227,2c71d46f58800b39e3f935e2edbf32c1bba4efe67dc522277eceaaa5a5c4aab3,4e0606f0254cea6c6f280ca6990683a383c78de6bc8d8e3d69892a8152129834
run_0228,original,sipakmed,resnet50,split_06,72,B,submitted,completed,True,PASS,0,image,608,0.9706289061198966,60,60,60,1055.0,run entry through output export; wall-clock UTC difference,NVIDIA GeForce RTX 3060,12.1,3.10.14,2.4.1+cu121,0.19.1,1.26.4,2.3.3,10.4.0,1.7.2,6.0.2,adamw,0.0001,0.0001,32,0,not recorded in frozen config,research-lab/experiments/registered-workflow/runs/primary/run_0228,0f95145c9d899ab3fc6c11b56c11158469588d24a281e95f31b6e4e543c45520,3390780c852a77df6bd09413c3ce65c17c6bd9d2b5a57b2d4451848e72654e3d
run_0229,original,sipakmed,densenet121,split_06,72,A,submitted,completed,True,PASS,0,image,608,0.9574178876078572,29,22,60,511.0,run entry through output export; wall-clock UTC difference,NVIDIA GeForce RTX 3060,12.1,3.10.14,2.4.1+cu121,0.19.1,1.26.4,2.3.3,10.4.0,1.7.2,6.0.2,adamw,0.0001,0.0001,32,0,not recorded in frozen config,research-lab/experiments/registered-workflow/runs/primary/run_0229,3c4e37143f5564e1892df19535c3e8a738a8136fa3e27fc0ade089b021b7b76c,721cffbb036554c42af124648de533e0b13fb9f76cf127ae1820c1f81c082a71
run_0230,original,sipakmed,densenet121,split_06,72,B,submitted,completed,True,PASS,0,image,608,0.9608599044145798,60,60,60,1046.0,run entry through output export; wall-clock UTC difference,NVIDIA GeForce RTX 3060,12.1,3.10.14,2.4.1+cu121,0.19.1,1.26.4,2.3.3,10.4.0,1.7.2,6.0.2,adamw,0.0001,0.0001,32,0,not recorded in frozen config,research-lab/experiments/registered-workflow/runs/primary/run_0230,45ebba3095f903f322d5293191ee08f1194a706f2567581494942a3a574280d1,5132b6b4f13df5e760b8fcaaffd328262d620f15fd5b5e566bbd9090287ebbb2
run_0231,original,sipakmed,efficientnet_b0,split_06,72,A,submitted,completed,True,PASS,0,image,608,0.9429038129096883,60,58,60,751.0,run entry through output export; wall-clock UTC difference,NVIDIA GeForce RTX 3060,12.1,3.10.14,2.4.1+cu121,0.19.1,1.26.4,2.3.3,10.4.0,1.7.2,6.0.2,adamw,0.0001,0.0001,32,0,not recorded in frozen config,research-lab/experiments/registered-workflow/runs/primary/run_0231,4b80e4ecf4a6a8707e50d9cae781f0b713303e1bf25c31cfcb92b63f440362f5,4d2f91264668dd271ef2b9b111791e9f4396cdeddc5f9cb433a5509c60195973
run_0232,original,sipakmed,efficientnet_b0,split_06,72,B,submitted,completed,True,PASS,0,image,608,0.9479844688040586,60,60,60,755.0,run entry through output export; wall-clock UTC difference,NVIDIA GeForce RTX 3060,12.1,3.10.14,2.4.1+cu121,0.19.1,1.26.4,2.3.3,10.4.0,1.7.2,6.0.2,adamw,0.0001,0.0001,32,0,not recorded in frozen config,research-lab/experiments/registered-workflow/runs/primary/run_0232,765dcc1d3413b2322d86db13bb22d4b2afddf6543110e84e99d690af4fe1344b,b97b435bb595e92caa6e0341654dd5fe5a0af5889a8feaf0b82e0f414ce50c6c
run_0233,original,sipakmed,resnet18,split_06,82,A,submitted,completed,True,PASS,0,image,608,0.9789793759915388,14,7,60,176.0,run entry through output export; wall-clock UTC difference,NVIDIA GeForce RTX 3060,12.1,3.10.14,2.4.1+cu121,0.19.1,1.26.4,2.3.3,10.4.0,1.7.2,6.0.2,adamw,0.0001,0.0001,32,0,not recorded in frozen config,research-lab/experiments/registered-workflow/runs/primary/run_0233,c7d9b5282a119cec6f9df10b15f0303d34960b42da98a5fae214a47cf8b8caa3,57a202d6f416ec31a3f89d12f0f858fea02b23d505b78029615dad2471cc2b5f
run_0234,original,sipakmed,resnet18,split_06,82,B,submitted,completed,True,PASS,0,image,608,0.9673102293482174,60,60,60,746.0,run entry through output export; wall-clock UTC difference,NVIDIA GeForce RTX 3060,12.1,3.10.14,2.4.1+cu121,0.19.1,1.26.4,2.3.3,10.4.0,1.7.2,6.0.2,adamw,0.0001,0.0001,32,0,not recorded in frozen config,research-lab/experiments/registered-workflow/runs/primary/run_0234,a807ed1d71b70dea94b227ebfad20a6db9c3aafb633b2ba362024d29bb578c87,0e518c5de1d1245710b0ef37eb1485ec7e073af1268a45a3a63ac3442dcf97b5
run_0235,original,sipakmed,resnet50,split_06,82,A,submitted,completed,True,PASS,0,image,608,0.9508612157333243,9,2,60,162.0,run entry through output export; wall-clock UTC difference,NVIDIA GeForce RTX 3060,12.1,3.10.14,2.4.1+cu121,0.19.1,1.26.4,2.3.3,10.4.0,1.7.2,6.0.2,adamw,0.0001,0.0001,32,0,not recorded in frozen config,research-lab/experiments/registered-workflow/runs/primary/run_0235,ed552f1b5cc9b75963f05ecd796cd304e4dbb31fbf67ee7d47a875a01c478375,79ab98fcfdb74d04b97c71e97d4cd0cc1f6d0c71c1e64b1c88d8c7cc953870b4
run_0236,original,sipakmed,resnet50,split_06,82,B,submitted,completed,True,PASS,0,image,608,0.9674342133680549,60,60,60,1049.0,run entry through output export; wall-clock UTC difference,NVIDIA GeForce RTX 3060,12.1,3.10.14,2.4.1+cu121,0.19.1,1.26.4,2.3.3,10.4.0,1.7.2,6.0.2,adamw,0.0001,0.0001,32,0,not recorded in frozen config,research-lab/experiments/registered-workflow/runs/primary/run_0236,7e82b182b311ed192a2aa7885a2039abd57499b644ff0337709b852d24bc2e37,84de600dc58140ec5857157d49a019d8c662f5b9cc56c6a6ce6621a71896d81b
run_0237,original,sipakmed,densenet121,split_06,82,A,submitted,completed,True,PASS,0,image,608,0.9493825108341968,18,11,60,317.0,run entry through output export; wall-clock UTC difference,NVIDIA GeForce RTX 3060,12.1,3.10.14,2.4.1+cu121,0.19.1,1.26.4,2.3.3,10.4.0,1.7.2,6.0.2,adamw,0.0001,0.0001,32,0,not recorded in frozen config,research-lab/experiments/registered-workflow/runs/primary/run_0237,bb5441732117d0a06cc0ba8de9ee7668674beee5d1d09ca56298f6b86367b2a3,f3aaebb40774ed2c84f1d2613aad38902499eb337d15e6143344b7500d25c3e8
run_0238,original,sipakmed,densenet121,split_06,82,B,submitted,completed,True,PASS,0,image,608,0.9706355625274965,60,60,60,1048.0,run entry through output export; wall-clock UTC difference,NVIDIA GeForce RTX 3060,12.1,3.10.14,2.4.1+cu121,0.19.1,1.26.4,2.3.3,10.4.0,1.7.2,6.0.2,adamw,0.0001,0.0001,32,0,not recorded in frozen config,research-lab/experiments/registered-workflow/runs/primary/run_0238,56a6a4392b0443be48ac267c375fa150b1cb9fa71f000cdabeba5010847e62da,eaa8419014e3e4841541c6428dca218ad64adf46f26d1262492a80d416ef98b2
run_0239,original,sipakmed,efficientnet_b0,split_06,82,A,submitted,completed,True,PASS,0,image,608,0.939597978173962,56,49,60,710.0,run entry through output export; wall-clock UTC difference,NVIDIA GeForce RTX 3060,12.1,3.10.14,2.4.1+cu121,0.19.1,1.26.4,2.3.3,10.4.0,1.7.2,6.0.2,adamw,0.0001,0.0001,32,0,not recorded in frozen config,research-lab/experiments/registered-workflow/runs/primary/run_0239,10b4205ee0e8e27d34d7d8addc96ca0e808c129317c9251042f63ce31df077df,a08e35e1f7ad66d969513538cde46b01660c9326c2bb5586ba7c007229b01e10
run_0240,original,sipakmed,efficientnet_b0,split_06,82,B,submitted,completed,True,PASS,0,image,608,0.944530897930971,60,60,60,753.0,run entry through output export; wall-clock UTC difference,NVIDIA GeForce RTX 3060,12.1,3.10.14,2.4.1+cu121,0.19.1,1.26.4,2.3.3,10.4.0,1.7.2,6.0.2,adamw,0.0001,0.0001,32,0,not recorded in frozen config,research-lab/experiments/registered-workflow/runs/primary/run_0240,552a78cdedbbea23389fbc69ebf37de1dbb2cacc93e989afd8908bf35d1f8f05,80c77db4bf87feb2c36c134e1876b42cef2cc7494cac223b66e376f4b4910423
run_0241,original,sipakmed,resnet18,split_07,42,A,submitted,completed,True,PASS,0,image,608,0.9708322038492817,18,11,60,221.0,run entry through output export; wall-clock UTC difference,NVIDIA GeForce RTX 3060,12.1,3.10.14,2.4.1+cu121,0.19.1,1.26.4,2.3.3,10.4.0,1.7.2,6.0.2,adamw,0.0001,0.0001,32,0,not recorded in frozen config,research-lab/experiments/registered-workflow/runs/primary/run_0241,6f28b59595d2db2c81c5e08aec68d0f91c6fe5db3d2e8dbd509e62750ed58bc6,d78217becd415b5f7f86b9e7762a83a980d6c3e14ac3023c0399cd29d2288641
run_0242,original,sipakmed,resnet18,split_07,42,B,submitted,completed,True,PASS,0,image,608,0.96729528118824,60,60,60,736.0,run entry through output export; wall-clock UTC difference,NVIDIA GeForce RTX 3060,12.1,3.10.14,2.4.1+cu121,0.19.1,1.26.4,2.3.3,10.4.0,1.7.2,6.0.2,adamw,0.0001,0.0001,32,0,not recorded in frozen config,research-lab/experiments/registered-workflow/runs/primary/run_0242,64a88836e537e4086506329d78c5f48b62dbd150ce0cd62ed6c81c251c19422e,d53d05d5388b737e12811832bf948b3133b9c4fd257e35806262569c982c99a6
run_0243,original,sipakmed,resnet50,split_07,42,A,submitted,completed,True,PASS,0,image,608,0.9625385835392516,13,6,60,230.0,run entry through output export; wall-clock UTC difference,NVIDIA GeForce RTX 3060,12.1,3.10.14,2.4.1+cu121,0.19.1,1.26.4,2.3.3,10.4.0,1.7.2,6.0.2,adamw,0.0001,0.0001,32,0,not recorded in frozen config,research-lab/experiments/registered-workflow/runs/primary/run_0243,2a3bb2076d3ab1674678b4dde763846f65112983da659805642daac1835055f8,c2ccec0c01292607770d6a0fe6ccb56efdb8a78798911c61e4af4ac6de73184f
run_0244,original,sipakmed,resnet50,split_07,42,B,submitted,completed,True,PASS,0,image,608,0.9543948148905251,60,60,60,1055.0,run entry through output export; wall-clock UTC difference,NVIDIA GeForce RTX 3060,12.1,3.10.14,2.4.1+cu121,0.19.1,1.26.4,2.3.3,10.4.0,1.7.2,6.0.2,adamw,0.0001,0.0001,32,0,not recorded in frozen config,research-lab/experiments/registered-workflow/runs/primary/run_0244,3a995692edee88698a1ef679ebb304a2897a5a028d640650902e0793e41a6b66,7d914f7f155890b51fb809aafb0e30bbbc3aae6c9076918e5c88b596feb06114
run_0245,original,sipakmed,densenet121,split_07,42,A,submitted,completed,True,PASS,0,image,608,0.9509636469755197,17,10,60,300.0,run entry through output export; wall-clock UTC difference,NVIDIA GeForce RTX 3060,12.1,3.10.14,2.4.1+cu121,0.19.1,1.26.4,2.3.3,10.4.0,1.7.2,6.0.2,adamw,0.0001,0.0001,32,0,not recorded in frozen config,research-lab/experiments/registered-workflow/runs/primary/run_0245,88dab5f615dafc2f8740e4d8e0b66d94d3bb76ae61fa0a92ca1bbb2a01248638,66ba00e3851baa48eb6ec0acbd82b4868442e165d6191b80647beb7d46ba5598
run_0246,original,sipakmed,densenet121,split_07,42,B,submitted,completed,True,PASS,0,image,608,0.9525385550984728,60,60,60,1042.0,run entry through output export; wall-clock UTC difference,NVIDIA GeForce RTX 3060,12.1,3.10.14,2.4.1+cu121,0.19.1,1.26.4,2.3.3,10.4.0,1.7.2,6.0.2,adamw,0.0001,0.0001,32,0,not recorded in frozen config,research-lab/experiments/registered-workflow/runs/primary/run_0246,c59c4f6f3da5b9c48a5372a4d3cf5ef8c64d34d5e3b151cc8c2329f6992f7b2f,a07c01ebb8c5c2d03369e3a04d66f001206cbb97abdd260ca1fbf655d1d5d96f
run_0247,original,sipakmed,efficientnet_b0,split_07,42,A,submitted,completed,True,PASS,0,image,608,0.9460286210944865,52,45,60,658.0,run entry through output export; wall-clock UTC difference,NVIDIA GeForce RTX 3060,12.1,3.10.14,2.4.1+cu121,0.19.1,1.26.4,2.3.3,10.4.0,1.7.2,6.0.2,adamw,0.0001,0.0001,32,0,not recorded in frozen config,research-lab/experiments/registered-workflow/runs/primary/run_0247,aa191d5fb93c995d5c7d1e34b1ce27a467aad72250028d4953bf15a4d1fc69d1,87f46e2bf8f5e0f469251502ef0fe5509d3aee33359cf38924c474a90eb3f1b0
run_0248,original,sipakmed,efficientnet_b0,split_07,42,B,submitted,completed,True,PASS,0,image,608,0.9526035740327556,60,60,60,760.0,run entry through output export; wall-clock UTC difference,NVIDIA GeForce RTX 3060,12.1,3.10.14,2.4.1+cu121,0.19.1,1.26.4,2.3.3,10.4.0,1.7.2,6.0.2,adamw,0.0001,0.0001,32,0,not recorded in frozen config,research-lab/experiments/registered-workflow/runs/primary/run_0248,be759c2613dbbff44ea940dc9ca000ec3ebb252a13b44859bcd91e2f14443287,3416d68e0fa51916850f1f4f2f61b97d652d29e1a207782e82b0a00118f11dd0
run_0249,original,sipakmed,resnet18,split_07,52,A,submitted,completed,True,PASS,0,image,608,0.9624308356489797,15,8,60,188.0,run entry through output export; wall-clock UTC difference,NVIDIA GeForce RTX 3060,12.1,3.10.14,2.4.1+cu121,0.19.1,1.26.4,2.3.3,10.4.0,1.7.2,6.0.2,adamw,0.0001,0.0001,32,0,not recorded in frozen config,research-lab/experiments/registered-workflow/runs/primary/run_0249,3b8e261a1a3edd3b3ca46d27a28e6250af9f882af2d936740881cac389d252ed,d8663120a3f951659398538b98f325b93dc40fec100ab01f639b64847f2d74a1
run_0250,original,sipakmed,resnet18,split_07,52,B,submitted,completed,True,PASS,0,image,608,0.9672817433775579,60,60,60,745.0,run entry through output export; wall-clock UTC difference,NVIDIA GeForce RTX 3060,12.1,3.10.14,2.4.1+cu121,0.19.1,1.26.4,2.3.3,10.4.0,1.7.2,6.0.2,adamw,0.0001,0.0001,32,0,not recorded in frozen config,research-lab/experiments/registered-workflow/runs/primary/run_0250,b31732ca06379be99a12513076e841191dd4b9ecc3a5f242cbcb0f78e30bd010,eaf3415a353a2125ef5235f15e45de5f6580c865adb4a98b74cc5792cbaf4235
run_0251,original,sipakmed,resnet50,split_07,52,A,submitted,completed,True,PASS,0,image,608,0.9592192721826965,19,12,60,334.0,run entry through output export; wall-clock UTC difference,NVIDIA GeForce RTX 3060,12.1,3.10.14,2.4.1+cu121,0.19.1,1.26.4,2.3.3,10.4.0,1.7.2,6.0.2,adamw,0.0001,0.0001,32,0,not recorded in frozen config,research-lab/experiments/registered-workflow/runs/primary/run_0251,cfa55bc1766027fd3fca0da739c53b462547b04fb0f227fa8caf5028e59c054a,0a27ae82b5c880baa9fd6ed528dee9a236c93ac82531272b1c786f7275eed702
run_0252,original,sipakmed,resnet50,split_07,52,B,submitted,completed,True,PASS,0,image,608,0.9610877300259076,60,60,60,1049.0,run entry through output export; wall-clock UTC difference,NVIDIA GeForce RTX 3060,12.1,3.10.14,2.4.1+cu121,0.19.1,1.26.4,2.3.3,10.4.0,1.7.2,6.0.2,adamw,0.0001,0.0001,32,0,not recorded in frozen config,research-lab/experiments/registered-workflow/runs/primary/run_0252,fc543a86dec99111e2fa29eed34d205f7c2f2555e1e7fbd7c952f2a490e78e12,54648ba5518e3454f18070373ac966271f7b44d7ac5d5acb86f0e265a0b979e3
run_0253,original,sipakmed,densenet121,split_07,52,A,submitted,completed,True,PASS,0,image,608,0.9558823237471991,17,10,60,298.0,run entry through output export; wall-clock UTC difference,NVIDIA GeForce RTX 3060,12.1,3.10.14,2.4.1+cu121,0.19.1,1.26.4,2.3.3,10.4.0,1.7.2,6.0.2,adamw,0.0001,0.0001,32,0,not recorded in frozen config,research-lab/experiments/registered-workflow/runs/primary/run_0253,d4c7715d51bfb601abc02d839ca334c2c1e8256e5bbcb0cadbfa879bad6e64c7,c7fe18698e69da5a3789a48832db6dca5c98689451de2ccab127016c1018f378
run_0254,original,sipakmed,densenet121,split_07,52,B,submitted,completed,True,PASS,0,image,608,0.9510876309953572,60,60,60,1049.0,run entry through output export; wall-clock UTC difference,NVIDIA GeForce RTX 3060,12.1,3.10.14,2.4.1+cu121,0.19.1,1.26.4,2.3.3,10.4.0,1.7.2,6.0.2,adamw,0.0001,0.0001,32,0,not recorded in frozen config,research-lab/experiments/registered-workflow/runs/primary/run_0254,bb4fb89d2cd8f7322df7c8624b587975e97628d43b831488f755242fa989efbc,dd33a4d0ec091212f317ee9e8cf76e37f9da98ce3367da811f65c1e8d2633928
run_0255,original,sipakmed,efficientnet_b0,split_07,52,A,submitted,completed,True,PASS,0,image,608,0.9460422294949404,60,57,60,758.0,run entry through output export; wall-clock UTC difference,NVIDIA GeForce RTX 3060,12.1,3.10.14,2.4.1+cu121,0.19.1,1.26.4,2.3.3,10.4.0,1.7.2,6.0.2,adamw,0.0001,0.0001,32,0,not recorded in frozen config,research-lab/experiments/registered-workflow/runs/primary/run_0255,13c1fdab7f42fdec5de5ce7937e089a8ffcf8e5a3186470bb8b180f18af9669d,16e3eb96131c7ea2aabe520875a6d147f1135e5aeb2116c8608d54fb95690fdc
run_0256,original,sipakmed,efficientnet_b0,split_07,52,B,submitted,completed,True,PASS,0,image,608,0.9343032076844935,60,60,60,745.0,run entry through output export; wall-clock UTC difference,NVIDIA GeForce RTX 3060,12.1,3.10.14,2.4.1+cu121,0.19.1,1.26.4,2.3.3,10.4.0,1.7.2,6.0.2,adamw,0.0001,0.0001,32,0,not recorded in frozen config,research-lab/experiments/registered-workflow/runs/primary/run_0256,1688d3c12633f5a9b0cc7280ca12df050e31db82ca5c075d541ebf1737db8972,590ebe36d56b7522643cd29785b29bbb0b5956f1226e3c4d310056e3a510b845
run_0257,original,sipakmed,resnet18,split_07,62,A,submitted,completed,True,PASS,0,image,608,0.9655461958914373,13,6,60,162.0,run entry through output export; wall-clock UTC difference,NVIDIA GeForce RTX 3060,12.1,3.10.14,2.4.1+cu121,0.19.1,1.26.4,2.3.3,10.4.0,1.7.2,6.0.2,adamw,0.0001,0.0001,32,0,not recorded in frozen config,research-lab/experiments/registered-workflow/runs/primary/run_0257,54c27106cc2e3cc397e3c53d65abaa0049b3a9d5e7860a35bb21c318030e398a,f87f7c82a58b77b7327b60b59efbfa8f0d00475936924c94dd894b008ae6d5f9
run_0258,original,sipakmed,resnet18,split_07,62,B,submitted,completed,True,PASS,0,image,608,0.9626327936188414,60,60,60,742.0,run entry through output export; wall-clock UTC difference,NVIDIA GeForce RTX 3060,12.1,3.10.14,2.4.1+cu121,0.19.1,1.26.4,2.3.3,10.4.0,1.7.2,6.0.2,adamw,0.0001,0.0001,32,0,not recorded in frozen config,research-lab/experiments/registered-workflow/runs/primary/run_0258,79dfd4a9589d9365bd803e2c5f7d8e66ed5a34578df45965c2f29416b1356d4d,1f0f9c6659f2fcde5d1cec707cd41acd80d727e25be837697e541db10ffbfb90
run_0259,original,sipakmed,resnet50,split_07,62,A,submitted,completed,True,PASS,0,image,608,0.947550125539375,17,10,60,301.0,run entry through output export; wall-clock UTC difference,NVIDIA GeForce RTX 3060,12.1,3.10.14,2.4.1+cu121,0.19.1,1.26.4,2.3.3,10.4.0,1.7.2,6.0.2,adamw,0.0001,0.0001,32,0,not recorded in frozen config,research-lab/experiments/registered-workflow/runs/primary/run_0259,f6c2375e1603548c5c12b16faf63b2eacee01d4dda1eada4102f6d847e46a0e4,b66a3c438a89a06bec96bb8002afd0bf9bd1da3a8304dadbd9f046f1b00827d8
run_0260,original,sipakmed,resnet50,split_07,62,B,submitted,completed,True,PASS,0,image,608,0.9659399775140093,60,60,60,1054.0,run entry through output export; wall-clock UTC difference,NVIDIA GeForce RTX 3060,12.1,3.10.14,2.4.1+cu121,0.19.1,1.26.4,2.3.3,10.4.0,1.7.2,6.0.2,adamw,0.0001,0.0001,32,0,not recorded in frozen config,research-lab/experiments/registered-workflow/runs/primary/run_0260,19be6c220e535c258fa74ed5438e39f3ecc4b4144e23474260e9f351604b6dc2,7e7af98552d7f2e6dac53514cb1971bb43f946dbe742791e48375ffb94f780e7
run_0261,original,sipakmed,densenet121,split_07,62,A,submitted,completed,True,PASS,0,image,608,0.9458687480958199,28,21,60,486.0,run entry through output export; wall-clock UTC difference,NVIDIA GeForce RTX 3060,12.1,3.10.14,2.4.1+cu121,0.19.1,1.26.4,2.3.3,10.4.0,1.7.2,6.0.2,adamw,0.0001,0.0001,32,0,not recorded in frozen config,research-lab/experiments/registered-workflow/runs/primary/run_0261,2c31bdae845ae79c7a2bbbcc3e26eba9731d23421a03219b48c02d61181fedb7,98e577624769052bdccd04de220bd8a8d3df50a1f298ad14556e4d68e853192e
run_0262,original,sipakmed,densenet121,split_07,62,B,submitted,completed,True,PASS,0,image,608,0.949310059727895,60,60,60,1047.0,run entry through output export; wall-clock UTC difference,NVIDIA GeForce RTX 3060,12.1,3.10.14,2.4.1+cu121,0.19.1,1.26.4,2.3.3,10.4.0,1.7.2,6.0.2,adamw,0.0001,0.0001,32,0,not recorded in frozen config,research-lab/experiments/registered-workflow/runs/primary/run_0262,19ab717c45a832880d5f8d72cbb3b574659c11d9db7b2a04353c41787a02eb08,7a1cc7edd6661e5f1548007a0a5571318b324d428ffa9f71c04daae329c27074
run_0263,original,sipakmed,efficientnet_b0,split_07,62,A,submitted,completed,True,PASS,0,image,608,0.9344130005089364,50,43,60,632.0,run entry through output export; wall-clock UTC difference,NVIDIA GeForce RTX 3060,12.1,3.10.14,2.4.1+cu121,0.19.1,1.26.4,2.3.3,10.4.0,1.7.2,6.0.2,adamw,0.0001,0.0001,32,0,not recorded in frozen config,research-lab/experiments/registered-workflow/runs/primary/run_0263,08221843631cb131d5591dabf7f272cb553e327b98d3a64398588a7b4cd3de1a,2940435637ee5461daeb2966f6b3ce78a9d8097b969ae54465bc26b6dd186418
run_0264,original,sipakmed,efficientnet_b0,split_07,62,B,submitted,completed,True,PASS,0,image,608,0.9462488601280844,60,60,60,757.0,run entry through output export; wall-clock UTC difference,NVIDIA GeForce RTX 3060,12.1,3.10.14,2.4.1+cu121,0.19.1,1.26.4,2.3.3,10.4.0,1.7.2,6.0.2,adamw,0.0001,0.0001,32,0,not recorded in frozen config,research-lab/experiments/registered-workflow/runs/primary/run_0264,7372a41fff3686dc1a54153716a8fe45aae1baec9c122f05ac22b00013dae42f,c8b62ba3aec4e9f81729232786898977b967b783df7adc0f4d2c1b4ceafc9c2e
run_0265,original,sipakmed,resnet18,split_07,72,A,submitted,completed,True,PASS,0,image,608,0.9672688401517513,25,18,60,313.0,run entry through output export; wall-clock UTC difference,NVIDIA GeForce RTX 3060,12.1,3.10.14,2.4.1+cu121,0.19.1,1.26.4,2.3.3,10.4.0,1.7.2,6.0.2,adamw,0.0001,0.0001,32,0,not recorded in frozen config,research-lab/experiments/registered-workflow/runs/primary/run_0265,9084612e9c3647760c10ab0802216b69a4090a0ce5150166b10a469ac99c3348,d1d253a751a72b5162c7ee590330afc613b17d15ebab931869293adc6bb3945d
run_0266,original,sipakmed,resnet18,split_07,72,B,submitted,completed,True,PASS,0,image,608,0.9474307529929664,60,60,60,736.0,run entry through output export; wall-clock UTC difference,NVIDIA GeForce RTX 3060,12.1,3.10.14,2.4.1+cu121,0.19.1,1.26.4,2.3.3,10.4.0,1.7.2,6.0.2,adamw,0.0001,0.0001,32,0,not recorded in frozen config,research-lab/experiments/registered-workflow/runs/primary/run_0266,8a5b0751d511e2c6e5d03060c81ee56c1bb1be5a53d5b12cc3fa5cfb6f6bef8e,277c4534212b078a38b0822b8558946ed0d7cba9a44eb0ef7f0d274866f9c94e
run_0267,original,sipakmed,resnet50,split_07,72,A,submitted,completed,True,PASS,0,image,608,0.9512895889652189,21,14,60,372.0,run entry through output export; wall-clock UTC difference,NVIDIA GeForce RTX 3060,12.1,3.10.14,2.4.1+cu121,0.19.1,1.26.4,2.3.3,10.4.0,1.7.2,6.0.2,adamw,0.0001,0.0001,32,0,not recorded in frozen config,research-lab/experiments/registered-workflow/runs/primary/run_0267,b154f3bfb86368cf1cd18ed68c37d8c23eeaa565754db7e0a9dd400ba5a09573,3e6791b4bbdb20bacd579d3c67c54fbd65cbe96fd75f3ae77682e803fd0440c0
run_0268,original,sipakmed,resnet50,split_07,72,B,submitted,completed,True,PASS,0,image,608,0.9642193263979308,60,60,60,1055.0,run entry through output export; wall-clock UTC difference,NVIDIA GeForce RTX 3060,12.1,3.10.14,2.4.1+cu121,0.19.1,1.26.4,2.3.3,10.4.0,1.7.2,6.0.2,adamw,0.0001,0.0001,32,0,not recorded in frozen config,research-lab/experiments/registered-workflow/runs/primary/run_0268,419cbb72227d4d3d8d209e9d2047e617c4c464189d46bd43a9f0b6bd0c8bd2b6,33601a58c3d69005940fdae5590b66f99f3956d428437e21e865e64663a1bef5
run_0269,original,sipakmed,densenet121,split_07,72,A,submitted,completed,True,PASS,0,image,608,0.9474138822785252,18,11,60,316.0,run entry through output export; wall-clock UTC difference,NVIDIA GeForce RTX 3060,12.1,3.10.14,2.4.1+cu121,0.19.1,1.26.4,2.3.3,10.4.0,1.7.2,6.0.2,adamw,0.0001,0.0001,32,0,not recorded in frozen config,research-lab/experiments/registered-workflow/runs/primary/run_0269,1e25e9004aae50b38fa8c51eb0492af221f1ffea48776e040b21a396ccf008bf,0108a1d7d6f1bef423d2a23572d3f202599e73ad359eaa9eba71f3caf61e780a
run_0270,original,sipakmed,densenet121,split_07,72,B,submitted,completed,True,PASS,0,image,608,0.9411011403652607,60,60,60,1046.0,run entry through output export; wall-clock UTC difference,NVIDIA GeForce RTX 3060,12.1,3.10.14,2.4.1+cu121,0.19.1,1.26.4,2.3.3,10.4.0,1.7.2,6.0.2,adamw,0.0001,0.0001,32,0,not recorded in frozen config,research-lab/experiments/registered-workflow/runs/primary/run_0270,fc335b4ee1c450cd937428ffa2aa9ef0578bcc9c92932492a91520be531496e9,356b87b91a1c7ed495eb3ef629b943e2fc207223d415def013ae39c44389f590
run_0271,original,sipakmed,efficientnet_b0,split_07,72,A,submitted,completed,True,PASS,0,image,608,0.9392781512228444,48,41,60,597.0,run entry through output export; wall-clock UTC difference,NVIDIA GeForce RTX 3060,12.1,3.10.14,2.4.1+cu121,0.19.1,1.26.4,2.3.3,10.4.0,1.7.2,6.0.2,adamw,0.0001,0.0001,32,0,not recorded in frozen config,research-lab/experiments/registered-workflow/runs/primary/run_0271,823385ec35124427a0aa9bb136c8242038d254d4d0692bc643d4fbedab18ddcd,935fd69ec6557ddebfe4f6ccd5002755183689285f3fd0245b70b909c3e17b45
run_0272,original,sipakmed,efficientnet_b0,split_07,72,B,submitted,completed,True,PASS,0,image,608,0.9427480100154323,60,60,60,750.0,run entry through output export; wall-clock UTC difference,NVIDIA GeForce RTX 3060,12.1,3.10.14,2.4.1+cu121,0.19.1,1.26.4,2.3.3,10.4.0,1.7.2,6.0.2,adamw,0.0001,0.0001,32,0,not recorded in frozen config,research-lab/experiments/registered-workflow/runs/primary/run_0272,d30639908ae6bd8719e2cafb2d47e5dcc25c56e4706e89234950f0ea4b821dfa,b586a9ad4c2f46639c61861d2bde74e1d2b966b9d8a953bebc2b50ad0d374cc2
run_0273,original,sipakmed,resnet18,split_07,82,A,submitted,completed,True,PASS,0,image,608,0.9641637460060704,16,9,60,197.0,run entry through output export; wall-clock UTC difference,NVIDIA GeForce RTX 3060,12.1,3.10.14,2.4.1+cu121,0.19.1,1.26.4,2.3.3,10.4.0,1.7.2,6.0.2,adamw,0.0001,0.0001,32,0,not recorded in frozen config,research-lab/experiments/registered-workflow/runs/primary/run_0273,0698c29756ed04531ba2fc1993b98f3a247e1435384b7f123ae0821ebbc9e9c1,017ecdaeac7d9fbc4cab337d5973a2334159892c6d6fc8c60fe001674e716753
run_0274,original,sipakmed,resnet18,split_07,82,B,submitted,completed,True,PASS,0,image,608,0.9573075025885552,60,60,60,738.0,run entry through output export; wall-clock UTC difference,NVIDIA GeForce RTX 3060,12.1,3.10.14,2.4.1+cu121,0.19.1,1.26.4,2.3.3,10.4.0,1.7.2,6.0.2,adamw,0.0001,0.0001,32,0,not recorded in frozen config,research-lab/experiments/registered-workflow/runs/primary/run_0274,d52356778854adbb975477b133b7ae7fb39b35f30a92eb78eb1b7aaceb9b96f4,635bc45b4e4c1b576cb27754c80c2b68518c3f15559913af3af8fc7eb0cd450f
run_0275,original,sipakmed,resnet50,split_07,82,A,submitted,completed,True,PASS,0,image,608,0.9557114794771084,18,11,60,319.0,run entry through output export; wall-clock UTC difference,NVIDIA GeForce RTX 3060,12.1,3.10.14,2.4.1+cu121,0.19.1,1.26.4,2.3.3,10.4.0,1.7.2,6.0.2,adamw,0.0001,0.0001,32,0,not recorded in frozen config,research-lab/experiments/registered-workflow/runs/primary/run_0275,8553f21565dea6fbae8fd45d75d28801152fcc188d16d5884389e0cfdd6ee6b6,6f02dab98871f0f01cbda1f40cf8ce48c89bac02bea18c71182bc9a3829f8c07
run_0276,original,sipakmed,resnet50,split_07,82,B,submitted,completed,True,PASS,0,image,608,0.9691528807398158,60,60,60,1050.0,run entry through output export; wall-clock UTC difference,NVIDIA GeForce RTX 3060,12.1,3.10.14,2.4.1+cu121,0.19.1,1.26.4,2.3.3,10.4.0,1.7.2,6.0.2,adamw,0.0001,0.0001,32,0,not recorded in frozen config,research-lab/experiments/registered-workflow/runs/primary/run_0276,a1c20f283f89d21b83fa986434c9935c244dae6564fe042e866afe30f13bbdf4,b6b8b053cf3b3c2310bcad2e56a15b750f95b7620e853105352e3317ec3ec821
run_0277,original,sipakmed,densenet121,split_07,82,A,submitted,completed,True,PASS,0,image,608,0.9541338824351904,19,12,60,335.0,run entry through output export; wall-clock UTC difference,NVIDIA GeForce RTX 3060,12.1,3.10.14,2.4.1+cu121,0.19.1,1.26.4,2.3.3,10.4.0,1.7.2,6.0.2,adamw,0.0001,0.0001,32,0,not recorded in frozen config,research-lab/experiments/registered-workflow/runs/primary/run_0277,b9da4ac7cb8203f0096f4999c31894141912a46a0743acb1f3b59b20c860788c,b07198411db4527a331f7568480415f50ae0843529ddac48a898f9af61816f64
run_0278,original,sipakmed,densenet121,split_07,82,B,submitted,completed,True,PASS,0,image,608,0.9576592510298673,60,60,60,1044.0,run entry through output export; wall-clock UTC difference,NVIDIA GeForce RTX 3060,12.1,3.10.14,2.4.1+cu121,0.19.1,1.26.4,2.3.3,10.4.0,1.7.2,6.0.2,adamw,0.0001,0.0001,32,0,not recorded in frozen config,research-lab/experiments/registered-workflow/runs/primary/run_0278,b1d833a705a9ee0b5d1010baeddf44dec68953d5d2918455616826f794399d62,1515b0960afc6eebdcca1703396456858032c3773d4a9d70b11b710d932902fd
run_0279,original,sipakmed,efficientnet_b0,split_07,82,A,submitted,completed,True,PASS,0,image,608,0.9378434538493758,41,34,60,520.0,run entry through output export; wall-clock UTC difference,NVIDIA GeForce RTX 3060,12.1,3.10.14,2.4.1+cu121,0.19.1,1.26.4,2.3.3,10.4.0,1.7.2,6.0.2,adamw,0.0001,0.0001,32,0,not recorded in frozen config,research-lab/experiments/registered-workflow/runs/primary/run_0279,7ab303e042767f0aafd98da45b96d093fa5df86d915c7522276d011fde546f6a,14bf22dd8bccc4e1a40822b49db88e8f42520bc8438a39e8c179fc5d5acb2ffe
run_0280,original,sipakmed,efficientnet_b0,split_07,82,B,submitted,completed,True,PASS,0,image,608,0.9394319609728644,60,60,60,755.0,run entry through output export; wall-clock UTC difference,NVIDIA GeForce RTX 3060,12.1,3.10.14,2.4.1+cu121,0.19.1,1.26.4,2.3.3,10.4.0,1.7.2,6.0.2,adamw,0.0001,0.0001,32,0,not recorded in frozen config,research-lab/experiments/registered-workflow/runs/primary/run_0280,13b31394b6299e3102d6d9c29e4f0adf3b65f66a18ef69f50993ca65ca4cf911,e5f6ad17c4dc7a935a8062c78fd209f8de113d6f9ef47a690c56a47662a0697a
run_0281,original,sipakmed,resnet18,split_08,42,A,submitted,completed,True,PASS,0,image,608,0.9589583491272802,13,6,60,159.0,run entry through output export; wall-clock UTC difference,NVIDIA GeForce RTX 3060,12.1,3.10.14,2.4.1+cu121,0.19.1,1.26.4,2.3.3,10.4.0,1.7.2,6.0.2,adamw,0.0001,0.0001,32,0,not recorded in frozen config,research-lab/experiments/registered-workflow/runs/primary/run_0281,f180aac7d204ce0e74fbef266e89379c580304f874ae621152f84daf2c7487d2,5ee9a23893646b6d543aa86e301d06eb5fbc5f325a8682cb9a8a84f6fab9992b
run_0282,original,sipakmed,resnet18,split_08,42,B,submitted,completed,True,PASS,0,image,608,0.9589074507986203,60,60,60,743.0,run entry through output export; wall-clock UTC difference,NVIDIA GeForce RTX 3060,12.1,3.10.14,2.4.1+cu121,0.19.1,1.26.4,2.3.3,10.4.0,1.7.2,6.0.2,adamw,0.0001,0.0001,32,0,not recorded in frozen config,research-lab/experiments/registered-workflow/runs/primary/run_0282,c15d8448077ba36651bc7f3036330fa9942ae5e1fe50a6ac4e86f2ae118c022e,732a1400d8aec8fc81f10f15a5324ba9b8e6f8ee0eb8f7b81584b3ac32c60560
run_0283,original,sipakmed,resnet50,split_08,42,A,submitted,completed,True,PASS,0,image,608,0.9656972649325575,13,6,60,207.0,run entry through output export; wall-clock UTC difference,NVIDIA GeForce RTX 3060,12.1,3.10.14,2.4.1+cu121,0.19.1,1.26.4,2.3.3,10.4.0,1.7.2,6.0.2,adamw,0.0001,0.0001,32,0,not recorded in frozen config,research-lab/experiments/registered-workflow/runs/primary/run_0283,f775a8d944850eefd7f9d1a6a1843525dfb2c3777e43ed4da100c0ec8424b5d4,543b904e7c0b03ac85313caf3da9f4cfb883f47f0cec0fee2e0e6bc5003bfb6c
run_0284,original,sipakmed,resnet50,split_08,42,B,submitted,completed,True,PASS,0,image,608,0.9704153234938986,60,60,60,937.0,run entry through output export; wall-clock UTC difference,NVIDIA GeForce RTX 3060,12.1,3.10.14,2.4.1+cu121,0.19.1,1.26.4,2.3.3,10.4.0,1.7.2,6.0.2,adamw,0.0001,0.0001,32,0,not recorded in frozen config,research-lab/experiments/registered-workflow/runs/primary/run_0284,1fa4c0ee9b007099568b501a46c3b401aeb3a8db53030a9d38eac7cc6bb64a83,274d7222851ab061e8ae198a266a0dbe7c94bce94104b6965d2abf3e93fc938f
run_0285,original,sipakmed,densenet121,split_08,42,A,submitted,completed,True,PASS,0,image,608,0.9455020608944489,17,10,60,293.0,run entry through output export; wall-clock UTC difference,NVIDIA GeForce RTX 3060,12.1,3.10.14,2.4.1+cu121,0.19.1,1.26.4,2.3.3,10.4.0,1.7.2,6.0.2,adamw,0.0001,0.0001,32,0,not recorded in frozen config,research-lab/experiments/registered-workflow/runs/primary/run_0285,f69e8aafe85bc45f866108abee122a1ed0fda724c173ca029bbd4d67625d5b35,9552e242b729f2dacc35884498bf8dae9c418502170f1337c31ce91a2eeda55f
run_0286,original,sipakmed,densenet121,split_08,42,B,submitted,completed,True,PASS,0,image,608,0.9508727086098357,60,60,60,1036.0,run entry through output export; wall-clock UTC difference,NVIDIA GeForce RTX 3060,12.1,3.10.14,2.4.1+cu121,0.19.1,1.26.4,2.3.3,10.4.0,1.7.2,6.0.2,adamw,0.0001,0.0001,32,0,not recorded in frozen config,research-lab/experiments/registered-workflow/runs/primary/run_0286,495037ee24fa8291b493140ffaafa59824ae57d91cc8321fcbc4fc39640dbd3a,44347f2aa0479934264fb671a22870d4f88601be73ecf8f130b8f3440e9d1a6b
run_0287,original,sipakmed,efficientnet_b0,split_08,42,A,submitted,completed,True,PASS,0,image,608,0.9573365807540737,60,57,60,753.0,run entry through output export; wall-clock UTC difference,NVIDIA GeForce RTX 3060,12.1,3.10.14,2.4.1+cu121,0.19.1,1.26.4,2.3.3,10.4.0,1.7.2,6.0.2,adamw,0.0001,0.0001,32,0,not recorded in frozen config,research-lab/experiments/registered-workflow/runs/primary/run_0287,38ce0664c0a6a61e93ff123c8a9a88853f60f69d185d80d7fdf194487c88849a,b1a822c220175efadd72b380b4715a20e6b91d182b5bd36680b406a748d28c9a
run_0288,original,sipakmed,efficientnet_b0,split_08,42,B,submitted,completed,True,PASS,0,image,608,0.9573243215130616,60,60,60,757.0,run entry through output export; wall-clock UTC difference,NVIDIA GeForce RTX 3060,12.1,3.10.14,2.4.1+cu121,0.19.1,1.26.4,2.3.3,10.4.0,1.7.2,6.0.2,adamw,0.0001,0.0001,32,0,not recorded in frozen config,research-lab/experiments/registered-workflow/runs/primary/run_0288,6bc7f2f06a811820abf361ce10bee0dc48428af99907c658032dc7952f4c37f1,a0887a7db9de8124552dce592c22bb406c2772c77f5ff094468987e040e96123
run_0289,original,sipakmed,resnet18,split_08,52,A,submitted,completed,True,PASS,0,image,608,0.955465495181751,24,17,60,297.0,run entry through output export; wall-clock UTC difference,NVIDIA GeForce RTX 3060,12.1,3.10.14,2.4.1+cu121,0.19.1,1.26.4,2.3.3,10.4.0,1.7.2,6.0.2,adamw,0.0001,0.0001,32,0,not recorded in frozen config,research-lab/experiments/registered-workflow/runs/primary/run_0289,d19ea3a9ec84100639ee6b47e04d949a3c6f51eea21ea06e9c375d0a0cd8e9b8,babba66178e8a7534eda2284567d777f913c5bdb74dd46e9c843136b9c81b123
run_0290,original,sipakmed,resnet18,split_08,52,B,submitted,completed,True,PASS,0,image,608,0.9591738543077424,60,60,60,743.0,run entry through output export; wall-clock UTC difference,NVIDIA GeForce RTX 3060,12.1,3.10.14,2.4.1+cu121,0.19.1,1.26.4,2.3.3,10.4.0,1.7.2,6.0.2,adamw,0.0001,0.0001,32,0,not recorded in frozen config,research-lab/experiments/registered-workflow/runs/primary/run_0290,6713570bce017f7763f5d440bc6ced7509388a1ba49e744bec50852842ff15e5,0db8722042748332d7ea6b15c98a8d9ed69af94ba694c68f334becd0c6f1f600
run_0291,original,sipakmed,resnet50,split_08,52,A,submitted,completed,True,PASS,0,image,608,0.9622132855343466,10,3,60,174.0,run entry through output export; wall-clock UTC difference,NVIDIA GeForce RTX 3060,12.1,3.10.14,2.4.1+cu121,0.19.1,1.26.4,2.3.3,10.4.0,1.7.2,6.0.2,adamw,0.0001,0.0001,32,0,not recorded in frozen config,research-lab/experiments/registered-workflow/runs/primary/run_0291,a216553f25dec278c964919d8061071868751bb03b4a2f6819ea784521704ff1,caf7f9427ed84847bf3e054f0366e5d5ab4769388165ad5c49476b2edcbdca6f
run_0292,original,sipakmed,resnet50,split_08,52,B,submitted,completed,True,PASS,0,image,608,0.9703320234958793,60,60,60,963.0,run entry through output export; wall-clock UTC difference,NVIDIA GeForce RTX 3060,12.1,3.10.14,2.4.1+cu121,0.19.1,1.26.4,2.3.3,10.4.0,1.7.2,6.0.2,adamw,0.0001,0.0001,32,0,not recorded in frozen config,research-lab/experiments/registered-workflow/runs/primary/run_0292,fe2d70489a4623d6965f7e431eeea178f9317b002a1a72703f16c331be5d89e9,df03c987aa26aee80b3d090e94e385e161178b0c788b8ca39db7ecc2389a6c20
run_0293,original,sipakmed,densenet121,split_08,52,A,submitted,completed,True,PASS,0,image,608,0.955750118564756,32,25,60,502.0,run entry through output export; wall-clock UTC difference,NVIDIA GeForce RTX 3060,12.1,3.10.14,2.4.1+cu121,0.19.1,1.26.4,2.3.3,10.4.0,1.7.2,6.0.2,adamw,0.0001,0.0001,32,0,not recorded in frozen config,research-lab/experiments/registered-workflow/runs/primary/run_0293,90d760720ccd10f64aa672262d18d091eb465b694c63b6fd573b12011ee4b457,b207cbae81fd04ea82da29840bef11e035fab8891cc10cfcb8e1508631d41c9c
run_0294,original,sipakmed,densenet121,split_08,52,B,submitted,completed,True,PASS,0,image,608,0.9572145804785537,60,60,60,943.0,run entry through output export; wall-clock UTC difference,NVIDIA GeForce RTX 3060,12.1,3.10.14,2.4.1+cu121,0.19.1,1.26.4,2.3.3,10.4.0,1.7.2,6.0.2,adamw,0.0001,0.0001,32,0,not recorded in frozen config,research-lab/experiments/registered-workflow/runs/primary/run_0294,8e851ac1c02cb3096491ee2ee5a95ced9d5bc83213255590089a2cadc7eb5633,6b6d8f15798d8d9610478b80c71f27837fd9d57bdbeb1dbd9aa549ced035bc77
run_0295,original,sipakmed,efficientnet_b0,split_08,52,A,submitted,completed,True,PASS,0,image,608,0.9574307908336636,54,47,60,632.0,run entry through output export; wall-clock UTC difference,NVIDIA GeForce RTX 3060,12.1,3.10.14,2.4.1+cu121,0.19.1,1.26.4,2.3.3,10.4.0,1.7.2,6.0.2,adamw,0.0001,0.0001,32,0,not recorded in frozen config,research-lab/experiments/registered-workflow/runs/primary/run_0295,c560889dc6527f2e4eef8d5cd2c97bb8a647bf3bea95eb20c6c2f7697513025b,3557b7f24a83ed5c411324db9e07f49a55edac3ec186893fefd0428b8140d8fa
run_0296,original,sipakmed,efficientnet_b0,split_08,52,B,submitted,completed,True,PASS,0,image,608,0.955639681755519,60,60,60,722.0,run entry through output export; wall-clock UTC difference,NVIDIA GeForce RTX 3060,12.1,3.10.14,2.4.1+cu121,0.19.1,1.26.4,2.3.3,10.4.0,1.7.2,6.0.2,adamw,0.0001,0.0001,32,0,not recorded in frozen config,research-lab/experiments/registered-workflow/runs/primary/run_0296,194fe5ef5d6191fbc95fbc19a32372c3fd0c78bdf83462a0853e709a0d7facfb,d6baa354d6ede10161fa30b3660ec8cba14e2537ad4adceb7fc33e9da4680e80
run_0297,original,sipakmed,resnet18,split_08,62,A,submitted,completed,True,PASS,0,image,608,0.9638364030669946,17,10,60,210.0,run entry through output export; wall-clock UTC difference,NVIDIA GeForce RTX 3060,12.1,3.10.14,2.4.1+cu121,0.19.1,1.26.4,2.3.3,10.4.0,1.7.2,6.0.2,adamw,0.0001,0.0001,32,0,not recorded in frozen config,research-lab/experiments/registered-workflow/runs/primary/run_0297,eedcd633a948e77e2a79ea4e7acc71bf4ce770198f896461b3764cb8db56806a,496ab39cbf64faab5791cd24ef9888bc49cef1c288b5d6afe3ff3bad53d9c613
run_0298,original,sipakmed,resnet18,split_08,62,B,submitted,completed,True,PASS,0,image,608,0.9687441603571848,60,60,60,745.0,run entry through output export; wall-clock UTC difference,NVIDIA GeForce RTX 3060,12.1,3.10.14,2.4.1+cu121,0.19.1,1.26.4,2.3.3,10.4.0,1.7.2,6.0.2,adamw,0.0001,0.0001,32,0,not recorded in frozen config,research-lab/experiments/registered-workflow/runs/primary/run_0298,3e10b510ec0764d5ae42b560e043d219299afcd3b6d8f83cd9d528f9121705e4,97ba7b268598b8a919437c6975654c51a368b8336e585e72f9053c168b5e4caa
run_0299,original,sipakmed,resnet50,split_08,62,A,submitted,completed,True,PASS,0,image,608,0.970359108517162,19,12,60,337.0,run entry through output export; wall-clock UTC difference,NVIDIA GeForce RTX 3060,12.1,3.10.14,2.4.1+cu121,0.19.1,1.26.4,2.3.3,10.4.0,1.7.2,6.0.2,adamw,0.0001,0.0001,32,0,not recorded in frozen config,research-lab/experiments/registered-workflow/runs/primary/run_0299,31bc92386df4c7c97abc3011239aa257d0efc6483d1ec3ca5924de278c7ec00e,d34443ca3d7d63955eab2daa3f8bf1a0ce2798e178bfb195155696c9ac70587e
run_0300,original,sipakmed,resnet50,split_08,62,B,submitted,completed,True,PASS,0,image,608,0.9752655872376825,60,60,60,1053.0,run entry through output export; wall-clock UTC difference,NVIDIA GeForce RTX 3060,12.1,3.10.14,2.4.1+cu121,0.19.1,1.26.4,2.3.3,10.4.0,1.7.2,6.0.2,adamw,0.0001,0.0001,32,0,not recorded in frozen config,research-lab/experiments/registered-workflow/runs/primary/run_0300,4c8116825fba2fc880a417fd0d9434b6ca4fb15f6e545c4a93adc90d47d2667b,ce727e8f973f7b08c689f87dc6e16573575f158c9b9e640f44b059cf53cd9c5a
run_0301,original,sipakmed,densenet121,split_08,62,A,submitted,completed,True,PASS,0,image,608,0.9541107743024609,30,23,60,521.0,run entry through output export; wall-clock UTC difference,NVIDIA GeForce RTX 3060,12.1,3.10.14,2.4.1+cu121,0.19.1,1.26.4,2.3.3,10.4.0,1.7.2,6.0.2,adamw,0.0001,0.0001,32,0,not recorded in frozen config,research-lab/experiments/registered-workflow/runs/primary/run_0301,069c8e75fefa6e4780091b26bdb36837d426336483180a39cd897d69f16bdbdf,179613851da6a545f524035331df2c0db98040e99c4558c453f4e708dbe41deb
run_0302,original,sipakmed,densenet121,split_08,62,B,submitted,completed,True,PASS,0,image,608,0.9542740931846749,60,60,60,1051.0,run entry through output export; wall-clock UTC difference,NVIDIA GeForce RTX 3060,12.1,3.10.14,2.4.1+cu121,0.19.1,1.26.4,2.3.3,10.4.0,1.7.2,6.0.2,adamw,0.0001,0.0001,32,0,not recorded in frozen config,research-lab/experiments/registered-workflow/runs/primary/run_0302,af9fb793ef5f36539ce490a026e9c2e4ba1202e5cf04e0ec5911aaf3592efaf4,288f5fda2583dfc3e7751a17bdd68d41e84cd01e2ad32c7c99508872273b7a51
run_0303,original,sipakmed,efficientnet_b0,split_08,62,A,submitted,completed,True,PASS,0,image,608,0.9540965313171311,60,55,60,760.0,run entry through output export; wall-clock UTC difference,NVIDIA GeForce RTX 3060,12.1,3.10.14,2.4.1+cu121,0.19.1,1.26.4,2.3.3,10.4.0,1.7.2,6.0.2,adamw,0.0001,0.0001,32,0,not recorded in frozen config,research-lab/experiments/registered-workflow/runs/primary/run_0303,a010147b4e3768cb205ea0dc161cc27e448574a487993caae5b39a7136e7630d,0220c27062968cd7d3d63d75708fbf24385f410e6007c8f5f727ab3fbdfd6f3f
run_0304,original,sipakmed,efficientnet_b0,split_08,62,B,submitted,completed,True,PASS,0,image,608,0.9523216489686339,60,60,60,751.0,run entry through output export; wall-clock UTC difference,NVIDIA GeForce RTX 3060,12.1,3.10.14,2.4.1+cu121,0.19.1,1.26.4,2.3.3,10.4.0,1.7.2,6.0.2,adamw,0.0001,0.0001,32,0,not recorded in frozen config,research-lab/experiments/registered-workflow/runs/primary/run_0304,20fa087704350af1f4829c0bf22ed0caece5d3ce4323aa873920c0f0b8bebfa9,3d374f2ca1b7a88ab38ca4104252139d356d8dab9f18345f6535b6e3969326e7
run_0305,original,sipakmed,resnet18,split_08,72,A,submitted,completed,True,PASS,0,image,608,0.9619537022384534,13,6,60,153.0,run entry through output export; wall-clock UTC difference,NVIDIA GeForce RTX 3060,12.1,3.10.14,2.4.1+cu121,0.19.1,1.26.4,2.3.3,10.4.0,1.7.2,6.0.2,adamw,0.0001,0.0001,32,0,not recorded in frozen config,research-lab/experiments/registered-workflow/runs/primary/run_0305,deb934e83ec0e51046e9fa0b94e97a4b755b729786c8fbbec42beddb2df867d1,56c6e5c1234304142903cfd798d7acaab4a3ad55377df5b2018fab71159746c2
run_0306,original,sipakmed,resnet18,split_08,72,B,submitted,completed,True,PASS,0,image,608,0.9654675167667655,60,60,60,700.0,run entry through output export; wall-clock UTC difference,NVIDIA GeForce RTX 3060,12.1,3.10.14,2.4.1+cu121,0.19.1,1.26.4,2.3.3,10.4.0,1.7.2,6.0.2,adamw,0.0001,0.0001,32,0,not recorded in frozen config,research-lab/experiments/registered-workflow/runs/primary/run_0306,53a68c73e30639a7eb2f862bb9c7fa9c6f62660cedfb0c93ce141df63bd7a6ec,5eb5b4d41b18dee3590452c49f3e441fe360748684982307c946779698fa7f29
run_0307,original,sipakmed,resnet50,split_08,72,A,submitted,completed,True,PASS,0,image,608,0.9637719575277341,17,10,60,296.0,run entry through output export; wall-clock UTC difference,NVIDIA GeForce RTX 3060,12.1,3.10.14,2.4.1+cu121,0.19.1,1.26.4,2.3.3,10.4.0,1.7.2,6.0.2,adamw,0.0001,0.0001,32,0,not recorded in frozen config,research-lab/experiments/registered-workflow/runs/primary/run_0307,a87ea8fe5c4fe20f381f0a2590fd7f6447f73268dda585f622a7455da1f050a6,3cb9fa09a3271c22ca713b8939ddd179d5051c66340dcd5acd8664c244136606
run_0308,original,sipakmed,resnet50,split_08,72,B,submitted,completed,True,PASS,0,image,608,0.9706999986668384,60,60,60,1049.0,run entry through output export; wall-clock UTC difference,NVIDIA GeForce RTX 3060,12.1,3.10.14,2.4.1+cu121,0.19.1,1.26.4,2.3.3,10.4.0,1.7.2,6.0.2,adamw,0.0001,0.0001,32,0,not recorded in frozen config,research-lab/experiments/registered-workflow/runs/primary/run_0308,c345c2e3dfecd0339d10286aacf068fb41a09df15af4a372bb0c197e3701decc,02f228aacbb37889a0045f3cd24d0fb3e27fd4794a4a98728aa8537f8782409b
run_0309,original,sipakmed,densenet121,split_08,72,A,submitted,completed,True,PASS,0,image,608,0.9639488236205487,25,18,60,439.0,run entry through output export; wall-clock UTC difference,NVIDIA GeForce RTX 3060,12.1,3.10.14,2.4.1+cu121,0.19.1,1.26.4,2.3.3,10.4.0,1.7.2,6.0.2,adamw,0.0001,0.0001,32,0,not recorded in frozen config,research-lab/experiments/registered-workflow/runs/primary/run_0309,266c5ac2eebbf1bafe8c4dce39a8b8e15901b3dc0ecbfb754bb36f5be8ba6f61,5621bb824cc5be1b30e1b4fbe43de4e903d89fcd96f4101ec428d8ae8f5fc576
run_0310,original,sipakmed,densenet121,split_08,72,B,submitted,completed,True,PASS,0,image,608,0.9589888188422571,60,60,60,977.0,run entry through output export; wall-clock UTC difference,NVIDIA GeForce RTX 3060,12.1,3.10.14,2.4.1+cu121,0.19.1,1.26.4,2.3.3,10.4.0,1.7.2,6.0.2,adamw,0.0001,0.0001,32,0,not recorded in frozen config,research-lab/experiments/registered-workflow/runs/primary/run_0310,21d5b22724ad0ac71a15da49aa54184eac4593a8af4c426fc6bcc59a4b6fd86a,f7489dfbf7eaa907cd73efeb2e217c15f641f9e246aa19e17b919cf337a36094
run_0311,original,sipakmed,efficientnet_b0,split_08,72,A,submitted,completed,True,PASS,0,image,608,0.9590003823085402,53,46,60,629.0,run entry through output export; wall-clock UTC difference,NVIDIA GeForce RTX 3060,12.1,3.10.14,2.4.1+cu121,0.19.1,1.26.4,2.3.3,10.4.0,1.7.2,6.0.2,adamw,0.0001,0.0001,32,0,not recorded in frozen config,research-lab/experiments/registered-workflow/runs/primary/run_0311,48addd95813341d77f1277db407afb28c46631c8801ac2fcb0db1b02ee2b306e,28de61390eac471fb695403952398424bb40b5df8ae5ea540a5a80a64178f1a3
run_0312,original,sipakmed,efficientnet_b0,split_08,72,B,submitted,completed,True,PASS,0,image,608,0.9637997477236644,60,60,60,763.0,run entry through output export; wall-clock UTC difference,NVIDIA GeForce RTX 3060,12.1,3.10.14,2.4.1+cu121,0.19.1,1.26.4,2.3.3,10.4.0,1.7.2,6.0.2,adamw,0.0001,0.0001,32,0,not recorded in frozen config,research-lab/experiments/registered-workflow/runs/primary/run_0312,009cd51c5d174f786b6a6d9e70fd1f7c734631373c0d12528e6c01134e1d6556,925bd6a175e1b7bc58f255b246f19b72eb56b27622a13f0490cc26d5493636c6
run_0313,original,sipakmed,resnet18,split_08,82,A,submitted,completed,True,PASS,0,image,608,0.9584690176655952,19,12,60,242.0,run entry through output export; wall-clock UTC difference,NVIDIA GeForce RTX 3060,12.1,3.10.14,2.4.1+cu121,0.19.1,1.26.4,2.3.3,10.4.0,1.7.2,6.0.2,adamw,0.0001,0.0001,32,0,not recorded in frozen config,research-lab/experiments/registered-workflow/runs/primary/run_0313,1d2125ebff3b8ee594a39f821a6db8e10d73136436b1bdbd3ac31f8799be7582,b8b0d02fa51c741dd3952cbaecc52d25eb51f365b2f2b435d7ed7d2d0a9d17fa
run_0314,original,sipakmed,resnet18,split_08,82,B,submitted,completed,True,PASS,0,image,608,0.9608830125473095,60,60,60,761.0,run entry through output export; wall-clock UTC difference,NVIDIA GeForce RTX 3060,12.1,3.10.14,2.4.1+cu121,0.19.1,1.26.4,2.3.3,10.4.0,1.7.2,6.0.2,adamw,0.0001,0.0001,32,0,not recorded in frozen config,research-lab/experiments/registered-workflow/runs/primary/run_0314,cbfc9a5426914fa5201fbd815db0dd68b9fa3279217ed8f549455afab16588af,0f32c8af02c05e7a8fc3687b047ae3379488c09d8a5b4fb63f5f7215ccf91e11
run_0315,original,sipakmed,resnet50,split_08,82,A,submitted,completed,True,PASS,0,image,608,0.9603428439468178,15,8,60,274.0,run entry through output export; wall-clock UTC difference,NVIDIA GeForce RTX 3060,12.1,3.10.14,2.4.1+cu121,0.19.1,1.26.4,2.3.3,10.4.0,1.7.2,6.0.2,adamw,0.0001,0.0001,32,0,not recorded in frozen config,research-lab/experiments/registered-workflow/runs/primary/run_0315,76ad47074e15f72599afe61d642f94dd5815531c73dc6a144905f568900bcc78,c1d4392e1b161d96401d179ce660ed62582c9a6ac3b6f10ac2db61bef58690d1
run_0316,original,sipakmed,resnet50,split_08,82,B,submitted,completed,True,PASS,0,image,608,0.9787353848404171,60,60,60,1072.0,run entry through output export; wall-clock UTC difference,NVIDIA GeForce RTX 3060,12.1,3.10.14,2.4.1+cu121,0.19.1,1.26.4,2.3.3,10.4.0,1.7.2,6.0.2,adamw,0.0001,0.0001,32,0,not recorded in frozen config,research-lab/experiments/registered-workflow/runs/primary/run_0316,9dc2878d8e671762848dcdb8ab26ec77e320d8bb3e2738800431b1ebf9389b60,0d84bf11ce8d13b6afa2d671cedc7087742f0c449bc2b730fab6d819ac675d53
run_0317,original,sipakmed,densenet121,split_08,82,A,submitted,completed,True,PASS,0,image,608,0.9574030006377333,36,29,60,646.0,run entry through output export; wall-clock UTC difference,NVIDIA GeForce RTX 3060,12.1,3.10.14,2.4.1+cu121,0.19.1,1.26.4,2.3.3,10.4.0,1.7.2,6.0.2,adamw,0.0001,0.0001,32,0,not recorded in frozen config,research-lab/experiments/registered-workflow/runs/primary/run_0317,c919ee5573d19dbe10996dbc1e103f0b252da8bb86690938c4103f9c89b06713,e9d5684c71459c05f020c2f50c736b956b637b8288ff6a25b561a0a38a6c737e
run_0318,original,sipakmed,densenet121,split_08,82,B,submitted,completed,True,PASS,0,image,608,0.9592334539781728,60,60,60,1075.0,run entry through output export; wall-clock UTC difference,NVIDIA GeForce RTX 3060,12.1,3.10.14,2.4.1+cu121,0.19.1,1.26.4,2.3.3,10.4.0,1.7.2,6.0.2,adamw,0.0001,0.0001,32,0,not recorded in frozen config,research-lab/experiments/registered-workflow/runs/primary/run_0318,18e4fa3e0607d374baaca5fb31ceb08e38fd9a8412d8b1f12c518804af257771,d01dd76474115a3d969a249fb0001e36c9a51642ccd66c8f4e752bd78c844b7d
run_0319,original,sipakmed,efficientnet_b0,split_08,82,A,submitted,completed,True,PASS,0,image,608,0.9557352315946321,60,60,60,774.0,run entry through output export; wall-clock UTC difference,NVIDIA GeForce RTX 3060,12.1,3.10.14,2.4.1+cu121,0.19.1,1.26.4,2.3.3,10.4.0,1.7.2,6.0.2,adamw,0.0001,0.0001,32,0,not recorded in frozen config,research-lab/experiments/registered-workflow/runs/primary/run_0319,2a97842f273e5ea25fad4a86564220b27f78772348797b6017c07ded1cf997e0,bebae2fe4a88546bef8d96df30600a4a0e607cfba0f82de06a5c1106c158a96e
run_0320,original,sipakmed,efficientnet_b0,split_08,82,B,submitted,completed,True,PASS,0,image,608,0.9557352315946321,60,60,60,711.0,run entry through output export; wall-clock UTC difference,NVIDIA GeForce RTX 3060,12.1,3.10.14,2.4.1+cu121,0.19.1,1.26.4,2.3.3,10.4.0,1.7.2,6.0.2,adamw,0.0001,0.0001,32,0,not recorded in frozen config,research-lab/experiments/registered-workflow/runs/primary/run_0320,bc1cb8a8f2b5922a6345d481878ea033e54136db4cf8e6eceb11ad6671c8fdbe,692de8d97a5305a41889e6a2cb45f6033cd981f024e0d031703a5281939c2bf8
run_0321,original,sipakmed,resnet18,split_09,42,A,submitted,completed,True,PASS,0,image,608,0.9560741379999911,14,7,60,166.0,run entry through output export; wall-clock UTC difference,NVIDIA GeForce RTX 3060,12.1,3.10.14,2.4.1+cu121,0.19.1,1.26.4,2.3.3,10.4.0,1.7.2,6.0.2,adamw,0.0001,0.0001,32,0,not recorded in frozen config,research-lab/experiments/registered-workflow/runs/primary/run_0321,07884c61bcc6c925e063b8fac29c2177b91830aadce0cb2813cf1b79ffd1e63e,5c6c8366371f7006112a25106a050707143aa2ed129b6abd355b5ee08677bb1d
run_0322,original,sipakmed,resnet18,split_09,42,B,submitted,completed,True,PASS,0,image,608,0.9670262499500064,60,60,60,729.0,run entry through output export; wall-clock UTC difference,NVIDIA GeForce RTX 3060,12.1,3.10.14,2.4.1+cu121,0.19.1,1.26.4,2.3.3,10.4.0,1.7.2,6.0.2,adamw,0.0001,0.0001,32,0,not recorded in frozen config,research-lab/experiments/registered-workflow/runs/primary/run_0322,9f1989d0d881fa8b15b7bb03be198e57278be5d82be212aad599040f180e21ee,7674ee4d4723a2f1d9c578e2ff430b7a400ddb5fe95eceda7770d5de693e3c6a
run_0323,original,sipakmed,resnet50,split_09,42,A,submitted,completed,True,PASS,0,image,608,0.9591650409502774,10,3,60,177.0,run entry through output export; wall-clock UTC difference,NVIDIA GeForce RTX 3060,12.1,3.10.14,2.4.1+cu121,0.19.1,1.26.4,2.3.3,10.4.0,1.7.2,6.0.2,adamw,0.0001,0.0001,32,0,not recorded in frozen config,research-lab/experiments/registered-workflow/runs/primary/run_0323,5da3a7af5d1095bb3e0bc94b5cdae6e97142e31c2e804849890fe4307030c126,82481f737d577027f91903edd1c5b6b0b47d0bca7dfd21f02953ec1c9906660b
run_0324,original,sipakmed,resnet50,split_09,42,B,submitted,completed,True,PASS,0,image,608,0.964154175684023,60,60,60,1053.0,run entry through output export; wall-clock UTC difference,NVIDIA GeForce RTX 3060,12.1,3.10.14,2.4.1+cu121,0.19.1,1.26.4,2.3.3,10.4.0,1.7.2,6.0.2,adamw,0.0001,0.0001,32,0,not recorded in frozen config,research-lab/experiments/registered-workflow/runs/primary/run_0324,acf9927e23d8ea4970ba317e52fc9f287686bf140a80156bdc11fc1bf0e7f7a2,7f36a67ad1f49d89336ebc43d36e8995e635ace48e8c422c3d44487b7c4f49b0
run_0325,original,sipakmed,densenet121,split_09,42,A,submitted,completed,True,PASS,0,image,608,0.9445133738318173,35,28,60,616.0,run entry through output export; wall-clock UTC difference,NVIDIA GeForce RTX 3060,12.1,3.10.14,2.4.1+cu121,0.19.1,1.26.4,2.3.3,10.4.0,1.7.2,6.0.2,adamw,0.0001,0.0001,32,0,not recorded in frozen config,research-lab/experiments/registered-workflow/runs/primary/run_0325,a73290fd15804dc9165d986a905214879f480b5a471ffa05ae9cacb30b3a73d5,b0c8359e0a6fb5c362690c2e9cbb27819c700415747b35805faa4665d72916c5
run_0326,original,sipakmed,densenet121,split_09,42,B,submitted,completed,True,PASS,0,image,608,0.955992760556436,60,60,60,1040.0,run entry through output export; wall-clock UTC difference,NVIDIA GeForce RTX 3060,12.1,3.10.14,2.4.1+cu121,0.19.1,1.26.4,2.3.3,10.4.0,1.7.2,6.0.2,adamw,0.0001,0.0001,32,0,not recorded in frozen config,research-lab/experiments/registered-workflow/runs/primary/run_0326,073b176bf222e7eca1fabd0bea9c6bd0eb7f343a247753a65985765b79dfec6c,dcd2182299b8876099f0d31a87e5c86ab0df0e9dd441f8c0a3129391a42d1237
run_0327,original,sipakmed,efficientnet_b0,split_09,42,A,submitted,completed,True,PASS,0,image,608,0.9347390036884888,60,58,60,761.0,run entry through output export; wall-clock UTC difference,NVIDIA GeForce RTX 3060,12.1,3.10.14,2.4.1+cu121,0.19.1,1.26.4,2.3.3,10.4.0,1.7.2,6.0.2,adamw,0.0001,0.0001,32,0,not recorded in frozen config,research-lab/experiments/registered-workflow/runs/primary/run_0327,e5b8994c8eb122890851df12214e01262df16eb472d4388afe47579c6e237178,6d5ba4b978527d67e85ab28192f6ce073222b7c1ae5a4afbecf67c755da42d73
run_0328,original,sipakmed,efficientnet_b0,split_09,42,B,submitted,completed,True,PASS,0,image,608,0.939631300613533,60,60,60,758.0,run entry through output export; wall-clock UTC difference,NVIDIA GeForce RTX 3060,12.1,3.10.14,2.4.1+cu121,0.19.1,1.26.4,2.3.3,10.4.0,1.7.2,6.0.2,adamw,0.0001,0.0001,32,0,not recorded in frozen config,research-lab/experiments/registered-workflow/runs/primary/run_0328,78f00cda46b82d918c74a65559fc79dfd6186d99a6a2a21a16e42b0aeb7cf76f,9e0d6f11a6b6ec9628df44834d83587e1471378f4917bdfd88dbb4f37a720a0c
run_0329,original,sipakmed,resnet18,split_09,52,A,submitted,completed,True,PASS,0,image,608,0.9672973261224108,27,20,60,340.0,run entry through output export; wall-clock UTC difference,NVIDIA GeForce RTX 3060,12.1,3.10.14,2.4.1+cu121,0.19.1,1.26.4,2.3.3,10.4.0,1.7.2,6.0.2,adamw,0.0001,0.0001,32,0,not recorded in frozen config,research-lab/experiments/registered-workflow/runs/primary/run_0329,e38315c6bd90ae2539c54d63663279f31166a76eaaa87a6b5a333a5a8eebbde2,3e4c430d7ae95b62605a54a87b75deddd3f3d0f2a33d2b5361c3a223337b4b7d
run_0330,original,sipakmed,resnet18,split_09,52,B,submitted,completed,True,PASS,0,image,608,0.9623495193952779,60,60,60,744.0,run entry through output export; wall-clock UTC difference,NVIDIA GeForce RTX 3060,12.1,3.10.14,2.4.1+cu121,0.19.1,1.26.4,2.3.3,10.4.0,1.7.2,6.0.2,adamw,0.0001,0.0001,32,0,not recorded in frozen config,research-lab/experiments/registered-workflow/runs/primary/run_0330,9a1db010fc246865a73f9c79341e55fb7317b85df119d8e7809c7c6b8428f668,87ad11deb09f1af3a572f99d7bcedc10bb236575cbb8edd89ee2e3ba6e490be2
run_0331,original,sipakmed,resnet50,split_09,52,A,submitted,completed,True,PASS,0,image,608,0.95424233550011,14,7,60,245.0,run entry through output export; wall-clock UTC difference,NVIDIA GeForce RTX 3060,12.1,3.10.14,2.4.1+cu121,0.19.1,1.26.4,2.3.3,10.4.0,1.7.2,6.0.2,adamw,0.0001,0.0001,32,0,not recorded in frozen config,research-lab/experiments/registered-workflow/runs/primary/run_0331,fac4af477881925bd016903745f0f1e3e9fbe019d09dd437057ef4fb7633ee65,95c059c778716445b9ac7bf28dbf016e734ad613967e2aef748b557ff2f5095d
run_0332,original,sipakmed,resnet50,split_09,52,B,submitted,completed,True,PASS,0,image,608,0.9706167080687378,60,60,60,1054.0,run entry through output export; wall-clock UTC difference,NVIDIA GeForce RTX 3060,12.1,3.10.14,2.4.1+cu121,0.19.1,1.26.4,2.3.3,10.4.0,1.7.2,6.0.2,adamw,0.0001,0.0001,32,0,not recorded in frozen config,research-lab/experiments/registered-workflow/runs/primary/run_0332,cbcd1453c9017e6134f7b79f66bb4bd05d207f804f4fc15ebfe603f62a013b5a,3eb9b8833680191018d8432032a0f3bae6dbd5b310b71c6775f99160d7940854
run_0333,original,sipakmed,densenet121,split_09,52,A,submitted,completed,True,PASS,0,image,608,0.9559656755351533,26,19,60,457.0,run entry through output export; wall-clock UTC difference,NVIDIA GeForce RTX 3060,12.1,3.10.14,2.4.1+cu121,0.19.1,1.26.4,2.3.3,10.4.0,1.7.2,6.0.2,adamw,0.0001,0.0001,32,0,not recorded in frozen config,research-lab/experiments/registered-workflow/runs/primary/run_0333,b3a12fbdbcc5b45d991d49b474eeb6405c3d46063ea84edd6fa09ffe284658fb,75899f7d9ac5d414bca7781c5d9381f5d7499e5148b140d57da4c202b9c6c03e
run_0334,original,sipakmed,densenet121,split_09,52,B,submitted,completed,True,PASS,0,image,608,0.9576883197954673,60,60,60,1050.0,run entry through output export; wall-clock UTC difference,NVIDIA GeForce RTX 3060,12.1,3.10.14,2.4.1+cu121,0.19.1,1.26.4,2.3.3,10.4.0,1.7.2,6.0.2,adamw,0.0001,0.0001,32,0,not recorded in frozen config,research-lab/experiments/registered-workflow/runs/primary/run_0334,28b415eda9a331931b4fdffa274f768aa6259e4f1358702b951674b64528ecf5,1e4ba9628fb5ce857d9e7b0f4d209914fe934661c6eae540fa6715e8e30037aa
run_0335,original,sipakmed,efficientnet_b0,split_09,52,A,submitted,completed,True,PASS,0,image,608,0.933098380856524,37,30,60,471.0,run entry through output export; wall-clock UTC difference,NVIDIA GeForce RTX 3060,12.1,3.10.14,2.4.1+cu121,0.19.1,1.26.4,2.3.3,10.4.0,1.7.2,6.0.2,adamw,0.0001,0.0001,32,0,not recorded in frozen config,research-lab/experiments/registered-workflow/runs/primary/run_0335,33ff8ea751920f33888ba0b6d4edb607e1f08a85395343e2e52a027f6ffefbb4,7dd94c86e2b214e17d3df13ac3605dba17419be60a059888c7f92b4b8901b060
run_0336,original,sipakmed,efficientnet_b0,split_09,52,B,submitted,completed,True,PASS,0,image,608,0.9362693214908422,60,60,60,748.0,run entry through output export; wall-clock UTC difference,NVIDIA GeForce RTX 3060,12.1,3.10.14,2.4.1+cu121,0.19.1,1.26.4,2.3.3,10.4.0,1.7.2,6.0.2,adamw,0.0001,0.0001,32,0,not recorded in frozen config,research-lab/experiments/registered-workflow/runs/primary/run_0336,1d79e3c88fdde85616291c77317d2e9bbd2e30ddfe4025ecf1fcd9b8db9f14c1,706a181f2608c19b6b726d21da3eefa1112d12a8c0a13d5c0f1b231ab903c901
run_0337,original,sipakmed,resnet18,split_09,62,A,submitted,completed,True,PASS,0,image,608,0.9477365619542371,16,9,60,190.0,run entry through output export; wall-clock UTC difference,NVIDIA GeForce RTX 3060,12.1,3.10.14,2.4.1+cu121,0.19.1,1.26.4,2.3.3,10.4.0,1.7.2,6.0.2,adamw,0.0001,0.0001,32,0,not recorded in frozen config,research-lab/experiments/registered-workflow/runs/primary/run_0337,34bb720970cd9976d3e2893c21fad2ffbf95d3f7d10fd348ebbb1607df7a27ce,f98bfdae580b2631e346fc8be8d2fb64ebcbbd164276baf064f8ebe2d16140c7
run_0338,original,sipakmed,resnet18,split_09,62,B,submitted,completed,True,PASS,0,image,608,0.9643012678365899,60,60,60,700.0,run entry through output export; wall-clock UTC difference,NVIDIA GeForce RTX 3060,12.1,3.10.14,2.4.1+cu121,0.19.1,1.26.4,2.3.3,10.4.0,1.7.2,6.0.2,adamw,0.0001,0.0001,32,0,not recorded in frozen config,research-lab/experiments/registered-workflow/runs/primary/run_0338,eeb256145f7e8d62c910a5a113fb60e776cd05a45d7f018f734dcb36f14e9a9a,df30a37e894df333f47730b63aa32799bbcde25268d5d1dd89dd5b4f7223ed6f
run_0339,original,sipakmed,resnet50,split_09,62,A,submitted,completed,True,PASS,0,image,608,0.9496611641844128,20,13,60,314.0,run entry through output export; wall-clock UTC difference,NVIDIA GeForce RTX 3060,12.1,3.10.14,2.4.1+cu121,0.19.1,1.26.4,2.3.3,10.4.0,1.7.2,6.0.2,adamw,0.0001,0.0001,32,0,not recorded in frozen config,research-lab/experiments/registered-workflow/runs/primary/run_0339,0de9240e955760f0d53408f29b3d8001f57213cad792f909a0e6ebfbf4044c29,0af5121f556451b2f2b616022e2f6eb63a76a2648e0aaf59b432ac409d528794
run_0340,original,sipakmed,resnet50,split_09,62,B,submitted,completed,True,PASS,0,image,608,0.9674593052451017,60,60,60,1051.0,run entry through output export; wall-clock UTC difference,NVIDIA GeForce RTX 3060,12.1,3.10.14,2.4.1+cu121,0.19.1,1.26.4,2.3.3,10.4.0,1.7.2,6.0.2,adamw,0.0001,0.0001,32,0,not recorded in frozen config,research-lab/experiments/registered-workflow/runs/primary/run_0340,0d0c416a350f29efdf0c25ef079a0d84d0c5c17956cf7155028eefa58332c32f,f4f2ccf2098084fe0c5c23c6327953c60e0d9bc5c580b6ff013af3e5d9a47a1d
run_0341,original,sipakmed,densenet121,split_09,62,A,submitted,completed,True,PASS,0,image,608,0.9525778899608495,25,18,60,434.0,run entry through output export; wall-clock UTC difference,NVIDIA GeForce RTX 3060,12.1,3.10.14,2.4.1+cu121,0.19.1,1.26.4,2.3.3,10.4.0,1.7.2,6.0.2,adamw,0.0001,0.0001,32,0,not recorded in frozen config,research-lab/experiments/registered-workflow/runs/primary/run_0341,bf1e0d82aaa35e7303d9daf47d258464e879f17f50d98f37b428a6113fac288c,e63cb08483b6b72c445956be1a7a8f5ee19137909a6c293e4affa5c071d655b0
run_0342,original,sipakmed,densenet121,split_09,62,B,submitted,completed,True,PASS,0,image,608,0.9476571682549993,60,60,60,1044.0,run entry through output export; wall-clock UTC difference,NVIDIA GeForce RTX 3060,12.1,3.10.14,2.4.1+cu121,0.19.1,1.26.4,2.3.3,10.4.0,1.7.2,6.0.2,adamw,0.0001,0.0001,32,0,not recorded in frozen config,research-lab/experiments/registered-workflow/runs/primary/run_0342,4c545e35d2e7dcdf3028e65066b559741b5b9c3efd00407fe908f96ee55a3bf4,9ac242901b7247a3d81d11d08f150cc45c087fdcd6a6c0c881cd66053202e3c7
run_0343,original,sipakmed,efficientnet_b0,split_09,62,A,submitted,completed,True,PASS,0,image,608,0.9412584468246692,60,60,60,755.0,run entry through output export; wall-clock UTC difference,NVIDIA GeForce RTX 3060,12.1,3.10.14,2.4.1+cu121,0.19.1,1.26.4,2.3.3,10.4.0,1.7.2,6.0.2,adamw,0.0001,0.0001,32,0,not recorded in frozen config,research-lab/experiments/registered-workflow/runs/primary/run_0343,90526dd150a997cfbea83859a7f0622e74b365e5746227a1be942e0b080246a5,780ca527cda4af2e380e7c8a2f58900259419c6efd46bc76d9db44b6dcf351f2
run_0344,original,sipakmed,efficientnet_b0,split_09,62,B,submitted,completed,True,PASS,0,image,608,0.9412584468246692,60,60,60,752.0,run entry through output export; wall-clock UTC difference,NVIDIA GeForce RTX 3060,12.1,3.10.14,2.4.1+cu121,0.19.1,1.26.4,2.3.3,10.4.0,1.7.2,6.0.2,adamw,0.0001,0.0001,32,0,not recorded in frozen config,research-lab/experiments/registered-workflow/runs/primary/run_0344,ab8e63f0f34cf62591c1c065a83c1fca6f369a5a8848c21bb77b214ffb0486ef,fa0f84ef6fb7ca498642df1c6d806fd1c4f690cd69cd1c9e8fae5af2ac2de5c2
run_0345,original,sipakmed,resnet18,split_09,72,A,submitted,completed,True,PASS,0,image,608,0.9625236965691277,26,19,60,310.0,run entry through output export; wall-clock UTC difference,NVIDIA GeForce RTX 3060,12.1,3.10.14,2.4.1+cu121,0.19.1,1.26.4,2.3.3,10.4.0,1.7.2,6.0.2,adamw,0.0001,0.0001,32,0,not recorded in frozen config,research-lab/experiments/registered-workflow/runs/primary/run_0345,8d0fb3494cbe73dd9bae7e0ea7abd9fea935e5069dd5c2234b290ef874a7ba77,48cec3319d6b0433d6c3e69e862f19acef91e1585c13c5d30288f3687d234675
run_0346,original,sipakmed,resnet18,split_09,72,B,submitted,completed,True,PASS,0,image,608,0.9707264397033271,60,60,60,710.0,run entry through output export; wall-clock UTC difference,NVIDIA GeForce RTX 3060,12.1,3.10.14,2.4.1+cu121,0.19.1,1.26.4,2.3.3,10.4.0,1.7.2,6.0.2,adamw,0.0001,0.0001,32,0,not recorded in frozen config,research-lab/experiments/registered-workflow/runs/primary/run_0346,16ae6a6d234138f491c11df7230b882002cf69604c68f9046b823c4b4f76c48b,fecbeca6dcc1ebc45c2a6ecce2ee0fd0fc1446d6898784e2aa3dc05a09da13fe
run_0347,original,sipakmed,resnet50,split_09,72,A,submitted,completed,True,PASS,0,image,608,0.9626199609828067,16,9,60,282.0,run entry through output export; wall-clock UTC difference,NVIDIA GeForce RTX 3060,12.1,3.10.14,2.4.1+cu121,0.19.1,1.26.4,2.3.3,10.4.0,1.7.2,6.0.2,adamw,0.0001,0.0001,32,0,not recorded in frozen config,research-lab/experiments/registered-workflow/runs/primary/run_0347,aefeb2fb5fe0d867afe3d806847758f7cbb3bb4efe59bfa8597bb2e2274cd704,0bb9d74d1a0936b52e43fe0cb12d0ec91a6cc7a7c81c21317662f78e3e5e2309
run_0348,original,sipakmed,resnet50,split_09,72,B,submitted,completed,True,PASS,0,image,608,0.960860600189309,60,60,60,1053.0,run entry through output export; wall-clock UTC difference,NVIDIA GeForce RTX 3060,12.1,3.10.14,2.4.1+cu121,0.19.1,1.26.4,2.3.3,10.4.0,1.7.2,6.0.2,adamw,0.0001,0.0001,32,0,not recorded in frozen config,research-lab/experiments/registered-workflow/runs/primary/run_0348,466e77616b38d1b9a5e70ad31abcdb0016fa2041a3ea9339185ea6bb7ec5939b,4ef428899de824ba680118d585ff706aa69bf4c769e4bbcb63d62541f0271848
run_0349,original,sipakmed,densenet121,split_09,72,A,submitted,completed,True,PASS,0,image,608,0.9463302281717212,17,10,60,300.0,run entry through output export; wall-clock UTC difference,NVIDIA GeForce RTX 3060,12.1,3.10.14,2.4.1+cu121,0.19.1,1.26.4,2.3.3,10.4.0,1.7.2,6.0.2,adamw,0.0001,0.0001,32,0,not recorded in frozen config,research-lab/experiments/registered-workflow/runs/primary/run_0349,c60e9fbdb127c7f829fff76945d32b51185a97e71d309e10cb58e3e4165a76a9,5266bafd1e510b7c7711a11f55c44ad4b5b05d4a7181c03b1ede0ad4c83c5fed
run_0350,original,sipakmed,densenet121,split_09,72,B,submitted,completed,True,PASS,0,image,608,0.9658348479529305,60,60,60,1048.0,run entry through output export; wall-clock UTC difference,NVIDIA GeForce RTX 3060,12.1,3.10.14,2.4.1+cu121,0.19.1,1.26.4,2.3.3,10.4.0,1.7.2,6.0.2,adamw,0.0001,0.0001,32,0,not recorded in frozen config,research-lab/experiments/registered-workflow/runs/primary/run_0350,cffa9d51784fa94ba8c8aed9be5bae2f0178ad5e61f39a717797538ffcb66edb,5d4c881f2969f36de38ec92f7bd66b3d3ba9478cf48897d705a5c6e7eae602c9
run_0351,original,sipakmed,efficientnet_b0,split_09,72,A,submitted,completed,True,PASS,0,image,608,0.9413526569042588,50,43,60,624.0,run entry through output export; wall-clock UTC difference,NVIDIA GeForce RTX 3060,12.1,3.10.14,2.4.1+cu121,0.19.1,1.26.4,2.3.3,10.4.0,1.7.2,6.0.2,adamw,0.0001,0.0001,32,0,not recorded in frozen config,research-lab/experiments/registered-workflow/runs/primary/run_0351,c0701c277b16c5804ebf106fd7a8a40fca3c3d56e8818927029d430c67959577,2d74ea40e0f92c5bed81287b5ca69a729fa74786681673b051cf7a3ec88e495d
run_0352,original,sipakmed,efficientnet_b0,split_09,72,B,submitted,completed,True,PASS,0,image,608,0.9463147066167215,60,60,60,755.0,run entry through output export; wall-clock UTC difference,NVIDIA GeForce RTX 3060,12.1,3.10.14,2.4.1+cu121,0.19.1,1.26.4,2.3.3,10.4.0,1.7.2,6.0.2,adamw,0.0001,0.0001,32,0,not recorded in frozen config,research-lab/experiments/registered-workflow/runs/primary/run_0352,c88940d89c32a2cf1ab13a2e1b562b7d1960196cd8a7b563d44f2450f9e22662,8fb4f34b94dc969267babc0ef59d8883903dbf4a4a97537914bb7bcce89a03ed
run_0353,original,sipakmed,resnet18,split_09,82,A,submitted,completed,True,PASS,0,image,608,0.9625263854880926,19,12,60,236.0,run entry through output export; wall-clock UTC difference,NVIDIA GeForce RTX 3060,12.1,3.10.14,2.4.1+cu121,0.19.1,1.26.4,2.3.3,10.4.0,1.7.2,6.0.2,adamw,0.0001,0.0001,32,0,not recorded in frozen config,research-lab/experiments/registered-workflow/runs/primary/run_0353,3a3e2c5a7d892ed06282a50ff4bbb01b4803a00440d7329deec29d29a89ac1f7,aa5f435cb70b835a292626d169aaf772bc275fedcbf874a762236d2b21111373
run_0354,original,sipakmed,resnet18,split_09,82,B,submitted,completed,True,PASS,0,image,608,0.9656084326908976,60,60,60,742.0,run entry through output export; wall-clock UTC difference,NVIDIA GeForce RTX 3060,12.1,3.10.14,2.4.1+cu121,0.19.1,1.26.4,2.3.3,10.4.0,1.7.2,6.0.2,adamw,0.0001,0.0001,32,0,not recorded in frozen config,research-lab/experiments/registered-workflow/runs/primary/run_0354,13eec65ef954c40436fd1a89bd1bfad7708b9a5c38d2b2d038d0a695a4411a26,5b3e27d29314d44a38f1933eca9910aeb7b8b5b1cf6951c1bda6e26d47e5a925
run_0355,original,sipakmed,resnet50,split_09,82,A,submitted,completed,True,PASS,0,image,608,0.9477365619542371,12,5,60,214.0,run entry through output export; wall-clock UTC difference,NVIDIA GeForce RTX 3060,12.1,3.10.14,2.4.1+cu121,0.19.1,1.26.4,2.3.3,10.4.0,1.7.2,6.0.2,adamw,0.0001,0.0001,32,0,not recorded in frozen config,research-lab/experiments/registered-workflow/runs/primary/run_0355,5215ec23836724707f65c0f42630f8813498daca63a56a9d8a33206833fc3a3e,b7d94ad1d78b82ec252702f965cc24b89cb77cd95498959c106c41a1a4846fb0
run_0356,original,sipakmed,resnet50,split_09,82,B,submitted,completed,True,PASS,0,image,608,0.9573352927844855,60,60,60,1045.0,run entry through output export; wall-clock UTC difference,NVIDIA GeForce RTX 3060,12.1,3.10.14,2.4.1+cu121,0.19.1,1.26.4,2.3.3,10.4.0,1.7.2,6.0.2,adamw,0.0001,0.0001,32,0,not recorded in frozen config,research-lab/experiments/registered-workflow/runs/primary/run_0356,8bfa840c4baf1beae459a81379eb50c45e7beeb9d5a2ff8b857e94c46c3e455c,4c1888d5fc3a7fb13f420c42019076141a3530ce1ef37eae53cfeaa80f0ca64b
run_0357,original,sipakmed,densenet121,split_09,82,A,submitted,completed,True,PASS,0,image,608,0.9479411476532101,26,19,60,406.0,run entry through output export; wall-clock UTC difference,NVIDIA GeForce RTX 3060,12.1,3.10.14,2.4.1+cu121,0.19.1,1.26.4,2.3.3,10.4.0,1.7.2,6.0.2,adamw,0.0001,0.0001,32,0,not recorded in frozen config,research-lab/experiments/registered-workflow/runs/primary/run_0357,abb049cc6fbb08b237afcd2ee923b41529a49c05c65efe93afc0e88f0c77be27,f568c1360c10aa9dc18fcef15c58d82bc1e6f1f44427fe19a0d2c3fe8772e2c4
run_0358,original,sipakmed,densenet121,split_09,82,B,submitted,completed,True,PASS,0,image,608,0.9556721352148134,60,60,60,943.0,run entry through output export; wall-clock UTC difference,NVIDIA GeForce RTX 3060,12.1,3.10.14,2.4.1+cu121,0.19.1,1.26.4,2.3.3,10.4.0,1.7.2,6.0.2,adamw,0.0001,0.0001,32,0,not recorded in frozen config,research-lab/experiments/registered-workflow/runs/primary/run_0358,314ba176c626465adcda032bcda260b2e07f3ada3720e0eb3d79ef15575b7ce1,ca34e1fb8c409e3a9201a34e802692aed47d11cde16a46a78024b0e3ea859dc9
run_0359,original,sipakmed,efficientnet_b0,split_09,82,A,submitted,completed,True,PASS,0,image,608,0.9362570528499115,60,58,60,754.0,run entry through output export; wall-clock UTC difference,NVIDIA GeForce RTX 3060,12.1,3.10.14,2.4.1+cu121,0.19.1,1.26.4,2.3.3,10.4.0,1.7.2,6.0.2,adamw,0.0001,0.0001,32,0,not recorded in frozen config,research-lab/experiments/registered-workflow/runs/primary/run_0359,93a38038277d5acd407ce2497682450de13ae0e53d11c57c029833565110a28b,cc360918226d5c7e43a2cd88175c1ec99e760a4a231a4b48f696dc0839d7e31e
run_0360,original,sipakmed,efficientnet_b0,split_09,82,B,submitted,completed,True,PASS,0,image,608,0.939362208185446,60,60,60,758.0,run entry through output export; wall-clock UTC difference,NVIDIA GeForce RTX 3060,12.1,3.10.14,2.4.1+cu121,0.19.1,1.26.4,2.3.3,10.4.0,1.7.2,6.0.2,adamw,0.0001,0.0001,32,0,not recorded in frozen config,research-lab/experiments/registered-workflow/runs/primary/run_0360,13b364fb828bcde5438793906eafc5e52f8e6592714950c1ab21007b505fc3fa,f3784103e03ad37fd6e23357de7bd50b601d3af5b774abb7b171eb6f52f30292
run_0361,original,sipakmed,resnet18,split_10,42,A,submitted,completed,True,PASS,0,image,608,0.9656424603051162,15,8,60,187.0,run entry through output export; wall-clock UTC difference,NVIDIA GeForce RTX 3060,12.1,3.10.14,2.4.1+cu121,0.19.1,1.26.4,2.3.3,10.4.0,1.7.2,6.0.2,adamw,0.0001,0.0001,32,0,not recorded in frozen config,research-lab/experiments/registered-workflow/runs/primary/run_0361,5e6cdcca8c26cc598cbae5e5c25d6b57efaf438343d92eb5215320131fa7a063,ead16fa078cebe68c3835bb005ee4e3c27ad4d8cbeaca0bd4b4ece1fad12d718
run_0362,original,sipakmed,resnet18,split_10,42,B,submitted,completed,True,PASS,0,image,608,0.9768493605080355,60,60,60,708.0,run entry through output export; wall-clock UTC difference,NVIDIA GeForce RTX 3060,12.1,3.10.14,2.4.1+cu121,0.19.1,1.26.4,2.3.3,10.4.0,1.7.2,6.0.2,adamw,0.0001,0.0001,32,0,not recorded in frozen config,research-lab/experiments/registered-workflow/runs/primary/run_0362,7f4ca8f76eb66df99f40b592a1d3344137248dbaa417637ddbfc7db04789023b,d222caa800b6478b6a0e6cfc88529a29be4bb2fa50f75009c53a5f761da287fe
run_0363,original,sipakmed,resnet50,split_10,42,A,submitted,completed,True,PASS,0,image,608,0.9638662287971773,10,3,60,160.0,run entry through output export; wall-clock UTC difference,NVIDIA GeForce RTX 3060,12.1,3.10.14,2.4.1+cu121,0.19.1,1.26.4,2.3.3,10.4.0,1.7.2,6.0.2,adamw,0.0001,0.0001,32,0,not recorded in frozen config,research-lab/experiments/registered-workflow/runs/primary/run_0363,80289c00cb3186a599c64b0ef2ad492cb9129b76365b91d953efc3038f689290,a8107a79e28b1adae4715115bc8b2a58b5db2de10024c2afe7369af7c1d7c461
run_0364,original,sipakmed,resnet50,split_10,42,B,submitted,completed,True,PASS,0,image,608,0.975168688239128,60,60,60,1003.0,run entry through output export; wall-clock UTC difference,NVIDIA GeForce RTX 3060,12.1,3.10.14,2.4.1+cu121,0.19.1,1.26.4,2.3.3,10.4.0,1.7.2,6.0.2,adamw,0.0001,0.0001,32,0,not recorded in frozen config,research-lab/experiments/registered-workflow/runs/primary/run_0364,f11de3af5ea292d219ab74d015b87df3ac6f4f91272cd38ead6c20df1c288bf1,3154039dd59e218e51ab53f8f2bbe482b9380143dbcfc39dde81db478a748d73
run_0365,original,sipakmed,densenet121,split_10,42,A,submitted,completed,True,PASS,0,image,608,0.967321087639853,18,11,60,317.0,run entry through output export; wall-clock UTC difference,NVIDIA GeForce RTX 3060,12.1,3.10.14,2.4.1+cu121,0.19.1,1.26.4,2.3.3,10.4.0,1.7.2,6.0.2,adamw,0.0001,0.0001,32,0,not recorded in frozen config,research-lab/experiments/registered-workflow/runs/primary/run_0365,6b4f9431d6531f4eba465b598a3bef8d76fb24b4f097f8590076a1b231e9cd8e,48e041131b30e241a08cbc54269b4ec78316de80c071f4b42cf294d3eb573dde
run_0366,original,sipakmed,densenet121,split_10,42,B,submitted,completed,True,PASS,0,image,608,0.973786238353761,60,60,60,967.0,run entry through output export; wall-clock UTC difference,NVIDIA GeForce RTX 3060,12.1,3.10.14,2.4.1+cu121,0.19.1,1.26.4,2.3.3,10.4.0,1.7.2,6.0.2,adamw,0.0001,0.0001,32,0,not recorded in frozen config,research-lab/experiments/registered-workflow/runs/primary/run_0366,564f0f11bbee95e8d50f1d9900abf3989c661e84d7f3688d8cc922f6f0c37fdb,2df366e6eade7e081f5c0c71d5f0665e08ecfe6c7b5c757b1830f69415c2cf52
run_0367,original,sipakmed,efficientnet_b0,split_10,42,A,submitted,completed,True,PASS,0,image,608,0.9492937718083944,43,36,60,508.0,run entry through output export; wall-clock UTC difference,NVIDIA GeForce RTX 3060,12.1,3.10.14,2.4.1+cu121,0.19.1,1.26.4,2.3.3,10.4.0,1.7.2,6.0.2,adamw,0.0001,0.0001,32,0,not recorded in frozen config,research-lab/experiments/registered-workflow/runs/primary/run_0367,bdd7a50cf8399483b3b586fd766b246d5cc87c1d7227329901dfc1147707c13f,63c00c0fe2a3ac6b3fcf17a7d68287e5b555da5979dc142b3602becc54615381
run_0368,original,sipakmed,efficientnet_b0,split_10,42,B,submitted,completed,True,PASS,0,image,608,0.9475582337221923,60,60,60,740.0,run entry through output export; wall-clock UTC difference,NVIDIA GeForce RTX 3060,12.1,3.10.14,2.4.1+cu121,0.19.1,1.26.4,2.3.3,10.4.0,1.7.2,6.0.2,adamw,0.0001,0.0001,32,0,not recorded in frozen config,research-lab/experiments/registered-workflow/runs/primary/run_0368,4b149040c6b0007e8683bfbc354baf65eba700a262b5baf9b4f1516b77b37068,36fccd694854da01b3413a66a70ee97fc921377711156307d054cca6408a610d
run_0369,original,sipakmed,resnet18,split_10,52,A,submitted,completed,True,PASS,0,image,608,0.9670635492781308,13,6,60,156.0,run entry through output export; wall-clock UTC difference,NVIDIA GeForce RTX 3060,12.1,3.10.14,2.4.1+cu121,0.19.1,1.26.4,2.3.3,10.4.0,1.7.2,6.0.2,adamw,0.0001,0.0001,32,0,not recorded in frozen config,research-lab/experiments/registered-workflow/runs/primary/run_0369,60ad6a7a26803fd233f194a834ae0c58880c2b6e3e34553d1e8ee30fa25288c8,9c2df7790cddf879fa0310c7ae486c55964dc3ecd3f9e2cb37e4668204447101
run_0370,original,sipakmed,resnet18,split_10,52,B,submitted,completed,True,PASS,0,image,608,0.9654926792335843,60,60,60,703.0,run entry through output export; wall-clock UTC difference,NVIDIA GeForce RTX 3060,12.1,3.10.14,2.4.1+cu121,0.19.1,1.26.4,2.3.3,10.4.0,1.7.2,6.0.2,adamw,0.0001,0.0001,32,0,not recorded in frozen config,research-lab/experiments/registered-workflow/runs/primary/run_0370,ec9dcd949e77efd96dd4f4987f9c1b2596ce7389afa6f3e4d1dd2230121c7100,4b08ad6704471617871c278881ca3286db8f013de8b4d5f945ea743cac71609e
run_0371,original,sipakmed,resnet50,split_10,52,A,submitted,completed,True,PASS,0,image,608,0.9622384480011654,11,4,60,175.0,run entry through output export; wall-clock UTC difference,NVIDIA GeForce RTX 3060,12.1,3.10.14,2.4.1+cu121,0.19.1,1.26.4,2.3.3,10.4.0,1.7.2,6.0.2,adamw,0.0001,0.0001,32,0,not recorded in frozen config,research-lab/experiments/registered-workflow/runs/primary/run_0371,edda7de93fa9b28588edbae671a2f9d460ede1245661f75e3c55a70538214a1a,a968852d14612afeb321f3ba2f2d2cdeb148c76f37a10c41b159373fad49a765
run_0372,original,sipakmed,resnet50,split_10,52,B,submitted,completed,True,PASS,0,image,608,0.9722837719371913,60,60,60,940.0,run entry through output export; wall-clock UTC difference,NVIDIA GeForce RTX 3060,12.1,3.10.14,2.4.1+cu121,0.19.1,1.26.4,2.3.3,10.4.0,1.7.2,6.0.2,adamw,0.0001,0.0001,32,0,not recorded in frozen config,research-lab/experiments/registered-workflow/runs/primary/run_0372,8e8098637b9f5fd7ac56112d27015797bffc287085a11f173d7be0a3a518fd2f,3a20815c7039cab89822b0afb3cc19f54534e893330f9db5b8a560b7a15056d2
run_0373,original,sipakmed,densenet121,split_10,52,A,submitted,completed,True,PASS,0,image,608,0.9607325968909016,17,10,60,294.0,run entry through output export; wall-clock UTC difference,NVIDIA GeForce RTX 3060,12.1,3.10.14,2.4.1+cu121,0.19.1,1.26.4,2.3.3,10.4.0,1.7.2,6.0.2,adamw,0.0001,0.0001,32,0,not recorded in frozen config,research-lab/experiments/registered-workflow/runs/primary/run_0373,367b9d32cbc488b17b7936ba087da0fbccca0ceda1ba785ae0b8a76061aa6b07,2fbbd432b37c3da8faf4fe5cf31ce82ef5b2c7662c0196d1f11b2485521c35cc
run_0374,original,sipakmed,densenet121,split_10,52,B,submitted,completed,True,PASS,0,image,608,0.9655461441015023,60,60,60,1041.0,run entry through output export; wall-clock UTC difference,NVIDIA GeForce RTX 3060,12.1,3.10.14,2.4.1+cu121,0.19.1,1.26.4,2.3.3,10.4.0,1.7.2,6.0.2,adamw,0.0001,0.0001,32,0,not recorded in frozen config,research-lab/experiments/registered-workflow/runs/primary/run_0374,56f7d4c14c878cccc68e53c8e51f3d217010682b20c32b2f39293c3843d0946b,aebbb8b31173494795b65fde61b029ec7c6ed505ef1fa50f01b8e0c58b98211b
run_0375,original,sipakmed,efficientnet_b0,split_10,52,A,submitted,completed,True,PASS,0,image,608,0.9460944157931885,60,59,60,758.0,run entry through output export; wall-clock UTC difference,NVIDIA GeForce RTX 3060,12.1,3.10.14,2.4.1+cu121,0.19.1,1.26.4,2.3.3,10.4.0,1.7.2,6.0.2,adamw,0.0001,0.0001,32,0,not recorded in frozen config,research-lab/experiments/registered-workflow/runs/primary/run_0375,2bcafb62e66810d8765568a7c87fcab86ccbcb22b93ed2659647934866b1452a,53af36547fd5deb0cdeeb74788385dba9cfc94027d43ee3ec9f5b22465a48ec2
run_0376,original,sipakmed,efficientnet_b0,split_10,52,B,submitted,completed,True,PASS,0,image,608,0.944224618190454,60,60,60,741.0,run entry through output export; wall-clock UTC difference,NVIDIA GeForce RTX 3060,12.1,3.10.14,2.4.1+cu121,0.19.1,1.26.4,2.3.3,10.4.0,1.7.2,6.0.2,adamw,0.0001,0.0001,32,0,not recorded in frozen config,research-lab/experiments/registered-workflow/runs/primary/run_0376,fb0cedd43c169be1fe45f820ab25f66b6239eaaf2cfb68ecdffccf8307c95332,4b642fd71be1e0a9b3d4dcd23020a549a74c45f1458a6d56dae3b0df87949186
run_0377,original,sipakmed,resnet18,split_10,62,A,submitted,completed,True,PASS,0,image,608,0.9609067740647514,18,11,60,225.0,run entry through output export; wall-clock UTC difference,NVIDIA GeForce RTX 3060,12.1,3.10.14,2.4.1+cu121,0.19.1,1.26.4,2.3.3,10.4.0,1.7.2,6.0.2,adamw,0.0001,0.0001,32,0,not recorded in frozen config,research-lab/experiments/registered-workflow/runs/primary/run_0377,701d35b9d5b941b7650ebcdda5ba417c6b93bf26dd70a620e3405933351acd73,afa885bdf3735ec5b7ceeeac68469219d8b1f2bf20d6c7a1fd959b6dc83ec225
run_0378,original,sipakmed,resnet18,split_10,62,B,submitted,completed,True,PASS,0,image,608,0.9602466501229108,60,60,60,742.0,run entry through output export; wall-clock UTC difference,NVIDIA GeForce RTX 3060,12.1,3.10.14,2.4.1+cu121,0.19.1,1.26.4,2.3.3,10.4.0,1.7.2,6.0.2,adamw,0.0001,0.0001,32,0,not recorded in frozen config,research-lab/experiments/registered-workflow/runs/primary/run_0378,9d929ce6018e9750aded9d9e1625031924f25669c7abcdca29ce64313569b4f6,601cd82a13b8097dd8da72c6dc909d6deabe610e8598788cb5a8c44fab5fdeed
run_0379,original,sipakmed,resnet50,split_10,62,A,submitted,completed,True,PASS,0,image,608,0.9752500562827647,19,12,60,337.0,run entry through output export; wall-clock UTC difference,NVIDIA GeForce RTX 3060,12.1,3.10.14,2.4.1+cu121,0.19.1,1.26.4,2.3.3,10.4.0,1.7.2,6.0.2,adamw,0.0001,0.0001,32,0,not recorded in frozen config,research-lab/experiments/registered-workflow/runs/primary/run_0379,7c5798860f9ac536545e5a9d9eda686cb81184cf6b37fa9504787d2b557393a1,b8d749a318d2ea54c8ba95b67875a16205464c5b3db5e5c9ce9561f3a0d31412
run_0380,original,sipakmed,resnet50,split_10,62,B,submitted,completed,True,PASS,0,image,608,0.9706559817412611,60,60,60,1057.0,run entry through output export; wall-clock UTC difference,NVIDIA GeForce RTX 3060,12.1,3.10.14,2.4.1+cu121,0.19.1,1.26.4,2.3.3,10.4.0,1.7.2,6.0.2,adamw,0.0001,0.0001,32,0,not recorded in frozen config,research-lab/experiments/registered-workflow/runs/primary/run_0380,69b52046b18121ecea16beac0299e6cabde769ce617d50b75963fd8d7296ff00,f1ac40acd6b45c52868319f1124561760b7977dd9bf47b425c9f0bef7cff7cdb
run_0381,original,sipakmed,densenet121,split_10,62,A,submitted,completed,True,PASS,0,image,608,0.9656126251750152,30,23,60,518.0,run entry through output export; wall-clock UTC difference,NVIDIA GeForce RTX 3060,12.1,3.10.14,2.4.1+cu121,0.19.1,1.26.4,2.3.3,10.4.0,1.7.2,6.0.2,adamw,0.0001,0.0001,32,0,not recorded in frozen config,research-lab/experiments/registered-workflow/runs/primary/run_0381,480ecc55ed684bc4eebdb88c56b7e8b7f0ba6e40ac3614f53db21ea829383d8c,3ce9b978cce855296a490c4af87f84630caaeccc1a49dbcc1d4f9da87314ffa0
run_0382,original,sipakmed,densenet121,split_10,62,B,submitted,completed,True,PASS,0,image,608,0.9723231161994864,60,60,60,1042.0,run entry through output export; wall-clock UTC difference,NVIDIA GeForce RTX 3060,12.1,3.10.14,2.4.1+cu121,0.19.1,1.26.4,2.3.3,10.4.0,1.7.2,6.0.2,adamw,0.0001,0.0001,32,0,not recorded in frozen config,research-lab/experiments/registered-workflow/runs/primary/run_0382,97e3bad36f58bf41d421266d14fe134bd099c04fdb9d9feb238bf794654d4ea9,0a323c910ac61f13f0a23453b22043c7e5c1dbd3417e20bca17c1c180e210d1c
run_0383,original,sipakmed,efficientnet_b0,split_10,62,A,submitted,completed,True,PASS,0,image,608,0.9459046464745674,46,39,60,582.0,run entry through output export; wall-clock UTC difference,NVIDIA GeForce RTX 3060,12.1,3.10.14,2.4.1+cu121,0.19.1,1.26.4,2.3.3,10.4.0,1.7.2,6.0.2,adamw,0.0001,0.0001,32,0,not recorded in frozen config,research-lab/experiments/registered-workflow/runs/primary/run_0383,98b38704d9fce7d0052c1d09d84cb7c487093f22c77ee0dd5d65dffca767a992,6d01528553c24f4c16180977c631ea20696168340a7909c4d1df98c700bfb083
run_0384,original,sipakmed,efficientnet_b0,split_10,62,B,submitted,completed,True,PASS,0,image,608,0.9540633726831894,60,60,60,941.0,run entry through output export; wall-clock UTC difference,NVIDIA GeForce RTX 3060,12.1,3.10.14,2.4.1+cu121,0.19.1,1.26.4,2.3.3,10.4.0,1.7.2,6.0.2,adamw,0.0001,0.0001,32,0,not recorded in frozen config,research-lab/experiments/registered-workflow/runs/primary/run_0384,b38fa8ef77cf0c83c574e42bcdff67cc33adfb43898aca8d935718ce0df4beed,0b4afd65cde6a5172c34309913d7c136b28354fc90588d50e6749a1162371c19
run_0385,original,sipakmed,resnet18,split_10,72,A,submitted,completed,True,PASS,0,image,608,0.9607495287951963,16,9,60,266.0,run entry through output export; wall-clock UTC difference,NVIDIA GeForce RTX 3060,12.1,3.10.14,2.4.1+cu121,0.19.1,1.26.4,2.3.3,10.4.0,1.7.2,6.0.2,adamw,0.0001,0.0001,32,0,not recorded in frozen config,research-lab/experiments/registered-workflow/runs/primary/run_0385,47820078e1baec7e0a0e8a4e6c518bbceb3a3328990347c2f4fbfd4e8c792f46,10b37ca2622958adc093920d58671b36269dc8062c016a1c0ead7c43b36378c7
run_0386,original,sipakmed,resnet18,split_10,72,B,submitted,completed,True,PASS,0,image,608,0.9686086222709825,60,60,60,995.0,run entry through output export; wall-clock UTC difference,NVIDIA GeForce RTX 3060,12.1,3.10.14,2.4.1+cu121,0.19.1,1.26.4,2.3.3,10.4.0,1.7.2,6.0.2,adamw,0.0001,0.0001,32,0,not recorded in frozen config,research-lab/experiments/registered-workflow/runs/primary/run_0386,15ae041e1f3600553d986a48445b6ddffc614717da424ce0f2cf55cde38b4195,2cdc046c05c2ca7af4b72e132e38e557ff48c38f233d763535341b31ac89a75c
run_0387,original,sipakmed,resnet50,split_10,72,A,submitted,completed,True,PASS,0,image,608,0.9736100774355938,17,10,60,364.0,run entry through output export; wall-clock UTC difference,NVIDIA GeForce RTX 3060,12.1,3.10.14,2.4.1+cu121,0.19.1,1.26.4,2.3.3,10.4.0,1.7.2,6.0.2,adamw,0.0001,0.0001,32,0,not recorded in frozen config,research-lab/experiments/registered-workflow/runs/primary/run_0387,2634f5f3c6e3b992e896834ab7f3c726e95444d83bfaaf0cdf8a5d3574078363,57de7161b298eaaf90ce3ecc8cd3ab46165e2446444a683073c6c94748dbf2ff
run_0388,original,sipakmed,resnet50,split_10,72,B,submitted,completed,True,PASS,0,image,608,0.9804683045974263,60,60,60,1275.0,run entry through output export; wall-clock UTC difference,NVIDIA GeForce RTX 3060,12.1,3.10.14,2.4.1+cu121,0.19.1,1.26.4,2.3.3,10.4.0,1.7.2,6.0.2,adamw,0.0001,0.0001,32,0,not recorded in frozen config,research-lab/experiments/registered-workflow/runs/primary/run_0388,e7105547911d058f1000a4f6c49be7fd4d1eb2f5be7b0955a4c008cbfaa0e0ac,798f1dfe1f0f5a2dea1f0d1b81de34f1df3c69216aec3b068c2e2854a4a780ba
run_0389,original,sipakmed,densenet121,split_10,72,A,submitted,completed,True,PASS,0,image,608,0.970654007396862,19,12,60,406.0,run entry through output export; wall-clock UTC difference,NVIDIA GeForce RTX 3060,12.1,3.10.14,2.4.1+cu121,0.19.1,1.26.4,2.3.3,10.4.0,1.7.2,6.0.2,adamw,0.0001,0.0001,32,0,not recorded in frozen config,research-lab/experiments/registered-workflow/runs/primary/run_0389,2adae8013ac196bc81a1d371a60c071c8f2f293e1043a632fb17f4de5e7a0ee6,fa5e7547c62e17c4e6f6857d07f07ca72f2e8113c3a64f55cc2b74ebaa5a2b41
run_0390,original,sipakmed,densenet121,split_10,72,B,submitted,completed,True,PASS,0,image,608,0.958727956976694,60,60,60,1248.0,run entry through output export; wall-clock UTC difference,NVIDIA GeForce RTX 3060,12.1,3.10.14,2.4.1+cu121,0.19.1,1.26.4,2.3.3,10.4.0,1.7.2,6.0.2,adamw,0.0001,0.0001,32,0,not recorded in frozen config,research-lab/experiments/registered-workflow/runs/primary/run_0390,0f14d7d92aa2dc024a7a98bf5c0719beab68c39c6476bd0bc2db9305c5508bfb,7e0fe40a373c436af7b6a73db695fc72aa7514b9e9cdb157da001680e418b54e
run_0391,original,sipakmed,efficientnet_b0,split_10,72,A,submitted,completed,True,PASS,0,image,608,0.9427059862340906,54,47,60,826.0,run entry through output export; wall-clock UTC difference,NVIDIA GeForce RTX 3060,12.1,3.10.14,2.4.1+cu121,0.19.1,1.26.4,2.3.3,10.4.0,1.7.2,6.0.2,adamw,0.0001,0.0001,32,0,not recorded in frozen config,research-lab/experiments/registered-workflow/runs/primary/run_0391,f3b76fa412aab06a25431fa7c7af738df31d31050a8985fcfa145bbdb610d85b,dee7ae6ae7e8d94016cc42e1c484751dc5da74d935406797ea019c6d72c7de95
run_0392,original,sipakmed,efficientnet_b0,split_10,72,B,submitted,completed,True,PASS,0,image,608,0.9404824046557916,60,60,60,971.0,run entry through output export; wall-clock UTC difference,NVIDIA GeForce RTX 3060,12.1,3.10.14,2.4.1+cu121,0.19.1,1.26.4,2.3.3,10.4.0,1.7.2,6.0.2,adamw,0.0001,0.0001,32,0,not recorded in frozen config,research-lab/experiments/registered-workflow/runs/primary/run_0392,c447cb55fc95f3c1c7c5cfe0d6b8ea15f40e32c76da7c0d26d111505a0f57d2e,614714db29b0b2287a18553dc92af84bd5f936a66dcfa69e92a8e67058be1beb
run_0393,original,sipakmed,resnet18,split_10,82,A,submitted,completed,True,PASS,0,image,608,0.9605326744552924,21,14,60,347.0,run entry through output export; wall-clock UTC difference,NVIDIA GeForce RTX 3060,12.1,3.10.14,2.4.1+cu121,0.19.1,1.26.4,2.3.3,10.4.0,1.7.2,6.0.2,adamw,0.0001,0.0001,32,0,not recorded in frozen config,research-lab/experiments/registered-workflow/runs/primary/run_0393,05dfff1db8a9011933354ea3a7de7c45846379d4de58168515609dab22560535,4d79cefcf813890a8564e2293ebff28bb227c16afc2f27cd3647ff0d36c1af3c
run_0394,original,sipakmed,resnet18,split_10,82,B,submitted,completed,True,PASS,0,image,608,0.9687055824593906,60,60,60,1000.0,run entry through output export; wall-clock UTC difference,NVIDIA GeForce RTX 3060,12.1,3.10.14,2.4.1+cu121,0.19.1,1.26.4,2.3.3,10.4.0,1.7.2,6.0.2,adamw,0.0001,0.0001,32,0,not recorded in frozen config,research-lab/experiments/registered-workflow/runs/primary/run_0394,816d547ef2abed862e6da56c3e271a931bd09b2c9960bf7765909b14c2cab85c,1c1b38f6b9c1620eb6d912d328f5bd52218b6f3e8bfda358fc5a3d2388622258
run_0395,original,sipakmed,resnet50,split_10,82,A,submitted,completed,True,PASS,0,image,608,0.9754248774414085,22,15,60,419.0,run entry through output export; wall-clock UTC difference,NVIDIA GeForce RTX 3060,12.1,3.10.14,2.4.1+cu121,0.19.1,1.26.4,2.3.3,10.4.0,1.7.2,6.0.2,adamw,0.0001,0.0001,32,0,not recorded in frozen config,research-lab/experiments/registered-workflow/runs/primary/run_0395,0dc62843aa73d1d6fa58772380dd2dd79468087d12e805bda73a972bf956d248,ecaeb076e1d279f6f8c0399228b0db81e8a4815d090c30783fcfe606b76eb515
run_0396,original,sipakmed,resnet50,split_10,82,B,submitted,completed,True,PASS,0,image,608,0.9804831821676316,60,60,60,1188.0,run entry through output export; wall-clock UTC difference,NVIDIA GeForce RTX 3060,12.1,3.10.14,2.4.1+cu121,0.19.1,1.26.4,2.3.3,10.4.0,1.7.2,6.0.2,adamw,0.0001,0.0001,32,0,not recorded in frozen config,research-lab/experiments/registered-workflow/runs/primary/run_0396,20756093fc2c7a9f2b5d4f01fd79edaf9715394b1d9917606b7c7bb151177411,a9584e0306f0abd4443b778444b4f4d25fb78fa9c861ec829a7aef799a8f1ad3
run_0397,original,sipakmed,densenet121,split_10,82,A,submitted,completed,True,PASS,0,image,608,0.9654486011181534,22,15,60,478.0,run entry through output export; wall-clock UTC difference,NVIDIA GeForce RTX 3060,12.1,3.10.14,2.4.1+cu121,0.19.1,1.26.4,2.3.3,10.4.0,1.7.2,6.0.2,adamw,0.0001,0.0001,32,0,not recorded in frozen config,research-lab/experiments/registered-workflow/runs/primary/run_0397,e444535d3220723e32516ade9332246aeedee43903230fa8caf951d0021dcf02,8cc8328e325d3f0057387e13976ecd7417bd0d3f1b916ce5007f89397d5b9bd5
run_0398,original,sipakmed,densenet121,split_10,82,B,submitted,completed,True,PASS,0,image,608,0.9657894912678298,60,60,60,1231.0,run entry through output export; wall-clock UTC difference,NVIDIA GeForce RTX 3060,12.1,3.10.14,2.4.1+cu121,0.19.1,1.26.4,2.3.3,10.4.0,1.7.2,6.0.2,adamw,0.0001,0.0001,32,0,not recorded in frozen config,research-lab/experiments/registered-workflow/runs/primary/run_0398,560a13a040650caddad4c7c089b815b08be4398c2fde2a4a5e9af1d938ce6d88,dba3808020dd41b42887367a8d78e670a60370411e8bbdd6f48609a5ea392899
run_0399,original,sipakmed,efficientnet_b0,split_10,82,A,submitted,completed,True,PASS,0,image,608,0.945974399261986,60,56,60,948.0,run entry through output export; wall-clock UTC difference,NVIDIA GeForce RTX 3060,12.1,3.10.14,2.4.1+cu121,0.19.1,1.26.4,2.3.3,10.4.0,1.7.2,6.0.2,adamw,0.0001,0.0001,32,0,not recorded in frozen config,research-lab/experiments/registered-workflow/runs/primary/run_0399,e17e2c31c7d68c7d2aec03020105c80ea672be5e69a595579f7307a9e6ac1b54,f777528457cf6c0afce64cfdb2973e78c38696ca6bed639f3b496634f876cd5c
run_0400,original,sipakmed,efficientnet_b0,split_10,82,B,submitted,completed,True,PASS,0,image,608,0.9394021352426817,60,60,60,1022.0,run entry through output export; wall-clock UTC difference,NVIDIA GeForce RTX 3060,12.1,3.10.14,2.4.1+cu121,0.19.1,1.26.4,2.3.3,10.4.0,1.7.2,6.0.2,adamw,0.0001,0.0001,32,0,not recorded in frozen config,research-lab/experiments/registered-workflow/runs/primary/run_0400,0647875e7447ac8d0161dd85672b1c733cf9b6950144dfcf5ccd07295bbc6260,485b603ff08dafaa4899f383af0cf985bdb9b56239c4dedbfafc390b26a5bd19
run_0401,original,organamnist,resnet18,split_01,42,A,submitted,completed,True,PASS,0,image,8825,0.9914900478429257,15,8,60,494.0,run entry through output export; wall-clock UTC difference,NVIDIA GeForce RTX 5070 Ti,12.8,3.12.7,2.10.0+cu128,0.25.0+cu128,2.2.6,2.3.3,12.1.1,1.8.0,6.0.3,adamw,0.0001,0.0001,32,24,not recorded in frozen config,research-lab/experiments/registered-workflow/runs/primary/run_0401,576ec757daaadcfa574304073c2f30a2f1d5ed0915165d3c75931f6c278d7d7f,64f97cc5004e5c1db09b840fe1de3cd53ca39e8a1486d7eca05fd9c17b40696a
run_0402,original,organamnist,resnet18,split_01,42,B,submitted,completed,True,PASS,0,image,8825,0.9962656046362938,60,60,60,1242.0,run entry through output export; wall-clock UTC difference,NVIDIA GeForce RTX 5070 Ti,12.8,3.12.7,2.10.0+cu128,0.25.0+cu128,2.2.6,2.3.3,12.1.1,1.8.0,6.0.3,adamw,0.0001,0.0001,32,24,not recorded in frozen config,research-lab/experiments/registered-workflow/runs/primary/run_0402,74b5ed085f597c19d47c08dc8089b5d433ddd1cc7c7436f701be607701e77abd,39b9cfe65e0cefaef2678267b07df713c0934635ddd1cc4e52d09e5da28d87d9
run_0403,original,organamnist,resnet50,split_01,42,A,submitted,completed,True,PASS,0,image,8825,0.9939120436158428,18,11,60,938.0,run entry through output export; wall-clock UTC difference,NVIDIA GeForce RTX 5070 Ti,12.8,3.12.7,2.10.0+cu128,0.25.0+cu128,2.2.6,2.3.3,12.1.1,1.8.0,6.0.3,adamw,0.0001,0.0001,32,24,not recorded in frozen config,research-lab/experiments/registered-workflow/runs/primary/run_0403,20a1692341c8f8ead4c3f1f07cdfdd480931cd5818583fad7ba37ca89c97589a,1da679dcdf394c80c37fd85d4676200f57cf3c47ff68a3b046b5b54887e03626
run_0404,original,organamnist,resnet50,split_01,42,B,submitted,completed,True,PASS,0,image,8825,0.9966665614978687,60,60,60,2556.0,run entry through output export; wall-clock UTC difference,NVIDIA GeForce RTX 5070 Ti,12.8,3.12.7,2.10.0+cu128,0.25.0+cu128,2.2.6,2.3.3,12.1.1,1.8.0,6.0.3,adamw,0.0001,0.0001,32,24,not recorded in frozen config,research-lab/experiments/registered-workflow/runs/primary/run_0404,0dc457cb2f99705635e05f86cecc2a0b79034929ab1a3ec26ed5e07e68de1440,cf831f0b4b188a58721024083da5c79adc80effeb82e71d30dec68419cd8e404
run_0405,original,organamnist,densenet121,split_01,42,A,submitted,completed,True,PASS,0,image,8825,0.9926923228359968,46,39,60,2130.0,run entry through output export; wall-clock UTC difference,NVIDIA GeForce RTX 5070 Ti,12.8,3.12.7,2.10.0+cu128,0.25.0+cu128,2.2.6,2.3.3,12.1.1,1.8.0,6.0.3,adamw,0.0001,0.0001,32,24,not recorded in frozen config,research-lab/experiments/registered-workflow/runs/primary/run_0405,006d3e1892b8e5579a28c628b1c920ed16997afd575deff9b76b16d46628b7fb,057cfff2fc2fe151189141c16d100bc6f1391e1f5931d507d93ff0f8792456eb
run_0406,original,organamnist,densenet121,split_01,42,B,submitted,completed,True,PASS,0,image,8825,0.993301361953939,60,60,60,2706.0,run entry through output export; wall-clock UTC difference,NVIDIA GeForce RTX 5070 Ti,12.8,3.12.7,2.10.0+cu128,0.25.0+cu128,2.2.6,2.3.3,12.1.1,1.8.0,6.0.3,adamw,0.0001,0.0001,32,24,not recorded in frozen config,research-lab/experiments/registered-workflow/runs/primary/run_0406,f4387b058984c34bf0abbe5a812db8260cae59d498ba000ef75a3b83c3a5ec34,ed636a775254391b3036dea47f6adfd7dad0ee3bb123d431be87f25b2b595935
run_0407,original,organamnist,efficientnet_b0,split_01,42,A,submitted,completed,True,PASS,0,image,8825,0.9652984873527344,60,55,60,1474.0,run entry through output export; wall-clock UTC difference,NVIDIA GeForce RTX 5070 Ti,12.8,3.12.7,2.10.0+cu128,0.25.0+cu128,2.2.6,2.3.3,12.1.1,1.8.0,6.0.3,adamw,0.0001,0.0001,32,24,not recorded in frozen config,research-lab/experiments/registered-workflow/runs/primary/run_0407,534fd6d3b1ae9a64f45ecbc09ee2b1d7ef6d638aeac8e0155a3c20301d2efe16,aab76917d5bec4d132385161b76a5fa81d528598f84d8918d6251ecebdcddd1a
run_0408,original,organamnist,efficientnet_b0,split_01,42,B,submitted,completed,True,PASS,0,image,8825,0.9634403503658532,60,60,60,1471.0,run entry through output export; wall-clock UTC difference,NVIDIA GeForce RTX 5070 Ti,12.8,3.12.7,2.10.0+cu128,0.25.0+cu128,2.2.6,2.3.3,12.1.1,1.8.0,6.0.3,adamw,0.0001,0.0001,32,24,not recorded in frozen config,research-lab/experiments/registered-workflow/runs/primary/run_0408,ee0279ddb1929872f2b09ef0e2162ac3d4f82ade79d1d72f2a82e44fd2f9ab4e,01d3b0cc67a489908c5048a6df7baa534790be87e8952048bd2f272f09e1b8bc
run_0409,original,organamnist,resnet18,split_01,52,A,submitted,completed,True,PASS,0,image,8825,0.9961701166910616,30,23,60,762.0,run entry through output export; wall-clock UTC difference,NVIDIA GeForce RTX 5070 Ti,12.8,3.12.7,2.10.0+cu128,0.25.0+cu128,2.2.6,2.3.3,12.1.1,1.8.0,6.0.3,adamw,0.0001,0.0001,32,24,not recorded in frozen config,research-lab/experiments/registered-workflow/runs/primary/run_0409,14f6ccc56d05091211df241c99fdbeda1ed6ffcaab5a9093c1736ece74fb8cde,2128bf6f1083bff22b4f2146b9361ee3f18ab24ebbe56f8e257a1de5d3670460
run_0410,original,organamnist,resnet18,split_01,52,B,submitted,completed,True,PASS,0,image,8825,0.9960313677755525,60,60,60,1293.0,run entry through output export; wall-clock UTC difference,NVIDIA GeForce RTX 5070 Ti,12.8,3.12.7,2.10.0+cu128,0.25.0+cu128,2.2.6,2.3.3,12.1.1,1.8.0,6.0.3,adamw,0.0001,0.0001,32,24,not recorded in frozen config,research-lab/experiments/registered-workflow/runs/primary/run_0410,69950932cc2381ae3aaf33c199597f89f495472c6b3cd67da3084341ce0cbf2c,cf8e0a40a5b5e345592555d1410562ad4e43429c0fca58ba868b493f4e56d989
run_0411,original,organamnist,resnet50,split_01,52,A,submitted,completed,True,PASS,0,image,8825,0.993544964623976,24,17,60,1168.0,run entry through output export; wall-clock UTC difference,NVIDIA GeForce RTX 5070 Ti,12.8,3.12.7,2.10.0+cu128,0.25.0+cu128,2.2.6,2.3.3,12.1.1,1.8.0,6.0.3,adamw,0.0001,0.0001,32,24,not recorded in frozen config,research-lab/experiments/registered-workflow/runs/primary/run_0411,178ced0d4e439663e459981337e3ced4c4f6c0b72e15759e053194007fde6a6d,153aaa3721fa1007046884651c864fd88866976c64e764298320d1be46573f0a
run_0412,original,organamnist,resnet50,split_01,52,B,submitted,completed,True,PASS,0,image,8825,0.99759509573177,60,60,60,2556.0,run entry through output export; wall-clock UTC difference,NVIDIA GeForce RTX 5070 Ti,12.8,3.12.7,2.10.0+cu128,0.25.0+cu128,2.2.6,2.3.3,12.1.1,1.8.0,6.0.3,adamw,0.0001,0.0001,32,24,not recorded in frozen config,research-lab/experiments/registered-workflow/runs/primary/run_0412,865557671a8514acbb79c0955cd363aaceef3575a3e08f9ad7cd15f80ac4f9c9,91faa76204513cf2a52639099a25a80db34eb7bf5e087142567a62c87165b8d5
run_0413,original,organamnist,densenet121,split_01,52,A,submitted,completed,True,PASS,0,image,8825,0.9915041904184959,33,26,60,1597.0,run entry through output export; wall-clock UTC difference,NVIDIA GeForce RTX 5070 Ti,12.8,3.12.7,2.10.0+cu128,0.25.0+cu128,2.2.6,2.3.3,12.1.1,1.8.0,6.0.3,adamw,0.0001,0.0001,32,24,not recorded in frozen config,research-lab/experiments/registered-workflow/runs/primary/run_0413,563f8555bcc15c0261201076d68c8fd6f43ac865c3b9bc23d0b73ad9f428ed0e,91a68675b0bea7727479a0e937c14928cd5a4e67e0d9a78a5fa4323bcb826feb
run_0414,original,organamnist,densenet121,split_01,52,B,submitted,completed,True,PASS,0,image,8825,0.994448708216025,60,60,60,2704.0,run entry through output export; wall-clock UTC difference,NVIDIA GeForce RTX 5070 Ti,12.8,3.12.7,2.10.0+cu128,0.25.0+cu128,2.2.6,2.3.3,12.1.1,1.8.0,6.0.3,adamw,0.0001,0.0001,32,24,not recorded in frozen config,research-lab/experiments/registered-workflow/runs/primary/run_0414,9788e2fb6ddc09b9b9db503e25bc94bdde80493cf560d9b4e04e8923611cd6ee,66ccaa168b9ea5f85ad032685baa7b71690559c9b671842fe4e863decb828a4f
run_0415,original,organamnist,efficientnet_b0,split_01,52,A,submitted,completed,True,PASS,0,image,8825,0.9668836341078445,60,58,60,1472.0,run entry through output export; wall-clock UTC difference,NVIDIA GeForce RTX 5070 Ti,12.8,3.12.7,2.10.0+cu128,0.25.0+cu128,2.2.6,2.3.3,12.1.1,1.8.0,6.0.3,adamw,0.0001,0.0001,32,24,not recorded in frozen config,research-lab/experiments/registered-workflow/runs/primary/run_0415,7ccee8e7e3488215c12b1b58118109af4d51c83a14bc00ceedc806bb6ecc20be,640cbd2c6619a0cc43d6105ef7b3dc82ddc93b19f135cf2c5c8ec675854445ee
run_0416,original,organamnist,efficientnet_b0,split_01,52,B,submitted,completed,True,PASS,0,image,8825,0.9658645032260363,60,60,60,1475.0,run entry through output export; wall-clock UTC difference,NVIDIA GeForce RTX 5070 Ti,12.8,3.12.7,2.10.0+cu128,0.25.0+cu128,2.2.6,2.3.3,12.1.1,1.8.0,6.0.3,adamw,0.0001,0.0001,32,24,not recorded in frozen config,research-lab/experiments/registered-workflow/runs/primary/run_0416,66d49edc60189703fea4a35224fed7521471d78b44bedd5655d2d08b99bf012a,a3342010237c5e6ef5208184dab1c7bc393f7393fe716f910725126f715975a9
run_0417,original,organamnist,resnet18,split_01,62,A,submitted,completed,True,PASS,0,image,8825,0.9948858400527582,15,8,60,502.0,run entry through output export; wall-clock UTC difference,NVIDIA GeForce RTX 5070 Ti,12.8,3.12.7,2.10.0+cu128,0.25.0+cu128,2.2.6,2.3.3,12.1.1,1.8.0,6.0.3,adamw,0.0001,0.0001,32,24,not recorded in frozen config,research-lab/experiments/registered-workflow/runs/primary/run_0417,231dbd8a3d3081dc33f292b37423073d5693883cd69c8d037b11ca7f44034b27,a3c52e56b4bfd12706a24e8b10d723b52d22d462541829222836625a8a48d949
run_0418,original,organamnist,resnet18,split_01,62,B,submitted,completed,True,PASS,0,image,8825,0.9957068996277963,60,60,60,1282.0,run entry through output export; wall-clock UTC difference,NVIDIA GeForce RTX 5070 Ti,12.8,3.12.7,2.10.0+cu128,0.25.0+cu128,2.2.6,2.3.3,12.1.1,1.8.0,6.0.3,adamw,0.0001,0.0001,32,24,not recorded in frozen config,research-lab/experiments/registered-workflow/runs/primary/run_0418,9608ee7235f18697614de43fc35daba580c52ebbde58bfc76872c8b279ddc622,c5a5818ba442a4d5a914b253769c1bde0dc920befc2ebe36123026a4aede259a
run_0419,original,organamnist,resnet50,split_01,62,A,submitted,completed,True,PASS,0,image,8825,0.9965703709292904,27,20,60,1288.0,run entry through output export; wall-clock UTC difference,NVIDIA GeForce RTX 5070 Ti,12.8,3.12.7,2.10.0+cu128,0.25.0+cu128,2.2.6,2.3.3,12.1.1,1.8.0,6.0.3,adamw,0.0001,0.0001,32,24,not recorded in frozen config,research-lab/experiments/registered-workflow/runs/primary/run_0419,239ad2b42033296b3e39432f99c9fe5e40d96a934d094fa3cc5870ed988130c5,82e3831874d25db536f1e2aa3cdde23f6f3f64b9fb628766d601e0ab8f531146
run_0420,original,organamnist,resnet50,split_01,62,B,submitted,completed,True,PASS,0,image,8825,0.9941463201016252,60,60,60,2555.0,run entry through output export; wall-clock UTC difference,NVIDIA GeForce RTX 5070 Ti,12.8,3.12.7,2.10.0+cu128,0.25.0+cu128,2.2.6,2.3.3,12.1.1,1.8.0,6.0.3,adamw,0.0001,0.0001,32,24,not recorded in frozen config,research-lab/experiments/registered-workflow/runs/primary/run_0420,b586a8c4e47d5e0fd159d8f00dae968e3d6b64cd4dfa7de991400342ae234d15,0447a38d34a91add0e5df2651bbd8babbc2c648535e9ff3ea847baf5cd4c8f58
run_0421,original,organamnist,densenet121,split_01,62,A,submitted,completed,True,PASS,0,image,8825,0.9915565592381196,38,31,60,1808.0,run entry through output export; wall-clock UTC difference,NVIDIA GeForce RTX 5070 Ti,12.8,3.12.7,2.10.0+cu128,0.25.0+cu128,2.2.6,2.3.3,12.1.1,1.8.0,6.0.3,adamw,0.0001,0.0001,32,24,not recorded in frozen config,research-lab/experiments/registered-workflow/runs/primary/run_0421,e2bddfb59068b433018d1b98d2802afadcf9b87acbbaa7bdb80ea578dad77ea9,fb799ab05248604be4790d4ebe57ace4032ccc61f42edbe0d21ad03422df748a
run_0422,original,organamnist,densenet121,split_01,62,B,submitted,completed,True,PASS,0,image,8825,0.9926820146172102,60,60,60,2708.0,run entry through output export; wall-clock UTC difference,NVIDIA GeForce RTX 5070 Ti,12.8,3.12.7,2.10.0+cu128,0.25.0+cu128,2.2.6,2.3.3,12.1.1,1.8.0,6.0.3,adamw,0.0001,0.0001,32,24,not recorded in frozen config,research-lab/experiments/registered-workflow/runs/primary/run_0422,fcaeb5783ba032b883c76191c97ea258f5a5e22245b664d7fab453821b663ef6,4bab726616e3749f998957d51d06e191bf45eef485dc03c4bc69b29f6b6ff9c6
run_0423,original,organamnist,efficientnet_b0,split_01,62,A,submitted,completed,True,PASS,0,image,8825,0.9652514750735516,60,57,60,1472.0,run entry through output export; wall-clock UTC difference,NVIDIA GeForce RTX 5070 Ti,12.8,3.12.7,2.10.0+cu128,0.25.0+cu128,2.2.6,2.3.3,12.1.1,1.8.0,6.0.3,adamw,0.0001,0.0001,32,24,not recorded in frozen config,research-lab/experiments/registered-workflow/runs/primary/run_0423,16fe46b45d385552c14a12f1191e2f8732c9a1076122813625a9413b8958984a,0c7b43cc3fd988a6dac6e011351601b6f58ae083e8be1d91dafe5362fa16758b
run_0424,original,organamnist,efficientnet_b0,split_01,62,B,submitted,completed,True,PASS,0,image,8825,0.9667619448543024,60,60,60,1465.0,run entry through output export; wall-clock UTC difference,NVIDIA GeForce RTX 5070 Ti,12.8,3.12.7,2.10.0+cu128,0.25.0+cu128,2.2.6,2.3.3,12.1.1,1.8.0,6.0.3,adamw,0.0001,0.0001,32,24,not recorded in frozen config,research-lab/experiments/registered-workflow/runs/primary/run_0424,96f9716521ec70d8e9a0b0f56e842bd47d8d07dbd8900385f718de76af60322f,623c056b67d660ff114ab4cb991af3f92e61399f419e0bdf46ad74407093e62c
run_0425,original,organamnist,resnet18,split_01,72,A,submitted,completed,True,PASS,0,image,8825,0.9963332883574754,23,16,60,642.0,run entry through output export; wall-clock UTC difference,NVIDIA GeForce RTX 5070 Ti,12.8,3.12.7,2.10.0+cu128,0.25.0+cu128,2.2.6,2.3.3,12.1.1,1.8.0,6.0.3,adamw,0.0001,0.0001,32,24,not recorded in frozen config,research-lab/experiments/registered-workflow/runs/primary/run_0425,0abb9dfe5678e1f2014e96b5f99c7f86be31d42ca0a10f805a805c3d6f7d16ac,b9475a008489f6ff35df153240803c910f41cd3fe0a51239b7044c48ae29f63b
run_0426,original,organamnist,resnet18,split_01,72,B,submitted,completed,True,PASS,0,image,8825,0.996955855113184,60,60,60,1283.0,run entry through output export; wall-clock UTC difference,NVIDIA GeForce RTX 5070 Ti,12.8,3.12.7,2.10.0+cu128,0.25.0+cu128,2.2.6,2.3.3,12.1.1,1.8.0,6.0.3,adamw,0.0001,0.0001,32,24,not recorded in frozen config,research-lab/experiments/registered-workflow/runs/primary/run_0426,0238ec59935dbf2d252dba66675a51ea835a75461fefbe49e987fd3e25536f60,4eaade3f98ab8bb07e63e9c0191a9656147c69b10e951d82d0ea2e80af2eabb5
run_0427,original,organamnist,resnet50,split_01,72,A,submitted,completed,True,PASS,0,image,8825,0.9957501400140518,29,22,60,1362.0,run entry through output export; wall-clock UTC difference,NVIDIA GeForce RTX 5070 Ti,12.8,3.12.7,2.10.0+cu128,0.25.0+cu128,2.2.6,2.3.3,12.1.1,1.8.0,6.0.3,adamw,0.0001,0.0001,32,24,not recorded in frozen config,research-lab/experiments/registered-workflow/runs/primary/run_0427,3745df541d9538b9778ae13fe03035bf752bda8289815532e97b6d3485a98280,39e8788d2a116c15a05a70a052734cf3e918f071f56de71aa4f5ced731ade307
run_0428,original,organamnist,resnet50,split_01,72,B,submitted,completed,True,PASS,0,image,8825,0.9967256720942543,60,60,60,2556.0,run entry through output export; wall-clock UTC difference,NVIDIA GeForce RTX 5070 Ti,12.8,3.12.7,2.10.0+cu128,0.25.0+cu128,2.2.6,2.3.3,12.1.1,1.8.0,6.0.3,adamw,0.0001,0.0001,32,24,not recorded in frozen config,research-lab/experiments/registered-workflow/runs/primary/run_0428,ccc6fc49df4285ba6d07370ad62e75929328cac7a92ad0782d2b79bc0fd28c97,df4aa95cb746fb82c3788cf84952762c9d6fcfafa63f1a55de54bfb63e3ebe40
run_0429,original,organamnist,densenet121,split_01,72,A,submitted,completed,True,PASS,0,image,8825,0.9930937367810153,35,28,60,1683.0,run entry through output export; wall-clock UTC difference,NVIDIA GeForce RTX 5070 Ti,12.8,3.12.7,2.10.0+cu128,0.25.0+cu128,2.2.6,2.3.3,12.1.1,1.8.0,6.0.3,adamw,0.0001,0.0001,32,24,not recorded in frozen config,research-lab/experiments/registered-workflow/runs/primary/run_0429,3e8ac34c6a663826f7a05b889fd31c20f399fecb09e27db307a7cdf6b9c3ecd3,569fbc03e5dd766a6191e8b1d43eced1e2c491725648f7ac7d76633d32d7013f
run_0430,original,organamnist,densenet121,split_01,72,B,submitted,completed,True,PASS,0,image,8825,0.9934427433097813,60,60,60,2704.0,run entry through output export; wall-clock UTC difference,NVIDIA GeForce RTX 5070 Ti,12.8,3.12.7,2.10.0+cu128,0.25.0+cu128,2.2.6,2.3.3,12.1.1,1.8.0,6.0.3,adamw,0.0001,0.0001,32,24,not recorded in frozen config,research-lab/experiments/registered-workflow/runs/primary/run_0430,0d00094c6b5e05ea1ee934e2edaf2e09d3de70af039717610ee3a3dacabf9dba,d86f73d88939ca8994dbbd86e1a503184fd2196ac446e90fe8a2f3f5ebe53cc6
run_0431,original,organamnist,efficientnet_b0,split_01,72,A,submitted,completed,True,PASS,0,image,8825,0.9661898273573197,60,60,60,1459.0,run entry through output export; wall-clock UTC difference,NVIDIA GeForce RTX 5070 Ti,12.8,3.12.7,2.10.0+cu128,0.25.0+cu128,2.2.6,2.3.3,12.1.1,1.8.0,6.0.3,adamw,0.0001,0.0001,32,24,not recorded in frozen config,research-lab/experiments/registered-workflow/runs/primary/run_0431,cfb86654c866ba01e0a5f246b55632234fa40f48393c47d35a8398e14f65d014,a88f7d00c99d9fd741bed95f7a8325ee8096d1d4bdcf2a36525ea0e8bc72d5a1
run_0432,original,organamnist,efficientnet_b0,split_01,72,B,submitted,completed,True,PASS,0,image,8825,0.9661898273573197,60,60,60,1457.0,run entry through output export; wall-clock UTC difference,NVIDIA GeForce RTX 5070 Ti,12.8,3.12.7,2.10.0+cu128,0.25.0+cu128,2.2.6,2.3.3,12.1.1,1.8.0,6.0.3,adamw,0.0001,0.0001,32,24,not recorded in frozen config,research-lab/experiments/registered-workflow/runs/primary/run_0432,d9089afd8a9963de5b4a1cf0826487c95da25014132fbc1d571e4920b7c30a71,3490bd21903c927d92e83d27edec6d191fd2649caf2ccb9c5501983217400c1b
run_0433,original,organamnist,resnet18,split_01,82,A,submitted,completed,True,PASS,0,image,8825,0.992852819676705,16,9,60,515.0,run entry through output export; wall-clock UTC difference,NVIDIA GeForce RTX 5070 Ti,12.8,3.12.7,2.10.0+cu128,0.25.0+cu128,2.2.6,2.3.3,12.1.1,1.8.0,6.0.3,adamw,0.0001,0.0001,32,24,not recorded in frozen config,research-lab/experiments/registered-workflow/runs/primary/run_0433,b32fa8df23c690d912512bf8eaf9093868f43c2070299362359905aaf1a71bc8,de46b6d7ad20ddd0c671a1a289e9d276cb03cee32ea065318c0d4247fa5674fd
run_0434,original,organamnist,resnet18,split_01,82,B,submitted,completed,True,PASS,0,image,8825,0.9955667969397275,60,60,60,1279.0,run entry through output export; wall-clock UTC difference,NVIDIA GeForce RTX 5070 Ti,12.8,3.12.7,2.10.0+cu128,0.25.0+cu128,2.2.6,2.3.3,12.1.1,1.8.0,6.0.3,adamw,0.0001,0.0001,32,24,not recorded in frozen config,research-lab/experiments/registered-workflow/runs/primary/run_0434,c3edf2ef2e7a3d90d71c73ed8575a43ecde443eaedce101bc9bb8286b6890aa6,137dac0fee415969355bd000f0e69531534510c78d81920cc597623e2d9aaa0e
run_0435,original,organamnist,resnet50,split_01,82,A,submitted,completed,True,PASS,0,image,8825,0.9927341459548995,15,8,60,819.0,run entry through output export; wall-clock UTC difference,NVIDIA GeForce RTX 5070 Ti,12.8,3.12.7,2.10.0+cu128,0.25.0+cu128,2.2.6,2.3.3,12.1.1,1.8.0,6.0.3,adamw,0.0001,0.0001,32,24,not recorded in frozen config,research-lab/experiments/registered-workflow/runs/primary/run_0435,ece0fa5116fa1a594bd34033aa38b9eee5835e4d35c173a9c4532ee5cbb7e5d6,9dca3e06faf84d6a06072f02ca52f5386adcc711daa4cde589706775ef4e9ca9
run_0436,original,organamnist,resnet50,split_01,82,B,submitted,completed,True,PASS,0,image,8825,0.9959166702803253,60,60,60,2555.0,run entry through output export; wall-clock UTC difference,NVIDIA GeForce RTX 5070 Ti,12.8,3.12.7,2.10.0+cu128,0.25.0+cu128,2.2.6,2.3.3,12.1.1,1.8.0,6.0.3,adamw,0.0001,0.0001,32,24,not recorded in frozen config,research-lab/experiments/registered-workflow/runs/primary/run_0436,91bae4216e81b48e00ddf6bb486e6cc5ca05c3f1771622fbd1d4373b30c4d933,a09570da54c35c953de86dded18102b60de94184809fc3bd50bfb3353a21f095
run_0437,original,organamnist,densenet121,split_01,82,A,submitted,completed,True,PASS,0,image,8825,0.9892347444372994,36,29,60,1724.0,run entry through output export; wall-clock UTC difference,NVIDIA GeForce RTX 5070 Ti,12.8,3.12.7,2.10.0+cu128,0.25.0+cu128,2.2.6,2.3.3,12.1.1,1.8.0,6.0.3,adamw,0.0001,0.0001,32,24,not recorded in frozen config,research-lab/experiments/registered-workflow/runs/primary/run_0437,414b2f0594f20e50b54020de1f2a9d3f804038aee18058d3f909e657d0afb90f,4108a8b908ea7313ec60c67b16d7c00b78a7499f7b716f67e4d2a80ab90034fd
run_0438,original,organamnist,densenet121,split_01,82,B,submitted,completed,True,PASS,0,image,8825,0.9931547145253117,60,60,60,2705.0,run entry through output export; wall-clock UTC difference,NVIDIA GeForce RTX 5070 Ti,12.8,3.12.7,2.10.0+cu128,0.25.0+cu128,2.2.6,2.3.3,12.1.1,1.8.0,6.0.3,adamw,0.0001,0.0001,32,24,not recorded in frozen config,research-lab/experiments/registered-workflow/runs/primary/run_0438,1135bf0040a3a191a1d2405d91f1c72e0aa51fbb5a322cc338893f3336a320b8,191445de493dbb5730b914c0b99d80267fab214e3c61d2b330bea15a8abb3858
run_0439,original,organamnist,efficientnet_b0,split_01,82,A,submitted,completed,True,PASS,0,image,8825,0.9641264371487914,58,51,60,1428.0,run entry through output export; wall-clock UTC difference,NVIDIA GeForce RTX 5070 Ti,12.8,3.12.7,2.10.0+cu128,0.25.0+cu128,2.2.6,2.3.3,12.1.1,1.8.0,6.0.3,adamw,0.0001,0.0001,32,24,not recorded in frozen config,research-lab/experiments/registered-workflow/runs/primary/run_0439,a42c5ee2155190c4f57602183276f5cf1395ffb2e4a11d55b49e7ec8bbaaffa5,215a8a027ee8db95170a9ade7291eaf4cb9bab3d0ae99c3f5b4a32a342fa07b6
run_0440,original,organamnist,efficientnet_b0,split_01,82,B,submitted,completed,True,PASS,0,image,8825,0.9635425788401935,60,60,60,1460.0,run entry through output export; wall-clock UTC difference,NVIDIA GeForce RTX 5070 Ti,12.8,3.12.7,2.10.0+cu128,0.25.0+cu128,2.2.6,2.3.3,12.1.1,1.8.0,6.0.3,adamw,0.0001,0.0001,32,24,not recorded in frozen config,research-lab/experiments/registered-workflow/runs/primary/run_0440,4d0903ef97a712dc4963e5e5f9dc73122c2736f4641b442742b8a221fb80ae4b,58f0ea8fa307fb64493aebad03d45336d424d11c503cae4750ef0a69a5dd7718
run_0441,original,organamnist,resnet18,split_02,42,A,submitted,completed,True,PASS,0,image,8825,0.9930272670628674,25,18,60,674.0,run entry through output export; wall-clock UTC difference,NVIDIA GeForce RTX 5070 Ti,12.8,3.12.7,2.10.0+cu128,0.25.0+cu128,2.2.6,2.3.3,12.1.1,1.8.0,6.0.3,adamw,0.0001,0.0001,32,24,not recorded in frozen config,research-lab/experiments/registered-workflow/runs/primary/run_0441,8b14744ae632619b2616a503aad916f961455d8f6e1cf58b6771053e0ba6aace,4e785c19d3b3a6d3507cbacf43850124d17bbf5187809ade32816e500da029cc
run_0442,original,organamnist,resnet18,split_02,42,B,submitted,completed,True,PASS,0,image,8825,0.9944797150994001,60,60,60,1285.0,run entry through output export; wall-clock UTC difference,NVIDIA GeForce RTX 5070 Ti,12.8,3.12.7,2.10.0+cu128,0.25.0+cu128,2.2.6,2.3.3,12.1.1,1.8.0,6.0.3,adamw,0.0001,0.0001,32,24,not recorded in frozen config,research-lab/experiments/registered-workflow/runs/primary/run_0442,deb73742e1c17d0b54f10ff752c1ea304aee7cbd6d1aba826718f827e568d5f5,733b482d13e27560d74775454773c1f2f18cbd12e2dee866fbdf7e381d57fefd
run_0443,original,organamnist,resnet50,split_02,42,A,submitted,completed,True,PASS,0,image,8825,0.9939931898086037,23,16,60,1128.0,run entry through output export; wall-clock UTC difference,NVIDIA GeForce RTX 5070 Ti,12.8,3.12.7,2.10.0+cu128,0.25.0+cu128,2.2.6,2.3.3,12.1.1,1.8.0,6.0.3,adamw,0.0001,0.0001,32,24,not recorded in frozen config,research-lab/experiments/registered-workflow/runs/primary/run_0443,ac01839c6498aeb1edd0db3eba8fcd1809f1703e3e28fdfbf55f96985e3f7305,7b3ff51757004c3eaf293e9d74831e517670bdb6c8907b902575a49703bb4ad9
run_0444,original,organamnist,resnet50,split_02,42,B,submitted,completed,True,PASS,0,image,8825,0.9951428095907847,60,60,60,2553.0,run entry through output export; wall-clock UTC difference,NVIDIA GeForce RTX 5070 Ti,12.8,3.12.7,2.10.0+cu128,0.25.0+cu128,2.2.6,2.3.3,12.1.1,1.8.0,6.0.3,adamw,0.0001,0.0001,32,24,not recorded in frozen config,research-lab/experiments/registered-workflow/runs/primary/run_0444,335047865b235ea2b60f956d3705011501abfe5515696a00c3fb451e5177ff73,97f6024e1d028d2795d040a54d6eb4a5780940dfdde3cf104e1b8d67c7cca857
run_0445,original,organamnist,densenet121,split_02,42,A,submitted,completed,True,PASS,0,image,8825,0.9875760087993046,35,28,60,1682.0,run entry through output export; wall-clock UTC difference,NVIDIA GeForce RTX 5070 Ti,12.8,3.12.7,2.10.0+cu128,0.25.0+cu128,2.2.6,2.3.3,12.1.1,1.8.0,6.0.3,adamw,0.0001,0.0001,32,24,not recorded in frozen config,research-lab/experiments/registered-workflow/runs/primary/run_0445,afa331d9bedc19ae4a9016745fa1d46ee50fa37efe9b775e4793d18c994334c4,f06c869a3ca4bc11360a3a064f1f5d0acd126296405ff006ca8928bfb41fa344
run_0446,original,organamnist,densenet121,split_02,42,B,submitted,completed,True,PASS,0,image,8825,0.9900265439603781,60,60,60,2709.0,run entry through output export; wall-clock UTC difference,NVIDIA GeForce RTX 5070 Ti,12.8,3.12.7,2.10.0+cu128,0.25.0+cu128,2.2.6,2.3.3,12.1.1,1.8.0,6.0.3,adamw,0.0001,0.0001,32,24,not recorded in frozen config,research-lab/experiments/registered-workflow/runs/primary/run_0446,148f660f67db793526fcec56d0f87725fa41f9c34bc8caa490951d7e76f473ad,000ae7291b046e1a4dd1f140081696f5618e14d866857089f864998677210448
run_0447,original,organamnist,efficientnet_b0,split_02,42,A,submitted,completed,True,PASS,0,image,8825,0.9570646770594992,52,45,60,1302.0,run entry through output export; wall-clock UTC difference,NVIDIA GeForce RTX 5070 Ti,12.8,3.12.7,2.10.0+cu128,0.25.0+cu128,2.2.6,2.3.3,12.1.1,1.8.0,6.0.3,adamw,0.0001,0.0001,32,24,not recorded in frozen config,research-lab/experiments/registered-workflow/runs/primary/run_0447,200793ff3c79ffe0b1e9e7e8b7186fbc658d16a4c79ed50dbc14adaac8e6d1e2,882b8ddc46a560330539d72984c0e9a15c562b73139467069ebb0d621f968a0b
run_0448,original,organamnist,efficientnet_b0,split_02,42,B,submitted,completed,True,PASS,0,image,8825,0.9585748685099967,60,60,60,1468.0,run entry through output export; wall-clock UTC difference,NVIDIA GeForce RTX 5070 Ti,12.8,3.12.7,2.10.0+cu128,0.25.0+cu128,2.2.6,2.3.3,12.1.1,1.8.0,6.0.3,adamw,0.0001,0.0001,32,24,not recorded in frozen config,research-lab/experiments/registered-workflow/runs/primary/run_0448,5a4016a8b4299132803bef4dd9c9bc5924d00d61c717418f4522f7580189c6b8,db43bb694f78a6b2c01ba87bd9f7821eeee52d6379eec0d1a54073ff543e7747
run_0449,original,organamnist,resnet18,split_02,52,A,submitted,completed,True,PASS,0,image,8825,0.9937935289730898,27,20,60,714.0,run entry through output export; wall-clock UTC difference,NVIDIA GeForce RTX 5070 Ti,12.8,3.12.7,2.10.0+cu128,0.25.0+cu128,2.2.6,2.3.3,12.1.1,1.8.0,6.0.3,adamw,0.0001,0.0001,32,24,not recorded in frozen config,research-lab/experiments/registered-workflow/runs/primary/run_0449,22d086d1d3835ae6f350a99450279738bc9723b44daa26e2ff00f115b8d29a91,2e55826b62330dab16ce939e37d6439a63373451fc9be3108a3a8dfd9c231fa8
run_0450,original,organamnist,resnet18,split_02,52,B,submitted,completed,True,PASS,0,image,8825,0.9954350275083077,60,60,60,1284.0,run entry through output export; wall-clock UTC difference,NVIDIA GeForce RTX 5070 Ti,12.8,3.12.7,2.10.0+cu128,0.25.0+cu128,2.2.6,2.3.3,12.1.1,1.8.0,6.0.3,adamw,0.0001,0.0001,32,24,not recorded in frozen config,research-lab/experiments/registered-workflow/runs/primary/run_0450,413a01a20ea787d2f06f2ff8734afb44f5f263a673dde12f1c23893d6a240245,710b03fa152fdef747627e230b6d3a616bf4de8f39c4373d4331ab424db71882
run_0451,original,organamnist,resnet50,split_02,52,A,submitted,completed,True,PASS,0,image,8825,0.9905319139746667,17,10,60,900.0,run entry through output export; wall-clock UTC difference,NVIDIA GeForce RTX 5070 Ti,12.8,3.12.7,2.10.0+cu128,0.25.0+cu128,2.2.6,2.3.3,12.1.1,1.8.0,6.0.3,adamw,0.0001,0.0001,32,24,not recorded in frozen config,research-lab/experiments/registered-workflow/runs/primary/run_0451,a5498b83c6399f57c66922e27178dda7a1a5bb0dfa61d388b5b105eb1d79f197,8e687ba0c8bdfd3a4c41e07ff6a9d0557587dabae3d82ab8ce489e20ee6c040f
run_0452,original,organamnist,resnet50,split_02,52,B,submitted,completed,True,PASS,0,image,8825,0.9952416583571876,60,60,60,2556.0,run entry through output export; wall-clock UTC difference,NVIDIA GeForce RTX 5070 Ti,12.8,3.12.7,2.10.0+cu128,0.25.0+cu128,2.2.6,2.3.3,12.1.1,1.8.0,6.0.3,adamw,0.0001,0.0001,32,24,not recorded in frozen config,research-lab/experiments/registered-workflow/runs/primary/run_0452,134316dd23420312d0abd8618b79165570a5bf3ae063f5851b0cf69d13f8fc8e,75b4c9a5bbbf32cf3b9ff5ee6c2bc6504315f7b9d68463d5b07946845ea113b6
run_0453,original,organamnist,densenet121,split_02,52,A,submitted,completed,True,PASS,0,image,8825,0.9880605163093518,34,27,60,1646.0,run entry through output export; wall-clock UTC difference,NVIDIA GeForce RTX 5070 Ti,12.8,3.12.7,2.10.0+cu128,0.25.0+cu128,2.2.6,2.3.3,12.1.1,1.8.0,6.0.3,adamw,0.0001,0.0001,32,24,not recorded in frozen config,research-lab/experiments/registered-workflow/runs/primary/run_0453,73c2797979d6286e07774f7d291a2e42569170d7a7bed0733b0b5d9cb25029cd,8f56e8a4bd5c123de44193110887474c975368eeac6f2390d2dc917dd69da53b
run_0454,original,organamnist,densenet121,split_02,52,B,submitted,completed,True,PASS,0,image,8825,0.9929274412046213,60,60,60,2735.0,run entry through output export; wall-clock UTC difference,NVIDIA GeForce RTX 5070 Ti,12.8,3.12.7,2.10.0+cu128,0.25.0+cu128,2.2.6,2.3.3,12.1.1,1.8.0,6.0.3,adamw,0.0001,0.0001,32,24,not recorded in frozen config,research-lab/experiments/registered-workflow/runs/primary/run_0454,117b279c27efef1c6332ae7abcb0ba41d4735b2777e6cdca290321a9f478e1d6,3413338c05d639e63e22688f00036d46399a597e66b732dde475f4953ea9fdc8
run_0455,original,organamnist,efficientnet_b0,split_02,52,A,submitted,completed,True,PASS,0,image,8825,0.9625025237097887,60,54,60,1481.0,run entry through output export; wall-clock UTC difference,NVIDIA GeForce RTX 5070 Ti,12.8,3.12.7,2.10.0+cu128,0.25.0+cu128,2.2.6,2.3.3,12.1.1,1.8.0,6.0.3,adamw,0.0001,0.0001,32,24,not recorded in frozen config,research-lab/experiments/registered-workflow/runs/primary/run_0455,937d193d6ca95c25eef2413832ba6035ff7ba7fa290d469d91aef1e7600d72cb,9541e2bda5b8c17e0cd7cb86542af14902258f8768b1b8c415d2c762f01c725c
run_0456,original,organamnist,efficientnet_b0,split_02,52,B,submitted,completed,True,PASS,0,image,8825,0.9608111031771791,60,60,60,1481.0,run entry through output export; wall-clock UTC difference,NVIDIA GeForce RTX 5070 Ti,12.8,3.12.7,2.10.0+cu128,0.25.0+cu128,2.2.6,2.3.3,12.1.1,1.8.0,6.0.3,adamw,0.0001,0.0001,32,24,not recorded in frozen config,research-lab/experiments/registered-workflow/runs/primary/run_0456,317fcca55f2a2986621cb1747aa053293928779e65ba2c1a21189fda4e927697,2ccabecdd02f2afa1ce0eca4486c9f1b26b4d0a385cb0a7b2e8599eb7db475d4
run_0457,original,organamnist,resnet18,split_02,62,A,submitted,completed,True,PASS,0,image,8825,0.990148483495253,12,5,60,451.0,run entry through output export; wall-clock UTC difference,NVIDIA GeForce RTX 5070 Ti,12.8,3.12.7,2.10.0+cu128,0.25.0+cu128,2.2.6,2.3.3,12.1.1,1.8.0,6.0.3,adamw,0.0001,0.0001,32,24,not recorded in frozen config,research-lab/experiments/registered-workflow/runs/primary/run_0457,00c3f7cccf11673a8474fc8b638efffcdd06d57fa1cf59d2b3b1c1122678c65b,bed856f501f78cc4f0b6893a747fedc5eae3eb5e6785a5d3e970a4b69e5237d4
run_0458,original,organamnist,resnet18,split_02,62,B,submitted,completed,True,PASS,0,image,8825,0.9955703347895702,60,60,60,1288.0,run entry through output export; wall-clock UTC difference,NVIDIA GeForce RTX 5070 Ti,12.8,3.12.7,2.10.0+cu128,0.25.0+cu128,2.2.6,2.3.3,12.1.1,1.8.0,6.0.3,adamw,0.0001,0.0001,32,24,not recorded in frozen config,research-lab/experiments/registered-workflow/runs/primary/run_0458,f9ccc600758f748756070eb10abfe51528a69155e4d03062848765ad4539d07f,8a90a64ed5c9ef87988bfc129d4bfcb313eefb2cc704e7426606f186d73b1073
run_0459,original,organamnist,resnet50,split_02,62,A,submitted,completed,True,PASS,0,image,8825,0.9935515127683334,33,26,60,1520.0,run entry through output export; wall-clock UTC difference,NVIDIA GeForce RTX 5070 Ti,12.8,3.12.7,2.10.0+cu128,0.25.0+cu128,2.2.6,2.3.3,12.1.1,1.8.0,6.0.3,adamw,0.0001,0.0001,32,24,not recorded in frozen config,research-lab/experiments/registered-workflow/runs/primary/run_0459,4d043bcd2e7a19b4bafa9d6a6d66ee646db545e01060c8c3c37de706d4f0f556,4221bb93e570bd742ee6cf4352aa992d8ce8364cbc99b6e1236a0a68c077cea1
run_0460,original,organamnist,resnet50,split_02,62,B,submitted,completed,True,PASS,0,image,8825,0.9964933836242431,60,60,60,2558.0,run entry through output export; wall-clock UTC difference,NVIDIA GeForce RTX 5070 Ti,12.8,3.12.7,2.10.0+cu128,0.25.0+cu128,2.2.6,2.3.3,12.1.1,1.8.0,6.0.3,adamw,0.0001,0.0001,32,24,not recorded in frozen config,research-lab/experiments/registered-workflow/runs/primary/run_0460,b0920fa77b49152f8faf3e57e904890b1ec718b8f3eb5170af4ffc55e4ca40b7,7f145c02374fceef7f819ed3c1980b46ba16982276bb9b143e98a5d7e9afce27
run_0461,original,organamnist,densenet121,split_02,62,A,submitted,completed,True,PASS,0,image,8825,0.9906349024411043,32,25,60,1565.0,run entry through output export; wall-clock UTC difference,NVIDIA GeForce RTX 5070 Ti,12.8,3.12.7,2.10.0+cu128,0.25.0+cu128,2.2.6,2.3.3,12.1.1,1.8.0,6.0.3,adamw,0.0001,0.0001,32,24,not recorded in frozen config,research-lab/experiments/registered-workflow/runs/primary/run_0461,1d2567028b22053b72451965b17946046eb3c92cf50a535804e75c3de6e4c91d,3c9d80e943b51e91c89c80c371bb701a850e2f139ea7d37d91d1b92f23cdcb25
run_0462,original,organamnist,densenet121,split_02,62,B,submitted,completed,True,PASS,0,image,8825,0.9881851314671124,60,60,60,2718.0,run entry through output export; wall-clock UTC difference,NVIDIA GeForce RTX 5070 Ti,12.8,3.12.7,2.10.0+cu128,0.25.0+cu128,2.2.6,2.3.3,12.1.1,1.8.0,6.0.3,adamw,0.0001,0.0001,32,24,not recorded in frozen config,research-lab/experiments/registered-workflow/runs/primary/run_0462,89cf8c06888b29a853f3f67a3080b46f059ef9e12534980e69b38d5eccdc4e67,d593d39027af8f3a4c949762868bd1ba0ae07c645cc117aae5b9a5cc947a022d
run_0463,original,organamnist,efficientnet_b0,split_02,62,A,submitted,completed,True,PASS,0,image,8825,0.9607216528791779,60,60,60,1479.0,run entry through output export; wall-clock UTC difference,NVIDIA GeForce RTX 5070 Ti,12.8,3.12.7,2.10.0+cu128,0.25.0+cu128,2.2.6,2.3.3,12.1.1,1.8.0,6.0.3,adamw,0.0001,0.0001,32,24,not recorded in frozen config,research-lab/experiments/registered-workflow/runs/primary/run_0463,f8325b8d19594f416a11b05db5ebb17aa2cc6b629ed6b599f2d9f5412e2ebd28,a8295d03eae610cd294ebfd312b4b2b5fe4d6affec29099da6713431bc4db6a8
run_0464,original,organamnist,efficientnet_b0,split_02,62,B,submitted,completed,True,PASS,0,image,8825,0.9607216528791779,60,60,60,1473.0,run entry through output export; wall-clock UTC difference,NVIDIA GeForce RTX 5070 Ti,12.8,3.12.7,2.10.0+cu128,0.25.0+cu128,2.2.6,2.3.3,12.1.1,1.8.0,6.0.3,adamw,0.0001,0.0001,32,24,not recorded in frozen config,research-lab/experiments/registered-workflow/runs/primary/run_0464,b504621df0da391bfb64da3165d39bdb547c5c7777fd03a13a13a190c3e0043d,e0bd98cb64353938660fe5405499dfb0025c0735218da4478419c24e367dc3cd
run_0465,original,organamnist,resnet18,split_02,72,A,submitted,completed,True,PASS,0,image,8825,0.9939734567957733,22,15,60,626.0,run entry through output export; wall-clock UTC difference,NVIDIA GeForce RTX 5070 Ti,12.8,3.12.7,2.10.0+cu128,0.25.0+cu128,2.2.6,2.3.3,12.1.1,1.8.0,6.0.3,adamw,0.0001,0.0001,32,24,not recorded in frozen config,research-lab/experiments/registered-workflow/runs/primary/run_0465,e2235b5db1ee6213153204ea6cc54df5f533d3481d36d0ca717f199f6cc51273,7fd9fa278468a84adc20178eac99c10e2208313b21601e2d207b867b82660e64
run_0466,original,organamnist,resnet18,split_02,72,B,submitted,completed,True,PASS,0,image,8825,0.9956382817791961,60,60,60,1289.0,run entry through output export; wall-clock UTC difference,NVIDIA GeForce RTX 5070 Ti,12.8,3.12.7,2.10.0+cu128,0.25.0+cu128,2.2.6,2.3.3,12.1.1,1.8.0,6.0.3,adamw,0.0001,0.0001,32,24,not recorded in frozen config,research-lab/experiments/registered-workflow/runs/primary/run_0466,d35ac05536ce6d891f16f64a954f57f15543a43cf1809b6a13fe0ad75111241b,30cd438f223d502bfd33108244f4ce39a7783598e4ce40829dcff6d8beaa08bc
run_0467,original,organamnist,resnet50,split_02,72,A,submitted,completed,True,PASS,0,image,8825,0.9933977979277053,26,19,60,1250.0,run entry through output export; wall-clock UTC difference,NVIDIA GeForce RTX 5070 Ti,12.8,3.12.7,2.10.0+cu128,0.25.0+cu128,2.2.6,2.3.3,12.1.1,1.8.0,6.0.3,adamw,0.0001,0.0001,32,24,not recorded in frozen config,research-lab/experiments/registered-workflow/runs/primary/run_0467,56eac475a03417effd9fde0d7896760b386b4a6f6cbd4d2c089090b86da9f694,18217da6cc58747057e2696a619b6305bae3446f4b604e1fcc30d00aff0125c2
run_0468,original,organamnist,resnet50,split_02,72,B,submitted,completed,True,PASS,0,image,8825,0.9951680327526965,60,60,60,2557.0,run entry through output export; wall-clock UTC difference,NVIDIA GeForce RTX 5070 Ti,12.8,3.12.7,2.10.0+cu128,0.25.0+cu128,2.2.6,2.3.3,12.1.1,1.8.0,6.0.3,adamw,0.0001,0.0001,32,24,not recorded in frozen config,research-lab/experiments/registered-workflow/runs/primary/run_0468,868de1e16dae2fcca29276a203c1ff26d8122fab0893d4b283d50234287b078a,743b29842ccde5bce44d2176c56379edb627fac26b2b3249f29f0289c1add16f
run_0469,original,organamnist,densenet121,split_02,72,A,submitted,completed,True,PASS,0,image,8825,0.9912005979962726,37,30,60,1770.0,run entry through output export; wall-clock UTC difference,NVIDIA GeForce RTX 5070 Ti,12.8,3.12.7,2.10.0+cu128,0.25.0+cu128,2.2.6,2.3.3,12.1.1,1.8.0,6.0.3,adamw,0.0001,0.0001,32,24,not recorded in frozen config,research-lab/experiments/registered-workflow/runs/primary/run_0469,52279f588ba93d039cc806436372d1bccd57a68fe04fd0a834227838b5016016,9fc773cda3f020d39f6def5b2be088b1c156560f692444c2ba0b8e16c611f840
run_0470,original,organamnist,densenet121,split_02,72,B,submitted,completed,True,PASS,0,image,8825,0.9899079660016148,60,60,60,2717.0,run entry through output export; wall-clock UTC difference,NVIDIA GeForce RTX 5070 Ti,12.8,3.12.7,2.10.0+cu128,0.25.0+cu128,2.2.6,2.3.3,12.1.1,1.8.0,6.0.3,adamw,0.0001,0.0001,32,24,not recorded in frozen config,research-lab/experiments/registered-workflow/runs/primary/run_0470,801edaae68c531d89be4a7b73b8e2eeb6357261bf3a1f571fc7a005cd27d4878,015634cd0f67e5d1fadbb3c407b7de3e735949db7707f033eac908dd066abf1b
run_0471,original,organamnist,efficientnet_b0,split_02,72,A,submitted,completed,True,PASS,0,image,8825,0.9618925350701784,60,56,60,1475.0,run entry through output export; wall-clock UTC difference,NVIDIA GeForce RTX 5070 Ti,12.8,3.12.7,2.10.0+cu128,0.25.0+cu128,2.2.6,2.3.3,12.1.1,1.8.0,6.0.3,adamw,0.0001,0.0001,32,24,not recorded in frozen config,research-lab/experiments/registered-workflow/runs/primary/run_0471,ea01187e622f331dba59ca37f457e88dc4152428f5a7a134192a2f30ac833b48,63e37f25b56fd994ae76c94d3ec9d44f0b3bc6cf80433277a1b1a8904c84dddf
run_0472,original,organamnist,efficientnet_b0,split_02,72,B,submitted,completed,True,PASS,0,image,8825,0.961491280183777,60,60,60,1468.0,run entry through output export; wall-clock UTC difference,NVIDIA GeForce RTX 5070 Ti,12.8,3.12.7,2.10.0+cu128,0.25.0+cu128,2.2.6,2.3.3,12.1.1,1.8.0,6.0.3,adamw,0.0001,0.0001,32,24,not recorded in frozen config,research-lab/experiments/registered-workflow/runs/primary/run_0472,96971f6799f63277880e7bb01797c73add418961ced1353033f8c1f3bf77629c,15341da1e558cce6b1a0c49af3f091112ce56611e2d8cf124efc4158d1252dc1
run_0473,original,organamnist,resnet18,split_02,82,A,submitted,completed,True,PASS,0,image,8825,0.9927851295814687,28,21,60,729.0,run entry through output export; wall-clock UTC difference,NVIDIA GeForce RTX 5070 Ti,12.8,3.12.7,2.10.0+cu128,0.25.0+cu128,2.2.6,2.3.3,12.1.1,1.8.0,6.0.3,adamw,0.0001,0.0001,32,24,not recorded in frozen config,research-lab/experiments/registered-workflow/runs/primary/run_0473,b0dd36e40c2e43e903654ce1282fe5ca158ee14cdb7ad88a748ff35153581048,c32b40ce2b85e85e34c0309fa421b37bddf3d17f0abd2319a22932b856f9371e
run_0474,original,organamnist,resnet18,split_02,82,B,submitted,completed,True,PASS,0,image,8825,0.9947199433167125,60,60,60,1286.0,run entry through output export; wall-clock UTC difference,NVIDIA GeForce RTX 5070 Ti,12.8,3.12.7,2.10.0+cu128,0.25.0+cu128,2.2.6,2.3.3,12.1.1,1.8.0,6.0.3,adamw,0.0001,0.0001,32,24,not recorded in frozen config,research-lab/experiments/registered-workflow/runs/primary/run_0474,57b12f2f065cf61a4e0cdaf09e9fa8d65e7ba6ff6b4b39141d8acadea71e1e5d,8a1b4f01118a97b829a31d198b127180e36cd70776badc65307c59cc5f5ab4a3
run_0475,original,organamnist,resnet50,split_02,82,A,submitted,completed,True,PASS,0,image,8825,0.9929289856122857,24,17,60,1170.0,run entry through output export; wall-clock UTC difference,NVIDIA GeForce RTX 5070 Ti,12.8,3.12.7,2.10.0+cu128,0.25.0+cu128,2.2.6,2.3.3,12.1.1,1.8.0,6.0.3,adamw,0.0001,0.0001,32,24,not recorded in frozen config,research-lab/experiments/registered-workflow/runs/primary/run_0475,c81a5207a7c68bd819c3c1bb1ac2be2e3ebfd6bb68b3903d0b05d1133d518b28,8d8b1cb39e94d5f689fa636e861e89062555ff8e385b284e1de763d13a4099aa
run_0476,original,organamnist,resnet50,split_02,82,B,submitted,completed,True,PASS,0,image,8825,0.9942693860675521,60,60,60,2555.0,run entry through output export; wall-clock UTC difference,NVIDIA GeForce RTX 5070 Ti,12.8,3.12.7,2.10.0+cu128,0.25.0+cu128,2.2.6,2.3.3,12.1.1,1.8.0,6.0.3,adamw,0.0001,0.0001,32,24,not recorded in frozen config,research-lab/experiments/registered-workflow/runs/primary/run_0476,d2624d8c7e5eec8a36b2ce74b7f52cb8a51f88e4f8cb5abd3ac7ff672141d723,cc857f2ff1e8bd5a3eea29a626839886dbc11884c4f1265c24f8f1509ed34cb1
run_0477,original,organamnist,densenet121,split_02,82,A,submitted,completed,True,PASS,0,image,8825,0.9884039455298126,32,25,60,1561.0,run entry through output export; wall-clock UTC difference,NVIDIA GeForce RTX 5070 Ti,12.8,3.12.7,2.10.0+cu128,0.25.0+cu128,2.2.6,2.3.3,12.1.1,1.8.0,6.0.3,adamw,0.0001,0.0001,32,24,not recorded in frozen config,research-lab/experiments/registered-workflow/runs/primary/run_0477,a7e9b020a3f881ff7b02c212fe6bf67553569fc3011e0c7895ca9c5f7f1fe793,7ac77b048749c6c904bb9f14c36099709e11a7003d166626d12117c853829637
run_0478,original,organamnist,densenet121,split_02,82,B,submitted,completed,True,PASS,0,image,8825,0.9925354567438478,60,60,60,2714.0,run entry through output export; wall-clock UTC difference,NVIDIA GeForce RTX 5070 Ti,12.8,3.12.7,2.10.0+cu128,0.25.0+cu128,2.2.6,2.3.3,12.1.1,1.8.0,6.0.3,adamw,0.0001,0.0001,32,24,not recorded in frozen config,research-lab/experiments/registered-workflow/runs/primary/run_0478,f7a13b976ce306eef81aa2eff968f57235d3d9177b3974f1b765932470a11c62,e069dbec30e9983783b579127e2ae4452307291aa739897375ddd6e552ce7f47
run_0479,original,organamnist,efficientnet_b0,split_02,82,A,submitted,completed,True,PASS,0,image,8825,0.9575123703737938,50,43,60,1267.0,run entry through output export; wall-clock UTC difference,NVIDIA GeForce RTX 5070 Ti,12.8,3.12.7,2.10.0+cu128,0.25.0+cu128,2.2.6,2.3.3,12.1.1,1.8.0,6.0.3,adamw,0.0001,0.0001,32,24,not recorded in frozen config,research-lab/experiments/registered-workflow/runs/primary/run_0479,7b0460a1400b962b1bfefa9622ca9f4dcbb12cb6587160ed40030126010f1312,8eafa9be5d76847a0505d0ab26f33bcd727fa6d2d22ea8151c615301ec248b77
run_0480,original,organamnist,efficientnet_b0,split_02,82,B,submitted,completed,True,PASS,0,image,8825,0.9633765428153223,60,60,60,1471.0,run entry through output export; wall-clock UTC difference,NVIDIA GeForce RTX 5070 Ti,12.8,3.12.7,2.10.0+cu128,0.25.0+cu128,2.2.6,2.3.3,12.1.1,1.8.0,6.0.3,adamw,0.0001,0.0001,32,24,not recorded in frozen config,research-lab/experiments/registered-workflow/runs/primary/run_0480,30b268ca1a6c55ac8ab0508bc84b3567f74bc1ef209ab0954617ce0f75602bdb,ac37f583c0220605017c8aa1e3547600f66471bf1b83aa33f92028475d1d2a27
run_0481,original,organamnist,resnet18,split_03,42,A,submitted,completed,True,PASS,0,image,8825,0.9965424111859182,26,19,60,693.0,run entry through output export; wall-clock UTC difference,NVIDIA GeForce RTX 5070 Ti,12.8,3.12.7,2.10.0+cu128,0.25.0+cu128,2.2.6,2.3.3,12.1.1,1.8.0,6.0.3,adamw,0.0001,0.0001,32,24,not recorded in frozen config,research-lab/experiments/registered-workflow/runs/primary/run_0481,879958d1c2111e89241f4c74e8c8ba8c73c53bb594ac87d554dcd223e715dd58,5b84346aff8951a3c9b57a118109019e3231d54b3ab5abf809958ef1e7d23bee
run_0482,original,organamnist,resnet18,split_03,42,B,submitted,completed,True,PASS,0,image,8825,0.996417115113562,60,60,60,1282.0,run entry through output export; wall-clock UTC difference,NVIDIA GeForce RTX 5070 Ti,12.8,3.12.7,2.10.0+cu128,0.25.0+cu128,2.2.6,2.3.3,12.1.1,1.8.0,6.0.3,adamw,0.0001,0.0001,32,24,not recorded in frozen config,research-lab/experiments/registered-workflow/runs/primary/run_0482,df74c60701b27357b4a620df0f8de9f4130c169b0ab06033f7c8a2a93a049ff8,ed2f2a49f4c860b4485914e4ffc745cb1534abf72977238f39b450ef8516cafb
run_0483,original,organamnist,resnet50,split_03,42,A,submitted,completed,True,PASS,0,image,8825,0.9962763362225814,34,27,60,1552.0,run entry through output export; wall-clock UTC difference,NVIDIA GeForce RTX 5070 Ti,12.8,3.12.7,2.10.0+cu128,0.25.0+cu128,2.2.6,2.3.3,12.1.1,1.8.0,6.0.3,adamw,0.0001,0.0001,32,24,not recorded in frozen config,research-lab/experiments/registered-workflow/runs/primary/run_0483,6ba1bd2def0a42dc72208e8e4c85e7a8db37e2c8875e3aa8003a2f9419f39ebb,2ce1d8179d1a66d0b0b1e23d2331acb4bfa21664b8a9ea6c33a69e0f34a2a16a
run_0484,original,organamnist,resnet50,split_03,42,B,submitted,completed,True,PASS,0,image,8825,0.9975357942856217,60,60,60,2556.0,run entry through output export; wall-clock UTC difference,NVIDIA GeForce RTX 5070 Ti,12.8,3.12.7,2.10.0+cu128,0.25.0+cu128,2.2.6,2.3.3,12.1.1,1.8.0,6.0.3,adamw,0.0001,0.0001,32,24,not recorded in frozen config,research-lab/experiments/registered-workflow/runs/primary/run_0484,f9793ba678801b3222b3d359a3a830c03d25f03ce7ace31e54916328b7dde620,f7a1b88a1bd804ce108947e71a14887f6d0754ea27d19cb9d5147910e6b82e37
run_0485,original,organamnist,densenet121,split_03,42,A,submitted,completed,True,PASS,0,image,8825,0.9889390505464138,34,27,60,1645.0,run entry through output export; wall-clock UTC difference,NVIDIA GeForce RTX 5070 Ti,12.8,3.12.7,2.10.0+cu128,0.25.0+cu128,2.2.6,2.3.3,12.1.1,1.8.0,6.0.3,adamw,0.0001,0.0001,32,24,not recorded in frozen config,research-lab/experiments/registered-workflow/runs/primary/run_0485,2447898d7a2d298592b94432c0ba2a0537a78685d4d2ccebfac113be8dc12506,04387af5ff41e9950321c0748807a7a7e451d23acba92923e680e7b127c09dae
run_0486,original,organamnist,densenet121,split_03,42,B,submitted,completed,True,PASS,0,image,8825,0.9922305677235168,60,60,60,2744.0,run entry through output export; wall-clock UTC difference,NVIDIA GeForce RTX 5070 Ti,12.8,3.12.7,2.10.0+cu128,0.25.0+cu128,2.2.6,2.3.3,12.1.1,1.8.0,6.0.3,adamw,0.0001,0.0001,32,24,not recorded in frozen config,research-lab/experiments/registered-workflow/runs/primary/run_0486,2efd6485f767110c0de9485860a1824c36cac0e3054fe6179b762199032d7c5f,436db6e6498dcefe64d7b973ce1351dee17516472259ad7044ad8e0048d41bf4
run_0487,original,organamnist,efficientnet_b0,split_03,42,A,submitted,completed,True,PASS,0,image,8825,0.9667994534911796,60,60,60,1330.0,run entry through output export; wall-clock UTC difference,NVIDIA GeForce RTX 5070 Ti,12.8,3.12.7,2.10.0+cu128,0.25.0+cu128,2.2.6,2.3.3,12.1.1,1.8.0,6.0.3,adamw,0.0001,0.0001,32,24,not recorded in frozen config,research-lab/experiments/registered-workflow/runs/primary/run_0487,f8a9040af1ec03b474a3fdba960a7eb066142c335dc49fcda840dcac94be74e7,0ef7762e61fbd14d608f6477033ba05bc580d0a5014f0445dcd683d88fd0c872
run_0488,original,organamnist,efficientnet_b0,split_03,42,B,submitted,completed,True,PASS,0,image,8825,0.9667994534911796,60,60,60,1326.0,run entry through output export; wall-clock UTC difference,NVIDIA GeForce RTX 5070 Ti,12.8,3.12.7,2.10.0+cu128,0.25.0+cu128,2.2.6,2.3.3,12.1.1,1.8.0,6.0.3,adamw,0.0001,0.0001,32,24,not recorded in frozen config,research-lab/experiments/registered-workflow/runs/primary/run_0488,74d41e0fecd243a15a4bd999043f9baf3a1db750633ae27f017c925beb909169,21fdb59ed54110dadd9f5207a93a7eddc71fb973af8f87ca3aafea2fcd5a84dc
run_0489,original,organamnist,resnet18,split_03,52,A,submitted,completed,True,PASS,0,image,8825,0.9949967732360939,22,15,60,617.0,run entry through output export; wall-clock UTC difference,NVIDIA GeForce RTX 5070 Ti,12.8,3.12.7,2.10.0+cu128,0.25.0+cu128,2.2.6,2.3.3,12.1.1,1.8.0,6.0.3,adamw,0.0001,0.0001,32,24,not recorded in frozen config,research-lab/experiments/registered-workflow/runs/primary/run_0489,f4b98f7297815df10a5fa26901bb887271c1b42b21e25e970b45f7a2f1493ccd,338cd04cf4a01ae47d003799769f0a4424151f6596c0a9d29ca7e8cebdaf6504
run_0490,original,organamnist,resnet18,split_03,52,B,submitted,completed,True,PASS,0,image,8825,0.996061500773316,60,60,60,1246.0,run entry through output export; wall-clock UTC difference,NVIDIA GeForce RTX 5070 Ti,12.8,3.12.7,2.10.0+cu128,0.25.0+cu128,2.2.6,2.3.3,12.1.1,1.8.0,6.0.3,adamw,0.0001,0.0001,32,24,not recorded in frozen config,research-lab/experiments/registered-workflow/runs/primary/run_0490,6296f654b27e1154e5370ce429d84845428dd4eb5d11e302251fdcab446e9b1c,2ca113ed8dbf55e22e584b0934f7a9046c03dda7fb7dc5a44f08bc74ff9a8f69
run_0491,original,organamnist,resnet50,split_03,52,A,submitted,completed,True,PASS,0,image,8825,0.9949200281687055,30,23,60,1412.0,run entry through output export; wall-clock UTC difference,NVIDIA GeForce RTX 5070 Ti,12.8,3.12.7,2.10.0+cu128,0.25.0+cu128,2.2.6,2.3.3,12.1.1,1.8.0,6.0.3,adamw,0.0001,0.0001,32,24,not recorded in frozen config,research-lab/experiments/registered-workflow/runs/primary/run_0491,2517798a209d63045191524fa2ed73034457bc95511a4b466586b64ce6fcc6bc,6bae4110fdfe0d98081458aaaa153a591a3e1008d9beee05f05d41884cc94bdd
run_0492,original,organamnist,resnet50,split_03,52,B,submitted,completed,True,PASS,0,image,8825,0.9965598908935149,60,60,60,2565.0,run entry through output export; wall-clock UTC difference,NVIDIA GeForce RTX 5070 Ti,12.8,3.12.7,2.10.0+cu128,0.25.0+cu128,2.2.6,2.3.3,12.1.1,1.8.0,6.0.3,adamw,0.0001,0.0001,32,24,not recorded in frozen config,research-lab/experiments/registered-workflow/runs/primary/run_0492,17f119f2f759b2baba2d81c8de6b36e857f8f9580adc357f4498b40fff21752e,0528775d9383eb709fb3a88f457bb42790d273e4220b0195c70566f6de27b866
run_0493,original,organamnist,densenet121,split_03,52,A,submitted,completed,True,PASS,0,image,8825,0.989087672329541,30,23,60,1491.0,run entry through output export; wall-clock UTC difference,NVIDIA GeForce RTX 5070 Ti,12.8,3.12.7,2.10.0+cu128,0.25.0+cu128,2.2.6,2.3.3,12.1.1,1.8.0,6.0.3,adamw,0.0001,0.0001,32,24,not recorded in frozen config,research-lab/experiments/registered-workflow/runs/primary/run_0493,7729a948d86fc13237b3ca5d833d06261e0aa991cd5658c564cbfee69b8a2fdc,95d0ab9e8ac48bb96f5f4946bcecdcc4f57b427c7844f54bddd6c5425b0f6e64
run_0494,original,organamnist,densenet121,split_03,52,B,submitted,completed,True,PASS,0,image,8825,0.9911383099065477,60,60,60,2723.0,run entry through output export; wall-clock UTC difference,NVIDIA GeForce RTX 5070 Ti,12.8,3.12.7,2.10.0+cu128,0.25.0+cu128,2.2.6,2.3.3,12.1.1,1.8.0,6.0.3,adamw,0.0001,0.0001,32,24,not recorded in frozen config,research-lab/experiments/registered-workflow/runs/primary/run_0494,d25671c6218304041b1fe66e184de312589a0ec6f2ba74f3f2059c9136360b6d,6e4135d501a768b8f354dccae154ceeb39848180b9d215d2de0d4a720cff4981
run_0495,original,organamnist,efficientnet_b0,split_03,52,A,submitted,completed,True,PASS,0,image,8825,0.9653119085090824,60,57,60,1329.0,run entry through output export; wall-clock UTC difference,NVIDIA GeForce RTX 5070 Ti,12.8,3.12.7,2.10.0+cu128,0.25.0+cu128,2.2.6,2.3.3,12.1.1,1.8.0,6.0.3,adamw,0.0001,0.0001,32,24,not recorded in frozen config,research-lab/experiments/registered-workflow/runs/primary/run_0495,70f0d951aec42d090ad85d941dbfe3cc9e67ceed98d2f61fbaf6b42aa18cf30a,36dcdc1bfa03c9f2c7c1def60e515fed8befe03c221eeff5b77935cdebf69e7b
run_0496,original,organamnist,efficientnet_b0,split_03,52,B,submitted,completed,True,PASS,0,image,8825,0.96460535700765,60,60,60,1325.0,run entry through output export; wall-clock UTC difference,NVIDIA GeForce RTX 5070 Ti,12.8,3.12.7,2.10.0+cu128,0.25.0+cu128,2.2.6,2.3.3,12.1.1,1.8.0,6.0.3,adamw,0.0001,0.0001,32,24,not recorded in frozen config,research-lab/experiments/registered-workflow/runs/primary/run_0496,94273bd942646a801b6851896485e3310bab292faf736ba390ddb829a0403008,2a988f14f7ebca4baf5722aa766f11d70e40cdf797f91fcca63e943ba5364fc6
run_0497,original,organamnist,resnet18,split_03,62,A,submitted,completed,True,PASS,0,image,8825,0.9958479920899418,28,21,60,726.0,run entry through output export; wall-clock UTC difference,NVIDIA GeForce RTX 5070 Ti,12.8,3.12.7,2.10.0+cu128,0.25.0+cu128,2.2.6,2.3.3,12.1.1,1.8.0,6.0.3,adamw,0.0001,0.0001,32,24,not recorded in frozen config,research-lab/experiments/registered-workflow/runs/primary/run_0497,00c557a239263b1c32f0a7694b221102b7dc63a789e4ef6dec2b12670ab4688b,8a23ebadb1298e5dba1703dab09646df99f8e31208b64521649b6d291b106616
run_0498,original,organamnist,resnet18,split_03,62,B,submitted,completed,True,PASS,0,image,8825,0.9962881739895895,60,60,60,1253.0,run entry through output export; wall-clock UTC difference,NVIDIA GeForce RTX 5070 Ti,12.8,3.12.7,2.10.0+cu128,0.25.0+cu128,2.2.6,2.3.3,12.1.1,1.8.0,6.0.3,adamw,0.0001,0.0001,32,24,not recorded in frozen config,research-lab/experiments/registered-workflow/runs/primary/run_0498,dcf832e95a68aee34e2d06c5dd5bac3eb66c23c4182564ceec8e12fc00cc4be7,f450af5c04be6d090ebcc99b4cc91a7e2bc2d150e7632c31eb9b1ee2ebb59a85
run_0499,original,organamnist,resnet50,split_03,62,A,submitted,completed,True,PASS,0,image,8825,0.9937969644806226,19,12,60,991.0,run entry through output export; wall-clock UTC difference,NVIDIA GeForce RTX 5070 Ti,12.8,3.12.7,2.10.0+cu128,0.25.0+cu128,2.2.6,2.3.3,12.1.1,1.8.0,6.0.3,adamw,0.0001,0.0001,32,24,not recorded in frozen config,research-lab/experiments/registered-workflow/runs/primary/run_0499,eb975a54bac9cf9a7df621e649e471b6278b2583c489c171955dc768a071b471,16b69a6eabfada1bda77623c3e63214a39f1d287000845364e0789d3a8c6cea8
run_0500,original,organamnist,resnet50,split_03,62,B,submitted,completed,True,PASS,0,image,8825,0.9968779266603466,60,60,60,2589.0,run entry through output export; wall-clock UTC difference,NVIDIA GeForce RTX 5070 Ti,12.8,3.12.7,2.10.0+cu128,0.25.0+cu128,2.2.6,2.3.3,12.1.1,1.8.0,6.0.3,adamw,0.0001,0.0001,32,24,not recorded in frozen config,research-lab/experiments/registered-workflow/runs/primary/run_0500,0597a143d8518195636885b7abd215cb767fd60ebe457f0f5f06aa817f0de7ac,8b8ba44d496943e1d56636c3a5a359a618a1a2394c2dde1163cf01f7da5eeec0
run_0501,original,organamnist,densenet121,split_03,62,A,submitted,completed,True,PASS,0,image,8825,0.9872127171036368,29,22,60,1451.0,run entry through output export; wall-clock UTC difference,NVIDIA GeForce RTX 5070 Ti,12.8,3.12.7,2.10.0+cu128,0.25.0+cu128,2.2.6,2.3.3,12.1.1,1.8.0,6.0.3,adamw,0.0001,0.0001,32,24,not recorded in frozen config,research-lab/experiments/registered-workflow/runs/primary/run_0501,9eefab359581283eaa89931c5ba5b01f9c1ebd5d2299783e09ec8a73068da60e,72ccafe31267022a7c279ad976edea90759cad5696b371b2fab8d6e124bceeb9
run_0502,original,organamnist,densenet121,split_03,62,B,submitted,completed,True,PASS,0,image,8825,0.9890144018276917,60,60,60,2726.0,run entry through output export; wall-clock UTC difference,NVIDIA GeForce RTX 5070 Ti,12.8,3.12.7,2.10.0+cu128,0.25.0+cu128,2.2.6,2.3.3,12.1.1,1.8.0,6.0.3,adamw,0.0001,0.0001,32,24,not recorded in frozen config,research-lab/experiments/registered-workflow/runs/primary/run_0502,e7f350d94430785a1711bfb66b32411962099ed0a312be09dca5602612968cf9,159fc5ccea3bb5f01d18008a9853b2e701ea889c3e2ad3e2df019fe6280f21fa
run_0503,original,organamnist,efficientnet_b0,split_03,62,A,submitted,completed,True,PASS,0,image,8825,0.9639771548347613,60,59,60,1330.0,run entry through output export; wall-clock UTC difference,NVIDIA GeForce RTX 5070 Ti,12.8,3.12.7,2.10.0+cu128,0.25.0+cu128,2.2.6,2.3.3,12.1.1,1.8.0,6.0.3,adamw,0.0001,0.0001,32,24,not recorded in frozen config,research-lab/experiments/registered-workflow/runs/primary/run_0503,08c092770670bdb03007276395fc9b668236d264bd47457d432e46e81a141d72,8df67443e523cdb905e5022bcd2b5d5ff51c3f31a6395267a598cb9be683bd5b
run_0504,original,organamnist,efficientnet_b0,split_03,62,B,submitted,completed,True,PASS,0,image,8825,0.9666929542734636,60,60,60,1325.0,run entry through output export; wall-clock UTC difference,NVIDIA GeForce RTX 5070 Ti,12.8,3.12.7,2.10.0+cu128,0.25.0+cu128,2.2.6,2.3.3,12.1.1,1.8.0,6.0.3,adamw,0.0001,0.0001,32,24,not recorded in frozen config,research-lab/experiments/registered-workflow/runs/primary/run_0504,b8e54b0db8d7112ca9541a5df31daf4f1b6d8c4fe8b70cd93ebecfd3f41f210d,bcd52fa56a43eccafa64f465bce289a1c43fb9d8cab85b66567959f867e264a8
run_0505,original,organamnist,resnet18,split_03,72,A,submitted,completed,True,PASS,0,image,8825,0.994604211455044,23,16,60,635.0,run entry through output export; wall-clock UTC difference,NVIDIA GeForce RTX 5070 Ti,12.8,3.12.7,2.10.0+cu128,0.25.0+cu128,2.2.6,2.3.3,12.1.1,1.8.0,6.0.3,adamw,0.0001,0.0001,32,24,not recorded in frozen config,research-lab/experiments/registered-workflow/runs/primary/run_0505,990faa97035104a66aad04f509f6dff0891f7c6ada36162224ff1d9e2f47b749,5c40b76273a943d7fba6fe4754836d8726d1f23d6c2bb03a822443980611c3ee
run_0506,original,organamnist,resnet18,split_03,72,B,submitted,completed,True,PASS,0,image,8825,0.9959920620784477,60,60,60,1251.0,run entry through output export; wall-clock UTC difference,NVIDIA GeForce RTX 5070 Ti,12.8,3.12.7,2.10.0+cu128,0.25.0+cu128,2.2.6,2.3.3,12.1.1,1.8.0,6.0.3,adamw,0.0001,0.0001,32,24,not recorded in frozen config,research-lab/experiments/registered-workflow/runs/primary/run_0506,e9afdfdb6adf85ed19e8bd21b888e6adc220cba842760a7ae6fdc8b9d2482110,81d82315ac732796d4786743eb6a54e037891cd8f415649a708eef91b9816b9d
run_0507,original,organamnist,resnet50,split_03,72,A,submitted,completed,True,PASS,0,image,8825,0.9924540877357775,16,9,60,873.0,run entry through output export; wall-clock UTC difference,NVIDIA GeForce RTX 5070 Ti,12.8,3.12.7,2.10.0+cu128,0.25.0+cu128,2.2.6,2.3.3,12.1.1,1.8.0,6.0.3,adamw,0.0001,0.0001,32,24,not recorded in frozen config,research-lab/experiments/registered-workflow/runs/primary/run_0507,9d1da7bed354e705dfd6e4ef4ef756facd37f3a44055e88a54da81c669572a45,7861bb483865d00713ed8a1edfe3b8c65e46591b7e6fb23b281dc3f091bac85f
run_0508,original,organamnist,resnet50,split_03,72,B,submitted,completed,True,PASS,0,image,8825,0.9953690006793152,60,60,60,2568.0,run entry through output export; wall-clock UTC difference,NVIDIA GeForce RTX 5070 Ti,12.8,3.12.7,2.10.0+cu128,0.25.0+cu128,2.2.6,2.3.3,12.1.1,1.8.0,6.0.3,adamw,0.0001,0.0001,32,24,not recorded in frozen config,research-lab/experiments/registered-workflow/runs/primary/run_0508,1bc8d4e9d7d054e89b7b22ac0d0603b4e975c34b19d0ce413e306da167e64609,a36f5f2e48e271e8393c3afa1f73ec588b3dcb23979d1d555cbf7b457eac252c
run_0509,original,organamnist,densenet121,split_03,72,A,submitted,completed,True,PASS,0,image,8825,0.9905508676841227,36,29,60,1739.0,run entry through output export; wall-clock UTC difference,NVIDIA GeForce RTX 5070 Ti,12.8,3.12.7,2.10.0+cu128,0.25.0+cu128,2.2.6,2.3.3,12.1.1,1.8.0,6.0.3,adamw,0.0001,0.0001,32,24,not recorded in frozen config,research-lab/experiments/registered-workflow/runs/primary/run_0509,0fd2aceef8ccdaca39f6ed93f74b45d942f5f312c1799c993ea2ac627131f7eb,c4c2238324c09ae070c57469c032d1cddcba1436d7347af1f9e688708eba2c23
run_0510,original,organamnist,densenet121,split_03,72,B,submitted,completed,True,PASS,0,image,8825,0.9906624287459209,60,60,60,2723.0,run entry through output export; wall-clock UTC difference,NVIDIA GeForce RTX 5070 Ti,12.8,3.12.7,2.10.0+cu128,0.25.0+cu128,2.2.6,2.3.3,12.1.1,1.8.0,6.0.3,adamw,0.0001,0.0001,32,24,not recorded in frozen config,research-lab/experiments/registered-workflow/runs/primary/run_0510,490f8d2a4118ef6b8ab2d69e2f499257071566fa0b80c012a8357e741e6f0854,c0a77cea25c3159ddf32837ef43487a69144bb96d8ae73571fef28ab7a6e81c8
run_0511,original,organamnist,efficientnet_b0,split_03,72,A,submitted,completed,True,PASS,0,image,8825,0.963994491726178,60,58,60,1326.0,run entry through output export; wall-clock UTC difference,NVIDIA GeForce RTX 5070 Ti,12.8,3.12.7,2.10.0+cu128,0.25.0+cu128,2.2.6,2.3.3,12.1.1,1.8.0,6.0.3,adamw,0.0001,0.0001,32,24,not recorded in frozen config,research-lab/experiments/registered-workflow/runs/primary/run_0511,0880d67f1161ba9062571533d886e3e6907dd794ce8593c3954ec4f15c34545e,a397fe88d799c8f1f34397b3f8c5d6ad7d010880db1bb3dc690407677a959ec6
run_0512,original,organamnist,efficientnet_b0,split_03,72,B,submitted,completed,True,PASS,0,image,8825,0.9663151532537279,60,60,60,1326.0,run entry through output export; wall-clock UTC difference,NVIDIA GeForce RTX 5070 Ti,12.8,3.12.7,2.10.0+cu128,0.25.0+cu128,2.2.6,2.3.3,12.1.1,1.8.0,6.0.3,adamw,0.0001,0.0001,32,24,not recorded in frozen config,research-lab/experiments/registered-workflow/runs/primary/run_0512,4b1eb4529e4234c2f9ad24c3c19c05eff1334df0f37bf2b1f8d72705808da6a3,313c76bcf09ae1a3e62568fb5b6f4b3988e1759290ade27f8bed6ec557953967
run_0513,original,organamnist,resnet18,split_03,82,A,submitted,completed,True,PASS,0,image,8825,0.9959317002099998,28,21,60,717.0,run entry through output export; wall-clock UTC difference,NVIDIA GeForce RTX 5070 Ti,12.8,3.12.7,2.10.0+cu128,0.25.0+cu128,2.2.6,2.3.3,12.1.1,1.8.0,6.0.3,adamw,0.0001,0.0001,32,24,not recorded in frozen config,research-lab/experiments/registered-workflow/runs/primary/run_0513,219cb5eab2420497d5a156492e096386ecc615897ea46f105fc2b06c017c4682,351f489225821bb2b67f2cb1971cf304a61c92040f402e1a95ab500668889563
run_0514,original,organamnist,resnet18,split_03,82,B,submitted,completed,True,PASS,0,image,8825,0.9971609297381019,60,60,60,1248.0,run entry through output export; wall-clock UTC difference,NVIDIA GeForce RTX 5070 Ti,12.8,3.12.7,2.10.0+cu128,0.25.0+cu128,2.2.6,2.3.3,12.1.1,1.8.0,6.0.3,adamw,0.0001,0.0001,32,24,not recorded in frozen config,research-lab/experiments/registered-workflow/runs/primary/run_0514,bb6196e7cb07132b082c1ab02201294ffe9004913e64b219d7fd5493a3990306,11eeba072250d82e550cbbf853ab5ffbce752ffb2f459e6d9631eda70277febf
run_0515,original,organamnist,resnet50,split_03,82,A,submitted,completed,True,PASS,0,image,8825,0.9939808535842196,21,14,60,1066.0,run entry through output export; wall-clock UTC difference,NVIDIA GeForce RTX 5070 Ti,12.8,3.12.7,2.10.0+cu128,0.25.0+cu128,2.2.6,2.3.3,12.1.1,1.8.0,6.0.3,adamw,0.0001,0.0001,32,24,not recorded in frozen config,research-lab/experiments/registered-workflow/runs/primary/run_0515,e518e913f16c22cb3cdf6e8cb1e18fc3a87d8108ac9d4a90e02e8d15877b4f9f,3f6a42dfd57ef629733bf030d20bdc1fc834d11b52af03666fca83bce7353d64
run_0516,original,organamnist,resnet50,split_03,82,B,submitted,completed,True,PASS,0,image,8825,0.9973665865880398,60,60,60,2568.0,run entry through output export; wall-clock UTC difference,NVIDIA GeForce RTX 5070 Ti,12.8,3.12.7,2.10.0+cu128,0.25.0+cu128,2.2.6,2.3.3,12.1.1,1.8.0,6.0.3,adamw,0.0001,0.0001,32,24,not recorded in frozen config,research-lab/experiments/registered-workflow/runs/primary/run_0516,998f43c3a18baf7d93551d3b5a316a4c4e29c59473980bcc423adc2ab981d338,d4ca74b3d464c9320a0f3503ed90c32eeb6d6830df7b79f63e5b6b7e638094a4
run_0517,original,organamnist,densenet121,split_03,82,A,submitted,completed,True,PASS,0,image,8825,0.99190513358447,49,42,60,2273.0,run entry through output export; wall-clock UTC difference,NVIDIA GeForce RTX 5070 Ti,12.8,3.12.7,2.10.0+cu128,0.25.0+cu128,2.2.6,2.3.3,12.1.1,1.8.0,6.0.3,adamw,0.0001,0.0001,32,24,not recorded in frozen config,research-lab/experiments/registered-workflow/runs/primary/run_0517,952d940d97ec69979f4684d2f9f20bdb475f04355b0c784b8afcb34ed617ea36,742261c96f05c5cb892fc066051dec308618785265240891060b223ca85fe199
run_0518,original,organamnist,densenet121,split_03,82,B,submitted,completed,True,PASS,0,image,8825,0.9916075345212153,60,60,60,2724.0,run entry through output export; wall-clock UTC difference,NVIDIA GeForce RTX 5070 Ti,12.8,3.12.7,2.10.0+cu128,0.25.0+cu128,2.2.6,2.3.3,12.1.1,1.8.0,6.0.3,adamw,0.0001,0.0001,32,24,not recorded in frozen config,research-lab/experiments/registered-workflow/runs/primary/run_0518,2f7183a072b89504a49201201af1627c7697dd404f853ff97230182437b68596,18bf0de998f41e76aa1ea906e0c50cb3290a8e48d9b1d49dffef6ed172b0a072
run_0519,original,organamnist,efficientnet_b0,split_03,82,A,submitted,completed,True,PASS,0,image,8825,0.9621607820475354,60,56,60,1326.0,run entry through output export; wall-clock UTC difference,NVIDIA GeForce RTX 5070 Ti,12.8,3.12.7,2.10.0+cu128,0.25.0+cu128,2.2.6,2.3.3,12.1.1,1.8.0,6.0.3,adamw,0.0001,0.0001,32,24,not recorded in frozen config,research-lab/experiments/registered-workflow/runs/primary/run_0519,5f69fc4809b9de9ffcba897b41a2bad68392f8bec47a5267fff9c7b4aa56c3f5,488b2bbcac82558fa3d11a2a262881a5675300537bc627b01aa0153b8ee3b558
run_0520,original,organamnist,efficientnet_b0,split_03,82,B,submitted,completed,True,PASS,0,image,8825,0.9631703668369318,60,60,60,1327.0,run entry through output export; wall-clock UTC difference,NVIDIA GeForce RTX 5070 Ti,12.8,3.12.7,2.10.0+cu128,0.25.0+cu128,2.2.6,2.3.3,12.1.1,1.8.0,6.0.3,adamw,0.0001,0.0001,32,24,not recorded in frozen config,research-lab/experiments/registered-workflow/runs/primary/run_0520,f49aed88f39d3edd351239705a0195aad01de7776319fa26b20499b7675204a2,d5b36cc3b718f1c8c97144cb770b21d2d29b2662aaf42205e93577e2c0c4803a
run_0521,original,organamnist,resnet18,split_04,42,A,submitted,completed,True,PASS,0,image,8825,0.9933000526599263,19,12,60,566.0,run entry through output export; wall-clock UTC difference,NVIDIA GeForce RTX 5070 Ti,12.8,3.12.7,2.10.0+cu128,0.25.0+cu128,2.2.6,2.3.3,12.1.1,1.8.0,6.0.3,adamw,0.0001,0.0001,32,24,not recorded in frozen config,research-lab/experiments/registered-workflow/runs/primary/run_0521,732518288328b953c68e48af07e0292b3ee52c6422da626f72d34eb058be1630,2c69899d9950c2a0c572c126c7b70050adb1d88d9f0a2f7805a2a6295c037cd7
run_0522,original,organamnist,resnet18,split_04,42,B,submitted,completed,True,PASS,0,image,8825,0.9947330489534206,60,60,60,1245.0,run entry through output export; wall-clock UTC difference,NVIDIA GeForce RTX 5070 Ti,12.8,3.12.7,2.10.0+cu128,0.25.0+cu128,2.2.6,2.3.3,12.1.1,1.8.0,6.0.3,adamw,0.0001,0.0001,32,24,not recorded in frozen config,research-lab/experiments/registered-workflow/runs/primary/run_0522,be94d6825d52e3331296e45004f2b55a899b291184b76acfc29558e92ebba58c,6b9f6ebc3723b5beb0118b7d229a89efa27d3854245f78806e3840b2c9c9754c
run_0523,original,organamnist,resnet50,split_04,42,A,submitted,completed,True,PASS,0,image,8825,0.9943718045764924,19,12,60,988.0,run entry through output export; wall-clock UTC difference,NVIDIA GeForce RTX 5070 Ti,12.8,3.12.7,2.10.0+cu128,0.25.0+cu128,2.2.6,2.3.3,12.1.1,1.8.0,6.0.3,adamw,0.0001,0.0001,32,24,not recorded in frozen config,research-lab/experiments/registered-workflow/runs/primary/run_0523,5ae5de4deb80b3d23f5509fdaebdbfad565d026a77b8f1276bc5c3bde5447b43,e00938fc2c31c53b6dbb04cf5ce69787faf682f0c6b2dfacfd58a3b5fb3f4610
run_0524,original,organamnist,resnet50,split_04,42,B,submitted,completed,True,PASS,0,image,8825,0.995700429914152,60,60,60,2572.0,run entry through output export; wall-clock UTC difference,NVIDIA GeForce RTX 5070 Ti,12.8,3.12.7,2.10.0+cu128,0.25.0+cu128,2.2.6,2.3.3,12.1.1,1.8.0,6.0.3,adamw,0.0001,0.0001,32,24,not recorded in frozen config,research-lab/experiments/registered-workflow/runs/primary/run_0524,a72d78e8e96700f9f5d00985c101898f1e2ce9662196bee29a9f39b342926180,80b1d1feef34a763e1398c581e69fe0e7a0aad5733303093083d810bd39a7177
run_0525,original,organamnist,densenet121,split_04,42,A,submitted,completed,True,PASS,0,image,8825,0.990270536374129,32,25,60,1571.0,run entry through output export; wall-clock UTC difference,NVIDIA GeForce RTX 5070 Ti,12.8,3.12.7,2.10.0+cu128,0.25.0+cu128,2.2.6,2.3.3,12.1.1,1.8.0,6.0.3,adamw,0.0001,0.0001,32,24,not recorded in frozen config,research-lab/experiments/registered-workflow/runs/primary/run_0525,54e7ca6b48c53cc2719dbc059461844250e0feadf9429f10c5b23e6de94d3511,eccc5b789a3eec10ed2993e80cf2eb1156ab3ac6054d872692d9b03b81d8d285
run_0526,original,organamnist,densenet121,split_04,42,B,submitted,completed,True,PASS,0,image,8825,0.992093556260834,60,60,60,2724.0,run entry through output export; wall-clock UTC difference,NVIDIA GeForce RTX 5070 Ti,12.8,3.12.7,2.10.0+cu128,0.25.0+cu128,2.2.6,2.3.3,12.1.1,1.8.0,6.0.3,adamw,0.0001,0.0001,32,24,not recorded in frozen config,research-lab/experiments/registered-workflow/runs/primary/run_0526,89a545a9076826b0280e4671c5877908c122c58686588a6127e108db01a3c595,5c081b1ab8472bdbfb6e3f875ad8e33e258995036654619d38bdc7633cf4a764
run_0527,original,organamnist,efficientnet_b0,split_04,42,A,submitted,completed,True,PASS,0,image,8825,0.9660039238094843,60,59,60,1485.0,run entry through output export; wall-clock UTC difference,NVIDIA GeForce RTX 5070 Ti,12.8,3.12.7,2.10.0+cu128,0.25.0+cu128,2.2.6,2.3.3,12.1.1,1.8.0,6.0.3,adamw,0.0001,0.0001,32,24,not recorded in frozen config,research-lab/experiments/registered-workflow/runs/primary/run_0527,3488d48c18c3194081e7806f505690de8c4c252ba1c303a8c56e202d263518ff,d6eda596c99e6e7a95382211cf83c27fe0705d19b7417fdedb855cfb83b0c989
run_0528,original,organamnist,efficientnet_b0,split_04,42,B,submitted,completed,True,PASS,0,image,8825,0.9619119998970923,60,60,60,1488.0,run entry through output export; wall-clock UTC difference,NVIDIA GeForce RTX 5070 Ti,12.8,3.12.7,2.10.0+cu128,0.25.0+cu128,2.2.6,2.3.3,12.1.1,1.8.0,6.0.3,adamw,0.0001,0.0001,32,24,not recorded in frozen config,research-lab/experiments/registered-workflow/runs/primary/run_0528,7cacb1ab3c634df85322140ffb81dde28d21aa500d9b3e0f8dd8b5b44913bd5a,52c6d96ee41808545bbf0926ba304eaee4b5d8811010b4e8311f03f0256aae65
run_0529,original,organamnist,resnet18,split_04,52,A,submitted,completed,True,PASS,0,image,8825,0.9944497638171979,24,17,60,665.0,run entry through output export; wall-clock UTC difference,NVIDIA GeForce RTX 5070 Ti,12.8,3.12.7,2.10.0+cu128,0.25.0+cu128,2.2.6,2.3.3,12.1.1,1.8.0,6.0.3,adamw,0.0001,0.0001,32,24,not recorded in frozen config,research-lab/experiments/registered-workflow/runs/primary/run_0529,910742b0fad70c55f7a1f2505ab9978c3f9c2e9fe30ffdedc897125761b9a5c2,7b07a9268befa1c3cfa3f96160ba45c2a0cdbb33e266dccf83ec3aa958a18b4d
run_0530,original,organamnist,resnet18,split_04,52,B,submitted,completed,True,PASS,0,image,8825,0.9963764720546906,60,60,60,1297.0,run entry through output export; wall-clock UTC difference,NVIDIA GeForce RTX 5070 Ti,12.8,3.12.7,2.10.0+cu128,0.25.0+cu128,2.2.6,2.3.3,12.1.1,1.8.0,6.0.3,adamw,0.0001,0.0001,32,24,not recorded in frozen config,research-lab/experiments/registered-workflow/runs/primary/run_0530,65c2d7f79b0fc1c450566bd179eb6d8d7a8a0ee65217529f623a04f5128926de,f8cec850874c19e08ac650f247005e4d93b9bc9b3a128e8883bee73582d8cbeb
run_0531,original,organamnist,resnet50,split_04,52,A,submitted,completed,True,PASS,0,image,8825,0.9940040310531116,27,20,60,1292.0,run entry through output export; wall-clock UTC difference,NVIDIA GeForce RTX 5070 Ti,12.8,3.12.7,2.10.0+cu128,0.25.0+cu128,2.2.6,2.3.3,12.1.1,1.8.0,6.0.3,adamw,0.0001,0.0001,32,24,not recorded in frozen config,research-lab/experiments/registered-workflow/runs/primary/run_0531,800d86455846d817b0bec668bab638d0daa2cb9cd901d597b366426f8489f72b,33b4be05e7c4f65fa24e6dfd74ade4076e8d1cabcf069a42b10dfccb7516db7e
run_0532,original,organamnist,resnet50,split_04,52,B,submitted,completed,True,PASS,0,image,8825,0.9961840138235846,60,60,60,2563.0,run entry through output export; wall-clock UTC difference,NVIDIA GeForce RTX 5070 Ti,12.8,3.12.7,2.10.0+cu128,0.25.0+cu128,2.2.6,2.3.3,12.1.1,1.8.0,6.0.3,adamw,0.0001,0.0001,32,24,not recorded in frozen config,research-lab/experiments/registered-workflow/runs/primary/run_0532,65b2a6f8a756daa60d07646c4844f9162e090494378a268c0ed526f57f078dd3,edc5b97c1a49e0faaffbcd2a83589df7e04305f2c0d81f72194ac0c41ae3ee7e
run_0533,original,organamnist,densenet121,split_04,52,A,submitted,completed,True,PASS,0,image,8825,0.9884359699778101,30,23,60,1487.0,run entry through output export; wall-clock UTC difference,NVIDIA GeForce RTX 5070 Ti,12.8,3.12.7,2.10.0+cu128,0.25.0+cu128,2.2.6,2.3.3,12.1.1,1.8.0,6.0.3,adamw,0.0001,0.0001,32,24,not recorded in frozen config,research-lab/experiments/registered-workflow/runs/primary/run_0533,c2313629b6da178b50967d9659d56f6a31689f9c3ca5524ca068ad8f98f5eb8f,e771d35302757cc914696f2b6c81ed0e0ebbe94d8db13e3eab4c3152c532c964
run_0534,original,organamnist,densenet121,split_04,52,B,submitted,completed,True,PASS,0,image,8825,0.9903730369714193,60,60,60,2725.0,run entry through output export; wall-clock UTC difference,NVIDIA GeForce RTX 5070 Ti,12.8,3.12.7,2.10.0+cu128,0.25.0+cu128,2.2.6,2.3.3,12.1.1,1.8.0,6.0.3,adamw,0.0001,0.0001,32,24,not recorded in frozen config,research-lab/experiments/registered-workflow/runs/primary/run_0534,f1f9ce6f74af76cac093f1369bd0a76af482e4d29e4a82ce14116c92b805f857,571e6d93c8032bfebd2fba2f002872e15e41073d0a3db192a249651a3d99e8b3
run_0535,original,organamnist,efficientnet_b0,split_04,52,A,submitted,completed,True,PASS,0,image,8825,0.9552584891447018,39,32,60,1051.0,run entry through output export; wall-clock UTC difference,NVIDIA GeForce RTX 5070 Ti,12.8,3.12.7,2.10.0+cu128,0.25.0+cu128,2.2.6,2.3.3,12.1.1,1.8.0,6.0.3,adamw,0.0001,0.0001,32,24,not recorded in frozen config,research-lab/experiments/registered-workflow/runs/primary/run_0535,18952ad669947f84ad7cfbca7ffe43bfbd2397edfcc2df76882dff14e0033cb7,a188965669eb0d26d30e57b433ddae57f7688dfb600829edd603a6eff0408fb2
run_0536,original,organamnist,efficientnet_b0,split_04,52,B,submitted,completed,True,PASS,0,image,8825,0.9570260721621758,60,60,60,1481.0,run entry through output export; wall-clock UTC difference,NVIDIA GeForce RTX 5070 Ti,12.8,3.12.7,2.10.0+cu128,0.25.0+cu128,2.2.6,2.3.3,12.1.1,1.8.0,6.0.3,adamw,0.0001,0.0001,32,24,not recorded in frozen config,research-lab/experiments/registered-workflow/runs/primary/run_0536,b2aa453a4bf11f502e64c09a9ad90bd635fccdf314929ea37877e3360e93f1b4,e1bdb61c53e7942a0e57fec7456b20f4f787230f105ea435576794ce08cc0dac
run_0537,original,organamnist,resnet18,split_04,62,A,submitted,completed,True,PASS,0,image,8825,0.9945303697026477,31,24,60,788.0,run entry through output export; wall-clock UTC difference,NVIDIA GeForce RTX 5070 Ti,12.8,3.12.7,2.10.0+cu128,0.25.0+cu128,2.2.6,2.3.3,12.1.1,1.8.0,6.0.3,adamw,0.0001,0.0001,32,24,not recorded in frozen config,research-lab/experiments/registered-workflow/runs/primary/run_0537,eced36e0be5120503e8c2c81f8f7e651ce2b4e7a657f079dcdae4b1f4ce12160,e958ce0c21b580621b751291be789d1c3c8cd051b987139b8f347b8b75f60028
run_0538,original,organamnist,resnet18,split_04,62,B,submitted,completed,True,PASS,0,image,8825,0.9945635354716327,60,60,60,1296.0,run entry through output export; wall-clock UTC difference,NVIDIA GeForce RTX 5070 Ti,12.8,3.12.7,2.10.0+cu128,0.25.0+cu128,2.2.6,2.3.3,12.1.1,1.8.0,6.0.3,adamw,0.0001,0.0001,32,24,not recorded in frozen config,research-lab/experiments/registered-workflow/runs/primary/run_0538,31807570a95304f3b0415919c2c2fb1a0697455985c0976644e87c8a8c1d8ece,c49e9a5f96c420331953417801e9c840a895dc3917f9ca6297fe358b8ebe913c
run_0539,original,organamnist,resnet50,split_04,62,A,submitted,completed,True,PASS,0,image,8825,0.9931042636642549,23,16,60,1138.0,run entry through output export; wall-clock UTC difference,NVIDIA GeForce RTX 5070 Ti,12.8,3.12.7,2.10.0+cu128,0.25.0+cu128,2.2.6,2.3.3,12.1.1,1.8.0,6.0.3,adamw,0.0001,0.0001,32,24,not recorded in frozen config,research-lab/experiments/registered-workflow/runs/primary/run_0539,c3dc35f1d583aaa39225f4a2b88ef7013074c7da0363a82492b93f56602b4024,04ca2fe0239892f14473c82ec7308f4ddc323464a67d46b937f69cd02615a00a
run_0540,original,organamnist,resnet50,split_04,62,B,submitted,completed,True,PASS,0,image,8825,0.9955479161072699,60,60,60,2567.0,run entry through output export; wall-clock UTC difference,NVIDIA GeForce RTX 5070 Ti,12.8,3.12.7,2.10.0+cu128,0.25.0+cu128,2.2.6,2.3.3,12.1.1,1.8.0,6.0.3,adamw,0.0001,0.0001,32,24,not recorded in frozen config,research-lab/experiments/registered-workflow/runs/primary/run_0540,97d25bca6ea5e5979cfc6a30d91dc74542bb1721afe1d1176eab8b2ca99dfc8d,3db597bfca74d59376a17ce3e5b8a00b910f42024f067066daa15710c94be896
run_0541,original,organamnist,densenet121,split_04,62,A,submitted,completed,True,PASS,0,image,8825,0.9909233379978736,38,31,60,1819.0,run entry through output export; wall-clock UTC difference,NVIDIA GeForce RTX 5070 Ti,12.8,3.12.7,2.10.0+cu128,0.25.0+cu128,2.2.6,2.3.3,12.1.1,1.8.0,6.0.3,adamw,0.0001,0.0001,32,24,not recorded in frozen config,research-lab/experiments/registered-workflow/runs/primary/run_0541,57d9b37289e2d09c124a16da2a2a9f6feb1dd73f408f8a29ea2e4c9805f06f4c,1d3ff5bfad9065e31f7d11e403b681a6c1f278de91ba13bda51f9997a314991c
run_0542,original,organamnist,densenet121,split_04,62,B,submitted,completed,True,PASS,0,image,8825,0.9943504171980746,60,60,60,2727.0,run entry through output export; wall-clock UTC difference,NVIDIA GeForce RTX 5070 Ti,12.8,3.12.7,2.10.0+cu128,0.25.0+cu128,2.2.6,2.3.3,12.1.1,1.8.0,6.0.3,adamw,0.0001,0.0001,32,24,not recorded in frozen config,research-lab/experiments/registered-workflow/runs/primary/run_0542,a8ce4c1851f44c1825484e6402f330fc0563e3792a502308e2bbef1bee9bfacd,9e8a7a826d8ec9d7ef8e29206455b027868371aad2c39dfc1a22d98c7b0e0ce3
run_0543,original,organamnist,efficientnet_b0,split_04,62,A,submitted,completed,True,PASS,0,image,8825,0.9645164922422732,60,60,60,1489.0,run entry through output export; wall-clock UTC difference,NVIDIA GeForce RTX 5070 Ti,12.8,3.12.7,2.10.0+cu128,0.25.0+cu128,2.2.6,2.3.3,12.1.1,1.8.0,6.0.3,adamw,0.0001,0.0001,32,24,not recorded in frozen config,research-lab/experiments/registered-workflow/runs/primary/run_0543,cc5a37bd595e8874a3b785b7978a03b7c5d88c0aa1d6787e81aa11c08a19bca0,677e65df1e8e7e4de0e1df5e90e13e2f7aeceedfab3c03736d927e383198c37b
run_0544,original,organamnist,efficientnet_b0,split_04,62,B,submitted,completed,True,PASS,0,image,8825,0.9645164922422732,60,60,60,1485.0,run entry through output export; wall-clock UTC difference,NVIDIA GeForce RTX 5070 Ti,12.8,3.12.7,2.10.0+cu128,0.25.0+cu128,2.2.6,2.3.3,12.1.1,1.8.0,6.0.3,adamw,0.0001,0.0001,32,24,not recorded in frozen config,research-lab/experiments/registered-workflow/runs/primary/run_0544,39b59b4a5b82b478c45d361bab02555016d36c6c41c9359d5398c4ac1a8b13a5,ea5420007265ffd7dd643401ec3626948ebbd1201d6015b71bef30af905688b9
run_0545,original,organamnist,resnet18,split_04,72,A,submitted,completed,True,PASS,0,image,8825,0.9944219863659692,19,12,60,581.0,run entry through output export; wall-clock UTC difference,NVIDIA GeForce RTX 5070 Ti,12.8,3.12.7,2.10.0+cu128,0.25.0+cu128,2.2.6,2.3.3,12.1.1,1.8.0,6.0.3,adamw,0.0001,0.0001,32,24,not recorded in frozen config,research-lab/experiments/registered-workflow/runs/primary/run_0545,a29b09660b15cbcd665bf699d27d7d30c37a4132141bfe894c6d5de7bb8f15cf,5d2e10e9e3c83accedd3bf73b6e7313bc3daf5757080481b8de06a9f7fd93e1c
run_0546,original,organamnist,resnet18,split_04,72,B,submitted,completed,True,PASS,0,image,8825,0.9963531890061254,60,60,60,1295.0,run entry through output export; wall-clock UTC difference,NVIDIA GeForce RTX 5070 Ti,12.8,3.12.7,2.10.0+cu128,0.25.0+cu128,2.2.6,2.3.3,12.1.1,1.8.0,6.0.3,adamw,0.0001,0.0001,32,24,not recorded in frozen config,research-lab/experiments/registered-workflow/runs/primary/run_0546,e7dc76cf517d495b34b91ee90d508a2d460520497152bc11d1f4f6f137baf7cc,d1f978e478ef4f80a52c129ff2fe7b44e525140c84dd3d61d891432824536885
run_0547,original,organamnist,resnet50,split_04,72,A,submitted,completed,True,PASS,0,image,8825,0.9944693479577963,22,15,60,1100.0,run entry through output export; wall-clock UTC difference,NVIDIA GeForce RTX 5070 Ti,12.8,3.12.7,2.10.0+cu128,0.25.0+cu128,2.2.6,2.3.3,12.1.1,1.8.0,6.0.3,adamw,0.0001,0.0001,32,24,not recorded in frozen config,research-lab/experiments/registered-workflow/runs/primary/run_0547,4edfa8b9e3d544235b13831b6a7e140ed36e3125f278e72ea470df1864b5366d,1ef7a0661c9b7f280cf3c68acb2e5d5b4498d869de6e613f7fd61cdd7a8f07fc
run_0548,original,organamnist,resnet50,split_04,72,B,submitted,completed,True,PASS,0,image,8825,0.9973035243589482,60,60,60,2565.0,run entry through output export; wall-clock UTC difference,NVIDIA GeForce RTX 5070 Ti,12.8,3.12.7,2.10.0+cu128,0.25.0+cu128,2.2.6,2.3.3,12.1.1,1.8.0,6.0.3,adamw,0.0001,0.0001,32,24,not recorded in frozen config,research-lab/experiments/registered-workflow/runs/primary/run_0548,c26c72acc437dfc57976b4a036f834742b6ab629bc82ae1ae422d311fac2282c,b9b34c38b7e2404c2681ba68589b71986091d32a97f79a06b7889b7953d99f6b
run_0549,original,organamnist,densenet121,split_04,72,A,submitted,completed,True,PASS,0,image,8825,0.9900546934522698,30,23,60,1491.0,run entry through output export; wall-clock UTC difference,NVIDIA GeForce RTX 5070 Ti,12.8,3.12.7,2.10.0+cu128,0.25.0+cu128,2.2.6,2.3.3,12.1.1,1.8.0,6.0.3,adamw,0.0001,0.0001,32,24,not recorded in frozen config,research-lab/experiments/registered-workflow/runs/primary/run_0549,67a78aa0e9c44e42af10615d0bd16facfed2a1d273870004f60926aea78f5f54,0c5547a74ce9072285f31e44c4c8cef79a1ebab40737e64759fc6c7211b2da6e
run_0550,original,organamnist,densenet121,split_04,72,B,submitted,completed,True,PASS,0,image,8825,0.9922924597478822,60,60,60,2731.0,run entry through output export; wall-clock UTC difference,NVIDIA GeForce RTX 5070 Ti,12.8,3.12.7,2.10.0+cu128,0.25.0+cu128,2.2.6,2.3.3,12.1.1,1.8.0,6.0.3,adamw,0.0001,0.0001,32,24,not recorded in frozen config,research-lab/experiments/registered-workflow/runs/primary/run_0550,73e0f5fb4118e1a7248e5806e62d0e900a3ee317237ab40541a25acda88ce2ad,04067dfe7671043a73b580f0644a159c3abcfdd4cb510725929a4380ac9f763d
run_0551,original,organamnist,efficientnet_b0,split_04,72,A,submitted,completed,True,PASS,0,image,8825,0.9626557432609301,59,52,60,1469.0,run entry through output export; wall-clock UTC difference,NVIDIA GeForce RTX 5070 Ti,12.8,3.12.7,2.10.0+cu128,0.25.0+cu128,2.2.6,2.3.3,12.1.1,1.8.0,6.0.3,adamw,0.0001,0.0001,32,24,not recorded in frozen config,research-lab/experiments/registered-workflow/runs/primary/run_0551,c83c8e334c4dc108762a8fd7e7cadd5c84780c67458c9a73e6ad199f46fdc75f,f3ad601fc121cad26d4abc4df882a69de0ea71a436c5af8a695b59d60e816660
run_0552,original,organamnist,efficientnet_b0,split_04,72,B,submitted,completed,True,PASS,0,image,8825,0.961705804197085,60,60,60,1487.0,run entry through output export; wall-clock UTC difference,NVIDIA GeForce RTX 5070 Ti,12.8,3.12.7,2.10.0+cu128,0.25.0+cu128,2.2.6,2.3.3,12.1.1,1.8.0,6.0.3,adamw,0.0001,0.0001,32,24,not recorded in frozen config,research-lab/experiments/registered-workflow/runs/primary/run_0552,2f2d9b7f2aa0d4495c07518b35616fc93e74d873caabc19a326e9aa366e797d5,bedd8be8028e23a3046f5c1b50c3cd31bba15cead696fed1eab08389bc70e48d
run_0553,original,organamnist,resnet18,split_04,82,A,submitted,completed,True,PASS,0,image,8825,0.9950742237390066,32,25,60,806.0,run entry through output export; wall-clock UTC difference,NVIDIA GeForce RTX 5070 Ti,12.8,3.12.7,2.10.0+cu128,0.25.0+cu128,2.2.6,2.3.3,12.1.1,1.8.0,6.0.3,adamw,0.0001,0.0001,32,24,not recorded in frozen config,research-lab/experiments/registered-workflow/runs/primary/run_0553,b421a63ae0575a118bef2193c4280dec8ee73b1a9df83926e03afa31bb3c040c,3e60002445699cd3fb42c26956c642a19a541dad2e9e94c463eb2e2ab33f64a6
run_0554,original,organamnist,resnet18,split_04,82,B,submitted,completed,True,PASS,0,image,8825,0.994696218224389,60,60,60,1316.0,run entry through output export; wall-clock UTC difference,NVIDIA GeForce RTX 5070 Ti,12.8,3.12.7,2.10.0+cu128,0.25.0+cu128,2.2.6,2.3.3,12.1.1,1.8.0,6.0.3,adamw,0.0001,0.0001,32,24,not recorded in frozen config,research-lab/experiments/registered-workflow/runs/primary/run_0554,83b84b811d6c8b010384982d91f02f4f0d394fd8928863266003aeee5737cb3a,94245a1d260b88fa91e2f967f47f692b2a2373ffb3321c953c2c3e396bbcccd0
run_0555,original,organamnist,resnet50,split_04,82,A,submitted,completed,True,PASS,0,image,8825,0.9958161592046821,31,24,60,1451.0,run entry through output export; wall-clock UTC difference,NVIDIA GeForce RTX 5070 Ti,12.8,3.12.7,2.10.0+cu128,0.25.0+cu128,2.2.6,2.3.3,12.1.1,1.8.0,6.0.3,adamw,0.0001,0.0001,32,24,not recorded in frozen config,research-lab/experiments/registered-workflow/runs/primary/run_0555,28b37c48b905cd2e73fe59cf97fc7039875f5b101cb39e074a6b2cf0615b15c5,5349b2156a145717fe92e6f5e6cbc8d3716bfdc68f915dc613247bbd75ef68e7
run_0556,original,organamnist,resnet50,split_04,82,B,submitted,completed,True,PASS,0,image,8825,0.9918435523445243,60,60,60,2615.0,run entry through output export; wall-clock UTC difference,NVIDIA GeForce RTX 5070 Ti,12.8,3.12.7,2.10.0+cu128,0.25.0+cu128,2.2.6,2.3.3,12.1.1,1.8.0,6.0.3,adamw,0.0001,0.0001,32,24,not recorded in frozen config,research-lab/experiments/registered-workflow/runs/primary/run_0556,b7faa4a9f174a30dbcfbe7e6693bfd5bd7669d0d2ac7d6c6afbc71df589e4dd0,9aa627613d091251ab159680e2832e595a0e332aef44330615b81ac17f0122a4
run_0557,original,organamnist,densenet121,split_04,82,A,submitted,completed,True,PASS,0,image,8825,0.9897200913679637,38,31,60,1830.0,run entry through output export; wall-clock UTC difference,NVIDIA GeForce RTX 5070 Ti,12.8,3.12.7,2.10.0+cu128,0.25.0+cu128,2.2.6,2.3.3,12.1.1,1.8.0,6.0.3,adamw,0.0001,0.0001,32,24,not recorded in frozen config,research-lab/experiments/registered-workflow/runs/primary/run_0557,75638f9e10226a634f5d13cf2ad6553e3e57bfc40ab26307a097885c59f7c19c,a68d91a8ef111484abd056fe9f045a65aaa0dbc1030a6423e83c1c1fe42c126a
run_0558,original,organamnist,densenet121,split_04,82,B,submitted,completed,True,PASS,0,image,8825,0.9917658465215379,60,60,60,2739.0,run entry through output export; wall-clock UTC difference,NVIDIA GeForce RTX 5070 Ti,12.8,3.12.7,2.10.0+cu128,0.25.0+cu128,2.2.6,2.3.3,12.1.1,1.8.0,6.0.3,adamw,0.0001,0.0001,32,24,not recorded in frozen config,research-lab/experiments/registered-workflow/runs/primary/run_0558,d59bb41e5b013192c13bf714bb22ae8f8710067c7124a832905314ff3bfebe59,551c5e7bdc7446eda0475b7029d76a98dd750daffc1a50ffef2a8033bcb57233
run_0559,original,organamnist,efficientnet_b0,split_04,82,A,submitted,completed,True,PASS,0,image,8825,0.958843910554155,57,50,60,1416.0,run entry through output export; wall-clock UTC difference,NVIDIA GeForce RTX 5070 Ti,12.8,3.12.7,2.10.0+cu128,0.25.0+cu128,2.2.6,2.3.3,12.1.1,1.8.0,6.0.3,adamw,0.0001,0.0001,32,24,not recorded in frozen config,research-lab/experiments/registered-workflow/runs/primary/run_0559,8d9ce3b271a45522117245c5a46e378f839abc6cfab9a7988dcf9d2b97827194,a9052d62a6a13c366104a6f01fdb524b6e2d63925cfbadb2d1ffa8161d8f6876
run_0560,original,organamnist,efficientnet_b0,split_04,82,B,submitted,completed,True,PASS,0,image,8825,0.9613973136477024,60,60,60,1475.0,run entry through output export; wall-clock UTC difference,NVIDIA GeForce RTX 5070 Ti,12.8,3.12.7,2.10.0+cu128,0.25.0+cu128,2.2.6,2.3.3,12.1.1,1.8.0,6.0.3,adamw,0.0001,0.0001,32,24,not recorded in frozen config,research-lab/experiments/registered-workflow/runs/primary/run_0560,29f513f428836c819efd3b5b348e6c4d291db3638eb19c700163127c7e511fc4,f62d33bb878c45ce3d3d9d5ae846ac0efaa36b0762635f230f004e49ba812759
run_0561,original,organamnist,resnet18,split_05,42,A,submitted,completed,True,PASS,0,image,8825,0.996636971961187,31,24,60,801.0,run entry through output export; wall-clock UTC difference,NVIDIA GeForce RTX 5070 Ti,12.8,3.12.7,2.10.0+cu128,0.25.0+cu128,2.2.6,2.3.3,12.1.1,1.8.0,6.0.3,adamw,0.0001,0.0001,32,24,not recorded in frozen config,research-lab/experiments/registered-workflow/runs/primary/run_0561,68c3e7f4723bd1ca6a21b0209455316bc678530a0022f6ed172494907c80e5e3,fd8c89ad726d77a1bbb7f43bb08dd87877a624d66f70e411bf3397b2aca4958b
run_0562,original,organamnist,resnet18,split_05,42,B,submitted,completed,True,PASS,0,image,8825,0.9959339848464664,60,60,60,1296.0,run entry through output export; wall-clock UTC difference,NVIDIA GeForce RTX 5070 Ti,12.8,3.12.7,2.10.0+cu128,0.25.0+cu128,2.2.6,2.3.3,12.1.1,1.8.0,6.0.3,adamw,0.0001,0.0001,32,24,not recorded in frozen config,research-lab/experiments/registered-workflow/runs/primary/run_0562,871f90097eac4229acc14211c20fb12128544085a1f5565dbe69a48e516f2bfd,a22df9ffa2dd2324ffc869487ab4146cfe0787d2f0eff86067b36bf5ccf9ba31
run_0563,original,organamnist,resnet50,split_05,42,A,submitted,completed,True,PASS,0,image,8825,0.993380067991668,25,18,60,1222.0,run entry through output export; wall-clock UTC difference,NVIDIA GeForce RTX 5070 Ti,12.8,3.12.7,2.10.0+cu128,0.25.0+cu128,2.2.6,2.3.3,12.1.1,1.8.0,6.0.3,adamw,0.0001,0.0001,32,24,not recorded in frozen config,research-lab/experiments/registered-workflow/runs/primary/run_0563,079aacc57861eaaa3f2916f8ecdcfd69393d111582ffe6f9d4a09742469978fb,b381243e3e646a1a291c1cfdece99b8d6491379a50d0df5dc5f50c3c3b730427
run_0564,original,organamnist,resnet50,split_05,42,B,submitted,completed,True,PASS,0,image,8825,0.9948381518072484,60,60,60,2575.0,run entry through output export; wall-clock UTC difference,NVIDIA GeForce RTX 5070 Ti,12.8,3.12.7,2.10.0+cu128,0.25.0+cu128,2.2.6,2.3.3,12.1.1,1.8.0,6.0.3,adamw,0.0001,0.0001,32,24,not recorded in frozen config,research-lab/experiments/registered-workflow/runs/primary/run_0564,08f2f021f78ea837bb0992074e3b7d6e4fdbd182569f50adec764badbcb59dad,63aeda55ffff9718dc9e786aa3130be830b424e2030a5177e1f1e4c0a4355038
run_0565,original,organamnist,densenet121,split_05,42,A,submitted,completed,True,PASS,0,image,8825,0.9917527860504368,44,37,60,2064.0,run entry through output export; wall-clock UTC difference,NVIDIA GeForce RTX 5070 Ti,12.8,3.12.7,2.10.0+cu128,0.25.0+cu128,2.2.6,2.3.3,12.1.1,1.8.0,6.0.3,adamw,0.0001,0.0001,32,24,not recorded in frozen config,research-lab/experiments/registered-workflow/runs/primary/run_0565,d503d1304edf0efe93f8d030e0a11132dbd9fec2fb0998731a1445a3eae0db16,813b013e7abfdd8ba9d21ed35e739b14629506aa09ae929c1c03b3da9348f4bf
run_0566,original,organamnist,densenet121,split_05,42,B,submitted,completed,True,PASS,0,image,8825,0.9918665459443681,60,60,60,2723.0,run entry through output export; wall-clock UTC difference,NVIDIA GeForce RTX 5070 Ti,12.8,3.12.7,2.10.0+cu128,0.25.0+cu128,2.2.6,2.3.3,12.1.1,1.8.0,6.0.3,adamw,0.0001,0.0001,32,24,not recorded in frozen config,research-lab/experiments/registered-workflow/runs/primary/run_0566,0792318b0962a93851857df92b667ae60ee6a03ebd13ec1de624bc56c8912aa3,39bf12845dcfe7eee56330aa2a3ac86cdeb77f2a627d9170c59d1af545b8bce2
run_0567,original,organamnist,efficientnet_b0,split_05,42,A,submitted,completed,True,PASS,0,image,8825,0.9584480175509262,52,45,60,1309.0,run entry through output export; wall-clock UTC difference,NVIDIA GeForce RTX 5070 Ti,12.8,3.12.7,2.10.0+cu128,0.25.0+cu128,2.2.6,2.3.3,12.1.1,1.8.0,6.0.3,adamw,0.0001,0.0001,32,24,not recorded in frozen config,research-lab/experiments/registered-workflow/runs/primary/run_0567,0ac9e71abbde0e5e89c4a5c2033dfec3e2cb7751068167d4a06cbdfb9ce2d531,7c0891fb471288a5624565112a98b7331884e0fb147b5ef833ab634525b50bce
run_0568,original,organamnist,efficientnet_b0,split_05,42,B,submitted,completed,True,PASS,0,image,8825,0.9609848582461763,60,60,60,1479.0,run entry through output export; wall-clock UTC difference,NVIDIA GeForce RTX 5070 Ti,12.8,3.12.7,2.10.0+cu128,0.25.0+cu128,2.2.6,2.3.3,12.1.1,1.8.0,6.0.3,adamw,0.0001,0.0001,32,24,not recorded in frozen config,research-lab/experiments/registered-workflow/runs/primary/run_0568,44093a7d7716c39d34b51691fa78f3b5ef9a9bc52b68a5b1bbff7dad4e27c433,f923ddea7ee57852effe18d3c7bb04751963930778c80aa54a24eec9e6a7a904
run_0569,original,organamnist,resnet18,split_05,52,A,submitted,completed,True,PASS,0,image,8825,0.9936468562396176,21,14,60,615.0,run entry through output export; wall-clock UTC difference,NVIDIA GeForce RTX 5070 Ti,12.8,3.12.7,2.10.0+cu128,0.25.0+cu128,2.2.6,2.3.3,12.1.1,1.8.0,6.0.3,adamw,0.0001,0.0001,32,24,not recorded in frozen config,research-lab/experiments/registered-workflow/runs/primary/run_0569,47d5bb66912dce019f8a64af876f177de63a44bcbd148a9a2efcf5798efb4de5,66244297a8d8a4c2be0692c73ef74811cf96e1290e06893b104c600fe41e9ecb
run_0570,original,organamnist,resnet18,split_05,52,B,submitted,completed,True,PASS,0,image,8825,0.9949935036777009,60,60,60,1290.0,run entry through output export; wall-clock UTC difference,NVIDIA GeForce RTX 5070 Ti,12.8,3.12.7,2.10.0+cu128,0.25.0+cu128,2.2.6,2.3.3,12.1.1,1.8.0,6.0.3,adamw,0.0001,0.0001,32,24,not recorded in frozen config,research-lab/experiments/registered-workflow/runs/primary/run_0570,21682239345ccb33b3453e5154ec88de59a90ceda12450d950134efc954c8e64,6594f506ca36a1ccea5be796efdbcc9ab9774e7f45409e611a2f2eaa94d30e5e
run_0571,original,organamnist,resnet50,split_05,52,A,submitted,completed,True,PASS,0,image,8825,0.9956424233597722,26,19,60,1259.0,run entry through output export; wall-clock UTC difference,NVIDIA GeForce RTX 5070 Ti,12.8,3.12.7,2.10.0+cu128,0.25.0+cu128,2.2.6,2.3.3,12.1.1,1.8.0,6.0.3,adamw,0.0001,0.0001,32,24,not recorded in frozen config,research-lab/experiments/registered-workflow/runs/primary/run_0571,89b0c8e775ed1bc10a7f893d90efdf86e83c3109ab4c3f14d826036651d1d098,90b592624ec981d227f5852080f49c72cdf54d417ef15064c112bae64811843c
run_0572,original,organamnist,resnet50,split_05,52,B,submitted,completed,True,PASS,0,image,8825,0.9951433308031937,60,60,60,2570.0,run entry through output export; wall-clock UTC difference,NVIDIA GeForce RTX 5070 Ti,12.8,3.12.7,2.10.0+cu128,0.25.0+cu128,2.2.6,2.3.3,12.1.1,1.8.0,6.0.3,adamw,0.0001,0.0001,32,24,not recorded in frozen config,research-lab/experiments/registered-workflow/runs/primary/run_0572,17a6b84846244828273b49d7c0a844583e9636c9aaa3d145523c816f839ff383,fe89e43fc36eb9a85c37e81b2ef0d49353cd5caa58f01d84c99d183ff27fe7bf
run_0573,original,organamnist,densenet121,split_05,52,A,submitted,completed,True,PASS,0,image,8825,0.991215655446642,46,39,60,2148.0,run entry through output export; wall-clock UTC difference,NVIDIA GeForce RTX 5070 Ti,12.8,3.12.7,2.10.0+cu128,0.25.0+cu128,2.2.6,2.3.3,12.1.1,1.8.0,6.0.3,adamw,0.0001,0.0001,32,24,not recorded in frozen config,research-lab/experiments/registered-workflow/runs/primary/run_0573,ddea17d632bb1bca82ca6d9f83275e4c78e7d3182e02e60da4f13435ac2d574b,279fcbd92e0ef0ef09325cc323ff412210f99b3ad1d8744a96c09b064e5f53a1
run_0574,original,organamnist,densenet121,split_05,52,B,submitted,completed,True,PASS,0,image,8825,0.9929388029289332,60,60,60,2725.0,run entry through output export; wall-clock UTC difference,NVIDIA GeForce RTX 5070 Ti,12.8,3.12.7,2.10.0+cu128,0.25.0+cu128,2.2.6,2.3.3,12.1.1,1.8.0,6.0.3,adamw,0.0001,0.0001,32,24,not recorded in frozen config,research-lab/experiments/registered-workflow/runs/primary/run_0574,d2573bfc2a9e5135bd87351939f41e73e42e7f05e8c0f247960dcda49669ce9d,a0563215c48c15d9c907a7c27ce21a8a0d4609b499c7d90dfd9a61b377d11d29
run_0575,original,organamnist,efficientnet_b0,split_05,52,A,submitted,completed,True,PASS,0,image,8825,0.9660299165096805,60,59,60,1468.0,run entry through output export; wall-clock UTC difference,NVIDIA GeForce RTX 5070 Ti,12.8,3.12.7,2.10.0+cu128,0.25.0+cu128,2.2.6,2.3.3,12.1.1,1.8.0,6.0.3,adamw,0.0001,0.0001,32,24,not recorded in frozen config,research-lab/experiments/registered-workflow/runs/primary/run_0575,806a8c6c9b140308af011b017157fe69fd76d43f83d7bf6e7f301260341f437b,06b7d86596af80c890eaf5ac86e871e204750209ec58fb1da9d5592c00257867
run_0576,original,organamnist,efficientnet_b0,split_05,52,B,submitted,completed,True,PASS,0,image,8825,0.9642601319827087,60,60,60,1467.0,run entry through output export; wall-clock UTC difference,NVIDIA GeForce RTX 5070 Ti,12.8,3.12.7,2.10.0+cu128,0.25.0+cu128,2.2.6,2.3.3,12.1.1,1.8.0,6.0.3,adamw,0.0001,0.0001,32,24,not recorded in frozen config,research-lab/experiments/registered-workflow/runs/primary/run_0576,16852568649628f05e469cadb6a7af1fa7ef8901c5de7761d659f679abb56d01,a0c22cd029d5e893f8ad59af10e8102298cf94345e227e3ae9ac3c17051fc670
run_0577,original,organamnist,resnet18,split_05,62,A,submitted,completed,True,PASS,0,image,8825,0.9960548807284091,25,18,60,682.0,run entry through output export; wall-clock UTC difference,NVIDIA GeForce RTX 5070 Ti,12.8,3.12.7,2.10.0+cu128,0.25.0+cu128,2.2.6,2.3.3,12.1.1,1.8.0,6.0.3,adamw,0.0001,0.0001,32,24,not recorded in frozen config,research-lab/experiments/registered-workflow/runs/primary/run_0577,fbed444559a62c197a8961c2b84f5efdb117e210ec5fac905c4fb625b673b9e5,b154d5e904fa6b6816f58cd865fc704ba56034c0892ebeeb088c256293aff36d
run_0578,original,organamnist,resnet18,split_05,62,B,submitted,completed,True,PASS,0,image,8825,0.9966057106182963,60,60,60,1290.0,run entry through output export; wall-clock UTC difference,NVIDIA GeForce RTX 5070 Ti,12.8,3.12.7,2.10.0+cu128,0.25.0+cu128,2.2.6,2.3.3,12.1.1,1.8.0,6.0.3,adamw,0.0001,0.0001,32,24,not recorded in frozen config,research-lab/experiments/registered-workflow/runs/primary/run_0578,627bcdc99151f48b2a1710c5aeb7a38db28afe86a11a28baf9f7f480a22f8ca9,9cd9c630e5a9cc34a67f5597dc1a356b826dd4d1fc00fcce00e0bccf02f306d3
run_0579,original,organamnist,resnet50,split_05,62,A,submitted,completed,True,PASS,0,image,8825,0.9940872191323309,19,12,60,989.0,run entry through output export; wall-clock UTC difference,NVIDIA GeForce RTX 5070 Ti,12.8,3.12.7,2.10.0+cu128,0.25.0+cu128,2.2.6,2.3.3,12.1.1,1.8.0,6.0.3,adamw,0.0001,0.0001,32,24,not recorded in frozen config,research-lab/experiments/registered-workflow/runs/primary/run_0579,cee5e78688fe2050d162c0073a7e1ec53d45e9b28e89df9b7028ce7dae00c7a5,6a5ecddfd90a95bb106af22f24b6a95eed42523e7f416e602839a7b0b7ee713a
run_0580,original,organamnist,resnet50,split_05,62,B,submitted,completed,True,PASS,0,image,8825,0.9945279034845054,60,60,60,2573.0,run entry through output export; wall-clock UTC difference,NVIDIA GeForce RTX 5070 Ti,12.8,3.12.7,2.10.0+cu128,0.25.0+cu128,2.2.6,2.3.3,12.1.1,1.8.0,6.0.3,adamw,0.0001,0.0001,32,24,not recorded in frozen config,research-lab/experiments/registered-workflow/runs/primary/run_0580,9d66a8b9ea81e4823286b88968065f5669b3e187b440f71e8badf83b3b63e8e8,f157baa65539ee06fd8862d4325533906a611f10ca5c1caceb14e5ee90a2106f
run_0581,original,organamnist,densenet121,split_05,62,A,submitted,completed,True,PASS,0,image,8825,0.9910390477592169,42,35,60,1981.0,run entry through output export; wall-clock UTC difference,NVIDIA GeForce RTX 5070 Ti,12.8,3.12.7,2.10.0+cu128,0.25.0+cu128,2.2.6,2.3.3,12.1.1,1.8.0,6.0.3,adamw,0.0001,0.0001,32,24,not recorded in frozen config,research-lab/experiments/registered-workflow/runs/primary/run_0581,c605de341628db4e874555be72931f5178ccd024442db4aa5e4ae2d31b371c7b,6e7b125b10db8c9cee0bdaccaec508d4038a281c57efdca5622ad71cb6e45140
run_0582,original,organamnist,densenet121,split_05,62,B,submitted,completed,True,PASS,0,image,8825,0.9935510701278207,60,60,60,2719.0,run entry through output export; wall-clock UTC difference,NVIDIA GeForce RTX 5070 Ti,12.8,3.12.7,2.10.0+cu128,0.25.0+cu128,2.2.6,2.3.3,12.1.1,1.8.0,6.0.3,adamw,0.0001,0.0001,32,24,not recorded in frozen config,research-lab/experiments/registered-workflow/runs/primary/run_0582,71706ae338c1e42b51bc220ae595d520c6d2c4ba0c27b17d299e5b6f0b12649d,c722395834f6658a1c231af2407babc1667bceeb5e262d8b64a3702ebdf35622
run_0583,original,organamnist,efficientnet_b0,split_05,62,A,submitted,completed,True,PASS,0,image,8825,0.9595730031851466,46,39,60,1185.0,run entry through output export; wall-clock UTC difference,NVIDIA GeForce RTX 5070 Ti,12.8,3.12.7,2.10.0+cu128,0.25.0+cu128,2.2.6,2.3.3,12.1.1,1.8.0,6.0.3,adamw,0.0001,0.0001,32,24,not recorded in frozen config,research-lab/experiments/registered-workflow/runs/primary/run_0583,b144f9ee30799db5638201e8d93b71846152b2f6feb7eb38e47d91dff6f0fb4f,b1378c80241ca39bb7aebf5bc0fa9bc3b2742a4ea0dc5a3b640e8f9f6e8aaf76
run_0584,original,organamnist,efficientnet_b0,split_05,62,B,submitted,completed,True,PASS,0,image,8825,0.9641813792303874,60,60,60,1465.0,run entry through output export; wall-clock UTC difference,NVIDIA GeForce RTX 5070 Ti,12.8,3.12.7,2.10.0+cu128,0.25.0+cu128,2.2.6,2.3.3,12.1.1,1.8.0,6.0.3,adamw,0.0001,0.0001,32,24,not recorded in frozen config,research-lab/experiments/registered-workflow/runs/primary/run_0584,ec87a72165f626be7f414e2cdcfb940e1c3232509f771656b30093fe7f25e525,35643a023b4721bfc11eef691749d56c541fe03f4cdb95088b9c1dcd60fa1db3
run_0585,original,organamnist,resnet18,split_05,72,A,submitted,completed,True,PASS,0,image,8825,0.9970545115252645,27,20,60,717.0,run entry through output export; wall-clock UTC difference,NVIDIA GeForce RTX 5070 Ti,12.8,3.12.7,2.10.0+cu128,0.25.0+cu128,2.2.6,2.3.3,12.1.1,1.8.0,6.0.3,adamw,0.0001,0.0001,32,24,not recorded in frozen config,research-lab/experiments/registered-workflow/runs/primary/run_0585,c8bc6b490dbf55eef65ce6bbda967678d2f43f40730faf50dd299d02551db175,f91b65dbc1e964ba0f33c9989b8144c811fdb16c76b958d961353c9a56600799
run_0586,original,organamnist,resnet18,split_05,72,B,submitted,completed,True,PASS,0,image,8825,0.9966478242015644,60,60,60,1291.0,run entry through output export; wall-clock UTC difference,NVIDIA GeForce RTX 5070 Ti,12.8,3.12.7,2.10.0+cu128,0.25.0+cu128,2.2.6,2.3.3,12.1.1,1.8.0,6.0.3,adamw,0.0001,0.0001,32,24,not recorded in frozen config,research-lab/experiments/registered-workflow/runs/primary/run_0586,c7ef435e60403e118e62b6411d4b1013d26d9e9e6f4aa918ac76526526ee4b7a,7fe125b0e11e55e70026787fed420c80153d8fdddca311fb2bd81b951d8585ff
run_0587,original,organamnist,resnet50,split_05,72,A,submitted,completed,True,PASS,0,image,8825,0.9937875519293108,22,15,60,1104.0,run entry through output export; wall-clock UTC difference,NVIDIA GeForce RTX 5070 Ti,12.8,3.12.7,2.10.0+cu128,0.25.0+cu128,2.2.6,2.3.3,12.1.1,1.8.0,6.0.3,adamw,0.0001,0.0001,32,24,not recorded in frozen config,research-lab/experiments/registered-workflow/runs/primary/run_0587,408bbbd26fff779244512b08aaebc2d98d8b6793b50ded096fe672ae82a0d839,177976b3df7fdb11a8eaae05e53188c6ca59af2491b388fe26fbec278718e339
run_0588,original,organamnist,resnet50,split_05,72,B,submitted,completed,True,PASS,0,image,8825,0.9957211430181823,60,60,60,2568.0,run entry through output export; wall-clock UTC difference,NVIDIA GeForce RTX 5070 Ti,12.8,3.12.7,2.10.0+cu128,0.25.0+cu128,2.2.6,2.3.3,12.1.1,1.8.0,6.0.3,adamw,0.0001,0.0001,32,24,not recorded in frozen config,research-lab/experiments/registered-workflow/runs/primary/run_0588,35277eb7f7396f6074145613ce9e47fd84cfd02c6f6b5a7b83a9a969d130e1e0,aa932c44056a4bfeeac56526161af08bfc17d2cc3fad20be6d2de471c2b71359
run_0589,original,organamnist,densenet121,split_05,72,A,submitted,completed,True,PASS,0,image,8825,0.9928784678215262,46,39,60,2142.0,run entry through output export; wall-clock UTC difference,NVIDIA GeForce RTX 5070 Ti,12.8,3.12.7,2.10.0+cu128,0.25.0+cu128,2.2.6,2.3.3,12.1.1,1.8.0,6.0.3,adamw,0.0001,0.0001,32,24,not recorded in frozen config,research-lab/experiments/registered-workflow/runs/primary/run_0589,6d4ebe5eb6b0c27e1a8a6310577301a00f08643ab4ff65bb38f12ef1abcee1e7,3f44034176b94fda282cfc8edb4ccecaa2711022c5cea9db1d5f4acbf50d7c14
run_0590,original,organamnist,densenet121,split_05,72,B,submitted,completed,True,PASS,0,image,8825,0.9930758031233555,60,60,60,2720.0,run entry through output export; wall-clock UTC difference,NVIDIA GeForce RTX 5070 Ti,12.8,3.12.7,2.10.0+cu128,0.25.0+cu128,2.2.6,2.3.3,12.1.1,1.8.0,6.0.3,adamw,0.0001,0.0001,32,24,not recorded in frozen config,research-lab/experiments/registered-workflow/runs/primary/run_0590,659ee7d8fb9568602e3ddb65533f6b6f13c03c3a9693f9e7e86cd4947b1500f2,cad5ad94bfed189cba8b5ca4c2b16ca174193233c5bdb17c488f1f8a9c7b73bf
run_0591,original,organamnist,efficientnet_b0,split_05,72,A,submitted,completed,True,PASS,0,image,8825,0.9599050506107804,44,37,60,1148.0,run entry through output export; wall-clock UTC difference,NVIDIA GeForce RTX 5070 Ti,12.8,3.12.7,2.10.0+cu128,0.25.0+cu128,2.2.6,2.3.3,12.1.1,1.8.0,6.0.3,adamw,0.0001,0.0001,32,24,not recorded in frozen config,research-lab/experiments/registered-workflow/runs/primary/run_0591,63cb72791b6fc28ea18a8c7e2ba7019365f08e9f44e8c4f252208dd90840beea,a18ab16da0e00cae8ff45be1bedde7edaf8453baaf88c519f03ad391d31f5ce1
run_0592,original,organamnist,efficientnet_b0,split_05,72,B,submitted,completed,True,PASS,0,image,8825,0.9636564756693247,60,60,60,1471.0,run entry through output export; wall-clock UTC difference,NVIDIA GeForce RTX 5070 Ti,12.8,3.12.7,2.10.0+cu128,0.25.0+cu128,2.2.6,2.3.3,12.1.1,1.8.0,6.0.3,adamw,0.0001,0.0001,32,24,not recorded in frozen config,research-lab/experiments/registered-workflow/runs/primary/run_0592,37fb43c50b326cd9a5f5cff0b82af1dc007a629777f4bf85713a7456261be64d,93a6912a83a63b4c402499f688676fa552665a5b46a3814f11bc21cdc2128622
run_0593,original,organamnist,resnet18,split_05,82,A,submitted,completed,True,PASS,0,image,8825,0.9955287734331436,23,16,60,633.0,run entry through output export; wall-clock UTC difference,NVIDIA GeForce RTX 5070 Ti,12.8,3.12.7,2.10.0+cu128,0.25.0+cu128,2.2.6,2.3.3,12.1.1,1.8.0,6.0.3,adamw,0.0001,0.0001,32,24,not recorded in frozen config,research-lab/experiments/registered-workflow/runs/primary/run_0593,7d967a1c219587ba466dc13eac21a1c4e76c3462d6f6c1597785b0ee8254bbc8,3bd9336b558472a6854e23487a1fadcbdbfc10b7e2157fb8d73e932b1d6998fc
run_0594,original,organamnist,resnet18,split_05,82,B,submitted,completed,True,PASS,0,image,8825,0.9954085899768764,60,60,60,1239.0,run entry through output export; wall-clock UTC difference,NVIDIA GeForce RTX 5070 Ti,12.8,3.12.7,2.10.0+cu128,0.25.0+cu128,2.2.6,2.3.3,12.1.1,1.8.0,6.0.3,adamw,0.0001,0.0001,32,24,not recorded in frozen config,research-lab/experiments/registered-workflow/runs/primary/run_0594,25606de36689157acf3136f6757578e8c71f9f1a80beb094e792688a8c7413b0,7f597c241e825cbcf7a75c7592f5af5dcb3b31769449a6b9f3c2e22eca163662
run_0595,original,organamnist,resnet50,split_05,82,A,submitted,completed,True,PASS,0,image,8825,0.9930633589766255,23,16,60,1140.0,run entry through output export; wall-clock UTC difference,NVIDIA GeForce RTX 5070 Ti,12.8,3.12.7,2.10.0+cu128,0.25.0+cu128,2.2.6,2.3.3,12.1.1,1.8.0,6.0.3,adamw,0.0001,0.0001,32,24,not recorded in frozen config,research-lab/experiments/registered-workflow/runs/primary/run_0595,1a308377a344d8b2bafa832d690f664acb10378d50037dc2c769d671f860edd5,2391e7da716c5a8f658e093e317dc49873a038b5b81e655c4fbdb55f281bbd72
run_0596,original,organamnist,resnet50,split_05,82,B,submitted,completed,True,PASS,0,image,8825,0.9969582737452117,60,60,60,2562.0,run entry through output export; wall-clock UTC difference,NVIDIA GeForce RTX 5070 Ti,12.8,3.12.7,2.10.0+cu128,0.25.0+cu128,2.2.6,2.3.3,12.1.1,1.8.0,6.0.3,adamw,0.0001,0.0001,32,24,not recorded in frozen config,research-lab/experiments/registered-workflow/runs/primary/run_0596,e84386da2526ff21e5d7101aa543ad73cb4c5811add0751a4768e313a8ffd71a,5a4d352d29cc048518967cbd061d81d57755cca5539aab55e4f18d2189d9e72d
run_0597,original,organamnist,densenet121,split_05,82,A,submitted,completed,True,PASS,0,image,8825,0.993822109567891,52,45,60,2389.0,run entry through output export; wall-clock UTC difference,NVIDIA GeForce RTX 5070 Ti,12.8,3.12.7,2.10.0+cu128,0.25.0+cu128,2.2.6,2.3.3,12.1.1,1.8.0,6.0.3,adamw,0.0001,0.0001,32,24,not recorded in frozen config,research-lab/experiments/registered-workflow/runs/primary/run_0597,d01b8b47e62f839bac03620ac2c97149594f1d162c501dbbffec8e2f2996ee6e,8051b1578f9e355ca9247af99c840920625c89edb407009c4d3cba748f618bdb
run_0598,original,organamnist,densenet121,split_05,82,B,submitted,completed,True,PASS,0,image,8825,0.9924561245455791,60,60,60,2739.0,run entry through output export; wall-clock UTC difference,NVIDIA GeForce RTX 5070 Ti,12.8,3.12.7,2.10.0+cu128,0.25.0+cu128,2.2.6,2.3.3,12.1.1,1.8.0,6.0.3,adamw,0.0001,0.0001,32,24,not recorded in frozen config,research-lab/experiments/registered-workflow/runs/primary/run_0598,043d82a6ae9c6d90c35df4c4da88209229ed5ab3a3c024bc6cdd56ce16a3649e,1355eac5cf7819a6ad9ffe409001c1d8ada7024c259ebb58f3aa51571590f3b1
run_0599,original,organamnist,efficientnet_b0,split_05,82,A,submitted,completed,True,PASS,0,image,8825,0.9630089751598949,60,58,60,1484.0,run entry through output export; wall-clock UTC difference,NVIDIA GeForce RTX 5070 Ti,12.8,3.12.7,2.10.0+cu128,0.25.0+cu128,2.2.6,2.3.3,12.1.1,1.8.0,6.0.3,adamw,0.0001,0.0001,32,24,not recorded in frozen config,research-lab/experiments/registered-workflow/runs/primary/run_0599,f440caf52ad142bd84c9a5f9262f1907b9f797c962f4025a8718f933f1008964,d6aee9f001856df1bb5e8c3173df9c02a2777be78e3e13485a5216843d6b7108
run_0600,original,organamnist,efficientnet_b0,split_05,82,B,submitted,completed,True,PASS,0,image,8825,0.9621871078699819,60,60,60,1480.0,run entry through output export; wall-clock UTC difference,NVIDIA GeForce RTX 5070 Ti,12.8,3.12.7,2.10.0+cu128,0.25.0+cu128,2.2.6,2.3.3,12.1.1,1.8.0,6.0.3,adamw,0.0001,0.0001,32,24,not recorded in frozen config,research-lab/experiments/registered-workflow/runs/primary/run_0600,dc1d79a63f6f7d1325dbec9a5585837fe439bd0d90101829fc25d780409e16d3,57333c982f837b2d693d06de21b162227179c65d5a12271b65fcaff5c2277491
run_0601,original,organamnist,resnet18,split_06,42,A,submitted,completed,True,PASS,0,image,8825,0.9958521696775189,30,23,60,768.0,run entry through output export; wall-clock UTC difference,NVIDIA GeForce RTX 5070 Ti,12.8,3.12.7,2.10.0+cu128,0.25.0+cu128,2.2.6,2.3.3,12.1.1,1.8.0,6.0.3,adamw,0.0001,0.0001,32,24,not recorded in frozen config,research-lab/experiments/registered-workflow/runs/primary/run_0601,e66afc08530d3397e352d805eb5485821b146a2dad6587f741b81779049025ee,730a38ab4d651c1373435337c39b22d55d3f4653e9be7f9790e919c4ec70eabe
run_0602,original,organamnist,resnet18,split_06,42,B,submitted,completed,True,PASS,0,image,8825,0.9958935841464972,60,60,60,1300.0,run entry through output export; wall-clock UTC difference,NVIDIA GeForce RTX 5070 Ti,12.8,3.12.7,2.10.0+cu128,0.25.0+cu128,2.2.6,2.3.3,12.1.1,1.8.0,6.0.3,adamw,0.0001,0.0001,32,24,not recorded in frozen config,research-lab/experiments/registered-workflow/runs/primary/run_0602,c56d70f38fbe5fbe72bfa09fa55a315c41fbf91c2fa12b27d00a1896349495d1,428900e6b8fa4d27da3d319ff19bbcf80affdef3751b68c209bf747590382a64
run_0603,original,organamnist,resnet50,split_06,42,A,submitted,completed,True,PASS,0,image,8825,0.9944534991087046,17,10,60,907.0,run entry through output export; wall-clock UTC difference,NVIDIA GeForce RTX 5070 Ti,12.8,3.12.7,2.10.0+cu128,0.25.0+cu128,2.2.6,2.3.3,12.1.1,1.8.0,6.0.3,adamw,0.0001,0.0001,32,24,not recorded in frozen config,research-lab/experiments/registered-workflow/runs/primary/run_0603,52fdccab8a570c0f459075fe8eda61a358883381ec34650ba8cd904e1e99a6ca,0ae543f0ab08e1d845bce8985dd0fe062ec89c4225c81caae26e709e748dec33
run_0604,original,organamnist,resnet50,split_06,42,B,submitted,completed,True,PASS,0,image,8825,0.9933911012130628,60,60,60,2571.0,run entry through output export; wall-clock UTC difference,NVIDIA GeForce RTX 5070 Ti,12.8,3.12.7,2.10.0+cu128,0.25.0+cu128,2.2.6,2.3.3,12.1.1,1.8.0,6.0.3,adamw,0.0001,0.0001,32,24,not recorded in frozen config,research-lab/experiments/registered-workflow/runs/primary/run_0604,59d873fe4848e6fe3c9ea88ef9276ed1c83aa4204e689763b4f8cde0f6a7cdd8,740d9dc84c61d6c109a1e737feae14859b5037884b5367a8882b8a4ffe0e5577
run_0605,original,organamnist,densenet121,split_06,42,A,submitted,completed,True,PASS,0,image,8825,0.9881007070049163,34,27,60,1672.0,run entry through output export; wall-clock UTC difference,NVIDIA GeForce RTX 5070 Ti,12.8,3.12.7,2.10.0+cu128,0.25.0+cu128,2.2.6,2.3.3,12.1.1,1.8.0,6.0.3,adamw,0.0001,0.0001,32,24,not recorded in frozen config,research-lab/experiments/registered-workflow/runs/primary/run_0605,d220fb4c082cd142ceaea4c2343e4fbf7ed683da12e83209cc1e90c5512fbcb5,35f52b40cdf82ea123a112f23bc50f9abd61345f5f447148e1bdc8a9242786ed
run_0606,original,organamnist,densenet121,split_06,42,B,submitted,completed,True,PASS,0,image,8825,0.9900285092815903,60,60,60,2721.0,run entry through output export; wall-clock UTC difference,NVIDIA GeForce RTX 5070 Ti,12.8,3.12.7,2.10.0+cu128,0.25.0+cu128,2.2.6,2.3.3,12.1.1,1.8.0,6.0.3,adamw,0.0001,0.0001,32,24,not recorded in frozen config,research-lab/experiments/registered-workflow/runs/primary/run_0606,14b3c85b3457c60387df5baa00390800f319d0caa83d4ac8d53acba31eae4b74,852e74b81329d27cab1b35c7448363638787af0a414d6b32aa4d8835a16a3478
run_0607,original,organamnist,efficientnet_b0,split_06,42,A,submitted,completed,True,PASS,0,image,8825,0.9621961091504684,54,47,60,1355.0,run entry through output export; wall-clock UTC difference,NVIDIA GeForce RTX 5070 Ti,12.8,3.12.7,2.10.0+cu128,0.25.0+cu128,2.2.6,2.3.3,12.1.1,1.8.0,6.0.3,adamw,0.0001,0.0001,32,24,not recorded in frozen config,research-lab/experiments/registered-workflow/runs/primary/run_0607,590bc7ac9382575e74d9dbe3d68e114d565d9b1dc0b6eac4a1ca76bd4091b6dd,23bb525ef53f23ad40d812d3c1815ff2844482cbbc4847ee5677987e004cf892
run_0608,original,organamnist,efficientnet_b0,split_06,42,B,submitted,completed,True,PASS,0,image,8825,0.9633770088684639,60,60,60,1469.0,run entry through output export; wall-clock UTC difference,NVIDIA GeForce RTX 5070 Ti,12.8,3.12.7,2.10.0+cu128,0.25.0+cu128,2.2.6,2.3.3,12.1.1,1.8.0,6.0.3,adamw,0.0001,0.0001,32,24,not recorded in frozen config,research-lab/experiments/registered-workflow/runs/primary/run_0608,41b0310b51489ba6ad2a574f06300bd6a8b3eb8ec9ef04641bc648fcef2a0769,67971a8ea9b9e6edbc06358ed399d570102048163541aef4a07ada3289f43e25
run_0609,original,organamnist,resnet18,split_06,52,A,submitted,completed,True,PASS,0,image,8825,0.9955218302411709,25,18,60,686.0,run entry through output export; wall-clock UTC difference,NVIDIA GeForce RTX 5070 Ti,12.8,3.12.7,2.10.0+cu128,0.25.0+cu128,2.2.6,2.3.3,12.1.1,1.8.0,6.0.3,adamw,0.0001,0.0001,32,24,not recorded in frozen config,research-lab/experiments/registered-workflow/runs/primary/run_0609,e245b2ad88fc9c433fe53cb7294445a3729731e2eb9d20c46fe78b01e67e6591,a1313be8a85e4220600c15b3ae071969fd79e418c949c11ca412e5f4bc97833c
run_0610,original,organamnist,resnet18,split_06,52,B,submitted,completed,True,PASS,0,image,8825,0.9952922556529832,60,60,60,1283.0,run entry through output export; wall-clock UTC difference,NVIDIA GeForce RTX 5070 Ti,12.8,3.12.7,2.10.0+cu128,0.25.0+cu128,2.2.6,2.3.3,12.1.1,1.8.0,6.0.3,adamw,0.0001,0.0001,32,24,not recorded in frozen config,research-lab/experiments/registered-workflow/runs/primary/run_0610,bed1c386190cea78a1f66939b103d7f2881b9d2438aa93bb2d587e878f1092df,1391800e671dd67c34fb92e962197b1a215e046a4df1da84c9d0ae0c5cf869a6
run_0611,original,organamnist,resnet50,split_06,52,A,submitted,completed,True,PASS,0,image,8825,0.996243520521089,28,21,60,1326.0,run entry through output export; wall-clock UTC difference,NVIDIA GeForce RTX 5070 Ti,12.8,3.12.7,2.10.0+cu128,0.25.0+cu128,2.2.6,2.3.3,12.1.1,1.8.0,6.0.3,adamw,0.0001,0.0001,32,24,not recorded in frozen config,research-lab/experiments/registered-workflow/runs/primary/run_0611,4aae0d87153c7856ed6af8179716ced02fe84d24700d86b9297393fc723f021c,254317add5f283f2e3a3473ea1b398aa4a0498d780f05994401d34a06f1fb17d
run_0612,original,organamnist,resnet50,split_06,52,B,submitted,completed,True,PASS,0,image,8825,0.9964362960617845,60,60,60,2550.0,run entry through output export; wall-clock UTC difference,NVIDIA GeForce RTX 5070 Ti,12.8,3.12.7,2.10.0+cu128,0.25.0+cu128,2.2.6,2.3.3,12.1.1,1.8.0,6.0.3,adamw,0.0001,0.0001,32,24,not recorded in frozen config,research-lab/experiments/registered-workflow/runs/primary/run_0612,cb27efe9d58ad611ccfaeec8eb23821acaca3b7f0304a33ff63093939c00cf05,65985d7433ef92a10f941084045cafc8b89c4c151d29563ec7c7821d95fc3077
run_0613,original,organamnist,densenet121,split_06,52,A,submitted,completed,True,PASS,0,image,8825,0.994019085685864,53,46,60,2414.0,run entry through output export; wall-clock UTC difference,NVIDIA GeForce RTX 5070 Ti,12.8,3.12.7,2.10.0+cu128,0.25.0+cu128,2.2.6,2.3.3,12.1.1,1.8.0,6.0.3,adamw,0.0001,0.0001,32,24,not recorded in frozen config,research-lab/experiments/registered-workflow/runs/primary/run_0613,5530f128bf32e5ef263e75856347d020a15207f43b908a3cfc81618e43ce13eb,91cab8b7093ab2ef42b2edba428fbbe3ea18423d0ffe6288d80dac45fae9dc66
run_0614,original,organamnist,densenet121,split_06,52,B,submitted,completed,True,PASS,0,image,8825,0.991289332753579,60,60,60,2697.0,run entry through output export; wall-clock UTC difference,NVIDIA GeForce RTX 5070 Ti,12.8,3.12.7,2.10.0+cu128,0.25.0+cu128,2.2.6,2.3.3,12.1.1,1.8.0,6.0.3,adamw,0.0001,0.0001,32,24,not recorded in frozen config,research-lab/experiments/registered-workflow/runs/primary/run_0614,fef7dd75582aa87fa0110c7352ccb1b475e1df532bccc65fb45aa832747c2ca1,422b783dddcaf82d2e7ecf4a76e56577f48b067f86b43f68d532f2114ea6619b
run_0615,original,organamnist,efficientnet_b0,split_06,52,A,submitted,completed,True,PASS,0,image,8825,0.9641213032223195,57,50,60,1263.0,run entry through output export; wall-clock UTC difference,NVIDIA GeForce RTX 5070 Ti,12.8,3.12.7,2.10.0+cu128,0.25.0+cu128,2.2.6,2.3.3,12.1.1,1.8.0,6.0.3,adamw,0.0001,0.0001,32,24,not recorded in frozen config,research-lab/experiments/registered-workflow/runs/primary/run_0615,861ace93017159a6c4856655b9465ec60d51ce98dcbac88b4fa1b4d7d02d3adf,e6f4c7880b53499824d2db59c9a73fa0becedf007dbdd1c6b98d2ab46f3136a4
run_0616,original,organamnist,efficientnet_b0,split_06,52,B,submitted,completed,True,PASS,0,image,8825,0.9629039250265834,60,60,60,1465.0,run entry through output export; wall-clock UTC difference,NVIDIA GeForce RTX 5070 Ti,12.8,3.12.7,2.10.0+cu128,0.25.0+cu128,2.2.6,2.3.3,12.1.1,1.8.0,6.0.3,adamw,0.0001,0.0001,32,24,not recorded in frozen config,research-lab/experiments/registered-workflow/runs/primary/run_0616,e6b23f179c313d5fb22bfd235301de7efa525c0fd30fc2ba4600060b86c72516,f85fbed6f1e01b2e5c31f2225f6697c894ed54d8ce695790c5cf7696dd2199a4
run_0617,original,organamnist,resnet18,split_06,62,A,submitted,completed,True,PASS,0,image,8825,0.9945075933877583,27,20,60,709.0,run entry through output export; wall-clock UTC difference,NVIDIA GeForce RTX 5070 Ti,12.8,3.12.7,2.10.0+cu128,0.25.0+cu128,2.2.6,2.3.3,12.1.1,1.8.0,6.0.3,adamw,0.0001,0.0001,32,24,not recorded in frozen config,research-lab/experiments/registered-workflow/runs/primary/run_0617,faad2a97dbdc3186971620d7ba5a083ca27df84bebd5cbec449ab29ca5a3a6e3,9fdcfb6b2ac7f3d8f9920192a02b0174f849c8679c9d1f2059c6b7ffb67f60e4
run_0618,original,organamnist,resnet18,split_06,62,B,submitted,completed,True,PASS,0,image,8825,0.9967534597082693,60,60,60,1283.0,run entry through output export; wall-clock UTC difference,NVIDIA GeForce RTX 5070 Ti,12.8,3.12.7,2.10.0+cu128,0.25.0+cu128,2.2.6,2.3.3,12.1.1,1.8.0,6.0.3,adamw,0.0001,0.0001,32,24,not recorded in frozen config,research-lab/experiments/registered-workflow/runs/primary/run_0618,422b4e8985c3a50cefbcf6aeb86683348c7d5e67ea5b4349664f8249331e638a,2d8626fb8e917bf221b93cc5e465e50dca761818502a9ad83ac21a9c6916c2e2
run_0619,original,organamnist,resnet50,split_06,62,A,submitted,completed,True,PASS,0,image,8825,0.9967879137740862,43,36,60,1903.0,run entry through output export; wall-clock UTC difference,NVIDIA GeForce RTX 5070 Ti,12.8,3.12.7,2.10.0+cu128,0.25.0+cu128,2.2.6,2.3.3,12.1.1,1.8.0,6.0.3,adamw,0.0001,0.0001,32,24,not recorded in frozen config,research-lab/experiments/registered-workflow/runs/primary/run_0619,3d312cba898ccd732dc933bc64999306d03658468ee7a75b675338d5ef1b891d,44efe63e45cc5689770a8bf13f29219b6e452c5f04650f50d633c363958667b2
run_0620,original,organamnist,resnet50,split_06,62,B,submitted,completed,True,PASS,0,image,8825,0.9969269610680136,60,60,60,2555.0,run entry through output export; wall-clock UTC difference,NVIDIA GeForce RTX 5070 Ti,12.8,3.12.7,2.10.0+cu128,0.25.0+cu128,2.2.6,2.3.3,12.1.1,1.8.0,6.0.3,adamw,0.0001,0.0001,32,24,not recorded in frozen config,research-lab/experiments/registered-workflow/runs/primary/run_0620,0874f09210b36ce00a9848f6a40371dfb6843bb2d11eb8ca96041576c3496668,fda32f4b6ed555967475873f30cb1f7dcaebc811457ee1bb2f70407fe7f22954
run_0621,original,organamnist,densenet121,split_06,62,A,submitted,completed,True,PASS,0,image,8825,0.9903032028488902,41,34,60,1922.0,run entry through output export; wall-clock UTC difference,NVIDIA GeForce RTX 5070 Ti,12.8,3.12.7,2.10.0+cu128,0.25.0+cu128,2.2.6,2.3.3,12.1.1,1.8.0,6.0.3,adamw,0.0001,0.0001,32,24,not recorded in frozen config,research-lab/experiments/registered-workflow/runs/primary/run_0621,06fa4d93f646b6884daa494da37a2363ea498dd3fa432776290e08f80223c768,669dda377589f9ccd9802b8cc961105c12f668b5b79b5c7e984051ab3f33ac1a
run_0622,original,organamnist,densenet121,split_06,62,B,submitted,completed,True,PASS,0,image,8825,0.9923271395153275,60,60,60,2702.0,run entry through output export; wall-clock UTC difference,NVIDIA GeForce RTX 5070 Ti,12.8,3.12.7,2.10.0+cu128,0.25.0+cu128,2.2.6,2.3.3,12.1.1,1.8.0,6.0.3,adamw,0.0001,0.0001,32,24,not recorded in frozen config,research-lab/experiments/registered-workflow/runs/primary/run_0622,a97b38633f543d78d5981c8edc0da048fd3e4ceba0352e0af74b80dba99f2b14,f94ce4e98b77d26c8e3ba9dd44db80e7439f9282ffd20ced9f179d8c5b299664
run_0623,original,organamnist,efficientnet_b0,split_06,62,A,submitted,completed,True,PASS,0,image,8825,0.9629899519908658,60,53,60,1462.0,run entry through output export; wall-clock UTC difference,NVIDIA GeForce RTX 5070 Ti,12.8,3.12.7,2.10.0+cu128,0.25.0+cu128,2.2.6,2.3.3,12.1.1,1.8.0,6.0.3,adamw,0.0001,0.0001,32,24,not recorded in frozen config,research-lab/experiments/registered-workflow/runs/primary/run_0623,7ad95cc631436c5dafe9db3ec71ef83d075978a571c6bcfcc9d6c74e9200187f,39767290d7bfb7818c045cc88d37e9675d11a26b645371c574df09f943b0fa7e
run_0624,original,organamnist,efficientnet_b0,split_06,62,B,submitted,completed,True,PASS,0,image,8825,0.9641107366267794,60,60,60,1465.0,run entry through output export; wall-clock UTC difference,NVIDIA GeForce RTX 5070 Ti,12.8,3.12.7,2.10.0+cu128,0.25.0+cu128,2.2.6,2.3.3,12.1.1,1.8.0,6.0.3,adamw,0.0001,0.0001,32,24,not recorded in frozen config,research-lab/experiments/registered-workflow/runs/primary/run_0624,5b1ecb0b5a19155dcdf3c8169216ec67e18ca0513300908434180c1f569e28a4,007f8388104deb56c8ff58863d945a1ea1902338c64061e8b67517aa01662fb5
run_0625,original,organamnist,resnet18,split_06,72,A,submitted,completed,True,PASS,0,image,8825,0.9943201559961125,20,13,60,586.0,run entry through output export; wall-clock UTC difference,NVIDIA GeForce RTX 5070 Ti,12.8,3.12.7,2.10.0+cu128,0.25.0+cu128,2.2.6,2.3.3,12.1.1,1.8.0,6.0.3,adamw,0.0001,0.0001,32,24,not recorded in frozen config,research-lab/experiments/registered-workflow/runs/primary/run_0625,26b7398e5dc95b0fbb5084efef577caa5fbd4ed0bd93d0a79eb681fec6715a34,4ffbb35b605666c87971927b7ea6f61bcd17e636c92eb65adb56cd7c956e0ee0
run_0626,original,organamnist,resnet18,split_06,72,B,submitted,completed,True,PASS,0,image,8825,0.9942480452653842,60,60,60,1279.0,run entry through output export; wall-clock UTC difference,NVIDIA GeForce RTX 5070 Ti,12.8,3.12.7,2.10.0+cu128,0.25.0+cu128,2.2.6,2.3.3,12.1.1,1.8.0,6.0.3,adamw,0.0001,0.0001,32,24,not recorded in frozen config,research-lab/experiments/registered-workflow/runs/primary/run_0626,7606ede10db815b120b6f4d33acd063c3567ee559e8326f749afedd44d96d4f2,2917177786e97cacf543897f8704c6b3f595bfbb2fe31587d96c189ae987d842
run_0627,original,organamnist,resnet50,split_06,72,A,submitted,completed,True,PASS,0,image,8825,0.9927004727833446,19,12,60,977.0,run entry through output export; wall-clock UTC difference,NVIDIA GeForce RTX 5070 Ti,12.8,3.12.7,2.10.0+cu128,0.25.0+cu128,2.2.6,2.3.3,12.1.1,1.8.0,6.0.3,adamw,0.0001,0.0001,32,24,not recorded in frozen config,research-lab/experiments/registered-workflow/runs/primary/run_0627,f32661960de401c5e7aa6de62cf72cbc8a2318ef5beba0e896fdbb850e65b52c,c554d265dc853039b31ab97c4ea809041ecbe716d09a438f5c80fee2b28b0c66
run_0628,original,organamnist,resnet50,split_06,72,B,submitted,completed,True,PASS,0,image,8825,0.9956442699459533,60,60,60,2554.0,run entry through output export; wall-clock UTC difference,NVIDIA GeForce RTX 5070 Ti,12.8,3.12.7,2.10.0+cu128,0.25.0+cu128,2.2.6,2.3.3,12.1.1,1.8.0,6.0.3,adamw,0.0001,0.0001,32,24,not recorded in frozen config,research-lab/experiments/registered-workflow/runs/primary/run_0628,2fcb88c0af2da939a02ab06ee95e3dfd54d088c99bd2cc8139ee66679dd7f4b4,906ca6dd0f32b219d24d5984c647bbcda11fcc7e5371006b11e1b19f3792b4de
run_0629,original,organamnist,densenet121,split_06,72,A,submitted,completed,True,PASS,0,image,8825,0.9880868928209313,27,20,60,1353.0,run entry through output export; wall-clock UTC difference,NVIDIA GeForce RTX 5070 Ti,12.8,3.12.7,2.10.0+cu128,0.25.0+cu128,2.2.6,2.3.3,12.1.1,1.8.0,6.0.3,adamw,0.0001,0.0001,32,24,not recorded in frozen config,research-lab/experiments/registered-workflow/runs/primary/run_0629,d9f46f4a7e1dbdc58b24860ae077f04d2b00a1d208fb058d7f0e9465d3f2988b,420c706b493677a19164383c6257357ccd742dd5f3fe204d69595e8437b389c1
run_0630,original,organamnist,densenet121,split_06,72,B,submitted,completed,True,PASS,0,image,8825,0.9884644021841609,60,60,60,2695.0,run entry through output export; wall-clock UTC difference,NVIDIA GeForce RTX 5070 Ti,12.8,3.12.7,2.10.0+cu128,0.25.0+cu128,2.2.6,2.3.3,12.1.1,1.8.0,6.0.3,adamw,0.0001,0.0001,32,24,not recorded in frozen config,research-lab/experiments/registered-workflow/runs/primary/run_0630,15090bbf3fefe2daf93b33df7407bb4b5a49223929f638b38fb082cb8192d1ab,fd1fb329db72e3887db6d4e032cdfc1657e53ad975303b6857db01fc3f07d90c
run_0631,original,organamnist,efficientnet_b0,split_06,72,A,submitted,completed,True,PASS,0,image,8825,0.9634924064146887,60,59,60,1458.0,run entry through output export; wall-clock UTC difference,NVIDIA GeForce RTX 5070 Ti,12.8,3.12.7,2.10.0+cu128,0.25.0+cu128,2.2.6,2.3.3,12.1.1,1.8.0,6.0.3,adamw,0.0001,0.0001,32,24,not recorded in frozen config,research-lab/experiments/registered-workflow/runs/primary/run_0631,d86399883893cc375b7915b9eb4e3aed47e2c1638d7fe3cb7efa5951f897857f,4c4f577e6bc511488d5e22646a8299b9286301ad440032a4b02d93a8c9a9710c
run_0632,original,organamnist,efficientnet_b0,split_06,72,B,submitted,completed,True,PASS,0,image,8825,0.96322504304731,60,60,60,1459.0,run entry through output export; wall-clock UTC difference,NVIDIA GeForce RTX 5070 Ti,12.8,3.12.7,2.10.0+cu128,0.25.0+cu128,2.2.6,2.3.3,12.1.1,1.8.0,6.0.3,adamw,0.0001,0.0001,32,24,not recorded in frozen config,research-lab/experiments/registered-workflow/runs/primary/run_0632,4e1e239f32700b8c10a4490ccd955fc848b5a435f08cbd5b1df9b9415b86248b,1332861459fd2a7393b5d0af40eb4bce4dc5b36c695497170ba1cbe42831c449
run_0633,original,organamnist,resnet18,split_06,82,A,submitted,completed,True,PASS,0,image,8825,0.9951469104671133,17,10,60,534.0,run entry through output export; wall-clock UTC difference,NVIDIA GeForce RTX 5070 Ti,12.8,3.12.7,2.10.0+cu128,0.25.0+cu128,2.2.6,2.3.3,12.1.1,1.8.0,6.0.3,adamw,0.0001,0.0001,32,24,not recorded in frozen config,research-lab/experiments/registered-workflow/runs/primary/run_0633,aaddbbdc26e53ed27c76df95df498e0f67adc1998196e7bf49a1d420173e749d,a986b0f070ac96c65842e2fa8ae3921c8096cfb11da90315b791deba96aa5f56
run_0634,original,organamnist,resnet18,split_06,82,B,submitted,completed,True,PASS,0,image,8825,0.9952159585161886,60,60,60,1280.0,run entry through output export; wall-clock UTC difference,NVIDIA GeForce RTX 5070 Ti,12.8,3.12.7,2.10.0+cu128,0.25.0+cu128,2.2.6,2.3.3,12.1.1,1.8.0,6.0.3,adamw,0.0001,0.0001,32,24,not recorded in frozen config,research-lab/experiments/registered-workflow/runs/primary/run_0634,400a5d061da5fdbf60b8ba577f4cda2b0ac3bb1808d947871bdce3fed8686e69,e4bdf7afd2c6d6beb815f174f3c51032e2cad05bed2fbd785dc7ff9bd14caaea
run_0635,original,organamnist,resnet50,split_06,82,A,submitted,completed,True,PASS,0,image,8825,0.9947959920315167,32,25,60,1482.0,run entry through output export; wall-clock UTC difference,NVIDIA GeForce RTX 5070 Ti,12.8,3.12.7,2.10.0+cu128,0.25.0+cu128,2.2.6,2.3.3,12.1.1,1.8.0,6.0.3,adamw,0.0001,0.0001,32,24,not recorded in frozen config,research-lab/experiments/registered-workflow/runs/primary/run_0635,7fc9fcafc89d560a1aeb5b0ebd44281ccf18f585c972711fb3dcffde3030cccb,aab938ae0b39250b4526c9c0b9b2a0c0f6019bf8d5991a244d5bbeb12be9615e
run_0636,original,organamnist,resnet50,split_06,82,B,submitted,completed,True,PASS,0,image,8825,0.9957781051356025,60,60,60,2557.0,run entry through output export; wall-clock UTC difference,NVIDIA GeForce RTX 5070 Ti,12.8,3.12.7,2.10.0+cu128,0.25.0+cu128,2.2.6,2.3.3,12.1.1,1.8.0,6.0.3,adamw,0.0001,0.0001,32,24,not recorded in frozen config,research-lab/experiments/registered-workflow/runs/primary/run_0636,0f02d436cac40f40f5310497c7e10954fe9f3f1a276f8f4e22b6b4e3fc58fec0,68e298498a7ab16138a375048fcc08e9073172ea117f5b5a6afb0aba804cb4e2
run_0637,original,organamnist,densenet121,split_06,82,A,submitted,completed,True,PASS,0,image,8825,0.9907603644855997,27,20,60,1350.0,run entry through output export; wall-clock UTC difference,NVIDIA GeForce RTX 5070 Ti,12.8,3.12.7,2.10.0+cu128,0.25.0+cu128,2.2.6,2.3.3,12.1.1,1.8.0,6.0.3,adamw,0.0001,0.0001,32,24,not recorded in frozen config,research-lab/experiments/registered-workflow/runs/primary/run_0637,1a730702ee36affa2e4697c6194ecea70badc5e1c63de5b9e82b1775938e0731,9af8d4e1bfc5ca5674bb534a3cacc1e755d427c1fe7d848adfac32fece603625
run_0638,original,organamnist,densenet121,split_06,82,B,submitted,completed,True,PASS,0,image,8825,0.9916950115802318,60,60,60,2694.0,run entry through output export; wall-clock UTC difference,NVIDIA GeForce RTX 5070 Ti,12.8,3.12.7,2.10.0+cu128,0.25.0+cu128,2.2.6,2.3.3,12.1.1,1.8.0,6.0.3,adamw,0.0001,0.0001,32,24,not recorded in frozen config,research-lab/experiments/registered-workflow/runs/primary/run_0638,a1ee17045926634bed69198c8141bb165a82f98fa38bb454ce9695063d3a624b,ca9178efa5950451547c0e6172b0b60be0775982416637c44c8e5b3ebe3b2a83
run_0639,original,organamnist,efficientnet_b0,split_06,82,A,submitted,completed,True,PASS,0,image,8825,0.9620881458606895,60,53,60,1456.0,run entry through output export; wall-clock UTC difference,NVIDIA GeForce RTX 5070 Ti,12.8,3.12.7,2.10.0+cu128,0.25.0+cu128,2.2.6,2.3.3,12.1.1,1.8.0,6.0.3,adamw,0.0001,0.0001,32,24,not recorded in frozen config,research-lab/experiments/registered-workflow/runs/primary/run_0639,c70cca009367e30159315b7a9cfa9ed39e5bb8bf6ee77b0c1009bb618e5296af,8b0368cde6cac9c48ab1fd1a8841be1614c76b02d691908430b52d39ad2341a5
run_0640,original,organamnist,efficientnet_b0,split_06,82,B,submitted,completed,True,PASS,0,image,8825,0.960962591752083,60,60,60,1457.0,run entry through output export; wall-clock UTC difference,NVIDIA GeForce RTX 5070 Ti,12.8,3.12.7,2.10.0+cu128,0.25.0+cu128,2.2.6,2.3.3,12.1.1,1.8.0,6.0.3,adamw,0.0001,0.0001,32,24,not recorded in frozen config,research-lab/experiments/registered-workflow/runs/primary/run_0640,c2667705f20902908aa02de52424ed2993de0c99e047d1753f7d421ac8913def,447bfffcac10d78c8f3203f862d8e2efae94718365984498721d3783b4f16c34
run_0641,original,organamnist,resnet18,split_07,42,A,submitted,completed,True,PASS,0,image,8825,0.9958592719992652,24,17,60,652.0,run entry through output export; wall-clock UTC difference,NVIDIA GeForce RTX 5070 Ti,12.8,3.12.7,2.10.0+cu128,0.25.0+cu128,2.2.6,2.3.3,12.1.1,1.8.0,6.0.3,adamw,0.0001,0.0001,32,24,not recorded in frozen config,research-lab/experiments/registered-workflow/runs/primary/run_0641,e74f582123cfcd35d42a8b0f30546e97c8fa02c07653110425b7bfd55796f8f7,f8270935cffc80e3f22ee8fed04425e3e387a42292e12dd2f6f91864a15c24d7
run_0642,original,organamnist,resnet18,split_07,42,B,submitted,completed,True,PASS,0,image,8825,0.9981725241476865,60,60,60,1279.0,run entry through output export; wall-clock UTC difference,NVIDIA GeForce RTX 5070 Ti,12.8,3.12.7,2.10.0+cu128,0.25.0+cu128,2.2.6,2.3.3,12.1.1,1.8.0,6.0.3,adamw,0.0001,0.0001,32,24,not recorded in frozen config,research-lab/experiments/registered-workflow/runs/primary/run_0642,0c0cefcb6a82896e489a404e4dc8d117f6af9d3133d4994b91548f3c2fb23469,1c360236ae6636b4690e42a0ee2d5dd5cf9002d5f2748053efc2b9b4d56f3e46
run_0643,original,organamnist,resnet50,split_07,42,A,submitted,completed,True,PASS,0,image,8825,0.9940134741005068,23,16,60,1129.0,run entry through output export; wall-clock UTC difference,NVIDIA GeForce RTX 5070 Ti,12.8,3.12.7,2.10.0+cu128,0.25.0+cu128,2.2.6,2.3.3,12.1.1,1.8.0,6.0.3,adamw,0.0001,0.0001,32,24,not recorded in frozen config,research-lab/experiments/registered-workflow/runs/primary/run_0643,4776a5478cb6625e02c4424eba8c5c7ef279dcf33dd1dbd3a8f784ed51c6090c,199034e9c9b71f9e017ee260d06b3b1e1749a027666dbd90f7b5ff4b467d04b3
run_0644,original,organamnist,resnet50,split_07,42,B,submitted,completed,True,PASS,0,image,8825,0.9982044883151766,60,60,60,2553.0,run entry through output export; wall-clock UTC difference,NVIDIA GeForce RTX 5070 Ti,12.8,3.12.7,2.10.0+cu128,0.25.0+cu128,2.2.6,2.3.3,12.1.1,1.8.0,6.0.3,adamw,0.0001,0.0001,32,24,not recorded in frozen config,research-lab/experiments/registered-workflow/runs/primary/run_0644,a45f62d2eb9516ff7081c60468e7a914bb828aa7d7b868a4732162dd67926a30,8c9c58b4346fc0c0c8cb61d258177e59bbf7bda4bbfeed37573aaa0e14cac1b9
run_0645,original,organamnist,densenet121,split_07,42,A,submitted,completed,True,PASS,0,image,8825,0.9874632136281541,30,23,60,1473.0,run entry through output export; wall-clock UTC difference,NVIDIA GeForce RTX 5070 Ti,12.8,3.12.7,2.10.0+cu128,0.25.0+cu128,2.2.6,2.3.3,12.1.1,1.8.0,6.0.3,adamw,0.0001,0.0001,32,24,not recorded in frozen config,research-lab/experiments/registered-workflow/runs/primary/run_0645,bc934d005320c12d7551620c9c184735555b7533a3532f85ff0573ff93119e48,d6613ad6807f1e44c19a3f149eb0d937c0634a5d3f515ea9fa385dddca654d64
run_0646,original,organamnist,densenet121,split_07,42,B,submitted,completed,True,PASS,0,image,8825,0.9899421360607356,60,60,60,2697.0,run entry through output export; wall-clock UTC difference,NVIDIA GeForce RTX 5070 Ti,12.8,3.12.7,2.10.0+cu128,0.25.0+cu128,2.2.6,2.3.3,12.1.1,1.8.0,6.0.3,adamw,0.0001,0.0001,32,24,not recorded in frozen config,research-lab/experiments/registered-workflow/runs/primary/run_0646,788bee38efc864a601db019525ae48ddeead7fee46d7b6b71650232e3804001e,e316fda22c3f40cd4bdfe0ac19536d7fe64aebdf0d552dab972f62b776ab87f7
run_0647,original,organamnist,efficientnet_b0,split_07,42,A,submitted,completed,True,PASS,0,image,8825,0.9627924680981472,60,59,60,1464.0,run entry through output export; wall-clock UTC difference,NVIDIA GeForce RTX 5070 Ti,12.8,3.12.7,2.10.0+cu128,0.25.0+cu128,2.2.6,2.3.3,12.1.1,1.8.0,6.0.3,adamw,0.0001,0.0001,32,24,not recorded in frozen config,research-lab/experiments/registered-workflow/runs/primary/run_0647,f86f0e5d39fce0786a20083f3b7d4dd5aa4e60e639f8b163a7cdf71ee4e15a16,c97fbef8b9ff6748960e471c6e75269336a3ca1621ebca5385e28ccf7a2ecb7c
run_0648,original,organamnist,efficientnet_b0,split_07,42,B,submitted,completed,True,PASS,0,image,8825,0.9623627301275565,60,60,60,1458.0,run entry through output export; wall-clock UTC difference,NVIDIA GeForce RTX 5070 Ti,12.8,3.12.7,2.10.0+cu128,0.25.0+cu128,2.2.6,2.3.3,12.1.1,1.8.0,6.0.3,adamw,0.0001,0.0001,32,24,not recorded in frozen config,research-lab/experiments/registered-workflow/runs/primary/run_0648,1c6b32c649eb1336eff2231e03b4f2c04fc388cb97013c1bc915616114732b8f,01308d5024be62df8d8136c59e06ee85a5d02d47fda2e06221b316fbd0eafe0d
run_0649,original,organamnist,resnet18,split_07,52,A,submitted,completed,True,PASS,0,image,8825,0.9961732355925601,23,16,60,639.0,run entry through output export; wall-clock UTC difference,NVIDIA GeForce RTX 5070 Ti,12.8,3.12.7,2.10.0+cu128,0.25.0+cu128,2.2.6,2.3.3,12.1.1,1.8.0,6.0.3,adamw,0.0001,0.0001,32,24,not recorded in frozen config,research-lab/experiments/registered-workflow/runs/primary/run_0649,bd81755b505987ced48da8529db52c8eadfcc70cb0564810a9803c72e9d1a67f,e24c29f0125f7b116557661a3bdfc78747d46bc16a3945dc46744849a73a8be2
run_0650,original,organamnist,resnet18,split_07,52,B,submitted,completed,True,PASS,0,image,8825,0.9970871418180955,60,60,60,1279.0,run entry through output export; wall-clock UTC difference,NVIDIA GeForce RTX 5070 Ti,12.8,3.12.7,2.10.0+cu128,0.25.0+cu128,2.2.6,2.3.3,12.1.1,1.8.0,6.0.3,adamw,0.0001,0.0001,32,24,not recorded in frozen config,research-lab/experiments/registered-workflow/runs/primary/run_0650,34f2639bab6aadc00624acbe150a6a136da39a792071059e2ad13f0adfa0eb5d,7084dd5d5b3eb221a06f042229a210b2d29b90fce646bc731d828c37457b6cf3
run_0651,original,organamnist,resnet50,split_07,52,A,submitted,completed,True,PASS,0,image,8825,0.9941978820539344,27,20,60,1285.0,run entry through output export; wall-clock UTC difference,NVIDIA GeForce RTX 5070 Ti,12.8,3.12.7,2.10.0+cu128,0.25.0+cu128,2.2.6,2.3.3,12.1.1,1.8.0,6.0.3,adamw,0.0001,0.0001,32,24,not recorded in frozen config,research-lab/experiments/registered-workflow/runs/primary/run_0651,ece4e98b6f2b425eb93cb77337b176196fd6be63fe3271463773e16ca31559d0,4f852b292886855dd9090cd50b4c3852007a96a922953d28a57f9f6430efdb37
run_0652,original,organamnist,resnet50,split_07,52,B,submitted,completed,True,PASS,0,image,8825,0.9974887558373734,60,60,60,2553.0,run entry through output export; wall-clock UTC difference,NVIDIA GeForce RTX 5070 Ti,12.8,3.12.7,2.10.0+cu128,0.25.0+cu128,2.2.6,2.3.3,12.1.1,1.8.0,6.0.3,adamw,0.0001,0.0001,32,24,not recorded in frozen config,research-lab/experiments/registered-workflow/runs/primary/run_0652,96a779b51789108d2e1bc973e1f482f95580504ae13dae04c43c677002652402,5367bd8be5e7519cec711de92066b3aa99ec959cfc0898e3365058a2ad4fe2f2
run_0653,original,organamnist,densenet121,split_07,52,A,submitted,completed,True,PASS,0,image,8825,0.9926602606300192,40,33,60,1881.0,run entry through output export; wall-clock UTC difference,NVIDIA GeForce RTX 5070 Ti,12.8,3.12.7,2.10.0+cu128,0.25.0+cu128,2.2.6,2.3.3,12.1.1,1.8.0,6.0.3,adamw,0.0001,0.0001,32,24,not recorded in frozen config,research-lab/experiments/registered-workflow/runs/primary/run_0653,bb616d307140673d9a9c6c7ccf846620e3057ec85839ae905049888403015d7c,769ff3f07ea9c8bfef837dd8f66273ed7059f7fd6d694071cf214a3080e32d99
run_0654,original,organamnist,densenet121,split_07,52,B,submitted,completed,True,PASS,0,image,8825,0.9923072915307439,60,60,60,2706.0,run entry through output export; wall-clock UTC difference,NVIDIA GeForce RTX 5070 Ti,12.8,3.12.7,2.10.0+cu128,0.25.0+cu128,2.2.6,2.3.3,12.1.1,1.8.0,6.0.3,adamw,0.0001,0.0001,32,24,not recorded in frozen config,research-lab/experiments/registered-workflow/runs/primary/run_0654,90dc240822859897448a90be1500b4b306e737c78c03ac3b83a9a0fc444963cc,58442708bd353dd45d0ee3e7df810aca505a40b3e9e9f28df1dbb8841a2e8091
run_0655,original,organamnist,efficientnet_b0,split_07,52,A,submitted,completed,True,PASS,0,image,8825,0.9618967801749986,60,53,60,1463.0,run entry through output export; wall-clock UTC difference,NVIDIA GeForce RTX 5070 Ti,12.8,3.12.7,2.10.0+cu128,0.25.0+cu128,2.2.6,2.3.3,12.1.1,1.8.0,6.0.3,adamw,0.0001,0.0001,32,24,not recorded in frozen config,research-lab/experiments/registered-workflow/runs/primary/run_0655,e47e2a5a24d70f7bcd7994b6826efefad88b116c5693fc594db9d3b7d444fde6,cffc7260f718dd13cd18b29597257c9cfe6bbf3e53d63766196e5c4cb7d993cd
run_0656,original,organamnist,efficientnet_b0,split_07,52,B,submitted,completed,True,PASS,0,image,8825,0.9613915513358907,60,60,60,1458.0,run entry through output export; wall-clock UTC difference,NVIDIA GeForce RTX 5070 Ti,12.8,3.12.7,2.10.0+cu128,0.25.0+cu128,2.2.6,2.3.3,12.1.1,1.8.0,6.0.3,adamw,0.0001,0.0001,32,24,not recorded in frozen config,research-lab/experiments/registered-workflow/runs/primary/run_0656,af18be0b6e865b42b492224df0a720ab555cbf8c3b488f62898a1342d78b914b,de5c137c771508597be1f5b67bab69fc77ac973a97fb134f893a97558bc14f80
run_0657,original,organamnist,resnet18,split_07,62,A,submitted,completed,True,PASS,0,image,8825,0.9961905371725147,24,17,60,687.0,run entry through output export; wall-clock UTC difference,NVIDIA GeForce RTX 5070 Ti,12.8,3.12.7,2.10.0+cu128,0.25.0+cu128,2.2.6,2.3.3,12.1.1,1.8.0,6.0.3,adamw,0.0001,0.0001,32,24,not recorded in frozen config,research-lab/experiments/registered-workflow/runs/primary/run_0657,54a3856ac2d073fc90a45b734eef89af484a1c3885f60856b3ad5df03e0f56ed,b90855e3995c8705d9b4fa1e5d07c9c40b19b9d029ef72e9cf415b3dddbfa4bb
run_0658,original,organamnist,resnet18,split_07,62,B,submitted,completed,True,PASS,0,image,8825,0.996648729242651,60,60,60,1278.0,run entry through output export; wall-clock UTC difference,NVIDIA GeForce RTX 5070 Ti,12.8,3.12.7,2.10.0+cu128,0.25.0+cu128,2.2.6,2.3.3,12.1.1,1.8.0,6.0.3,adamw,0.0001,0.0001,32,24,not recorded in frozen config,research-lab/experiments/registered-workflow/runs/primary/run_0658,b25303be66c1ccc02afaee779e63ced9274949d0caa7eedbea5afbac8afdea41,09194744945e4b7f4270cf9f0c2184084ab2a5cc852ff2c565aa4eebf22b2084
run_0659,original,organamnist,resnet50,split_07,62,A,submitted,completed,True,PASS,0,image,8825,0.9935168141755203,23,16,60,1129.0,run entry through output export; wall-clock UTC difference,NVIDIA GeForce RTX 5070 Ti,12.8,3.12.7,2.10.0+cu128,0.25.0+cu128,2.2.6,2.3.3,12.1.1,1.8.0,6.0.3,adamw,0.0001,0.0001,32,24,not recorded in frozen config,research-lab/experiments/registered-workflow/runs/primary/run_0659,7265b6e376e5d4540cc6a60d692e3ba7614b4917b88941894ece5dcdad558de0,bc97e9f0b65ec06d7870cdada7f11813700bed172e50e277e057c6aa25af6c86
run_0660,original,organamnist,resnet50,split_07,62,B,submitted,completed,True,PASS,0,image,8825,0.9969131389058243,60,60,60,2555.0,run entry through output export; wall-clock UTC difference,NVIDIA GeForce RTX 5070 Ti,12.8,3.12.7,2.10.0+cu128,0.25.0+cu128,2.2.6,2.3.3,12.1.1,1.8.0,6.0.3,adamw,0.0001,0.0001,32,24,not recorded in frozen config,research-lab/experiments/registered-workflow/runs/primary/run_0660,a7a19bd72212486b5ceb39dc3861d5114ca74eba9515e30950ea29707753e9b9,553cbec8ee818758a7db41c7363862d75bee9a711845c2fcbb84894feb1e19a4
run_0661,original,organamnist,densenet121,split_07,62,A,submitted,completed,True,PASS,0,image,8825,0.9891691466793477,24,17,60,1228.0,run entry through output export; wall-clock UTC difference,NVIDIA GeForce RTX 5070 Ti,12.8,3.12.7,2.10.0+cu128,0.25.0+cu128,2.2.6,2.3.3,12.1.1,1.8.0,6.0.3,adamw,0.0001,0.0001,32,24,not recorded in frozen config,research-lab/experiments/registered-workflow/runs/primary/run_0661,305335f09309a16a44275bcc40dcfcd44907be213a6132c5e38084563a6bf68e,23f27f8d501151fc604162c64666011d1ce8d1ce62c62a445545a4277ee3420b
run_0662,original,organamnist,densenet121,split_07,62,B,submitted,completed,True,PASS,0,image,8825,0.993024050947886,60,60,60,2701.0,run entry through output export; wall-clock UTC difference,NVIDIA GeForce RTX 5070 Ti,12.8,3.12.7,2.10.0+cu128,0.25.0+cu128,2.2.6,2.3.3,12.1.1,1.8.0,6.0.3,adamw,0.0001,0.0001,32,24,not recorded in frozen config,research-lab/experiments/registered-workflow/runs/primary/run_0662,4276bd49b58a1d7950ec3cf20748c7678129b056868290c1109de59557fc619f,7d6eafd693a2200f5da3a344836e15b73071bb1ed0574332022bff561e51d504
run_0663,original,organamnist,efficientnet_b0,split_07,62,A,submitted,completed,True,PASS,0,image,8825,0.96384851510063,60,58,60,1467.0,run entry through output export; wall-clock UTC difference,NVIDIA GeForce RTX 5070 Ti,12.8,3.12.7,2.10.0+cu128,0.25.0+cu128,2.2.6,2.3.3,12.1.1,1.8.0,6.0.3,adamw,0.0001,0.0001,32,24,not recorded in frozen config,research-lab/experiments/registered-workflow/runs/primary/run_0663,21e52298a8c4e2a3ce107b558538632389a1c5896b01337bc0e19a3e08898acb,a2dd9ec8e667ed1588b96bb022c0dad392ba27c2b1dc9168c2d7163dd2359b23
run_0664,original,organamnist,efficientnet_b0,split_07,62,B,submitted,completed,True,PASS,0,image,8825,0.9609991029848621,60,60,60,1461.0,run entry through output export; wall-clock UTC difference,NVIDIA GeForce RTX 5070 Ti,12.8,3.12.7,2.10.0+cu128,0.25.0+cu128,2.2.6,2.3.3,12.1.1,1.8.0,6.0.3,adamw,0.0001,0.0001,32,24,not recorded in frozen config,research-lab/experiments/registered-workflow/runs/primary/run_0664,25260133850a3d8b054e0b83c381af1762c5261c332d1d2f95214b9097a71c51,09b41191b685a5b2c8d1b8e45cec0a0e50d747560f5840db966978875c843e13
run_0665,original,organamnist,resnet18,split_07,72,A,submitted,completed,True,PASS,0,image,8825,0.994975492496703,17,10,60,537.0,run entry through output export; wall-clock UTC difference,NVIDIA GeForce RTX 5070 Ti,12.8,3.12.7,2.10.0+cu128,0.25.0+cu128,2.2.6,2.3.3,12.1.1,1.8.0,6.0.3,adamw,0.0001,0.0001,32,24,not recorded in frozen config,research-lab/experiments/registered-workflow/runs/primary/run_0665,2fcd169d924b13b01f1f2edb12b1df2092c63bccc9a694c2b1273adf78e93b67,55330726285095290a96ee069fdff465b4f0d50795d5051c66706e8e9ca88a21
run_0666,original,organamnist,resnet18,split_07,72,B,submitted,completed,True,PASS,0,image,8825,0.9971790214151691,60,60,60,1280.0,run entry through output export; wall-clock UTC difference,NVIDIA GeForce RTX 5070 Ti,12.8,3.12.7,2.10.0+cu128,0.25.0+cu128,2.2.6,2.3.3,12.1.1,1.8.0,6.0.3,adamw,0.0001,0.0001,32,24,not recorded in frozen config,research-lab/experiments/registered-workflow/runs/primary/run_0666,b7c19af417b238e992e84b6508345c0db7928a06f79cbc3cf18440f5bf0b24dc,b0a1be7a670a2b0a95d79eaf7cce04a30724c4b27e3e998a66f443ef833b2eac
run_0667,original,organamnist,resnet50,split_07,72,A,submitted,completed,True,PASS,0,image,8825,0.9939811619397555,23,16,60,1131.0,run entry through output export; wall-clock UTC difference,NVIDIA GeForce RTX 5070 Ti,12.8,3.12.7,2.10.0+cu128,0.25.0+cu128,2.2.6,2.3.3,12.1.1,1.8.0,6.0.3,adamw,0.0001,0.0001,32,24,not recorded in frozen config,research-lab/experiments/registered-workflow/runs/primary/run_0667,30ff066cfeb1a5fea0f223cb0094acd0a91add4208ec12353237414ee305b5cf,b63eee82e07418c0b1e593f766c9510840c100f6b8028e6b16a4d06d03079884
run_0668,original,organamnist,resnet50,split_07,72,B,submitted,completed,True,PASS,0,image,8825,0.9965160835467983,60,60,60,2560.0,run entry through output export; wall-clock UTC difference,NVIDIA GeForce RTX 5070 Ti,12.8,3.12.7,2.10.0+cu128,0.25.0+cu128,2.2.6,2.3.3,12.1.1,1.8.0,6.0.3,adamw,0.0001,0.0001,32,24,not recorded in frozen config,research-lab/experiments/registered-workflow/runs/primary/run_0668,38003f148d262aa2f59d5b0d358427407efa4a35979d5c97385a7f2f4d3073e4,b1d4bb91574085285c4d5abe8e006ff0de7ea033b3d33248b8ad0fd1d2d94a43
run_0669,original,organamnist,densenet121,split_07,72,A,submitted,completed,True,PASS,0,image,8825,0.9903405919162819,32,25,60,1557.0,run entry through output export; wall-clock UTC difference,NVIDIA GeForce RTX 5070 Ti,12.8,3.12.7,2.10.0+cu128,0.25.0+cu128,2.2.6,2.3.3,12.1.1,1.8.0,6.0.3,adamw,0.0001,0.0001,32,24,not recorded in frozen config,research-lab/experiments/registered-workflow/runs/primary/run_0669,7e7c090d52b12b0ffc12b7b8d798dd4375aa2dc26821bccc527edf53db956367,a629658bf1b48bbd7ace860aff673786d2b88e582c3e30571e144a102ed3f2f8
run_0670,original,organamnist,densenet121,split_07,72,B,submitted,completed,True,PASS,0,image,8825,0.9937011261689794,60,60,60,2702.0,run entry through output export; wall-clock UTC difference,NVIDIA GeForce RTX 5070 Ti,12.8,3.12.7,2.10.0+cu128,0.25.0+cu128,2.2.6,2.3.3,12.1.1,1.8.0,6.0.3,adamw,0.0001,0.0001,32,24,not recorded in frozen config,research-lab/experiments/registered-workflow/runs/primary/run_0670,8dc9436ac33908a36150319dfd6f0dd39327502040f2f2ae97a703b80291909c,0ad9c1cab85876e0c798cb0411f85a244f7490951f0ee6b213c687b0c677c98f
run_0671,original,organamnist,efficientnet_b0,split_07,72,A,submitted,completed,True,PASS,0,image,8825,0.9632182305585206,60,60,60,1468.0,run entry through output export; wall-clock UTC difference,NVIDIA GeForce RTX 5070 Ti,12.8,3.12.7,2.10.0+cu128,0.25.0+cu128,2.2.6,2.3.3,12.1.1,1.8.0,6.0.3,adamw,0.0001,0.0001,32,24,not recorded in frozen config,research-lab/experiments/registered-workflow/runs/primary/run_0671,80afc45403f9e92d14a06bff58f01245791dd920322c9b1dd841b1b41ff770c2,5b9b5ca4ca6f99a65e5686aad38528e6ae4cffde172eb73baf60559521920c2c
run_0672,original,organamnist,efficientnet_b0,split_07,72,B,submitted,completed,True,PASS,0,image,8825,0.9632182305585206,60,60,60,1464.0,run entry through output export; wall-clock UTC difference,NVIDIA GeForce RTX 5070 Ti,12.8,3.12.7,2.10.0+cu128,0.25.0+cu128,2.2.6,2.3.3,12.1.1,1.8.0,6.0.3,adamw,0.0001,0.0001,32,24,not recorded in frozen config,research-lab/experiments/registered-workflow/runs/primary/run_0672,5255f1768d85c6afebbdef65ba0233e9f565bb6d0aa3aae4dcd0b8fd128d29d2,f99396cd700a01becaa359760844116bcc369162124d21fa76280df29e5aaeb5
run_0673,original,organamnist,resnet18,split_07,82,A,submitted,completed,True,PASS,0,image,8825,0.9947875057112832,19,12,60,571.0,run entry through output export; wall-clock UTC difference,NVIDIA GeForce RTX 5070 Ti,12.8,3.12.7,2.10.0+cu128,0.25.0+cu128,2.2.6,2.3.3,12.1.1,1.8.0,6.0.3,adamw,0.0001,0.0001,32,24,not recorded in frozen config,research-lab/experiments/registered-workflow/runs/primary/run_0673,254a55a7de89dd42ed7193ba548dd146e39d71db3d3e572015d81e9db042621d,b99bc31c49e844e96e6fac6f4566bf01daf7fbf5db76fba482816d992265b3fb
run_0674,original,organamnist,resnet18,split_07,82,B,submitted,completed,True,PASS,0,image,8825,0.9964152074880352,60,60,60,1277.0,run entry through output export; wall-clock UTC difference,NVIDIA GeForce RTX 5070 Ti,12.8,3.12.7,2.10.0+cu128,0.25.0+cu128,2.2.6,2.3.3,12.1.1,1.8.0,6.0.3,adamw,0.0001,0.0001,32,24,not recorded in frozen config,research-lab/experiments/registered-workflow/runs/primary/run_0674,d61ef5b4ca395c476d08752c0be08c8c9948c1daa002600948ef50b90d6eb2ce,fc2a2dba86bf42642ff47d168daae5e396dd0ac3736f0bee304409ba904bf249
run_0675,original,organamnist,resnet50,split_07,82,A,submitted,completed,True,PASS,0,image,8825,0.9957548863724138,30,23,60,1399.0,run entry through output export; wall-clock UTC difference,NVIDIA GeForce RTX 5070 Ti,12.8,3.12.7,2.10.0+cu128,0.25.0+cu128,2.2.6,2.3.3,12.1.1,1.8.0,6.0.3,adamw,0.0001,0.0001,32,24,not recorded in frozen config,research-lab/experiments/registered-workflow/runs/primary/run_0675,7628fc9f9c61f20780ad38efad17630612e91a9c574c861ae1e1aa3108684b81,f8086758a66ce8a83b90d22e3efb3067ffbb6da9147d940799500f0a6bab9292
run_0676,original,organamnist,resnet50,split_07,82,B,submitted,completed,True,PASS,0,image,8825,0.9963746174685053,60,60,60,2555.0,run entry through output export; wall-clock UTC difference,NVIDIA GeForce RTX 5070 Ti,12.8,3.12.7,2.10.0+cu128,0.25.0+cu128,2.2.6,2.3.3,12.1.1,1.8.0,6.0.3,adamw,0.0001,0.0001,32,24,not recorded in frozen config,research-lab/experiments/registered-workflow/runs/primary/run_0676,c605027d2b133bdbdf46c02cd4e1a90dc84c676da88010a1d99f2ded72f696da,4cab299c46bdcdfd78180b6862fd9e5a39aa921a66d8408f412237e676846bfe
run_0677,original,organamnist,densenet121,split_07,82,A,submitted,completed,True,PASS,0,image,8825,0.9922016981891285,48,41,60,2211.0,run entry through output export; wall-clock UTC difference,NVIDIA GeForce RTX 5070 Ti,12.8,3.12.7,2.10.0+cu128,0.25.0+cu128,2.2.6,2.3.3,12.1.1,1.8.0,6.0.3,adamw,0.0001,0.0001,32,24,not recorded in frozen config,research-lab/experiments/registered-workflow/runs/primary/run_0677,08a95194896244e2de4eb1ea9f57d2506e65b5f389abe8b77c9a53ea8acb03d8,5d263ec1d088c1f503a3c1d12d3d3569c485b3f5cd8bd965f6ec9ea570c6f75d
run_0678,original,organamnist,densenet121,split_07,82,B,submitted,completed,True,PASS,0,image,8825,0.9916802386734606,60,60,60,2697.0,run entry through output export; wall-clock UTC difference,NVIDIA GeForce RTX 5070 Ti,12.8,3.12.7,2.10.0+cu128,0.25.0+cu128,2.2.6,2.3.3,12.1.1,1.8.0,6.0.3,adamw,0.0001,0.0001,32,24,not recorded in frozen config,research-lab/experiments/registered-workflow/runs/primary/run_0678,5de741f1ca237ab1ef47b71ff25d991273b0182b6c4615cd0f11d61d84f87521,98ca2e051c7623177f33d04d15cd9036b0af8cd24c30491d0c34d4b2c9fa77eb
run_0679,original,organamnist,efficientnet_b0,split_07,82,A,submitted,completed,True,PASS,0,image,8825,0.9647330103289907,60,57,60,1466.0,run entry through output export; wall-clock UTC difference,NVIDIA GeForce RTX 5070 Ti,12.8,3.12.7,2.10.0+cu128,0.25.0+cu128,2.2.6,2.3.3,12.1.1,1.8.0,6.0.3,adamw,0.0001,0.0001,32,24,not recorded in frozen config,research-lab/experiments/registered-workflow/runs/primary/run_0679,8c4e160b3cc6d516b46872887634c42be765d929f080f53b65ab5a5be9831608,5b331bd080bd20ba3c76e0f99ebe090b9d379ed072d43c766a91736ec9a87882
run_0680,original,organamnist,efficientnet_b0,split_07,82,B,submitted,completed,True,PASS,0,image,8825,0.9645689456069545,60,60,60,1462.0,run entry through output export; wall-clock UTC difference,NVIDIA GeForce RTX 5070 Ti,12.8,3.12.7,2.10.0+cu128,0.25.0+cu128,2.2.6,2.3.3,12.1.1,1.8.0,6.0.3,adamw,0.0001,0.0001,32,24,not recorded in frozen config,research-lab/experiments/registered-workflow/runs/primary/run_0680,a4891f675cbe3ae479ca3fe9a189569a77354fe06c5305455edc1342da42ef65,bb9c9a31115cf7580c5a19b1869c2ec13d1b8c4a22083412b48adfc7c5cb6ff5
run_0681,original,organamnist,resnet18,split_08,42,A,submitted,completed,True,PASS,0,image,8825,0.9935162628868792,19,12,60,566.0,run entry through output export; wall-clock UTC difference,NVIDIA GeForce RTX 5070 Ti,12.8,3.12.7,2.10.0+cu128,0.25.0+cu128,2.2.6,2.3.3,12.1.1,1.8.0,6.0.3,adamw,0.0001,0.0001,32,24,not recorded in frozen config,research-lab/experiments/registered-workflow/runs/primary/run_0681,fdcf2a751af4c85296a9a3984cff95fc39dcc83fbae2c90d006e3f4cff9daa55,36a1706d86c1a9c7dbbc6b4b3d38c724e661d3744993a56abef0306d141fe490
run_0682,original,organamnist,resnet18,split_08,42,B,submitted,completed,True,PASS,0,image,8825,0.996803369068287,60,60,60,1277.0,run entry through output export; wall-clock UTC difference,NVIDIA GeForce RTX 5070 Ti,12.8,3.12.7,2.10.0+cu128,0.25.0+cu128,2.2.6,2.3.3,12.1.1,1.8.0,6.0.3,adamw,0.0001,0.0001,32,24,not recorded in frozen config,research-lab/experiments/registered-workflow/runs/primary/run_0682,7fef85416042e6a629201ab7697858a2d11104b228667b6ad4d321926e89d2c5,b1ec8479fb77b88f1ed180397f1bc3359ca8e0b78a395826c9a17955aa7d0425
run_0683,original,organamnist,resnet50,split_08,42,A,submitted,completed,True,PASS,0,image,8825,0.9946186768231321,29,22,60,1363.0,run entry through output export; wall-clock UTC difference,NVIDIA GeForce RTX 5070 Ti,12.8,3.12.7,2.10.0+cu128,0.25.0+cu128,2.2.6,2.3.3,12.1.1,1.8.0,6.0.3,adamw,0.0001,0.0001,32,24,not recorded in frozen config,research-lab/experiments/registered-workflow/runs/primary/run_0683,e135572f869198e38274182018aae93101b7f68c9dcbdf719a16cd13946243b5,2bc39abaca083d2fe8e3170b9bcef0aaf340df5a43188989b026115cfdcba921
run_0684,original,organamnist,resnet50,split_08,42,B,submitted,completed,True,PASS,0,image,8825,0.9956913630852491,60,60,60,2556.0,run entry through output export; wall-clock UTC difference,NVIDIA GeForce RTX 5070 Ti,12.8,3.12.7,2.10.0+cu128,0.25.0+cu128,2.2.6,2.3.3,12.1.1,1.8.0,6.0.3,adamw,0.0001,0.0001,32,24,not recorded in frozen config,research-lab/experiments/registered-workflow/runs/primary/run_0684,703856c9657b8cdbc9a2b9b902d54a9cda1a80e0f8cc11bd8df39eb2093eff92,86efdc840ae2365455cf62c687ef9fbf922ef507649c8163e9e629ae0c5d80b9
run_0685,original,organamnist,densenet121,split_08,42,A,submitted,completed,True,PASS,0,image,8825,0.9915255366863861,35,28,60,1676.0,run entry through output export; wall-clock UTC difference,NVIDIA GeForce RTX 5070 Ti,12.8,3.12.7,2.10.0+cu128,0.25.0+cu128,2.2.6,2.3.3,12.1.1,1.8.0,6.0.3,adamw,0.0001,0.0001,32,24,not recorded in frozen config,research-lab/experiments/registered-workflow/runs/primary/run_0685,3956379eaac4f0b1cca6882899c91b2391de2c51d921eb63c7b8bac219306500,9188c21be9be8f5e8d8945ecab5acd861fc57302ad6846e4bbe804f7e7436723
run_0686,original,organamnist,densenet121,split_08,42,B,submitted,completed,True,PASS,0,image,8825,0.9929647456494376,60,60,60,2700.0,run entry through output export; wall-clock UTC difference,NVIDIA GeForce RTX 5070 Ti,12.8,3.12.7,2.10.0+cu128,0.25.0+cu128,2.2.6,2.3.3,12.1.1,1.8.0,6.0.3,adamw,0.0001,0.0001,32,24,not recorded in frozen config,research-lab/experiments/registered-workflow/runs/primary/run_0686,5236109e79a82ea712076172212d1eabf04882a1dfce195d27b84b1838102a38,6084e86b87fab2b14b36576f67732ec7a78cf463d7f79e8d07f26a96f112220d
run_0687,original,organamnist,efficientnet_b0,split_08,42,A,submitted,completed,True,PASS,0,image,8825,0.9574750631632035,46,39,60,1176.0,run entry through output export; wall-clock UTC difference,NVIDIA GeForce RTX 5070 Ti,12.8,3.12.7,2.10.0+cu128,0.25.0+cu128,2.2.6,2.3.3,12.1.1,1.8.0,6.0.3,adamw,0.0001,0.0001,32,24,not recorded in frozen config,research-lab/experiments/registered-workflow/runs/primary/run_0687,82c19d5e0b73e30928df062309074964e1d73c205906ea027192c2a396a18378,95ca51d15cecb6cc8f6233690b5db4ced9d2044187443a06ebc6c47dd3ecefb6
run_0688,original,organamnist,efficientnet_b0,split_08,42,B,submitted,completed,True,PASS,0,image,8825,0.9636611351420966,60,60,60,1457.0,run entry through output export; wall-clock UTC difference,NVIDIA GeForce RTX 5070 Ti,12.8,3.12.7,2.10.0+cu128,0.25.0+cu128,2.2.6,2.3.3,12.1.1,1.8.0,6.0.3,adamw,0.0001,0.0001,32,24,not recorded in frozen config,research-lab/experiments/registered-workflow/runs/primary/run_0688,c00a39a610cddf2959fb63cf257cb235a265105037b9d95d7cc9e67c1af3520d,81611eb629cbfd68a4bd2c0b37afcb00b62f9771aaed90bf3e030c9f3e1b87bc
run_0689,original,organamnist,resnet18,split_08,52,A,submitted,completed,True,PASS,0,image,8825,0.9951091358641733,30,23,60,760.0,run entry through output export; wall-clock UTC difference,NVIDIA GeForce RTX 5070 Ti,12.8,3.12.7,2.10.0+cu128,0.25.0+cu128,2.2.6,2.3.3,12.1.1,1.8.0,6.0.3,adamw,0.0001,0.0001,32,24,not recorded in frozen config,research-lab/experiments/registered-workflow/runs/primary/run_0689,7129d9a7ad7946282322562ebc44c1dd1c4e62aeef30e32d7781279baacffc65,4c9f08cd3e424228ae8a8e39348993f0ec6dc265ac17f58427025b408ae0de87
run_0690,original,organamnist,resnet18,split_08,52,B,submitted,completed,True,PASS,0,image,8825,0.99673821458031,60,60,60,1275.0,run entry through output export; wall-clock UTC difference,NVIDIA GeForce RTX 5070 Ti,12.8,3.12.7,2.10.0+cu128,0.25.0+cu128,2.2.6,2.3.3,12.1.1,1.8.0,6.0.3,adamw,0.0001,0.0001,32,24,not recorded in frozen config,research-lab/experiments/registered-workflow/runs/primary/run_0690,783d4e0407962e9e67815604642f4dd8636ec71b2541e28428ab8fdc672e70a5,d4bc4126e27ce745bf3c0c28ee47c4abffab7cd197027a6a7a9cd9c3761b9e40
run_0691,original,organamnist,resnet50,split_08,52,A,submitted,completed,True,PASS,0,image,8825,0.9938434016909053,23,16,60,1127.0,run entry through output export; wall-clock UTC difference,NVIDIA GeForce RTX 5070 Ti,12.8,3.12.7,2.10.0+cu128,0.25.0+cu128,2.2.6,2.3.3,12.1.1,1.8.0,6.0.3,adamw,0.0001,0.0001,32,24,not recorded in frozen config,research-lab/experiments/registered-workflow/runs/primary/run_0691,a7ef7ced44259f8b4aa4f04029acc69f0b15b8569784c2b0d862b531c2ee5775,456b2db94bf60dd990c9211f1e76925a4a8a372164e4f78056457097ba4d042e
run_0692,original,organamnist,resnet50,split_08,52,B,submitted,completed,True,PASS,0,image,8825,0.994434034582646,60,60,60,2555.0,run entry through output export; wall-clock UTC difference,NVIDIA GeForce RTX 5070 Ti,12.8,3.12.7,2.10.0+cu128,0.25.0+cu128,2.2.6,2.3.3,12.1.1,1.8.0,6.0.3,adamw,0.0001,0.0001,32,24,not recorded in frozen config,research-lab/experiments/registered-workflow/runs/primary/run_0692,6b9a079c1c9e94eae5d1efd39c8a13480c40b443947646dea342302b3843f83e,21e9e30652bbfbf5d0d63ffad56eccb743141967b81a202cb917979387f82dbb
run_0693,original,organamnist,densenet121,split_08,52,A,submitted,completed,True,PASS,0,image,8825,0.9903929252690862,31,24,60,1515.0,run entry through output export; wall-clock UTC difference,NVIDIA GeForce RTX 5070 Ti,12.8,3.12.7,2.10.0+cu128,0.25.0+cu128,2.2.6,2.3.3,12.1.1,1.8.0,6.0.3,adamw,0.0001,0.0001,32,24,not recorded in frozen config,research-lab/experiments/registered-workflow/runs/primary/run_0693,9ba3de72291df850129213686222f2da3ba0a2cc6aafc56ea469019ffb7c6686,dab8a74150d7838adf012e4b25bb5e419ad4493209d51bd87185a7061c97d4a6
run_0694,original,organamnist,densenet121,split_08,52,B,submitted,completed,True,PASS,0,image,8825,0.9928304454496129,60,60,60,2700.0,run entry through output export; wall-clock UTC difference,NVIDIA GeForce RTX 5070 Ti,12.8,3.12.7,2.10.0+cu128,0.25.0+cu128,2.2.6,2.3.3,12.1.1,1.8.0,6.0.3,adamw,0.0001,0.0001,32,24,not recorded in frozen config,research-lab/experiments/registered-workflow/runs/primary/run_0694,eadf9e1498f0d7b78f033d1f092d60f74b9104afdb1804548d8f2faaa0dac453,35bf3f5a69130623507aa6a9292748555a006a51b4be9899685dbf3d992d691c
run_0695,original,organamnist,efficientnet_b0,split_08,52,A,submitted,completed,True,PASS,0,image,8825,0.9586177501766031,50,43,60,1260.0,run entry through output export; wall-clock UTC difference,NVIDIA GeForce RTX 5070 Ti,12.8,3.12.7,2.10.0+cu128,0.25.0+cu128,2.2.6,2.3.3,12.1.1,1.8.0,6.0.3,adamw,0.0001,0.0001,32,24,not recorded in frozen config,research-lab/experiments/registered-workflow/runs/primary/run_0695,024aee830c8175b32219eb2a8c1b36623c1a9dbf0955f281622c7e9648c106c0,4927f80f772400767ed62eb50a13c2c68541cc7f83f5bdd1c75bae30fbff4c3b
run_0696,original,organamnist,efficientnet_b0,split_08,52,B,submitted,completed,True,PASS,0,image,8825,0.9626286379491664,60,60,60,1461.0,run entry through output export; wall-clock UTC difference,NVIDIA GeForce RTX 5070 Ti,12.8,3.12.7,2.10.0+cu128,0.25.0+cu128,2.2.6,2.3.3,12.1.1,1.8.0,6.0.3,adamw,0.0001,0.0001,32,24,not recorded in frozen config,research-lab/experiments/registered-workflow/runs/primary/run_0696,e3858e3f949255333284558ea4f6242f87e9e9b8cb8813efefbe94fd0d2ca2fd,08cbf836ebf42cc9c1c657870de22737080a7b7562d9a5473045ba69192ff03f
run_0697,original,organamnist,resnet18,split_08,62,A,submitted,completed,True,PASS,0,image,8825,0.9956503991467056,31,24,60,781.0,run entry through output export; wall-clock UTC difference,NVIDIA GeForce RTX 5070 Ti,12.8,3.12.7,2.10.0+cu128,0.25.0+cu128,2.2.6,2.3.3,12.1.1,1.8.0,6.0.3,adamw,0.0001,0.0001,32,24,not recorded in frozen config,research-lab/experiments/registered-workflow/runs/primary/run_0697,7c114e3d9884bb05d47b6126b142492531cf8e5bc3134fb7b3bac478ac0d54e2,c5d6f02bfefdfb045a9f55900b2c799058cc0bc79aff98ac90626df743f02a81
run_0698,original,organamnist,resnet18,split_08,62,B,submitted,completed,True,PASS,0,image,8825,0.9959138649128135,60,60,60,1281.0,run entry through output export; wall-clock UTC difference,NVIDIA GeForce RTX 5070 Ti,12.8,3.12.7,2.10.0+cu128,0.25.0+cu128,2.2.6,2.3.3,12.1.1,1.8.0,6.0.3,adamw,0.0001,0.0001,32,24,not recorded in frozen config,research-lab/experiments/registered-workflow/runs/primary/run_0698,4926ea85cbe0678f81cabae6544dff8f9030b14c0a0745485865033940ecd2a9,410877678601b0e842d12b1fa9c85a4ddde51e26182a833f5136afcefaa8019f
run_0699,original,organamnist,resnet50,split_08,62,A,submitted,completed,True,PASS,0,image,8825,0.9931832381842668,19,12,60,976.0,run entry through output export; wall-clock UTC difference,NVIDIA GeForce RTX 5070 Ti,12.8,3.12.7,2.10.0+cu128,0.25.0+cu128,2.2.6,2.3.3,12.1.1,1.8.0,6.0.3,adamw,0.0001,0.0001,32,24,not recorded in frozen config,research-lab/experiments/registered-workflow/runs/primary/run_0699,64e414f92d4164c9d1dce201a0835d53db419b0f96ba9a12d03970f5a4efcdbc,969fd05780411625a57672854ea668fca1970ccce11ddc7b56ab8a6b1a55efe5
run_0700,original,organamnist,resnet50,split_08,62,B,submitted,completed,True,PASS,0,image,8825,0.9958308708085031,60,60,60,2557.0,run entry through output export; wall-clock UTC difference,NVIDIA GeForce RTX 5070 Ti,12.8,3.12.7,2.10.0+cu128,0.25.0+cu128,2.2.6,2.3.3,12.1.1,1.8.0,6.0.3,adamw,0.0001,0.0001,32,24,not recorded in frozen config,research-lab/experiments/registered-workflow/runs/primary/run_0700,8f2b4f8699cf000a3ec534419f206480f2c694944a871ee75551b520288931cb,f28dc238af0e7019806dd7833dfa3e775dba559d1f1d5e32d31e4345297ecf58
run_0701,original,organamnist,densenet121,split_08,62,A,submitted,completed,True,PASS,0,image,8825,0.9887565661987998,31,24,60,1513.0,run entry through output export; wall-clock UTC difference,NVIDIA GeForce RTX 5070 Ti,12.8,3.12.7,2.10.0+cu128,0.25.0+cu128,2.2.6,2.3.3,12.1.1,1.8.0,6.0.3,adamw,0.0001,0.0001,32,24,not recorded in frozen config,research-lab/experiments/registered-workflow/runs/primary/run_0701,1a12813447276458620ff13851f52b4d9e4c5365add80c0e2f7bf3ca24fcc373,cc6538917423544a3a3555f787c159372717a22af6a7cdae6002455f96198d93
run_0702,original,organamnist,densenet121,split_08,62,B,submitted,completed,True,PASS,0,image,8825,0.9914652112758149,60,60,60,2702.0,run entry through output export; wall-clock UTC difference,NVIDIA GeForce RTX 5070 Ti,12.8,3.12.7,2.10.0+cu128,0.25.0+cu128,2.2.6,2.3.3,12.1.1,1.8.0,6.0.3,adamw,0.0001,0.0001,32,24,not recorded in frozen config,research-lab/experiments/registered-workflow/runs/primary/run_0702,ac1692430b2f4a109cafbeb296acc73f2fed6b8d65618b40e1ae5e4ddb62d80e,a2a4702fa390a82a65a5803f419147253042f86d87103479818b0462b4c46b3d
run_0703,original,organamnist,efficientnet_b0,split_08,62,A,submitted,completed,True,PASS,0,image,8825,0.9601259398018452,58,51,60,1428.0,run entry through output export; wall-clock UTC difference,NVIDIA GeForce RTX 5070 Ti,12.8,3.12.7,2.10.0+cu128,0.25.0+cu128,2.2.6,2.3.3,12.1.1,1.8.0,6.0.3,adamw,0.0001,0.0001,32,24,not recorded in frozen config,research-lab/experiments/registered-workflow/runs/primary/run_0703,412e2a888ed916282a3e01c1bbe88960413c6b3e2e0283f80b3eb7b417c6f7bb,76e1c48d297e69ba2c95232f42b926c65ae52e9bace4306bdbf3c3ad7bb5dfbe
run_0704,original,organamnist,efficientnet_b0,split_08,62,B,submitted,completed,True,PASS,0,image,8825,0.9610674804948094,60,60,60,1467.0,run entry through output export; wall-clock UTC difference,NVIDIA GeForce RTX 5070 Ti,12.8,3.12.7,2.10.0+cu128,0.25.0+cu128,2.2.6,2.3.3,12.1.1,1.8.0,6.0.3,adamw,0.0001,0.0001,32,24,not recorded in frozen config,research-lab/experiments/registered-workflow/runs/primary/run_0704,0143e30b199e2d32bd1d1f405c3a146e2186200b11e19442517e9145c3a72524,d5b3146d5b3f29c691f16c8ee1b6a6970b505618eebb72ecb71417c2c796f60b
run_0705,original,organamnist,resnet18,split_08,72,A,submitted,completed,True,PASS,0,image,8825,0.9956113998280235,32,25,60,798.0,run entry through output export; wall-clock UTC difference,NVIDIA GeForce RTX 5070 Ti,12.8,3.12.7,2.10.0+cu128,0.25.0+cu128,2.2.6,2.3.3,12.1.1,1.8.0,6.0.3,adamw,0.0001,0.0001,32,24,not recorded in frozen config,research-lab/experiments/registered-workflow/runs/primary/run_0705,b342fb143e16c832d1f03cde2057f1e5d4d81468581eea1a09ee4f9dbed5abc4,dbf70d5313e0e396398306aed3295f31dc7f18a15b68f3e378842b3d87a6cf2f
run_0706,original,organamnist,resnet18,split_08,72,B,submitted,completed,True,PASS,0,image,8825,0.9950935616606503,60,60,60,1281.0,run entry through output export; wall-clock UTC difference,NVIDIA GeForce RTX 5070 Ti,12.8,3.12.7,2.10.0+cu128,0.25.0+cu128,2.2.6,2.3.3,12.1.1,1.8.0,6.0.3,adamw,0.0001,0.0001,32,24,not recorded in frozen config,research-lab/experiments/registered-workflow/runs/primary/run_0706,4caa8e556cb51663acd6886c7e8bd188a9c5e08f2ca7f470392f1caba1a46046,c59d368c590409cfc85c10433d260f554f48e4b0d841fcbfa3ae592bb9f4ba5e
run_0707,original,organamnist,resnet50,split_08,72,A,submitted,completed,True,PASS,0,image,8825,0.9945602761969045,27,20,60,1286.0,run entry through output export; wall-clock UTC difference,NVIDIA GeForce RTX 5070 Ti,12.8,3.12.7,2.10.0+cu128,0.25.0+cu128,2.2.6,2.3.3,12.1.1,1.8.0,6.0.3,adamw,0.0001,0.0001,32,24,not recorded in frozen config,research-lab/experiments/registered-workflow/runs/primary/run_0707,b3180750306ce23aecdf3a02667866ba88318e98812bc5072c0328d1048f1c2c,9a93e0d4d77aefbaffddc64f2f4a9d180eb098d26e207ac58dbe5fed8509522d
run_0708,original,organamnist,resnet50,split_08,72,B,submitted,completed,True,PASS,0,image,8825,0.9959537361203488,60,60,60,2558.0,run entry through output export; wall-clock UTC difference,NVIDIA GeForce RTX 5070 Ti,12.8,3.12.7,2.10.0+cu128,0.25.0+cu128,2.2.6,2.3.3,12.1.1,1.8.0,6.0.3,adamw,0.0001,0.0001,32,24,not recorded in frozen config,research-lab/experiments/registered-workflow/runs/primary/run_0708,94a2be78919f9066b66eb11475b45474ca87bc08f8acc51adda64e9588e4a0a6,c1a163616077e079cccc92bbf0f197f9f18c3e7a46c0b66420434482b32c0576
run_0709,original,organamnist,densenet121,split_08,72,A,submitted,completed,True,PASS,0,image,8825,0.9917349837921791,32,25,60,1557.0,run entry through output export; wall-clock UTC difference,NVIDIA GeForce RTX 5070 Ti,12.8,3.12.7,2.10.0+cu128,0.25.0+cu128,2.2.6,2.3.3,12.1.1,1.8.0,6.0.3,adamw,0.0001,0.0001,32,24,not recorded in frozen config,research-lab/experiments/registered-workflow/runs/primary/run_0709,2b06210728b85afddf1639ca0e9c4b0e69c45a6effa2564be9435e72f04ad150,b8437423d515fbc60a91d30d5bb30321bad0bf711587052abf945e73a2cfc673
run_0710,original,organamnist,densenet121,split_08,72,B,submitted,completed,True,PASS,0,image,8825,0.9906648970730287,60,60,60,2723.0,run entry through output export; wall-clock UTC difference,NVIDIA GeForce RTX 5070 Ti,12.8,3.12.7,2.10.0+cu128,0.25.0+cu128,2.2.6,2.3.3,12.1.1,1.8.0,6.0.3,adamw,0.0001,0.0001,32,24,not recorded in frozen config,research-lab/experiments/registered-workflow/runs/primary/run_0710,166895bce30e671611cf307f431279d18bd76bff565e6db6d36c60bef7807a94,180672116146ffd44d41c9de69e5d0a4f4cea97a679760362c756d1568a117c5
run_0711,original,organamnist,efficientnet_b0,split_08,72,A,submitted,completed,True,PASS,0,image,8825,0.954091090055361,42,35,60,1100.0,run entry through output export; wall-clock UTC difference,NVIDIA GeForce RTX 5070 Ti,12.8,3.12.7,2.10.0+cu128,0.25.0+cu128,2.2.6,2.3.3,12.1.1,1.8.0,6.0.3,adamw,0.0001,0.0001,32,24,not recorded in frozen config,research-lab/experiments/registered-workflow/runs/primary/run_0711,5eff503a5c45805eb0701917fab69e6ca737facb549d1fc89525cda5cede99a5,43188ae99d302e8e4fb160c34e22f73f12cb6e9d2f082a5be8e3736e3f72c980
run_0712,original,organamnist,efficientnet_b0,split_08,72,B,submitted,completed,True,PASS,0,image,8825,0.9593181632229377,60,60,60,1468.0,run entry through output export; wall-clock UTC difference,NVIDIA GeForce RTX 5070 Ti,12.8,3.12.7,2.10.0+cu128,0.25.0+cu128,2.2.6,2.3.3,12.1.1,1.8.0,6.0.3,adamw,0.0001,0.0001,32,24,not recorded in frozen config,research-lab/experiments/registered-workflow/runs/primary/run_0712,2ba02af82535e596dd74b499417e7974d7eaf49caf38a1e93d758c1aecdad0cd,c1b0345811d83f1531b804b44592a8318f6523a6b0cbe0f97275f57a57795ec2
run_0713,original,organamnist,resnet18,split_08,82,A,submitted,completed,True,PASS,0,image,8825,0.9944111807862984,22,15,60,624.0,run entry through output export; wall-clock UTC difference,NVIDIA GeForce RTX 5070 Ti,12.8,3.12.7,2.10.0+cu128,0.25.0+cu128,2.2.6,2.3.3,12.1.1,1.8.0,6.0.3,adamw,0.0001,0.0001,32,24,not recorded in frozen config,research-lab/experiments/registered-workflow/runs/primary/run_0713,649e25a5e96b6cf0ed02de62c1675110769df570b1d3f0551b379b2332277f0e,1d892c8848b91153a26b0f66aeefe18814afe6f112937661dcc7e63e930cf385
run_0714,original,organamnist,resnet18,split_08,82,B,submitted,completed,True,PASS,0,image,8825,0.9958728807638039,60,60,60,1286.0,run entry through output export; wall-clock UTC difference,NVIDIA GeForce RTX 5070 Ti,12.8,3.12.7,2.10.0+cu128,0.25.0+cu128,2.2.6,2.3.3,12.1.1,1.8.0,6.0.3,adamw,0.0001,0.0001,32,24,not recorded in frozen config,research-lab/experiments/registered-workflow/runs/primary/run_0714,8b6a27483c1391ba1419b3727d9af997cbf97dbdd3dbcf3aba3dd1910ee1d973,a59ff97d3b16cf4901129ffe7c6a4097a24ffea5421c04d231d2455f3343c961
run_0715,original,organamnist,resnet50,split_08,82,A,submitted,completed,True,PASS,0,image,8825,0.9890594019619571,12,5,60,707.0,run entry through output export; wall-clock UTC difference,NVIDIA GeForce RTX 5070 Ti,12.8,3.12.7,2.10.0+cu128,0.25.0+cu128,2.2.6,2.3.3,12.1.1,1.8.0,6.0.3,adamw,0.0001,0.0001,32,24,not recorded in frozen config,research-lab/experiments/registered-workflow/runs/primary/run_0715,5b3d112af46b6fd17f48ad0f57f17effd692f449c30703166fc78b4df21c44e4,b8e1a1e56ead8afe7e349f914bcba8037149e1cc2921c75b61b0be42bb8d5689
run_0716,original,organamnist,resnet50,split_08,82,B,submitted,completed,True,PASS,0,image,8825,0.9966993874258285,60,60,60,2559.0,run entry through output export; wall-clock UTC difference,NVIDIA GeForce RTX 5070 Ti,12.8,3.12.7,2.10.0+cu128,0.25.0+cu128,2.2.6,2.3.3,12.1.1,1.8.0,6.0.3,adamw,0.0001,0.0001,32,24,not recorded in frozen config,research-lab/experiments/registered-workflow/runs/primary/run_0716,cb2dd39c61ca2819330c86bdb4163864e8288053fac7b7620a582c530a632421,7e93d35ff13f0bb7ec7f6ac5237fa5df6a2fa33092303c5c660bedd465a1086d
run_0717,original,organamnist,densenet121,split_08,82,A,submitted,completed,True,PASS,0,image,8825,0.9915738379511819,33,26,60,1598.0,run entry through output export; wall-clock UTC difference,NVIDIA GeForce RTX 5070 Ti,12.8,3.12.7,2.10.0+cu128,0.25.0+cu128,2.2.6,2.3.3,12.1.1,1.8.0,6.0.3,adamw,0.0001,0.0001,32,24,not recorded in frozen config,research-lab/experiments/registered-workflow/runs/primary/run_0717,cc6fe4aa414a1ba373cfecedbf6779b8183fbe1c7fe946fd3e2fe9425d4d8f75,07ce178515a2bec050d54888020f2f406da59e145f9c49ef1f9ef3f079f12755
run_0718,original,organamnist,densenet121,split_08,82,B,submitted,completed,True,PASS,0,image,8825,0.9928435906941366,60,60,60,2701.0,run entry through output export; wall-clock UTC difference,NVIDIA GeForce RTX 5070 Ti,12.8,3.12.7,2.10.0+cu128,0.25.0+cu128,2.2.6,2.3.3,12.1.1,1.8.0,6.0.3,adamw,0.0001,0.0001,32,24,not recorded in frozen config,research-lab/experiments/registered-workflow/runs/primary/run_0718,22f2dc80b40feadacc98a2dac2f3d9e696073573222162dc4ca9309530367f0f,5272c541abc7eea09d87891017b300d06ece1a171249b5507873cb7f11cf909b
run_0719,original,organamnist,efficientnet_b0,split_08,82,A,submitted,completed,True,PASS,0,image,8825,0.9638830993169591,60,60,60,1474.0,run entry through output export; wall-clock UTC difference,NVIDIA GeForce RTX 5070 Ti,12.8,3.12.7,2.10.0+cu128,0.25.0+cu128,2.2.6,2.3.3,12.1.1,1.8.0,6.0.3,adamw,0.0001,0.0001,32,24,not recorded in frozen config,research-lab/experiments/registered-workflow/runs/primary/run_0719,b2f454b0a2bd6a2c78c036efabdec585856f3cc93dbda78c0e299cef0588cb6d,48462557967f8447b2c381074c4a1a93f207940f4d50dd603ce1fc5c4bca34c4
run_0720,original,organamnist,efficientnet_b0,split_08,82,B,submitted,completed,True,PASS,0,image,8825,0.9638830993169591,60,60,60,1466.0,run entry through output export; wall-clock UTC difference,NVIDIA GeForce RTX 5070 Ti,12.8,3.12.7,2.10.0+cu128,0.25.0+cu128,2.2.6,2.3.3,12.1.1,1.8.0,6.0.3,adamw,0.0001,0.0001,32,24,not recorded in frozen config,research-lab/experiments/registered-workflow/runs/primary/run_0720,9141b79298289b8fa12e3b8b880a4b34a2386df1ce2eed612caff4d586af73ab,047b74413dfd97bbd6a359807c8a6d520dedb15b333271c8144b25587826aeb5
run_0721,original,organamnist,resnet18,split_09,42,A,submitted,completed,True,PASS,0,image,8825,0.9959710956389528,34,27,60,832.0,run entry through output export; wall-clock UTC difference,NVIDIA GeForce RTX 5070 Ti,12.8,3.12.7,2.10.0+cu128,0.25.0+cu128,2.2.6,2.3.3,12.1.1,1.8.0,6.0.3,adamw,0.0001,0.0001,32,24,not recorded in frozen config,research-lab/experiments/registered-workflow/runs/primary/run_0721,0921fddadeb60621f3448b220b2640246f5548fbd93edaaa62c2fb21c3cd9737,99451f69dbf261eb535690700bd62d4aa650a31d18d3ea0688a3c25ea63a546c
run_0722,original,organamnist,resnet18,split_09,42,B,submitted,completed,True,PASS,0,image,8825,0.9950314458736891,60,60,60,1287.0,run entry through output export; wall-clock UTC difference,NVIDIA GeForce RTX 5070 Ti,12.8,3.12.7,2.10.0+cu128,0.25.0+cu128,2.2.6,2.3.3,12.1.1,1.8.0,6.0.3,adamw,0.0001,0.0001,32,24,not recorded in frozen config,research-lab/experiments/registered-workflow/runs/primary/run_0722,0845b5df2ddbf3b1d09207cf932fd4fb673c88bf53ae7cb64d1bc55f6ef4cfbb,04e0d3596d0b438c5321324602194d207530c6ee4be84c6b72962aa989510a7e
run_0723,original,organamnist,resnet50,split_09,42,A,submitted,completed,True,PASS,0,image,8825,0.9959910861591648,32,25,60,1480.0,run entry through output export; wall-clock UTC difference,NVIDIA GeForce RTX 5070 Ti,12.8,3.12.7,2.10.0+cu128,0.25.0+cu128,2.2.6,2.3.3,12.1.1,1.8.0,6.0.3,adamw,0.0001,0.0001,32,24,not recorded in frozen config,research-lab/experiments/registered-workflow/runs/primary/run_0723,42065b4ba0f5586912253c57bdf371882ad11b33566bc028130351d0d8868dfc,3411d4f2e0874a9871d7282a2fcea6499ac4227eabf04b57fe6d628d258c4ae8
run_0724,original,organamnist,resnet50,split_09,42,B,submitted,completed,True,PASS,0,image,8825,0.9977500649196536,60,60,60,2560.0,run entry through output export; wall-clock UTC difference,NVIDIA GeForce RTX 5070 Ti,12.8,3.12.7,2.10.0+cu128,0.25.0+cu128,2.2.6,2.3.3,12.1.1,1.8.0,6.0.3,adamw,0.0001,0.0001,32,24,not recorded in frozen config,research-lab/experiments/registered-workflow/runs/primary/run_0724,7a2215002a8e2e1bf0e598658bd4a44390a1b18fc77d6292057f5308e1cedcfd,87e4043b6082eca247ae5d2de055cae9823baf6aed75ae4ce30a751858c9dfd2
run_0725,original,organamnist,densenet121,split_09,42,A,submitted,completed,True,PASS,0,image,8825,0.9915477051741838,38,31,60,1802.0,run entry through output export; wall-clock UTC difference,NVIDIA GeForce RTX 5070 Ti,12.8,3.12.7,2.10.0+cu128,0.25.0+cu128,2.2.6,2.3.3,12.1.1,1.8.0,6.0.3,adamw,0.0001,0.0001,32,24,not recorded in frozen config,research-lab/experiments/registered-workflow/runs/primary/run_0725,40ca28aebccc50cd6aa565108744ef8a50674ea3eb7c01484d7b42c2664a3893,94bfa17c01e15483b6e0c21e361f04deff5c495e51f6d5452a3e5f3fbc5da970
run_0726,original,organamnist,densenet121,split_09,42,B,submitted,completed,True,PASS,0,image,8825,0.9917295515693713,60,60,60,2704.0,run entry through output export; wall-clock UTC difference,NVIDIA GeForce RTX 5070 Ti,12.8,3.12.7,2.10.0+cu128,0.25.0+cu128,2.2.6,2.3.3,12.1.1,1.8.0,6.0.3,adamw,0.0001,0.0001,32,24,not recorded in frozen config,research-lab/experiments/registered-workflow/runs/primary/run_0726,944471ec24aa8e3da2023a67ce0bbd6363bf2d039c9b4d5a5b75402187cfd426,7ec59a2ff6fde3949baa57ca0d00b96058cb74f799facedfa34cb80ca3d6a4b4
run_0727,original,organamnist,efficientnet_b0,split_09,42,A,submitted,completed,True,PASS,0,image,8825,0.9609998788887186,60,57,60,1469.0,run entry through output export; wall-clock UTC difference,NVIDIA GeForce RTX 5070 Ti,12.8,3.12.7,2.10.0+cu128,0.25.0+cu128,2.2.6,2.3.3,12.1.1,1.8.0,6.0.3,adamw,0.0001,0.0001,32,24,not recorded in frozen config,research-lab/experiments/registered-workflow/runs/primary/run_0727,c0ef22656200987a911c407dc741eef368328235dc684fa56af361b289f959ef,43c010307fb0191378adf4b2a07d9daff645e9599f91917037f2d2ad4e79b734
run_0728,original,organamnist,efficientnet_b0,split_09,42,B,submitted,completed,True,PASS,0,image,8825,0.9600095349360926,60,60,60,1477.0,run entry through output export; wall-clock UTC difference,NVIDIA GeForce RTX 5070 Ti,12.8,3.12.7,2.10.0+cu128,0.25.0+cu128,2.2.6,2.3.3,12.1.1,1.8.0,6.0.3,adamw,0.0001,0.0001,32,24,not recorded in frozen config,research-lab/experiments/registered-workflow/runs/primary/run_0728,81362fb9ed740bd8423593451787c5a109ae03cf653cf47aebdd99d0a704e51c,bc5f08129020d751c72afef03f6096628b844981bc46ed084bdae42ef08a011c
run_0729,original,organamnist,resnet18,split_09,52,A,submitted,completed,True,PASS,0,image,8825,0.9948905985718742,27,20,60,710.0,run entry through output export; wall-clock UTC difference,NVIDIA GeForce RTX 5070 Ti,12.8,3.12.7,2.10.0+cu128,0.25.0+cu128,2.2.6,2.3.3,12.1.1,1.8.0,6.0.3,adamw,0.0001,0.0001,32,24,not recorded in frozen config,research-lab/experiments/registered-workflow/runs/primary/run_0729,1ab0faa0e9b50094f9b032f91786f31cf21d65e1851d6d239a3423d1c0f583e0,30529539e84510dc0ef18c656be628d016a6649687145105d4b83712e7b14377
run_0730,original,organamnist,resnet18,split_09,52,B,submitted,completed,True,PASS,0,image,8825,0.996150476390902,60,60,60,1285.0,run entry through output export; wall-clock UTC difference,NVIDIA GeForce RTX 5070 Ti,12.8,3.12.7,2.10.0+cu128,0.25.0+cu128,2.2.6,2.3.3,12.1.1,1.8.0,6.0.3,adamw,0.0001,0.0001,32,24,not recorded in frozen config,research-lab/experiments/registered-workflow/runs/primary/run_0730,0fe3e4d22245386673d4c9b4db06541048723afa1583c3787902dee567b8dcdc,6d4bc82d1cb0ced657b930aa4bdd80597e14c79f1e4e28aa1f54539ea1b691dd
run_0731,original,organamnist,resnet50,split_09,52,A,submitted,completed,True,PASS,0,image,8825,0.9951040871943629,28,21,60,1327.0,run entry through output export; wall-clock UTC difference,NVIDIA GeForce RTX 5070 Ti,12.8,3.12.7,2.10.0+cu128,0.25.0+cu128,2.2.6,2.3.3,12.1.1,1.8.0,6.0.3,adamw,0.0001,0.0001,32,24,not recorded in frozen config,research-lab/experiments/registered-workflow/runs/primary/run_0731,86012504fbd9f8907ed9bfab9d0fb3e947cd0b6e0944d66d5a2e56f21cb04cbb,ff36a24fe3f30ed707ad04c109ac50e540a4105f8b9ba4a69d896c7746f25f9b
run_0732,original,organamnist,resnet50,split_09,52,B,submitted,completed,True,PASS,0,image,8825,0.9963450761267775,60,60,60,2558.0,run entry through output export; wall-clock UTC difference,NVIDIA GeForce RTX 5070 Ti,12.8,3.12.7,2.10.0+cu128,0.25.0+cu128,2.2.6,2.3.3,12.1.1,1.8.0,6.0.3,adamw,0.0001,0.0001,32,24,not recorded in frozen config,research-lab/experiments/registered-workflow/runs/primary/run_0732,95fdbbdf92b72cc72c6c1ff253ff9bf0450f9144e276df9d01368767c20bc658,cf2509407db23b205ccfc6fce364b2df6015eba5ecbb11e8400768e8f2deb44e
run_0733,original,organamnist,densenet121,split_09,52,A,submitted,completed,True,PASS,0,image,8825,0.9897128153056293,35,28,60,1679.0,run entry through output export; wall-clock UTC difference,NVIDIA GeForce RTX 5070 Ti,12.8,3.12.7,2.10.0+cu128,0.25.0+cu128,2.2.6,2.3.3,12.1.1,1.8.0,6.0.3,adamw,0.0001,0.0001,32,24,not recorded in frozen config,research-lab/experiments/registered-workflow/runs/primary/run_0733,8eba0ed13ef0a48f1523a81c79fb70c6b6dbe7445e8b17fb2f8ad63f7254eeb1,2fd7a5bd84bac63f5c3b047da97db80284bf5cd547577b03269d9fd84996ce42
run_0734,original,organamnist,densenet121,split_09,52,B,submitted,completed,True,PASS,0,image,8825,0.9946006048097896,60,60,60,2700.0,run entry through output export; wall-clock UTC difference,NVIDIA GeForce RTX 5070 Ti,12.8,3.12.7,2.10.0+cu128,0.25.0+cu128,2.2.6,2.3.3,12.1.1,1.8.0,6.0.3,adamw,0.0001,0.0001,32,24,not recorded in frozen config,research-lab/experiments/registered-workflow/runs/primary/run_0734,f50bd23080283beb207be262f0d1f9f8164481783e03a755340fddf6bc0ca836,e1d3e61fc34944c93e724627c1933572595bf8354d6188c973c0aae410aeae9e
run_0735,original,organamnist,efficientnet_b0,split_09,52,A,submitted,completed,True,PASS,0,image,8825,0.9592468367775191,47,40,60,1202.0,run entry through output export; wall-clock UTC difference,NVIDIA GeForce RTX 5070 Ti,12.8,3.12.7,2.10.0+cu128,0.25.0+cu128,2.2.6,2.3.3,12.1.1,1.8.0,6.0.3,adamw,0.0001,0.0001,32,24,not recorded in frozen config,research-lab/experiments/registered-workflow/runs/primary/run_0735,4d29250461ebf23bc2992c2c7acf9d139ebbafb73da7438b2b163cd91b48b8b3,a50dabaf305cd902fa1e7196db7f37a6459ff60c900f73e4b8c4bf8c79e37f98
run_0736,original,organamnist,efficientnet_b0,split_09,52,B,submitted,completed,True,PASS,0,image,8825,0.9613246288184348,60,60,60,1463.0,run entry through output export; wall-clock UTC difference,NVIDIA GeForce RTX 5070 Ti,12.8,3.12.7,2.10.0+cu128,0.25.0+cu128,2.2.6,2.3.3,12.1.1,1.8.0,6.0.3,adamw,0.0001,0.0001,32,24,not recorded in frozen config,research-lab/experiments/registered-workflow/runs/primary/run_0736,cd33c3a74e808354e90eb0f72ce4bd4b0aa12a6162c731205c112473e9ae144c,15ce9dfaeff0cd1ed4835673d8d1bdb42883f63cb8d3d499db3206a7288c6037
run_0737,original,organamnist,resnet18,split_09,62,A,submitted,completed,True,PASS,0,image,8825,0.9937470373599269,18,11,60,556.0,run entry through output export; wall-clock UTC difference,NVIDIA GeForce RTX 5070 Ti,12.8,3.12.7,2.10.0+cu128,0.25.0+cu128,2.2.6,2.3.3,12.1.1,1.8.0,6.0.3,adamw,0.0001,0.0001,32,24,not recorded in frozen config,research-lab/experiments/registered-workflow/runs/primary/run_0737,da6d9bd92f8158bda6d6d453e5a46e826dca7886b0431d621b93fb109068c2a4,ddf476090bf495beb0a8790d8d9065402425de84bfc868abb02af784bc98174c
run_0738,original,organamnist,resnet18,split_09,62,B,submitted,completed,True,PASS,0,image,8825,0.9958568950433718,60,60,60,1285.0,run entry through output export; wall-clock UTC difference,NVIDIA GeForce RTX 5070 Ti,12.8,3.12.7,2.10.0+cu128,0.25.0+cu128,2.2.6,2.3.3,12.1.1,1.8.0,6.0.3,adamw,0.0001,0.0001,32,24,not recorded in frozen config,research-lab/experiments/registered-workflow/runs/primary/run_0738,a414c67436b07cde62492b5890d9f3945a46cf03d5b078c5cc6806093c3b8c3f,bd24b0d0d606983eedd933caa22ab86404c69faada3ee77dbcca59fed355f315
run_0739,original,organamnist,resnet50,split_09,62,A,submitted,completed,True,PASS,0,image,8825,0.9941889136967159,25,18,60,1212.0,run entry through output export; wall-clock UTC difference,NVIDIA GeForce RTX 5070 Ti,12.8,3.12.7,2.10.0+cu128,0.25.0+cu128,2.2.6,2.3.3,12.1.1,1.8.0,6.0.3,adamw,0.0001,0.0001,32,24,not recorded in frozen config,research-lab/experiments/registered-workflow/runs/primary/run_0739,ab6663c875087db1a34dd690c8796d553432a5ad7e2623d3ea91d3f1435529fb,bc065d9cc268bc381a43db34be7191a486c4fceedb9c3adb38fa49a9a9649a60
run_0740,original,organamnist,resnet50,split_09,62,B,submitted,completed,True,PASS,0,image,8825,0.9976369047538763,60,60,60,2562.0,run entry through output export; wall-clock UTC difference,NVIDIA GeForce RTX 5070 Ti,12.8,3.12.7,2.10.0+cu128,0.25.0+cu128,2.2.6,2.3.3,12.1.1,1.8.0,6.0.3,adamw,0.0001,0.0001,32,24,not recorded in frozen config,research-lab/experiments/registered-workflow/runs/primary/run_0740,ca4f4d546ec95b57e3825999fd9ede5c950200eafff1b029e9283147cb83ab82,db9e33ddda1ce65ced3f3fafc2c98d712a8ad9f21289f516b70a0fb0f39cb76e
run_0741,original,organamnist,densenet121,split_09,62,A,submitted,completed,True,PASS,0,image,8825,0.9868464983505966,27,20,60,1352.0,run entry through output export; wall-clock UTC difference,NVIDIA GeForce RTX 5070 Ti,12.8,3.12.7,2.10.0+cu128,0.25.0+cu128,2.2.6,2.3.3,12.1.1,1.8.0,6.0.3,adamw,0.0001,0.0001,32,24,not recorded in frozen config,research-lab/experiments/registered-workflow/runs/primary/run_0741,0aed6f4a6741a73ac3fb6c231d68e32225b46bc3e354c3546bdc8c21fa65a054,50e0b89697f2f5e51b013420ba100e178d554995762a7468a255d302fb76d49d
run_0742,original,organamnist,densenet121,split_09,62,B,submitted,completed,True,PASS,0,image,8825,0.9916369339761861,60,60,60,2703.0,run entry through output export; wall-clock UTC difference,NVIDIA GeForce RTX 5070 Ti,12.8,3.12.7,2.10.0+cu128,0.25.0+cu128,2.2.6,2.3.3,12.1.1,1.8.0,6.0.3,adamw,0.0001,0.0001,32,24,not recorded in frozen config,research-lab/experiments/registered-workflow/runs/primary/run_0742,bfd4cd19b152e04b67682b842e86b9bf166e355b3d9287e420740ebce71dcae8,8f6ec20bd1257783562f4adab29b4f513886dd938663b18db0c4e364387c0f3a
run_0743,original,organamnist,efficientnet_b0,split_09,62,A,submitted,completed,True,PASS,0,image,8825,0.9581647648833621,51,44,60,1284.0,run entry through output export; wall-clock UTC difference,NVIDIA GeForce RTX 5070 Ti,12.8,3.12.7,2.10.0+cu128,0.25.0+cu128,2.2.6,2.3.3,12.1.1,1.8.0,6.0.3,adamw,0.0001,0.0001,32,24,not recorded in frozen config,research-lab/experiments/registered-workflow/runs/primary/run_0743,3c728ed080722288f00c36207ab5970687ed59b4113703837a822d9ec239cfbe,304e7a34845d3123d8bb608ae6b46e7b562b9f690549b43b88fb2a0c1a29c480
run_0744,original,organamnist,efficientnet_b0,split_09,62,B,submitted,completed,True,PASS,0,image,8825,0.9624964060278974,60,60,60,1467.0,run entry through output export; wall-clock UTC difference,NVIDIA GeForce RTX 5070 Ti,12.8,3.12.7,2.10.0+cu128,0.25.0+cu128,2.2.6,2.3.3,12.1.1,1.8.0,6.0.3,adamw,0.0001,0.0001,32,24,not recorded in frozen config,research-lab/experiments/registered-workflow/runs/primary/run_0744,4cb5feb38efc4d23bf459a2bba04625f2ed34a40bf02be4c5da5d87867ba2090,e9266c9400577468d3ed008fdfc04fbbdc17eedeac6fc42beecee3df53c59e99
run_0745,original,organamnist,resnet18,split_09,72,A,submitted,completed,True,PASS,0,image,8825,0.996894753298535,38,31,60,903.0,run entry through output export; wall-clock UTC difference,NVIDIA GeForce RTX 5070 Ti,12.8,3.12.7,2.10.0+cu128,0.25.0+cu128,2.2.6,2.3.3,12.1.1,1.8.0,6.0.3,adamw,0.0001,0.0001,32,24,not recorded in frozen config,research-lab/experiments/registered-workflow/runs/primary/run_0745,504d16a3e79bfbf32f2c2ad8ad0a023be3ca52ec64fc690f4378dbc6d87a07f4,403a13a0fd8497e0eaea64cf16614731bc06079c0f8c4525ef8f197bee5cb8ae
run_0746,original,organamnist,resnet18,split_09,72,B,submitted,completed,True,PASS,0,image,8825,0.9952674063586358,60,60,60,1285.0,run entry through output export; wall-clock UTC difference,NVIDIA GeForce RTX 5070 Ti,12.8,3.12.7,2.10.0+cu128,0.25.0+cu128,2.2.6,2.3.3,12.1.1,1.8.0,6.0.3,adamw,0.0001,0.0001,32,24,not recorded in frozen config,research-lab/experiments/registered-workflow/runs/primary/run_0746,2b83cd0eb4435d2b1a7c2e9602b73696b7276418a0e583414dbfcef5e94dea00,6bb7a42dfe48681b10ea1bbaf188196cfd5f091814b016314e4fb41db323dc6b
run_0747,original,organamnist,resnet50,split_09,72,A,submitted,completed,True,PASS,0,image,8825,0.9933095063584862,27,20,60,1290.0,run entry through output export; wall-clock UTC difference,NVIDIA GeForce RTX 5070 Ti,12.8,3.12.7,2.10.0+cu128,0.25.0+cu128,2.2.6,2.3.3,12.1.1,1.8.0,6.0.3,adamw,0.0001,0.0001,32,24,not recorded in frozen config,research-lab/experiments/registered-workflow/runs/primary/run_0747,1450c67867cde25d72e219090027e0ab478dc775fe928f80d8c8a70a726db168,85e11c70ead024b6fd875703c64afb9acd4fd943f7965982f12d790114f6280d
run_0748,original,organamnist,resnet50,split_09,72,B,submitted,completed,True,PASS,0,image,8825,0.9971424717733707,60,60,60,2559.0,run entry through output export; wall-clock UTC difference,NVIDIA GeForce RTX 5070 Ti,12.8,3.12.7,2.10.0+cu128,0.25.0+cu128,2.2.6,2.3.3,12.1.1,1.8.0,6.0.3,adamw,0.0001,0.0001,32,24,not recorded in frozen config,research-lab/experiments/registered-workflow/runs/primary/run_0748,f769683431cb59ce55b16fa5633ea746d1a5b6f469b2cae177bcfe31f60ccf5d,8e5544b858546e30a95a551ec9c5f8f6885c286d721a964d437d96b84a1f43be
run_0749,original,organamnist,densenet121,split_09,72,A,submitted,completed,True,PASS,0,image,8825,0.9913073651913088,32,25,60,1562.0,run entry through output export; wall-clock UTC difference,NVIDIA GeForce RTX 5070 Ti,12.8,3.12.7,2.10.0+cu128,0.25.0+cu128,2.2.6,2.3.3,12.1.1,1.8.0,6.0.3,adamw,0.0001,0.0001,32,24,not recorded in frozen config,research-lab/experiments/registered-workflow/runs/primary/run_0749,fa347b23e395e0f7baf927af7a8f68b60b496db81d4901bac4f62050c0a36a4f,3ad34f6bce6ce76e41d0d57cef08fa33442360e7b6d558792fd2fc0cc604b1ca
run_0750,original,organamnist,densenet121,split_09,72,B,submitted,completed,True,PASS,0,image,8825,0.9934893495983972,60,60,60,2705.0,run entry through output export; wall-clock UTC difference,NVIDIA GeForce RTX 5070 Ti,12.8,3.12.7,2.10.0+cu128,0.25.0+cu128,2.2.6,2.3.3,12.1.1,1.8.0,6.0.3,adamw,0.0001,0.0001,32,24,not recorded in frozen config,research-lab/experiments/registered-workflow/runs/primary/run_0750,9f9f707046de7abb277764a11cecf7b02d141c9ad10678fef4cc370d17751ad9,b08e1b12f5a50429b017f05496d240e384ef68b5f9bc049fdafbc2433aea12a0
run_0751,original,organamnist,efficientnet_b0,split_09,72,A,submitted,completed,True,PASS,0,image,8825,0.9590104267427616,60,58,60,1473.0,run entry through output export; wall-clock UTC difference,NVIDIA GeForce RTX 5070 Ti,12.8,3.12.7,2.10.0+cu128,0.25.0+cu128,2.2.6,2.3.3,12.1.1,1.8.0,6.0.3,adamw,0.0001,0.0001,32,24,not recorded in frozen config,research-lab/experiments/registered-workflow/runs/primary/run_0751,8c32c703316840a08d4f8a29e16e0e29af53be7b326331978f56a971f83caa3a,09d1a784dc3b3b4fd7272264c0feba69a2a16a0d2282a2868c97eb9310a325d0
run_0752,original,organamnist,efficientnet_b0,split_09,72,B,submitted,completed,True,PASS,0,image,8825,0.9568941272109609,60,60,60,1475.0,run entry through output export; wall-clock UTC difference,NVIDIA GeForce RTX 5070 Ti,12.8,3.12.7,2.10.0+cu128,0.25.0+cu128,2.2.6,2.3.3,12.1.1,1.8.0,6.0.3,adamw,0.0001,0.0001,32,24,not recorded in frozen config,research-lab/experiments/registered-workflow/runs/primary/run_0752,b0d712103c6df937543dfb92508262714625cbc0f852e279938fe8a77391f3c2,7f36bd4222b2c248fc04a342bfc6dc087e6d5c4f4f15b1ed1d58fe63dfd42f5f
run_0753,original,organamnist,resnet18,split_09,82,A,submitted,completed,True,PASS,0,image,8825,0.992213793680722,15,8,60,502.0,run entry through output export; wall-clock UTC difference,NVIDIA GeForce RTX 5070 Ti,12.8,3.12.7,2.10.0+cu128,0.25.0+cu128,2.2.6,2.3.3,12.1.1,1.8.0,6.0.3,adamw,0.0001,0.0001,32,24,not recorded in frozen config,research-lab/experiments/registered-workflow/runs/primary/run_0753,45fdae7e107244668c7c07ed48ff1f5ad58e646195d5b92939c744e9f5110d75,1c63af546cb998fe9a0dcff8e303fc5b0c81a1bfef85768a1f1bb41ff869c20c
run_0754,original,organamnist,resnet18,split_09,82,B,submitted,completed,True,PASS,0,image,8825,0.9968765700990265,60,60,60,1291.0,run entry through output export; wall-clock UTC difference,NVIDIA GeForce RTX 5070 Ti,12.8,3.12.7,2.10.0+cu128,0.25.0+cu128,2.2.6,2.3.3,12.1.1,1.8.0,6.0.3,adamw,0.0001,0.0001,32,24,not recorded in frozen config,research-lab/experiments/registered-workflow/runs/primary/run_0754,25eeda5b09ea6d26b339e1a0365f6edbaaf9447219530a83e0f8bbb1a8b9d3da,a6a426303df1745b12af43e5e93719637aad54eec24c9ce560c7fe798f2f254a
run_0755,original,organamnist,resnet50,split_09,82,A,submitted,completed,True,PASS,0,image,8825,0.9932378234563966,21,14,60,1058.0,run entry through output export; wall-clock UTC difference,NVIDIA GeForce RTX 5070 Ti,12.8,3.12.7,2.10.0+cu128,0.25.0+cu128,2.2.6,2.3.3,12.1.1,1.8.0,6.0.3,adamw,0.0001,0.0001,32,24,not recorded in frozen config,research-lab/experiments/registered-workflow/runs/primary/run_0755,d597bf4f42e25f9198ca52752ff847a77b5099fc5262650b2f4fdea514742260,86bdcc44f874ecabe1c594f81d5349d426763500fe636c31871bc64ff1e6539b
run_0756,original,organamnist,resnet50,split_09,82,B,submitted,completed,True,PASS,0,image,8825,0.9970540115844219,60,60,60,2562.0,run entry through output export; wall-clock UTC difference,NVIDIA GeForce RTX 5070 Ti,12.8,3.12.7,2.10.0+cu128,0.25.0+cu128,2.2.6,2.3.3,12.1.1,1.8.0,6.0.3,adamw,0.0001,0.0001,32,24,not recorded in frozen config,research-lab/experiments/registered-workflow/runs/primary/run_0756,33811948149831ce36fcc0736e7e5fd7855cbf0382e3904fc6669c89675902ca,0adc4fc98c4f1a2fe5c76bbe64911385d19143496953175f6539a8c0369e664d
run_0757,original,organamnist,densenet121,split_09,82,A,submitted,completed,True,PASS,0,image,8825,0.9921180871757916,41,34,60,1931.0,run entry through output export; wall-clock UTC difference,NVIDIA GeForce RTX 5070 Ti,12.8,3.12.7,2.10.0+cu128,0.25.0+cu128,2.2.6,2.3.3,12.1.1,1.8.0,6.0.3,adamw,0.0001,0.0001,32,24,not recorded in frozen config,research-lab/experiments/registered-workflow/runs/primary/run_0757,9e387ef15c3eee949aa9f94165e8c86ee03639e80dba548e30e6a518c20b80f5,fd2a40b1ad57fd9991e67cb3441508f0dc055c9e2b9a8fb3d554958ddb33f085
run_0758,original,organamnist,densenet121,split_09,82,B,submitted,completed,True,PASS,0,image,8825,0.99341961754035,60,60,60,2709.0,run entry through output export; wall-clock UTC difference,NVIDIA GeForce RTX 5070 Ti,12.8,3.12.7,2.10.0+cu128,0.25.0+cu128,2.2.6,2.3.3,12.1.1,1.8.0,6.0.3,adamw,0.0001,0.0001,32,24,not recorded in frozen config,research-lab/experiments/registered-workflow/runs/primary/run_0758,39f5a2c0e098391bc950d239255869a2989634472e46a001bdd063cc27399e35,43d0ff6144fd9900a851e4c5abc00b9597dbf39a1bd4aa3da37b25ae482008a6
run_0759,original,organamnist,efficientnet_b0,split_09,82,A,submitted,completed,True,PASS,0,image,8825,0.9591491206190764,53,46,60,1328.0,run entry through output export; wall-clock UTC difference,NVIDIA GeForce RTX 5070 Ti,12.8,3.12.7,2.10.0+cu128,0.25.0+cu128,2.2.6,2.3.3,12.1.1,1.8.0,6.0.3,adamw,0.0001,0.0001,32,24,not recorded in frozen config,research-lab/experiments/registered-workflow/runs/primary/run_0759,1c063858f0865bf00e9ba88f28c0cd9f497dc2d29deb363964544b430c7c249e,a8633587c72d094b6c7e60c516196951c0998e86cd17cdda369e756e581b6dad
run_0760,original,organamnist,efficientnet_b0,split_09,82,B,submitted,completed,True,PASS,0,image,8825,0.959852111644987,60,60,60,1473.0,run entry through output export; wall-clock UTC difference,NVIDIA GeForce RTX 5070 Ti,12.8,3.12.7,2.10.0+cu128,0.25.0+cu128,2.2.6,2.3.3,12.1.1,1.8.0,6.0.3,adamw,0.0001,0.0001,32,24,not recorded in frozen config,research-lab/experiments/registered-workflow/runs/primary/run_0760,9ff77c52a4188ada961adf496293896d35222110b6bd2089359a62e8a4604446,d4d2ffaa9aa74b9085b75977b733079eaa50c2b26509d80faf939836fa15b262
run_0761,original,organamnist,resnet18,split_10,42,A,submitted,completed,True,PASS,0,image,8825,0.9921720643731562,13,6,60,469.0,run entry through output export; wall-clock UTC difference,NVIDIA GeForce RTX 5070 Ti,12.8,3.12.7,2.10.0+cu128,0.25.0+cu128,2.2.6,2.3.3,12.1.1,1.8.0,6.0.3,adamw,0.0001,0.0001,32,24,not recorded in frozen config,research-lab/experiments/registered-workflow/runs/primary/run_0761,aaf3dfb718bc61511376606a5e586193a08c8bfb7644cd7a13c5a500dc9364d5,339ab8168931dfc75d584a163bcb2e86d699e7d2f568c4587df54c1dfd90de29
run_0762,original,organamnist,resnet18,split_10,42,B,submitted,completed,True,PASS,0,image,8825,0.995587972982132,60,60,60,1290.0,run entry through output export; wall-clock UTC difference,NVIDIA GeForce RTX 5070 Ti,12.8,3.12.7,2.10.0+cu128,0.25.0+cu128,2.2.6,2.3.3,12.1.1,1.8.0,6.0.3,adamw,0.0001,0.0001,32,24,not recorded in frozen config,research-lab/experiments/registered-workflow/runs/primary/run_0762,8ce0230b09c018d4a9c3aa8b896f739e2cadcfb16b58617203626c7e07ab36fb,0c9fbc0b90706f1d6a6521cf6798ea9aec4a0c6b9c359b0595644653d5bf98e0
run_0763,original,organamnist,resnet50,split_10,42,A,submitted,completed,True,PASS,0,image,8825,0.9964908610951416,37,30,60,1674.0,run entry through output export; wall-clock UTC difference,NVIDIA GeForce RTX 5070 Ti,12.8,3.12.7,2.10.0+cu128,0.25.0+cu128,2.2.6,2.3.3,12.1.1,1.8.0,6.0.3,adamw,0.0001,0.0001,32,24,not recorded in frozen config,research-lab/experiments/registered-workflow/runs/primary/run_0763,3b1ecd488283d41818767f97cb769996631b5df7a1412639ee276cf576f9a77f,238baa3f907308bab3d1ca80964a921d08e7f5d1e58886bb3303ed0af56a03c4
run_0764,original,organamnist,resnet50,split_10,42,B,submitted,completed,True,PASS,0,image,8825,0.9979298055395812,60,60,60,2565.0,run entry through output export; wall-clock UTC difference,NVIDIA GeForce RTX 5070 Ti,12.8,3.12.7,2.10.0+cu128,0.25.0+cu128,2.2.6,2.3.3,12.1.1,1.8.0,6.0.3,adamw,0.0001,0.0001,32,24,not recorded in frozen config,research-lab/experiments/registered-workflow/runs/primary/run_0764,1087fe75b512fad403d9b1c6f84a5b8fce507c49c25a68c98689ce991e9c89a5,226f7ef7cf4153e7dde2de7bb86da71c9fb58b7e496c8b7edc917d93d0ac466d
run_0765,original,organamnist,densenet121,split_10,42,A,submitted,completed,True,PASS,0,image,8825,0.9907000297249272,30,23,60,1499.0,run entry through output export; wall-clock UTC difference,NVIDIA GeForce RTX 5070 Ti,12.8,3.12.7,2.10.0+cu128,0.25.0+cu128,2.2.6,2.3.3,12.1.1,1.8.0,6.0.3,adamw,0.0001,0.0001,32,24,not recorded in frozen config,research-lab/experiments/registered-workflow/runs/primary/run_0765,5c69a2aa843852fab34f6a7e425f598c5aa70f14edb9b0be464d5bdccd0c5c27,df1d9ce949b67acb89cdea8fce508cc87613e6da99625de3ec7a39a861b865fe
run_0766,original,organamnist,densenet121,split_10,42,B,submitted,completed,True,PASS,0,image,8825,0.9931016210223877,60,60,60,2702.0,run entry through output export; wall-clock UTC difference,NVIDIA GeForce RTX 5070 Ti,12.8,3.12.7,2.10.0+cu128,0.25.0+cu128,2.2.6,2.3.3,12.1.1,1.8.0,6.0.3,adamw,0.0001,0.0001,32,24,not recorded in frozen config,research-lab/experiments/registered-workflow/runs/primary/run_0766,d012949884df1820c4c861767576258588d2fb50f7738769f070aa2591a4fcfa,278c10f54efe6bfe96229466f19a47ca5012a710474b0bbbd1e546cffd00a605
run_0767,original,organamnist,efficientnet_b0,split_10,42,A,submitted,completed,True,PASS,0,image,8825,0.9641555290416813,60,57,60,1478.0,run entry through output export; wall-clock UTC difference,NVIDIA GeForce RTX 5070 Ti,12.8,3.12.7,2.10.0+cu128,0.25.0+cu128,2.2.6,2.3.3,12.1.1,1.8.0,6.0.3,adamw,0.0001,0.0001,32,24,not recorded in frozen config,research-lab/experiments/registered-workflow/runs/primary/run_0767,d9bfc57f1854ee2dd2eaf46e22a3238959cbfa1eadd92de1161c6446ba7c026f,ee858939ed6063be57b211d8546086b63619d8d18a1eb7cc0b09ae45d6b70c07
run_0768,original,organamnist,efficientnet_b0,split_10,42,B,submitted,completed,True,PASS,0,image,8825,0.9626258291636641,60,60,60,1472.0,run entry through output export; wall-clock UTC difference,NVIDIA GeForce RTX 5070 Ti,12.8,3.12.7,2.10.0+cu128,0.25.0+cu128,2.2.6,2.3.3,12.1.1,1.8.0,6.0.3,adamw,0.0001,0.0001,32,24,not recorded in frozen config,research-lab/experiments/registered-workflow/runs/primary/run_0768,fc6d62db1b48aa2f523aec8a341474da7e424f2bdd99583a7fda6ba19ee267d8,c6e37ac590928d7589ab16f958a0d9a7009d0bf01c9e211d73b27a5279e81452
run_0769,original,organamnist,resnet18,split_10,52,A,submitted,completed,True,PASS,0,image,8825,0.9954602566670967,18,11,60,558.0,run entry through output export; wall-clock UTC difference,NVIDIA GeForce RTX 5070 Ti,12.8,3.12.7,2.10.0+cu128,0.25.0+cu128,2.2.6,2.3.3,12.1.1,1.8.0,6.0.3,adamw,0.0001,0.0001,32,24,not recorded in frozen config,research-lab/experiments/registered-workflow/runs/primary/run_0769,ba0c56ec292153a1d0a79442907ddd2d915ac511fce08289a8295203a5639524,4250b09c063b1bd94794556dff76fd3a1f741a2ff5ec9194fc40fa6a81e3bd25
run_0770,original,organamnist,resnet18,split_10,52,B,submitted,completed,True,PASS,0,image,8825,0.9967642752833662,60,60,60,1292.0,run entry through output export; wall-clock UTC difference,NVIDIA GeForce RTX 5070 Ti,12.8,3.12.7,2.10.0+cu128,0.25.0+cu128,2.2.6,2.3.3,12.1.1,1.8.0,6.0.3,adamw,0.0001,0.0001,32,24,not recorded in frozen config,research-lab/experiments/registered-workflow/runs/primary/run_0770,82191e537c5cdf31822cb2af069a355e99882d93eb255160a161eb399b780eb5,36c24b65b9935d9f555a6f322c14161394ff687723d66dfc72b8acf8ca40b219
run_0771,original,organamnist,resnet50,split_10,52,A,submitted,completed,True,PASS,0,image,8825,0.996309026427475,28,21,60,1325.0,run entry through output export; wall-clock UTC difference,NVIDIA GeForce RTX 5070 Ti,12.8,3.12.7,2.10.0+cu128,0.25.0+cu128,2.2.6,2.3.3,12.1.1,1.8.0,6.0.3,adamw,0.0001,0.0001,32,24,not recorded in frozen config,research-lab/experiments/registered-workflow/runs/primary/run_0771,9f47d12078823b0eeb83b10991d6287cdb24641d7c11b518061a25651727748a,13dccec4352bf9fcdd4c8f0f4b08af7ff444a04ce7290321463c896cb330946f
run_0772,original,organamnist,resnet50,split_10,52,B,submitted,completed,True,PASS,0,image,8825,0.9961875615817924,60,60,60,2559.0,run entry through output export; wall-clock UTC difference,NVIDIA GeForce RTX 5070 Ti,12.8,3.12.7,2.10.0+cu128,0.25.0+cu128,2.2.6,2.3.3,12.1.1,1.8.0,6.0.3,adamw,0.0001,0.0001,32,24,not recorded in frozen config,research-lab/experiments/registered-workflow/runs/primary/run_0772,3f579e6d4eb947cec4f9ed3850be4ff5ffce52b26468d2f21333fd5190819313,40a37059888704e68242c13a02483820f0ac6d68ca981b3a3df9422e27b2efa2
run_0773,original,organamnist,densenet121,split_10,52,A,submitted,completed,True,PASS,0,image,8825,0.9924444450572873,30,23,60,1474.0,run entry through output export; wall-clock UTC difference,NVIDIA GeForce RTX 5070 Ti,12.8,3.12.7,2.10.0+cu128,0.25.0+cu128,2.2.6,2.3.3,12.1.1,1.8.0,6.0.3,adamw,0.0001,0.0001,32,24,not recorded in frozen config,research-lab/experiments/registered-workflow/runs/primary/run_0773,caba7b496b5373309c74789c714d3ece16feda58e6d5c7d320520657c6a7c561,1ba7957265549128077c8c325f15a0d896952bdc705dc867ad7a26d329b4a800
run_0774,original,organamnist,densenet121,split_10,52,B,submitted,completed,True,PASS,0,image,8825,0.9916456979458512,60,60,60,2704.0,run entry through output export; wall-clock UTC difference,NVIDIA GeForce RTX 5070 Ti,12.8,3.12.7,2.10.0+cu128,0.25.0+cu128,2.2.6,2.3.3,12.1.1,1.8.0,6.0.3,adamw,0.0001,0.0001,32,24,not recorded in frozen config,research-lab/experiments/registered-workflow/runs/primary/run_0774,46aabdd42186c3991fb4724ff10509d6e9c55bec78a7dd994328659fe142d81f,1650c524520fcf5556e2026769a4f3614d9665f92db11248f9cbe770ccfa091c
run_0775,original,organamnist,efficientnet_b0,split_10,52,A,submitted,completed,True,PASS,0,image,8825,0.9605729459274012,58,51,60,1427.0,run entry through output export; wall-clock UTC difference,NVIDIA GeForce RTX 5070 Ti,12.8,3.12.7,2.10.0+cu128,0.25.0+cu128,2.2.6,2.3.3,12.1.1,1.8.0,6.0.3,adamw,0.0001,0.0001,32,24,not recorded in frozen config,research-lab/experiments/registered-workflow/runs/primary/run_0775,5ff340a4689a42b9c979a8d20135b42463e5021a0be79503e6ca2e79eee87493,1b970c103c8e66428bbc670b42d8774b56df66d5ca3d1092eb853ee56f26b9bf
run_0776,original,organamnist,efficientnet_b0,split_10,52,B,submitted,completed,True,PASS,0,image,8825,0.9650113853649553,60,60,60,1465.0,run entry through output export; wall-clock UTC difference,NVIDIA GeForce RTX 5070 Ti,12.8,3.12.7,2.10.0+cu128,0.25.0+cu128,2.2.6,2.3.3,12.1.1,1.8.0,6.0.3,adamw,0.0001,0.0001,32,24,not recorded in frozen config,research-lab/experiments/registered-workflow/runs/primary/run_0776,ef39243d6a0916f291aa1471b2c7ace8c26a8408562cba8137446f5003f1548b,cb052efdb5eed85fb834e27e705d9ab61b6803ec6384315a6699ea7fa5ca1f4c
run_0777,original,organamnist,resnet18,split_10,62,A,submitted,completed,True,PASS,0,image,8825,0.9965495520789659,24,17,60,662.0,run entry through output export; wall-clock UTC difference,NVIDIA GeForce RTX 5070 Ti,12.8,3.12.7,2.10.0+cu128,0.25.0+cu128,2.2.6,2.3.3,12.1.1,1.8.0,6.0.3,adamw,0.0001,0.0001,32,24,not recorded in frozen config,research-lab/experiments/registered-workflow/runs/primary/run_0777,6ca819ba5e69f38a69a6562a8485fd694f846bf7a1147e97dbc70cb6a3827f92,3f9f4c3ef03c0e4ec612395db66af05fa8fcc448e8a903ed614e58efe8b487e2
run_0778,original,organamnist,resnet18,split_10,62,B,submitted,completed,True,PASS,0,image,8825,0.9957288674070729,60,60,60,1283.0,run entry through output export; wall-clock UTC difference,NVIDIA GeForce RTX 5070 Ti,12.8,3.12.7,2.10.0+cu128,0.25.0+cu128,2.2.6,2.3.3,12.1.1,1.8.0,6.0.3,adamw,0.0001,0.0001,32,24,not recorded in frozen config,research-lab/experiments/registered-workflow/runs/primary/run_0778,406bb2b59aedc100e727979c155554788e3b2aa9458d66507346caabb24b3dc8,082a5de5a14fb1de9d65290ac9f0d2b2933c1d5ed2d0edafbc276d495b70728e
run_0779,original,organamnist,resnet50,split_10,62,A,submitted,completed,True,PASS,0,image,8825,0.9954603978579191,24,17,60,1173.0,run entry through output export; wall-clock UTC difference,NVIDIA GeForce RTX 5070 Ti,12.8,3.12.7,2.10.0+cu128,0.25.0+cu128,2.2.6,2.3.3,12.1.1,1.8.0,6.0.3,adamw,0.0001,0.0001,32,24,not recorded in frozen config,research-lab/experiments/registered-workflow/runs/primary/run_0779,16cec6042fee44f08c4063ceb4835b6e739dac4f317611f934e2f71f3b49bd6a,a744f7ef0e936ef79d90dea3cbc5f01f29bf9901070d026f35f0397d771aeb0a
run_0780,original,organamnist,resnet50,split_10,62,B,submitted,completed,True,PASS,0,image,8825,0.9980152554292764,60,60,60,2558.0,run entry through output export; wall-clock UTC difference,NVIDIA GeForce RTX 5070 Ti,12.8,3.12.7,2.10.0+cu128,0.25.0+cu128,2.2.6,2.3.3,12.1.1,1.8.0,6.0.3,adamw,0.0001,0.0001,32,24,not recorded in frozen config,research-lab/experiments/registered-workflow/runs/primary/run_0780,239c90317ff0f8c5ab71bd07096ac09d767e95c10462d35326ade9920da5a0b4,bbd8b6ec9ff6627bb661d24c0e37f1e8ec031714df20cacd89492b014c18b5e5
run_0781,original,organamnist,densenet121,split_10,62,A,submitted,completed,True,PASS,0,image,8825,0.9880807088014291,25,18,60,1268.0,run entry through output export; wall-clock UTC difference,NVIDIA GeForce RTX 5070 Ti,12.8,3.12.7,2.10.0+cu128,0.25.0+cu128,2.2.6,2.3.3,12.1.1,1.8.0,6.0.3,adamw,0.0001,0.0001,32,24,not recorded in frozen config,research-lab/experiments/registered-workflow/runs/primary/run_0781,2faddc50d669ae9550b4b72e4b72aefde5b5c4dfb177c809bdddb9f0b2c2a4ed,b216fff1875e406152b859d631247da30779456eee792b981fe74d42bb090200
run_0782,original,organamnist,densenet121,split_10,62,B,submitted,completed,True,PASS,0,image,8825,0.9948407004904379,60,60,60,2704.0,run entry through output export; wall-clock UTC difference,NVIDIA GeForce RTX 5070 Ti,12.8,3.12.7,2.10.0+cu128,0.25.0+cu128,2.2.6,2.3.3,12.1.1,1.8.0,6.0.3,adamw,0.0001,0.0001,32,24,not recorded in frozen config,research-lab/experiments/registered-workflow/runs/primary/run_0782,c4c6611140e63a1b5867fd44b2160d27099df2fd1a2a384574aeb0e4a5178dc3,735e5ce81ced42283ba4f6234a83803c21234d1c2b4371cfa85fac4949c321a5
run_0783,original,organamnist,efficientnet_b0,split_10,62,A,submitted,completed,True,PASS,0,image,8825,0.9630279660490413,60,58,60,1467.0,run entry through output export; wall-clock UTC difference,NVIDIA GeForce RTX 5070 Ti,12.8,3.12.7,2.10.0+cu128,0.25.0+cu128,2.2.6,2.3.3,12.1.1,1.8.0,6.0.3,adamw,0.0001,0.0001,32,24,not recorded in frozen config,research-lab/experiments/registered-workflow/runs/primary/run_0783,26467970adf88bc47a66e41844f4db7f911da0eb09adb7e1317052d3afa1b4d4,7d412a2f12b69436f8d4570e9f1394bfcb6646fec2ad7d91e9fc03dfcac4d180
run_0784,original,organamnist,efficientnet_b0,split_10,62,B,submitted,completed,True,PASS,0,image,8825,0.9642893965150043,60,60,60,1471.0,run entry through output export; wall-clock UTC difference,NVIDIA GeForce RTX 5070 Ti,12.8,3.12.7,2.10.0+cu128,0.25.0+cu128,2.2.6,2.3.3,12.1.1,1.8.0,6.0.3,adamw,0.0001,0.0001,32,24,not recorded in frozen config,research-lab/experiments/registered-workflow/runs/primary/run_0784,f26e02a5149718346153317b859ea6f1f8b64ed298ff74418e3f2a8f50787f7d,ec5406b64df16b09827becf18e70a4a6f1431fc9f23633f4e08ffd50ac995879
run_0785,original,organamnist,resnet18,split_10,72,A,submitted,completed,True,PASS,0,image,8825,0.994846280275074,23,16,60,641.0,run entry through output export; wall-clock UTC difference,NVIDIA GeForce RTX 5070 Ti,12.8,3.12.7,2.10.0+cu128,0.25.0+cu128,2.2.6,2.3.3,12.1.1,1.8.0,6.0.3,adamw,0.0001,0.0001,32,24,not recorded in frozen config,research-lab/experiments/registered-workflow/runs/primary/run_0785,a09505e6a16025feba21025cac8d7721bcebccacb667df5b4c1ee4ea7e332801,12f036e8ade0456a1187dbce30fd9d95dd91fd09c4b4064ed3bc8396f74cdd19
run_0786,original,organamnist,resnet18,split_10,72,B,submitted,completed,True,PASS,0,image,8825,0.9983940261431719,60,60,60,1280.0,run entry through output export; wall-clock UTC difference,NVIDIA GeForce RTX 5070 Ti,12.8,3.12.7,2.10.0+cu128,0.25.0+cu128,2.2.6,2.3.3,12.1.1,1.8.0,6.0.3,adamw,0.0001,0.0001,32,24,not recorded in frozen config,research-lab/experiments/registered-workflow/runs/primary/run_0786,5fa57bf0c95cb19a977ac59984ba3a178dc6d682ca4b31f8bf5a2e84a40e2272,a73cca346cfeec3cd869b88f20d47f9948f654142c9734a7af8cdcc27f30fd71
run_0787,original,organamnist,resnet50,split_10,72,A,submitted,completed,True,PASS,0,image,8825,0.9935580463876874,19,12,60,978.0,run entry through output export; wall-clock UTC difference,NVIDIA GeForce RTX 5070 Ti,12.8,3.12.7,2.10.0+cu128,0.25.0+cu128,2.2.6,2.3.3,12.1.1,1.8.0,6.0.3,adamw,0.0001,0.0001,32,24,not recorded in frozen config,research-lab/experiments/registered-workflow/runs/primary/run_0787,fedf7438bd69a4a78c3dd84b327722b9178e77193d09a2c992e1ab8f8527c39b,3ffb5e91c5fb0b6da2b431de3772157248807de62b5ab9051b1ebfda57152efe
run_0788,original,organamnist,resnet50,split_10,72,B,submitted,completed,True,PASS,0,image,8825,0.9971404664254121,60,60,60,2557.0,run entry through output export; wall-clock UTC difference,NVIDIA GeForce RTX 5070 Ti,12.8,3.12.7,2.10.0+cu128,0.25.0+cu128,2.2.6,2.3.3,12.1.1,1.8.0,6.0.3,adamw,0.0001,0.0001,32,24,not recorded in frozen config,research-lab/experiments/registered-workflow/runs/primary/run_0788,b1343d4898ad64f404c337859ab6a306582c4092b98c7268cfc42432f1932b9b,fb42bb7236db220bb2c9fc08c7f3318d4c8f17e475777ef68606acbe6c58bd0d
run_0789,original,organamnist,densenet121,split_10,72,A,submitted,completed,True,PASS,0,image,8825,0.9907055837241678,30,23,60,1475.0,run entry through output export; wall-clock UTC difference,NVIDIA GeForce RTX 5070 Ti,12.8,3.12.7,2.10.0+cu128,0.25.0+cu128,2.2.6,2.3.3,12.1.1,1.8.0,6.0.3,adamw,0.0001,0.0001,32,24,not recorded in frozen config,research-lab/experiments/registered-workflow/runs/primary/run_0789,a0b2b5d49cf16f5a3c85a0975298583213eee913527bdfba9c6a862a26fa9b45,37637ac87371a9c9b68cb6520a80c6209fae846a109a2e786b25ba33ebfe5362
run_0790,original,organamnist,densenet121,split_10,72,B,submitted,completed,True,PASS,0,image,8825,0.9914928076384314,60,60,60,2703.0,run entry through output export; wall-clock UTC difference,NVIDIA GeForce RTX 5070 Ti,12.8,3.12.7,2.10.0+cu128,0.25.0+cu128,2.2.6,2.3.3,12.1.1,1.8.0,6.0.3,adamw,0.0001,0.0001,32,24,not recorded in frozen config,research-lab/experiments/registered-workflow/runs/primary/run_0790,0e4498884a3936be574752d04361df64d68b7d65cb81c56a2d1173977321624b,dc50a7951d3aa86eea102db756ec97ab0fdb92382846ec895c52db81bd1a3af7
run_0791,original,organamnist,efficientnet_b0,split_10,72,A,submitted,completed,True,PASS,0,image,8825,0.962497336978621,60,56,60,1467.0,run entry through output export; wall-clock UTC difference,NVIDIA GeForce RTX 5070 Ti,12.8,3.12.7,2.10.0+cu128,0.25.0+cu128,2.2.6,2.3.3,12.1.1,1.8.0,6.0.3,adamw,0.0001,0.0001,32,24,not recorded in frozen config,research-lab/experiments/registered-workflow/runs/primary/run_0791,da5098798f09f51020fc27b39f68f542d09ce75636e7bab6a327c5a445fb7ffd,61662f40573964d3835596aae5a9c012b85a2ba256469ac4433c8582b9cb19dc
run_0792,original,organamnist,efficientnet_b0,split_10,72,B,submitted,completed,True,PASS,0,image,8825,0.9649750268975111,60,60,60,1467.0,run entry through output export; wall-clock UTC difference,NVIDIA GeForce RTX 5070 Ti,12.8,3.12.7,2.10.0+cu128,0.25.0+cu128,2.2.6,2.3.3,12.1.1,1.8.0,6.0.3,adamw,0.0001,0.0001,32,24,not recorded in frozen config,research-lab/experiments/registered-workflow/runs/primary/run_0792,38093a276767fe04c8a0312441d91111376c4319454613aea8a0e7beabbb06c2,d17408f1d1e55031bcb925bb1c9109fdaa20f84634d1244455cbe7af245e041b
run_0793,original,organamnist,resnet18,split_10,82,A,submitted,completed,True,PASS,0,image,8825,0.9961999508192779,22,15,60,624.0,run entry through output export; wall-clock UTC difference,NVIDIA GeForce RTX 5070 Ti,12.8,3.12.7,2.10.0+cu128,0.25.0+cu128,2.2.6,2.3.3,12.1.1,1.8.0,6.0.3,adamw,0.0001,0.0001,32,24,not recorded in frozen config,research-lab/experiments/registered-workflow/runs/primary/run_0793,311528a24168a8c8bc5421889d0a64230e6b467788fde064041d37998ed290c1,a085d82f6d916783dbc58a5724c56f1918f16835a42c32edd51b4589ac6f8567
run_0794,original,organamnist,resnet18,split_10,82,B,submitted,completed,True,PASS,0,image,8825,0.9979513197490563,60,60,60,1282.0,run entry through output export; wall-clock UTC difference,NVIDIA GeForce RTX 5070 Ti,12.8,3.12.7,2.10.0+cu128,0.25.0+cu128,2.2.6,2.3.3,12.1.1,1.8.0,6.0.3,adamw,0.0001,0.0001,32,24,not recorded in frozen config,research-lab/experiments/registered-workflow/runs/primary/run_0794,948cb765528cc46c6fc3b4af0b1c9fa2e3acad5dd5b5378bd10cf72630d82d31,3fc6913a96fe854a2816fdc95478d422bdf72414c40c09dc3d28c9cf59f0b679
run_0795,original,organamnist,resnet50,split_10,82,A,submitted,completed,True,PASS,0,image,8825,0.9958022626500566,26,19,60,1251.0,run entry through output export; wall-clock UTC difference,NVIDIA GeForce RTX 5070 Ti,12.8,3.12.7,2.10.0+cu128,0.25.0+cu128,2.2.6,2.3.3,12.1.1,1.8.0,6.0.3,adamw,0.0001,0.0001,32,24,not recorded in frozen config,research-lab/experiments/registered-workflow/runs/primary/run_0795,22f6a755670514ecfdefd823b4865263f171b04f90e0f2186bb903ee8bf6f01e,089cc487c9ca890ce6a9ea2bd04309c5daca96fe42743fc3402aee5c37eb9fab
run_0796,original,organamnist,resnet50,split_10,82,B,submitted,completed,True,PASS,0,image,8825,0.9974488420923936,60,60,60,2559.0,run entry through output export; wall-clock UTC difference,NVIDIA GeForce RTX 5070 Ti,12.8,3.12.7,2.10.0+cu128,0.25.0+cu128,2.2.6,2.3.3,12.1.1,1.8.0,6.0.3,adamw,0.0001,0.0001,32,24,not recorded in frozen config,research-lab/experiments/registered-workflow/runs/primary/run_0796,e653d83ac7b5618c2c91d938ef7bcd95bb87bb9694a7e28bb77c7ee68f346cce,13e2734661b2c9e5de561f9aba0abfb55f0cf5fa58420c354f3cc8a1e99aa806
run_0797,original,organamnist,densenet121,split_10,82,A,submitted,completed,True,PASS,0,image,8825,0.988274200846676,23,16,60,1188.0,run entry through output export; wall-clock UTC difference,NVIDIA GeForce RTX 5070 Ti,12.8,3.12.7,2.10.0+cu128,0.25.0+cu128,2.2.6,2.3.3,12.1.1,1.8.0,6.0.3,adamw,0.0001,0.0001,32,24,not recorded in frozen config,research-lab/experiments/registered-workflow/runs/primary/run_0797,ea59ad46c221d400e110e3905166694d6640fa3efbac26608ffd9cba35262734,7d8fdac71ba16958a1a3cc885238aa00afbf99c9bc3dad7228dde54b816ab8e0
run_0798,original,organamnist,densenet121,split_10,82,B,submitted,completed,True,PASS,0,image,8825,0.9931185971090758,60,60,60,2705.0,run entry through output export; wall-clock UTC difference,NVIDIA GeForce RTX 5070 Ti,12.8,3.12.7,2.10.0+cu128,0.25.0+cu128,2.2.6,2.3.3,12.1.1,1.8.0,6.0.3,adamw,0.0001,0.0001,32,24,not recorded in frozen config,research-lab/experiments/registered-workflow/runs/primary/run_0798,66a062324ae96f15efecbefe74f404b9ac2ee34f7bff14c725d2f0f9740c48ea,ae7c561878917cb8b10ceb4fd608a81b25d309d282418cf8bedc88c7f2269a5a
run_0799,original,organamnist,efficientnet_b0,split_10,82,A,submitted,completed,True,PASS,0,image,8825,0.9650933686928941,60,60,60,1466.0,run entry through output export; wall-clock UTC difference,NVIDIA GeForce RTX 5070 Ti,12.8,3.12.7,2.10.0+cu128,0.25.0+cu128,2.2.6,2.3.3,12.1.1,1.8.0,6.0.3,adamw,0.0001,0.0001,32,24,not recorded in frozen config,research-lab/experiments/registered-workflow/runs/primary/run_0799,cc90a9ae5551caac6038fc8157a115e535763bc470baaddcbb39f2ffe223300e,da7f357749161534d31c2b479ef3042e64317a8d69816bdfc04ec3883f6a2ba4
run_0800,original,organamnist,efficientnet_b0,split_10,82,B,submitted,completed,True,PASS,0,image,8825,0.9650933686928941,60,60,60,1467.0,run entry through output export; wall-clock UTC difference,NVIDIA GeForce RTX 5070 Ti,12.8,3.12.7,2.10.0+cu128,0.25.0+cu128,2.2.6,2.3.3,12.1.1,1.8.0,6.0.3,adamw,0.0001,0.0001,32,24,not recorded in frozen config,research-lab/experiments/registered-workflow/runs/primary/run_0800,b2b163e7e620c820934350347bf23dd7338d29e2c8c4fb609b3e4a65c3f7a6b0,7d6e2e6f3a92d35e2705aa7492383b57aaa067d69ae40adb9bd6114721b92780
jiim_ext_isic2019_split_01_seed_42_resnet18_A,extension,isic2019,resnet18,split_01,42,A,shared,completed,True,PASS,0,image,3499,0.4477085908235521,9,2,60,607.3188995942473,after model/data-loader initialization through checkpoint hashing and metric export; perf_counter,NVIDIA GeForce RTX 4090 D,12.1,3.10.21,2.4.1+cu121,0.19.1+cu121,1.26.4,2.3.3,10.4.0,1.7.2,6.0.2,AdamW,0.0001,0.0001,32,4,False,research-lab/experiments/registered-workflow/extensions/jiim_2026_major_revision/runs/jiim_ext_isic2019_split_01_seed_42_resnet18_A,5f5c9c6cbc9b39a74b64b4350a05305dc7ddc1cfbf59dd716ec28325975d339a,ed1d4c002862896b19512fcb732ae39abd6203391d397d37e21b9cbfe0b9df6a
jiim_ext_isic2019_split_01_seed_52_resnet18_A,extension,isic2019,resnet18,split_01,52,A,shared,completed,True,PASS,0,image,3499,0.45678681737722915,9,2,60,576.168033901602,after model/data-loader initialization through checkpoint hashing and metric export; perf_counter,NVIDIA GeForce RTX 4090 D,12.1,3.10.21,2.4.1+cu121,0.19.1+cu121,1.26.4,2.3.3,10.4.0,1.7.2,6.0.2,AdamW,0.0001,0.0001,32,4,False,research-lab/experiments/registered-workflow/extensions/jiim_2026_major_revision/runs/jiim_ext_isic2019_split_01_seed_52_resnet18_A,af0c2897d78227ff7a61410fa604a17de93718cf4f5e8f8e8b7f840c5e823928,d028b8d846c8324e63505ffc99bcece980713457879460ff3d2a09cc38e2b15b
jiim_ext_isic2019_split_01_seed_62_resnet18_A,extension,isic2019,resnet18,split_01,62,A,shared,completed,True,PASS,0,image,3499,0.4883265629841775,9,2,60,526.2810347042978,after model/data-loader initialization through checkpoint hashing and metric export; perf_counter,NVIDIA GeForce RTX 4090 D,12.1,3.10.21,2.4.1+cu121,0.19.1+cu121,1.26.4,2.3.3,10.4.0,1.7.2,6.0.2,AdamW,0.0001,0.0001,32,4,False,research-lab/experiments/registered-workflow/extensions/jiim_2026_major_revision/runs/jiim_ext_isic2019_split_01_seed_62_resnet18_A,3ea2635bfed3a0751b18d1e93ec75c2724463c8030be54a5ce66bfa3d791b6cc,2dac4a6e4f39b13659cb6ea60f6af3d32e55bb35d2d5afea1307dc408ffda539
jiim_ext_isic2019_split_01_seed_42_resnet50_A,extension,isic2019,resnet50,split_01,42,A,shared,completed,True,PASS,0,image,3499,0.5133420329074849,9,2,60,525.2183838412166,after model/data-loader initialization through checkpoint hashing and metric export; perf_counter,NVIDIA GeForce RTX 4090 D,12.1,3.10.21,2.4.1+cu121,0.19.1+cu121,1.26.4,2.3.3,10.4.0,1.7.2,6.0.2,AdamW,0.0001,0.0001,32,4,False,research-lab/experiments/registered-workflow/extensions/jiim_2026_major_revision/runs/jiim_ext_isic2019_split_01_seed_42_resnet50_A,be8e299cb46b7bce7796bcfd296d0cec5f7ddd879c9983f7094cdc6aa8264f0c,40fb9b0ff7c8f5e8cdaf84eef75dbb9d94e156ea81a9f242cb554f5c1c820f67
jiim_ext_isic2019_split_01_seed_52_resnet50_A,extension,isic2019,resnet50,split_01,52,A,shared,completed,True,PASS,0,image,3499,0.5126809813629897,9,2,60,519.771161261946,after model/data-loader initialization through checkpoint hashing and metric export; perf_counter,NVIDIA GeForce RTX 4090 D,12.1,3.10.21,2.4.1+cu121,0.19.1+cu121,1.26.4,2.3.3,10.4.0,1.7.2,6.0.2,AdamW,0.0001,0.0001,32,4,False,research-lab/experiments/registered-workflow/extensions/jiim_2026_major_revision/runs/jiim_ext_isic2019_split_01_seed_52_resnet50_A,7cdb9d9ebc318a2ad898bfae9b5ae2e061f8d1fc2284a5698324a7f7fcfffcfd,e3b520b8a20a47ca90b93d370e26a35e946f28a53729c89c3bcbd5bc8b0ac47c
jiim_ext_isic2019_split_01_seed_62_resnet50_A,extension,isic2019,resnet50,split_01,62,A,shared,completed,True,PASS,0,image,3499,0.5066626030854192,9,2,60,516.2843203060329,after model/data-loader initialization through checkpoint hashing and metric export; perf_counter,NVIDIA GeForce RTX 4090 D,12.1,3.10.21,2.4.1+cu121,0.19.1+cu121,1.26.4,2.3.3,10.4.0,1.7.2,6.0.2,AdamW,0.0001,0.0001,32,4,False,research-lab/experiments/registered-workflow/extensions/jiim_2026_major_revision/runs/jiim_ext_isic2019_split_01_seed_62_resnet50_A,373ddd424da317179e95ab2b4b63dfd0bd4361776206011d58fc3e88e3fd75c8,4f142fa95570b4bfe0074b2e79cf77f415d8e2464e05fca0501281895723cc7e
jiim_ext_isic2019_split_01_seed_42_densenet121_A,extension,isic2019,densenet121,split_01,42,A,shared,completed,True,PASS,0,image,3499,0.47311658533614287,11,4,60,764.3710188046098,after model/data-loader initialization through checkpoint hashing and metric export; perf_counter,NVIDIA GeForce RTX 4090 D,12.1,3.10.21,2.4.1+cu121,0.19.1+cu121,1.26.4,2.3.3,10.4.0,1.7.2,6.0.2,AdamW,0.0001,0.0001,32,4,False,research-lab/experiments/registered-workflow/extensions/jiim_2026_major_revision/runs/jiim_ext_isic2019_split_01_seed_42_densenet121_A,7ec4596409043ce06489a9b8a8570ffdca6c5e6f8c7d475f381c0e394a496487,d83e50dc019754efd99cc33239275d14a5b2be47774fbe5d287a6840e1e7fc4e
jiim_ext_isic2019_split_01_seed_52_densenet121_A,extension,isic2019,densenet121,split_01,52,A,shared,completed,True,PASS,0,image,3499,0.4499108046938708,10,3,60,671.7793963700533,after model/data-loader initialization through checkpoint hashing and metric export; perf_counter,NVIDIA GeForce RTX 4090 D,12.1,3.10.21,2.4.1+cu121,0.19.1+cu121,1.26.4,2.3.3,10.4.0,1.7.2,6.0.2,AdamW,0.0001,0.0001,32,4,False,research-lab/experiments/registered-workflow/extensions/jiim_2026_major_revision/runs/jiim_ext_isic2019_split_01_seed_52_densenet121_A,e93c335afaf39e5e9ca65323e787a1aa10353091f20268d3f618ed9717517c40,00791688f907d602fdd183a0dc11185077228ede38b1144874a0705b158ef0c7
jiim_ext_isic2019_split_01_seed_62_densenet121_A,extension,isic2019,densenet121,split_01,62,A,shared,completed,True,PASS,0,image,3499,0.4614205031851802,11,4,60,722.2733994200826,after model/data-loader initialization through checkpoint hashing and metric export; perf_counter,NVIDIA GeForce RTX 4090 D,12.1,3.10.21,2.4.1+cu121,0.19.1+cu121,1.26.4,2.3.3,10.4.0,1.7.2,6.0.2,AdamW,0.0001,0.0001,32,4,False,research-lab/experiments/registered-workflow/extensions/jiim_2026_major_revision/runs/jiim_ext_isic2019_split_01_seed_62_densenet121_A,f7d0d1253a68a6c54497c026f502c2534dfde3973e94d2fce491b64f77c9bb67,0cf47fc8791b76072fa457ac66b87370c92da227c40bdce85e7316bf61c424ec
jiim_ext_isic2019_split_01_seed_42_efficientnet_b0_A,extension,isic2019,efficientnet_b0,split_01,42,A,shared,completed,True,PASS,0,image,3499,0.42995749763478336,21,14,60,1352.5621535032988,after model/data-loader initialization through checkpoint hashing and metric export; perf_counter,NVIDIA GeForce RTX 4090 D,12.1,3.10.21,2.4.1+cu121,0.19.1+cu121,1.26.4,2.3.3,10.4.0,1.7.2,6.0.2,AdamW,0.0001,0.0001,32,4,False,research-lab/experiments/registered-workflow/extensions/jiim_2026_major_revision/runs/jiim_ext_isic2019_split_01_seed_42_efficientnet_b0_A,00bf250a4e8247742926cd49af4b907b3e7126e30324f237c1a37be5f2f2ce05,3c2757554c654dda1a7e7b83ecc26aa510b07820ac8cb67bcaf000fed68f7c5e
jiim_ext_isic2019_split_01_seed_52_efficientnet_b0_A,extension,isic2019,efficientnet_b0,split_01,52,A,shared,completed,True,PASS,0,image,3499,0.4317336222567073,28,21,60,1758.5649291798472,after model/data-loader initialization through checkpoint hashing and metric export; perf_counter,NVIDIA GeForce RTX 4090 D,12.1,3.10.21,2.4.1+cu121,0.19.1+cu121,1.26.4,2.3.3,10.4.0,1.7.2,6.0.2,AdamW,0.0001,0.0001,32,4,False,research-lab/experiments/registered-workflow/extensions/jiim_2026_major_revision/runs/jiim_ext_isic2019_split_01_seed_52_efficientnet_b0_A,3a782160d3fc29e8aa72c64dbb9b916c5bdea75738d100ff0c0810ecd4446d5e,01a5211bf5877282ec219550d3791ce16f43ed5694b48e0b753f8d389710e205
jiim_ext_isic2019_split_01_seed_62_efficientnet_b0_A,extension,isic2019,efficientnet_b0,split_01,62,A,shared,completed,True,PASS,0,image,3499,0.44042010050984426,28,21,60,1766.4166752584279,after model/data-loader initialization through checkpoint hashing and metric export; perf_counter,NVIDIA GeForce RTX 4090 D,12.1,3.10.21,2.4.1+cu121,0.19.1+cu121,1.26.4,2.3.3,10.4.0,1.7.2,6.0.2,AdamW,0.0001,0.0001,32,4,False,research-lab/experiments/registered-workflow/extensions/jiim_2026_major_revision/runs/jiim_ext_isic2019_split_01_seed_62_efficientnet_b0_A,a2ef8a9bafcc1d33dac9e161459d7d0c9bd2fdecd876b98528cd74df62f008c8,2a08b45a0f6b7b5212f58938aa597be95d955934798f76da28c68a8464bd9777
jiim_ext_isic2019_split_01_seed_42_swin_t_A,extension,isic2019,swin_t,split_01,42,A,shared,completed,True,PASS,0,image,3499,0.4864566903075509,10,3,60,612.4246617555618,after model/data-loader initialization through checkpoint hashing and metric export; perf_counter,NVIDIA GeForce RTX 4090 D,12.1,3.10.21,2.4.1+cu121,0.19.1+cu121,1.26.4,2.3.3,10.4.0,1.7.2,6.0.2,AdamW,0.0001,0.0001,32,4,False,research-lab/experiments/registered-workflow/extensions/jiim_2026_major_revision/runs/jiim_ext_isic2019_split_01_seed_42_swin_t_A,17ea565a71a9e5ef1cd2e8f6250c4dcf2015e9c9a32d0635c99c91d4812f45e6,df782d86a1c027c0977f0c579721fb5b27983ee7d84662b7108dd76ae2059141
jiim_ext_isic2019_split_01_seed_52_swin_t_A,extension,isic2019,swin_t,split_01,52,A,shared,completed,True,PASS,0,image,3499,0.4606907273673618,9,2,60,551.6879807859659,after model/data-loader initialization through checkpoint hashing and metric export; perf_counter,NVIDIA GeForce RTX 4090 D,12.1,3.10.21,2.4.1+cu121,0.19.1+cu121,1.26.4,2.3.3,10.4.0,1.7.2,6.0.2,AdamW,0.0001,0.0001,32,4,False,research-lab/experiments/registered-workflow/extensions/jiim_2026_major_revision/runs/jiim_ext_isic2019_split_01_seed_52_swin_t_A,fa1130bea5dac7b897cc27a9d967dfb7a777d1053defdd36916664b14ce95d62,1bfd14087aa7fbef7a332b60c4287bd94190524352928140ddbe8dd1aadaaa2a
jiim_ext_isic2019_split_01_seed_62_swin_t_A,extension,isic2019,swin_t,split_01,62,A,shared,completed,True,PASS,0,image,3499,0.507975480264347,10,3,60,582.1387262791395,after model/data-loader initialization through checkpoint hashing and metric export; perf_counter,NVIDIA GeForce RTX 4090 D,12.1,3.10.21,2.4.1+cu121,0.19.1+cu121,1.26.4,2.3.3,10.4.0,1.7.2,6.0.2,AdamW,0.0001,0.0001,32,4,False,research-lab/experiments/registered-workflow/extensions/jiim_2026_major_revision/runs/jiim_ext_isic2019_split_01_seed_62_swin_t_A,682338b706a08b3ad9e65da8f54134f22a1df87b5469d37d9ec5098c6dcdabde,53f5e08c7883108b6f9795f4986c79eaa0120541b0276f08bdd1da5e2792d144
jiim_ext_isic2019_split_01_seed_42_swin_t_B,extension,isic2019,swin_t,split_01,42,A,swin_weight_eval,completed,True,PASS,0,image,3499,0.4976526628954463,10,3,60,668.1127480082214,after model/data-loader initialization through checkpoint hashing and metric export; perf_counter,NVIDIA GeForce RTX 4090 D,12.1,3.10.21,2.4.1+cu121,0.19.1+cu121,1.26.4,2.3.3,10.4.0,1.7.2,6.0.2,AdamW,0.0001,0.0001,32,4,False,research-lab/experiments/registered-workflow/extensions/jiim_2026_major_revision/runs/jiim_ext_isic2019_split_01_seed_42_swin_t_B,d3eae1cfa16966feccc5d8f806420395c039c9cd81d46c892b5cec0bab463f7c,7c694047f05f618a933d6b9b550f11e4a85e7ad3e1d8083a343861c34b5197c8
jiim_ext_isic2019_split_01_seed_52_swin_t_B,extension,isic2019,swin_t,split_01,52,A,swin_weight_eval,completed,True,PASS,0,image,3499,0.5392529873795179,11,4,60,756.6020961254835,after model/data-loader initialization through checkpoint hashing and metric export; perf_counter,NVIDIA GeForce RTX 4090 D,12.1,3.10.21,2.4.1+cu121,0.19.1+cu121,1.26.4,2.3.3,10.4.0,1.7.2,6.0.2,AdamW,0.0001,0.0001,32,4,False,research-lab/experiments/registered-workflow/extensions/jiim_2026_major_revision/runs/jiim_ext_isic2019_split_01_seed_52_swin_t_B,361fd4a50cf90716a7e8d1d0f1df64736e9a758d11f1f933bfb9530d1139837c,47bdf3d2cb96bf2280ebc22305ca7cdd24bdeaa2335c353997c1087a920eaf86
jiim_ext_isic2019_split_01_seed_62_swin_t_B,extension,isic2019,swin_t,split_01,62,A,swin_weight_eval,completed,True,PASS,0,image,3499,0.5116471819893011,10,3,60,681.9460773132741,after model/data-loader initialization through checkpoint hashing and metric export; perf_counter,NVIDIA GeForce RTX 4090 D,12.1,3.10.21,2.4.1+cu121,0.19.1+cu121,1.26.4,2.3.3,10.4.0,1.7.2,6.0.2,AdamW,0.0001,0.0001,32,4,False,research-lab/experiments/registered-workflow/extensions/jiim_2026_major_revision/runs/jiim_ext_isic2019_split_01_seed_62_swin_t_B,be766ac70cc0a7916ce87dfaf215522f1611edde5a2c95065c12f179682254ad,c2efd5cde4b0373775f1f483059c0eea7ddf5a93efd2876fb82306d557e8141f
jiim_ext_isic2019_split_02_seed_42_resnet18_A,extension,isic2019,resnet18,split_02,42,A,shared,completed,True,PASS,0,image,3486,0.4643128218513466,8,1,60,478.51057180017233,after model/data-loader initialization through checkpoint hashing and metric export; perf_counter,NVIDIA GeForce RTX 4090 D,12.1,3.10.21,2.4.1+cu121,0.19.1+cu121,1.26.4,2.3.3,10.4.0,1.7.2,6.0.2,AdamW,0.0001,0.0001,32,4,False,research-lab/experiments/registered-workflow/extensions/jiim_2026_major_revision/runs/jiim_ext_isic2019_split_02_seed_42_resnet18_A,359a6da2a815329a0c2bcb577bfabf3bf2e64a5e812b9aba85da27492878e941,e747495f17c703f67aff5e4032a4e306e75308debc251ff1f21ee5c0bba65893
jiim_ext_isic2019_split_02_seed_52_resnet18_A,extension,isic2019,resnet18,split_02,52,A,shared,completed,True,PASS,0,image,3486,0.4443329307859898,8,1,60,511.7369844317436,after model/data-loader initialization through checkpoint hashing and metric export; perf_counter,NVIDIA GeForce RTX 4090 D,12.1,3.10.21,2.4.1+cu121,0.19.1+cu121,1.26.4,2.3.3,10.4.0,1.7.2,6.0.2,AdamW,0.0001,0.0001,32,4,False,research-lab/experiments/registered-workflow/extensions/jiim_2026_major_revision/runs/jiim_ext_isic2019_split_02_seed_52_resnet18_A,211708f51e82defac212b71463a8afa9d758f23abb52bf2a13b8ed959bacd85f,c526aef2fb71e06f04eaf9d78fe02bc3dd17b40495585e3c9d2c5c7e172c4b5b
jiim_ext_isic2019_split_02_seed_62_resnet18_A,extension,isic2019,resnet18,split_02,62,A,shared,completed,True,PASS,0,image,3486,0.4698742017457009,10,3,60,627.3185624666512,after model/data-loader initialization through checkpoint hashing and metric export; perf_counter,NVIDIA GeForce RTX 4090 D,12.1,3.10.21,2.4.1+cu121,0.19.1+cu121,1.26.4,2.3.3,10.4.0,1.7.2,6.0.2,AdamW,0.0001,0.0001,32,4,False,research-lab/experiments/registered-workflow/extensions/jiim_2026_major_revision/runs/jiim_ext_isic2019_split_02_seed_62_resnet18_A,d9f11a923a5e0639329cd51976ef3ca2f8c41158d8e88688b11dfb39b8596aec,682e5fdbc8f6ff097bc156b974d0b426c8c77af3e03269e403cf486943fc2f92
jiim_ext_isic2019_split_02_seed_42_resnet50_A,extension,isic2019,resnet50,split_02,42,A,shared,completed,True,PASS,0,image,3486,0.5184298837944535,10,3,60,668.5071150846779,after model/data-loader initialization through checkpoint hashing and metric export; perf_counter,NVIDIA GeForce RTX 4090 D,12.1,3.10.21,2.4.1+cu121,0.19.1+cu121,1.26.4,2.3.3,10.4.0,1.7.2,6.0.2,AdamW,0.0001,0.0001,32,4,False,research-lab/experiments/registered-workflow/extensions/jiim_2026_major_revision/runs/jiim_ext_isic2019_split_02_seed_42_resnet50_A,afa28d896d5874c927300806d70db303c60ca48925ad98020ab57441f6af0636,a489999231548305950d1e7adf897778380598e25a8ea22d8f793a4229119ab6
jiim_ext_isic2019_split_02_seed_52_resnet50_A,extension,isic2019,resnet50,split_02,52,A,shared,completed,True,PASS,0,image,3486,0.49243519315909395,9,2,60,569.0781110711396,after model/data-loader initialization through checkpoint hashing and metric export; perf_counter,NVIDIA GeForce RTX 4090 D,12.1,3.10.21,2.4.1+cu121,0.19.1+cu121,1.26.4,2.3.3,10.4.0,1.7.2,6.0.2,AdamW,0.0001,0.0001,32,4,False,research-lab/experiments/registered-workflow/extensions/jiim_2026_major_revision/runs/jiim_ext_isic2019_split_02_seed_52_resnet50_A,2a882d5ca78ae18e8e0b52e1b9728005c725f3a812cb236af374fcbbb838b658,58e79a2b08e499ba71de4831298d4f2ff8c92b4d907db20e819e0129420d1b3c
jiim_ext_isic2019_split_02_seed_62_resnet50_A,extension,isic2019,resnet50,split_02,62,A,shared,completed,True,PASS,0,image,3486,0.5084114701146679,9,2,60,571.630066152662,after model/data-loader initialization through checkpoint hashing and metric export; perf_counter,NVIDIA GeForce RTX 4090 D,12.1,3.10.21,2.4.1+cu121,0.19.1+cu121,1.26.4,2.3.3,10.4.0,1.7.2,6.0.2,AdamW,0.0001,0.0001,32,4,False,research-lab/experiments/registered-workflow/extensions/jiim_2026_major_revision/runs/jiim_ext_isic2019_split_02_seed_62_resnet50_A,a111be34fba6d43fc67af28f3b06fc0aece564fe959db336a9f8b27c73fd8875,a2e9e3de56ca139716ce29b368f66dc8b4933cac0ffcacaf68ff06253e2b96f1
jiim_ext_isic2019_split_02_seed_42_densenet121_A,extension,isic2019,densenet121,split_02,42,A,shared,completed,True,PASS,0,image,3486,0.45486053604270055,9,2,60,590.9117867872119,after model/data-loader initialization through checkpoint hashing and metric export; perf_counter,NVIDIA GeForce RTX 4090 D,12.1,3.10.21,2.4.1+cu121,0.19.1+cu121,1.26.4,2.3.3,10.4.0,1.7.2,6.0.2,AdamW,0.0001,0.0001,32,4,False,research-lab/experiments/registered-workflow/extensions/jiim_2026_major_revision/runs/jiim_ext_isic2019_split_02_seed_42_densenet121_A,71fc3da0a32245862d3fb0534769030ad93d1f8025ba30bb9a2011c98624db02,07f166355bfe56608405364812a2fe3d0bc27ad60f6485ba8b5b521fe5732f6d
jiim_ext_isic2019_split_02_seed_52_densenet121_A,extension,isic2019,densenet121,split_02,52,A,shared,completed,True,PASS,0,image,3486,0.46457003445841916,10,3,60,663.6897480897605,after model/data-loader initialization through checkpoint hashing and metric export; perf_counter,NVIDIA GeForce RTX 4090 D,12.1,3.10.21,2.4.1+cu121,0.19.1+cu121,1.26.4,2.3.3,10.4.0,1.7.2,6.0.2,AdamW,0.0001,0.0001,32,4,False,research-lab/experiments/registered-workflow/extensions/jiim_2026_major_revision/runs/jiim_ext_isic2019_split_02_seed_52_densenet121_A,b2fef99c4aba9786a27488c9a891064b290a1716d6a7f6c15ad25b59221a311b,4ae1ba2e959856fd9630bdea3e30da4d500d67806c38560a2df727742812eb91
jiim_ext_isic2019_split_02_seed_62_densenet121_A,extension,isic2019,densenet121,split_02,62,A,shared,completed,True,PASS,0,image,3486,0.4795455582499216,11,4,60,699.5379656292498,after model/data-loader initialization through checkpoint hashing and metric export; perf_counter,NVIDIA GeForce RTX 4090 D,12.1,3.10.21,2.4.1+cu121,0.19.1+cu121,1.26.4,2.3.3,10.4.0,1.7.2,6.0.2,AdamW,0.0001,0.0001,32,4,False,research-lab/experiments/registered-workflow/extensions/jiim_2026_major_revision/runs/jiim_ext_isic2019_split_02_seed_62_densenet121_A,55b2bc541aaabacfe35953cd3fa2703cb4c11082c7403c16dcabea6c198387fe,e0637384678d14e794ef468e0ae4fa67bfafda5a2e4bf4a730675305ea4fc2be
jiim_ext_isic2019_split_02_seed_42_efficientnet_b0_A,extension,isic2019,efficientnet_b0,split_02,42,A,shared,completed,True,PASS,0,image,3486,0.41970335013421334,17,10,60,1086.864824641496,after model/data-loader initialization through checkpoint hashing and metric export; perf_counter,NVIDIA GeForce RTX 4090 D,12.1,3.10.21,2.4.1+cu121,0.19.1+cu121,1.26.4,2.3.3,10.4.0,1.7.2,6.0.2,AdamW,0.0001,0.0001,32,4,False,research-lab/experiments/registered-workflow/extensions/jiim_2026_major_revision/runs/jiim_ext_isic2019_split_02_seed_42_efficientnet_b0_A,bdda229d0473a9169623380eb29c0590e383f0f8944bb0e0727ba0f3b7cd5924,dff3c5b6f62edcf13c2e0512ff9bd6d829879da85da15dc0a0ba14c7d936dfd3
jiim_ext_isic2019_split_02_seed_52_efficientnet_b0_A,extension,isic2019,efficientnet_b0,split_02,52,A,shared,completed,True,PASS,0,image,3486,0.43629775872572546,24,17,60,1527.4026356190443,after model/data-loader initialization through checkpoint hashing and metric export; perf_counter,NVIDIA GeForce RTX 4090 D,12.1,3.10.21,2.4.1+cu121,0.19.1+cu121,1.26.4,2.3.3,10.4.0,1.7.2,6.0.2,AdamW,0.0001,0.0001,32,4,False,research-lab/experiments/registered-workflow/extensions/jiim_2026_major_revision/runs/jiim_ext_isic2019_split_02_seed_52_efficientnet_b0_A,01bae5041ba61b8b8b13130a0c402732b0a6d5e440b2835c1a01891a0d387b1c,89ad677225c6c7120fc235af23304068cbddb59c40fb1dd0866a19affcd1873c
jiim_ext_isic2019_split_02_seed_62_efficientnet_b0_A,extension,isic2019,efficientnet_b0,split_02,62,A,shared,completed,True,PASS,0,image,3486,0.43649552496857197,26,19,60,1717.0844688042998,after model/data-loader initialization through checkpoint hashing and metric export; perf_counter,NVIDIA GeForce RTX 4090 D,12.1,3.10.21,2.4.1+cu121,0.19.1+cu121,1.26.4,2.3.3,10.4.0,1.7.2,6.0.2,AdamW,0.0001,0.0001,32,4,False,research-lab/experiments/registered-workflow/extensions/jiim_2026_major_revision/runs/jiim_ext_isic2019_split_02_seed_62_efficientnet_b0_A,68bcb5159da5d4fa6883e10ef639e02d430862799d4aa681a76145da597a86b8,a2182236bfa09634d6c03c41432e30ba1460e227757a69a0eab259e50f02fa30
jiim_ext_isic2019_split_02_seed_42_swin_t_A,extension,isic2019,swin_t,split_02,42,A,shared,completed,True,PASS,0,image,3486,0.4928846238020641,10,3,60,614.5887088738382,after model/data-loader initialization through checkpoint hashing and metric export; perf_counter,NVIDIA GeForce RTX 4090 D,12.1,3.10.21,2.4.1+cu121,0.19.1+cu121,1.26.4,2.3.3,10.4.0,1.7.2,6.0.2,AdamW,0.0001,0.0001,32,4,False,research-lab/experiments/registered-workflow/extensions/jiim_2026_major_revision/runs/jiim_ext_isic2019_split_02_seed_42_swin_t_A,6fd65b545db66413a4939cfdf676ac450715501dc284bc493cdaf25ea70bd347,5f5f8359d1275c21c71f0975ea3095b91544c7aba00d29e6d8b64ad94f637168
jiim_ext_isic2019_split_02_seed_52_swin_t_A,extension,isic2019,swin_t,split_02,52,A,shared,completed,True,PASS,0,image,3486,0.4839285703703806,10,3,60,616.1829204708338,after model/data-loader initialization through checkpoint hashing and metric export; perf_counter,NVIDIA GeForce RTX 4090 D,12.1,3.10.21,2.4.1+cu121,0.19.1+cu121,1.26.4,2.3.3,10.4.0,1.7.2,6.0.2,AdamW,0.0001,0.0001,32,4,False,research-lab/experiments/registered-workflow/extensions/jiim_2026_major_revision/runs/jiim_ext_isic2019_split_02_seed_52_swin_t_A,c041fa5d1e4900114880807411094c45ffab7d39e37000cab550250f7f40c30b,324c23532f9688cb3d2c5a783dcb5403e315bd9eae83611e62a7ade7b60679e1
jiim_ext_isic2019_split_02_seed_62_swin_t_A,extension,isic2019,swin_t,split_02,62,A,shared,completed,True,PASS,0,image,3486,0.4748094720624489,10,3,60,606.0383280403912,after model/data-loader initialization through checkpoint hashing and metric export; perf_counter,NVIDIA GeForce RTX 4090 D,12.1,3.10.21,2.4.1+cu121,0.19.1+cu121,1.26.4,2.3.3,10.4.0,1.7.2,6.0.2,AdamW,0.0001,0.0001,32,4,False,research-lab/experiments/registered-workflow/extensions/jiim_2026_major_revision/runs/jiim_ext_isic2019_split_02_seed_62_swin_t_A,e0a2a1039953260a8f3022f5614c98820733aa1fc1a2c6e698270618ab0c238b,44a21da470d2f591e05186cb3b18eafa079082b939ec07f67d29fe0e3a15bd0c
jiim_ext_isic2019_split_02_seed_42_swin_t_B,extension,isic2019,swin_t,split_02,42,A,swin_weight_eval,completed,True,PASS,0,image,3486,0.500535977151505,10,3,60,700.7979605048895,after model/data-loader initialization through checkpoint hashing and metric export; perf_counter,NVIDIA GeForce RTX 4090 D,12.1,3.10.21,2.4.1+cu121,0.19.1+cu121,1.26.4,2.3.3,10.4.0,1.7.2,6.0.2,AdamW,0.0001,0.0001,32,4,False,research-lab/experiments/registered-workflow/extensions/jiim_2026_major_revision/runs/jiim_ext_isic2019_split_02_seed_42_swin_t_B,082ca40338b6d1aaf971fa5a5115319d8aa6cc4c1c72d990a7de1273acb737bf,60f75a08390916170452a5f52e982ae8210b2c30be878b71b914659ac509f38c
jiim_ext_isic2019_split_02_seed_52_swin_t_B,extension,isic2019,swin_t,split_02,52,A,swin_weight_eval,completed,True,PASS,0,image,3486,0.4985417746059347,10,3,60,698.6225827671587,after model/data-loader initialization through checkpoint hashing and metric export; perf_counter,NVIDIA GeForce RTX 4090 D,12.1,3.10.21,2.4.1+cu121,0.19.1+cu121,1.26.4,2.3.3,10.4.0,1.7.2,6.0.2,AdamW,0.0001,0.0001,32,4,False,research-lab/experiments/registered-workflow/extensions/jiim_2026_major_revision/runs/jiim_ext_isic2019_split_02_seed_52_swin_t_B,d8cbb7931f1720beacc5aaceafa50bd76cdaea9fbc2145cb14c5ba2bfed98b97,85608de7e1de40ce4748126dfee165450afd579d01898e20ddc06104da40b676
jiim_ext_isic2019_split_02_seed_62_swin_t_B,extension,isic2019,swin_t,split_02,62,A,swin_weight_eval,completed,True,PASS,0,image,3486,0.4886096959401432,10,3,60,687.1416345350444,after model/data-loader initialization through checkpoint hashing and metric export; perf_counter,NVIDIA GeForce RTX 4090 D,12.1,3.10.21,2.4.1+cu121,0.19.1+cu121,1.26.4,2.3.3,10.4.0,1.7.2,6.0.2,AdamW,0.0001,0.0001,32,4,False,research-lab/experiments/registered-workflow/extensions/jiim_2026_major_revision/runs/jiim_ext_isic2019_split_02_seed_62_swin_t_B,2149dc5a92979e98f772decdb9a80fad3438986e462c1332663aae8dbfec3bf0,18845c754aa75004a39a680936b94afe2547fcb5aa033f3c17d2460b0eac5258
jiim_ext_isic2019_split_03_seed_42_resnet18_A,extension,isic2019,resnet18,split_03,42,A,shared,completed,True,PASS,0,image,3471,0.4905195671388586,8,1,60,511.9051360525191,after model/data-loader initialization through checkpoint hashing and metric export; perf_counter,NVIDIA GeForce RTX 4090 D,12.1,3.10.21,2.4.1+cu121,0.19.1+cu121,1.26.4,2.3.3,10.4.0,1.7.2,6.0.2,AdamW,0.0001,0.0001,32,4,False,research-lab/experiments/registered-workflow/extensions/jiim_2026_major_revision/runs/jiim_ext_isic2019_split_03_seed_42_resnet18_A,ca91532b1087a992e2f126b3e067eb0732d6a50e51a2611ec79a20c7d2b955e4,2ecbc8b6dc465e0493d32cabaabf779047b1f8b27e27a0dcc40e2a9d02867739
jiim_ext_isic2019_split_03_seed_52_resnet18_A,extension,isic2019,resnet18,split_03,52,A,shared,completed,True,PASS,0,image,3471,0.49462662166178034,9,2,60,539.3214971683919,after model/data-loader initialization through checkpoint hashing and metric export; perf_counter,NVIDIA GeForce RTX 4090 D,12.1,3.10.21,2.4.1+cu121,0.19.1+cu121,1.26.4,2.3.3,10.4.0,1.7.2,6.0.2,AdamW,0.0001,0.0001,32,4,False,research-lab/experiments/registered-workflow/extensions/jiim_2026_major_revision/runs/jiim_ext_isic2019_split_03_seed_52_resnet18_A,5f67f7e667fbe16082164f6a1630a2d43f09e4e151fc855379c2a4d8061b62f1,966e3f11c80b7847b0c1fa7705a71275ce3f34e0fc07d57b5e173d036c651a58
jiim_ext_isic2019_split_03_seed_62_resnet18_A,extension,isic2019,resnet18,split_03,62,A,shared,completed,True,PASS,0,image,3471,0.480796336644007,8,1,60,487.37133345380425,after model/data-loader initialization through checkpoint hashing and metric export; perf_counter,NVIDIA GeForce RTX 4090 D,12.1,3.10.21,2.4.1+cu121,0.19.1+cu121,1.26.4,2.3.3,10.4.0,1.7.2,6.0.2,AdamW,0.0001,0.0001,32,4,False,research-lab/experiments/registered-workflow/extensions/jiim_2026_major_revision/runs/jiim_ext_isic2019_split_03_seed_62_resnet18_A,c69d0f2f122b61d88e08ad80c7cf05113468b4ba817f79818d829f4f9059fe33,aa2619ed29867e6a9cabef573d14d71d399dfd66ca17778a2328d5a42c7ba840
jiim_ext_isic2019_split_03_seed_42_resnet50_A,extension,isic2019,resnet50,split_03,42,A,shared,completed,True,PASS,0,image,3471,0.5089770369812651,8,1,60,478.78650245442986,after model/data-loader initialization through checkpoint hashing and metric export; perf_counter,NVIDIA GeForce RTX 4090 D,12.1,3.10.21,2.4.1+cu121,0.19.1+cu121,1.26.4,2.3.3,10.4.0,1.7.2,6.0.2,AdamW,0.0001,0.0001,32,4,False,research-lab/experiments/registered-workflow/extensions/jiim_2026_major_revision/runs/jiim_ext_isic2019_split_03_seed_42_resnet50_A,3b9c455fa2bab8c06db08d5ee73c8c511d4d64f2a569bd8e80c4523c628ad335,fde6ba65d7e3960bee9e2bae4f093dc8c0cb37293d3b9dd819afa23c0c7c7f77
jiim_ext_isic2019_split_03_seed_52_resnet50_A,extension,isic2019,resnet50,split_03,52,A,shared,completed,True,PASS,0,image,3471,0.5274821220877332,9,2,60,562.9054191112518,after model/data-loader initialization through checkpoint hashing and metric export; perf_counter,NVIDIA GeForce RTX 4090 D,12.1,3.10.21,2.4.1+cu121,0.19.1+cu121,1.26.4,2.3.3,10.4.0,1.7.2,6.0.2,AdamW,0.0001,0.0001,32,4,False,research-lab/experiments/registered-workflow/extensions/jiim_2026_major_revision/runs/jiim_ext_isic2019_split_03_seed_52_resnet50_A,d5385cc6c4ae1ba85983c7de9c0a9879ae093904d0ad74343b84d88ea1aa7df6,d191a5e8e78cd5c1efb928c269fa3c9ec1bc9c3e79ad4fd90d1930ef3fe878b3
jiim_ext_isic2019_split_03_seed_62_resnet50_A,extension,isic2019,resnet50,split_03,62,A,shared,completed,True,PASS,0,image,3471,0.4712749511641883,8,1,60,469.9011023975909,after model/data-loader initialization through checkpoint hashing and metric export; perf_counter,NVIDIA GeForce RTX 4090 D,12.1,3.10.21,2.4.1+cu121,0.19.1+cu121,1.26.4,2.3.3,10.4.0,1.7.2,6.0.2,AdamW,0.0001,0.0001,32,4,False,research-lab/experiments/registered-workflow/extensions/jiim_2026_major_revision/runs/jiim_ext_isic2019_split_03_seed_62_resnet50_A,f16ba0d6b1f0f40f775c69e5c961a5c894038b07383dc07d0020691e4a698000,6ef9fdc159950d0ac9e4f0d6f6d5199bcce31168d5e510c3363d4ba74d92ae1d
jiim_ext_isic2019_split_03_seed_42_densenet121_A,extension,isic2019,densenet121,split_03,42,A,shared,completed,True,PASS,0,image,3471,0.5027373570005662,9,2,60,644.1248158812523,after model/data-loader initialization through checkpoint hashing and metric export; perf_counter,NVIDIA GeForce RTX 4090 D,12.1,3.10.21,2.4.1+cu121,0.19.1+cu121,1.26.4,2.3.3,10.4.0,1.7.2,6.0.2,AdamW,0.0001,0.0001,32,4,False,research-lab/experiments/registered-workflow/extensions/jiim_2026_major_revision/runs/jiim_ext_isic2019_split_03_seed_42_densenet121_A,519623db20151d232fef11a6a5d0350e8bca817fd4907b96dff4cef89620e319,590ce0391eeced33280a822b00251b2a244de661b987c13a5c93d7ef4aff7a15
jiim_ext_isic2019_split_03_seed_52_densenet121_A,extension,isic2019,densenet121,split_03,52,A,shared,completed,True,PASS,0,image,3471,0.44694267610685195,9,2,60,636.720020391047,after model/data-loader initialization through checkpoint hashing and metric export; perf_counter,NVIDIA GeForce RTX 4090 D,12.1,3.10.21,2.4.1+cu121,0.19.1+cu121,1.26.4,2.3.3,10.4.0,1.7.2,6.0.2,AdamW,0.0001,0.0001,32,4,False,research-lab/experiments/registered-workflow/extensions/jiim_2026_major_revision/runs/jiim_ext_isic2019_split_03_seed_52_densenet121_A,74e9701e80b9ea227eceb9b093e810f20b7116e8e8dbd9d83de5f6c6cce96ccc,a3050012ba21f53eaaf475af2d5d4a50df62dc516628511dceec2f20e3790d5f
jiim_ext_isic2019_split_03_seed_62_densenet121_A,extension,isic2019,densenet121,split_03,62,A,shared,completed,True,PASS,0,image,3471,0.4601857925500644,10,3,60,721.5879803597927,after model/data-loader initialization through checkpoint hashing and metric export; perf_counter,NVIDIA GeForce RTX 4090 D,12.1,3.10.21,2.4.1+cu121,0.19.1+cu121,1.26.4,2.3.3,10.4.0,1.7.2,6.0.2,AdamW,0.0001,0.0001,32,4,False,research-lab/experiments/registered-workflow/extensions/jiim_2026_major_revision/runs/jiim_ext_isic2019_split_03_seed_62_densenet121_A,323dc14e50ce50c6b3ca98c5a18422de2b13d1b15560f71674fda0e6678ff8fe,7a5212a1bdd788cb226f10318be943c1cb861ff74fd6bb77a2536c8bcf172242
jiim_ext_isic2019_split_03_seed_42_efficientnet_b0_A,extension,isic2019,efficientnet_b0,split_03,42,A,shared,completed,True,PASS,0,image,3471,0.46939598070885025,19,12,60,1331.9010348431766,after model/data-loader initialization through checkpoint hashing and metric export; perf_counter,NVIDIA GeForce RTX 4090 D,12.1,3.10.21,2.4.1+cu121,0.19.1+cu121,1.26.4,2.3.3,10.4.0,1.7.2,6.0.2,AdamW,0.0001,0.0001,32,4,False,research-lab/experiments/registered-workflow/extensions/jiim_2026_major_revision/runs/jiim_ext_isic2019_split_03_seed_42_efficientnet_b0_A,4c363a2c0af9b18022a952d735d3f989587a35489523ddfdec491156c5f47004,8454cb9872cb7d8fc2a7429fff630717df7867cfef19ffad223a319938e0cbb9
jiim_ext_isic2019_split_03_seed_52_efficientnet_b0_A,extension,isic2019,efficientnet_b0,split_03,52,A,shared,completed,True,PASS,0,image,3471,0.4626845772507646,26,19,60,1712.5159086473286,after model/data-loader initialization through checkpoint hashing and metric export; perf_counter,NVIDIA GeForce RTX 4090 D,12.1,3.10.21,2.4.1+cu121,0.19.1+cu121,1.26.4,2.3.3,10.4.0,1.7.2,6.0.2,AdamW,0.0001,0.0001,32,4,False,research-lab/experiments/registered-workflow/extensions/jiim_2026_major_revision/runs/jiim_ext_isic2019_split_03_seed_52_efficientnet_b0_A,446511032578b5b77c7e61c3ace9ac9845897455cfc4907d08d02b2b01140bd0,49cd6c1660b96ffe942419dccc9d93e067442c268feee4072680e19f73dda315
jiim_ext_isic2019_split_03_seed_62_efficientnet_b0_A,extension,isic2019,efficientnet_b0,split_03,62,A,shared,completed,True,PASS,0,image,3471,0.4642849790862458,24,17,60,1546.1498617269099,after model/data-loader initialization through checkpoint hashing and metric export; perf_counter,NVIDIA GeForce RTX 4090 D,12.1,3.10.21,2.4.1+cu121,0.19.1+cu121,1.26.4,2.3.3,10.4.0,1.7.2,6.0.2,AdamW,0.0001,0.0001,32,4,False,research-lab/experiments/registered-workflow/extensions/jiim_2026_major_revision/runs/jiim_ext_isic2019_split_03_seed_62_efficientnet_b0_A,5ecace4fcd1d2ae6fb69cbaeecdf45f070338742b9c7ff7cabeaa7add65eeed0,23f5fa2ca3adb6ba71eaf4851c2d93430e432156bac6ca340af71589a2a41410
jiim_ext_isic2019_split_03_seed_42_swin_t_A,extension,isic2019,swin_t,split_03,42,A,shared,completed,True,PASS,0,image,3471,0.5067240930729477,10,3,60,640.6120423413813,after model/data-loader initialization through checkpoint hashing and metric export; perf_counter,NVIDIA GeForce RTX 4090 D,12.1,3.10.21,2.4.1+cu121,0.19.1+cu121,1.26.4,2.3.3,10.4.0,1.7.2,6.0.2,AdamW,0.0001,0.0001,32,4,False,research-lab/experiments/registered-workflow/extensions/jiim_2026_major_revision/runs/jiim_ext_isic2019_split_03_seed_42_swin_t_A,8db610ff36c826b5ab913db68273caf386088118ce0ffd365966e136c3c0fb9c,01fda29fd0846b4ed15d850cf45e6476526abf94af2c3bd585bf72c9b8fb5f2d
jiim_ext_isic2019_split_03_seed_52_swin_t_A,extension,isic2019,swin_t,split_03,52,A,shared,completed,True,PASS,0,image,3471,0.5058722649183659,9,2,60,549.8587687686086,after model/data-loader initialization through checkpoint hashing and metric export; perf_counter,NVIDIA GeForce RTX 4090 D,12.1,3.10.21,2.4.1+cu121,0.19.1+cu121,1.26.4,2.3.3,10.4.0,1.7.2,6.0.2,AdamW,0.0001,0.0001,32,4,False,research-lab/experiments/registered-workflow/extensions/jiim_2026_major_revision/runs/jiim_ext_isic2019_split_03_seed_52_swin_t_A,70aef2d46a79ab8508bcfc718f7ee9b51d37fa0694592e4798b01981014b2f1e,2e7b76bfed2ac9a9ab8c84513b887f68fd90836e0c6ce37b3dbf1a2b98e6936e
jiim_ext_isic2019_split_03_seed_62_swin_t_A,extension,isic2019,swin_t,split_03,62,A,shared,completed,True,PASS,0,image,3471,0.5104353930126466,10,3,60,625.2245432399213,after model/data-loader initialization through checkpoint hashing and metric export; perf_counter,NVIDIA GeForce RTX 4090 D,12.1,3.10.21,2.4.1+cu121,0.19.1+cu121,1.26.4,2.3.3,10.4.0,1.7.2,6.0.2,AdamW,0.0001,0.0001,32,4,False,research-lab/experiments/registered-workflow/extensions/jiim_2026_major_revision/runs/jiim_ext_isic2019_split_03_seed_62_swin_t_A,fc9b2daa47ded30ddf224ed15ecb8e527c3e810910dde65e771013692028a4cf,94f99c12ac6bcf1f03f4697b7df8ea5921fff6da3b447f8999fcbaffd89005ca
jiim_ext_isic2019_split_03_seed_42_swin_t_B,extension,isic2019,swin_t,split_03,42,A,swin_weight_eval,completed,True,PASS,0,image,3471,0.5054620719153101,10,3,60,668.4413986541331,after model/data-loader initialization through checkpoint hashing and metric export; perf_counter,NVIDIA GeForce RTX 4090 D,12.1,3.10.21,2.4.1+cu121,0.19.1+cu121,1.26.4,2.3.3,10.4.0,1.7.2,6.0.2,AdamW,0.0001,0.0001,32,4,False,research-lab/experiments/registered-workflow/extensions/jiim_2026_major_revision/runs/jiim_ext_isic2019_split_03_seed_42_swin_t_B,dba6ce4710f5d078680698ce1d30a7e12aea681845792bde3fcb510e8a59bbed,2190cc679a88773541d6b97f791be2098fa5b10265bd664cc3fcc5f908c2a9f7
jiim_ext_isic2019_split_03_seed_52_swin_t_B,extension,isic2019,swin_t,split_03,52,A,swin_weight_eval,completed,True,PASS,0,image,3471,0.5333582771382556,10,3,60,684.5345701575279,after model/data-loader initialization through checkpoint hashing and metric export; perf_counter,NVIDIA GeForce RTX 4090 D,12.1,3.10.21,2.4.1+cu121,0.19.1+cu121,1.26.4,2.3.3,10.4.0,1.7.2,6.0.2,AdamW,0.0001,0.0001,32,4,False,research-lab/experiments/registered-workflow/extensions/jiim_2026_major_revision/runs/jiim_ext_isic2019_split_03_seed_52_swin_t_B,cd83429839cf4c2ef0f7b0930d0d20bf247c7ea465e2f4ffb58fc3d7b255f69d,c6f34454b0360a9dcc4a140341b48fca8df7c1c557e90b1386db2f762474f6cb
jiim_ext_isic2019_split_03_seed_62_swin_t_B,extension,isic2019,swin_t,split_03,62,A,swin_weight_eval,completed,True,PASS,0,image,3471,0.5270695200733174,10,3,60,692.4715510420501,after model/data-loader initialization through checkpoint hashing and metric export; perf_counter,NVIDIA GeForce RTX 4090 D,12.1,3.10.21,2.4.1+cu121,0.19.1+cu121,1.26.4,2.3.3,10.4.0,1.7.2,6.0.2,AdamW,0.0001,0.0001,32,4,False,research-lab/experiments/registered-workflow/extensions/jiim_2026_major_revision/runs/jiim_ext_isic2019_split_03_seed_62_swin_t_B,d4daedb9fd18d53eddbd8700c6018fa6cb9bffd5c770379f72f457b20438b309,59b5bdeb280e99c3f9665804a9f69621e3017d46453033b8f4fb31542cb7af8f
jiim_ext_isic2019_split_04_seed_42_resnet18_A,extension,isic2019,resnet18,split_04,42,A,shared,completed,True,PASS,0,image,3473,0.45687614410255784,8,1,60,456.1279532685876,after model/data-loader initialization through checkpoint hashing and metric export; perf_counter,NVIDIA GeForce RTX 4090 D,12.1,3.10.21,2.4.1+cu121,0.19.1+cu121,1.26.4,2.3.3,10.4.0,1.7.2,6.0.2,AdamW,0.0001,0.0001,32,4,False,research-lab/experiments/registered-workflow/extensions/jiim_2026_major_revision/runs/jiim_ext_isic2019_split_04_seed_42_resnet18_A,387456d889fc89544e170e66bfc484bdcacbc93db6c059cc11d9c855bd8461ca,faaecddf1b35c48016a41b9d3f96cb96777e9aefbb4dc9531472491c2a1698d0
jiim_ext_isic2019_split_04_seed_52_resnet18_A,extension,isic2019,resnet18,split_04,52,A,shared,completed,True,PASS,0,image,3473,0.4836637229436618,8,1,60,459.9004491902888,after model/data-loader initialization through checkpoint hashing and metric export; perf_counter,NVIDIA GeForce RTX 4090 D,12.1,3.10.21,2.4.1+cu121,0.19.1+cu121,1.26.4,2.3.3,10.4.0,1.7.2,6.0.2,AdamW,0.0001,0.0001,32,4,False,research-lab/experiments/registered-workflow/extensions/jiim_2026_major_revision/runs/jiim_ext_isic2019_split_04_seed_52_resnet18_A,f3f2ace10e74665333c5a89effa61e687493c9e37609bae63110850f812b9c86,2a1dcbaeba8dc3192628a6e1b5b88fc4fb162b99cccee8fffedfb2e7386ac508
jiim_ext_isic2019_split_04_seed_62_resnet18_A,extension,isic2019,resnet18,split_04,62,A,shared,completed,True,PASS,0,image,3473,0.472969182216331,8,1,60,452.0998272933066,after model/data-loader initialization through checkpoint hashing and metric export; perf_counter,NVIDIA GeForce RTX 4090 D,12.1,3.10.21,2.4.1+cu121,0.19.1+cu121,1.26.4,2.3.3,10.4.0,1.7.2,6.0.2,AdamW,0.0001,0.0001,32,4,False,research-lab/experiments/registered-workflow/extensions/jiim_2026_major_revision/runs/jiim_ext_isic2019_split_04_seed_62_resnet18_A,e8bd16b8480b3ad28099998bbe47d7c160bebe9977ed93269be689ec7d18101d,0a9d887a374e510834513e88c2a7ce3f68825818aac3cda1d5d0b3d25afa0e46
jiim_ext_isic2019_split_04_seed_42_resnet50_A,extension,isic2019,resnet50,split_04,42,A,shared,completed,True,PASS,0,image,3473,0.4779862077719209,8,1,60,472.2247936874628,after model/data-loader initialization through checkpoint hashing and metric export; perf_counter,NVIDIA GeForce RTX 4090 D,12.1,3.10.21,2.4.1+cu121,0.19.1+cu121,1.26.4,2.3.3,10.4.0,1.7.2,6.0.2,AdamW,0.0001,0.0001,32,4,False,research-lab/experiments/registered-workflow/extensions/jiim_2026_major_revision/runs/jiim_ext_isic2019_split_04_seed_42_resnet50_A,fe5be852584c0b99fcf5b870ff1d0dff007122a60c5ea6eb41d854ee42a9b3c5,b880012c306b1d3354b704216fc91324f3d4c7cc5d022b7d768dd0400aadc6b7
jiim_ext_isic2019_split_04_seed_52_resnet50_A,extension,isic2019,resnet50,split_04,52,A,shared,completed,True,PASS,0,image,3473,0.5519996653446482,9,2,60,518.5843596868217,after model/data-loader initialization through checkpoint hashing and metric export; perf_counter,NVIDIA GeForce RTX 4090 D,12.1,3.10.21,2.4.1+cu121,0.19.1+cu121,1.26.4,2.3.3,10.4.0,1.7.2,6.0.2,AdamW,0.0001,0.0001,32,4,False,research-lab/experiments/registered-workflow/extensions/jiim_2026_major_revision/runs/jiim_ext_isic2019_split_04_seed_52_resnet50_A,740fa6efcb898221362ca7730c6477fe279ec9902932c670562a6fe3674cc755,2d113db4438ee9f251264cd6a22b21b0dc4c8b263f14cc66e0a83014817a4772
jiim_ext_isic2019_split_04_seed_62_resnet50_A,extension,isic2019,resnet50,split_04,62,A,shared,completed,True,PASS,0,image,3473,0.4899912641477102,8,1,60,464.0350528769195,after model/data-loader initialization through checkpoint hashing and metric export; perf_counter,NVIDIA GeForce RTX 4090 D,12.1,3.10.21,2.4.1+cu121,0.19.1+cu121,1.26.4,2.3.3,10.4.0,1.7.2,6.0.2,AdamW,0.0001,0.0001,32,4,False,research-lab/experiments/registered-workflow/extensions/jiim_2026_major_revision/runs/jiim_ext_isic2019_split_04_seed_62_resnet50_A,29f7802598d73f159da2de42067575ed81f7121253b58b3cc9d838af05a90857,e3bf376b6fb741e9597435a8714561f56bd1074f3bf84e0368eecccb0af175a3
jiim_ext_isic2019_split_04_seed_42_densenet121_A,extension,isic2019,densenet121,split_04,42,A,shared,completed,True,PASS,0,image,3473,0.4882685616376865,9,2,60,606.0109219588339,after model/data-loader initialization through checkpoint hashing and metric export; perf_counter,NVIDIA GeForce RTX 4090 D,12.1,3.10.21,2.4.1+cu121,0.19.1+cu121,1.26.4,2.3.3,10.4.0,1.7.2,6.0.2,AdamW,0.0001,0.0001,32,4,False,research-lab/experiments/registered-workflow/extensions/jiim_2026_major_revision/runs/jiim_ext_isic2019_split_04_seed_42_densenet121_A,ffed9b7480562e35dc9a2ab482a7985f29f7f59c03c0c9675317bb3c5d38361c,a68a857dc4de9060bacd729649efd3df3ae73c4ae8f699e9b37c4e04e188bc13
jiim_ext_isic2019_split_04_seed_52_densenet121_A,extension,isic2019,densenet121,split_04,52,A,shared,completed,True,PASS,0,image,3473,0.4638536537371448,9,2,60,603.0228960849345,after model/data-loader initialization through checkpoint hashing and metric export; perf_counter,NVIDIA GeForce RTX 4090 D,12.1,3.10.21,2.4.1+cu121,0.19.1+cu121,1.26.4,2.3.3,10.4.0,1.7.2,6.0.2,AdamW,0.0001,0.0001,32,4,False,research-lab/experiments/registered-workflow/extensions/jiim_2026_major_revision/runs/jiim_ext_isic2019_split_04_seed_52_densenet121_A,2af37f3e094c17c4ece44a90792c82c60f28f9c76665df29bdf018b6b20e4d4c,1e8dc4c2f384666d18f648872e52e537dd572470af7369b38fbff78c2c006938
jiim_ext_isic2019_split_04_seed_62_densenet121_A,extension,isic2019,densenet121,split_04,62,A,shared,completed,True,PASS,0,image,3473,0.4813949462235322,10,3,60,642.2093245051801,after model/data-loader initialization through checkpoint hashing and metric export; perf_counter,NVIDIA GeForce RTX 4090 D,12.1,3.10.21,2.4.1+cu121,0.19.1+cu121,1.26.4,2.3.3,10.4.0,1.7.2,6.0.2,AdamW,0.0001,0.0001,32,4,False,research-lab/experiments/registered-workflow/extensions/jiim_2026_major_revision/runs/jiim_ext_isic2019_split_04_seed_62_densenet121_A,3a6cd91e91dd9549be70f954ae928d88277f33219d4047fd34663736f3a7fa6b,458e3311f3be34a56260163141eb7597ae1ca4357f5f03609f4238a94868bfa2
jiim_ext_isic2019_split_04_seed_42_efficientnet_b0_A,extension,isic2019,efficientnet_b0,split_04,42,A,shared,completed,True,PASS,0,image,3473,0.4862124195251074,23,16,60,1456.421476572752,after model/data-loader initialization through checkpoint hashing and metric export; perf_counter,NVIDIA GeForce RTX 4090 D,12.1,3.10.21,2.4.1+cu121,0.19.1+cu121,1.26.4,2.3.3,10.4.0,1.7.2,6.0.2,AdamW,0.0001,0.0001,32,4,False,research-lab/experiments/registered-workflow/extensions/jiim_2026_major_revision/runs/jiim_ext_isic2019_split_04_seed_42_efficientnet_b0_A,415c164efcc24ec393fdb5a35f1a0d1cd31d514b5067ebe4be086f5bf7f2aae8,0613393b47947478b5e78abf7018353d090ee338ddd23123a5df969de7670317
jiim_ext_isic2019_split_04_seed_52_efficientnet_b0_A,extension,isic2019,efficientnet_b0,split_04,52,A,shared,completed,True,PASS,0,image,3473,0.4988966927175964,21,14,60,1300.5356795042753,after model/data-loader initialization through checkpoint hashing and metric export; perf_counter,NVIDIA GeForce RTX 4090 D,12.1,3.10.21,2.4.1+cu121,0.19.1+cu121,1.26.4,2.3.3,10.4.0,1.7.2,6.0.2,AdamW,0.0001,0.0001,32,4,False,research-lab/experiments/registered-workflow/extensions/jiim_2026_major_revision/runs/jiim_ext_isic2019_split_04_seed_52_efficientnet_b0_A,e9ce49673913dd20b6f6084acbaf048f1ec71ef024449e953328c7ea7bc0b572,ae37785f8b7952d61adb94951c816d3eb87af4337fd3f73af57dc7196e911223
jiim_ext_isic2019_split_04_seed_62_efficientnet_b0_A,extension,isic2019,efficientnet_b0,split_04,62,A,shared,completed,True,PASS,0,image,3473,0.4898000660075325,25,18,60,1594.6469293311238,after model/data-loader initialization through checkpoint hashing and metric export; perf_counter,NVIDIA GeForce RTX 4090 D,12.1,3.10.21,2.4.1+cu121,0.19.1+cu121,1.26.4,2.3.3,10.4.0,1.7.2,6.0.2,AdamW,0.0001,0.0001,32,4,False,research-lab/experiments/registered-workflow/extensions/jiim_2026_major_revision/runs/jiim_ext_isic2019_split_04_seed_62_efficientnet_b0_A,9c34b686329c479dd42ed10b78e2ed606d8f59de0ca4533bd03c90cedc970e5a,eaf8ac1b7a1143905f5d29d2515358df176a2664119e1300607cad54986e6eac
jiim_ext_isic2019_split_04_seed_42_swin_t_A,extension,isic2019,swin_t,split_04,42,A,shared,completed,True,PASS,0,image,3473,0.5668892039884542,10,3,60,575.8582696840167,after model/data-loader initialization through checkpoint hashing and metric export; perf_counter,NVIDIA GeForce RTX 4090 D,12.1,3.10.21,2.4.1+cu121,0.19.1+cu121,1.26.4,2.3.3,10.4.0,1.7.2,6.0.2,AdamW,0.0001,0.0001,32,4,False,research-lab/experiments/registered-workflow/extensions/jiim_2026_major_revision/runs/jiim_ext_isic2019_split_04_seed_42_swin_t_A,0585762ab713ff8b80f1259c002f04d9555c8665b6c8ae57a6c661b3a678560a,d12159a93482bdac98ea6c75974f6128f58ca1e0153e827cfd7fef42d8535aa7
jiim_ext_isic2019_split_04_seed_52_swin_t_A,extension,isic2019,swin_t,split_04,52,A,shared,completed,True,PASS,0,image,3473,0.5528358220072227,10,3,60,589.7032262608409,after model/data-loader initialization through checkpoint hashing and metric export; perf_counter,NVIDIA GeForce RTX 4090 D,12.1,3.10.21,2.4.1+cu121,0.19.1+cu121,1.26.4,2.3.3,10.4.0,1.7.2,6.0.2,AdamW,0.0001,0.0001,32,4,False,research-lab/experiments/registered-workflow/extensions/jiim_2026_major_revision/runs/jiim_ext_isic2019_split_04_seed_52_swin_t_A,7c0819fa3896da8eafafbeaf4c07423e459690a4a916342226583d05c033df35,a5a4b686c585a1403836527e88116e97a3e943d8029904cec7cabe0c7546e12f
jiim_ext_isic2019_split_04_seed_62_swin_t_A,extension,isic2019,swin_t,split_04,62,A,shared,completed,True,PASS,0,image,3473,0.5520974666962475,11,4,60,641.5911623947322,after model/data-loader initialization through checkpoint hashing and metric export; perf_counter,NVIDIA GeForce RTX 4090 D,12.1,3.10.21,2.4.1+cu121,0.19.1+cu121,1.26.4,2.3.3,10.4.0,1.7.2,6.0.2,AdamW,0.0001,0.0001,32,4,False,research-lab/experiments/registered-workflow/extensions/jiim_2026_major_revision/runs/jiim_ext_isic2019_split_04_seed_62_swin_t_A,f2c2fa0862b522d821e27efeab55b38fa907a2e0bae9bcdf4727a8629d7b88d9,e8110d44f7d1daab3538356f910316bf78cc3b4eb6c11c3c79de7a821395906e
jiim_ext_isic2019_split_04_seed_42_swin_t_B,extension,isic2019,swin_t,split_04,42,A,swin_weight_eval,completed,True,PASS,0,image,3473,0.5846790812059732,10,3,60,695.6235125623643,after model/data-loader initialization through checkpoint hashing and metric export; perf_counter,NVIDIA GeForce RTX 4090 D,12.1,3.10.21,2.4.1+cu121,0.19.1+cu121,1.26.4,2.3.3,10.4.0,1.7.2,6.0.2,AdamW,0.0001,0.0001,32,4,False,research-lab/experiments/registered-workflow/extensions/jiim_2026_major_revision/runs/jiim_ext_isic2019_split_04_seed_42_swin_t_B,e41b7a6a1cd470968114a96051f8828299aca632c4cbfb1945129c279f17b269,99f4a9a24e116313351cd950e1344aff1ab3d2dbd7027c355f4b458fbcf7f5be
jiim_ext_isic2019_split_04_seed_52_swin_t_B,extension,isic2019,swin_t,split_04,52,A,swin_weight_eval,completed,True,PASS,0,image,3473,0.5778464362741904,10,3,60,724.1112536378205,after model/data-loader initialization through checkpoint hashing and metric export; perf_counter,NVIDIA GeForce RTX 4090 D,12.1,3.10.21,2.4.1+cu121,0.19.1+cu121,1.26.4,2.3.3,10.4.0,1.7.2,6.0.2,AdamW,0.0001,0.0001,32,4,False,research-lab/experiments/registered-workflow/extensions/jiim_2026_major_revision/runs/jiim_ext_isic2019_split_04_seed_52_swin_t_B,2d19fdefbc7d3c2a00fec00b933d023c9324b5426dd6f13bb18f71b6e6004663,349c64820afed6a202034feb288ea93d325833d6add6d282bf3b68fc755be040
jiim_ext_isic2019_split_04_seed_62_swin_t_B,extension,isic2019,swin_t,split_04,62,A,swin_weight_eval,completed,True,PASS,0,image,3473,0.5646104067484232,11,4,60,776.7814937196672,after model/data-loader initialization through checkpoint hashing and metric export; perf_counter,NVIDIA GeForce RTX 4090 D,12.1,3.10.21,2.4.1+cu121,0.19.1+cu121,1.26.4,2.3.3,10.4.0,1.7.2,6.0.2,AdamW,0.0001,0.0001,32,4,False,research-lab/experiments/registered-workflow/extensions/jiim_2026_major_revision/runs/jiim_ext_isic2019_split_04_seed_62_swin_t_B,4a0e7ad019b103a141fda1b615edca0151aaaa9a8debe75efa33cd41f1cc9c16,0bb641b5eec1e2bacaa94d229416a6fef89dc7c8b856d6505a4c4444edce1440
jiim_ext_isic2019_split_05_seed_42_resnet18_A,extension,isic2019,resnet18,split_05,42,A,shared,completed,True,PASS,0,image,3468,0.4286418085738363,8,1,60,458.44077794626355,after model/data-loader initialization through checkpoint hashing and metric export; perf_counter,NVIDIA GeForce RTX 4090 D,12.1,3.10.21,2.4.1+cu121,0.19.1+cu121,1.26.4,2.3.3,10.4.0,1.7.2,6.0.2,AdamW,0.0001,0.0001,32,4,False,research-lab/experiments/registered-workflow/extensions/jiim_2026_major_revision/runs/jiim_ext_isic2019_split_05_seed_42_resnet18_A,28da58efbc168fbc11bd4dacbe1a8ec5472e76d1565702a005d4576926ddf030,c3a4c7a186ea6bf993966542b3c6c808b7179218b486de529486704d0d61fae8
jiim_ext_isic2019_split_05_seed_52_resnet18_A,extension,isic2019,resnet18,split_05,52,A,shared,completed,True,PASS,0,image,3468,0.44088708571584884,9,2,60,507.9247140288353,after model/data-loader initialization through checkpoint hashing and metric export; perf_counter,NVIDIA GeForce RTX 4090 D,12.1,3.10.21,2.4.1+cu121,0.19.1+cu121,1.26.4,2.3.3,10.4.0,1.7.2,6.0.2,AdamW,0.0001,0.0001,32,4,False,research-lab/experiments/registered-workflow/extensions/jiim_2026_major_revision/runs/jiim_ext_isic2019_split_05_seed_52_resnet18_A,e5c39739310b9919b4c02e046aaf16e9df9124bc72258897d11c59410f14cbd0,98061fe8c77cc24e5e5206c1fe51556a29aac5ec0d84b881230100f1953dfaab
jiim_ext_isic2019_split_05_seed_62_resnet18_A,extension,isic2019,resnet18,split_05,62,A,shared,completed,True,PASS,0,image,3468,0.43589817003083503,9,2,60,519.6202721260488,after model/data-loader initialization through checkpoint hashing and metric export; perf_counter,NVIDIA GeForce RTX 4090 D,12.1,3.10.21,2.4.1+cu121,0.19.1+cu121,1.26.4,2.3.3,10.4.0,1.7.2,6.0.2,AdamW,0.0001,0.0001,32,4,False,research-lab/experiments/registered-workflow/extensions/jiim_2026_major_revision/runs/jiim_ext_isic2019_split_05_seed_62_resnet18_A,8ea4d2dd438c4e20512a783d5234518dee887920e22dc60e0ce7f469c9366c4d,21692c084cc8d3660c4b60bb3806e7158149cf0d18c60a4f6878bf280b98e5fe
jiim_ext_isic2019_split_05_seed_42_resnet50_A,extension,isic2019,resnet50,split_05,42,A,shared,completed,True,PASS,0,image,3468,0.47450406126580763,8,1,60,455.49337926134467,after model/data-loader initialization through checkpoint hashing and metric export; perf_counter,NVIDIA GeForce RTX 4090 D,12.1,3.10.21,2.4.1+cu121,0.19.1+cu121,1.26.4,2.3.3,10.4.0,1.7.2,6.0.2,AdamW,0.0001,0.0001,32,4,False,research-lab/experiments/registered-workflow/extensions/jiim_2026_major_revision/runs/jiim_ext_isic2019_split_05_seed_42_resnet50_A,e8343b5e809f46d8b92e26d8faae2720aaebacf65a0a3f7763d140d5ad2a2dcd,28489cd6cd47198f69b1a96e995e0d2d264bad56511f6f750adb135f0f1e4bf3
jiim_ext_isic2019_split_05_seed_52_resnet50_A,extension,isic2019,resnet50,split_05,52,A,shared,completed,True,PASS,0,image,3468,0.490714305393369,9,2,60,524.6409983932972,after model/data-loader initialization through checkpoint hashing and metric export; perf_counter,NVIDIA GeForce RTX 4090 D,12.1,3.10.21,2.4.1+cu121,0.19.1+cu121,1.26.4,2.3.3,10.4.0,1.7.2,6.0.2,AdamW,0.0001,0.0001,32,4,False,research-lab/experiments/registered-workflow/extensions/jiim_2026_major_revision/runs/jiim_ext_isic2019_split_05_seed_52_resnet50_A,168e34d73c8f0b7e7bfa6f93371c19d449427b62c142bcb1241381a9c1b2e9c3,d552fbd3fc33a7658b7fc5831eea2a01f058f65c01619a2f13701e25f748d83f
jiim_ext_isic2019_split_05_seed_62_resnet50_A,extension,isic2019,resnet50,split_05,62,A,shared,completed,True,PASS,0,image,3468,0.48835648832149314,9,2,60,510.19477133080363,after model/data-loader initialization through checkpoint hashing and metric export; perf_counter,NVIDIA GeForce RTX 4090 D,12.1,3.10.21,2.4.1+cu121,0.19.1+cu121,1.26.4,2.3.3,10.4.0,1.7.2,6.0.2,AdamW,0.0001,0.0001,32,4,False,research-lab/experiments/registered-workflow/extensions/jiim_2026_major_revision/runs/jiim_ext_isic2019_split_05_seed_62_resnet50_A,91e68e668fc58aee421320a79416150f373233b53284cf1562a5012124d9b75c,d3598a95f651de05bc723fbbc1aa17373f10619cb664a48eabd2f167417098f8
jiim_ext_isic2019_split_05_seed_42_densenet121_A,extension,isic2019,densenet121,split_05,42,A,shared,completed,True,PASS,0,image,3468,0.4341895633696146,9,2,60,593.6779870167375,after model/data-loader initialization through checkpoint hashing and metric export; perf_counter,NVIDIA GeForce RTX 4090 D,12.1,3.10.21,2.4.1+cu121,0.19.1+cu121,1.26.4,2.3.3,10.4.0,1.7.2,6.0.2,AdamW,0.0001,0.0001,32,4,False,research-lab/experiments/registered-workflow/extensions/jiim_2026_major_revision/runs/jiim_ext_isic2019_split_05_seed_42_densenet121_A,ee1188bb32db20f0da2a1df29cc53b14a495dcfc1a51830cd2d9caaea35d0610,54d512db093acf826b48c246038efba73e8e0a7ee1301373c3e1aa2c9228bf93
jiim_ext_isic2019_split_05_seed_52_densenet121_A,extension,isic2019,densenet121,split_05,52,A,shared,completed,True,PASS,0,image,3468,0.4318962365782112,9,2,60,575.3989280313253,after model/data-loader initialization through checkpoint hashing and metric export; perf_counter,NVIDIA GeForce RTX 4090 D,12.1,3.10.21,2.4.1+cu121,0.19.1+cu121,1.26.4,2.3.3,10.4.0,1.7.2,6.0.2,AdamW,0.0001,0.0001,32,4,False,research-lab/experiments/registered-workflow/extensions/jiim_2026_major_revision/runs/jiim_ext_isic2019_split_05_seed_52_densenet121_A,aea587b9366b7318388f691c128cddea9c1ded58d02e5c1fd740db51c1ed181f,f0f1509f5443a852eb0dd5efeb521e560fbc2af5ff9a1b8b876826a0e1bddd38
jiim_ext_isic2019_split_05_seed_62_densenet121_A,extension,isic2019,densenet121,split_05,62,A,shared,completed,True,PASS,0,image,3468,0.44459740932967035,10,3,60,650.6134667955339,after model/data-loader initialization through checkpoint hashing and metric export; perf_counter,NVIDIA GeForce RTX 4090 D,12.1,3.10.21,2.4.1+cu121,0.19.1+cu121,1.26.4,2.3.3,10.4.0,1.7.2,6.0.2,AdamW,0.0001,0.0001,32,4,False,research-lab/experiments/registered-workflow/extensions/jiim_2026_major_revision/runs/jiim_ext_isic2019_split_05_seed_62_densenet121_A,839445389b0263ab49bc4a443775913fc5c01c7237bcdcc2a33d5de7bc86d094,0cd8130199bc256f8fd6aa396fb336f23d494cb88a9d61f0e52ca6e7bcac2391
jiim_ext_isic2019_split_05_seed_42_efficientnet_b0_A,extension,isic2019,efficientnet_b0,split_05,42,A,shared,completed,True,PASS,0,image,3468,0.45420786999878987,27,20,60,1680.882393591106,after model/data-loader initialization through checkpoint hashing and metric export; perf_counter,NVIDIA GeForce RTX 4090 D,12.1,3.10.21,2.4.1+cu121,0.19.1+cu121,1.26.4,2.3.3,10.4.0,1.7.2,6.0.2,AdamW,0.0001,0.0001,32,4,False,research-lab/experiments/registered-workflow/extensions/jiim_2026_major_revision/runs/jiim_ext_isic2019_split_05_seed_42_efficientnet_b0_A,8f2e865d6857e8bcc86e041aedb9651d05e5184dbade68f17900dfb5422351f7,82a719e6d1e4a30c7594439c10f155732043c7374b49bf73fb9a69c39bcff7ad
jiim_ext_isic2019_split_05_seed_52_efficientnet_b0_A,extension,isic2019,efficientnet_b0,split_05,52,A,shared,completed,True,PASS,0,image,3468,0.4453993012689635,25,18,60,1575.928376890719,after model/data-loader initialization through checkpoint hashing and metric export; perf_counter,NVIDIA GeForce RTX 4090 D,12.1,3.10.21,2.4.1+cu121,0.19.1+cu121,1.26.4,2.3.3,10.4.0,1.7.2,6.0.2,AdamW,0.0001,0.0001,32,4,False,research-lab/experiments/registered-workflow/extensions/jiim_2026_major_revision/runs/jiim_ext_isic2019_split_05_seed_52_efficientnet_b0_A,3b4ff5e7c0777cc3195ceb00af168b9074dee5e29a7b7c3569f9f4f7255ee41e,4c34bf3b859227fa18942980a8a7a52bfec018e22716ba1ee064964ca354c8a0
jiim_ext_isic2019_split_05_seed_62_efficientnet_b0_A,extension,isic2019,efficientnet_b0,split_05,62,A,shared,completed,True,PASS,0,image,3468,0.4583190944348513,33,26,60,2013.3598169274628,after model/data-loader initialization through checkpoint hashing and metric export; perf_counter,NVIDIA GeForce RTX 4090 D,12.1,3.10.21,2.4.1+cu121,0.19.1+cu121,1.26.4,2.3.3,10.4.0,1.7.2,6.0.2,AdamW,0.0001,0.0001,32,4,False,research-lab/experiments/registered-workflow/extensions/jiim_2026_major_revision/runs/jiim_ext_isic2019_split_05_seed_62_efficientnet_b0_A,84debbc44225497d619a7f5691ef08287bb82208f7b096beebd49b0af5941e03,0f35cc016ee4ecf556734f4a2c8bffca3ee678788dc86019b1e54d0eb0c6eac2
jiim_ext_isic2019_split_05_seed_42_swin_t_A,extension,isic2019,swin_t,split_05,42,A,shared,completed,True,PASS,0,image,3468,0.49239253659434634,10,3,60,584.4706023558974,after model/data-loader initialization through checkpoint hashing and metric export; perf_counter,NVIDIA GeForce RTX 4090 D,12.1,3.10.21,2.4.1+cu121,0.19.1+cu121,1.26.4,2.3.3,10.4.0,1.7.2,6.0.2,AdamW,0.0001,0.0001,32,4,False,research-lab/experiments/registered-workflow/extensions/jiim_2026_major_revision/runs/jiim_ext_isic2019_split_05_seed_42_swin_t_A,7c571b7e039b0cff69fc5ecb33cb38a4027c2b5ef0a18c4142c18158cafd37b8,d854559f8416a0233ef212b93739067bf3d248fc253f6d1ecf9a42dcd9a30587
jiim_ext_isic2019_split_05_seed_52_swin_t_A,extension,isic2019,swin_t,split_05,52,A,shared,completed,True,PASS,0,image,3468,0.4756491160135844,9,2,60,514.0993567854166,after model/data-loader initialization through checkpoint hashing and metric export; perf_counter,NVIDIA GeForce RTX 4090 D,12.1,3.10.21,2.4.1+cu121,0.19.1+cu121,1.26.4,2.3.3,10.4.0,1.7.2,6.0.2,AdamW,0.0001,0.0001,32,4,False,research-lab/experiments/registered-workflow/extensions/jiim_2026_major_revision/runs/jiim_ext_isic2019_split_05_seed_52_swin_t_A,c5279b6ac8d23c321a155dbca1f2e89740ced7f65cb7c5a4720a3c045264b8df,ff93f86b1c9d90f1c9c0fc4c1ff72e681176d90d244e07d75a5bf52f38968980
jiim_ext_isic2019_split_05_seed_62_swin_t_A,extension,isic2019,swin_t,split_05,62,A,shared,completed,True,PASS,0,image,3468,0.4804618326641534,9,2,60,530.09251575917,after model/data-loader initialization through checkpoint hashing and metric export; perf_counter,NVIDIA GeForce RTX 4090 D,12.1,3.10.21,2.4.1+cu121,0.19.1+cu121,1.26.4,2.3.3,10.4.0,1.7.2,6.0.2,AdamW,0.0001,0.0001,32,4,False,research-lab/experiments/registered-workflow/extensions/jiim_2026_major_revision/runs/jiim_ext_isic2019_split_05_seed_62_swin_t_A,091a0bdaba179d2a847fce5a48887969d5fb0be3edc7641138100a655445cd64,0692a3a3164172dd9ce2ae17ea293fe6eb8f441853701eccad551ca7dad2ca94
jiim_ext_isic2019_split_05_seed_42_swin_t_B,extension,isic2019,swin_t,split_05,42,A,swin_weight_eval,completed,True,PASS,0,image,3468,0.5262005601726751,11,4,60,729.7912036441267,after model/data-loader initialization through checkpoint hashing and metric export; perf_counter,NVIDIA GeForce RTX 4090 D,12.1,3.10.21,2.4.1+cu121,0.19.1+cu121,1.26.4,2.3.3,10.4.0,1.7.2,6.0.2,AdamW,0.0001,0.0001,32,4,False,research-lab/experiments/registered-workflow/extensions/jiim_2026_major_revision/runs/jiim_ext_isic2019_split_05_seed_42_swin_t_B,8891e6c78e0e205780ccb3f2278dd81c233c1e5b2eb52039cab1ba49797889fb,eed80a6c68ab94678ae7578f287103a9efeda74f55082c1746b2a5d7c3457319
jiim_ext_isic2019_split_05_seed_52_swin_t_B,extension,isic2019,swin_t,split_05,52,A,swin_weight_eval,completed,True,PASS,0,image,3468,0.48867772229476414,10,3,60,668.5541657581925,after model/data-loader initialization through checkpoint hashing and metric export; perf_counter,NVIDIA GeForce RTX 4090 D,12.1,3.10.21,2.4.1+cu121,0.19.1+cu121,1.26.4,2.3.3,10.4.0,1.7.2,6.0.2,AdamW,0.0001,0.0001,32,4,False,research-lab/experiments/registered-workflow/extensions/jiim_2026_major_revision/runs/jiim_ext_isic2019_split_05_seed_52_swin_t_B,af3adf35cfe2481d874c6f88d9627e86d8290465cb2a06df7b7fadc6d530b0dc,29a5f0d347d90a1e9b835c1e4c89f18b3604fdeaa66fe58e1aeca0cffb8b4b45
jiim_ext_isic2019_split_05_seed_62_swin_t_B,extension,isic2019,swin_t,split_05,62,A,swin_weight_eval,completed,True,PASS,0,image,3468,0.49990193350399703,10,3,60,686.7064509391785,after model/data-loader initialization through checkpoint hashing and metric export; perf_counter,NVIDIA GeForce RTX 4090 D,12.1,3.10.21,2.4.1+cu121,0.19.1+cu121,1.26.4,2.3.3,10.4.0,1.7.2,6.0.2,AdamW,0.0001,0.0001,32,4,False,research-lab/experiments/registered-workflow/extensions/jiim_2026_major_revision/runs/jiim_ext_isic2019_split_05_seed_62_swin_t_B,a41d127dac485e2c97d31dfec90967c1663f9e25cf4942e68a9cddcc6e3507dc,1484625107618fd79276d024c0492104228b613b146a960e94b7691275351a5c
jiim_ext_isic2019_split_06_seed_42_resnet18_A,extension,isic2019,resnet18,split_06,42,A,shared,completed,True,PASS,0,image,3524,0.47327075105867444,9,2,60,602.9645451717079,after model/data-loader initialization through checkpoint hashing and metric export; perf_counter,NVIDIA GeForce RTX 4090 D,12.1,3.10.21,2.4.1+cu121,0.19.1+cu121,1.26.4,2.3.3,10.4.0,1.7.2,6.0.2,AdamW,0.0001,0.0001,32,4,False,research-lab/experiments/registered-workflow/extensions/jiim_2026_major_revision/runs/jiim_ext_isic2019_split_06_seed_42_resnet18_A,8f04f9ad9a428b41ebb883063ac2aa48c44fc241db432c19053168f6df9d9012,4ada3e041310c4a639d0453d02cc1ff80ec7dbc8f7fc49f16c8eadd2404ceb68
jiim_ext_isic2019_split_06_seed_52_resnet18_A,extension,isic2019,resnet18,split_06,52,A,shared,completed,True,PASS,0,image,3524,0.4905993123882001,9,2,60,633.1385328248143,after model/data-loader initialization through checkpoint hashing and metric export; perf_counter,NVIDIA GeForce RTX 4090 D,12.1,3.10.21,2.4.1+cu121,0.19.1+cu121,1.26.4,2.3.3,10.4.0,1.7.2,6.0.2,AdamW,0.0001,0.0001,32,4,False,research-lab/experiments/registered-workflow/extensions/jiim_2026_major_revision/runs/jiim_ext_isic2019_split_06_seed_52_resnet18_A,10b5a0b14a567818c83efb7a79d6435319f83f9468666767a321468548997402,a6c247db102530368f6ec2ecc116238476327ba85ac36118241cf0925a7ba31c
jiim_ext_isic2019_split_06_seed_62_resnet18_A,extension,isic2019,resnet18,split_06,62,A,shared,completed,True,PASS,0,image,3524,0.4846965567445568,9,2,60,593.7383023500443,after model/data-loader initialization through checkpoint hashing and metric export; perf_counter,NVIDIA GeForce RTX 4090 D,12.1,3.10.21,2.4.1+cu121,0.19.1+cu121,1.26.4,2.3.3,10.4.0,1.7.2,6.0.2,AdamW,0.0001,0.0001,32,4,False,research-lab/experiments/registered-workflow/extensions/jiim_2026_major_revision/runs/jiim_ext_isic2019_split_06_seed_62_resnet18_A,65506665af5c68bcf32ff8c7ab468904b7e5ab10c18bb09f4998c568383d091e,a354b11edba10689fb0542f206406b0bee830013aef11481cae4e2affcc06354
jiim_ext_isic2019_split_06_seed_42_resnet50_A,extension,isic2019,resnet50,split_06,42,A,shared,completed,True,PASS,0,image,3524,0.5008049125785239,9,2,60,652.2980866543949,after model/data-loader initialization through checkpoint hashing and metric export; perf_counter,NVIDIA GeForce RTX 4090 D,12.1,3.10.21,2.4.1+cu121,0.19.1+cu121,1.26.4,2.3.3,10.4.0,1.7.2,6.0.2,AdamW,0.0001,0.0001,32,4,False,research-lab/experiments/registered-workflow/extensions/jiim_2026_major_revision/runs/jiim_ext_isic2019_split_06_seed_42_resnet50_A,a49776f800965be3ca53c9049509087677871cae65c75882e82a925f0edf591b,3881e83a14429093fd5d31516ef3fc1e4982bc96e307423dec4cfe4d4e8ae26e
jiim_ext_isic2019_split_06_seed_52_resnet50_A,extension,isic2019,resnet50,split_06,52,A,shared,completed,True,PASS,0,image,3524,0.531173670283646,9,2,60,616.2774406336248,after model/data-loader initialization through checkpoint hashing and metric export; perf_counter,NVIDIA GeForce RTX 4090 D,12.1,3.10.21,2.4.1+cu121,0.19.1+cu121,1.26.4,2.3.3,10.4.0,1.7.2,6.0.2,AdamW,0.0001,0.0001,32,4,False,research-lab/experiments/registered-workflow/extensions/jiim_2026_major_revision/runs/jiim_ext_isic2019_split_06_seed_52_resnet50_A,91268fb902f3b2cf804b00939b308c0c11a47590e3de652e8b572866e0e57546,2667b75022ebdc3e3dedbf1c94e945d52502d945678d81dd695d6bf8df43ad39
jiim_ext_isic2019_split_06_seed_62_resnet50_A,extension,isic2019,resnet50,split_06,62,A,shared,completed,True,PASS,0,image,3524,0.5402380322939596,9,2,60,622.0488195680082,after model/data-loader initialization through checkpoint hashing and metric export; perf_counter,NVIDIA GeForce RTX 4090 D,12.1,3.10.21,2.4.1+cu121,0.19.1+cu121,1.26.4,2.3.3,10.4.0,1.7.2,6.0.2,AdamW,0.0001,0.0001,32,4,False,research-lab/experiments/registered-workflow/extensions/jiim_2026_major_revision/runs/jiim_ext_isic2019_split_06_seed_62_resnet50_A,4ceb799f2ba46d072889e396bc232d4e29dc6e3eeaa17a60fd0a1cb6f6533cf1,4b702666869df3ffbc263a67eefb757a7d4fe6d06057ec736e369d4fa9b01277
jiim_ext_isic2019_split_06_seed_42_densenet121_A,extension,isic2019,densenet121,split_06,42,A,shared,completed,True,PASS,0,image,3524,0.46924981892487244,9,2,60,581.2072191126645,after model/data-loader initialization through checkpoint hashing and metric export; perf_counter,NVIDIA GeForce RTX 4090 D,12.1,3.10.21,2.4.1+cu121,0.19.1+cu121,1.26.4,2.3.3,10.4.0,1.7.2,6.0.2,AdamW,0.0001,0.0001,32,4,False,research-lab/experiments/registered-workflow/extensions/jiim_2026_major_revision/runs/jiim_ext_isic2019_split_06_seed_42_densenet121_A,85709fbdf258c0e5d61b3dcd744273384e6cc69b8de3277e943d91e8343af90e,a3951f6b05fe31f5774466e0338890df15d45a6c6de159235b71da4685db195e
jiim_ext_isic2019_split_06_seed_52_densenet121_A,extension,isic2019,densenet121,split_06,52,A,shared,completed,True,PASS,0,image,3524,0.4628931871012729,9,2,60,580.7598549686372,after model/data-loader initialization through checkpoint hashing and metric export; perf_counter,NVIDIA GeForce RTX 4090 D,12.1,3.10.21,2.4.1+cu121,0.19.1+cu121,1.26.4,2.3.3,10.4.0,1.7.2,6.0.2,AdamW,0.0001,0.0001,32,4,False,research-lab/experiments/registered-workflow/extensions/jiim_2026_major_revision/runs/jiim_ext_isic2019_split_06_seed_52_densenet121_A,b3df67316e9515c4f0bdbcf033a498aebced6c9dec8ccf4119732845bdf6146a,fcf62502116b380b2af9bb99ec106d0f4f6319ccf9913cd8cab03ca289b93393
jiim_ext_isic2019_split_06_seed_62_densenet121_A,extension,isic2019,densenet121,split_06,62,A,shared,completed,True,PASS,0,image,3524,0.49148345120779136,10,3,60,674.0461283996701,after model/data-loader initialization through checkpoint hashing and metric export; perf_counter,NVIDIA GeForce RTX 4090 D,12.1,3.10.21,2.4.1+cu121,0.19.1+cu121,1.26.4,2.3.3,10.4.0,1.7.2,6.0.2,AdamW,0.0001,0.0001,32,4,False,research-lab/experiments/registered-workflow/extensions/jiim_2026_major_revision/runs/jiim_ext_isic2019_split_06_seed_62_densenet121_A,e695aee398e8586cf805b6a2c4c3a01ee6330c152f97da9bf82a918d7f0de2d7,d11b0c8cca82eb1f4848add379be8d6297a55fb74ef2adccb55cbdc8fe653c8b
jiim_ext_isic2019_split_06_seed_42_efficientnet_b0_A,extension,isic2019,efficientnet_b0,split_06,42,A,shared,completed,True,PASS,0,image,3524,0.44997569793157877,22,15,60,1474.4065770059824,after model/data-loader initialization through checkpoint hashing and metric export; perf_counter,NVIDIA GeForce RTX 4090 D,12.1,3.10.21,2.4.1+cu121,0.19.1+cu121,1.26.4,2.3.3,10.4.0,1.7.2,6.0.2,AdamW,0.0001,0.0001,32,4,False,research-lab/experiments/registered-workflow/extensions/jiim_2026_major_revision/runs/jiim_ext_isic2019_split_06_seed_42_efficientnet_b0_A,f57733148ffd34960b8adbf000684bb5c826231be60a0ec43b01527c8fe438b7,01adc804d8bf9f001a0f8cfb0f05b7f8b968433308318c3c501c1c30d52af7a2
jiim_ext_isic2019_split_06_seed_52_efficientnet_b0_A,extension,isic2019,efficientnet_b0,split_06,52,A,shared,completed,True,PASS,0,image,3524,0.4397831492086849,27,20,60,1873.7324447594583,after model/data-loader initialization through checkpoint hashing and metric export; perf_counter,NVIDIA GeForce RTX 4090 D,12.1,3.10.21,2.4.1+cu121,0.19.1+cu121,1.26.4,2.3.3,10.4.0,1.7.2,6.0.2,AdamW,0.0001,0.0001,32,4,False,research-lab/experiments/registered-workflow/extensions/jiim_2026_major_revision/runs/jiim_ext_isic2019_split_06_seed_52_efficientnet_b0_A,606d1b7b0df83851ec3fc7e5fca8c9af4c1990654c28c7d58a09a80a47cda475,d14098a7e6be46d46d9f61ce56f3758ee1304c5552f5145c335df80b9bdf127d
jiim_ext_isic2019_split_06_seed_62_efficientnet_b0_A,extension,isic2019,efficientnet_b0,split_06,62,A,shared,completed,True,PASS,0,image,3524,0.4292775144953904,24,17,60,1753.663352202624,after model/data-loader initialization through checkpoint hashing and metric export; perf_counter,NVIDIA GeForce RTX 4090 D,12.1,3.10.21,2.4.1+cu121,0.19.1+cu121,1.26.4,2.3.3,10.4.0,1.7.2,6.0.2,AdamW,0.0001,0.0001,32,4,False,research-lab/experiments/registered-workflow/extensions/jiim_2026_major_revision/runs/jiim_ext_isic2019_split_06_seed_62_efficientnet_b0_A,c0a691f7a88a51b0fec7eed004a8863cc26eb7ebb316b0802714bb6d18ccd881,8ba020bf09b6c7897043a2f7f362fc659730b57ce9070581a6cc23c9d08b2f48
jiim_ext_isic2019_split_07_seed_42_resnet18_A,extension,isic2019,resnet18,split_07,42,A,shared,completed,True,PASS,0,image,3486,0.4452172566902649,8,1,60,544.4493414610624,after model/data-loader initialization through checkpoint hashing and metric export; perf_counter,NVIDIA GeForce RTX 4090 D,12.1,3.10.21,2.4.1+cu121,0.19.1+cu121,1.26.4,2.3.3,10.4.0,1.7.2,6.0.2,AdamW,0.0001,0.0001,32,4,False,research-lab/experiments/registered-workflow/extensions/jiim_2026_major_revision/runs/jiim_ext_isic2019_split_07_seed_42_resnet18_A,30a0b198e38f3a90a5836a83e9ed0da9c3f2a4bcb2036374524f0f35fee0ecb3,dcd4976c69130c43c388df8c41516102e4117c0a8c4a0f22ad3ffc3c322cbc69
jiim_ext_isic2019_split_07_seed_52_resnet18_A,extension,isic2019,resnet18,split_07,52,A,shared,completed,True,PASS,0,image,3486,0.4658512144378643,8,1,60,525.4071410596371,after model/data-loader initialization through checkpoint hashing and metric export; perf_counter,NVIDIA GeForce RTX 4090 D,12.1,3.10.21,2.4.1+cu121,0.19.1+cu121,1.26.4,2.3.3,10.4.0,1.7.2,6.0.2,AdamW,0.0001,0.0001,32,4,False,research-lab/experiments/registered-workflow/extensions/jiim_2026_major_revision/runs/jiim_ext_isic2019_split_07_seed_52_resnet18_A,d5d079aad91c9a675fa651f1eef54135f7a32859995c5a011969b6c131b39520,915cc3e3f2f6a0a21ea950a15832779e623f9810deab951dc942b80aa8c19d05
jiim_ext_isic2019_split_07_seed_62_resnet18_A,extension,isic2019,resnet18,split_07,62,A,shared,completed,True,PASS,0,image,3486,0.47759588818403764,9,2,60,640.8811186142266,after model/data-loader initialization through checkpoint hashing and metric export; perf_counter,NVIDIA GeForce RTX 4090 D,12.1,3.10.21,2.4.1+cu121,0.19.1+cu121,1.26.4,2.3.3,10.4.0,1.7.2,6.0.2,AdamW,0.0001,0.0001,32,4,False,research-lab/experiments/registered-workflow/extensions/jiim_2026_major_revision/runs/jiim_ext_isic2019_split_07_seed_62_resnet18_A,73c651d01df9e53d8710328ca5b619d541144ce290e731b719cb1fe4d374b601,d74ad8d1a816578bd36eee4e44af9aa8e194dbefefc0e55e33e8024112e39ed0
jiim_ext_isic2019_split_07_seed_42_resnet50_A,extension,isic2019,resnet50,split_07,42,A,shared,completed,True,PASS,0,image,3486,0.47262961358220457,8,1,60,492.6552933230996,after model/data-loader initialization through checkpoint hashing and metric export; perf_counter,NVIDIA GeForce RTX 4090 D,12.1,3.10.21,2.4.1+cu121,0.19.1+cu121,1.26.4,2.3.3,10.4.0,1.7.2,6.0.2,AdamW,0.0001,0.0001,32,4,False,research-lab/experiments/registered-workflow/extensions/jiim_2026_major_revision/runs/jiim_ext_isic2019_split_07_seed_42_resnet50_A,8df9b8a857d89ba3db58ba9588f7039a27b6e5b85227da4145241bbfc405ea07,f01b78a822f443c02b4bccd4e65d1b57c1ef5a1cff42c5d83552fac1d9c23a6d
jiim_ext_isic2019_split_07_seed_52_resnet50_A,extension,isic2019,resnet50,split_07,52,A,shared,completed,True,PASS,0,image,3486,0.5412460581490952,10,3,60,647.3377666994929,after model/data-loader initialization through checkpoint hashing and metric export; perf_counter,NVIDIA GeForce RTX 4090 D,12.1,3.10.21,2.4.1+cu121,0.19.1+cu121,1.26.4,2.3.3,10.4.0,1.7.2,6.0.2,AdamW,0.0001,0.0001,32,4,False,research-lab/experiments/registered-workflow/extensions/jiim_2026_major_revision/runs/jiim_ext_isic2019_split_07_seed_52_resnet50_A,369d1f10d2d03abdf6da9197fe8e2bd66c8d40d1296c14c462758dc260fe87d8,a51fd42054c6d7686564b7e35993dbbe5274b1abcc3b002c19811c66ee24a920
jiim_ext_isic2019_split_07_seed_62_resnet50_A,extension,isic2019,resnet50,split_07,62,A,shared,completed,True,PASS,0,image,3486,0.5292427827622028,9,2,60,564.3645262718201,after model/data-loader initialization through checkpoint hashing and metric export; perf_counter,NVIDIA GeForce RTX 4090 D,12.1,3.10.21,2.4.1+cu121,0.19.1+cu121,1.26.4,2.3.3,10.4.0,1.7.2,6.0.2,AdamW,0.0001,0.0001,32,4,False,research-lab/experiments/registered-workflow/extensions/jiim_2026_major_revision/runs/jiim_ext_isic2019_split_07_seed_62_resnet50_A,cb1ed846b0df2207dc496b2be12c01dbdcdb2bec964f08c863bccafc8b612083,54bb99a06cba86305eca381a24a46ae01d3e52362ad055590e5cbc2d31418530
jiim_ext_isic2019_split_07_seed_42_densenet121_A,extension,isic2019,densenet121,split_07,42,A,shared,completed,True,PASS,0,image,3486,0.456828678140924,10,3,60,738.5220819488168,after model/data-loader initialization through checkpoint hashing and metric export; perf_counter,NVIDIA GeForce RTX 4090 D,12.1,3.10.21,2.4.1+cu121,0.19.1+cu121,1.26.4,2.3.3,10.4.0,1.7.2,6.0.2,AdamW,0.0001,0.0001,32,4,False,research-lab/experiments/registered-workflow/extensions/jiim_2026_major_revision/runs/jiim_ext_isic2019_split_07_seed_42_densenet121_A,5f6fde53aee4b904802db3f8deb62be58ea084005fe81e7273768e61ab559e6e,4e842ec6bb5f213cee0ac2a32ac17d09fd93f109bb20480c848d8630ee6954b0
jiim_ext_isic2019_split_07_seed_52_densenet121_A,extension,isic2019,densenet121,split_07,52,A,shared,completed,True,PASS,0,image,3486,0.45171720867882403,10,3,60,712.0558861680329,after model/data-loader initialization through checkpoint hashing and metric export; perf_counter,NVIDIA GeForce RTX 4090 D,12.1,3.10.21,2.4.1+cu121,0.19.1+cu121,1.26.4,2.3.3,10.4.0,1.7.2,6.0.2,AdamW,0.0001,0.0001,32,4,False,research-lab/experiments/registered-workflow/extensions/jiim_2026_major_revision/runs/jiim_ext_isic2019_split_07_seed_52_densenet121_A,9bd7567c8b8bc9b8f831c81a18f6f28afe4b0e1402fc24e9e6cf7dcca0e918d0,b47d60ac579b0b56999a96e908509b6b41c3cf65c3b09e015aabc9180b36e7ba
jiim_ext_isic2019_split_07_seed_62_densenet121_A,extension,isic2019,densenet121,split_07,62,A,shared,completed,True,PASS,0,image,3486,0.4261718470419494,9,2,60,670.5029320269823,after model/data-loader initialization through checkpoint hashing and metric export; perf_counter,NVIDIA GeForce RTX 4090 D,12.1,3.10.21,2.4.1+cu121,0.19.1+cu121,1.26.4,2.3.3,10.4.0,1.7.2,6.0.2,AdamW,0.0001,0.0001,32,4,False,research-lab/experiments/registered-workflow/extensions/jiim_2026_major_revision/runs/jiim_ext_isic2019_split_07_seed_62_densenet121_A,db3e0ff6d47112dc24c112dd75ca5a112a1ee4fc0f60910b8c2bca1054d1a82d,e2e7691c9b4d4f12c6c0cd942bee68a2da69079b2d90000f43a224f0918e3c4a
jiim_ext_isic2019_split_07_seed_42_efficientnet_b0_A,extension,isic2019,efficientnet_b0,split_07,42,A,shared,completed,True,PASS,0,image,3486,0.46086071027586883,21,14,60,1518.3855774477124,after model/data-loader initialization through checkpoint hashing and metric export; perf_counter,NVIDIA GeForce RTX 4090 D,12.1,3.10.21,2.4.1+cu121,0.19.1+cu121,1.26.4,2.3.3,10.4.0,1.7.2,6.0.2,AdamW,0.0001,0.0001,32,4,False,research-lab/experiments/registered-workflow/extensions/jiim_2026_major_revision/runs/jiim_ext_isic2019_split_07_seed_42_efficientnet_b0_A,9966948af12c785e677b98df9c45932ab44b12b5463df1e932c5a4d8d56cf7f2,2a9a559c8dd8768750a84ed67efac3845176f3f415955603131bc54aa0c2254f
jiim_ext_isic2019_split_07_seed_52_efficientnet_b0_A,extension,isic2019,efficientnet_b0,split_07,52,A,shared,completed,True,PASS,0,image,3486,0.4567871177429955,23,16,60,1726.0550722405314,after model/data-loader initialization through checkpoint hashing and metric export; perf_counter,NVIDIA GeForce RTX 4090 D,12.1,3.10.21,2.4.1+cu121,0.19.1+cu121,1.26.4,2.3.3,10.4.0,1.7.2,6.0.2,AdamW,0.0001,0.0001,32,4,False,research-lab/experiments/registered-workflow/extensions/jiim_2026_major_revision/runs/jiim_ext_isic2019_split_07_seed_52_efficientnet_b0_A,c7b8c2436c5cded6fe7b28c47ea8f722ce3e05892faef1f9503243439b851a64,2caab91ab0e31c6fbd29e453b71690ed40d9adb47ffc1b723ac121e14dc1ef47
jiim_ext_isic2019_split_07_seed_62_efficientnet_b0_A,extension,isic2019,efficientnet_b0,split_07,62,A,shared,completed,True,PASS,0,image,3486,0.43791407487225165,18,11,60,1273.7699914388359,after model/data-loader initialization through checkpoint hashing and metric export; perf_counter,NVIDIA GeForce RTX 4090 D,12.1,3.10.21,2.4.1+cu121,0.19.1+cu121,1.26.4,2.3.3,10.4.0,1.7.2,6.0.2,AdamW,0.0001,0.0001,32,4,False,research-lab/experiments/registered-workflow/extensions/jiim_2026_major_revision/runs/jiim_ext_isic2019_split_07_seed_62_efficientnet_b0_A,4a25de7d074ba1e45c2819004e1d03adf12533880fec9d63d352714481404c9c,d4583c7f1d205966ae2c73e08ee889f549bec91d645b4c2ac72ee6d15a4386e9
jiim_ext_isic2019_split_08_seed_42_resnet18_A,extension,isic2019,resnet18,split_08,42,A,shared,completed,True,PASS,0,image,3506,0.45314594085252,9,2,60,533.1885773874819,after model/data-loader initialization through checkpoint hashing and metric export; perf_counter,NVIDIA GeForce RTX 4090 D,12.1,3.10.21,2.4.1+cu121,0.19.1+cu121,1.26.4,2.3.3,10.4.0,1.7.2,6.0.2,AdamW,0.0001,0.0001,32,4,False,research-lab/experiments/registered-workflow/extensions/jiim_2026_major_revision/runs/jiim_ext_isic2019_split_08_seed_42_resnet18_A,87f390caf6148a1cf0b29d305c95a238f862d661f074ecf01a3c0d0cbda414ca,b475b28404fcfbb56f00d9649b24ce17b8bc6a244606026d5f38ff81179badde
jiim_ext_isic2019_split_08_seed_52_resnet18_A,extension,isic2019,resnet18,split_08,52,A,shared,completed,True,PASS,0,image,3506,0.42018454512937653,8,1,60,452.20675160735846,after model/data-loader initialization through checkpoint hashing and metric export; perf_counter,NVIDIA GeForce RTX 4090 D,12.1,3.10.21,2.4.1+cu121,0.19.1+cu121,1.26.4,2.3.3,10.4.0,1.7.2,6.0.2,AdamW,0.0001,0.0001,32,4,False,research-lab/experiments/registered-workflow/extensions/jiim_2026_major_revision/runs/jiim_ext_isic2019_split_08_seed_52_resnet18_A,1dc1745ac7fe4df72583fc2b9e8aa323e2d0b9ebf6fcd20c883557b364f33bde,bd6c870e31674b2ad0eeb27dc4792c547140a5343e2bb6ff69dfd26500a9cd42
jiim_ext_isic2019_split_08_seed_62_resnet18_A,extension,isic2019,resnet18,split_08,62,A,shared,completed,True,PASS,0,image,3506,0.43081503146739153,9,2,60,531.9883822351694,after model/data-loader initialization through checkpoint hashing and metric export; perf_counter,NVIDIA GeForce RTX 4090 D,12.1,3.10.21,2.4.1+cu121,0.19.1+cu121,1.26.4,2.3.3,10.4.0,1.7.2,6.0.2,AdamW,0.0001,0.0001,32,4,False,research-lab/experiments/registered-workflow/extensions/jiim_2026_major_revision/runs/jiim_ext_isic2019_split_08_seed_62_resnet18_A,7fb153bb80c4428879eb572494b761f78750345577c9d12296a7a5e1718e2dd6,d79d1099bed2563754ea6a89c889a0098ca14cc2672cb2ec6c01329474ebf503
jiim_ext_isic2019_split_08_seed_42_resnet50_A,extension,isic2019,resnet50,split_08,42,A,shared,completed,True,PASS,0,image,3506,0.4662418565633184,8,1,60,487.45836463943124,after model/data-loader initialization through checkpoint hashing and metric export; perf_counter,NVIDIA GeForce RTX 4090 D,12.1,3.10.21,2.4.1+cu121,0.19.1+cu121,1.26.4,2.3.3,10.4.0,1.7.2,6.0.2,AdamW,0.0001,0.0001,32,4,False,research-lab/experiments/registered-workflow/extensions/jiim_2026_major_revision/runs/jiim_ext_isic2019_split_08_seed_42_resnet50_A,6225ee851633126fcef92c29ffd4706a9f83fb669dcfa67f251cf007b50e8f7f,236dac71ab00299c717b107a6a8ce259c7f58b9b67636f9ad321d60256122b1c
jiim_ext_isic2019_split_08_seed_52_resnet50_A,extension,isic2019,resnet50,split_08,52,A,shared,completed,True,PASS,0,image,3506,0.48085018601932167,8,1,60,463.43475437164307,after model/data-loader initialization through checkpoint hashing and metric export; perf_counter,NVIDIA GeForce RTX 4090 D,12.1,3.10.21,2.4.1+cu121,0.19.1+cu121,1.26.4,2.3.3,10.4.0,1.7.2,6.0.2,AdamW,0.0001,0.0001,32,4,False,research-lab/experiments/registered-workflow/extensions/jiim_2026_major_revision/runs/jiim_ext_isic2019_split_08_seed_52_resnet50_A,db2286b685c7ab03449d2d58ee45c0fb290548b4f8bc719b9cb9bb56c4456985,bf058d606f32cfc0683e4b09c61eeb6c4fb629d82f882b348f1eec11f3c4d02d
jiim_ext_isic2019_split_08_seed_62_resnet50_A,extension,isic2019,resnet50,split_08,62,A,shared,completed,True,PASS,0,image,3506,0.5152318833234997,9,2,60,542.2042684815824,after model/data-loader initialization through checkpoint hashing and metric export; perf_counter,NVIDIA GeForce RTX 4090 D,12.1,3.10.21,2.4.1+cu121,0.19.1+cu121,1.26.4,2.3.3,10.4.0,1.7.2,6.0.2,AdamW,0.0001,0.0001,32,4,False,research-lab/experiments/registered-workflow/extensions/jiim_2026_major_revision/runs/jiim_ext_isic2019_split_08_seed_62_resnet50_A,a405bea10a3658fbe87083a6d07a8699c192e4fb6d67487f69a2c66acde8a1aa,572a487aeef1467cab3016213e15916824741858f0f29c4f22d87897cf2253c8
jiim_ext_isic2019_split_08_seed_42_densenet121_A,extension,isic2019,densenet121,split_08,42,A,shared,completed,True,PASS,0,image,3506,0.4454912547822426,9,2,60,635.2988164760172,after model/data-loader initialization through checkpoint hashing and metric export; perf_counter,NVIDIA GeForce RTX 4090 D,12.1,3.10.21,2.4.1+cu121,0.19.1+cu121,1.26.4,2.3.3,10.4.0,1.7.2,6.0.2,AdamW,0.0001,0.0001,32,4,False,research-lab/experiments/registered-workflow/extensions/jiim_2026_major_revision/runs/jiim_ext_isic2019_split_08_seed_42_densenet121_A,e8c4b3dd3f1f2b31b5118f08203e4fd92e69aa926de851aeaf008de104b23bb5,ce5bebdfc2e207ccdfba218447a1f5a7a070b4bea1227d4bca8acc433c0a0ab3
jiim_ext_isic2019_split_08_seed_52_densenet121_A,extension,isic2019,densenet121,split_08,52,A,shared,completed,True,PASS,0,image,3506,0.4538148635741164,9,2,60,641.4049325287342,after model/data-loader initialization through checkpoint hashing and metric export; perf_counter,NVIDIA GeForce RTX 4090 D,12.1,3.10.21,2.4.1+cu121,0.19.1+cu121,1.26.4,2.3.3,10.4.0,1.7.2,6.0.2,AdamW,0.0001,0.0001,32,4,False,research-lab/experiments/registered-workflow/extensions/jiim_2026_major_revision/runs/jiim_ext_isic2019_split_08_seed_52_densenet121_A,4902d695bbf9540908782649a08b6bf3e57306abfd8bb13eb7bfdfa64595d9a5,0c608fc64b5e6feac61b9d027586c03ab5f310a5de04ef06624f5ff7abbc8b39
jiim_ext_isic2019_split_08_seed_62_densenet121_A,extension,isic2019,densenet121,split_08,62,A,shared,completed,True,PASS,0,image,3506,0.4373208622561456,9,2,60,640.2607165239751,after model/data-loader initialization through checkpoint hashing and metric export; perf_counter,NVIDIA GeForce RTX 4090 D,12.1,3.10.21,2.4.1+cu121,0.19.1+cu121,1.26.4,2.3.3,10.4.0,1.7.2,6.0.2,AdamW,0.0001,0.0001,32,4,False,research-lab/experiments/registered-workflow/extensions/jiim_2026_major_revision/runs/jiim_ext_isic2019_split_08_seed_62_densenet121_A,66fa2379329fd17022c15c2311b01f62ddd22b815b490bd02563566dbe4bec99,ed1758d696fbf95ed88e68e8bd01c4a2a4d89572e07c179aea9dc3a0abf9cbcc
jiim_ext_isic2019_split_08_seed_42_efficientnet_b0_A,extension,isic2019,efficientnet_b0,split_08,42,A,shared,completed,True,PASS,0,image,3506,0.4140271967396989,22,15,60,1544.1199039071798,after model/data-loader initialization through checkpoint hashing and metric export; perf_counter,NVIDIA GeForce RTX 4090 D,12.1,3.10.21,2.4.1+cu121,0.19.1+cu121,1.26.4,2.3.3,10.4.0,1.7.2,6.0.2,AdamW,0.0001,0.0001,32,4,False,research-lab/experiments/registered-workflow/extensions/jiim_2026_major_revision/runs/jiim_ext_isic2019_split_08_seed_42_efficientnet_b0_A,173b422daa51619c0ea31694fa6efb8afc4d24f5c492c55969947aba215148ca,d04286752cf9d2242716b948b195c8f5095978bb2c152f920cac6bd9035cb4d3
jiim_ext_isic2019_split_08_seed_52_efficientnet_b0_A,extension,isic2019,efficientnet_b0,split_08,52,A,shared,completed,True,PASS,0,image,3506,0.42601273370087034,25,18,60,1761.6920229792595,after model/data-loader initialization through checkpoint hashing and metric export; perf_counter,NVIDIA GeForce RTX 4090 D,12.1,3.10.21,2.4.1+cu121,0.19.1+cu121,1.26.4,2.3.3,10.4.0,1.7.2,6.0.2,AdamW,0.0001,0.0001,32,4,False,research-lab/experiments/registered-workflow/extensions/jiim_2026_major_revision/runs/jiim_ext_isic2019_split_08_seed_52_efficientnet_b0_A,87e88f1540718af47ec1744efe37a3458f7ff488001c1d51dbfac46c74a7c816,6d93085809646a1f9b5a312134e92a2233f86cc16c403444355da9a1268bbd54
jiim_ext_isic2019_split_08_seed_62_efficientnet_b0_A,extension,isic2019,efficientnet_b0,split_08,62,A,shared,completed,True,PASS,0,image,3506,0.4279111350633037,23,16,60,1448.5782768800855,after model/data-loader initialization through checkpoint hashing and metric export; perf_counter,NVIDIA GeForce RTX 4090 D,12.1,3.10.21,2.4.1+cu121,0.19.1+cu121,1.26.4,2.3.3,10.4.0,1.7.2,6.0.2,AdamW,0.0001,0.0001,32,4,False,research-lab/experiments/registered-workflow/extensions/jiim_2026_major_revision/runs/jiim_ext_isic2019_split_08_seed_62_efficientnet_b0_A,5a9d4e5efca9d0b170dde56f946adfd1dcca2687d956d2e9663ddce65a34251a,955743accb75f97eeca91335fd2ed2b3c979662a84d3d3a6531c040dfd9a719c
jiim_ext_isic2019_split_09_seed_42_resnet18_A,extension,isic2019,resnet18,split_09,42,A,shared,completed,True,PASS,0,image,3485,0.4220402224670014,8,1,60,476.3836949020624,after model/data-loader initialization through checkpoint hashing and metric export; perf_counter,NVIDIA GeForce RTX 4090 D,12.1,3.10.21,2.4.1+cu121,0.19.1+cu121,1.26.4,2.3.3,10.4.0,1.7.2,6.0.2,AdamW,0.0001,0.0001,32,4,False,research-lab/experiments/registered-workflow/extensions/jiim_2026_major_revision/runs/jiim_ext_isic2019_split_09_seed_42_resnet18_A,ead79386ba59ea835a9c1981deccbb22e990708655b6f415e5cbc31dd076fe54,7b76b1acfce8d817e62a978d1bb690c02c5d0197cc0349da26160dbec4531111
jiim_ext_isic2019_split_09_seed_52_resnet18_A,extension,isic2019,resnet18,split_09,52,A,shared,completed,True,PASS,0,image,3485,0.46569393337459997,9,2,60,549.3684529736638,after model/data-loader initialization through checkpoint hashing and metric export; perf_counter,NVIDIA GeForce RTX 4090 D,12.1,3.10.21,2.4.1+cu121,0.19.1+cu121,1.26.4,2.3.3,10.4.0,1.7.2,6.0.2,AdamW,0.0001,0.0001,32,4,False,research-lab/experiments/registered-workflow/extensions/jiim_2026_major_revision/runs/jiim_ext_isic2019_split_09_seed_52_resnet18_A,30e82a673db6b5afb21df9e0225ee1358e03c861601cc27fcc0400c05e8392a6,6b243846842c99bb7b7dca601fcbad5465f386b578d0633cf0258ffe09f3fd30
jiim_ext_isic2019_split_09_seed_62_resnet18_A,extension,isic2019,resnet18,split_09,62,A,shared,completed,True,PASS,0,image,3485,0.5066017086802291,9,2,60,540.4815088286996,after model/data-loader initialization through checkpoint hashing and metric export; perf_counter,NVIDIA GeForce RTX 4090 D,12.1,3.10.21,2.4.1+cu121,0.19.1+cu121,1.26.4,2.3.3,10.4.0,1.7.2,6.0.2,AdamW,0.0001,0.0001,32,4,False,research-lab/experiments/registered-workflow/extensions/jiim_2026_major_revision/runs/jiim_ext_isic2019_split_09_seed_62_resnet18_A,ffe0e0299603bbaef41f432587bd88e98ea02f0dc136481b81a7f6cf1aecb13c,af5ad0404f13d051262cda62d90e3b49e6f2a281329f8ab5708fabfbed25084a
jiim_ext_isic2019_split_09_seed_42_resnet50_A,extension,isic2019,resnet50,split_09,42,A,shared,completed,True,PASS,0,image,3485,0.47301359416961575,8,1,60,485.17538456246257,after model/data-loader initialization through checkpoint hashing and metric export; perf_counter,NVIDIA GeForce RTX 4090 D,12.1,3.10.21,2.4.1+cu121,0.19.1+cu121,1.26.4,2.3.3,10.4.0,1.7.2,6.0.2,AdamW,0.0001,0.0001,32,4,False,research-lab/experiments/registered-workflow/extensions/jiim_2026_major_revision/runs/jiim_ext_isic2019_split_09_seed_42_resnet50_A,9fba6ec5d3a356555f697d3a7d51ef01a01ad7e8278eea43a0c772e2ea47c99d,8929a3567d2c1a423d75abc885caa537baab9b7c86c554d66fef0095e03f7463
jiim_ext_isic2019_split_09_seed_52_resnet50_A,extension,isic2019,resnet50,split_09,52,A,shared,completed,True,PASS,0,image,3485,0.5373566422234818,9,2,60,533.2981437370181,after model/data-loader initialization through checkpoint hashing and metric export; perf_counter,NVIDIA GeForce RTX 4090 D,12.1,3.10.21,2.4.1+cu121,0.19.1+cu121,1.26.4,2.3.3,10.4.0,1.7.2,6.0.2,AdamW,0.0001,0.0001,32,4,False,research-lab/experiments/registered-workflow/extensions/jiim_2026_major_revision/runs/jiim_ext_isic2019_split_09_seed_52_resnet50_A,b873d242c3e2a38edb3827bf691fb62b124a907e16a521660648fe0ab32765f7,fe03fa6da8bff42cbe4c5134da3689136cd4f2439fc2f8f99e94305cafb335ad
jiim_ext_isic2019_split_09_seed_62_resnet50_A,extension,isic2019,resnet50,split_09,62,A,shared,completed,True,PASS,0,image,3485,0.5523580287140577,9,2,60,538.38443460688,after model/data-loader initialization through checkpoint hashing and metric export; perf_counter,NVIDIA GeForce RTX 4090 D,12.1,3.10.21,2.4.1+cu121,0.19.1+cu121,1.26.4,2.3.3,10.4.0,1.7.2,6.0.2,AdamW,0.0001,0.0001,32,4,False,research-lab/experiments/registered-workflow/extensions/jiim_2026_major_revision/runs/jiim_ext_isic2019_split_09_seed_62_resnet50_A,3e3f848f6c02cd38b614650f5601a81d6efb59adb4722d9c4be58d0f2bc011ff,232a45a108e811f3f6f7f52381de84f09ab4bc3551f0bb74ab6212f96d9c6703
jiim_ext_isic2019_split_09_seed_42_densenet121_A,extension,isic2019,densenet121,split_09,42,A,shared,completed,True,PASS,0,image,3485,0.4741993364634339,11,4,60,706.7279464639723,after model/data-loader initialization through checkpoint hashing and metric export; perf_counter,NVIDIA GeForce RTX 4090 D,12.1,3.10.21,2.4.1+cu121,0.19.1+cu121,1.26.4,2.3.3,10.4.0,1.7.2,6.0.2,AdamW,0.0001,0.0001,32,4,False,research-lab/experiments/registered-workflow/extensions/jiim_2026_major_revision/runs/jiim_ext_isic2019_split_09_seed_42_densenet121_A,78e1e26b4633a92698013e8f4d0e368efca11bbbb1e482ad7f1a266039563f13,67b7cca2894a8cdcf18c75e8402532a5606ebbb80714cc6cb27c2b4dd30ea822
jiim_ext_isic2019_split_09_seed_52_densenet121_A,extension,isic2019,densenet121,split_09,52,A,shared,completed,True,PASS,0,image,3485,0.4643813038360066,10,3,60,650.7687929533422,after model/data-loader initialization through checkpoint hashing and metric export; perf_counter,NVIDIA GeForce RTX 4090 D,12.1,3.10.21,2.4.1+cu121,0.19.1+cu121,1.26.4,2.3.3,10.4.0,1.7.2,6.0.2,AdamW,0.0001,0.0001,32,4,False,research-lab/experiments/registered-workflow/extensions/jiim_2026_major_revision/runs/jiim_ext_isic2019_split_09_seed_52_densenet121_A,95b9ef63757eecda6c62a90ca86f6673d3b3441c570ffbc64c5123f3677d509b,3fc229a3a347899c4c6988f57b13ba97661e289ec4d23edc38c9bb659f5362fa
jiim_ext_isic2019_split_09_seed_62_densenet121_A,extension,isic2019,densenet121,split_09,62,A,shared,completed,True,PASS,0,image,3485,0.44383810286506964,9,2,60,582.5177018754184,after model/data-loader initialization through checkpoint hashing and metric export; perf_counter,NVIDIA GeForce RTX 4090 D,12.1,3.10.21,2.4.1+cu121,0.19.1+cu121,1.26.4,2.3.3,10.4.0,1.7.2,6.0.2,AdamW,0.0001,0.0001,32,4,False,research-lab/experiments/registered-workflow/extensions/jiim_2026_major_revision/runs/jiim_ext_isic2019_split_09_seed_62_densenet121_A,24862537f337d1deef32d0891accb50a7384b3d00e5dd0965ea5f6003c4fa911,4c08dd1e1b81b3bfd09f78c68a8aef9287713a606c8db7f05b05f419113773eb
jiim_ext_isic2019_split_09_seed_42_efficientnet_b0_A,extension,isic2019,efficientnet_b0,split_09,42,A,shared,completed,True,PASS,0,image,3485,0.4566610424123972,23,16,60,1519.6307267174125,after model/data-loader initialization through checkpoint hashing and metric export; perf_counter,NVIDIA GeForce RTX 4090 D,12.1,3.10.21,2.4.1+cu121,0.19.1+cu121,1.26.4,2.3.3,10.4.0,1.7.2,6.0.2,AdamW,0.0001,0.0001,32,4,False,research-lab/experiments/registered-workflow/extensions/jiim_2026_major_revision/runs/jiim_ext_isic2019_split_09_seed_42_efficientnet_b0_A,ac55535bd4e7ad439d358aa906d36bfad80ed646b9470e240c42e6431bc41786,2f0a3256e8dc8f64db9721efbd728bd85d2266c929a1f82fbbcdc603a410e9a9
jiim_ext_isic2019_split_09_seed_52_efficientnet_b0_A,extension,isic2019,efficientnet_b0,split_09,52,A,shared,completed,True,PASS,0,image,3485,0.43158251315133556,20,13,60,1358.4000548869371,after model/data-loader initialization through checkpoint hashing and metric export; perf_counter,NVIDIA GeForce RTX 4090 D,12.1,3.10.21,2.4.1+cu121,0.19.1+cu121,1.26.4,2.3.3,10.4.0,1.7.2,6.0.2,AdamW,0.0001,0.0001,32,4,False,research-lab/experiments/registered-workflow/extensions/jiim_2026_major_revision/runs/jiim_ext_isic2019_split_09_seed_52_efficientnet_b0_A,84649e35449ddd091f50430df186cf7d33ff9fca3f7a7073da3cd871c77bdc17,74b68541f73ed246bf6453a508d7404de7878df96821e5a8ae7ff033e4876e52
jiim_ext_isic2019_split_09_seed_62_efficientnet_b0_A,extension,isic2019,efficientnet_b0,split_09,62,A,shared,completed,True,PASS,0,image,3485,0.4407917359800305,20,13,60,1286.27911041677,after model/data-loader initialization through checkpoint hashing and metric export; perf_counter,NVIDIA GeForce RTX 4090 D,12.1,3.10.21,2.4.1+cu121,0.19.1+cu121,1.26.4,2.3.3,10.4.0,1.7.2,6.0.2,AdamW,0.0001,0.0001,32,4,False,research-lab/experiments/registered-workflow/extensions/jiim_2026_major_revision/runs/jiim_ext_isic2019_split_09_seed_62_efficientnet_b0_A,f983e9acfcec138a59e7beb5e38d3c15d67cea48da55746fba5e6a92f6a76cc5,451dbb59f17c8385886e558d3ba9801094d2b0381076f314e0216a784cfe82b1
jiim_ext_isic2019_split_10_seed_42_resnet18_A,extension,isic2019,resnet18,split_10,42,A,shared,completed,True,PASS,0,image,3503,0.46903678207655025,8,1,60,480.33895015344024,after model/data-loader initialization through checkpoint hashing and metric export; perf_counter,NVIDIA GeForce RTX 4090 D,12.1,3.10.21,2.4.1+cu121,0.19.1+cu121,1.26.4,2.3.3,10.4.0,1.7.2,6.0.2,AdamW,0.0001,0.0001,32,4,False,research-lab/experiments/registered-workflow/extensions/jiim_2026_major_revision/runs/jiim_ext_isic2019_split_10_seed_42_resnet18_A,cef79660e4a2a9b1c4886e73da62d698eab9149ca7c277862c8c0459ee2c530d,9866b8af903159863e3a3973b25258a3f736d9e20e446cea4e675c504ccdbf39
jiim_ext_isic2019_split_10_seed_52_resnet18_A,extension,isic2019,resnet18,split_10,52,A,shared,completed,True,PASS,0,image,3503,0.46144113335894993,8,1,60,489.3114405050874,after model/data-loader initialization through checkpoint hashing and metric export; perf_counter,NVIDIA GeForce RTX 4090 D,12.1,3.10.21,2.4.1+cu121,0.19.1+cu121,1.26.4,2.3.3,10.4.0,1.7.2,6.0.2,AdamW,0.0001,0.0001,32,4,False,research-lab/experiments/registered-workflow/extensions/jiim_2026_major_revision/runs/jiim_ext_isic2019_split_10_seed_52_resnet18_A,9c9d783817753dbed650340387eca099076665a34580054bf37cbb0869be8ad3,f15a99ccdd1b995acacee650731fffe9f2e0940812857251c307a4a19a266a28
jiim_ext_isic2019_split_10_seed_62_resnet18_A,extension,isic2019,resnet18,split_10,62,A,shared,completed,True,PASS,0,image,3503,0.5332432411891312,9,2,60,527.8170657977462,after model/data-loader initialization through checkpoint hashing and metric export; perf_counter,NVIDIA GeForce RTX 4090 D,12.1,3.10.21,2.4.1+cu121,0.19.1+cu121,1.26.4,2.3.3,10.4.0,1.7.2,6.0.2,AdamW,0.0001,0.0001,32,4,False,research-lab/experiments/registered-workflow/extensions/jiim_2026_major_revision/runs/jiim_ext_isic2019_split_10_seed_62_resnet18_A,ae753962bd78cf8c79c5710019df16dc3368ed17c1d41f12fd1749e262dbd7cc,057582d49932ea47e83e282660371b6a47bdc12fffc059d13f768621996f0c22
jiim_ext_isic2019_split_10_seed_42_resnet50_A,extension,isic2019,resnet50,split_10,42,A,shared,completed,True,PASS,0,image,3503,0.5012545277396208,8,1,60,478.64537681266665,after model/data-loader initialization through checkpoint hashing and metric export; perf_counter,NVIDIA GeForce RTX 4090 D,12.1,3.10.21,2.4.1+cu121,0.19.1+cu121,1.26.4,2.3.3,10.4.0,1.7.2,6.0.2,AdamW,0.0001,0.0001,32,4,False,research-lab/experiments/registered-workflow/extensions/jiim_2026_major_revision/runs/jiim_ext_isic2019_split_10_seed_42_resnet50_A,abe22ba568cccba85daae62556944e903027045f637b0915d7b875d41eafcbfe,7587657919eba00392621286a0928da56d3c3f93a425bef188688d021c84cf10
jiim_ext_isic2019_split_10_seed_52_resnet50_A,extension,isic2019,resnet50,split_10,52,A,shared,completed,True,PASS,0,image,3503,0.5154381984994566,9,2,60,543.0496059134603,after model/data-loader initialization through checkpoint hashing and metric export; perf_counter,NVIDIA GeForce RTX 4090 D,12.1,3.10.21,2.4.1+cu121,0.19.1+cu121,1.26.4,2.3.3,10.4.0,1.7.2,6.0.2,AdamW,0.0001,0.0001,32,4,False,research-lab/experiments/registered-workflow/extensions/jiim_2026_major_revision/runs/jiim_ext_isic2019_split_10_seed_52_resnet50_A,2fd59ae36f50ae02a482bb8b81523873be2672b4f4e96ae2ac4dafc87e8796d5,60652566f82cc6f715e7314fe383bd416031c239f715e67d10c383e1f81541c9
jiim_ext_isic2019_split_10_seed_62_resnet50_A,extension,isic2019,resnet50,split_10,62,A,shared,completed,True,PASS,0,image,3503,0.5420326502613051,9,2,60,557.4158246777952,after model/data-loader initialization through checkpoint hashing and metric export; perf_counter,NVIDIA GeForce RTX 4090 D,12.1,3.10.21,2.4.1+cu121,0.19.1+cu121,1.26.4,2.3.3,10.4.0,1.7.2,6.0.2,AdamW,0.0001,0.0001,32,4,False,research-lab/experiments/registered-workflow/extensions/jiim_2026_major_revision/runs/jiim_ext_isic2019_split_10_seed_62_resnet50_A,44aab4e79cea436fb4b2b8e0865b15a5c77956f6dfab65089cdf4015598680e5,24e158d48c2025258b34ff1813ae1e0689682edef91bccc6de26388e9fe707ef
jiim_ext_isic2019_split_10_seed_42_densenet121_A,extension,isic2019,densenet121,split_10,42,A,shared,completed,True,PASS,0,image,3503,0.4838767244087246,10,3,60,662.4506849050522,after model/data-loader initialization through checkpoint hashing and metric export; perf_counter,NVIDIA GeForce RTX 4090 D,12.1,3.10.21,2.4.1+cu121,0.19.1+cu121,1.26.4,2.3.3,10.4.0,1.7.2,6.0.2,AdamW,0.0001,0.0001,32,4,False,research-lab/experiments/registered-workflow/extensions/jiim_2026_major_revision/runs/jiim_ext_isic2019_split_10_seed_42_densenet121_A,b149bac5c6e2b7b2b4ef1f965136fe42d702dd736af49d1a06fd0bbd4313ce39,323b6a8c12d93b46fa61f956bbb40a7723308ed77cda073eebe7d12573553231
jiim_ext_isic2019_split_10_seed_52_densenet121_A,extension,isic2019,densenet121,split_10,52,A,shared,completed,True,PASS,0,image,3503,0.4809249219266758,10,3,60,677.048312459141,after model/data-loader initialization through checkpoint hashing and metric export; perf_counter,NVIDIA GeForce RTX 4090 D,12.1,3.10.21,2.4.1+cu121,0.19.1+cu121,1.26.4,2.3.3,10.4.0,1.7.2,6.0.2,AdamW,0.0001,0.0001,32,4,False,research-lab/experiments/registered-workflow/extensions/jiim_2026_major_revision/runs/jiim_ext_isic2019_split_10_seed_52_densenet121_A,3628d80b2eba63f01465a9c415445cfaa4add167702cab348cc8c24311e8df87,d98ab645987a32359b08ca063a945f54cb9ca81ec7074ee4a225fa419cf7c5ee
jiim_ext_isic2019_split_10_seed_62_densenet121_A,extension,isic2019,densenet121,split_10,62,A,shared,completed,True,PASS,0,image,3503,0.47823247331624974,9,2,60,628.2287634313107,after model/data-loader initialization through checkpoint hashing and metric export; perf_counter,NVIDIA GeForce RTX 4090 D,12.1,3.10.21,2.4.1+cu121,0.19.1+cu121,1.26.4,2.3.3,10.4.0,1.7.2,6.0.2,AdamW,0.0001,0.0001,32,4,False,research-lab/experiments/registered-workflow/extensions/jiim_2026_major_revision/runs/jiim_ext_isic2019_split_10_seed_62_densenet121_A,31bce446e40f240c17a95597d7452646b63129e74e3ba4ad4f18392b72c30917,aa8dad7cec3edee1baf955c879c3ec930cf3618989cd397954a4284d9f5deb04
jiim_ext_isic2019_split_10_seed_42_efficientnet_b0_A,extension,isic2019,efficientnet_b0,split_10,42,A,shared,completed,True,PASS,0,image,3503,0.45620331718667884,25,18,60,1619.8697238862514,after model/data-loader initialization through checkpoint hashing and metric export; perf_counter,NVIDIA GeForce RTX 4090 D,12.1,3.10.21,2.4.1+cu121,0.19.1+cu121,1.26.4,2.3.3,10.4.0,1.7.2,6.0.2,AdamW,0.0001,0.0001,32,4,False,research-lab/experiments/registered-workflow/extensions/jiim_2026_major_revision/runs/jiim_ext_isic2019_split_10_seed_42_efficientnet_b0_A,71859a73d07798da1dae9b1f64962e6009962e9ec8497ee9fb4d9ab8d6e022f1,e4a8274f953d4b51ab57c6a41718471e20f781f7a26080b3d9a2cb535a05fe29
jiim_ext_isic2019_split_10_seed_52_efficientnet_b0_A,extension,isic2019,efficientnet_b0,split_10,52,A,shared,completed,True,PASS,0,image,3503,0.4491173929333576,22,15,60,1417.9122014902532,after model/data-loader initialization through checkpoint hashing and metric export; perf_counter,NVIDIA GeForce RTX 4090 D,12.1,3.10.21,2.4.1+cu121,0.19.1+cu121,1.26.4,2.3.3,10.4.0,1.7.2,6.0.2,AdamW,0.0001,0.0001,32,4,False,research-lab/experiments/registered-workflow/extensions/jiim_2026_major_revision/runs/jiim_ext_isic2019_split_10_seed_52_efficientnet_b0_A,a59385b314583e4e7089c6162628b4115689d1267501ae0ac62bea024d2ee5aa,3048ea53183a5e11b9ab1035ac6101426beb4b4542d39e7c83262c8a89f9f8d0
jiim_ext_isic2019_split_10_seed_62_efficientnet_b0_A,extension,isic2019,efficientnet_b0,split_10,62,A,shared,completed,True,PASS,0,image,3503,0.46440353656323735,24,17,60,1560.568927679211,after model/data-loader initialization through checkpoint hashing and metric export; perf_counter,NVIDIA GeForce RTX 4090 D,12.1,3.10.21,2.4.1+cu121,0.19.1+cu121,1.26.4,2.3.3,10.4.0,1.7.2,6.0.2,AdamW,0.0001,0.0001,32,4,False,research-lab/experiments/registered-workflow/extensions/jiim_2026_major_revision/runs/jiim_ext_isic2019_split_10_seed_62_efficientnet_b0_A,74dab76242ba9d857ccc7227889decf21fc4758334f1ff23ea19698084155a31,42c680d89ce478a71eea0a891cbba1e7f97f4e8def339a143f9d4434f6b71245
jiim_ext_mura_split_01_seed_42_resnet18_A,extension,mura,resnet18,split_01,42,A,shared,completed,True,PASS,0,study,2193,0.8010283344634033,12,5,60,778.1673277914524,after model/data-loader initialization through checkpoint hashing and metric export; perf_counter,NVIDIA GeForce RTX 4090 D,12.1,3.10.21,2.4.1+cu121,0.19.1+cu121,1.26.4,2.3.3,10.4.0,1.7.2,6.0.2,AdamW,0.0001,0.0001,32,4,False,research-lab/experiments/registered-workflow/extensions/jiim_2026_major_revision/runs/jiim_ext_mura_split_01_seed_42_resnet18_A,1abc208e5b816fd9a7a2c9a5263d6ec9439de7c581dee3ba39a7078e6dc89982,b577c624300093c5177285d8a0045c52770deef942c9904ae9ff4d6ca4cfecb7
jiim_ext_mura_split_01_seed_52_resnet18_A,extension,mura,resnet18,split_01,52,A,shared,completed,True,PASS,0,study,2193,0.7957713251176088,13,6,60,724.2470178306103,after model/data-loader initialization through checkpoint hashing and metric export; perf_counter,NVIDIA GeForce RTX 4090 D,12.1,3.10.21,2.4.1+cu121,0.19.1+cu121,1.26.4,2.3.3,10.4.0,1.7.2,6.0.2,AdamW,0.0001,0.0001,32,4,False,research-lab/experiments/registered-workflow/extensions/jiim_2026_major_revision/runs/jiim_ext_mura_split_01_seed_52_resnet18_A,6853ce7cc9b153a960584b627e123c00e7953ca8f2387d92da9b535fd4cf29ee,a8d86e1a1a5405d3d7fc82c7f482fc13f9092cac0ecdd3857b098155418da770
jiim_ext_mura_split_01_seed_62_resnet18_A,extension,mura,resnet18,split_01,62,A,shared,completed,True,PASS,0,study,2193,0.7807801326725337,10,3,60,487.2532087787986,after model/data-loader initialization through checkpoint hashing and metric export; perf_counter,NVIDIA GeForce RTX 4090 D,12.1,3.10.21,2.4.1+cu121,0.19.1+cu121,1.26.4,2.3.3,10.4.0,1.7.2,6.0.2,AdamW,0.0001,0.0001,32,4,False,research-lab/experiments/registered-workflow/extensions/jiim_2026_major_revision/runs/jiim_ext_mura_split_01_seed_62_resnet18_A,9b0ee787121489eddc00d6cef95ec86297b8c934e8a2fa6f31d7335616e778e5,d2789908089ddf2e1e32ff493c87229d29e9dd2d487284d92be92857e1c77b28
jiim_ext_mura_split_01_seed_42_resnet50_A,extension,mura,resnet50,split_01,42,A,shared,completed,True,PASS,0,study,2193,0.7955716697306705,9,2,60,445.6470065712929,after model/data-loader initialization through checkpoint hashing and metric export; perf_counter,NVIDIA GeForce RTX 4090 D,12.1,3.10.21,2.4.1+cu121,0.19.1+cu121,1.26.4,2.3.3,10.4.0,1.7.2,6.0.2,AdamW,0.0001,0.0001,32,4,False,research-lab/experiments/registered-workflow/extensions/jiim_2026_major_revision/runs/jiim_ext_mura_split_01_seed_42_resnet50_A,5ecf1382ba49e6430aeaf45a40ba6ce640f98372ad8b18caef3e1e405c344b69,9722424d8cc84bd00c393dea3b06200efbeb775bb1905cfab31545f4d2c4ff02
jiim_ext_mura_split_01_seed_52_resnet50_A,extension,mura,resnet50,split_01,52,A,shared,completed,True,PASS,0,study,2193,0.8093553184350513,12,5,60,589.4529683031142,after model/data-loader initialization through checkpoint hashing and metric export; perf_counter,NVIDIA GeForce RTX 4090 D,12.1,3.10.21,2.4.1+cu121,0.19.1+cu121,1.26.4,2.3.3,10.4.0,1.7.2,6.0.2,AdamW,0.0001,0.0001,32,4,False,research-lab/experiments/registered-workflow/extensions/jiim_2026_major_revision/runs/jiim_ext_mura_split_01_seed_52_resnet50_A,d4a610c7754ebc60d88d1db8277ce33f12bd3f0d7f415438e8a42a3d2af41d8e,8a388d77b85831c8af704f1a4a721e5f17103521e19efe3d028c80842f6c9c68
jiim_ext_mura_split_01_seed_62_resnet50_A,extension,mura,resnet50,split_01,62,A,shared,completed,True,PASS,0,study,2193,0.8141636492635905,11,4,60,552.1268894188106,after model/data-loader initialization through checkpoint hashing and metric export; perf_counter,NVIDIA GeForce RTX 4090 D,12.1,3.10.21,2.4.1+cu121,0.19.1+cu121,1.26.4,2.3.3,10.4.0,1.7.2,6.0.2,AdamW,0.0001,0.0001,32,4,False,research-lab/experiments/registered-workflow/extensions/jiim_2026_major_revision/runs/jiim_ext_mura_split_01_seed_62_resnet50_A,5dae87e2d1438143b4ac3b850e0d1e0f1722e889fa865f55eb3de234e8303755,897813dbeb3fb29b4c850b2d3b1ecc591108775567c216ea74fc030210845b8b
jiim_ext_mura_split_01_seed_42_densenet121_A,extension,mura,densenet121,split_01,42,A,shared,completed,True,PASS,0,study,2193,0.797110370546418,13,6,60,644.1294708997011,after model/data-loader initialization through checkpoint hashing and metric export; perf_counter,NVIDIA GeForce RTX 4090 D,12.1,3.10.21,2.4.1+cu121,0.19.1+cu121,1.26.4,2.3.3,10.4.0,1.7.2,6.0.2,AdamW,0.0001,0.0001,32,4,False,research-lab/experiments/registered-workflow/extensions/jiim_2026_major_revision/runs/jiim_ext_mura_split_01_seed_42_densenet121_A,1fdddf10e8e740138390e30c72ea04cd0f065badee248cdfe2b884c8462491ee,41d7ab458d594d9d8fa7a5777852eecfa391af2ea799640d2a51cb74e8c83d87
jiim_ext_mura_split_01_seed_52_densenet121_A,extension,mura,densenet121,split_01,52,A,shared,completed,True,PASS,0,study,2193,0.7986062568590582,13,6,60,709.2097848169506,after model/data-loader initialization through checkpoint hashing and metric export; perf_counter,NVIDIA GeForce RTX 4090 D,12.1,3.10.21,2.4.1+cu121,0.19.1+cu121,1.26.4,2.3.3,10.4.0,1.7.2,6.0.2,AdamW,0.0001,0.0001,32,4,False,research-lab/experiments/registered-workflow/extensions/jiim_2026_major_revision/runs/jiim_ext_mura_split_01_seed_52_densenet121_A,34fe85b499fe2c3e8703db48b8c7726912adc11e0b82c70c6e412b78e194a2c8,5cfc42bf2d80bf662500fa118fd96a672c4a9a806b0dd5b73a7e0d110dd20056
jiim_ext_mura_split_01_seed_62_densenet121_A,extension,mura,densenet121,split_01,62,A,shared,completed,True,PASS,0,study,2193,0.7880459286028841,16,9,60,797.3237627260387,after model/data-loader initialization through checkpoint hashing and metric export; perf_counter,NVIDIA GeForce RTX 4090 D,12.1,3.10.21,2.4.1+cu121,0.19.1+cu121,1.26.4,2.3.3,10.4.0,1.7.2,6.0.2,AdamW,0.0001,0.0001,32,4,False,research-lab/experiments/registered-workflow/extensions/jiim_2026_major_revision/runs/jiim_ext_mura_split_01_seed_62_densenet121_A,679d7394ba9e4ded82e9cd34e485de2da5fca428620cba87495a6b95cc1a528c,7f045cc05ba12bf6e46c1993d1afe9a61766605669bf14281b13d6c95308c794
jiim_ext_mura_split_01_seed_42_efficientnet_b0_A,extension,mura,efficientnet_b0,split_01,42,A,shared,completed,True,PASS,0,study,2193,0.7739097155718969,36,29,60,1815.3754607364535,after model/data-loader initialization through checkpoint hashing and metric export; perf_counter,NVIDIA GeForce RTX 4090 D,12.1,3.10.21,2.4.1+cu121,0.19.1+cu121,1.26.4,2.3.3,10.4.0,1.7.2,6.0.2,AdamW,0.0001,0.0001,32,4,False,research-lab/experiments/registered-workflow/extensions/jiim_2026_major_revision/runs/jiim_ext_mura_split_01_seed_42_efficientnet_b0_A,ca53f056a8036d6b20f2ff7585d60582d551f418e7e7a5869b6f5dbbae83e0c9,aae5c420703ba411e1854bfe77857465baced3d0405a1acc967d0fe3dbeb4967
jiim_ext_mura_split_01_seed_52_efficientnet_b0_A,extension,mura,efficientnet_b0,split_01,52,A,shared,completed,True,PASS,0,study,2193,0.7838610293655066,36,29,60,1773.4466319605708,after model/data-loader initialization through checkpoint hashing and metric export; perf_counter,NVIDIA GeForce RTX 4090 D,12.1,3.10.21,2.4.1+cu121,0.19.1+cu121,1.26.4,2.3.3,10.4.0,1.7.2,6.0.2,AdamW,0.0001,0.0001,32,4,False,research-lab/experiments/registered-workflow/extensions/jiim_2026_major_revision/runs/jiim_ext_mura_split_01_seed_52_efficientnet_b0_A,f7a89e53c38c16dc3be9ce30fea1a59852abfb4ff4daebc8c8e314668c91e5b5,b78cbcc6242996e8a9518ed89edf1fe9ebdfc59ddcc50f3a625559596d82aca9
jiim_ext_mura_split_01_seed_62_efficientnet_b0_A,extension,mura,efficientnet_b0,split_01,62,A,shared,completed,True,PASS,0,study,2193,0.7749853207417918,28,21,60,1397.5059296935797,after model/data-loader initialization through checkpoint hashing and metric export; perf_counter,NVIDIA GeForce RTX 4090 D,12.1,3.10.21,2.4.1+cu121,0.19.1+cu121,1.26.4,2.3.3,10.4.0,1.7.2,6.0.2,AdamW,0.0001,0.0001,32,4,False,research-lab/experiments/registered-workflow/extensions/jiim_2026_major_revision/runs/jiim_ext_mura_split_01_seed_62_efficientnet_b0_A,6b23c38c2a9dbb70e6175b5e333a409dfedd0c21f173be890247ad332f3f6ed5,9efea2b61f2a434ab87df3d98068d41ad735b1f4c2334b63f7534d450e86090b
jiim_ext_mura_split_01_seed_42_swin_t_A,extension,mura,swin_t,split_01,42,A,shared,completed,True,PASS,0,study,2193,0.8129775127744497,12,5,60,600.9892112128437,after model/data-loader initialization through checkpoint hashing and metric export; perf_counter,NVIDIA GeForce RTX 4090 D,12.1,3.10.21,2.4.1+cu121,0.19.1+cu121,1.26.4,2.3.3,10.4.0,1.7.2,6.0.2,AdamW,0.0001,0.0001,32,4,False,research-lab/experiments/registered-workflow/extensions/jiim_2026_major_revision/runs/jiim_ext_mura_split_01_seed_42_swin_t_A,f77f4b26cc7d22694f85c999d3eee0933b0e9b27bbb7894fecc41a0d3452dc67,4cfa4d990ece9bcd9748e391b539f71d85e47eebe19d43c8a8734beb6bab1ed6
jiim_ext_mura_split_01_seed_52_swin_t_A,extension,mura,swin_t,split_01,52,A,shared,completed,True,PASS,0,study,2193,0.8224159262961435,16,9,60,829.8777413479984,after model/data-loader initialization through checkpoint hashing and metric export; perf_counter,NVIDIA GeForce RTX 4090 D,12.1,3.10.21,2.4.1+cu121,0.19.1+cu121,1.26.4,2.3.3,10.4.0,1.7.2,6.0.2,AdamW,0.0001,0.0001,32,4,False,research-lab/experiments/registered-workflow/extensions/jiim_2026_major_revision/runs/jiim_ext_mura_split_01_seed_52_swin_t_A,2215b42c266e5ec17fbd5531c2a91d91545bfb024ea59fbb68081d57db512ee0,997268c7f1b0ac0d446b95c91072cee6f388de18321fe9c11d4806173d3659a8
jiim_ext_mura_split_01_seed_62_swin_t_A,extension,mura,swin_t,split_01,62,A,shared,completed,True,PASS,0,study,2193,0.8078629271838892,16,9,60,794.6092262081802,after model/data-loader initialization through checkpoint hashing and metric export; perf_counter,NVIDIA GeForce RTX 4090 D,12.1,3.10.21,2.4.1+cu121,0.19.1+cu121,1.26.4,2.3.3,10.4.0,1.7.2,6.0.2,AdamW,0.0001,0.0001,32,4,False,research-lab/experiments/registered-workflow/extensions/jiim_2026_major_revision/runs/jiim_ext_mura_split_01_seed_62_swin_t_A,23577fcf242a58731ebef93c43ae35a32e48c86a93552fa5cdfa158480ff8a5c,0a89ecbeecbaecabd46a447cd3469e0d649edd3a73b64a423f1d48805d51fdc5
jiim_ext_mura_split_01_seed_42_swin_t_B,extension,mura,swin_t,split_01,42,A,swin_weight_eval,completed,True,PASS,0,study,2193,0.8111574595097129,12,5,60,737.0323128141463,after model/data-loader initialization through checkpoint hashing and metric export; perf_counter,NVIDIA GeForce RTX 4090 D,12.1,3.10.21,2.4.1+cu121,0.19.1+cu121,1.26.4,2.3.3,10.4.0,1.7.2,6.0.2,AdamW,0.0001,0.0001,32,4,False,research-lab/experiments/registered-workflow/extensions/jiim_2026_major_revision/runs/jiim_ext_mura_split_01_seed_42_swin_t_B,d616e5e68f1d1eaf626f42016bead0d59e70aedc5ba126922b3c433bb35a40e3,879032ceb268b48487788a40b4a879d1a15acdcdb9ab85d98870cc790e22b61c
jiim_ext_mura_split_01_seed_52_swin_t_B,extension,mura,swin_t,split_01,52,A,swin_weight_eval,completed,True,PASS,0,study,2193,0.8171375096987956,16,9,60,938.2225219123065,after model/data-loader initialization through checkpoint hashing and metric export; perf_counter,NVIDIA GeForce RTX 4090 D,12.1,3.10.21,2.4.1+cu121,0.19.1+cu121,1.26.4,2.3.3,10.4.0,1.7.2,6.0.2,AdamW,0.0001,0.0001,32,4,False,research-lab/experiments/registered-workflow/extensions/jiim_2026_major_revision/runs/jiim_ext_mura_split_01_seed_52_swin_t_B,ca07de6f20c9eaed2647eb97f8d8ffc87d649820a0640086e4b7eca0ecae531f,38f353133fe4a000cf4a89e4df7e5a650c7ec0dc129fa185c02e6197211f6595
jiim_ext_mura_split_01_seed_62_swin_t_B,extension,mura,swin_t,split_01,62,A,swin_weight_eval,completed,True,PASS,0,study,2193,0.8156202161346018,14,7,60,787.0192390531301,after model/data-loader initialization through checkpoint hashing and metric export; perf_counter,NVIDIA GeForce RTX 4090 D,12.1,3.10.21,2.4.1+cu121,0.19.1+cu121,1.26.4,2.3.3,10.4.0,1.7.2,6.0.2,AdamW,0.0001,0.0001,32,4,False,research-lab/experiments/registered-workflow/extensions/jiim_2026_major_revision/runs/jiim_ext_mura_split_01_seed_62_swin_t_B,fbe1898a529ab347a7df1816c36531bcf10b5ad8595212aae63ac5135130bbe6,718dfcbb26f10767e2d681202d3c232f50cc2069b78de68d6b752d66ebc29f9b
jiim_ext_mura_split_02_seed_42_resnet18_A,extension,mura,resnet18,split_02,42,A,shared,completed,True,PASS,0,study,2199,0.7825207982354065,12,5,60,606.6591876670718,after model/data-loader initialization through checkpoint hashing and metric export; perf_counter,NVIDIA GeForce RTX 4090 D,12.1,3.10.21,2.4.1+cu121,0.19.1+cu121,1.26.4,2.3.3,10.4.0,1.7.2,6.0.2,AdamW,0.0001,0.0001,32,4,False,research-lab/experiments/registered-workflow/extensions/jiim_2026_major_revision/runs/jiim_ext_mura_split_02_seed_42_resnet18_A,58f3ebbefc56aa4546ed1e1d936ae98244b6a2f9802127c35590dcb97bb41b53,2bcc47224bb713a504e3030f2d94e48c9d944d6383e7a75117b08b1857a42f21
jiim_ext_mura_split_02_seed_52_resnet18_A,extension,mura,resnet18,split_02,52,A,shared,completed,True,PASS,0,study,2199,0.760621428695486,9,2,60,451.26473432034254,after model/data-loader initialization through checkpoint hashing and metric export; perf_counter,NVIDIA GeForce RTX 4090 D,12.1,3.10.21,2.4.1+cu121,0.19.1+cu121,1.26.4,2.3.3,10.4.0,1.7.2,6.0.2,AdamW,0.0001,0.0001,32,4,False,research-lab/experiments/registered-workflow/extensions/jiim_2026_major_revision/runs/jiim_ext_mura_split_02_seed_52_resnet18_A,910cd11c9450a2e0156bd4b6c33a7f1866c21c16a21b9f5c07bb30724769da24,408e688569b6f427add6405b67b52724dae1ac9fccfb79ee147fc5eafd5b70fb
jiim_ext_mura_split_02_seed_62_resnet18_A,extension,mura,resnet18,split_02,62,A,shared,completed,True,PASS,0,study,2199,0.7802755440540494,11,4,60,544.357935346663,after model/data-loader initialization through checkpoint hashing and metric export; perf_counter,NVIDIA GeForce RTX 4090 D,12.1,3.10.21,2.4.1+cu121,0.19.1+cu121,1.26.4,2.3.3,10.4.0,1.7.2,6.0.2,AdamW,0.0001,0.0001,32,4,False,research-lab/experiments/registered-workflow/extensions/jiim_2026_major_revision/runs/jiim_ext_mura_split_02_seed_62_resnet18_A,7f86b64ebd51d9accd4b135be4af9d1e2ba80caf144bdd1d276aac4b5d057589,32b4301227a011b2a63fe5ee16da48c6c3832cdcd2e31422c5e1308fe58b960c
jiim_ext_mura_split_02_seed_42_resnet50_A,extension,mura,resnet50,split_02,42,A,shared,completed,True,PASS,0,study,2199,0.7886278375045591,11,4,60,542.7645959407091,after model/data-loader initialization through checkpoint hashing and metric export; perf_counter,NVIDIA GeForce RTX 4090 D,12.1,3.10.21,2.4.1+cu121,0.19.1+cu121,1.26.4,2.3.3,10.4.0,1.7.2,6.0.2,AdamW,0.0001,0.0001,32,4,False,research-lab/experiments/registered-workflow/extensions/jiim_2026_major_revision/runs/jiim_ext_mura_split_02_seed_42_resnet50_A,a5cc51425278a4859c3d6e7339869ac9adf60906c128667488489c8340fb41cf,66eb0100739798388456472775c415b0a9b67523a31c9eb86b543e35233ad1ed
jiim_ext_mura_split_02_seed_52_resnet50_A,extension,mura,resnet50,split_02,52,A,shared,completed,True,PASS,0,study,2199,0.7947630998488979,12,5,60,603.6498554311693,after model/data-loader initialization through checkpoint hashing and metric export; perf_counter,NVIDIA GeForce RTX 4090 D,12.1,3.10.21,2.4.1+cu121,0.19.1+cu121,1.26.4,2.3.3,10.4.0,1.7.2,6.0.2,AdamW,0.0001,0.0001,32,4,False,research-lab/experiments/registered-workflow/extensions/jiim_2026_major_revision/runs/jiim_ext_mura_split_02_seed_52_resnet50_A,6133590d1be0c2c5e547fb281b4ebff52d4e0b8af3e263545b117d7fdd4ba4a2,54d77e844aed60471195f6d4b2a546581091b6a36bff240941a1fcc9b34c0d38
jiim_ext_mura_split_02_seed_62_resnet50_A,extension,mura,resnet50,split_02,62,A,shared,completed,True,PASS,0,study,2199,0.7961812008267191,11,4,60,548.7551934197545,after model/data-loader initialization through checkpoint hashing and metric export; perf_counter,NVIDIA GeForce RTX 4090 D,12.1,3.10.21,2.4.1+cu121,0.19.1+cu121,1.26.4,2.3.3,10.4.0,1.7.2,6.0.2,AdamW,0.0001,0.0001,32,4,False,research-lab/experiments/registered-workflow/extensions/jiim_2026_major_revision/runs/jiim_ext_mura_split_02_seed_62_resnet50_A,ba49be391de9954f83b2607858b88b98629169c41e09387cf604e4ff5f424224,6a63004b8718a399393ce1c1b26dfdf074de5953fda6232427b08d03e772e31c
jiim_ext_mura_split_02_seed_42_densenet121_A,extension,mura,densenet121,split_02,42,A,shared,completed,True,PASS,0,study,2199,0.7952641679837436,13,6,60,694.8310448825359,after model/data-loader initialization through checkpoint hashing and metric export; perf_counter,NVIDIA GeForce RTX 4090 D,12.1,3.10.21,2.4.1+cu121,0.19.1+cu121,1.26.4,2.3.3,10.4.0,1.7.2,6.0.2,AdamW,0.0001,0.0001,32,4,False,research-lab/experiments/registered-workflow/extensions/jiim_2026_major_revision/runs/jiim_ext_mura_split_02_seed_42_densenet121_A,163879890ae8d4ff61e2c688fa20124e8871a55c5c09d41f8d644a3fe6c82705,5ada844dd85c40712954c4a1b15b32b68d646121bcb2193b776b1f0dfaa77f73
jiim_ext_mura_split_02_seed_52_densenet121_A,extension,mura,densenet121,split_02,52,A,shared,completed,True,PASS,0,study,2199,0.7934301022977925,14,7,60,686.0162056162953,after model/data-loader initialization through checkpoint hashing and metric export; perf_counter,NVIDIA GeForce RTX 4090 D,12.1,3.10.21,2.4.1+cu121,0.19.1+cu121,1.26.4,2.3.3,10.4.0,1.7.2,6.0.2,AdamW,0.0001,0.0001,32,4,False,research-lab/experiments/registered-workflow/extensions/jiim_2026_major_revision/runs/jiim_ext_mura_split_02_seed_52_densenet121_A,770541deb35995610d0908ca71ea382cbd86e9b7f038bc16a8c89658e7424023,3967292a3c4f2199f344e4f9d6eb6cd75b74de0c39f69add2e8a4b03337c700a
jiim_ext_mura_split_02_seed_62_densenet121_A,extension,mura,densenet121,split_02,62,A,shared,completed,True,PASS,0,study,2199,0.7993009361376939,12,5,60,644.8754687309265,after model/data-loader initialization through checkpoint hashing and metric export; perf_counter,NVIDIA GeForce RTX 4090 D,12.1,3.10.21,2.4.1+cu121,0.19.1+cu121,1.26.4,2.3.3,10.4.0,1.7.2,6.0.2,AdamW,0.0001,0.0001,32,4,False,research-lab/experiments/registered-workflow/extensions/jiim_2026_major_revision/runs/jiim_ext_mura_split_02_seed_62_densenet121_A,e8480d0707757bb271275a3870ff9a9491fd39ceccb19cf50b92416e4ac02f76,b749cb7ffb2dcd524b1acd79a968043abfd740b22e509dd095f9e52d400fe06b
jiim_ext_mura_split_02_seed_42_efficientnet_b0_A,extension,mura,efficientnet_b0,split_02,42,A,shared,completed,True,PASS,0,study,2199,0.7737573162894906,40,33,60,1948.0690913200378,after model/data-loader initialization through checkpoint hashing and metric export; perf_counter,NVIDIA GeForce RTX 4090 D,12.1,3.10.21,2.4.1+cu121,0.19.1+cu121,1.26.4,2.3.3,10.4.0,1.7.2,6.0.2,AdamW,0.0001,0.0001,32,4,False,research-lab/experiments/registered-workflow/extensions/jiim_2026_major_revision/runs/jiim_ext_mura_split_02_seed_42_efficientnet_b0_A,ff221c681dee1c2493651bfa40c93981b1ce6af615fb86f9ef2105e91c001b44,f41f5bff7336e0926e96ea7c0625165ee920c3ca957eae2a760734c3bbddbed8
jiim_ext_mura_split_02_seed_52_efficientnet_b0_A,extension,mura,efficientnet_b0,split_02,52,A,shared,completed,True,PASS,0,study,2199,0.7752935199819373,27,20,60,1355.9178099371493,after model/data-loader initialization through checkpoint hashing and metric export; perf_counter,NVIDIA GeForce RTX 4090 D,12.1,3.10.21,2.4.1+cu121,0.19.1+cu121,1.26.4,2.3.3,10.4.0,1.7.2,6.0.2,AdamW,0.0001,0.0001,32,4,False,research-lab/experiments/registered-workflow/extensions/jiim_2026_major_revision/runs/jiim_ext_mura_split_02_seed_52_efficientnet_b0_A,a5372ea8fa2f54f585fa406fa071970ed3e29231f02178aea791948f0211f1e7,cc18a78e54e0c8a9c62d7b52fa37d4a466486814cccf8fdaad30cdd134574e89
jiim_ext_mura_split_02_seed_62_efficientnet_b0_A,extension,mura,efficientnet_b0,split_02,62,A,shared,completed,True,PASS,0,study,2199,0.7797367004185699,29,22,60,1404.3163433857262,after model/data-loader initialization through checkpoint hashing and metric export; perf_counter,NVIDIA GeForce RTX 4090 D,12.1,3.10.21,2.4.1+cu121,0.19.1+cu121,1.26.4,2.3.3,10.4.0,1.7.2,6.0.2,AdamW,0.0001,0.0001,32,4,False,research-lab/experiments/registered-workflow/extensions/jiim_2026_major_revision/runs/jiim_ext_mura_split_02_seed_62_efficientnet_b0_A,7ad2145a4e0be640cc8efa637e12869ba282605f41212cf0d4ced6c2b2635023,412bcf3adc3f8c5326f8913cf68f70000a8eef2230caf59808a27160cdc8abee
jiim_ext_mura_split_02_seed_42_swin_t_A,extension,mura,swin_t,split_02,42,A,shared,completed,True,PASS,0,study,2199,0.7983270229431891,15,8,60,759.7205632328987,after model/data-loader initialization through checkpoint hashing and metric export; perf_counter,NVIDIA GeForce RTX 4090 D,12.1,3.10.21,2.4.1+cu121,0.19.1+cu121,1.26.4,2.3.3,10.4.0,1.7.2,6.0.2,AdamW,0.0001,0.0001,32,4,False,research-lab/experiments/registered-workflow/extensions/jiim_2026_major_revision/runs/jiim_ext_mura_split_02_seed_42_swin_t_A,a116ac9f04e0dc63dcb6651b45e66960061ede608ac6ab52be86d9883f9195fd,1e10cefe3e2967390646252781a9f6febee9b0c11a004d6415811655efd04b5e
jiim_ext_mura_split_02_seed_52_swin_t_A,extension,mura,swin_t,split_02,52,A,shared,completed,True,PASS,0,study,2199,0.8118740990325999,14,7,60,699.8128500841558,after model/data-loader initialization through checkpoint hashing and metric export; perf_counter,NVIDIA GeForce RTX 4090 D,12.1,3.10.21,2.4.1+cu121,0.19.1+cu121,1.26.4,2.3.3,10.4.0,1.7.2,6.0.2,AdamW,0.0001,0.0001,32,4,False,research-lab/experiments/registered-workflow/extensions/jiim_2026_major_revision/runs/jiim_ext_mura_split_02_seed_52_swin_t_A,c55e1a874cefc8ff655056337292cb5d96b707bc8ac415a28308c852eec49d40,6462fdd1f40e940ec29839c8249f76a1941f1b8280ea8869d3a9a7ca7d46a9ea
jiim_ext_mura_split_02_seed_62_swin_t_A,extension,mura,swin_t,split_02,62,A,shared,completed,True,PASS,0,study,2199,0.8036116852215294,12,5,60,626.0660226754844,after model/data-loader initialization through checkpoint hashing and metric export; perf_counter,NVIDIA GeForce RTX 4090 D,12.1,3.10.21,2.4.1+cu121,0.19.1+cu121,1.26.4,2.3.3,10.4.0,1.7.2,6.0.2,AdamW,0.0001,0.0001,32,4,False,research-lab/experiments/registered-workflow/extensions/jiim_2026_major_revision/runs/jiim_ext_mura_split_02_seed_62_swin_t_A,1b0ac7a9cdac28629297803b31a64a4404e126a3d874c22cf8e111642c4beceb,96b491fdd1d746cc24e3d7fd62be35b6e1f24edcd296c05a094935bbf06670cb
jiim_ext_mura_split_02_seed_42_swin_t_B,extension,mura,swin_t,split_02,42,A,swin_weight_eval,completed,True,PASS,0,study,2199,0.7997781232089203,15,8,60,850.109304048121,after model/data-loader initialization through checkpoint hashing and metric export; perf_counter,NVIDIA GeForce RTX 4090 D,12.1,3.10.21,2.4.1+cu121,0.19.1+cu121,1.26.4,2.3.3,10.4.0,1.7.2,6.0.2,AdamW,0.0001,0.0001,32,4,False,research-lab/experiments/registered-workflow/extensions/jiim_2026_major_revision/runs/jiim_ext_mura_split_02_seed_42_swin_t_B,85506ca4813904bce561c24aa31dbbc87217a8e02a6cce031d46580aa5288d24,c6930eae6abd473d5d85a4849642b6fb9769da23bf886c329a920b046e99b45f
jiim_ext_mura_split_02_seed_52_swin_t_B,extension,mura,swin_t,split_02,52,A,swin_weight_eval,completed,True,PASS,0,study,2199,0.8027372040919117,14,7,60,752.6938146054745,after model/data-loader initialization through checkpoint hashing and metric export; perf_counter,NVIDIA GeForce RTX 4090 D,12.1,3.10.21,2.4.1+cu121,0.19.1+cu121,1.26.4,2.3.3,10.4.0,1.7.2,6.0.2,AdamW,0.0001,0.0001,32,4,False,research-lab/experiments/registered-workflow/extensions/jiim_2026_major_revision/runs/jiim_ext_mura_split_02_seed_52_swin_t_B,a5b2cb66f3a667a12f07b0e1977b4c7c4af33d5c3b34179eff0db4075269b600,0b0fc39ff49c5a6c1c0fd4da097686e02f10da8d08e7baaeb1ed9541bb73ac15
jiim_ext_mura_split_02_seed_62_swin_t_B,extension,mura,swin_t,split_02,62,A,swin_weight_eval,completed,True,PASS,0,study,2199,0.8003265192698473,12,5,60,685.8706519715488,after model/data-loader initialization through checkpoint hashing and metric export; perf_counter,NVIDIA GeForce RTX 4090 D,12.1,3.10.21,2.4.1+cu121,0.19.1+cu121,1.26.4,2.3.3,10.4.0,1.7.2,6.0.2,AdamW,0.0001,0.0001,32,4,False,research-lab/experiments/registered-workflow/extensions/jiim_2026_major_revision/runs/jiim_ext_mura_split_02_seed_62_swin_t_B,cf5595d1bfcc80abd91e7b2cba9cd1b25bb237d0d817a91f360a5bf3a6efbf5e,feddf5cebff4f0ce6df09b4595f4f2accb6c3979383f56df53297149c0e7f124
jiim_ext_mura_split_03_seed_42_resnet18_A,extension,mura,resnet18,split_03,42,A,shared,completed,True,PASS,0,study,2205,0.7942145165299528,9,2,60,449.36496679484844,after model/data-loader initialization through checkpoint hashing and metric export; perf_counter,NVIDIA GeForce RTX 4090 D,12.1,3.10.21,2.4.1+cu121,0.19.1+cu121,1.26.4,2.3.3,10.4.0,1.7.2,6.0.2,AdamW,0.0001,0.0001,32,4,False,research-lab/experiments/registered-workflow/extensions/jiim_2026_major_revision/runs/jiim_ext_mura_split_03_seed_42_resnet18_A,629cca4983e0e5f48b0b1c8e737d4066b13c2fbb33dc0358ec61b6a7a901c78b,e40d18415ddb21c88f6163e698bdaf0d21807fafb9aed7c3147e73a40d45cbb2
jiim_ext_mura_split_03_seed_52_resnet18_A,extension,mura,resnet18,split_03,52,A,shared,completed,True,PASS,0,study,2205,0.787037037037037,10,3,60,504.39874441176653,after model/data-loader initialization through checkpoint hashing and metric export; perf_counter,NVIDIA GeForce RTX 4090 D,12.1,3.10.21,2.4.1+cu121,0.19.1+cu121,1.26.4,2.3.3,10.4.0,1.7.2,6.0.2,AdamW,0.0001,0.0001,32,4,False,research-lab/experiments/registered-workflow/extensions/jiim_2026_major_revision/runs/jiim_ext_mura_split_03_seed_52_resnet18_A,de65936c8eb6f7de2a3320c530157236783c5185e9457c00f8a260cdc6aa4c28,9af54bc869b2d44be95dcc0dcd85fe318ef49fd094eef6d7ce95f449ea8f3774
jiim_ext_mura_split_03_seed_62_resnet18_A,extension,mura,resnet18,split_03,62,A,shared,completed,True,PASS,0,study,2205,0.7843105269699229,11,4,60,538.4359932169318,after model/data-loader initialization through checkpoint hashing and metric export; perf_counter,NVIDIA GeForce RTX 4090 D,12.1,3.10.21,2.4.1+cu121,0.19.1+cu121,1.26.4,2.3.3,10.4.0,1.7.2,6.0.2,AdamW,0.0001,0.0001,32,4,False,research-lab/experiments/registered-workflow/extensions/jiim_2026_major_revision/runs/jiim_ext_mura_split_03_seed_62_resnet18_A,8e1e683f6765ff3fed2c4e31f59ce770a0d266bcc02c3cd1faa1f77f95437be1,2efbee44588efd367f07ee4b80f19c941b0b61d0e75f264a9aba8499ac01ee15
jiim_ext_mura_split_03_seed_42_resnet50_A,extension,mura,resnet50,split_03,42,A,shared,completed,True,PASS,0,study,2205,0.8046467188665175,12,5,60,597.6211773380637,after model/data-loader initialization through checkpoint hashing and metric export; perf_counter,NVIDIA GeForce RTX 4090 D,12.1,3.10.21,2.4.1+cu121,0.19.1+cu121,1.26.4,2.3.3,10.4.0,1.7.2,6.0.2,AdamW,0.0001,0.0001,32,4,False,research-lab/experiments/registered-workflow/extensions/jiim_2026_major_revision/runs/jiim_ext_mura_split_03_seed_42_resnet50_A,dd8db29d8305f3bd4e24a271fc725e407422541dcba3aef0a69ec9122651cce1,5a568a4ce443b9ddd911b7eddeb8816387c8a7052886075e0aa64b72ac8ac2dc
jiim_ext_mura_split_03_seed_52_resnet50_A,extension,mura,resnet50,split_03,52,A,shared,completed,True,PASS,0,study,2205,0.8092685806611981,11,4,60,554.611601959914,after model/data-loader initialization through checkpoint hashing and metric export; perf_counter,NVIDIA GeForce RTX 4090 D,12.1,3.10.21,2.4.1+cu121,0.19.1+cu121,1.26.4,2.3.3,10.4.0,1.7.2,6.0.2,AdamW,0.0001,0.0001,32,4,False,research-lab/experiments/registered-workflow/extensions/jiim_2026_major_revision/runs/jiim_ext_mura_split_03_seed_52_resnet50_A,a644abdb291e57f0adc5e6547953edad03c06ca629c3e478657cfd101bf7060e,a5e63f55d69a19232d306aafda9fa8f1c16f78d24029f5f3863168b99176570a
jiim_ext_mura_split_03_seed_62_resnet50_A,extension,mura,resnet50,split_03,62,A,shared,completed,True,PASS,0,study,2205,0.8025688230176485,11,4,60,559.6046332493424,after model/data-loader initialization through checkpoint hashing and metric export; perf_counter,NVIDIA GeForce RTX 4090 D,12.1,3.10.21,2.4.1+cu121,0.19.1+cu121,1.26.4,2.3.3,10.4.0,1.7.2,6.0.2,AdamW,0.0001,0.0001,32,4,False,research-lab/experiments/registered-workflow/extensions/jiim_2026_major_revision/runs/jiim_ext_mura_split_03_seed_62_resnet50_A,11609e77eaa189cdaaa2f7d87a6a0efa06f6881cde577dbeabdd4d5559e751b6,0cf149586cdc3781c710dc9ab245b1e1f5087a7de33a03645b443df1c184de75
jiim_ext_mura_split_03_seed_42_densenet121_A,extension,mura,densenet121,split_03,42,A,shared,completed,True,PASS,0,study,2205,0.7883614528958489,14,7,60,689.9858781248331,after model/data-loader initialization through checkpoint hashing and metric export; perf_counter,NVIDIA GeForce RTX 4090 D,12.1,3.10.21,2.4.1+cu121,0.19.1+cu121,1.26.4,2.3.3,10.4.0,1.7.2,6.0.2,AdamW,0.0001,0.0001,32,4,False,research-lab/experiments/registered-workflow/extensions/jiim_2026_major_revision/runs/jiim_ext_mura_split_03_seed_42_densenet121_A,9055d7207a8b7aca40fe7ca87bcc71b0f5f059b7b567548ec77ae78d6d0c2e6d,cf9a6ceb8ef6e79522a92f0f1fe42cabffbed06a60defba9776d1ff2be95e5c0
jiim_ext_mura_split_03_seed_52_densenet121_A,extension,mura,densenet121,split_03,52,A,shared,completed,True,PASS,0,study,2205,0.800665703455133,10,3,60,524.5573945194483,after model/data-loader initialization through checkpoint hashing and metric export; perf_counter,NVIDIA GeForce RTX 4090 D,12.1,3.10.21,2.4.1+cu121,0.19.1+cu121,1.26.4,2.3.3,10.4.0,1.7.2,6.0.2,AdamW,0.0001,0.0001,32,4,False,research-lab/experiments/registered-workflow/extensions/jiim_2026_major_revision/runs/jiim_ext_mura_split_03_seed_52_densenet121_A,1180235f8d16833841cf80b3058208af104f69a6d1ab776cb93654d5468e5521,66aa1c61348cd91e86f1cdc41989d7281ece4fafdd7d02428ea721bb9aea65c2
jiim_ext_mura_split_03_seed_62_densenet121_A,extension,mura,densenet121,split_03,62,A,shared,completed,True,PASS,0,study,2205,0.7922142990305743,11,4,60,540.7745605036616,after model/data-loader initialization through checkpoint hashing and metric export; perf_counter,NVIDIA GeForce RTX 4090 D,12.1,3.10.21,2.4.1+cu121,0.19.1+cu121,1.26.4,2.3.3,10.4.0,1.7.2,6.0.2,AdamW,0.0001,0.0001,32,4,False,research-lab/experiments/registered-workflow/extensions/jiim_2026_major_revision/runs/jiim_ext_mura_split_03_seed_62_densenet121_A,0db925b8d9fc4196ebec3be21b64f9364df15e6c31ffa5cb7f4f3efabe3e0c98,f7fb03ec9e5113222885c4e656227ae5002489c581fc6758b824b58a1970fb4d
jiim_ext_mura_split_03_seed_42_efficientnet_b0_A,extension,mura,efficientnet_b0,split_03,42,A,shared,completed,True,PASS,0,study,2205,0.7735714951528709,33,26,60,1619.1817288510501,after model/data-loader initialization through checkpoint hashing and metric export; perf_counter,NVIDIA GeForce RTX 4090 D,12.1,3.10.21,2.4.1+cu121,0.19.1+cu121,1.26.4,2.3.3,10.4.0,1.7.2,6.0.2,AdamW,0.0001,0.0001,32,4,False,research-lab/experiments/registered-workflow/extensions/jiim_2026_major_revision/runs/jiim_ext_mura_split_03_seed_42_efficientnet_b0_A,5ccb42805fb64cf5459d38806f96c64d8fc9c15078e636344ae52c5dbe422918,a74214c445013ad16819088cc4192939160e1445dab0db1c40db989153fc9ac3
jiim_ext_mura_split_03_seed_52_efficientnet_b0_A,extension,mura,efficientnet_b0,split_03,52,A,shared,completed,True,PASS,0,study,2205,0.7730044432015908,35,28,60,1709.1028517335653,after model/data-loader initialization through checkpoint hashing and metric export; perf_counter,NVIDIA GeForce RTX 4090 D,12.1,3.10.21,2.4.1+cu121,0.19.1+cu121,1.26.4,2.3.3,10.4.0,1.7.2,6.0.2,AdamW,0.0001,0.0001,32,4,False,research-lab/experiments/registered-workflow/extensions/jiim_2026_major_revision/runs/jiim_ext_mura_split_03_seed_52_efficientnet_b0_A,b2293b5638ac000453fa83441b90226f89f2c37242b6a045ee03fb5b7a1a3a7c,e1010ea0d57610977365be8b2aa3912336addb783e7ff99522a6068bc6a10e53
jiim_ext_mura_split_03_seed_62_efficientnet_b0_A,extension,mura,efficientnet_b0,split_03,62,A,shared,completed,True,PASS,0,study,2205,0.7740997079294059,40,33,60,1978.6651726998389,after model/data-loader initialization through checkpoint hashing and metric export; perf_counter,NVIDIA GeForce RTX 4090 D,12.1,3.10.21,2.4.1+cu121,0.19.1+cu121,1.26.4,2.3.3,10.4.0,1.7.2,6.0.2,AdamW,0.0001,0.0001,32,4,False,research-lab/experiments/registered-workflow/extensions/jiim_2026_major_revision/runs/jiim_ext_mura_split_03_seed_62_efficientnet_b0_A,48b4363ce4d63fe6c001a9254c371f870d8b6ac38f76c572f4c7b0e1231ae1fc,d9ce380843fdfb517acb977adf6db2c0ca6f5dae654b14d2a1a987a546f76dda
jiim_ext_mura_split_03_seed_42_swin_t_A,extension,mura,swin_t,split_03,42,A,shared,completed,True,PASS,0,study,2205,0.8070935868754661,16,9,60,790.5207161270082,after model/data-loader initialization through checkpoint hashing and metric export; perf_counter,NVIDIA GeForce RTX 4090 D,12.1,3.10.21,2.4.1+cu121,0.19.1+cu121,1.26.4,2.3.3,10.4.0,1.7.2,6.0.2,AdamW,0.0001,0.0001,32,4,False,research-lab/experiments/registered-workflow/extensions/jiim_2026_major_revision/runs/jiim_ext_mura_split_03_seed_42_swin_t_A,56e092746f3515c9097f2d1a908dcad7d17928359dd2af9b4b4c9edce62d2d1e,c8579206ed8002cec96e4d57cec7fbe44abd2a171a05630518adaa803f87ce4a
jiim_ext_mura_split_03_seed_52_swin_t_A,extension,mura,swin_t,split_03,52,A,shared,completed,True,PASS,0,study,2205,0.8078237633606762,14,7,60,721.2007764093578,after model/data-loader initialization through checkpoint hashing and metric export; perf_counter,NVIDIA GeForce RTX 4090 D,12.1,3.10.21,2.4.1+cu121,0.19.1+cu121,1.26.4,2.3.3,10.4.0,1.7.2,6.0.2,AdamW,0.0001,0.0001,32,4,False,research-lab/experiments/registered-workflow/extensions/jiim_2026_major_revision/runs/jiim_ext_mura_split_03_seed_52_swin_t_A,493b0f3bc0d0c5205406233f6585e3de0f2513300c99e6b0d707666dcb421702,57bb7408b9029ed8b74b784a413e6dc223e81c3de8fa7f0ee2b93cdeedfed8e8
jiim_ext_mura_split_03_seed_62_swin_t_A,extension,mura,swin_t,split_03,62,A,shared,completed,True,PASS,0,study,2205,0.8112998695003728,15,8,60,749.3121495358646,after model/data-loader initialization through checkpoint hashing and metric export; perf_counter,NVIDIA GeForce RTX 4090 D,12.1,3.10.21,2.4.1+cu121,0.19.1+cu121,1.26.4,2.3.3,10.4.0,1.7.2,6.0.2,AdamW,0.0001,0.0001,32,4,False,research-lab/experiments/registered-workflow/extensions/jiim_2026_major_revision/runs/jiim_ext_mura_split_03_seed_62_swin_t_A,3947833457d9b95f06978753d53ff08aed38dc0c7cdaa123c38f32c326944bd1,c0fcc76329626d3a655a9e67a10f15ec88616903d03a6efe1a8cbbff4e8b9d7a
jiim_ext_mura_split_03_seed_42_swin_t_B,extension,mura,swin_t,split_03,42,A,swin_weight_eval,completed,True,PASS,0,study,2205,0.8107056301267711,16,9,60,864.1932500563562,after model/data-loader initialization through checkpoint hashing and metric export; perf_counter,NVIDIA GeForce RTX 4090 D,12.1,3.10.21,2.4.1+cu121,0.19.1+cu121,1.26.4,2.3.3,10.4.0,1.7.2,6.0.2,AdamW,0.0001,0.0001,32,4,False,research-lab/experiments/registered-workflow/extensions/jiim_2026_major_revision/runs/jiim_ext_mura_split_03_seed_42_swin_t_B,ba5b6c84e14385a3be649fb38706b902e07493acda16ef6841a9e905a1be72f6,549caf845c04e296ba14ffeeb121d5ce0eb9dd26c9dd59e6ab292aa317d3baf5
jiim_ext_mura_split_03_seed_52_swin_t_B,extension,mura,swin_t,split_03,52,A,swin_weight_eval,completed,True,PASS,0,study,2205,0.8024251180710913,12,5,60,700.6674848496914,after model/data-loader initialization through checkpoint hashing and metric export; perf_counter,NVIDIA GeForce RTX 4090 D,12.1,3.10.21,2.4.1+cu121,0.19.1+cu121,1.26.4,2.3.3,10.4.0,1.7.2,6.0.2,AdamW,0.0001,0.0001,32,4,False,research-lab/experiments/registered-workflow/extensions/jiim_2026_major_revision/runs/jiim_ext_mura_split_03_seed_52_swin_t_B,cbfe0e9ae2794efa2223c4ff409ed6f92b78b091041d6a26a2c30d125a233868,f48b2b18dcd3eece04bf634cab657defdf5dbf29b00c58dfebd2f4ecb23c45a8
jiim_ext_mura_split_03_seed_62_swin_t_B,extension,mura,swin_t,split_03,62,A,swin_weight_eval,completed,True,PASS,0,study,2205,0.8078392990305743,15,8,60,809.5347751900554,after model/data-loader initialization through checkpoint hashing and metric export; perf_counter,NVIDIA GeForce RTX 4090 D,12.1,3.10.21,2.4.1+cu121,0.19.1+cu121,1.26.4,2.3.3,10.4.0,1.7.2,6.0.2,AdamW,0.0001,0.0001,32,4,False,research-lab/experiments/registered-workflow/extensions/jiim_2026_major_revision/runs/jiim_ext_mura_split_03_seed_62_swin_t_B,443df8516b1e98b66aa95a299c38be2363250a836a417f861d21bd8c3f6754aa,83c6584db0460e5c492ece425604f9029ee5735e3edd168291b1b26ee294eb8d
jiim_ext_mura_split_04_seed_42_resnet18_A,extension,mura,resnet18,split_04,42,A,shared,completed,True,PASS,0,study,2191,0.7628322302762895,10,3,60,530.9809523895383,after model/data-loader initialization through checkpoint hashing and metric export; perf_counter,NVIDIA GeForce RTX 4090 D,12.1,3.10.21,2.4.1+cu121,0.19.1+cu121,1.26.4,2.3.3,10.4.0,1.7.2,6.0.2,AdamW,0.0001,0.0001,32,4,False,research-lab/experiments/registered-workflow/extensions/jiim_2026_major_revision/runs/jiim_ext_mura_split_04_seed_42_resnet18_A,9377a08784282d4eaaf65ea04b18872eeaa7b8db702b5c0e758870d3537e8c08,5b5d81a06c1b7b4e06e5693a6cd061240bb0df32769959897affd4157c1858a8
jiim_ext_mura_split_04_seed_52_resnet18_A,extension,mura,resnet18,split_04,52,A,shared,completed,True,PASS,0,study,2191,0.788821479847323,10,3,60,511.36912793666124,after model/data-loader initialization through checkpoint hashing and metric export; perf_counter,NVIDIA GeForce RTX 4090 D,12.1,3.10.21,2.4.1+cu121,0.19.1+cu121,1.26.4,2.3.3,10.4.0,1.7.2,6.0.2,AdamW,0.0001,0.0001,32,4,False,research-lab/experiments/registered-workflow/extensions/jiim_2026_major_revision/runs/jiim_ext_mura_split_04_seed_52_resnet18_A,3292d8fa8f67ce52fdc07be4dbdd60acc2daa5ca7f3e866f934462909811ee30,a9388b761e5ea487ecc29c98b47adf9bc81dec3b16f62e0b1a5f69e006f30022
jiim_ext_mura_split_04_seed_62_resnet18_A,extension,mura,resnet18,split_04,62,A,shared,completed,True,PASS,0,study,2191,0.7626453233883111,11,4,60,575.9620932266116,after model/data-loader initialization through checkpoint hashing and metric export; perf_counter,NVIDIA GeForce RTX 4090 D,12.1,3.10.21,2.4.1+cu121,0.19.1+cu121,1.26.4,2.3.3,10.4.0,1.7.2,6.0.2,AdamW,0.0001,0.0001,32,4,False,research-lab/experiments/registered-workflow/extensions/jiim_2026_major_revision/runs/jiim_ext_mura_split_04_seed_62_resnet18_A,cf2ddca8bf9b8aed38d746b1439546e8da5408c238ecd0fc2b44d3d0125d6777,b3c3860e36409238e61a1c983afbf40f036bd60a0fbe273954ffa32233b27c03
jiim_ext_mura_split_04_seed_42_resnet50_A,extension,mura,resnet50,split_04,42,A,shared,completed,True,PASS,0,study,2191,0.7703404594320131,10,3,60,497.9706582464278,after model/data-loader initialization through checkpoint hashing and metric export; perf_counter,NVIDIA GeForce RTX 4090 D,12.1,3.10.21,2.4.1+cu121,0.19.1+cu121,1.26.4,2.3.3,10.4.0,1.7.2,6.0.2,AdamW,0.0001,0.0001,32,4,False,research-lab/experiments/registered-workflow/extensions/jiim_2026_major_revision/runs/jiim_ext_mura_split_04_seed_42_resnet50_A,3ac12bcac2b74a0ab412127df033887c0ca19924ad90599cdeda94c322aee19b,ee40f54f093c2833274f09d5ac2593eb653fce49c014abdb958bf1584dc100d2
jiim_ext_mura_split_04_seed_52_resnet50_A,extension,mura,resnet50,split_04,52,A,shared,completed,True,PASS,0,study,2191,0.773779633715026,11,4,60,593.9455691799521,after model/data-loader initialization through checkpoint hashing and metric export; perf_counter,NVIDIA GeForce RTX 4090 D,12.1,3.10.21,2.4.1+cu121,0.19.1+cu121,1.26.4,2.3.3,10.4.0,1.7.2,6.0.2,AdamW,0.0001,0.0001,32,4,False,research-lab/experiments/registered-workflow/extensions/jiim_2026_major_revision/runs/jiim_ext_mura_split_04_seed_52_resnet50_A,6b1e139bc2eeb9d9b8ecc396eeff72b7947700a42c9b2647ac5a366f72df1158,dfbf7aafb96edd4728f08999606cad50bf61825d04064e390e0651fbab91f3b3
jiim_ext_mura_split_04_seed_62_resnet50_A,extension,mura,resnet50,split_04,62,A,shared,completed,True,PASS,0,study,2191,0.7650777392583255,10,3,60,579.7193645462394,after model/data-loader initialization through checkpoint hashing and metric export; perf_counter,NVIDIA GeForce RTX 4090 D,12.1,3.10.21,2.4.1+cu121,0.19.1+cu121,1.26.4,2.3.3,10.4.0,1.7.2,6.0.2,AdamW,0.0001,0.0001,32,4,False,research-lab/experiments/registered-workflow/extensions/jiim_2026_major_revision/runs/jiim_ext_mura_split_04_seed_62_resnet50_A,7563c647f8fd84b539b8be51f65ce73400fcc3ed2cd5ff8be793f4a69bc2b7ac,c390b89fe36c0d1639be162f9882f936d7fb53ca3117cc2a01f6d2aa9944b9c0
jiim_ext_mura_split_04_seed_42_densenet121_A,extension,mura,densenet121,split_04,42,A,shared,completed,True,PASS,0,study,2191,0.7659435514935042,12,5,60,651.1505875103176,after model/data-loader initialization through checkpoint hashing and metric export; perf_counter,NVIDIA GeForce RTX 4090 D,12.1,3.10.21,2.4.1+cu121,0.19.1+cu121,1.26.4,2.3.3,10.4.0,1.7.2,6.0.2,AdamW,0.0001,0.0001,32,4,False,research-lab/experiments/registered-workflow/extensions/jiim_2026_major_revision/runs/jiim_ext_mura_split_04_seed_42_densenet121_A,d5b085cab2b4028ad008fde58e81a07351188818bf8f3bc2c19c4af58b048d9f,95574a679b1a62569b15e7f259dc3fb62e2272f12bad57f7e32a591d2b0570d4
jiim_ext_mura_split_04_seed_52_densenet121_A,extension,mura,densenet121,split_04,52,A,shared,completed,True,PASS,0,study,2191,0.786178082431628,12,5,60,598.7324856221676,after model/data-loader initialization through checkpoint hashing and metric export; perf_counter,NVIDIA GeForce RTX 4090 D,12.1,3.10.21,2.4.1+cu121,0.19.1+cu121,1.26.4,2.3.3,10.4.0,1.7.2,6.0.2,AdamW,0.0001,0.0001,32,4,False,research-lab/experiments/registered-workflow/extensions/jiim_2026_major_revision/runs/jiim_ext_mura_split_04_seed_52_densenet121_A,70e634a19a585d56f7af0bb04578dc888f571dd8eb81583291775562c6ee7a4a,2fed278627cafaa220fff21a0803ad12a71144815a63540d8b3998ae77573ad7
jiim_ext_mura_split_04_seed_62_densenet121_A,extension,mura,densenet121,split_04,62,A,shared,completed,True,PASS,0,study,2191,0.7804233637987184,12,5,60,616.8495728708804,after model/data-loader initialization through checkpoint hashing and metric export; perf_counter,NVIDIA GeForce RTX 4090 D,12.1,3.10.21,2.4.1+cu121,0.19.1+cu121,1.26.4,2.3.3,10.4.0,1.7.2,6.0.2,AdamW,0.0001,0.0001,32,4,False,research-lab/experiments/registered-workflow/extensions/jiim_2026_major_revision/runs/jiim_ext_mura_split_04_seed_62_densenet121_A,730ad815affc097a5051ddcde75422ebb0150ccbd7979e9fafef5cf66c442e53,97f5416dfb9f213e72185cdb12d1b9a57064fb34ed47218ecf4aa79d4d5e07e1
jiim_ext_mura_split_04_seed_42_efficientnet_b0_A,extension,mura,efficientnet_b0,split_04,42,A,shared,completed,True,PASS,0,study,2191,0.7560961410512308,34,27,60,1731.7006271146238,after model/data-loader initialization through checkpoint hashing and metric export; perf_counter,NVIDIA GeForce RTX 4090 D,12.1,3.10.21,2.4.1+cu121,0.19.1+cu121,1.26.4,2.3.3,10.4.0,1.7.2,6.0.2,AdamW,0.0001,0.0001,32,4,False,research-lab/experiments/registered-workflow/extensions/jiim_2026_major_revision/runs/jiim_ext_mura_split_04_seed_42_efficientnet_b0_A,31fe4796a4188dba078918d2bec8eefdf4547904f725c815d87344eda1100246,ada35f3675762dd9e1b25da72ed44d6422a978ba5367cf4515020bba8d905bb1
jiim_ext_mura_split_04_seed_52_efficientnet_b0_A,extension,mura,efficientnet_b0,split_04,52,A,shared,completed,True,PASS,0,study,2191,0.7640026963616626,33,26,60,1627.2896014489233,after model/data-loader initialization through checkpoint hashing and metric export; perf_counter,NVIDIA GeForce RTX 4090 D,12.1,3.10.21,2.4.1+cu121,0.19.1+cu121,1.26.4,2.3.3,10.4.0,1.7.2,6.0.2,AdamW,0.0001,0.0001,32,4,False,research-lab/experiments/registered-workflow/extensions/jiim_2026_major_revision/runs/jiim_ext_mura_split_04_seed_52_efficientnet_b0_A,f9ae27e36534753d64153c62a26b11b102a53c0fe8cf9dd493f96152cd5506c3,f8d8bcba5b6cfa87b6bed61cf0e8e0afc47bd12a5498d86a1d2a2d00279cb024
jiim_ext_mura_split_04_seed_62_efficientnet_b0_A,extension,mura,efficientnet_b0,split_04,62,A,shared,completed,True,PASS,0,study,2191,0.7561902510767937,36,29,60,1815.6333441920578,after model/data-loader initialization through checkpoint hashing and metric export; perf_counter,NVIDIA GeForce RTX 4090 D,12.1,3.10.21,2.4.1+cu121,0.19.1+cu121,1.26.4,2.3.3,10.4.0,1.7.2,6.0.2,AdamW,0.0001,0.0001,32,4,False,research-lab/experiments/registered-workflow/extensions/jiim_2026_major_revision/runs/jiim_ext_mura_split_04_seed_62_efficientnet_b0_A,38baa740830c6e1477aa446194de9bb8e6425cea1bee01f84c0012330a8561e8,c56cdddd07fde0ba6c7cd478ec36c4cbb9231494c0dd32c1834cf568b69e06f3
jiim_ext_mura_split_04_seed_42_swin_t_A,extension,mura,swin_t,split_04,42,A,shared,completed,True,PASS,0,study,2191,0.8049611303708373,13,6,60,703.5322322100401,after model/data-loader initialization through checkpoint hashing and metric export; perf_counter,NVIDIA GeForce RTX 4090 D,12.1,3.10.21,2.4.1+cu121,0.19.1+cu121,1.26.4,2.3.3,10.4.0,1.7.2,6.0.2,AdamW,0.0001,0.0001,32,4,False,research-lab/experiments/registered-workflow/extensions/jiim_2026_major_revision/runs/jiim_ext_mura_split_04_seed_42_swin_t_A,4748cbf0305ee8f221444ccca75617fbbdeba5e9b83365bdb14a28d297826c44,63455d74c368d928dffc5fd439c8e40e2bad668d6031906caeda1f85daee1dee
jiim_ext_mura_split_04_seed_52_swin_t_A,extension,mura,swin_t,split_04,52,A,shared,completed,True,PASS,0,study,2191,0.7899897573274504,15,8,60,841.8017944693565,after model/data-loader initialization through checkpoint hashing and metric export; perf_counter,NVIDIA GeForce RTX 4090 D,12.1,3.10.21,2.4.1+cu121,0.19.1+cu121,1.26.4,2.3.3,10.4.0,1.7.2,6.0.2,AdamW,0.0001,0.0001,32,4,False,research-lab/experiments/registered-workflow/extensions/jiim_2026_major_revision/runs/jiim_ext_mura_split_04_seed_52_swin_t_A,50a92e60d7c3e82bbf9e979755d7376d4d51d847f5e6a0dd3351e61e27bbc456,ea446cb23365428e0b90d833846860096cab34eb40bbbb3c58d7c99d113589f9
jiim_ext_mura_split_04_seed_62_swin_t_A,extension,mura,swin_t,split_04,62,A,shared,completed,True,PASS,0,study,2191,0.7947149560528066,16,9,60,904.1211316846311,after model/data-loader initialization through checkpoint hashing and metric export; perf_counter,NVIDIA GeForce RTX 4090 D,12.1,3.10.21,2.4.1+cu121,0.19.1+cu121,1.26.4,2.3.3,10.4.0,1.7.2,6.0.2,AdamW,0.0001,0.0001,32,4,False,research-lab/experiments/registered-workflow/extensions/jiim_2026_major_revision/runs/jiim_ext_mura_split_04_seed_62_swin_t_A,c5c500a6179c99915733d2c02c855eb50d6d1b8354ed413be68347df3fa0afc8,4b58d259b56e1572d9dd62d5f0a47ab32636540a271ff035c8b4e8b3aa849790
jiim_ext_mura_split_04_seed_42_swin_t_B,extension,mura,swin_t,split_04,42,A,swin_weight_eval,completed,True,PASS,0,study,2191,0.8060134117729454,13,6,60,704.9258108213544,after model/data-loader initialization through checkpoint hashing and metric export; perf_counter,NVIDIA GeForce RTX 4090 D,12.1,3.10.21,2.4.1+cu121,0.19.1+cu121,1.26.4,2.3.3,10.4.0,1.7.2,6.0.2,AdamW,0.0001,0.0001,32,4,False,research-lab/experiments/registered-workflow/extensions/jiim_2026_major_revision/runs/jiim_ext_mura_split_04_seed_42_swin_t_B,bb1381c634a0ab93d14ec2f34496dcc26dadfe7b69b797bb247af757015ddddb,e2a8db9df6e3abb6e30cb9fc5ed9e924fb388df7d01f4da86cb851660313dbdd
jiim_ext_mura_split_04_seed_52_swin_t_B,extension,mura,swin_t,split_04,52,A,swin_weight_eval,completed,True,PASS,0,study,2191,0.803183107469272,16,9,60,895.6094838902354,after model/data-loader initialization through checkpoint hashing and metric export; perf_counter,NVIDIA GeForce RTX 4090 D,12.1,3.10.21,2.4.1+cu121,0.19.1+cu121,1.26.4,2.3.3,10.4.0,1.7.2,6.0.2,AdamW,0.0001,0.0001,32,4,False,research-lab/experiments/registered-workflow/extensions/jiim_2026_major_revision/runs/jiim_ext_mura_split_04_seed_52_swin_t_B,73337c076d9c65e3e25fad14a06c7cd87238c7c8ed3ed068b173371512a3f011,ef7158cbf83e9a5d22b6fa1889e73fe1b852878a433fe99d2e4e851dd0470df6
jiim_ext_mura_split_04_seed_62_swin_t_B,extension,mura,swin_t,split_04,62,A,swin_weight_eval,completed,True,PASS,0,study,2191,0.8074867808243162,16,9,60,912.8292344547808,after model/data-loader initialization through checkpoint hashing and metric export; perf_counter,NVIDIA GeForce RTX 4090 D,12.1,3.10.21,2.4.1+cu121,0.19.1+cu121,1.26.4,2.3.3,10.4.0,1.7.2,6.0.2,AdamW,0.0001,0.0001,32,4,False,research-lab/experiments/registered-workflow/extensions/jiim_2026_major_revision/runs/jiim_ext_mura_split_04_seed_62_swin_t_B,0adce73e1fe9880d06f473db5ddef126136cf972ca63fdf49d121e6905776213,e89e7a8db28ee3aa3a34a96af76ec0acd3625a4062a8e34a63e294e14d5143b6
jiim_ext_mura_split_05_seed_42_resnet18_A,extension,mura,resnet18,split_05,42,A,shared,completed,True,PASS,0,study,2199,0.7872830394732953,11,4,60,636.5360969752073,after model/data-loader initialization through checkpoint hashing and metric export; perf_counter,NVIDIA GeForce RTX 4090 D,12.1,3.10.21,2.4.1+cu121,0.19.1+cu121,1.26.4,2.3.3,10.4.0,1.7.2,6.0.2,AdamW,0.0001,0.0001,32,4,False,research-lab/experiments/registered-workflow/extensions/jiim_2026_major_revision/runs/jiim_ext_mura_split_05_seed_42_resnet18_A,147bb4ab17ca78908324e3d3fe34fa8fc73a0451636a012b2f4fc4871d08ac12,1fdf3731af4f6bcebcdc94aa069b9478ac96e5e47576b19807ca942978c7eac3
jiim_ext_mura_split_05_seed_52_resnet18_A,extension,mura,resnet18,split_05,52,A,shared,completed,True,PASS,0,study,2199,0.7607278187695963,11,4,60,673.990610934794,after model/data-loader initialization through checkpoint hashing and metric export; perf_counter,NVIDIA GeForce RTX 4090 D,12.1,3.10.21,2.4.1+cu121,0.19.1+cu121,1.26.4,2.3.3,10.4.0,1.7.2,6.0.2,AdamW,0.0001,0.0001,32,4,False,research-lab/experiments/registered-workflow/extensions/jiim_2026_major_revision/runs/jiim_ext_mura_split_05_seed_52_resnet18_A,a3908ebae0b2e325d01500a198e52c40e65765c745ef41ae0d236502c1b5d6c2,b37a7fffb8bd4b4657556b2ddabea0490686e691bc24d82c44b5ba48982d06dd
jiim_ext_mura_split_05_seed_62_resnet18_A,extension,mura,resnet18,split_05,62,A,shared,completed,True,PASS,0,study,2199,0.7844989192187769,12,5,60,716.7446725331247,after model/data-loader initialization through checkpoint hashing and metric export; perf_counter,NVIDIA GeForce RTX 4090 D,12.1,3.10.21,2.4.1+cu121,0.19.1+cu121,1.26.4,2.3.3,10.4.0,1.7.2,6.0.2,AdamW,0.0001,0.0001,32,4,False,research-lab/experiments/registered-workflow/extensions/jiim_2026_major_revision/runs/jiim_ext_mura_split_05_seed_62_resnet18_A,7f73b4d0c37332140046c2a42b6d833ba0d836e996e2356b042da8f3b7cc21ed,1163b4610deaa6aa89359972001e5b28c14b5390eb64f266b49477604a4398e0
jiim_ext_mura_split_05_seed_42_resnet50_A,extension,mura,resnet50,split_05,42,A,shared,completed,True,PASS,0,study,2199,0.7929004064015637,12,5,60,687.216365788132,after model/data-loader initialization through checkpoint hashing and metric export; perf_counter,NVIDIA GeForce RTX 4090 D,12.1,3.10.21,2.4.1+cu121,0.19.1+cu121,1.26.4,2.3.3,10.4.0,1.7.2,6.0.2,AdamW,0.0001,0.0001,32,4,False,research-lab/experiments/registered-workflow/extensions/jiim_2026_major_revision/runs/jiim_ext_mura_split_05_seed_42_resnet50_A,79432632c9db0a220fb9219bfa15b9afcb51f2c0b6490ec1bf1860ffd44a8938,b17632c9883c4db65d0f64fcf343e80563a2e84f370a7cee5687b08835e44568
jiim_ext_mura_split_05_seed_52_resnet50_A,extension,mura,resnet50,split_05,52,A,shared,completed,True,PASS,0,study,2199,0.7994450888362168,11,4,60,640.1566381342709,after model/data-loader initialization through checkpoint hashing and metric export; perf_counter,NVIDIA GeForce RTX 4090 D,12.1,3.10.21,2.4.1+cu121,0.19.1+cu121,1.26.4,2.3.3,10.4.0,1.7.2,6.0.2,AdamW,0.0001,0.0001,32,4,False,research-lab/experiments/registered-workflow/extensions/jiim_2026_major_revision/runs/jiim_ext_mura_split_05_seed_52_resnet50_A,ebf13c5aa77d3f1580cc32221e59a117712eeb270e45602661abdeab6f3de17c,deb5befcf51de900ef88cbbf817daa2e5ae2689afcd1ee2ab3504245d6597c2c
jiim_ext_mura_split_05_seed_62_resnet50_A,extension,mura,resnet50,split_05,62,A,shared,completed,True,PASS,0,study,2199,0.814816875837975,12,5,60,627.2127436287701,after model/data-loader initialization through checkpoint hashing and metric export; perf_counter,NVIDIA GeForce RTX 4090 D,12.1,3.10.21,2.4.1+cu121,0.19.1+cu121,1.26.4,2.3.3,10.4.0,1.7.2,6.0.2,AdamW,0.0001,0.0001,32,4,False,research-lab/experiments/registered-workflow/extensions/jiim_2026_major_revision/runs/jiim_ext_mura_split_05_seed_62_resnet50_A,dfbcb423288ca3695d9408487328a8dbc13d03e3f08a9e95176a45f2c495442f,2d73c9fb5be916d054123188564b828f64f1399976542941d2f32c5b0aeead3a
jiim_ext_mura_split_05_seed_42_densenet121_A,extension,mura,densenet121,split_05,42,A,shared,completed,True,PASS,0,study,2199,0.7872626063608714,14,7,60,826.1754358448088,after model/data-loader initialization through checkpoint hashing and metric export; perf_counter,NVIDIA GeForce RTX 4090 D,12.1,3.10.21,2.4.1+cu121,0.19.1+cu121,1.26.4,2.3.3,10.4.0,1.7.2,6.0.2,AdamW,0.0001,0.0001,32,4,False,research-lab/experiments/registered-workflow/extensions/jiim_2026_major_revision/runs/jiim_ext_mura_split_05_seed_42_densenet121_A,fd436e23d6c48c1a970198d3246c02aa177ae0a8969d54339905037ebd80f44d,62f8a4191bbeea3376fd9482b0282ffa8eb9378f58dcdf327a959a5c5be64d7a
jiim_ext_mura_split_05_seed_52_densenet121_A,extension,mura,densenet121,split_05,52,A,shared,completed,True,PASS,0,study,2199,0.7895124224628596,15,8,60,906.3396933339536,after model/data-loader initialization through checkpoint hashing and metric export; perf_counter,NVIDIA GeForce RTX 4090 D,12.1,3.10.21,2.4.1+cu121,0.19.1+cu121,1.26.4,2.3.3,10.4.0,1.7.2,6.0.2,AdamW,0.0001,0.0001,32,4,False,research-lab/experiments/registered-workflow/extensions/jiim_2026_major_revision/runs/jiim_ext_mura_split_05_seed_52_densenet121_A,ccc565104911e2335006df4301225d6be4ad27e17f34fe30980284d6e7dd59fe,22383b5bd5944750a0b2211f07191eba37f04448f39580128496beb2446ea45c
jiim_ext_mura_split_05_seed_62_densenet121_A,extension,mura,densenet121,split_05,62,A,shared,completed,True,PASS,0,study,2199,0.7860753121049235,11,4,60,652.3760983161628,after model/data-loader initialization through checkpoint hashing and metric export; perf_counter,NVIDIA GeForce RTX 4090 D,12.1,3.10.21,2.4.1+cu121,0.19.1+cu121,1.26.4,2.3.3,10.4.0,1.7.2,6.0.2,AdamW,0.0001,0.0001,32,4,False,research-lab/experiments/registered-workflow/extensions/jiim_2026_major_revision/runs/jiim_ext_mura_split_05_seed_62_densenet121_A,f84a7dd98b1a3cdc85a9bd28ab44575f835c641963d9797681ae501a4c6be61d,3b97c3f91d40b2a7f92d1f5774e08d29752921ef539078b6f928e7644e475c04
jiim_ext_mura_split_05_seed_42_efficientnet_b0_A,extension,mura,efficientnet_b0,split_05,42,A,shared,completed,True,PASS,0,study,2199,0.7755653016188242,40,33,60,2194.655548505485,after model/data-loader initialization through checkpoint hashing and metric export; perf_counter,NVIDIA GeForce RTX 4090 D,12.1,3.10.21,2.4.1+cu121,0.19.1+cu121,1.26.4,2.3.3,10.4.0,1.7.2,6.0.2,AdamW,0.0001,0.0001,32,4,False,research-lab/experiments/registered-workflow/extensions/jiim_2026_major_revision/runs/jiim_ext_mura_split_05_seed_42_efficientnet_b0_A,f62ed9070b37032d0f60ba58d292aaf2f9a57c313371498fa69b4039d1814dfd,4ee6e263031176e1b55bde3f8a8bf83349b733c928181c355cd34c3ba2679654
jiim_ext_mura_split_05_seed_52_efficientnet_b0_A,extension,mura,efficientnet_b0,split_05,52,A,shared,completed,True,PASS,0,study,2199,0.779354557105767,34,27,60,1947.0260238721967,after model/data-loader initialization through checkpoint hashing and metric export; perf_counter,NVIDIA GeForce RTX 4090 D,12.1,3.10.21,2.4.1+cu121,0.19.1+cu121,1.26.4,2.3.3,10.4.0,1.7.2,6.0.2,AdamW,0.0001,0.0001,32,4,False,research-lab/experiments/registered-workflow/extensions/jiim_2026_major_revision/runs/jiim_ext_mura_split_05_seed_52_efficientnet_b0_A,0cbe8130f1fecec9e47ed6b47b22f747671b38b0782ab707bb7b0958231d7520,5179f1d472388ea43a23ca18ecd12807e691e7857489d223a4b5a149534fb67f
jiim_ext_mura_split_05_seed_62_efficientnet_b0_A,extension,mura,efficientnet_b0,split_05,62,A,shared,completed,True,PASS,0,study,2199,0.780521418249291,32,25,60,1814.035551302135,after model/data-loader initialization through checkpoint hashing and metric export; perf_counter,NVIDIA GeForce RTX 4090 D,12.1,3.10.21,2.4.1+cu121,0.19.1+cu121,1.26.4,2.3.3,10.4.0,1.7.2,6.0.2,AdamW,0.0001,0.0001,32,4,False,research-lab/experiments/registered-workflow/extensions/jiim_2026_major_revision/runs/jiim_ext_mura_split_05_seed_62_efficientnet_b0_A,0a9bcd1026b72764a27bdf90bae9c59dc4f232c7b9e2c161836dcb99588ece25,760d083e0e750c05b72afc748301791365895f6c93db5fd2835a5937735ad930
jiim_ext_mura_split_05_seed_42_swin_t_A,extension,mura,swin_t,split_05,42,A,shared,completed,True,PASS,0,study,2199,0.8158793976840153,13,6,60,735.4643725268543,after model/data-loader initialization through checkpoint hashing and metric export; perf_counter,NVIDIA GeForce RTX 4090 D,12.1,3.10.21,2.4.1+cu121,0.19.1+cu121,1.26.4,2.3.3,10.4.0,1.7.2,6.0.2,AdamW,0.0001,0.0001,32,4,False,research-lab/experiments/registered-workflow/extensions/jiim_2026_major_revision/runs/jiim_ext_mura_split_05_seed_42_swin_t_A,7ea377d8ffe5ce30a103c14a881505eee597289d41b48c5ce354632ee9560928,726226ee978053806904d66c61d3cb8edf87a6ab677b171addc5ed858945472f
jiim_ext_mura_split_05_seed_52_swin_t_A,extension,mura,swin_t,split_05,52,A,shared,completed,True,PASS,0,study,2199,0.8098342396360645,13,6,60,674.5139162093401,after model/data-loader initialization through checkpoint hashing and metric export; perf_counter,NVIDIA GeForce RTX 4090 D,12.1,3.10.21,2.4.1+cu121,0.19.1+cu121,1.26.4,2.3.3,10.4.0,1.7.2,6.0.2,AdamW,0.0001,0.0001,32,4,False,research-lab/experiments/registered-workflow/extensions/jiim_2026_major_revision/runs/jiim_ext_mura_split_05_seed_52_swin_t_A,a80bbca00b7bc294a1c48bbd44e0cc3c5de14c5b0a89f5b734a02fdb285cde94,2f67ba3462b138b141b50b9d1df4470a8e7913797b90ea4f081cc5b8f9247161
jiim_ext_mura_split_05_seed_62_swin_t_A,extension,mura,swin_t,split_05,62,A,shared,completed,True,PASS,0,study,2199,0.8035291028385505,12,5,60,596.4698043614626,after model/data-loader initialization through checkpoint hashing and metric export; perf_counter,NVIDIA GeForce RTX 4090 D,12.1,3.10.21,2.4.1+cu121,0.19.1+cu121,1.26.4,2.3.3,10.4.0,1.7.2,6.0.2,AdamW,0.0001,0.0001,32,4,False,research-lab/experiments/registered-workflow/extensions/jiim_2026_major_revision/runs/jiim_ext_mura_split_05_seed_62_swin_t_A,01696024f814c2d4a24f86627bdf962277d73e8a940107e32966c7a61c41795e,51d9637f8c90d241fa61164842e528d3ff57b4056e9c6e73f81d8167bafe2cf8
jiim_ext_mura_split_05_seed_42_swin_t_B,extension,mura,swin_t,split_05,42,A,swin_weight_eval,completed,True,PASS,0,study,2199,0.806284529786261,13,6,60,691.3947198539972,after model/data-loader initialization through checkpoint hashing and metric export; perf_counter,NVIDIA GeForce RTX 4090 D,12.1,3.10.21,2.4.1+cu121,0.19.1+cu121,1.26.4,2.3.3,10.4.0,1.7.2,6.0.2,AdamW,0.0001,0.0001,32,4,False,research-lab/experiments/registered-workflow/extensions/jiim_2026_major_revision/runs/jiim_ext_mura_split_05_seed_42_swin_t_B,bf9ebf0654bac5f3cdcddd99974aaf3407ce209edb66141e32731015ed19ea53,452f20e5625272407a8a1f943fba949abc31ffc2c8c1edbe34dd210a1c4b197d
jiim_ext_mura_split_05_seed_52_swin_t_B,extension,mura,swin_t,split_05,52,A,swin_weight_eval,completed,True,PASS,0,study,2199,0.8027982930090931,13,6,60,719.48211087659,after model/data-loader initialization through checkpoint hashing and metric export; perf_counter,NVIDIA GeForce RTX 4090 D,12.1,3.10.21,2.4.1+cu121,0.19.1+cu121,1.26.4,2.3.3,10.4.0,1.7.2,6.0.2,AdamW,0.0001,0.0001,32,4,False,research-lab/experiments/registered-workflow/extensions/jiim_2026_major_revision/runs/jiim_ext_mura_split_05_seed_52_swin_t_B,9663f192f3bb7b4551e05f4f9209e314bd5a516ea0bfb289fcc09925b0a37dc5,757c3b886c5a6a0464c4a3c834c52aa302050c1739028af229dcf9a19cc70785
jiim_ext_mura_split_05_seed_62_swin_t_B,extension,mura,swin_t,split_05,62,A,swin_weight_eval,completed,True,PASS,0,study,2199,0.7971748396218048,12,5,60,659.4185142405331,after model/data-loader initialization through checkpoint hashing and metric export; perf_counter,NVIDIA GeForce RTX 4090 D,12.1,3.10.21,2.4.1+cu121,0.19.1+cu121,1.26.4,2.3.3,10.4.0,1.7.2,6.0.2,AdamW,0.0001,0.0001,32,4,False,research-lab/experiments/registered-workflow/extensions/jiim_2026_major_revision/runs/jiim_ext_mura_split_05_seed_62_swin_t_B,5a5b1a3dd08ee471fd6b7240ed6c4e269e0df3553b70cc1b49e116efa6480c65,1a8d5766f498fd27c351bd9c88b1c7d4c8366a673c535edcfbf694b35c9d6de3
jiim_ext_mura_split_06_seed_42_resnet18_A,extension,mura,resnet18,split_06,42,A,shared,completed,True,PASS,0,study,2194,0.7640877989532227,10,3,60,533.9471865147352,after model/data-loader initialization through checkpoint hashing and metric export; perf_counter,NVIDIA GeForce RTX 4090 D,12.1,3.10.21,2.4.1+cu121,0.19.1+cu121,1.26.4,2.3.3,10.4.0,1.7.2,6.0.2,AdamW,0.0001,0.0001,32,4,False,research-lab/experiments/registered-workflow/extensions/jiim_2026_major_revision/runs/jiim_ext_mura_split_06_seed_42_resnet18_A,d0711a6df461a5511ecdc68b8f12563e404ef59616ddf4032dfaa0e95b7eae70,c828ebc54315bea2773d045128f6c20563b450e18c5c8e67bc29575e0c288335
jiim_ext_mura_split_06_seed_52_resnet18_A,extension,mura,resnet18,split_06,52,A,shared,completed,True,PASS,0,study,2194,0.7682634944450398,9,2,60,457.36211832612753,after model/data-loader initialization through checkpoint hashing and metric export; perf_counter,NVIDIA GeForce RTX 4090 D,12.1,3.10.21,2.4.1+cu121,0.19.1+cu121,1.26.4,2.3.3,10.4.0,1.7.2,6.0.2,AdamW,0.0001,0.0001,32,4,False,research-lab/experiments/registered-workflow/extensions/jiim_2026_major_revision/runs/jiim_ext_mura_split_06_seed_52_resnet18_A,1b13509ae47228c7196c11ea52ebadc3c047c732749e113bfffc99f8f76153c4,d635de834cadb5c51ff5953717b8e9f2855c43570b255cd64c27a6d1056ba2b2
jiim_ext_mura_split_06_seed_62_resnet18_A,extension,mura,resnet18,split_06,62,A,shared,completed,True,PASS,0,study,2194,0.7815094017406791,11,4,60,602.4245754145086,after model/data-loader initialization through checkpoint hashing and metric export; perf_counter,NVIDIA GeForce RTX 4090 D,12.1,3.10.21,2.4.1+cu121,0.19.1+cu121,1.26.4,2.3.3,10.4.0,1.7.2,6.0.2,AdamW,0.0001,0.0001,32,4,False,research-lab/experiments/registered-workflow/extensions/jiim_2026_major_revision/runs/jiim_ext_mura_split_06_seed_62_resnet18_A,66946a80879ee7f59209f646b7f9ba50798c1e4f2bf76b63e806a389520b7ef9,6ab2fbfa962d8ef14b5e76c16e1008ef1014c9c52cb53aab7d4f8347c1fbdbae
jiim_ext_mura_split_06_seed_42_resnet50_A,extension,mura,resnet50,split_06,42,A,shared,completed,True,PASS,0,study,2194,0.7628087335422706,11,4,60,558.1421670801938,after model/data-loader initialization through checkpoint hashing and metric export; perf_counter,NVIDIA GeForce RTX 4090 D,12.1,3.10.21,2.4.1+cu121,0.19.1+cu121,1.26.4,2.3.3,10.4.0,1.7.2,6.0.2,AdamW,0.0001,0.0001,32,4,False,research-lab/experiments/registered-workflow/extensions/jiim_2026_major_revision/runs/jiim_ext_mura_split_06_seed_42_resnet50_A,714ba68f1ddff1d3d87fff6381d5b387e34260c8b0c86a816f3e51a2d9f1e97f,e837423740c2330056546de909683c32a459d9d7a96e5e7a717e2795e6267ee6
jiim_ext_mura_split_06_seed_52_resnet50_A,extension,mura,resnet50,split_06,52,A,shared,completed,True,PASS,0,study,2194,0.7905952969078507,12,5,60,607.4918315000832,after model/data-loader initialization through checkpoint hashing and metric export; perf_counter,NVIDIA GeForce RTX 4090 D,12.1,3.10.21,2.4.1+cu121,0.19.1+cu121,1.26.4,2.3.3,10.4.0,1.7.2,6.0.2,AdamW,0.0001,0.0001,32,4,False,research-lab/experiments/registered-workflow/extensions/jiim_2026_major_revision/runs/jiim_ext_mura_split_06_seed_52_resnet50_A,0cceaa24bbdb2bc27f5df29c0bb3171085955d253e4de45ae5499d87578cc9e1,392294ace5109734fadcb2e9d3d490fa5c9224d37d5565596773e83c02b6c182
jiim_ext_mura_split_06_seed_62_resnet50_A,extension,mura,resnet50,split_06,62,A,shared,completed,True,PASS,0,study,2194,0.7877661924191849,11,4,60,599.7619722262025,after model/data-loader initialization through checkpoint hashing and metric export; perf_counter,NVIDIA GeForce RTX 4090 D,12.1,3.10.21,2.4.1+cu121,0.19.1+cu121,1.26.4,2.3.3,10.4.0,1.7.2,6.0.2,AdamW,0.0001,0.0001,32,4,False,research-lab/experiments/registered-workflow/extensions/jiim_2026_major_revision/runs/jiim_ext_mura_split_06_seed_62_resnet50_A,d131d8a0f98926dca483f1f87377a69c02ce1897cc68cf6571d58753fae0aae1,51dea02f151185bfcf1c4048114c28941c147542998f661f52bab7c5d8197a7b
jiim_ext_mura_split_06_seed_42_densenet121_A,extension,mura,densenet121,split_06,42,A,shared,completed,True,PASS,0,study,2194,0.772509329422948,14,7,60,798.4430897086859,after model/data-loader initialization through checkpoint hashing and metric export; perf_counter,NVIDIA GeForce RTX 4090 D,12.1,3.10.21,2.4.1+cu121,0.19.1+cu121,1.26.4,2.3.3,10.4.0,1.7.2,6.0.2,AdamW,0.0001,0.0001,32,4,False,research-lab/experiments/registered-workflow/extensions/jiim_2026_major_revision/runs/jiim_ext_mura_split_06_seed_42_densenet121_A,409df3fc3d4bca560d6bb96208ab681c1b177ef0c1b2dada3cdd1abd15aca8f8,a8bb2da63de4088bba27f8a7dc6fda401fa8494f7404a46d0e0dbf76cd71d929
jiim_ext_mura_split_06_seed_52_densenet121_A,extension,mura,densenet121,split_06,52,A,shared,completed,True,PASS,0,study,2194,0.7736346107432781,12,5,60,681.6672399714589,after model/data-loader initialization through checkpoint hashing and metric export; perf_counter,NVIDIA GeForce RTX 4090 D,12.1,3.10.21,2.4.1+cu121,0.19.1+cu121,1.26.4,2.3.3,10.4.0,1.7.2,6.0.2,AdamW,0.0001,0.0001,32,4,False,research-lab/experiments/registered-workflow/extensions/jiim_2026_major_revision/runs/jiim_ext_mura_split_06_seed_52_densenet121_A,73defd2ad82bd5215240af8228829e998b8bac11831f0eaa614c30d373621e1e,6ac97eb45900e8b07f9b531abe083b1505bb169a376bb164a3485a3c15954b07
jiim_ext_mura_split_06_seed_62_densenet121_A,extension,mura,densenet121,split_06,62,A,shared,completed,True,PASS,0,study,2194,0.7828538144989209,11,4,60,610.9398308210075,after model/data-loader initialization through checkpoint hashing and metric export; perf_counter,NVIDIA GeForce RTX 4090 D,12.1,3.10.21,2.4.1+cu121,0.19.1+cu121,1.26.4,2.3.3,10.4.0,1.7.2,6.0.2,AdamW,0.0001,0.0001,32,4,False,research-lab/experiments/registered-workflow/extensions/jiim_2026_major_revision/runs/jiim_ext_mura_split_06_seed_62_densenet121_A,801ae1b0e628852029655f9a08e85c19e5639995c016294ef0bc2b5a194e597f,a93eb498e6697cf35e38476c89712cd1a0c476c29cff6c7c5715ab91397b61ab
jiim_ext_mura_split_06_seed_42_efficientnet_b0_A,extension,mura,efficientnet_b0,split_06,42,A,shared,completed,True,PASS,0,study,2194,0.776827482131857,36,29,60,1858.8575172163546,after model/data-loader initialization through checkpoint hashing and metric export; perf_counter,NVIDIA GeForce RTX 4090 D,12.1,3.10.21,2.4.1+cu121,0.19.1+cu121,1.26.4,2.3.3,10.4.0,1.7.2,6.0.2,AdamW,0.0001,0.0001,32,4,False,research-lab/experiments/registered-workflow/extensions/jiim_2026_major_revision/runs/jiim_ext_mura_split_06_seed_42_efficientnet_b0_A,08a128dc0b48098a57b1053e5643eb8c23eece056cb63408f0a06ee65197ed98,7ed259019ef865d958224ba589f3fc66d0e42eb685ba10389413e18659f3c34f
jiim_ext_mura_split_06_seed_52_efficientnet_b0_A,extension,mura,efficientnet_b0,split_06,52,A,shared,completed,True,PASS,0,study,2194,0.7724596654390079,31,24,60,1585.1380151733756,after model/data-loader initialization through checkpoint hashing and metric export; perf_counter,NVIDIA GeForce RTX 4090 D,12.1,3.10.21,2.4.1+cu121,0.19.1+cu121,1.26.4,2.3.3,10.4.0,1.7.2,6.0.2,AdamW,0.0001,0.0001,32,4,False,research-lab/experiments/registered-workflow/extensions/jiim_2026_major_revision/runs/jiim_ext_mura_split_06_seed_52_efficientnet_b0_A,f662530c219e4fec568ad6264146b55c955934dc280dd32739dde0d3e64aa24b,b6f03d03810f40b396b804386d1abbec574aeeca5b7547b07b718534093cdeab
jiim_ext_mura_split_06_seed_62_efficientnet_b0_A,extension,mura,efficientnet_b0,split_06,62,A,shared,completed,True,PASS,0,study,2194,0.775835509399998,37,30,60,1790.3981085680425,after model/data-loader initialization through checkpoint hashing and metric export; perf_counter,NVIDIA GeForce RTX 4090 D,12.1,3.10.21,2.4.1+cu121,0.19.1+cu121,1.26.4,2.3.3,10.4.0,1.7.2,6.0.2,AdamW,0.0001,0.0001,32,4,False,research-lab/experiments/registered-workflow/extensions/jiim_2026_major_revision/runs/jiim_ext_mura_split_06_seed_62_efficientnet_b0_A,8845cfb371f8ca357ac91bce1ff8cb1fc08f518b02663836f900f37f3b63fc97,5ac8712b02397e7044f8f12de02ab4047a943b50deff6931b33ec9998bfdb99b
jiim_ext_mura_split_07_seed_42_resnet18_A,extension,mura,resnet18,split_07,42,A,shared,completed,True,PASS,0,study,2200,0.7795149376295142,10,3,60,539.4833379872143,after model/data-loader initialization through checkpoint hashing and metric export; perf_counter,NVIDIA GeForce RTX 4090 D,12.1,3.10.21,2.4.1+cu121,0.19.1+cu121,1.26.4,2.3.3,10.4.0,1.7.2,6.0.2,AdamW,0.0001,0.0001,32,4,False,research-lab/experiments/registered-workflow/extensions/jiim_2026_major_revision/runs/jiim_ext_mura_split_07_seed_42_resnet18_A,3ce28cf9687aa7bd9297dcd23d32ef825bb8b2e73b5f1fbfb523d7dbea344c28,4d060216b4fe09859006a101b70ca9ed53404619620c47c7e407d9c586b62e80
jiim_ext_mura_split_07_seed_52_resnet18_A,extension,mura,resnet18,split_07,52,A,shared,completed,True,PASS,0,study,2200,0.7846344048651839,10,3,60,552.6394293047488,after model/data-loader initialization through checkpoint hashing and metric export; perf_counter,NVIDIA GeForce RTX 4090 D,12.1,3.10.21,2.4.1+cu121,0.19.1+cu121,1.26.4,2.3.3,10.4.0,1.7.2,6.0.2,AdamW,0.0001,0.0001,32,4,False,research-lab/experiments/registered-workflow/extensions/jiim_2026_major_revision/runs/jiim_ext_mura_split_07_seed_52_resnet18_A,3396dc33d7760ff69ab5ab58b8f1870a22a37fbf0bb8dc50577d6487c4d385b7,3e8668dcef6140b079a0695fb786815382c4f33124dce9c95485c27af91dcc1c
jiim_ext_mura_split_07_seed_62_resnet18_A,extension,mura,resnet18,split_07,62,A,shared,completed,True,PASS,0,study,2200,0.7612808981557958,9,2,60,504.09738724306226,after model/data-loader initialization through checkpoint hashing and metric export; perf_counter,NVIDIA GeForce RTX 4090 D,12.1,3.10.21,2.4.1+cu121,0.19.1+cu121,1.26.4,2.3.3,10.4.0,1.7.2,6.0.2,AdamW,0.0001,0.0001,32,4,False,research-lab/experiments/registered-workflow/extensions/jiim_2026_major_revision/runs/jiim_ext_mura_split_07_seed_62_resnet18_A,de490a12f566389ec4c355e5f1d706648cbaf046c1ebb86382846b7c15954f94,d141adba82ebdfc9ae2a5c9a6f84df2575299d8fd6652c540341a658a802cbe7
jiim_ext_mura_split_07_seed_42_resnet50_A,extension,mura,resnet50,split_07,42,A,shared,completed,True,PASS,0,study,2200,0.7887849260420288,10,3,60,573.3396044634283,after model/data-loader initialization through checkpoint hashing and metric export; perf_counter,NVIDIA GeForce RTX 4090 D,12.1,3.10.21,2.4.1+cu121,0.19.1+cu121,1.26.4,2.3.3,10.4.0,1.7.2,6.0.2,AdamW,0.0001,0.0001,32,4,False,research-lab/experiments/registered-workflow/extensions/jiim_2026_major_revision/runs/jiim_ext_mura_split_07_seed_42_resnet50_A,0ded5a990cefb030888abab65df5fab0da354595e1e39f55c82feeb3a51b1eda,1bf2dcfb49af9d0f785c9e29e663abb07b26e4c59524ffd6f3fdff55199cf80b
jiim_ext_mura_split_07_seed_52_resnet50_A,extension,mura,resnet50,split_07,52,A,shared,completed,True,PASS,0,study,2200,0.8052808426884006,10,3,60,513.2829168252647,after model/data-loader initialization through checkpoint hashing and metric export; perf_counter,NVIDIA GeForce RTX 4090 D,12.1,3.10.21,2.4.1+cu121,0.19.1+cu121,1.26.4,2.3.3,10.4.0,1.7.2,6.0.2,AdamW,0.0001,0.0001,32,4,False,research-lab/experiments/registered-workflow/extensions/jiim_2026_major_revision/runs/jiim_ext_mura_split_07_seed_52_resnet50_A,d23a3d87f765afa015fed1ec97aa6ad50c27f6c116cd5c8a80210a2f262e2ccb,29be2fe9797e333400cda775de1e12094b2b16e58b0884fe5b2aa3695874770a
jiim_ext_mura_split_07_seed_62_resnet50_A,extension,mura,resnet50,split_07,62,A,shared,completed,True,PASS,0,study,2200,0.802579407209548,12,5,60,664.7448069155216,after model/data-loader initialization through checkpoint hashing and metric export; perf_counter,NVIDIA GeForce RTX 4090 D,12.1,3.10.21,2.4.1+cu121,0.19.1+cu121,1.26.4,2.3.3,10.4.0,1.7.2,6.0.2,AdamW,0.0001,0.0001,32,4,False,research-lab/experiments/registered-workflow/extensions/jiim_2026_major_revision/runs/jiim_ext_mura_split_07_seed_62_resnet50_A,5fa5f4084e7bbccd53b665ecac683db181bec01de1c4ea7770bf6fed868699f5,7b409824aed928ae54fd2c288549410fac2bc3bfbb75c08ab37397abc6611851
jiim_ext_mura_split_07_seed_42_densenet121_A,extension,mura,densenet121,split_07,42,A,shared,completed,True,PASS,0,study,2200,0.7906391837279463,13,6,60,710.3933846876025,after model/data-loader initialization through checkpoint hashing and metric export; perf_counter,NVIDIA GeForce RTX 4090 D,12.1,3.10.21,2.4.1+cu121,0.19.1+cu121,1.26.4,2.3.3,10.4.0,1.7.2,6.0.2,AdamW,0.0001,0.0001,32,4,False,research-lab/experiments/registered-workflow/extensions/jiim_2026_major_revision/runs/jiim_ext_mura_split_07_seed_42_densenet121_A,a216cac4e2f379d511f8239797006b094d324873ae9f9029adfe36f95d9aa498,a2046641a53ea59125ddf615ba69d5451d128a92717ef0833a16f17e17ca9f10
jiim_ext_mura_split_07_seed_52_densenet121_A,extension,mura,densenet121,split_07,52,A,shared,completed,True,PASS,0,study,2200,0.7917979322795106,12,5,60,679.7417978569865,after model/data-loader initialization through checkpoint hashing and metric export; perf_counter,NVIDIA GeForce RTX 4090 D,12.1,3.10.21,2.4.1+cu121,0.19.1+cu121,1.26.4,2.3.3,10.4.0,1.7.2,6.0.2,AdamW,0.0001,0.0001,32,4,False,research-lab/experiments/registered-workflow/extensions/jiim_2026_major_revision/runs/jiim_ext_mura_split_07_seed_52_densenet121_A,7785c37fa952652d40a709b8cca9eea5e84a3903b36eff06ab1bba0431d5671e,b76348c0de841ad612c6311f843baf47866b5c98162ae375179d652fa1763fe0
jiim_ext_mura_split_07_seed_62_densenet121_A,extension,mura,densenet121,split_07,62,A,shared,completed,True,PASS,0,study,2200,0.7999247723453435,14,7,60,794.9648288935423,after model/data-loader initialization through checkpoint hashing and metric export; perf_counter,NVIDIA GeForce RTX 4090 D,12.1,3.10.21,2.4.1+cu121,0.19.1+cu121,1.26.4,2.3.3,10.4.0,1.7.2,6.0.2,AdamW,0.0001,0.0001,32,4,False,research-lab/experiments/registered-workflow/extensions/jiim_2026_major_revision/runs/jiim_ext_mura_split_07_seed_62_densenet121_A,7ca0a5a26b035d545931076540448fbd098816cf6f01c7e113194b581e713bb9,e19459bfda7d89c380a7b39c2f50a7c935100d062e620f52248e6fd7127bb635
jiim_ext_mura_split_07_seed_42_efficientnet_b0_A,extension,mura,efficientnet_b0,split_07,42,A,shared,completed,True,PASS,0,study,2200,0.7727310152006663,43,36,60,2302.5333875901997,after model/data-loader initialization through checkpoint hashing and metric export; perf_counter,NVIDIA GeForce RTX 4090 D,12.1,3.10.21,2.4.1+cu121,0.19.1+cu121,1.26.4,2.3.3,10.4.0,1.7.2,6.0.2,AdamW,0.0001,0.0001,32,4,False,research-lab/experiments/registered-workflow/extensions/jiim_2026_major_revision/runs/jiim_ext_mura_split_07_seed_42_efficientnet_b0_A,b477ba7359bcac75ca97ad0a64a422948aae30b9a196320e499ed66c3ff802ce,7506f32e7b9fd11732c0f1d20b6e1b71d143f43318539cc9260f1c5a4700d009
jiim_ext_mura_split_07_seed_52_efficientnet_b0_A,extension,mura,efficientnet_b0,split_07,52,A,shared,completed,True,PASS,0,study,2200,0.7658309579132472,23,16,60,1197.617085363716,after model/data-loader initialization through checkpoint hashing and metric export; perf_counter,NVIDIA GeForce RTX 4090 D,12.1,3.10.21,2.4.1+cu121,0.19.1+cu121,1.26.4,2.3.3,10.4.0,1.7.2,6.0.2,AdamW,0.0001,0.0001,32,4,False,research-lab/experiments/registered-workflow/extensions/jiim_2026_major_revision/runs/jiim_ext_mura_split_07_seed_52_efficientnet_b0_A,a71d5ef9ac4c3f3287f7119ee608cb4c1ceea20e610c842962c2222c997a8d90,c6c52c1e050084a1ee1300ff6c377af60cf0a61f623239bc31a227c255cf45e3
jiim_ext_mura_split_07_seed_62_efficientnet_b0_A,extension,mura,efficientnet_b0,split_07,62,A,shared,completed,True,PASS,0,study,2200,0.7800362444760108,27,20,60,1429.881508640945,after model/data-loader initialization through checkpoint hashing and metric export; perf_counter,NVIDIA GeForce RTX 4090 D,12.1,3.10.21,2.4.1+cu121,0.19.1+cu121,1.26.4,2.3.3,10.4.0,1.7.2,6.0.2,AdamW,0.0001,0.0001,32,4,False,research-lab/experiments/registered-workflow/extensions/jiim_2026_major_revision/runs/jiim_ext_mura_split_07_seed_62_efficientnet_b0_A,e586454af162f58287e3680da13252da3ced259a55b3eea1627365f053789efe,82674c2f5a0a50512d75ccaa9a177e2cd09d866a0a2d87ff1e721040d7fd6074
jiim_ext_mura_split_08_seed_42_resnet18_A,extension,mura,resnet18,split_08,42,A,shared,completed,True,PASS,0,study,2196,0.7781890779746129,10,3,60,556.4784197621047,after model/data-loader initialization through checkpoint hashing and metric export; perf_counter,NVIDIA GeForce RTX 4090 D,12.1,3.10.21,2.4.1+cu121,0.19.1+cu121,1.26.4,2.3.3,10.4.0,1.7.2,6.0.2,AdamW,0.0001,0.0001,32,4,False,research-lab/experiments/registered-workflow/extensions/jiim_2026_major_revision/runs/jiim_ext_mura_split_08_seed_42_resnet18_A,6bc41703e9027613f7abb7372f6d293a56cd82edd533201170786b95852bff62,1b984447f16d5331cd32ede99fb02971b01b6f5a22904870b81cf5407a97cf75
jiim_ext_mura_split_08_seed_52_resnet18_A,extension,mura,resnet18,split_08,52,A,shared,completed,True,PASS,0,study,2196,0.7832664946296555,12,5,60,597.1352442093194,after model/data-loader initialization through checkpoint hashing and metric export; perf_counter,NVIDIA GeForce RTX 4090 D,12.1,3.10.21,2.4.1+cu121,0.19.1+cu121,1.26.4,2.3.3,10.4.0,1.7.2,6.0.2,AdamW,0.0001,0.0001,32,4,False,research-lab/experiments/registered-workflow/extensions/jiim_2026_major_revision/runs/jiim_ext_mura_split_08_seed_52_resnet18_A,d9ce67c60c1e8f7cb5e39da26988e4ec487126e6cdb4a9c9eaec4269dc78be4e,240b9ebd25f4179d305c6c43a22010ea6356f1400326149bcae5067f10001184
jiim_ext_mura_split_08_seed_62_resnet18_A,extension,mura,resnet18,split_08,62,A,shared,completed,True,PASS,0,study,2196,0.7725292927883944,11,4,60,614.2144148536026,after model/data-loader initialization through checkpoint hashing and metric export; perf_counter,NVIDIA GeForce RTX 4090 D,12.1,3.10.21,2.4.1+cu121,0.19.1+cu121,1.26.4,2.3.3,10.4.0,1.7.2,6.0.2,AdamW,0.0001,0.0001,32,4,False,research-lab/experiments/registered-workflow/extensions/jiim_2026_major_revision/runs/jiim_ext_mura_split_08_seed_62_resnet18_A,d22c3b28263dc2cafa7c8b36e7b49f3edbc6e9cc0b43a1bd47973abcf4416200,6aee85d150de56a5b0e3508b30941033f941148b30d87dd8485b96c39cbb6957
jiim_ext_mura_split_08_seed_42_resnet50_A,extension,mura,resnet50,split_08,42,A,shared,completed,True,PASS,0,study,2196,0.7765971544148417,11,4,60,559.4440330825746,after model/data-loader initialization through checkpoint hashing and metric export; perf_counter,NVIDIA GeForce RTX 4090 D,12.1,3.10.21,2.4.1+cu121,0.19.1+cu121,1.26.4,2.3.3,10.4.0,1.7.2,6.0.2,AdamW,0.0001,0.0001,32,4,False,research-lab/experiments/registered-workflow/extensions/jiim_2026_major_revision/runs/jiim_ext_mura_split_08_seed_42_resnet50_A,cc7919e5e00e9bfb3fb4285768e55677a2cb7c4e1a55ac8593e17837e916e335,ba37806748aaeb8c527d931ef2d2be8c9d7ab8338662bb46518720e898177502
jiim_ext_mura_split_08_seed_52_resnet50_A,extension,mura,resnet50,split_08,52,A,shared,completed,True,PASS,0,study,2196,0.7944134467847678,11,4,60,617.844251871109,after model/data-loader initialization through checkpoint hashing and metric export; perf_counter,NVIDIA GeForce RTX 4090 D,12.1,3.10.21,2.4.1+cu121,0.19.1+cu121,1.26.4,2.3.3,10.4.0,1.7.2,6.0.2,AdamW,0.0001,0.0001,32,4,False,research-lab/experiments/registered-workflow/extensions/jiim_2026_major_revision/runs/jiim_ext_mura_split_08_seed_52_resnet50_A,126956ffb7f22ef3cd840fd4a7b9be730ae7bece5624ef2a2cba6acf0e973c2f,823e91b9e5bb1313ba98a41bace2c6140ad5263d713b83d86fe9ec581d9e4c64
jiim_ext_mura_split_08_seed_62_resnet50_A,extension,mura,resnet50,split_08,62,A,shared,completed,True,PASS,0,study,2196,0.7859115636769424,12,5,60,646.595542088151,after model/data-loader initialization through checkpoint hashing and metric export; perf_counter,NVIDIA GeForce RTX 4090 D,12.1,3.10.21,2.4.1+cu121,0.19.1+cu121,1.26.4,2.3.3,10.4.0,1.7.2,6.0.2,AdamW,0.0001,0.0001,32,4,False,research-lab/experiments/registered-workflow/extensions/jiim_2026_major_revision/runs/jiim_ext_mura_split_08_seed_62_resnet50_A,a9a810bac5f717a63d182ec4fa70db3290c5f3594a41ce594c601a903e9384ff,29c25bdd0eda11ccf3c5f25f44fea660c4b041aa1a90e2f7ad3792c65b91fbae
jiim_ext_mura_split_08_seed_42_densenet121_A,extension,mura,densenet121,split_08,42,A,shared,completed,True,PASS,0,study,2196,0.7794549449016599,12,5,60,651.3039501234889,after model/data-loader initialization through checkpoint hashing and metric export; perf_counter,NVIDIA GeForce RTX 4090 D,12.1,3.10.21,2.4.1+cu121,0.19.1+cu121,1.26.4,2.3.3,10.4.0,1.7.2,6.0.2,AdamW,0.0001,0.0001,32,4,False,research-lab/experiments/registered-workflow/extensions/jiim_2026_major_revision/runs/jiim_ext_mura_split_08_seed_42_densenet121_A,ff11e1dd08b83c78009db6884e74a2e8a1da8cdac28a9e44fb7aff0fe1a3ba15,7841201473b27556dbe1ad8fde21924e74dcee317c6324fbf1043987c244df45
jiim_ext_mura_split_08_seed_52_densenet121_A,extension,mura,densenet121,split_08,52,A,shared,completed,True,PASS,0,study,2196,0.7902618914771935,11,4,60,600.875714931637,after model/data-loader initialization through checkpoint hashing and metric export; perf_counter,NVIDIA GeForce RTX 4090 D,12.1,3.10.21,2.4.1+cu121,0.19.1+cu121,1.26.4,2.3.3,10.4.0,1.7.2,6.0.2,AdamW,0.0001,0.0001,32,4,False,research-lab/experiments/registered-workflow/extensions/jiim_2026_major_revision/runs/jiim_ext_mura_split_08_seed_52_densenet121_A,e4fb53b8509bcdab72173a04244c0f1efb1ab6e10b0eae593101fb8dc204721e,1cf847e5ffdd79c5077a530aaaa85cd260f64a4a8797098c978295cfea061194
jiim_ext_mura_split_08_seed_62_densenet121_A,extension,mura,densenet121,split_08,62,A,shared,completed,True,PASS,0,study,2196,0.7965894824940717,11,4,60,617.2276069149375,after model/data-loader initialization through checkpoint hashing and metric export; perf_counter,NVIDIA GeForce RTX 4090 D,12.1,3.10.21,2.4.1+cu121,0.19.1+cu121,1.26.4,2.3.3,10.4.0,1.7.2,6.0.2,AdamW,0.0001,0.0001,32,4,False,research-lab/experiments/registered-workflow/extensions/jiim_2026_major_revision/runs/jiim_ext_mura_split_08_seed_62_densenet121_A,a3afef4aaa40a76d982d94cbc317537e49df1844ebbc4df4e72f93c403d3cf1d,24ee300ceadf26f1285c58251001f7b5fd91f68e536fa0ab9452b54de843814e
jiim_ext_mura_split_08_seed_42_efficientnet_b0_A,extension,mura,efficientnet_b0,split_08,42,A,shared,completed,True,PASS,0,study,2196,0.772787348305203,34,27,60,1733.2647555358708,after model/data-loader initialization through checkpoint hashing and metric export; perf_counter,NVIDIA GeForce RTX 4090 D,12.1,3.10.21,2.4.1+cu121,0.19.1+cu121,1.26.4,2.3.3,10.4.0,1.7.2,6.0.2,AdamW,0.0001,0.0001,32,4,False,research-lab/experiments/registered-workflow/extensions/jiim_2026_major_revision/runs/jiim_ext_mura_split_08_seed_42_efficientnet_b0_A,33c2867f52a72546dbeb6aadd00c4af414a246fabc94321dc72807beb307f98b,d0a39ebe2a2df844135d8c7b850dcdf9dc711f2462b69a0ce1ddcd1423cc91db
jiim_ext_mura_split_08_seed_52_efficientnet_b0_A,extension,mura,efficientnet_b0,split_08,52,A,shared,completed,True,PASS,0,study,2196,0.7630841121495326,26,19,60,1416.1928737610579,after model/data-loader initialization through checkpoint hashing and metric export; perf_counter,NVIDIA GeForce RTX 4090 D,12.1,3.10.21,2.4.1+cu121,0.19.1+cu121,1.26.4,2.3.3,10.4.0,1.7.2,6.0.2,AdamW,0.0001,0.0001,32,4,False,research-lab/experiments/registered-workflow/extensions/jiim_2026_major_revision/runs/jiim_ext_mura_split_08_seed_52_efficientnet_b0_A,1c6e658910a6d47b5c30791d4dfd71caa1eb8e8c97e8a70523217b00f4e06112,16cfa3517a2ef71b43115a6f2d81d9cd2ae6618e0c1bccd755cf4143adea9872
jiim_ext_mura_split_08_seed_62_efficientnet_b0_A,extension,mura,efficientnet_b0,split_08,62,A,shared,completed,True,PASS,0,study,2196,0.7776084530617938,38,31,60,1904.2571708224714,after model/data-loader initialization through checkpoint hashing and metric export; perf_counter,NVIDIA GeForce RTX 4090 D,12.1,3.10.21,2.4.1+cu121,0.19.1+cu121,1.26.4,2.3.3,10.4.0,1.7.2,6.0.2,AdamW,0.0001,0.0001,32,4,False,research-lab/experiments/registered-workflow/extensions/jiim_2026_major_revision/runs/jiim_ext_mura_split_08_seed_62_efficientnet_b0_A,a4f444d720fc38b76feca800d93cfb4be6df557e7b3c03a1f6d26b05d8011a38,015073c62ae78f6295d14687048865e1d8096c9a00d14de627e98326c5d9190e
jiim_ext_mura_split_09_seed_42_resnet18_A,extension,mura,resnet18,split_09,42,A,shared,completed,True,PASS,0,study,2187,0.7651363701270883,11,4,60,617.9241121187806,after model/data-loader initialization through checkpoint hashing and metric export; perf_counter,NVIDIA GeForce RTX 4090 D,12.1,3.10.21,2.4.1+cu121,0.19.1+cu121,1.26.4,2.3.3,10.4.0,1.7.2,6.0.2,AdamW,0.0001,0.0001,32,4,False,research-lab/experiments/registered-workflow/extensions/jiim_2026_major_revision/runs/jiim_ext_mura_split_09_seed_42_resnet18_A,26616fc4315f000bdb7094b2e52b97ad267ae250c4f0d2edfe70f2b34fccc124,bd8cec3d243aa31d1c2dd6629832feb5c4f5649875fd5a5de0a5c54df04630c9
jiim_ext_mura_split_09_seed_52_resnet18_A,extension,mura,resnet18,split_09,52,A,shared,completed,True,PASS,0,study,2187,0.7248917130753487,9,2,60,475.96806735545397,after model/data-loader initialization through checkpoint hashing and metric export; perf_counter,NVIDIA GeForce RTX 4090 D,12.1,3.10.21,2.4.1+cu121,0.19.1+cu121,1.26.4,2.3.3,10.4.0,1.7.2,6.0.2,AdamW,0.0001,0.0001,32,4,False,research-lab/experiments/registered-workflow/extensions/jiim_2026_major_revision/runs/jiim_ext_mura_split_09_seed_52_resnet18_A,f1d198ee666d26ea5e3050095385a2c4f9cb1cf12dd568a6f07cda0afd6d7395,affd81e1ba920e939531611edd4cbcd29f8622b87f8d6ad09a99333d67355604
jiim_ext_mura_split_09_seed_62_resnet18_A,extension,mura,resnet18,split_09,62,A,shared,completed,True,PASS,0,study,2187,0.7658662160661304,12,5,60,666.1246443763375,after model/data-loader initialization through checkpoint hashing and metric export; perf_counter,NVIDIA GeForce RTX 4090 D,12.1,3.10.21,2.4.1+cu121,0.19.1+cu121,1.26.4,2.3.3,10.4.0,1.7.2,6.0.2,AdamW,0.0001,0.0001,32,4,False,research-lab/experiments/registered-workflow/extensions/jiim_2026_major_revision/runs/jiim_ext_mura_split_09_seed_62_resnet18_A,a108b6d927f182d785ad77619442ae613be8d2b51511f187785bbe85b777b268,9475b314f9f10e6dd267d880b5b030441d5df6173a83e977d9408e6d60e24155
jiim_ext_mura_split_09_seed_42_resnet50_A,extension,mura,resnet50,split_09,42,A,shared,completed,True,PASS,0,study,2187,0.7659495137004776,11,4,60,569.163477703929,after model/data-loader initialization through checkpoint hashing and metric export; perf_counter,NVIDIA GeForce RTX 4090 D,12.1,3.10.21,2.4.1+cu121,0.19.1+cu121,1.26.4,2.3.3,10.4.0,1.7.2,6.0.2,AdamW,0.0001,0.0001,32,4,False,research-lab/experiments/registered-workflow/extensions/jiim_2026_major_revision/runs/jiim_ext_mura_split_09_seed_42_resnet50_A,087fb7e1d89b014311c586c38bc9f07f01dad5b226153d8e545baee718742327,1fe8e7a8e717e51f60ce12dc3374e57bb99224c7805b61b8a07e283b04b6b027
jiim_ext_mura_split_09_seed_52_resnet50_A,extension,mura,resnet50,split_09,52,A,shared,completed,True,PASS,0,study,2187,0.7529590492963334,11,4,60,594.5720506981015,after model/data-loader initialization through checkpoint hashing and metric export; perf_counter,NVIDIA GeForce RTX 4090 D,12.1,3.10.21,2.4.1+cu121,0.19.1+cu121,1.26.4,2.3.3,10.4.0,1.7.2,6.0.2,AdamW,0.0001,0.0001,32,4,False,research-lab/experiments/registered-workflow/extensions/jiim_2026_major_revision/runs/jiim_ext_mura_split_09_seed_52_resnet50_A,cb5dd249edd5d092f41942c1156aefcb653d4c641970dd711eb50c78a971085d,7fc2ce6677b155ee5b33c0db5000811d0e70ac2dd62e6458804916d12ab7e547
jiim_ext_mura_split_09_seed_62_resnet50_A,extension,mura,resnet50,split_09,62,A,shared,completed,True,PASS,0,study,2187,0.7630063306202104,10,3,60,533.0551042594016,after model/data-loader initialization through checkpoint hashing and metric export; perf_counter,NVIDIA GeForce RTX 4090 D,12.1,3.10.21,2.4.1+cu121,0.19.1+cu121,1.26.4,2.3.3,10.4.0,1.7.2,6.0.2,AdamW,0.0001,0.0001,32,4,False,research-lab/experiments/registered-workflow/extensions/jiim_2026_major_revision/runs/jiim_ext_mura_split_09_seed_62_resnet50_A,6860c26590e581c6cbb0a6be7bd7c36c392cabf27d6ac02769a715cb1775c05a,710005cdfc8ccf5d7d1331ee492b336b07aa45a0026a4a160e4aef524ba6f603
jiim_ext_mura_split_09_seed_42_densenet121_A,extension,mura,densenet121,split_09,42,A,shared,completed,True,PASS,0,study,2187,0.7658503498500642,14,7,60,786.6760505251586,after model/data-loader initialization through checkpoint hashing and metric export; perf_counter,NVIDIA GeForce RTX 4090 D,12.1,3.10.21,2.4.1+cu121,0.19.1+cu121,1.26.4,2.3.3,10.4.0,1.7.2,6.0.2,AdamW,0.0001,0.0001,32,4,False,research-lab/experiments/registered-workflow/extensions/jiim_2026_major_revision/runs/jiim_ext_mura_split_09_seed_42_densenet121_A,edbdd4982e49e84a06a0fda7a47d7a53df3143a87585e96769c3936a96eca36d,0bf80adb495cb6b4b54793dc274129e6249021de533389d22a4b8ffbbb9207e9
jiim_ext_mura_split_09_seed_52_densenet121_A,extension,mura,densenet121,split_09,52,A,shared,completed,True,PASS,0,study,2187,0.7719945420216732,11,4,60,584.8888492770493,after model/data-loader initialization through checkpoint hashing and metric export; perf_counter,NVIDIA GeForce RTX 4090 D,12.1,3.10.21,2.4.1+cu121,0.19.1+cu121,1.26.4,2.3.3,10.4.0,1.7.2,6.0.2,AdamW,0.0001,0.0001,32,4,False,research-lab/experiments/registered-workflow/extensions/jiim_2026_major_revision/runs/jiim_ext_mura_split_09_seed_52_densenet121_A,7bd76b7c24cb573a3f63e0f192ca3021804f01e2ca0816c0a685fd8b98da7208,7ac72931d69943498f75b23b8f0e050f386312a18d14feb57bac346a439f922a
jiim_ext_mura_split_09_seed_62_densenet121_A,extension,mura,densenet121,split_09,62,A,shared,completed,True,PASS,0,study,2187,0.7773136909578435,12,5,60,671.0091043151915,after model/data-loader initialization through checkpoint hashing and metric export; perf_counter,NVIDIA GeForce RTX 4090 D,12.1,3.10.21,2.4.1+cu121,0.19.1+cu121,1.26.4,2.3.3,10.4.0,1.7.2,6.0.2,AdamW,0.0001,0.0001,32,4,False,research-lab/experiments/registered-workflow/extensions/jiim_2026_major_revision/runs/jiim_ext_mura_split_09_seed_62_densenet121_A,4c1578e280f4a14747087bf95ba6045de3498f46c12cc07463c554fca9d433b1,0f41be109adf3f6e37044ed679886db248b6d6577643d3af350d87cc35d02e02
jiim_ext_mura_split_09_seed_42_efficientnet_b0_A,extension,mura,efficientnet_b0,split_09,42,A,shared,completed,True,PASS,0,study,2187,0.7576752820219905,34,27,60,1684.6439555324614,after model/data-loader initialization through checkpoint hashing and metric export; perf_counter,NVIDIA GeForce RTX 4090 D,12.1,3.10.21,2.4.1+cu121,0.19.1+cu121,1.26.4,2.3.3,10.4.0,1.7.2,6.0.2,AdamW,0.0001,0.0001,32,4,False,research-lab/experiments/registered-workflow/extensions/jiim_2026_major_revision/runs/jiim_ext_mura_split_09_seed_42_efficientnet_b0_A,2830c802d0a3d8379fc027fa59b36c58f686e8a8c18b434afc059a36ae1f2c8d,8e6054bbdcb5937fc6c548db485ed47e64225a3956df14a6a16b099aae39bbeb
jiim_ext_mura_split_09_seed_52_efficientnet_b0_A,extension,mura,efficientnet_b0,split_09,52,A,shared,completed,True,PASS,0,study,2187,0.760828692465134,24,17,60,1323.6369612701237,after model/data-loader initialization through checkpoint hashing and metric export; perf_counter,NVIDIA GeForce RTX 4090 D,12.1,3.10.21,2.4.1+cu121,0.19.1+cu121,1.26.4,2.3.3,10.4.0,1.7.2,6.0.2,AdamW,0.0001,0.0001,32,4,False,research-lab/experiments/registered-workflow/extensions/jiim_2026_major_revision/runs/jiim_ext_mura_split_09_seed_52_efficientnet_b0_A,aab7cd57bb874ce47e7c47544b9a587fec9a58cd5cd03262c5ddf23bf1f1e6e5,5b8a8b200d9e9f383530327a5964f3fe09223a13967fb782c8138684c9ca64ef
jiim_ext_mura_split_09_seed_62_efficientnet_b0_A,extension,mura,efficientnet_b0,split_09,62,A,shared,completed,True,PASS,0,study,2187,0.7636925444650705,31,24,60,1615.9541058763862,after model/data-loader initialization through checkpoint hashing and metric export; perf_counter,NVIDIA GeForce RTX 4090 D,12.1,3.10.21,2.4.1+cu121,0.19.1+cu121,1.26.4,2.3.3,10.4.0,1.7.2,6.0.2,AdamW,0.0001,0.0001,32,4,False,research-lab/experiments/registered-workflow/extensions/jiim_2026_major_revision/runs/jiim_ext_mura_split_09_seed_62_efficientnet_b0_A,dd6e2f01256a7871b6dce5d9d67b0b45f76ba2688c6cc5b7d64b5b2424eb5abd,a5805e86628fdd65d4be175338c8095080af6361fecdc32a2685bf3ecb7a1632
jiim_ext_mura_split_10_seed_42_resnet18_A,extension,mura,resnet18,split_10,42,A,shared,completed,True,PASS,0,study,2209,0.7717536658405617,9,2,60,489.10610230639577,after model/data-loader initialization through checkpoint hashing and metric export; perf_counter,NVIDIA GeForce RTX 4090 D,12.1,3.10.21,2.4.1+cu121,0.19.1+cu121,1.26.4,2.3.3,10.4.0,1.7.2,6.0.2,AdamW,0.0001,0.0001,32,4,False,research-lab/experiments/registered-workflow/extensions/jiim_2026_major_revision/runs/jiim_ext_mura_split_10_seed_42_resnet18_A,d720c6935a684b75057a977b059292e8f82bf2d6af2c515b9f5a2fa5e0ed3ad6,9800ee4365a4c9773671109ed0e2c1a0c72158353d7dff6562d40c1439ae0472
jiim_ext_mura_split_10_seed_52_resnet18_A,extension,mura,resnet18,split_10,52,A,shared,completed,True,PASS,0,study,2209,0.7891530703566019,10,3,60,541.6739065796137,after model/data-loader initialization through checkpoint hashing and metric export; perf_counter,NVIDIA GeForce RTX 4090 D,12.1,3.10.21,2.4.1+cu121,0.19.1+cu121,1.26.4,2.3.3,10.4.0,1.7.2,6.0.2,AdamW,0.0001,0.0001,32,4,False,research-lab/experiments/registered-workflow/extensions/jiim_2026_major_revision/runs/jiim_ext_mura_split_10_seed_52_resnet18_A,5e4ba12e95fdb6eeedeb99af048a7b98fef21ce1a7fe6dd462aaa3fa003fc49f,f3699ea96894fa6ab84ce730e4d9c9cc93e8ca6551533e3543d57eab36d3c1dd
jiim_ext_mura_split_10_seed_62_resnet18_A,extension,mura,resnet18,split_10,62,A,shared,completed,True,PASS,0,study,2209,0.7840518725044747,11,4,60,577.1595094501972,after model/data-loader initialization through checkpoint hashing and metric export; perf_counter,NVIDIA GeForce RTX 4090 D,12.1,3.10.21,2.4.1+cu121,0.19.1+cu121,1.26.4,2.3.3,10.4.0,1.7.2,6.0.2,AdamW,0.0001,0.0001,32,4,False,research-lab/experiments/registered-workflow/extensions/jiim_2026_major_revision/runs/jiim_ext_mura_split_10_seed_62_resnet18_A,e10d3540f7c79e089a1036da636098ce4ab2c79cd06feee13e8ad0e7aa10a5a3,145f952934962a8e42ee31f49fc537d293976d7166ca2f16f090093091458c6e
jiim_ext_mura_split_10_seed_42_resnet50_A,extension,mura,resnet50,split_10,42,A,shared,completed,True,PASS,0,study,2209,0.7853357772270412,13,6,60,746.9258043915033,after model/data-loader initialization through checkpoint hashing and metric export; perf_counter,NVIDIA GeForce RTX 4090 D,12.1,3.10.21,2.4.1+cu121,0.19.1+cu121,1.26.4,2.3.3,10.4.0,1.7.2,6.0.2,AdamW,0.0001,0.0001,32,4,False,research-lab/experiments/registered-workflow/extensions/jiim_2026_major_revision/runs/jiim_ext_mura_split_10_seed_42_resnet50_A,2d76782247c24218085fba7bedc414297233ed12ad61c7d311781a9e30eecd6a,91e0cc6289a507d1c6c600160dcca7d66bc1ff552371b4e7e9723f987ebda618
jiim_ext_mura_split_10_seed_52_resnet50_A,extension,mura,resnet50,split_10,52,A,shared,completed,True,PASS,0,study,2209,0.8033177578135757,12,5,60,643.9959609359503,after model/data-loader initialization through checkpoint hashing and metric export; perf_counter,NVIDIA GeForce RTX 4090 D,12.1,3.10.21,2.4.1+cu121,0.19.1+cu121,1.26.4,2.3.3,10.4.0,1.7.2,6.0.2,AdamW,0.0001,0.0001,32,4,False,research-lab/experiments/registered-workflow/extensions/jiim_2026_major_revision/runs/jiim_ext_mura_split_10_seed_52_resnet50_A,a06b9eebfff7794746fce63ee6a3cae0ea8a2f9753fe52d784b0f11fd19e33d5,4dbc2814db639eaadaf20441f70e02d97242023ed079b50417a6b89b4192d439
jiim_ext_mura_split_10_seed_62_resnet50_A,extension,mura,resnet50,split_10,62,A,shared,completed,True,PASS,0,study,2209,0.7918241429161503,11,4,60,601.7460490725935,after model/data-loader initialization through checkpoint hashing and metric export; perf_counter,NVIDIA GeForce RTX 4090 D,12.1,3.10.21,2.4.1+cu121,0.19.1+cu121,1.26.4,2.3.3,10.4.0,1.7.2,6.0.2,AdamW,0.0001,0.0001,32,4,False,research-lab/experiments/registered-workflow/extensions/jiim_2026_major_revision/runs/jiim_ext_mura_split_10_seed_62_resnet50_A,6a2b3c7133f5c1712d8ac56a854d3948267a4d59014fb207923dd91d0c43f4f4,ea1256c18de63837f43ae38bba88362b4a2a08400a0ccddb5eb8d4977c5006f9
jiim_ext_mura_split_10_seed_42_densenet121_A,extension,mura,densenet121,split_10,42,A,shared,completed,True,PASS,0,study,2209,0.793778827619441,14,7,60,790.4899465031922,after model/data-loader initialization through checkpoint hashing and metric export; perf_counter,NVIDIA GeForce RTX 4090 D,12.1,3.10.21,2.4.1+cu121,0.19.1+cu121,1.26.4,2.3.3,10.4.0,1.7.2,6.0.2,AdamW,0.0001,0.0001,32,4,False,research-lab/experiments/registered-workflow/extensions/jiim_2026_major_revision/runs/jiim_ext_mura_split_10_seed_42_densenet121_A,4c52b79463304aae7913e92671849997998512daf606ee51c999254bd8a0dff8,31253289fe0f081cc8adbe46c49d9d969409828975b5f04a8ba37a738528decb
jiim_ext_mura_split_10_seed_52_densenet121_A,extension,mura,densenet121,split_10,52,A,shared,completed,True,PASS,0,study,2209,0.7967528053146082,11,4,60,637.4146733433008,after model/data-loader initialization through checkpoint hashing and metric export; perf_counter,NVIDIA GeForce RTX 4090 D,12.1,3.10.21,2.4.1+cu121,0.19.1+cu121,1.26.4,2.3.3,10.4.0,1.7.2,6.0.2,AdamW,0.0001,0.0001,32,4,False,research-lab/experiments/registered-workflow/extensions/jiim_2026_major_revision/runs/jiim_ext_mura_split_10_seed_52_densenet121_A,45a2f7e58b8df2e4fe0ca55e7cbf8d634a424b27d35bb84264146301360edee3,d806805d1b61404b10d41f950684817e0f4a59fa8e62a64490a4eddf14328a6a
jiim_ext_mura_split_10_seed_62_densenet121_A,extension,mura,densenet121,split_10,62,A,shared,completed,True,PASS,0,study,2209,0.7863744320528707,14,7,60,776.2430452182889,after model/data-loader initialization through checkpoint hashing and metric export; perf_counter,NVIDIA GeForce RTX 4090 D,12.1,3.10.21,2.4.1+cu121,0.19.1+cu121,1.26.4,2.3.3,10.4.0,1.7.2,6.0.2,AdamW,0.0001,0.0001,32,4,False,research-lab/experiments/registered-workflow/extensions/jiim_2026_major_revision/runs/jiim_ext_mura_split_10_seed_62_densenet121_A,2a6f45d4476bc5dd38efce7b43b2c197ea99a5f454c88a3611f00902cf59f39b,11d2f0679eaefa56b2ced58d3de0eac1ea8d8942c6fd71b6c13566754e8852cf
jiim_ext_mura_split_10_seed_42_efficientnet_b0_A,extension,mura,efficientnet_b0,split_10,42,A,shared,completed,True,PASS,0,study,2209,0.7715389646151728,35,28,60,1872.4775477536023,after model/data-loader initialization through checkpoint hashing and metric export; perf_counter,NVIDIA GeForce RTX 4090 D,12.1,3.10.21,2.4.1+cu121,0.19.1+cu121,1.26.4,2.3.3,10.4.0,1.7.2,6.0.2,AdamW,0.0001,0.0001,32,4,False,research-lab/experiments/registered-workflow/extensions/jiim_2026_major_revision/runs/jiim_ext_mura_split_10_seed_42_efficientnet_b0_A,96fbba0d8d04c1f954a93358da03e8d8504452a50b00b3b462b1d3602b57f82c,23182a8542bae69300505b94cf4ed5314d3f77a9f4c651cea309b4207fa59aae
jiim_ext_mura_split_10_seed_52_efficientnet_b0_A,extension,mura,efficientnet_b0,split_10,52,A,shared,completed,True,PASS,0,study,2209,0.776045969296434,45,38,60,2210.5848208777606,after model/data-loader initialization through checkpoint hashing and metric export; perf_counter,NVIDIA GeForce RTX 4090 D,12.1,3.10.21,2.4.1+cu121,0.19.1+cu121,1.26.4,2.3.3,10.4.0,1.7.2,6.0.2,AdamW,0.0001,0.0001,32,4,False,research-lab/experiments/registered-workflow/extensions/jiim_2026_major_revision/runs/jiim_ext_mura_split_10_seed_52_efficientnet_b0_A,43df76fe71713017156f19b8acbc3b8565595591de25633123a1e23a5a84c7a6,d50102964c899fcc029ea050c92c4efa841c1e1e78d92d566e9cf260de9a73ff
jiim_ext_mura_split_10_seed_62_efficientnet_b0_A,extension,mura,efficientnet_b0,split_10,62,A,shared,completed,True,PASS,0,study,2209,0.765544971086328,34,27,60,1776.0460291095078,after model/data-loader initialization through checkpoint hashing and metric export; perf_counter,NVIDIA GeForce RTX 4090 D,12.1,3.10.21,2.4.1+cu121,0.19.1+cu121,1.26.4,2.3.3,10.4.0,1.7.2,6.0.2,AdamW,0.0001,0.0001,32,4,False,research-lab/experiments/registered-workflow/extensions/jiim_2026_major_revision/runs/jiim_ext_mura_split_10_seed_62_efficientnet_b0_A,fa90911b2354276093ad8acd301e1c6bc3219850b4fba837f2eb7d678f3cb91c,98d7c5bb3c7acf572945b4fd71e16294c0224d7cedfdf01be9b50bff546ad8de
