run_id,stage,dataset,model,checkpoint_policy,variant,trained_epochs,selected_epoch,max_epochs,elapsed_seconds,timing_scope,gpu_model,python,torch,torchvision,numpy,Pillow,batch_size,num_workers,optimizer,learning_rate,weight_decay,mixed_precision,source_dir
run_0001,original,sipakmed,resnet18,A,submitted,19,12,60,231.0,run entry through output export; wall-clock UTC difference,NVIDIA GeForce RTX 3060,3.10.14,2.4.1+cu121,0.19.1,1.26.4,10.4.0,32,0,adamw,0.0001,0.0001,not recorded in frozen config,research-lab/experiments/registered-workflow/runs/primary/run_0001
run_0002,original,sipakmed,resnet18,B,submitted,60,60,60,733.0,run entry through output export; wall-clock UTC difference,NVIDIA GeForce RTX 3060,3.10.14,2.4.1+cu121,0.19.1,1.26.4,10.4.0,32,0,adamw,0.0001,0.0001,not recorded in frozen config,research-lab/experiments/registered-workflow/runs/primary/run_0002
run_0003,original,sipakmed,resnet50,A,submitted,16,9,60,265.0,run entry through output export; wall-clock UTC difference,NVIDIA GeForce RTX 3060,3.10.14,2.4.1+cu121,0.19.1,1.26.4,10.4.0,32,0,adamw,0.0001,0.0001,not recorded in frozen config,research-lab/experiments/registered-workflow/runs/primary/run_0003
run_0004,original,sipakmed,resnet50,B,submitted,60,60,60,973.0,run entry through output export; wall-clock UTC difference,NVIDIA GeForce RTX 3060,3.10.14,2.4.1+cu121,0.19.1,1.26.4,10.4.0,32,0,adamw,0.0001,0.0001,not recorded in frozen config,research-lab/experiments/registered-workflow/runs/primary/run_0004
run_0005,original,sipakmed,densenet121,A,submitted,27,20,60,436.0,run entry through output export; wall-clock UTC difference,NVIDIA GeForce RTX 3060,3.10.14,2.4.1+cu121,0.19.1,1.26.4,10.4.0,32,0,adamw,0.0001,0.0001,not recorded in frozen config,research-lab/experiments/registered-workflow/runs/primary/run_0005
run_0006,original,sipakmed,densenet121,B,submitted,60,60,60,982.0,run entry through output export; wall-clock UTC difference,NVIDIA GeForce RTX 3060,3.10.14,2.4.1+cu121,0.19.1,1.26.4,10.4.0,32,0,adamw,0.0001,0.0001,not recorded in frozen config,research-lab/experiments/registered-workflow/runs/primary/run_0006
run_0007,original,sipakmed,efficientnet_b0,A,submitted,60,58,60,766.0,run entry through output export; wall-clock UTC difference,NVIDIA GeForce RTX 3060,3.10.14,2.4.1+cu121,0.19.1,1.26.4,10.4.0,32,0,adamw,0.0001,0.0001,not recorded in frozen config,research-lab/experiments/registered-workflow/runs/primary/run_0007
run_0008,original,sipakmed,efficientnet_b0,B,submitted,60,60,60,739.0,run entry through output export; wall-clock UTC difference,NVIDIA GeForce RTX 3060,3.10.14,2.4.1+cu121,0.19.1,1.26.4,10.4.0,32,0,adamw,0.0001,0.0001,not recorded in frozen config,research-lab/experiments/registered-workflow/runs/primary/run_0008
run_0009,original,sipakmed,resnet18,A,submitted,16,9,60,206.0,run entry through output export; wall-clock UTC difference,NVIDIA GeForce RTX 3060,3.10.14,2.4.1+cu121,0.19.1,1.26.4,10.4.0,32,0,adamw,0.0001,0.0001,not recorded in frozen config,research-lab/experiments/registered-workflow/runs/primary/run_0009
run_0010,original,sipakmed,resnet18,B,submitted,60,60,60,733.0,run entry through output export; wall-clock UTC difference,NVIDIA GeForce RTX 3060,3.10.14,2.4.1+cu121,0.19.1,1.26.4,10.4.0,32,0,adamw,0.0001,0.0001,not recorded in frozen config,research-lab/experiments/registered-workflow/runs/primary/run_0010
run_0011,original,sipakmed,resnet50,A,submitted,18,11,60,296.0,run entry through output export; wall-clock UTC difference,NVIDIA GeForce RTX 3060,3.10.14,2.4.1+cu121,0.19.1,1.26.4,10.4.0,32,0,adamw,0.0001,0.0001,not recorded in frozen config,research-lab/experiments/registered-workflow/runs/primary/run_0011
run_0012,original,sipakmed,resnet50,B,submitted,60,60,60,975.0,run entry through output export; wall-clock UTC difference,NVIDIA GeForce RTX 3060,3.10.14,2.4.1+cu121,0.19.1,1.26.4,10.4.0,32,0,adamw,0.0001,0.0001,not recorded in frozen config,research-lab/experiments/registered-workflow/runs/primary/run_0012
run_0013,original,sipakmed,densenet121,A,submitted,21,14,60,341.0,run entry through output export; wall-clock UTC difference,NVIDIA GeForce RTX 3060,3.10.14,2.4.1+cu121,0.19.1,1.26.4,10.4.0,32,0,adamw,0.0001,0.0001,not recorded in frozen config,research-lab/experiments/registered-workflow/runs/primary/run_0013
run_0014,original,sipakmed,densenet121,B,submitted,60,60,60,1093.0,run entry through output export; wall-clock UTC difference,NVIDIA GeForce RTX 3060,3.10.14,2.4.1+cu121,0.19.1,1.26.4,10.4.0,32,0,adamw,0.0001,0.0001,not recorded in frozen config,research-lab/experiments/registered-workflow/runs/primary/run_0014
run_0015,original,sipakmed,efficientnet_b0,A,submitted,60,59,60,728.0,run entry through output export; wall-clock UTC difference,NVIDIA GeForce RTX 3060,3.10.14,2.4.1+cu121,0.19.1,1.26.4,10.4.0,32,0,adamw,0.0001,0.0001,not recorded in frozen config,research-lab/experiments/registered-workflow/runs/primary/run_0015
run_0016,original,sipakmed,efficientnet_b0,B,submitted,60,60,60,743.0,run entry through output export; wall-clock UTC difference,NVIDIA GeForce RTX 3060,3.10.14,2.4.1+cu121,0.19.1,1.26.4,10.4.0,32,0,adamw,0.0001,0.0001,not recorded in frozen config,research-lab/experiments/registered-workflow/runs/primary/run_0016
run_0017,original,sipakmed,resnet18,A,submitted,36,29,60,455.0,run entry through output export; wall-clock UTC difference,NVIDIA GeForce RTX 3060,3.10.14,2.4.1+cu121,0.19.1,1.26.4,10.4.0,32,0,adamw,0.0001,0.0001,not recorded in frozen config,research-lab/experiments/registered-workflow/runs/primary/run_0017
run_0018,original,sipakmed,resnet18,B,submitted,60,60,60,767.0,run entry through output export; wall-clock UTC difference,NVIDIA GeForce RTX 3060,3.10.14,2.4.1+cu121,0.19.1,1.26.4,10.4.0,32,0,adamw,0.0001,0.0001,not recorded in frozen config,research-lab/experiments/registered-workflow/runs/primary/run_0018
run_0019,original,sipakmed,resnet50,A,submitted,22,15,60,413.0,run entry through output export; wall-clock UTC difference,NVIDIA GeForce RTX 3060,3.10.14,2.4.1+cu121,0.19.1,1.26.4,10.4.0,32,0,adamw,0.0001,0.0001,not recorded in frozen config,research-lab/experiments/registered-workflow/runs/primary/run_0019
run_0020,original,sipakmed,resnet50,B,submitted,60,60,60,1117.0,run entry through output export; wall-clock UTC difference,NVIDIA GeForce RTX 3060,3.10.14,2.4.1+cu121,0.19.1,1.26.4,10.4.0,32,0,adamw,0.0001,0.0001,not recorded in frozen config,research-lab/experiments/registered-workflow/runs/primary/run_0020
run_0021,original,sipakmed,densenet121,A,submitted,15,8,60,276.0,run entry through output export; wall-clock UTC difference,NVIDIA GeForce RTX 3060,3.10.14,2.4.1+cu121,0.19.1,1.26.4,10.4.0,32,0,adamw,0.0001,0.0001,not recorded in frozen config,research-lab/experiments/registered-workflow/runs/primary/run_0021
run_0022,original,sipakmed,densenet121,B,submitted,60,60,60,1106.0,run entry through output export; wall-clock UTC difference,NVIDIA GeForce RTX 3060,3.10.14,2.4.1+cu121,0.19.1,1.26.4,10.4.0,32,0,adamw,0.0001,0.0001,not recorded in frozen config,research-lab/experiments/registered-workflow/runs/primary/run_0022
run_0023,original,sipakmed,efficientnet_b0,A,submitted,60,57,60,800.0,run entry through output export; wall-clock UTC difference,NVIDIA GeForce RTX 3060,3.10.14,2.4.1+cu121,0.19.1,1.26.4,10.4.0,32,0,adamw,0.0001,0.0001,not recorded in frozen config,research-lab/experiments/registered-workflow/runs/primary/run_0023
run_0024,original,sipakmed,efficientnet_b0,B,submitted,60,60,60,797.0,run entry through output export; wall-clock UTC difference,NVIDIA GeForce RTX 3060,3.10.14,2.4.1+cu121,0.19.1,1.26.4,10.4.0,32,0,adamw,0.0001,0.0001,not recorded in frozen config,research-lab/experiments/registered-workflow/runs/primary/run_0024
run_0025,original,sipakmed,resnet18,A,submitted,25,18,60,313.0,run entry through output export; wall-clock UTC difference,NVIDIA GeForce RTX 3060,3.10.14,2.4.1+cu121,0.19.1,1.26.4,10.4.0,32,0,adamw,0.0001,0.0001,not recorded in frozen config,research-lab/experiments/registered-workflow/runs/primary/run_0025
run_0026,original,sipakmed,resnet18,B,submitted,60,60,60,728.0,run entry through output export; wall-clock UTC difference,NVIDIA GeForce RTX 3060,3.10.14,2.4.1+cu121,0.19.1,1.26.4,10.4.0,32,0,adamw,0.0001,0.0001,not recorded in frozen config,research-lab/experiments/registered-workflow/runs/primary/run_0026
run_0027,original,sipakmed,resnet50,A,submitted,25,18,60,438.0,run entry through output export; wall-clock UTC difference,NVIDIA GeForce RTX 3060,3.10.14,2.4.1+cu121,0.19.1,1.26.4,10.4.0,32,0,adamw,0.0001,0.0001,not recorded in frozen config,research-lab/experiments/registered-workflow/runs/primary/run_0027
run_0028,original,sipakmed,resnet50,B,submitted,60,60,60,1042.0,run entry through output export; wall-clock UTC difference,NVIDIA GeForce RTX 3060,3.10.14,2.4.1+cu121,0.19.1,1.26.4,10.4.0,32,0,adamw,0.0001,0.0001,not recorded in frozen config,research-lab/experiments/registered-workflow/runs/primary/run_0028
run_0029,original,sipakmed,densenet121,A,submitted,18,11,60,301.0,run entry through output export; wall-clock UTC difference,NVIDIA GeForce RTX 3060,3.10.14,2.4.1+cu121,0.19.1,1.26.4,10.4.0,32,0,adamw,0.0001,0.0001,not recorded in frozen config,research-lab/experiments/registered-workflow/runs/primary/run_0029
run_0030,original,sipakmed,densenet121,B,submitted,60,60,60,1009.0,run entry through output export; wall-clock UTC difference,NVIDIA GeForce RTX 3060,3.10.14,2.4.1+cu121,0.19.1,1.26.4,10.4.0,32,0,adamw,0.0001,0.0001,not recorded in frozen config,research-lab/experiments/registered-workflow/runs/primary/run_0030
run_0031,original,sipakmed,efficientnet_b0,A,submitted,60,57,60,757.0,run entry through output export; wall-clock UTC difference,NVIDIA GeForce RTX 3060,3.10.14,2.4.1+cu121,0.19.1,1.26.4,10.4.0,32,0,adamw,0.0001,0.0001,not recorded in frozen config,research-lab/experiments/registered-workflow/runs/primary/run_0031
run_0032,original,sipakmed,efficientnet_b0,B,submitted,60,60,60,741.0,run entry through output export; wall-clock UTC difference,NVIDIA GeForce RTX 3060,3.10.14,2.4.1+cu121,0.19.1,1.26.4,10.4.0,32,0,adamw,0.0001,0.0001,not recorded in frozen config,research-lab/experiments/registered-workflow/runs/primary/run_0032
run_0033,original,sipakmed,resnet18,A,submitted,14,7,60,173.0,run entry through output export; wall-clock UTC difference,NVIDIA GeForce RTX 3060,3.10.14,2.4.1+cu121,0.19.1,1.26.4,10.4.0,32,0,adamw,0.0001,0.0001,not recorded in frozen config,research-lab/experiments/registered-workflow/runs/primary/run_0033
run_0034,original,sipakmed,resnet18,B,submitted,60,60,60,770.0,run entry through output export; wall-clock UTC difference,NVIDIA GeForce RTX 3060,3.10.14,2.4.1+cu121,0.19.1,1.26.4,10.4.0,32,0,adamw,0.0001,0.0001,not recorded in frozen config,research-lab/experiments/registered-workflow/runs/primary/run_0034
run_0035,original,sipakmed,resnet50,A,submitted,17,10,60,322.0,run entry through output export; wall-clock UTC difference,NVIDIA GeForce RTX 3060,3.10.14,2.4.1+cu121,0.19.1,1.26.4,10.4.0,32,0,adamw,0.0001,0.0001,not recorded in frozen config,research-lab/experiments/registered-workflow/runs/primary/run_0035
run_0036,original,sipakmed,resnet50,B,submitted,60,60,60,1124.0,run entry through output export; wall-clock UTC difference,NVIDIA GeForce RTX 3060,3.10.14,2.4.1+cu121,0.19.1,1.26.4,10.4.0,32,0,adamw,0.0001,0.0001,not recorded in frozen config,research-lab/experiments/registered-workflow/runs/primary/run_0036
run_0037,original,sipakmed,densenet121,A,submitted,21,14,60,394.0,run entry through output export; wall-clock UTC difference,NVIDIA GeForce RTX 3060,3.10.14,2.4.1+cu121,0.19.1,1.26.4,10.4.0,32,0,adamw,0.0001,0.0001,not recorded in frozen config,research-lab/experiments/registered-workflow/runs/primary/run_0037
run_0038,original,sipakmed,densenet121,B,submitted,60,60,60,1085.0,run entry through output export; wall-clock UTC difference,NVIDIA GeForce RTX 3060,3.10.14,2.4.1+cu121,0.19.1,1.26.4,10.4.0,32,0,adamw,0.0001,0.0001,not recorded in frozen config,research-lab/experiments/registered-workflow/runs/primary/run_0038
run_0039,original,sipakmed,efficientnet_b0,A,submitted,60,59,60,815.0,run entry through output export; wall-clock UTC difference,NVIDIA GeForce RTX 3060,3.10.14,2.4.1+cu121,0.19.1,1.26.4,10.4.0,32,0,adamw,0.0001,0.0001,not recorded in frozen config,research-lab/experiments/registered-workflow/runs/primary/run_0039
run_0040,original,sipakmed,efficientnet_b0,B,submitted,60,60,60,1026.0,run entry through output export; wall-clock UTC difference,NVIDIA GeForce RTX 3060,3.10.14,2.4.1+cu121,0.19.1,1.26.4,10.4.0,32,0,adamw,0.0001,0.0001,not recorded in frozen config,research-lab/experiments/registered-workflow/runs/primary/run_0040
run_0041,original,sipakmed,resnet18,A,submitted,22,15,60,306.0,run entry through output export; wall-clock UTC difference,NVIDIA GeForce RTX 3060,3.10.14,2.4.1+cu121,0.19.1,1.26.4,10.4.0,32,0,adamw,0.0001,0.0001,not recorded in frozen config,research-lab/experiments/registered-workflow/runs/primary/run_0041
run_0042,original,sipakmed,resnet18,B,submitted,60,60,60,765.0,run entry through output export; wall-clock UTC difference,NVIDIA GeForce RTX 3060,3.10.14,2.4.1+cu121,0.19.1,1.26.4,10.4.0,32,0,adamw,0.0001,0.0001,not recorded in frozen config,research-lab/experiments/registered-workflow/runs/primary/run_0042
run_0043,original,sipakmed,resnet50,A,submitted,15,8,60,286.0,run entry through output export; wall-clock UTC difference,NVIDIA GeForce RTX 3060,3.10.14,2.4.1+cu121,0.19.1,1.26.4,10.4.0,32,0,adamw,0.0001,0.0001,not recorded in frozen config,research-lab/experiments/registered-workflow/runs/primary/run_0043
run_0044,original,sipakmed,resnet50,B,submitted,60,60,60,1135.0,run entry through output export; wall-clock UTC difference,NVIDIA GeForce RTX 3060,3.10.14,2.4.1+cu121,0.19.1,1.26.4,10.4.0,32,0,adamw,0.0001,0.0001,not recorded in frozen config,research-lab/experiments/registered-workflow/runs/primary/run_0044
run_0045,original,sipakmed,densenet121,A,submitted,16,9,60,304.0,run entry through output export; wall-clock UTC difference,NVIDIA GeForce RTX 3060,3.10.14,2.4.1+cu121,0.19.1,1.26.4,10.4.0,32,0,adamw,0.0001,0.0001,not recorded in frozen config,research-lab/experiments/registered-workflow/runs/primary/run_0045
run_0046,original,sipakmed,densenet121,B,submitted,60,60,60,1122.0,run entry through output export; wall-clock UTC difference,NVIDIA GeForce RTX 3060,3.10.14,2.4.1+cu121,0.19.1,1.26.4,10.4.0,32,0,adamw,0.0001,0.0001,not recorded in frozen config,research-lab/experiments/registered-workflow/runs/primary/run_0046
run_0047,original,sipakmed,efficientnet_b0,A,submitted,45,38,60,574.0,run entry through output export; wall-clock UTC difference,NVIDIA GeForce RTX 3060,3.10.14,2.4.1+cu121,0.19.1,1.26.4,10.4.0,32,0,adamw,0.0001,0.0001,not recorded in frozen config,research-lab/experiments/registered-workflow/runs/primary/run_0047
run_0048,original,sipakmed,efficientnet_b0,B,submitted,60,60,60,746.0,run entry through output export; wall-clock UTC difference,NVIDIA GeForce RTX 3060,3.10.14,2.4.1+cu121,0.19.1,1.26.4,10.4.0,32,0,adamw,0.0001,0.0001,not recorded in frozen config,research-lab/experiments/registered-workflow/runs/primary/run_0048
run_0049,original,sipakmed,resnet18,A,submitted,21,14,60,275.0,run entry through output export; wall-clock UTC difference,NVIDIA GeForce RTX 3060,3.10.14,2.4.1+cu121,0.19.1,1.26.4,10.4.0,32,0,adamw,0.0001,0.0001,not recorded in frozen config,research-lab/experiments/registered-workflow/runs/primary/run_0049
run_0050,original,sipakmed,resnet18,B,submitted,60,60,60,790.0,run entry through output export; wall-clock UTC difference,NVIDIA GeForce RTX 3060,3.10.14,2.4.1+cu121,0.19.1,1.26.4,10.4.0,32,0,adamw,0.0001,0.0001,not recorded in frozen config,research-lab/experiments/registered-workflow/runs/primary/run_0050
run_0051,original,sipakmed,resnet50,A,submitted,17,10,60,320.0,run entry through output export; wall-clock UTC difference,NVIDIA GeForce RTX 3060,3.10.14,2.4.1+cu121,0.19.1,1.26.4,10.4.0,32,0,adamw,0.0001,0.0001,not recorded in frozen config,research-lab/experiments/registered-workflow/runs/primary/run_0051
run_0052,original,sipakmed,resnet50,B,submitted,60,60,60,1060.0,run entry through output export; wall-clock UTC difference,NVIDIA GeForce RTX 3060,3.10.14,2.4.1+cu121,0.19.1,1.26.4,10.4.0,32,0,adamw,0.0001,0.0001,not recorded in frozen config,research-lab/experiments/registered-workflow/runs/primary/run_0052
run_0053,original,sipakmed,densenet121,A,submitted,16,9,60,266.0,run entry through output export; wall-clock UTC difference,NVIDIA GeForce RTX 3060,3.10.14,2.4.1+cu121,0.19.1,1.26.4,10.4.0,32,0,adamw,0.0001,0.0001,not recorded in frozen config,research-lab/experiments/registered-workflow/runs/primary/run_0053
run_0054,original,sipakmed,densenet121,B,submitted,60,60,60,983.0,run entry through output export; wall-clock UTC difference,NVIDIA GeForce RTX 3060,3.10.14,2.4.1+cu121,0.19.1,1.26.4,10.4.0,32,0,adamw,0.0001,0.0001,not recorded in frozen config,research-lab/experiments/registered-workflow/runs/primary/run_0054
run_0055,original,sipakmed,efficientnet_b0,A,submitted,60,58,60,752.0,run entry through output export; wall-clock UTC difference,NVIDIA GeForce RTX 3060,3.10.14,2.4.1+cu121,0.19.1,1.26.4,10.4.0,32,0,adamw,0.0001,0.0001,not recorded in frozen config,research-lab/experiments/registered-workflow/runs/primary/run_0055
run_0056,original,sipakmed,efficientnet_b0,B,submitted,60,60,60,746.0,run entry through output export; wall-clock UTC difference,NVIDIA GeForce RTX 3060,3.10.14,2.4.1+cu121,0.19.1,1.26.4,10.4.0,32,0,adamw,0.0001,0.0001,not recorded in frozen config,research-lab/experiments/registered-workflow/runs/primary/run_0056
run_0057,original,sipakmed,resnet18,A,submitted,20,13,60,269.0,run entry through output export; wall-clock UTC difference,NVIDIA GeForce RTX 3060,3.10.14,2.4.1+cu121,0.19.1,1.26.4,10.4.0,32,0,adamw,0.0001,0.0001,not recorded in frozen config,research-lab/experiments/registered-workflow/runs/primary/run_0057
run_0058,original,sipakmed,resnet18,B,submitted,60,60,60,751.0,run entry through output export; wall-clock UTC difference,NVIDIA GeForce RTX 3060,3.10.14,2.4.1+cu121,0.19.1,1.26.4,10.4.0,32,0,adamw,0.0001,0.0001,not recorded in frozen config,research-lab/experiments/registered-workflow/runs/primary/run_0058
run_0059,original,sipakmed,resnet50,A,submitted,20,13,60,356.0,run entry through output export; wall-clock UTC difference,NVIDIA GeForce RTX 3060,3.10.14,2.4.1+cu121,0.19.1,1.26.4,10.4.0,32,0,adamw,0.0001,0.0001,not recorded in frozen config,research-lab/experiments/registered-workflow/runs/primary/run_0059
run_0060,original,sipakmed,resnet50,B,submitted,60,60,60,1059.0,run entry through output export; wall-clock UTC difference,NVIDIA GeForce RTX 3060,3.10.14,2.4.1+cu121,0.19.1,1.26.4,10.4.0,32,0,adamw,0.0001,0.0001,not recorded in frozen config,research-lab/experiments/registered-workflow/runs/primary/run_0060
run_0061,original,sipakmed,densenet121,A,submitted,14,7,60,246.0,run entry through output export; wall-clock UTC difference,NVIDIA GeForce RTX 3060,3.10.14,2.4.1+cu121,0.19.1,1.26.4,10.4.0,32,0,adamw,0.0001,0.0001,not recorded in frozen config,research-lab/experiments/registered-workflow/runs/primary/run_0061
run_0062,original,sipakmed,densenet121,B,submitted,60,60,60,1047.0,run entry through output export; wall-clock UTC difference,NVIDIA GeForce RTX 3060,3.10.14,2.4.1+cu121,0.19.1,1.26.4,10.4.0,32,0,adamw,0.0001,0.0001,not recorded in frozen config,research-lab/experiments/registered-workflow/runs/primary/run_0062
run_0063,original,sipakmed,efficientnet_b0,A,submitted,49,42,60,619.0,run entry through output export; wall-clock UTC difference,NVIDIA GeForce RTX 3060,3.10.14,2.4.1+cu121,0.19.1,1.26.4,10.4.0,32,0,adamw,0.0001,0.0001,not recorded in frozen config,research-lab/experiments/registered-workflow/runs/primary/run_0063
run_0064,original,sipakmed,efficientnet_b0,B,submitted,60,60,60,742.0,run entry through output export; wall-clock UTC difference,NVIDIA GeForce RTX 3060,3.10.14,2.4.1+cu121,0.19.1,1.26.4,10.4.0,32,0,adamw,0.0001,0.0001,not recorded in frozen config,research-lab/experiments/registered-workflow/runs/primary/run_0064
run_0065,original,sipakmed,resnet18,A,submitted,14,7,60,166.0,run entry through output export; wall-clock UTC difference,NVIDIA GeForce RTX 3060,3.10.14,2.4.1+cu121,0.19.1,1.26.4,10.4.0,32,0,adamw,0.0001,0.0001,not recorded in frozen config,research-lab/experiments/registered-workflow/runs/primary/run_0065
run_0066,original,sipakmed,resnet18,B,submitted,60,60,60,707.0,run entry through output export; wall-clock UTC difference,NVIDIA GeForce RTX 3060,3.10.14,2.4.1+cu121,0.19.1,1.26.4,10.4.0,32,0,adamw,0.0001,0.0001,not recorded in frozen config,research-lab/experiments/registered-workflow/runs/primary/run_0066
run_0067,original,sipakmed,resnet50,A,submitted,14,7,60,248.0,run entry through output export; wall-clock UTC difference,NVIDIA GeForce RTX 3060,3.10.14,2.4.1+cu121,0.19.1,1.26.4,10.4.0,32,0,adamw,0.0001,0.0001,not recorded in frozen config,research-lab/experiments/registered-workflow/runs/primary/run_0067
run_0068,original,sipakmed,resnet50,B,submitted,60,60,60,1056.0,run entry through output export; wall-clock UTC difference,NVIDIA GeForce RTX 3060,3.10.14,2.4.1+cu121,0.19.1,1.26.4,10.4.0,32,0,adamw,0.0001,0.0001,not recorded in frozen config,research-lab/experiments/registered-workflow/runs/primary/run_0068
run_0069,original,sipakmed,densenet121,A,submitted,18,11,60,319.0,run entry through output export; wall-clock UTC difference,NVIDIA GeForce RTX 3060,3.10.14,2.4.1+cu121,0.19.1,1.26.4,10.4.0,32,0,adamw,0.0001,0.0001,not recorded in frozen config,research-lab/experiments/registered-workflow/runs/primary/run_0069
run_0070,original,sipakmed,densenet121,B,submitted,60,60,60,1051.0,run entry through output export; wall-clock UTC difference,NVIDIA GeForce RTX 3060,3.10.14,2.4.1+cu121,0.19.1,1.26.4,10.4.0,32,0,adamw,0.0001,0.0001,not recorded in frozen config,research-lab/experiments/registered-workflow/runs/primary/run_0070
run_0071,original,sipakmed,efficientnet_b0,A,submitted,58,51,60,727.0,run entry through output export; wall-clock UTC difference,NVIDIA GeForce RTX 3060,3.10.14,2.4.1+cu121,0.19.1,1.26.4,10.4.0,32,0,adamw,0.0001,0.0001,not recorded in frozen config,research-lab/experiments/registered-workflow/runs/primary/run_0071
run_0072,original,sipakmed,efficientnet_b0,B,submitted,60,60,60,744.0,run entry through output export; wall-clock UTC difference,NVIDIA GeForce RTX 3060,3.10.14,2.4.1+cu121,0.19.1,1.26.4,10.4.0,32,0,adamw,0.0001,0.0001,not recorded in frozen config,research-lab/experiments/registered-workflow/runs/primary/run_0072
run_0073,original,sipakmed,resnet18,A,submitted,27,20,60,332.0,run entry through output export; wall-clock UTC difference,NVIDIA GeForce RTX 3060,3.10.14,2.4.1+cu121,0.19.1,1.26.4,10.4.0,32,0,adamw,0.0001,0.0001,not recorded in frozen config,research-lab/experiments/registered-workflow/runs/primary/run_0073
run_0074,original,sipakmed,resnet18,B,submitted,60,60,60,735.0,run entry through output export; wall-clock UTC difference,NVIDIA GeForce RTX 3060,3.10.14,2.4.1+cu121,0.19.1,1.26.4,10.4.0,32,0,adamw,0.0001,0.0001,not recorded in frozen config,research-lab/experiments/registered-workflow/runs/primary/run_0074
run_0075,original,sipakmed,resnet50,A,submitted,11,4,60,183.0,run entry through output export; wall-clock UTC difference,NVIDIA GeForce RTX 3060,3.10.14,2.4.1+cu121,0.19.1,1.26.4,10.4.0,32,0,adamw,0.0001,0.0001,not recorded in frozen config,research-lab/experiments/registered-workflow/runs/primary/run_0075
run_0076,original,sipakmed,resnet50,B,submitted,60,60,60,977.0,run entry through output export; wall-clock UTC difference,NVIDIA GeForce RTX 3060,3.10.14,2.4.1+cu121,0.19.1,1.26.4,10.4.0,32,0,adamw,0.0001,0.0001,not recorded in frozen config,research-lab/experiments/registered-workflow/runs/primary/run_0076
run_0077,original,sipakmed,densenet121,A,submitted,17,10,60,277.0,run entry through output export; wall-clock UTC difference,NVIDIA GeForce RTX 3060,3.10.14,2.4.1+cu121,0.19.1,1.26.4,10.4.0,32,0,adamw,0.0001,0.0001,not recorded in frozen config,research-lab/experiments/registered-workflow/runs/primary/run_0077
run_0078,original,sipakmed,densenet121,B,submitted,60,60,60,974.0,run entry through output export; wall-clock UTC difference,NVIDIA GeForce RTX 3060,3.10.14,2.4.1+cu121,0.19.1,1.26.4,10.4.0,32,0,adamw,0.0001,0.0001,not recorded in frozen config,research-lab/experiments/registered-workflow/runs/primary/run_0078
run_0079,original,sipakmed,efficientnet_b0,A,submitted,49,42,60,602.0,run entry through output export; wall-clock UTC difference,NVIDIA GeForce RTX 3060,3.10.14,2.4.1+cu121,0.19.1,1.26.4,10.4.0,32,0,adamw,0.0001,0.0001,not recorded in frozen config,research-lab/experiments/registered-workflow/runs/primary/run_0079
run_0080,original,sipakmed,efficientnet_b0,B,submitted,60,60,60,744.0,run entry through output export; wall-clock UTC difference,NVIDIA GeForce RTX 3060,3.10.14,2.4.1+cu121,0.19.1,1.26.4,10.4.0,32,0,adamw,0.0001,0.0001,not recorded in frozen config,research-lab/experiments/registered-workflow/runs/primary/run_0080
run_0081,original,sipakmed,resnet18,A,submitted,30,23,60,365.0,run entry through output export; wall-clock UTC difference,NVIDIA GeForce RTX 3060,3.10.14,2.4.1+cu121,0.19.1,1.26.4,10.4.0,32,0,adamw,0.0001,0.0001,not recorded in frozen config,research-lab/experiments/registered-workflow/runs/primary/run_0081
run_0082,original,sipakmed,resnet18,B,submitted,60,60,60,728.0,run entry through output export; wall-clock UTC difference,NVIDIA GeForce RTX 3060,3.10.14,2.4.1+cu121,0.19.1,1.26.4,10.4.0,32,0,adamw,0.0001,0.0001,not recorded in frozen config,research-lab/experiments/registered-workflow/runs/primary/run_0082
run_0083,original,sipakmed,resnet50,A,submitted,11,4,60,181.0,run entry through output export; wall-clock UTC difference,NVIDIA GeForce RTX 3060,3.10.14,2.4.1+cu121,0.19.1,1.26.4,10.4.0,32,0,adamw,0.0001,0.0001,not recorded in frozen config,research-lab/experiments/registered-workflow/runs/primary/run_0083
run_0084,original,sipakmed,resnet50,B,submitted,60,60,60,968.0,run entry through output export; wall-clock UTC difference,NVIDIA GeForce RTX 3060,3.10.14,2.4.1+cu121,0.19.1,1.26.4,10.4.0,32,0,adamw,0.0001,0.0001,not recorded in frozen config,research-lab/experiments/registered-workflow/runs/primary/run_0084
run_0085,original,sipakmed,densenet121,A,submitted,31,24,60,501.0,run entry through output export; wall-clock UTC difference,NVIDIA GeForce RTX 3060,3.10.14,2.4.1+cu121,0.19.1,1.26.4,10.4.0,32,0,adamw,0.0001,0.0001,not recorded in frozen config,research-lab/experiments/registered-workflow/runs/primary/run_0085
run_0086,original,sipakmed,densenet121,B,submitted,60,60,60,973.0,run entry through output export; wall-clock UTC difference,NVIDIA GeForce RTX 3060,3.10.14,2.4.1+cu121,0.19.1,1.26.4,10.4.0,32,0,adamw,0.0001,0.0001,not recorded in frozen config,research-lab/experiments/registered-workflow/runs/primary/run_0086
run_0087,original,sipakmed,efficientnet_b0,A,submitted,60,54,60,801.0,run entry through output export; wall-clock UTC difference,NVIDIA GeForce RTX 3060,3.10.14,2.4.1+cu121,0.19.1,1.26.4,10.4.0,32,0,adamw,0.0001,0.0001,not recorded in frozen config,research-lab/experiments/registered-workflow/runs/primary/run_0087
run_0088,original,sipakmed,efficientnet_b0,B,submitted,60,60,60,800.0,run entry through output export; wall-clock UTC difference,NVIDIA GeForce RTX 3060,3.10.14,2.4.1+cu121,0.19.1,1.26.4,10.4.0,32,0,adamw,0.0001,0.0001,not recorded in frozen config,research-lab/experiments/registered-workflow/runs/primary/run_0088
run_0089,original,sipakmed,resnet18,A,submitted,11,4,60,146.0,run entry through output export; wall-clock UTC difference,NVIDIA GeForce RTX 3060,3.10.14,2.4.1+cu121,0.19.1,1.26.4,10.4.0,32,0,adamw,0.0001,0.0001,not recorded in frozen config,research-lab/experiments/registered-workflow/runs/primary/run_0089
run_0090,original,sipakmed,resnet18,B,submitted,60,60,60,759.0,run entry through output export; wall-clock UTC difference,NVIDIA GeForce RTX 3060,3.10.14,2.4.1+cu121,0.19.1,1.26.4,10.4.0,32,0,adamw,0.0001,0.0001,not recorded in frozen config,research-lab/experiments/registered-workflow/runs/primary/run_0090
run_0091,original,sipakmed,resnet50,A,submitted,16,9,60,261.0,run entry through output export; wall-clock UTC difference,NVIDIA GeForce RTX 3060,3.10.14,2.4.1+cu121,0.19.1,1.26.4,10.4.0,32,0,adamw,0.0001,0.0001,not recorded in frozen config,research-lab/experiments/registered-workflow/runs/primary/run_0091
run_0092,original,sipakmed,resnet50,B,submitted,60,60,60,999.0,run entry through output export; wall-clock UTC difference,NVIDIA GeForce RTX 3060,3.10.14,2.4.1+cu121,0.19.1,1.26.4,10.4.0,32,0,adamw,0.0001,0.0001,not recorded in frozen config,research-lab/experiments/registered-workflow/runs/primary/run_0092
run_0093,original,sipakmed,densenet121,A,submitted,22,15,60,356.0,run entry through output export; wall-clock UTC difference,NVIDIA GeForce RTX 3060,3.10.14,2.4.1+cu121,0.19.1,1.26.4,10.4.0,32,0,adamw,0.0001,0.0001,not recorded in frozen config,research-lab/experiments/registered-workflow/runs/primary/run_0093
run_0094,original,sipakmed,densenet121,B,submitted,60,60,60,974.0,run entry through output export; wall-clock UTC difference,NVIDIA GeForce RTX 3060,3.10.14,2.4.1+cu121,0.19.1,1.26.4,10.4.0,32,0,adamw,0.0001,0.0001,not recorded in frozen config,research-lab/experiments/registered-workflow/runs/primary/run_0094
run_0095,original,sipakmed,efficientnet_b0,A,submitted,52,45,60,629.0,run entry through output export; wall-clock UTC difference,NVIDIA GeForce RTX 3060,3.10.14,2.4.1+cu121,0.19.1,1.26.4,10.4.0,32,0,adamw,0.0001,0.0001,not recorded in frozen config,research-lab/experiments/registered-workflow/runs/primary/run_0095
run_0096,original,sipakmed,efficientnet_b0,B,submitted,60,60,60,732.0,run entry through output export; wall-clock UTC difference,NVIDIA GeForce RTX 3060,3.10.14,2.4.1+cu121,0.19.1,1.26.4,10.4.0,32,0,adamw,0.0001,0.0001,not recorded in frozen config,research-lab/experiments/registered-workflow/runs/primary/run_0096
run_0097,original,sipakmed,resnet18,A,submitted,15,8,60,182.0,run entry through output export; wall-clock UTC difference,NVIDIA GeForce RTX 3060,3.10.14,2.4.1+cu121,0.19.1,1.26.4,10.4.0,32,0,adamw,0.0001,0.0001,not recorded in frozen config,research-lab/experiments/registered-workflow/runs/primary/run_0097
run_0098,original,sipakmed,resnet18,B,submitted,60,60,60,722.0,run entry through output export; wall-clock UTC difference,NVIDIA GeForce RTX 3060,3.10.14,2.4.1+cu121,0.19.1,1.26.4,10.4.0,32,0,adamw,0.0001,0.0001,not recorded in frozen config,research-lab/experiments/registered-workflow/runs/primary/run_0098
run_0099,original,sipakmed,resnet50,A,submitted,17,10,60,276.0,run entry through output export; wall-clock UTC difference,NVIDIA GeForce RTX 3060,3.10.14,2.4.1+cu121,0.19.1,1.26.4,10.4.0,32,0,adamw,0.0001,0.0001,not recorded in frozen config,research-lab/experiments/registered-workflow/runs/primary/run_0099
run_0100,original,sipakmed,resnet50,B,submitted,60,60,60,1055.0,run entry through output export; wall-clock UTC difference,NVIDIA GeForce RTX 3060,3.10.14,2.4.1+cu121,0.19.1,1.26.4,10.4.0,32,0,adamw,0.0001,0.0001,not recorded in frozen config,research-lab/experiments/registered-workflow/runs/primary/run_0100
run_0101,original,sipakmed,densenet121,A,submitted,25,18,60,398.0,run entry through output export; wall-clock UTC difference,NVIDIA GeForce RTX 3060,3.10.14,2.4.1+cu121,0.19.1,1.26.4,10.4.0,32,0,adamw,0.0001,0.0001,not recorded in frozen config,research-lab/experiments/registered-workflow/runs/primary/run_0101
run_0102,original,sipakmed,densenet121,B,submitted,60,60,60,921.0,run entry through output export; wall-clock UTC difference,NVIDIA GeForce RTX 3060,3.10.14,2.4.1+cu121,0.19.1,1.26.4,10.4.0,32,0,adamw,0.0001,0.0001,not recorded in frozen config,research-lab/experiments/registered-workflow/runs/primary/run_0102
run_0103,original,sipakmed,efficientnet_b0,A,submitted,59,52,60,713.0,run entry through output export; wall-clock UTC difference,NVIDIA GeForce RTX 3060,3.10.14,2.4.1+cu121,0.19.1,1.26.4,10.4.0,32,0,adamw,0.0001,0.0001,not recorded in frozen config,research-lab/experiments/registered-workflow/runs/primary/run_0103
run_0104,original,sipakmed,efficientnet_b0,B,submitted,60,60,60,701.0,run entry through output export; wall-clock UTC difference,NVIDIA GeForce RTX 3060,3.10.14,2.4.1+cu121,0.19.1,1.26.4,10.4.0,32,0,adamw,0.0001,0.0001,not recorded in frozen config,research-lab/experiments/registered-workflow/runs/primary/run_0104
run_0105,original,sipakmed,resnet18,A,submitted,23,16,60,269.0,run entry through output export; wall-clock UTC difference,NVIDIA GeForce RTX 3060,3.10.14,2.4.1+cu121,0.19.1,1.26.4,10.4.0,32,0,adamw,0.0001,0.0001,not recorded in frozen config,research-lab/experiments/registered-workflow/runs/primary/run_0105
run_0106,original,sipakmed,resnet18,B,submitted,60,60,60,730.0,run entry through output export; wall-clock UTC difference,NVIDIA GeForce RTX 3060,3.10.14,2.4.1+cu121,0.19.1,1.26.4,10.4.0,32,0,adamw,0.0001,0.0001,not recorded in frozen config,research-lab/experiments/registered-workflow/runs/primary/run_0106
run_0107,original,sipakmed,resnet50,A,submitted,22,15,60,387.0,run entry through output export; wall-clock UTC difference,NVIDIA GeForce RTX 3060,3.10.14,2.4.1+cu121,0.19.1,1.26.4,10.4.0,32,0,adamw,0.0001,0.0001,not recorded in frozen config,research-lab/experiments/registered-workflow/runs/primary/run_0107
run_0108,original,sipakmed,resnet50,B,submitted,60,60,60,1053.0,run entry through output export; wall-clock UTC difference,NVIDIA GeForce RTX 3060,3.10.14,2.4.1+cu121,0.19.1,1.26.4,10.4.0,32,0,adamw,0.0001,0.0001,not recorded in frozen config,research-lab/experiments/registered-workflow/runs/primary/run_0108
run_0109,original,sipakmed,densenet121,A,submitted,20,13,60,351.0,run entry through output export; wall-clock UTC difference,NVIDIA GeForce RTX 3060,3.10.14,2.4.1+cu121,0.19.1,1.26.4,10.4.0,32,0,adamw,0.0001,0.0001,not recorded in frozen config,research-lab/experiments/registered-workflow/runs/primary/run_0109
run_0110,original,sipakmed,densenet121,B,submitted,60,60,60,1033.0,run entry through output export; wall-clock UTC difference,NVIDIA GeForce RTX 3060,3.10.14,2.4.1+cu121,0.19.1,1.26.4,10.4.0,32,0,adamw,0.0001,0.0001,not recorded in frozen config,research-lab/experiments/registered-workflow/runs/primary/run_0110
run_0111,original,sipakmed,efficientnet_b0,A,submitted,60,53,60,705.0,run entry through output export; wall-clock UTC difference,NVIDIA GeForce RTX 3060,3.10.14,2.4.1+cu121,0.19.1,1.26.4,10.4.0,32,0,adamw,0.0001,0.0001,not recorded in frozen config,research-lab/experiments/registered-workflow/runs/primary/run_0111
run_0112,original,sipakmed,efficientnet_b0,B,submitted,60,60,60,729.0,run entry through output export; wall-clock UTC difference,NVIDIA GeForce RTX 3060,3.10.14,2.4.1+cu121,0.19.1,1.26.4,10.4.0,32,0,adamw,0.0001,0.0001,not recorded in frozen config,research-lab/experiments/registered-workflow/runs/primary/run_0112
run_0113,original,sipakmed,resnet18,A,submitted,18,11,60,225.0,run entry through output export; wall-clock UTC difference,NVIDIA GeForce RTX 3060,3.10.14,2.4.1+cu121,0.19.1,1.26.4,10.4.0,32,0,adamw,0.0001,0.0001,not recorded in frozen config,research-lab/experiments/registered-workflow/runs/primary/run_0113
run_0114,original,sipakmed,resnet18,B,submitted,60,60,60,751.0,run entry through output export; wall-clock UTC difference,NVIDIA GeForce RTX 3060,3.10.14,2.4.1+cu121,0.19.1,1.26.4,10.4.0,32,0,adamw,0.0001,0.0001,not recorded in frozen config,research-lab/experiments/registered-workflow/runs/primary/run_0114
run_0115,original,sipakmed,resnet50,A,submitted,10,3,60,181.0,run entry through output export; wall-clock UTC difference,NVIDIA GeForce RTX 3060,3.10.14,2.4.1+cu121,0.19.1,1.26.4,10.4.0,32,0,adamw,0.0001,0.0001,not recorded in frozen config,research-lab/experiments/registered-workflow/runs/primary/run_0115
run_0116,original,sipakmed,resnet50,B,submitted,60,60,60,1048.0,run entry through output export; wall-clock UTC difference,NVIDIA GeForce RTX 3060,3.10.14,2.4.1+cu121,0.19.1,1.26.4,10.4.0,32,0,adamw,0.0001,0.0001,not recorded in frozen config,research-lab/experiments/registered-workflow/runs/primary/run_0116
run_0117,original,sipakmed,densenet121,A,submitted,18,11,60,315.0,run entry through output export; wall-clock UTC difference,NVIDIA GeForce RTX 3060,3.10.14,2.4.1+cu121,0.19.1,1.26.4,10.4.0,32,0,adamw,0.0001,0.0001,not recorded in frozen config,research-lab/experiments/registered-workflow/runs/primary/run_0117
run_0118,original,sipakmed,densenet121,B,submitted,60,60,60,1047.0,run entry through output export; wall-clock UTC difference,NVIDIA GeForce RTX 3060,3.10.14,2.4.1+cu121,0.19.1,1.26.4,10.4.0,32,0,adamw,0.0001,0.0001,not recorded in frozen config,research-lab/experiments/registered-workflow/runs/primary/run_0118
run_0119,original,sipakmed,efficientnet_b0,A,submitted,38,31,60,481.0,run entry through output export; wall-clock UTC difference,NVIDIA GeForce RTX 3060,3.10.14,2.4.1+cu121,0.19.1,1.26.4,10.4.0,32,0,adamw,0.0001,0.0001,not recorded in frozen config,research-lab/experiments/registered-workflow/runs/primary/run_0119
run_0120,original,sipakmed,efficientnet_b0,B,submitted,60,60,60,753.0,run entry through output export; wall-clock UTC difference,NVIDIA GeForce RTX 3060,3.10.14,2.4.1+cu121,0.19.1,1.26.4,10.4.0,32,0,adamw,0.0001,0.0001,not recorded in frozen config,research-lab/experiments/registered-workflow/runs/primary/run_0120
run_0121,original,sipakmed,resnet18,A,submitted,12,5,60,148.0,run entry through output export; wall-clock UTC difference,NVIDIA GeForce RTX 3060,3.10.14,2.4.1+cu121,0.19.1,1.26.4,10.4.0,32,0,adamw,0.0001,0.0001,not recorded in frozen config,research-lab/experiments/registered-workflow/runs/primary/run_0121
run_0122,original,sipakmed,resnet18,B,submitted,60,60,60,737.0,run entry through output export; wall-clock UTC difference,NVIDIA GeForce RTX 3060,3.10.14,2.4.1+cu121,0.19.1,1.26.4,10.4.0,32,0,adamw,0.0001,0.0001,not recorded in frozen config,research-lab/experiments/registered-workflow/runs/primary/run_0122
run_0123,original,sipakmed,resnet50,A,submitted,10,3,60,179.0,run entry through output export; wall-clock UTC difference,NVIDIA GeForce RTX 3060,3.10.14,2.4.1+cu121,0.19.1,1.26.4,10.4.0,32,0,adamw,0.0001,0.0001,not recorded in frozen config,research-lab/experiments/registered-workflow/runs/primary/run_0123
run_0124,original,sipakmed,resnet50,B,submitted,60,60,60,1054.0,run entry through output export; wall-clock UTC difference,NVIDIA GeForce RTX 3060,3.10.14,2.4.1+cu121,0.19.1,1.26.4,10.4.0,32,0,adamw,0.0001,0.0001,not recorded in frozen config,research-lab/experiments/registered-workflow/runs/primary/run_0124
run_0125,original,sipakmed,densenet121,A,submitted,25,18,60,439.0,run entry through output export; wall-clock UTC difference,NVIDIA GeForce RTX 3060,3.10.14,2.4.1+cu121,0.19.1,1.26.4,10.4.0,32,0,adamw,0.0001,0.0001,not recorded in frozen config,research-lab/experiments/registered-workflow/runs/primary/run_0125
run_0126,original,sipakmed,densenet121,B,submitted,60,60,60,1035.0,run entry through output export; wall-clock UTC difference,NVIDIA GeForce RTX 3060,3.10.14,2.4.1+cu121,0.19.1,1.26.4,10.4.0,32,0,adamw,0.0001,0.0001,not recorded in frozen config,research-lab/experiments/registered-workflow/runs/primary/run_0126
run_0127,original,sipakmed,efficientnet_b0,A,submitted,40,33,60,507.0,run entry through output export; wall-clock UTC difference,NVIDIA GeForce RTX 3060,3.10.14,2.4.1+cu121,0.19.1,1.26.4,10.4.0,32,0,adamw,0.0001,0.0001,not recorded in frozen config,research-lab/experiments/registered-workflow/runs/primary/run_0127
run_0128,original,sipakmed,efficientnet_b0,B,submitted,60,60,60,754.0,run entry through output export; wall-clock UTC difference,NVIDIA GeForce RTX 3060,3.10.14,2.4.1+cu121,0.19.1,1.26.4,10.4.0,32,0,adamw,0.0001,0.0001,not recorded in frozen config,research-lab/experiments/registered-workflow/runs/primary/run_0128
run_0129,original,sipakmed,resnet18,A,submitted,12,5,60,151.0,run entry through output export; wall-clock UTC difference,NVIDIA GeForce RTX 3060,3.10.14,2.4.1+cu121,0.19.1,1.26.4,10.4.0,32,0,adamw,0.0001,0.0001,not recorded in frozen config,research-lab/experiments/registered-workflow/runs/primary/run_0129
run_0130,original,sipakmed,resnet18,B,submitted,60,60,60,747.0,run entry through output export; wall-clock UTC difference,NVIDIA GeForce RTX 3060,3.10.14,2.4.1+cu121,0.19.1,1.26.4,10.4.0,32,0,adamw,0.0001,0.0001,not recorded in frozen config,research-lab/experiments/registered-workflow/runs/primary/run_0130
run_0131,original,sipakmed,resnet50,A,submitted,21,14,60,367.0,run entry through output export; wall-clock UTC difference,NVIDIA GeForce RTX 3060,3.10.14,2.4.1+cu121,0.19.1,1.26.4,10.4.0,32,0,adamw,0.0001,0.0001,not recorded in frozen config,research-lab/experiments/registered-workflow/runs/primary/run_0131
run_0132,original,sipakmed,resnet50,B,submitted,60,60,60,1053.0,run entry through output export; wall-clock UTC difference,NVIDIA GeForce RTX 3060,3.10.14,2.4.1+cu121,0.19.1,1.26.4,10.4.0,32,0,adamw,0.0001,0.0001,not recorded in frozen config,research-lab/experiments/registered-workflow/runs/primary/run_0132
run_0133,original,sipakmed,densenet121,A,submitted,26,19,60,457.0,run entry through output export; wall-clock UTC difference,NVIDIA GeForce RTX 3060,3.10.14,2.4.1+cu121,0.19.1,1.26.4,10.4.0,32,0,adamw,0.0001,0.0001,not recorded in frozen config,research-lab/experiments/registered-workflow/runs/primary/run_0133
run_0134,original,sipakmed,densenet121,B,submitted,60,60,60,1046.0,run entry through output export; wall-clock UTC difference,NVIDIA GeForce RTX 3060,3.10.14,2.4.1+cu121,0.19.1,1.26.4,10.4.0,32,0,adamw,0.0001,0.0001,not recorded in frozen config,research-lab/experiments/registered-workflow/runs/primary/run_0134
run_0135,original,sipakmed,efficientnet_b0,A,submitted,57,50,60,721.0,run entry through output export; wall-clock UTC difference,NVIDIA GeForce RTX 3060,3.10.14,2.4.1+cu121,0.19.1,1.26.4,10.4.0,32,0,adamw,0.0001,0.0001,not recorded in frozen config,research-lab/experiments/registered-workflow/runs/primary/run_0135
run_0136,original,sipakmed,efficientnet_b0,B,submitted,60,60,60,747.0,run entry through output export; wall-clock UTC difference,NVIDIA GeForce RTX 3060,3.10.14,2.4.1+cu121,0.19.1,1.26.4,10.4.0,32,0,adamw,0.0001,0.0001,not recorded in frozen config,research-lab/experiments/registered-workflow/runs/primary/run_0136
run_0137,original,sipakmed,resnet18,A,submitted,27,20,60,339.0,run entry through output export; wall-clock UTC difference,NVIDIA GeForce RTX 3060,3.10.14,2.4.1+cu121,0.19.1,1.26.4,10.4.0,32,0,adamw,0.0001,0.0001,not recorded in frozen config,research-lab/experiments/registered-workflow/runs/primary/run_0137
run_0138,original,sipakmed,resnet18,B,submitted,60,60,60,743.0,run entry through output export; wall-clock UTC difference,NVIDIA GeForce RTX 3060,3.10.14,2.4.1+cu121,0.19.1,1.26.4,10.4.0,32,0,adamw,0.0001,0.0001,not recorded in frozen config,research-lab/experiments/registered-workflow/runs/primary/run_0138
run_0139,original,sipakmed,resnet50,A,submitted,20,13,60,354.0,run entry through output export; wall-clock UTC difference,NVIDIA GeForce RTX 3060,3.10.14,2.4.1+cu121,0.19.1,1.26.4,10.4.0,32,0,adamw,0.0001,0.0001,not recorded in frozen config,research-lab/experiments/registered-workflow/runs/primary/run_0139
run_0140,original,sipakmed,resnet50,B,submitted,60,60,60,1055.0,run entry through output export; wall-clock UTC difference,NVIDIA GeForce RTX 3060,3.10.14,2.4.1+cu121,0.19.1,1.26.4,10.4.0,32,0,adamw,0.0001,0.0001,not recorded in frozen config,research-lab/experiments/registered-workflow/runs/primary/run_0140
run_0141,original,sipakmed,densenet121,A,submitted,22,15,60,382.0,run entry through output export; wall-clock UTC difference,NVIDIA GeForce RTX 3060,3.10.14,2.4.1+cu121,0.19.1,1.26.4,10.4.0,32,0,adamw,0.0001,0.0001,not recorded in frozen config,research-lab/experiments/registered-workflow/runs/primary/run_0141
run_0142,original,sipakmed,densenet121,B,submitted,60,60,60,1045.0,run entry through output export; wall-clock UTC difference,NVIDIA GeForce RTX 3060,3.10.14,2.4.1+cu121,0.19.1,1.26.4,10.4.0,32,0,adamw,0.0001,0.0001,not recorded in frozen config,research-lab/experiments/registered-workflow/runs/primary/run_0142
run_0143,original,sipakmed,efficientnet_b0,A,submitted,60,58,60,756.0,run entry through output export; wall-clock UTC difference,NVIDIA GeForce RTX 3060,3.10.14,2.4.1+cu121,0.19.1,1.26.4,10.4.0,32,0,adamw,0.0001,0.0001,not recorded in frozen config,research-lab/experiments/registered-workflow/runs/primary/run_0143
run_0144,original,sipakmed,efficientnet_b0,B,submitted,60,60,60,749.0,run entry through output export; wall-clock UTC difference,NVIDIA GeForce RTX 3060,3.10.14,2.4.1+cu121,0.19.1,1.26.4,10.4.0,32,0,adamw,0.0001,0.0001,not recorded in frozen config,research-lab/experiments/registered-workflow/runs/primary/run_0144
run_0145,original,sipakmed,resnet18,A,submitted,9,2,60,114.0,run entry through output export; wall-clock UTC difference,NVIDIA GeForce RTX 3060,3.10.14,2.4.1+cu121,0.19.1,1.26.4,10.4.0,32,0,adamw,0.0001,0.0001,not recorded in frozen config,research-lab/experiments/registered-workflow/runs/primary/run_0145
run_0146,original,sipakmed,resnet18,B,submitted,60,60,60,753.0,run entry through output export; wall-clock UTC difference,NVIDIA GeForce RTX 3060,3.10.14,2.4.1+cu121,0.19.1,1.26.4,10.4.0,32,0,adamw,0.0001,0.0001,not recorded in frozen config,research-lab/experiments/registered-workflow/runs/primary/run_0146
run_0147,original,sipakmed,resnet50,A,submitted,12,5,60,191.0,run entry through output export; wall-clock UTC difference,NVIDIA GeForce RTX 3060,3.10.14,2.4.1+cu121,0.19.1,1.26.4,10.4.0,32,0,adamw,0.0001,0.0001,not recorded in frozen config,research-lab/experiments/registered-workflow/runs/primary/run_0147
run_0148,original,sipakmed,resnet50,B,submitted,60,60,60,935.0,run entry through output export; wall-clock UTC difference,NVIDIA GeForce RTX 3060,3.10.14,2.4.1+cu121,0.19.1,1.26.4,10.4.0,32,0,adamw,0.0001,0.0001,not recorded in frozen config,research-lab/experiments/registered-workflow/runs/primary/run_0148
run_0149,original,sipakmed,densenet121,A,submitted,25,18,60,427.0,run entry through output export; wall-clock UTC difference,NVIDIA GeForce RTX 3060,3.10.14,2.4.1+cu121,0.19.1,1.26.4,10.4.0,32,0,adamw,0.0001,0.0001,not recorded in frozen config,research-lab/experiments/registered-workflow/runs/primary/run_0149
run_0150,original,sipakmed,densenet121,B,submitted,60,60,60,1041.0,run entry through output export; wall-clock UTC difference,NVIDIA GeForce RTX 3060,3.10.14,2.4.1+cu121,0.19.1,1.26.4,10.4.0,32,0,adamw,0.0001,0.0001,not recorded in frozen config,research-lab/experiments/registered-workflow/runs/primary/run_0150
run_0151,original,sipakmed,efficientnet_b0,A,submitted,54,47,60,672.0,run entry through output export; wall-clock UTC difference,NVIDIA GeForce RTX 3060,3.10.14,2.4.1+cu121,0.19.1,1.26.4,10.4.0,32,0,adamw,0.0001,0.0001,not recorded in frozen config,research-lab/experiments/registered-workflow/runs/primary/run_0151
run_0152,original,sipakmed,efficientnet_b0,B,submitted,60,60,60,752.0,run entry through output export; wall-clock UTC difference,NVIDIA GeForce RTX 3060,3.10.14,2.4.1+cu121,0.19.1,1.26.4,10.4.0,32,0,adamw,0.0001,0.0001,not recorded in frozen config,research-lab/experiments/registered-workflow/runs/primary/run_0152
run_0153,original,sipakmed,resnet18,A,submitted,13,6,60,165.0,run entry through output export; wall-clock UTC difference,NVIDIA GeForce RTX 3060,3.10.14,2.4.1+cu121,0.19.1,1.26.4,10.4.0,32,0,adamw,0.0001,0.0001,not recorded in frozen config,research-lab/experiments/registered-workflow/runs/primary/run_0153
run_0154,original,sipakmed,resnet18,B,submitted,60,60,60,741.0,run entry through output export; wall-clock UTC difference,NVIDIA GeForce RTX 3060,3.10.14,2.4.1+cu121,0.19.1,1.26.4,10.4.0,32,0,adamw,0.0001,0.0001,not recorded in frozen config,research-lab/experiments/registered-workflow/runs/primary/run_0154
run_0155,original,sipakmed,resnet50,A,submitted,10,3,60,178.0,run entry through output export; wall-clock UTC difference,NVIDIA GeForce RTX 3060,3.10.14,2.4.1+cu121,0.19.1,1.26.4,10.4.0,32,0,adamw,0.0001,0.0001,not recorded in frozen config,research-lab/experiments/registered-workflow/runs/primary/run_0155
run_0156,original,sipakmed,resnet50,B,submitted,60,60,60,1042.0,run entry through output export; wall-clock UTC difference,NVIDIA GeForce RTX 3060,3.10.14,2.4.1+cu121,0.19.1,1.26.4,10.4.0,32,0,adamw,0.0001,0.0001,not recorded in frozen config,research-lab/experiments/registered-workflow/runs/primary/run_0156
run_0157,original,sipakmed,densenet121,A,submitted,22,15,60,385.0,run entry through output export; wall-clock UTC difference,NVIDIA GeForce RTX 3060,3.10.14,2.4.1+cu121,0.19.1,1.26.4,10.4.0,32,0,adamw,0.0001,0.0001,not recorded in frozen config,research-lab/experiments/registered-workflow/runs/primary/run_0157
run_0158,original,sipakmed,densenet121,B,submitted,60,60,60,1044.0,run entry through output export; wall-clock UTC difference,NVIDIA GeForce RTX 3060,3.10.14,2.4.1+cu121,0.19.1,1.26.4,10.4.0,32,0,adamw,0.0001,0.0001,not recorded in frozen config,research-lab/experiments/registered-workflow/runs/primary/run_0158
run_0159,original,sipakmed,efficientnet_b0,A,submitted,49,42,60,617.0,run entry through output export; wall-clock UTC difference,NVIDIA GeForce RTX 3060,3.10.14,2.4.1+cu121,0.19.1,1.26.4,10.4.0,32,0,adamw,0.0001,0.0001,not recorded in frozen config,research-lab/experiments/registered-workflow/runs/primary/run_0159
run_0160,original,sipakmed,efficientnet_b0,B,submitted,60,60,60,753.0,run entry through output export; wall-clock UTC difference,NVIDIA GeForce RTX 3060,3.10.14,2.4.1+cu121,0.19.1,1.26.4,10.4.0,32,0,adamw,0.0001,0.0001,not recorded in frozen config,research-lab/experiments/registered-workflow/runs/primary/run_0160
run_0161,original,sipakmed,resnet18,A,submitted,15,8,60,184.0,run entry through output export; wall-clock UTC difference,NVIDIA GeForce RTX 3060,3.10.14,2.4.1+cu121,0.19.1,1.26.4,10.4.0,32,0,adamw,0.0001,0.0001,not recorded in frozen config,research-lab/experiments/registered-workflow/runs/primary/run_0161
run_0162,original,sipakmed,resnet18,B,submitted,60,60,60,734.0,run entry through output export; wall-clock UTC difference,NVIDIA GeForce RTX 3060,3.10.14,2.4.1+cu121,0.19.1,1.26.4,10.4.0,32,0,adamw,0.0001,0.0001,not recorded in frozen config,research-lab/experiments/registered-workflow/runs/primary/run_0162
run_0163,original,sipakmed,resnet50,A,submitted,20,13,60,353.0,run entry through output export; wall-clock UTC difference,NVIDIA GeForce RTX 3060,3.10.14,2.4.1+cu121,0.19.1,1.26.4,10.4.0,32,0,adamw,0.0001,0.0001,not recorded in frozen config,research-lab/experiments/registered-workflow/runs/primary/run_0163
run_0164,original,sipakmed,resnet50,B,submitted,60,60,60,974.0,run entry through output export; wall-clock UTC difference,NVIDIA GeForce RTX 3060,3.10.14,2.4.1+cu121,0.19.1,1.26.4,10.4.0,32,0,adamw,0.0001,0.0001,not recorded in frozen config,research-lab/experiments/registered-workflow/runs/primary/run_0164
run_0165,original,sipakmed,densenet121,A,submitted,18,11,60,280.0,run entry through output export; wall-clock UTC difference,NVIDIA GeForce RTX 3060,3.10.14,2.4.1+cu121,0.19.1,1.26.4,10.4.0,32,0,adamw,0.0001,0.0001,not recorded in frozen config,research-lab/experiments/registered-workflow/runs/primary/run_0165
run_0166,original,sipakmed,densenet121,B,submitted,60,60,60,928.0,run entry through output export; wall-clock UTC difference,NVIDIA GeForce RTX 3060,3.10.14,2.4.1+cu121,0.19.1,1.26.4,10.4.0,32,0,adamw,0.0001,0.0001,not recorded in frozen config,research-lab/experiments/registered-workflow/runs/primary/run_0166
run_0167,original,sipakmed,efficientnet_b0,A,submitted,54,47,60,646.0,run entry through output export; wall-clock UTC difference,NVIDIA GeForce RTX 3060,3.10.14,2.4.1+cu121,0.19.1,1.26.4,10.4.0,32,0,adamw,0.0001,0.0001,not recorded in frozen config,research-lab/experiments/registered-workflow/runs/primary/run_0167
run_0168,original,sipakmed,efficientnet_b0,B,submitted,60,60,60,754.0,run entry through output export; wall-clock UTC difference,NVIDIA GeForce RTX 3060,3.10.14,2.4.1+cu121,0.19.1,1.26.4,10.4.0,32,0,adamw,0.0001,0.0001,not recorded in frozen config,research-lab/experiments/registered-workflow/runs/primary/run_0168
run_0169,original,sipakmed,resnet18,A,submitted,12,5,60,152.0,run entry through output export; wall-clock UTC difference,NVIDIA GeForce RTX 3060,3.10.14,2.4.1+cu121,0.19.1,1.26.4,10.4.0,32,0,adamw,0.0001,0.0001,not recorded in frozen config,research-lab/experiments/registered-workflow/runs/primary/run_0169
run_0170,original,sipakmed,resnet18,B,submitted,60,60,60,745.0,run entry through output export; wall-clock UTC difference,NVIDIA GeForce RTX 3060,3.10.14,2.4.1+cu121,0.19.1,1.26.4,10.4.0,32,0,adamw,0.0001,0.0001,not recorded in frozen config,research-lab/experiments/registered-workflow/runs/primary/run_0170
run_0171,original,sipakmed,resnet50,A,submitted,11,4,60,194.0,run entry through output export; wall-clock UTC difference,NVIDIA GeForce RTX 3060,3.10.14,2.4.1+cu121,0.19.1,1.26.4,10.4.0,32,0,adamw,0.0001,0.0001,not recorded in frozen config,research-lab/experiments/registered-workflow/runs/primary/run_0171
run_0172,original,sipakmed,resnet50,B,submitted,60,60,60,1050.0,run entry through output export; wall-clock UTC difference,NVIDIA GeForce RTX 3060,3.10.14,2.4.1+cu121,0.19.1,1.26.4,10.4.0,32,0,adamw,0.0001,0.0001,not recorded in frozen config,research-lab/experiments/registered-workflow/runs/primary/run_0172
run_0173,original,sipakmed,densenet121,A,submitted,14,7,60,247.0,run entry through output export; wall-clock UTC difference,NVIDIA GeForce RTX 3060,3.10.14,2.4.1+cu121,0.19.1,1.26.4,10.4.0,32,0,adamw,0.0001,0.0001,not recorded in frozen config,research-lab/experiments/registered-workflow/runs/primary/run_0173
run_0174,original,sipakmed,densenet121,B,submitted,60,60,60,1044.0,run entry through output export; wall-clock UTC difference,NVIDIA GeForce RTX 3060,3.10.14,2.4.1+cu121,0.19.1,1.26.4,10.4.0,32,0,adamw,0.0001,0.0001,not recorded in frozen config,research-lab/experiments/registered-workflow/runs/primary/run_0174
run_0175,original,sipakmed,efficientnet_b0,A,submitted,60,58,60,756.0,run entry through output export; wall-clock UTC difference,NVIDIA GeForce RTX 3060,3.10.14,2.4.1+cu121,0.19.1,1.26.4,10.4.0,32,0,adamw,0.0001,0.0001,not recorded in frozen config,research-lab/experiments/registered-workflow/runs/primary/run_0175
run_0176,original,sipakmed,efficientnet_b0,B,submitted,60,60,60,740.0,run entry through output export; wall-clock UTC difference,NVIDIA GeForce RTX 3060,3.10.14,2.4.1+cu121,0.19.1,1.26.4,10.4.0,32,0,adamw,0.0001,0.0001,not recorded in frozen config,research-lab/experiments/registered-workflow/runs/primary/run_0176
run_0177,original,sipakmed,resnet18,A,submitted,16,9,60,199.0,run entry through output export; wall-clock UTC difference,NVIDIA GeForce RTX 3060,3.10.14,2.4.1+cu121,0.19.1,1.26.4,10.4.0,32,0,adamw,0.0001,0.0001,not recorded in frozen config,research-lab/experiments/registered-workflow/runs/primary/run_0177
run_0178,original,sipakmed,resnet18,B,submitted,60,60,60,744.0,run entry through output export; wall-clock UTC difference,NVIDIA GeForce RTX 3060,3.10.14,2.4.1+cu121,0.19.1,1.26.4,10.4.0,32,0,adamw,0.0001,0.0001,not recorded in frozen config,research-lab/experiments/registered-workflow/runs/primary/run_0178
run_0179,original,sipakmed,resnet50,A,submitted,14,7,60,248.0,run entry through output export; wall-clock UTC difference,NVIDIA GeForce RTX 3060,3.10.14,2.4.1+cu121,0.19.1,1.26.4,10.4.0,32,0,adamw,0.0001,0.0001,not recorded in frozen config,research-lab/experiments/registered-workflow/runs/primary/run_0179
run_0180,original,sipakmed,resnet50,B,submitted,60,60,60,998.0,run entry through output export; wall-clock UTC difference,NVIDIA GeForce RTX 3060,3.10.14,2.4.1+cu121,0.19.1,1.26.4,10.4.0,32,0,adamw,0.0001,0.0001,not recorded in frozen config,research-lab/experiments/registered-workflow/runs/primary/run_0180
run_0181,original,sipakmed,densenet121,A,submitted,16,9,60,249.0,run entry through output export; wall-clock UTC difference,NVIDIA GeForce RTX 3060,3.10.14,2.4.1+cu121,0.19.1,1.26.4,10.4.0,32,0,adamw,0.0001,0.0001,not recorded in frozen config,research-lab/experiments/registered-workflow/runs/primary/run_0181
run_0182,original,sipakmed,densenet121,B,submitted,60,60,60,995.0,run entry through output export; wall-clock UTC difference,NVIDIA GeForce RTX 3060,3.10.14,2.4.1+cu121,0.19.1,1.26.4,10.4.0,32,0,adamw,0.0001,0.0001,not recorded in frozen config,research-lab/experiments/registered-workflow/runs/primary/run_0182
run_0183,original,sipakmed,efficientnet_b0,A,submitted,56,49,60,709.0,run entry through output export; wall-clock UTC difference,NVIDIA GeForce RTX 3060,3.10.14,2.4.1+cu121,0.19.1,1.26.4,10.4.0,32,0,adamw,0.0001,0.0001,not recorded in frozen config,research-lab/experiments/registered-workflow/runs/primary/run_0183
run_0184,original,sipakmed,efficientnet_b0,B,submitted,60,60,60,755.0,run entry through output export; wall-clock UTC difference,NVIDIA GeForce RTX 3060,3.10.14,2.4.1+cu121,0.19.1,1.26.4,10.4.0,32,0,adamw,0.0001,0.0001,not recorded in frozen config,research-lab/experiments/registered-workflow/runs/primary/run_0184
run_0185,original,sipakmed,resnet18,A,submitted,12,5,60,152.0,run entry through output export; wall-clock UTC difference,NVIDIA GeForce RTX 3060,3.10.14,2.4.1+cu121,0.19.1,1.26.4,10.4.0,32,0,adamw,0.0001,0.0001,not recorded in frozen config,research-lab/experiments/registered-workflow/runs/primary/run_0185
run_0186,original,sipakmed,resnet18,B,submitted,60,60,60,738.0,run entry through output export; wall-clock UTC difference,NVIDIA GeForce RTX 3060,3.10.14,2.4.1+cu121,0.19.1,1.26.4,10.4.0,32,0,adamw,0.0001,0.0001,not recorded in frozen config,research-lab/experiments/registered-workflow/runs/primary/run_0186
run_0187,original,sipakmed,resnet50,A,submitted,14,7,60,249.0,run entry through output export; wall-clock UTC difference,NVIDIA GeForce RTX 3060,3.10.14,2.4.1+cu121,0.19.1,1.26.4,10.4.0,32,0,adamw,0.0001,0.0001,not recorded in frozen config,research-lab/experiments/registered-workflow/runs/primary/run_0187
run_0188,original,sipakmed,resnet50,B,submitted,60,60,60,1055.0,run entry through output export; wall-clock UTC difference,NVIDIA GeForce RTX 3060,3.10.14,2.4.1+cu121,0.19.1,1.26.4,10.4.0,32,0,adamw,0.0001,0.0001,not recorded in frozen config,research-lab/experiments/registered-workflow/runs/primary/run_0188
run_0189,original,sipakmed,densenet121,A,submitted,15,8,60,266.0,run entry through output export; wall-clock UTC difference,NVIDIA GeForce RTX 3060,3.10.14,2.4.1+cu121,0.19.1,1.26.4,10.4.0,32,0,adamw,0.0001,0.0001,not recorded in frozen config,research-lab/experiments/registered-workflow/runs/primary/run_0189
run_0190,original,sipakmed,densenet121,B,submitted,60,60,60,1048.0,run entry through output export; wall-clock UTC difference,NVIDIA GeForce RTX 3060,3.10.14,2.4.1+cu121,0.19.1,1.26.4,10.4.0,32,0,adamw,0.0001,0.0001,not recorded in frozen config,research-lab/experiments/registered-workflow/runs/primary/run_0190
run_0191,original,sipakmed,efficientnet_b0,A,submitted,60,60,60,752.0,run entry through output export; wall-clock UTC difference,NVIDIA GeForce RTX 3060,3.10.14,2.4.1+cu121,0.19.1,1.26.4,10.4.0,32,0,adamw,0.0001,0.0001,not recorded in frozen config,research-lab/experiments/registered-workflow/runs/primary/run_0191
run_0192,original,sipakmed,efficientnet_b0,B,submitted,60,60,60,760.0,run entry through output export; wall-clock UTC difference,NVIDIA GeForce RTX 3060,3.10.14,2.4.1+cu121,0.19.1,1.26.4,10.4.0,32,0,adamw,0.0001,0.0001,not recorded in frozen config,research-lab/experiments/registered-workflow/runs/primary/run_0192
run_0193,original,sipakmed,resnet18,A,submitted,15,8,60,188.0,run entry through output export; wall-clock UTC difference,NVIDIA GeForce RTX 3060,3.10.14,2.4.1+cu121,0.19.1,1.26.4,10.4.0,32,0,adamw,0.0001,0.0001,not recorded in frozen config,research-lab/experiments/registered-workflow/runs/primary/run_0193
run_0194,original,sipakmed,resnet18,B,submitted,60,60,60,750.0,run entry through output export; wall-clock UTC difference,NVIDIA GeForce RTX 3060,3.10.14,2.4.1+cu121,0.19.1,1.26.4,10.4.0,32,0,adamw,0.0001,0.0001,not recorded in frozen config,research-lab/experiments/registered-workflow/runs/primary/run_0194
run_0195,original,sipakmed,resnet50,A,submitted,18,11,60,321.0,run entry through output export; wall-clock UTC difference,NVIDIA GeForce RTX 3060,3.10.14,2.4.1+cu121,0.19.1,1.26.4,10.4.0,32,0,adamw,0.0001,0.0001,not recorded in frozen config,research-lab/experiments/registered-workflow/runs/primary/run_0195
run_0196,original,sipakmed,resnet50,B,submitted,60,60,60,1050.0,run entry through output export; wall-clock UTC difference,NVIDIA GeForce RTX 3060,3.10.14,2.4.1+cu121,0.19.1,1.26.4,10.4.0,32,0,adamw,0.0001,0.0001,not recorded in frozen config,research-lab/experiments/registered-workflow/runs/primary/run_0196
run_0197,original,sipakmed,densenet121,A,submitted,20,13,60,350.0,run entry through output export; wall-clock UTC difference,NVIDIA GeForce RTX 3060,3.10.14,2.4.1+cu121,0.19.1,1.26.4,10.4.0,32,0,adamw,0.0001,0.0001,not recorded in frozen config,research-lab/experiments/registered-workflow/runs/primary/run_0197
run_0198,original,sipakmed,densenet121,B,submitted,60,60,60,1047.0,run entry through output export; wall-clock UTC difference,NVIDIA GeForce RTX 3060,3.10.14,2.4.1+cu121,0.19.1,1.26.4,10.4.0,32,0,adamw,0.0001,0.0001,not recorded in frozen config,research-lab/experiments/registered-workflow/runs/primary/run_0198
run_0199,original,sipakmed,efficientnet_b0,A,submitted,60,60,60,762.0,run entry through output export; wall-clock UTC difference,NVIDIA GeForce RTX 3060,3.10.14,2.4.1+cu121,0.19.1,1.26.4,10.4.0,32,0,adamw,0.0001,0.0001,not recorded in frozen config,research-lab/experiments/registered-workflow/runs/primary/run_0199
run_0200,original,sipakmed,efficientnet_b0,B,submitted,60,60,60,758.0,run entry through output export; wall-clock UTC difference,NVIDIA GeForce RTX 3060,3.10.14,2.4.1+cu121,0.19.1,1.26.4,10.4.0,32,0,adamw,0.0001,0.0001,not recorded in frozen config,research-lab/experiments/registered-workflow/runs/primary/run_0200
run_0201,original,sipakmed,resnet18,A,submitted,17,10,60,209.0,run entry through output export; wall-clock UTC difference,NVIDIA GeForce RTX 3060,3.10.14,2.4.1+cu121,0.19.1,1.26.4,10.4.0,32,0,adamw,0.0001,0.0001,not recorded in frozen config,research-lab/experiments/registered-workflow/runs/primary/run_0201
run_0202,original,sipakmed,resnet18,B,submitted,60,60,60,699.0,run entry through output export; wall-clock UTC difference,NVIDIA GeForce RTX 3060,3.10.14,2.4.1+cu121,0.19.1,1.26.4,10.4.0,32,0,adamw,0.0001,0.0001,not recorded in frozen config,research-lab/experiments/registered-workflow/runs/primary/run_0202
run_0203,original,sipakmed,resnet50,A,submitted,23,16,60,362.0,run entry through output export; wall-clock UTC difference,NVIDIA GeForce RTX 3060,3.10.14,2.4.1+cu121,0.19.1,1.26.4,10.4.0,32,0,adamw,0.0001,0.0001,not recorded in frozen config,research-lab/experiments/registered-workflow/runs/primary/run_0203
run_0204,original,sipakmed,resnet50,B,submitted,60,60,60,940.0,run entry through output export; wall-clock UTC difference,NVIDIA GeForce RTX 3060,3.10.14,2.4.1+cu121,0.19.1,1.26.4,10.4.0,32,0,adamw,0.0001,0.0001,not recorded in frozen config,research-lab/experiments/registered-workflow/runs/primary/run_0204
run_0205,original,sipakmed,densenet121,A,submitted,21,14,60,325.0,run entry through output export; wall-clock UTC difference,NVIDIA GeForce RTX 3060,3.10.14,2.4.1+cu121,0.19.1,1.26.4,10.4.0,32,0,adamw,0.0001,0.0001,not recorded in frozen config,research-lab/experiments/registered-workflow/runs/primary/run_0205
run_0206,original,sipakmed,densenet121,B,submitted,60,60,60,1031.0,run entry through output export; wall-clock UTC difference,NVIDIA GeForce RTX 3060,3.10.14,2.4.1+cu121,0.19.1,1.26.4,10.4.0,32,0,adamw,0.0001,0.0001,not recorded in frozen config,research-lab/experiments/registered-workflow/runs/primary/run_0206
run_0207,original,sipakmed,efficientnet_b0,A,submitted,55,48,60,697.0,run entry through output export; wall-clock UTC difference,NVIDIA GeForce RTX 3060,3.10.14,2.4.1+cu121,0.19.1,1.26.4,10.4.0,32,0,adamw,0.0001,0.0001,not recorded in frozen config,research-lab/experiments/registered-workflow/runs/primary/run_0207
run_0208,original,sipakmed,efficientnet_b0,B,submitted,60,60,60,755.0,run entry through output export; wall-clock UTC difference,NVIDIA GeForce RTX 3060,3.10.14,2.4.1+cu121,0.19.1,1.26.4,10.4.0,32,0,adamw,0.0001,0.0001,not recorded in frozen config,research-lab/experiments/registered-workflow/runs/primary/run_0208
run_0209,original,sipakmed,resnet18,A,submitted,19,12,60,230.0,run entry through output export; wall-clock UTC difference,NVIDIA GeForce RTX 3060,3.10.14,2.4.1+cu121,0.19.1,1.26.4,10.4.0,32,0,adamw,0.0001,0.0001,not recorded in frozen config,research-lab/experiments/registered-workflow/runs/primary/run_0209
run_0210,original,sipakmed,resnet18,B,submitted,60,60,60,707.0,run entry through output export; wall-clock UTC difference,NVIDIA GeForce RTX 3060,3.10.14,2.4.1+cu121,0.19.1,1.26.4,10.4.0,32,0,adamw,0.0001,0.0001,not recorded in frozen config,research-lab/experiments/registered-workflow/runs/primary/run_0210
run_0211,original,sipakmed,resnet50,A,submitted,13,6,60,205.0,run entry through output export; wall-clock UTC difference,NVIDIA GeForce RTX 3060,3.10.14,2.4.1+cu121,0.19.1,1.26.4,10.4.0,32,0,adamw,0.0001,0.0001,not recorded in frozen config,research-lab/experiments/registered-workflow/runs/primary/run_0211
run_0212,original,sipakmed,resnet50,B,submitted,60,60,60,1043.0,run entry through output export; wall-clock UTC difference,NVIDIA GeForce RTX 3060,3.10.14,2.4.1+cu121,0.19.1,1.26.4,10.4.0,32,0,adamw,0.0001,0.0001,not recorded in frozen config,research-lab/experiments/registered-workflow/runs/primary/run_0212
run_0213,original,sipakmed,densenet121,A,submitted,15,8,60,265.0,run entry through output export; wall-clock UTC difference,NVIDIA GeForce RTX 3060,3.10.14,2.4.1+cu121,0.19.1,1.26.4,10.4.0,32,0,adamw,0.0001,0.0001,not recorded in frozen config,research-lab/experiments/registered-workflow/runs/primary/run_0213
run_0214,original,sipakmed,densenet121,B,submitted,60,60,60,1038.0,run entry through output export; wall-clock UTC difference,NVIDIA GeForce RTX 3060,3.10.14,2.4.1+cu121,0.19.1,1.26.4,10.4.0,32,0,adamw,0.0001,0.0001,not recorded in frozen config,research-lab/experiments/registered-workflow/runs/primary/run_0214
run_0215,original,sipakmed,efficientnet_b0,A,submitted,57,50,60,675.0,run entry through output export; wall-clock UTC difference,NVIDIA GeForce RTX 3060,3.10.14,2.4.1+cu121,0.19.1,1.26.4,10.4.0,32,0,adamw,0.0001,0.0001,not recorded in frozen config,research-lab/experiments/registered-workflow/runs/primary/run_0215
run_0216,original,sipakmed,efficientnet_b0,B,submitted,60,60,60,721.0,run entry through output export; wall-clock UTC difference,NVIDIA GeForce RTX 3060,3.10.14,2.4.1+cu121,0.19.1,1.26.4,10.4.0,32,0,adamw,0.0001,0.0001,not recorded in frozen config,research-lab/experiments/registered-workflow/runs/primary/run_0216
run_0217,original,sipakmed,resnet18,A,submitted,18,11,60,224.0,run entry through output export; wall-clock UTC difference,NVIDIA GeForce RTX 3060,3.10.14,2.4.1+cu121,0.19.1,1.26.4,10.4.0,32,0,adamw,0.0001,0.0001,not recorded in frozen config,research-lab/experiments/registered-workflow/runs/primary/run_0217
run_0218,original,sipakmed,resnet18,B,submitted,60,60,60,743.0,run entry through output export; wall-clock UTC difference,NVIDIA GeForce RTX 3060,3.10.14,2.4.1+cu121,0.19.1,1.26.4,10.4.0,32,0,adamw,0.0001,0.0001,not recorded in frozen config,research-lab/experiments/registered-workflow/runs/primary/run_0218
run_0219,original,sipakmed,resnet50,A,submitted,15,8,60,267.0,run entry through output export; wall-clock UTC difference,NVIDIA GeForce RTX 3060,3.10.14,2.4.1+cu121,0.19.1,1.26.4,10.4.0,32,0,adamw,0.0001,0.0001,not recorded in frozen config,research-lab/experiments/registered-workflow/runs/primary/run_0219
run_0220,original,sipakmed,resnet50,B,submitted,60,60,60,1056.0,run entry through output export; wall-clock UTC difference,NVIDIA GeForce RTX 3060,3.10.14,2.4.1+cu121,0.19.1,1.26.4,10.4.0,32,0,adamw,0.0001,0.0001,not recorded in frozen config,research-lab/experiments/registered-workflow/runs/primary/run_0220
run_0221,original,sipakmed,densenet121,A,submitted,24,17,60,414.0,run entry through output export; wall-clock UTC difference,NVIDIA GeForce RTX 3060,3.10.14,2.4.1+cu121,0.19.1,1.26.4,10.4.0,32,0,adamw,0.0001,0.0001,not recorded in frozen config,research-lab/experiments/registered-workflow/runs/primary/run_0221
run_0222,original,sipakmed,densenet121,B,submitted,60,60,60,1045.0,run entry through output export; wall-clock UTC difference,NVIDIA GeForce RTX 3060,3.10.14,2.4.1+cu121,0.19.1,1.26.4,10.4.0,32,0,adamw,0.0001,0.0001,not recorded in frozen config,research-lab/experiments/registered-workflow/runs/primary/run_0222
run_0223,original,sipakmed,efficientnet_b0,A,submitted,59,52,60,708.0,run entry through output export; wall-clock UTC difference,NVIDIA GeForce RTX 3060,3.10.14,2.4.1+cu121,0.19.1,1.26.4,10.4.0,32,0,adamw,0.0001,0.0001,not recorded in frozen config,research-lab/experiments/registered-workflow/runs/primary/run_0223
run_0224,original,sipakmed,efficientnet_b0,B,submitted,60,60,60,705.0,run entry through output export; wall-clock UTC difference,NVIDIA GeForce RTX 3060,3.10.14,2.4.1+cu121,0.19.1,1.26.4,10.4.0,32,0,adamw,0.0001,0.0001,not recorded in frozen config,research-lab/experiments/registered-workflow/runs/primary/run_0224
run_0225,original,sipakmed,resnet18,A,submitted,23,16,60,281.0,run entry through output export; wall-clock UTC difference,NVIDIA GeForce RTX 3060,3.10.14,2.4.1+cu121,0.19.1,1.26.4,10.4.0,32,0,adamw,0.0001,0.0001,not recorded in frozen config,research-lab/experiments/registered-workflow/runs/primary/run_0225
run_0226,original,sipakmed,resnet18,B,submitted,60,60,60,733.0,run entry through output export; wall-clock UTC difference,NVIDIA GeForce RTX 3060,3.10.14,2.4.1+cu121,0.19.1,1.26.4,10.4.0,32,0,adamw,0.0001,0.0001,not recorded in frozen config,research-lab/experiments/registered-workflow/runs/primary/run_0226
run_0227,original,sipakmed,resnet50,A,submitted,18,11,60,318.0,run entry through output export; wall-clock UTC difference,NVIDIA GeForce RTX 3060,3.10.14,2.4.1+cu121,0.19.1,1.26.4,10.4.0,32,0,adamw,0.0001,0.0001,not recorded in frozen config,research-lab/experiments/registered-workflow/runs/primary/run_0227
run_0228,original,sipakmed,resnet50,B,submitted,60,60,60,1055.0,run entry through output export; wall-clock UTC difference,NVIDIA GeForce RTX 3060,3.10.14,2.4.1+cu121,0.19.1,1.26.4,10.4.0,32,0,adamw,0.0001,0.0001,not recorded in frozen config,research-lab/experiments/registered-workflow/runs/primary/run_0228
run_0229,original,sipakmed,densenet121,A,submitted,29,22,60,511.0,run entry through output export; wall-clock UTC difference,NVIDIA GeForce RTX 3060,3.10.14,2.4.1+cu121,0.19.1,1.26.4,10.4.0,32,0,adamw,0.0001,0.0001,not recorded in frozen config,research-lab/experiments/registered-workflow/runs/primary/run_0229
run_0230,original,sipakmed,densenet121,B,submitted,60,60,60,1046.0,run entry through output export; wall-clock UTC difference,NVIDIA GeForce RTX 3060,3.10.14,2.4.1+cu121,0.19.1,1.26.4,10.4.0,32,0,adamw,0.0001,0.0001,not recorded in frozen config,research-lab/experiments/registered-workflow/runs/primary/run_0230
run_0231,original,sipakmed,efficientnet_b0,A,submitted,60,58,60,751.0,run entry through output export; wall-clock UTC difference,NVIDIA GeForce RTX 3060,3.10.14,2.4.1+cu121,0.19.1,1.26.4,10.4.0,32,0,adamw,0.0001,0.0001,not recorded in frozen config,research-lab/experiments/registered-workflow/runs/primary/run_0231
run_0232,original,sipakmed,efficientnet_b0,B,submitted,60,60,60,755.0,run entry through output export; wall-clock UTC difference,NVIDIA GeForce RTX 3060,3.10.14,2.4.1+cu121,0.19.1,1.26.4,10.4.0,32,0,adamw,0.0001,0.0001,not recorded in frozen config,research-lab/experiments/registered-workflow/runs/primary/run_0232
run_0233,original,sipakmed,resnet18,A,submitted,14,7,60,176.0,run entry through output export; wall-clock UTC difference,NVIDIA GeForce RTX 3060,3.10.14,2.4.1+cu121,0.19.1,1.26.4,10.4.0,32,0,adamw,0.0001,0.0001,not recorded in frozen config,research-lab/experiments/registered-workflow/runs/primary/run_0233
run_0234,original,sipakmed,resnet18,B,submitted,60,60,60,746.0,run entry through output export; wall-clock UTC difference,NVIDIA GeForce RTX 3060,3.10.14,2.4.1+cu121,0.19.1,1.26.4,10.4.0,32,0,adamw,0.0001,0.0001,not recorded in frozen config,research-lab/experiments/registered-workflow/runs/primary/run_0234
run_0235,original,sipakmed,resnet50,A,submitted,9,2,60,162.0,run entry through output export; wall-clock UTC difference,NVIDIA GeForce RTX 3060,3.10.14,2.4.1+cu121,0.19.1,1.26.4,10.4.0,32,0,adamw,0.0001,0.0001,not recorded in frozen config,research-lab/experiments/registered-workflow/runs/primary/run_0235
run_0236,original,sipakmed,resnet50,B,submitted,60,60,60,1049.0,run entry through output export; wall-clock UTC difference,NVIDIA GeForce RTX 3060,3.10.14,2.4.1+cu121,0.19.1,1.26.4,10.4.0,32,0,adamw,0.0001,0.0001,not recorded in frozen config,research-lab/experiments/registered-workflow/runs/primary/run_0236
run_0237,original,sipakmed,densenet121,A,submitted,18,11,60,317.0,run entry through output export; wall-clock UTC difference,NVIDIA GeForce RTX 3060,3.10.14,2.4.1+cu121,0.19.1,1.26.4,10.4.0,32,0,adamw,0.0001,0.0001,not recorded in frozen config,research-lab/experiments/registered-workflow/runs/primary/run_0237
run_0238,original,sipakmed,densenet121,B,submitted,60,60,60,1048.0,run entry through output export; wall-clock UTC difference,NVIDIA GeForce RTX 3060,3.10.14,2.4.1+cu121,0.19.1,1.26.4,10.4.0,32,0,adamw,0.0001,0.0001,not recorded in frozen config,research-lab/experiments/registered-workflow/runs/primary/run_0238
run_0239,original,sipakmed,efficientnet_b0,A,submitted,56,49,60,710.0,run entry through output export; wall-clock UTC difference,NVIDIA GeForce RTX 3060,3.10.14,2.4.1+cu121,0.19.1,1.26.4,10.4.0,32,0,adamw,0.0001,0.0001,not recorded in frozen config,research-lab/experiments/registered-workflow/runs/primary/run_0239
run_0240,original,sipakmed,efficientnet_b0,B,submitted,60,60,60,753.0,run entry through output export; wall-clock UTC difference,NVIDIA GeForce RTX 3060,3.10.14,2.4.1+cu121,0.19.1,1.26.4,10.4.0,32,0,adamw,0.0001,0.0001,not recorded in frozen config,research-lab/experiments/registered-workflow/runs/primary/run_0240
run_0241,original,sipakmed,resnet18,A,submitted,18,11,60,221.0,run entry through output export; wall-clock UTC difference,NVIDIA GeForce RTX 3060,3.10.14,2.4.1+cu121,0.19.1,1.26.4,10.4.0,32,0,adamw,0.0001,0.0001,not recorded in frozen config,research-lab/experiments/registered-workflow/runs/primary/run_0241
run_0242,original,sipakmed,resnet18,B,submitted,60,60,60,736.0,run entry through output export; wall-clock UTC difference,NVIDIA GeForce RTX 3060,3.10.14,2.4.1+cu121,0.19.1,1.26.4,10.4.0,32,0,adamw,0.0001,0.0001,not recorded in frozen config,research-lab/experiments/registered-workflow/runs/primary/run_0242
run_0243,original,sipakmed,resnet50,A,submitted,13,6,60,230.0,run entry through output export; wall-clock UTC difference,NVIDIA GeForce RTX 3060,3.10.14,2.4.1+cu121,0.19.1,1.26.4,10.4.0,32,0,adamw,0.0001,0.0001,not recorded in frozen config,research-lab/experiments/registered-workflow/runs/primary/run_0243
run_0244,original,sipakmed,resnet50,B,submitted,60,60,60,1055.0,run entry through output export; wall-clock UTC difference,NVIDIA GeForce RTX 3060,3.10.14,2.4.1+cu121,0.19.1,1.26.4,10.4.0,32,0,adamw,0.0001,0.0001,not recorded in frozen config,research-lab/experiments/registered-workflow/runs/primary/run_0244
run_0245,original,sipakmed,densenet121,A,submitted,17,10,60,300.0,run entry through output export; wall-clock UTC difference,NVIDIA GeForce RTX 3060,3.10.14,2.4.1+cu121,0.19.1,1.26.4,10.4.0,32,0,adamw,0.0001,0.0001,not recorded in frozen config,research-lab/experiments/registered-workflow/runs/primary/run_0245
run_0246,original,sipakmed,densenet121,B,submitted,60,60,60,1042.0,run entry through output export; wall-clock UTC difference,NVIDIA GeForce RTX 3060,3.10.14,2.4.1+cu121,0.19.1,1.26.4,10.4.0,32,0,adamw,0.0001,0.0001,not recorded in frozen config,research-lab/experiments/registered-workflow/runs/primary/run_0246
run_0247,original,sipakmed,efficientnet_b0,A,submitted,52,45,60,658.0,run entry through output export; wall-clock UTC difference,NVIDIA GeForce RTX 3060,3.10.14,2.4.1+cu121,0.19.1,1.26.4,10.4.0,32,0,adamw,0.0001,0.0001,not recorded in frozen config,research-lab/experiments/registered-workflow/runs/primary/run_0247
run_0248,original,sipakmed,efficientnet_b0,B,submitted,60,60,60,760.0,run entry through output export; wall-clock UTC difference,NVIDIA GeForce RTX 3060,3.10.14,2.4.1+cu121,0.19.1,1.26.4,10.4.0,32,0,adamw,0.0001,0.0001,not recorded in frozen config,research-lab/experiments/registered-workflow/runs/primary/run_0248
run_0249,original,sipakmed,resnet18,A,submitted,15,8,60,188.0,run entry through output export; wall-clock UTC difference,NVIDIA GeForce RTX 3060,3.10.14,2.4.1+cu121,0.19.1,1.26.4,10.4.0,32,0,adamw,0.0001,0.0001,not recorded in frozen config,research-lab/experiments/registered-workflow/runs/primary/run_0249
run_0250,original,sipakmed,resnet18,B,submitted,60,60,60,745.0,run entry through output export; wall-clock UTC difference,NVIDIA GeForce RTX 3060,3.10.14,2.4.1+cu121,0.19.1,1.26.4,10.4.0,32,0,adamw,0.0001,0.0001,not recorded in frozen config,research-lab/experiments/registered-workflow/runs/primary/run_0250
run_0251,original,sipakmed,resnet50,A,submitted,19,12,60,334.0,run entry through output export; wall-clock UTC difference,NVIDIA GeForce RTX 3060,3.10.14,2.4.1+cu121,0.19.1,1.26.4,10.4.0,32,0,adamw,0.0001,0.0001,not recorded in frozen config,research-lab/experiments/registered-workflow/runs/primary/run_0251
run_0252,original,sipakmed,resnet50,B,submitted,60,60,60,1049.0,run entry through output export; wall-clock UTC difference,NVIDIA GeForce RTX 3060,3.10.14,2.4.1+cu121,0.19.1,1.26.4,10.4.0,32,0,adamw,0.0001,0.0001,not recorded in frozen config,research-lab/experiments/registered-workflow/runs/primary/run_0252
run_0253,original,sipakmed,densenet121,A,submitted,17,10,60,298.0,run entry through output export; wall-clock UTC difference,NVIDIA GeForce RTX 3060,3.10.14,2.4.1+cu121,0.19.1,1.26.4,10.4.0,32,0,adamw,0.0001,0.0001,not recorded in frozen config,research-lab/experiments/registered-workflow/runs/primary/run_0253
run_0254,original,sipakmed,densenet121,B,submitted,60,60,60,1049.0,run entry through output export; wall-clock UTC difference,NVIDIA GeForce RTX 3060,3.10.14,2.4.1+cu121,0.19.1,1.26.4,10.4.0,32,0,adamw,0.0001,0.0001,not recorded in frozen config,research-lab/experiments/registered-workflow/runs/primary/run_0254
run_0255,original,sipakmed,efficientnet_b0,A,submitted,60,57,60,758.0,run entry through output export; wall-clock UTC difference,NVIDIA GeForce RTX 3060,3.10.14,2.4.1+cu121,0.19.1,1.26.4,10.4.0,32,0,adamw,0.0001,0.0001,not recorded in frozen config,research-lab/experiments/registered-workflow/runs/primary/run_0255
run_0256,original,sipakmed,efficientnet_b0,B,submitted,60,60,60,745.0,run entry through output export; wall-clock UTC difference,NVIDIA GeForce RTX 3060,3.10.14,2.4.1+cu121,0.19.1,1.26.4,10.4.0,32,0,adamw,0.0001,0.0001,not recorded in frozen config,research-lab/experiments/registered-workflow/runs/primary/run_0256
run_0257,original,sipakmed,resnet18,A,submitted,13,6,60,162.0,run entry through output export; wall-clock UTC difference,NVIDIA GeForce RTX 3060,3.10.14,2.4.1+cu121,0.19.1,1.26.4,10.4.0,32,0,adamw,0.0001,0.0001,not recorded in frozen config,research-lab/experiments/registered-workflow/runs/primary/run_0257
run_0258,original,sipakmed,resnet18,B,submitted,60,60,60,742.0,run entry through output export; wall-clock UTC difference,NVIDIA GeForce RTX 3060,3.10.14,2.4.1+cu121,0.19.1,1.26.4,10.4.0,32,0,adamw,0.0001,0.0001,not recorded in frozen config,research-lab/experiments/registered-workflow/runs/primary/run_0258
run_0259,original,sipakmed,resnet50,A,submitted,17,10,60,301.0,run entry through output export; wall-clock UTC difference,NVIDIA GeForce RTX 3060,3.10.14,2.4.1+cu121,0.19.1,1.26.4,10.4.0,32,0,adamw,0.0001,0.0001,not recorded in frozen config,research-lab/experiments/registered-workflow/runs/primary/run_0259
run_0260,original,sipakmed,resnet50,B,submitted,60,60,60,1054.0,run entry through output export; wall-clock UTC difference,NVIDIA GeForce RTX 3060,3.10.14,2.4.1+cu121,0.19.1,1.26.4,10.4.0,32,0,adamw,0.0001,0.0001,not recorded in frozen config,research-lab/experiments/registered-workflow/runs/primary/run_0260
run_0261,original,sipakmed,densenet121,A,submitted,28,21,60,486.0,run entry through output export; wall-clock UTC difference,NVIDIA GeForce RTX 3060,3.10.14,2.4.1+cu121,0.19.1,1.26.4,10.4.0,32,0,adamw,0.0001,0.0001,not recorded in frozen config,research-lab/experiments/registered-workflow/runs/primary/run_0261
run_0262,original,sipakmed,densenet121,B,submitted,60,60,60,1047.0,run entry through output export; wall-clock UTC difference,NVIDIA GeForce RTX 3060,3.10.14,2.4.1+cu121,0.19.1,1.26.4,10.4.0,32,0,adamw,0.0001,0.0001,not recorded in frozen config,research-lab/experiments/registered-workflow/runs/primary/run_0262
run_0263,original,sipakmed,efficientnet_b0,A,submitted,50,43,60,632.0,run entry through output export; wall-clock UTC difference,NVIDIA GeForce RTX 3060,3.10.14,2.4.1+cu121,0.19.1,1.26.4,10.4.0,32,0,adamw,0.0001,0.0001,not recorded in frozen config,research-lab/experiments/registered-workflow/runs/primary/run_0263
run_0264,original,sipakmed,efficientnet_b0,B,submitted,60,60,60,757.0,run entry through output export; wall-clock UTC difference,NVIDIA GeForce RTX 3060,3.10.14,2.4.1+cu121,0.19.1,1.26.4,10.4.0,32,0,adamw,0.0001,0.0001,not recorded in frozen config,research-lab/experiments/registered-workflow/runs/primary/run_0264
run_0265,original,sipakmed,resnet18,A,submitted,25,18,60,313.0,run entry through output export; wall-clock UTC difference,NVIDIA GeForce RTX 3060,3.10.14,2.4.1+cu121,0.19.1,1.26.4,10.4.0,32,0,adamw,0.0001,0.0001,not recorded in frozen config,research-lab/experiments/registered-workflow/runs/primary/run_0265
run_0266,original,sipakmed,resnet18,B,submitted,60,60,60,736.0,run entry through output export; wall-clock UTC difference,NVIDIA GeForce RTX 3060,3.10.14,2.4.1+cu121,0.19.1,1.26.4,10.4.0,32,0,adamw,0.0001,0.0001,not recorded in frozen config,research-lab/experiments/registered-workflow/runs/primary/run_0266
run_0267,original,sipakmed,resnet50,A,submitted,21,14,60,372.0,run entry through output export; wall-clock UTC difference,NVIDIA GeForce RTX 3060,3.10.14,2.4.1+cu121,0.19.1,1.26.4,10.4.0,32,0,adamw,0.0001,0.0001,not recorded in frozen config,research-lab/experiments/registered-workflow/runs/primary/run_0267
run_0268,original,sipakmed,resnet50,B,submitted,60,60,60,1055.0,run entry through output export; wall-clock UTC difference,NVIDIA GeForce RTX 3060,3.10.14,2.4.1+cu121,0.19.1,1.26.4,10.4.0,32,0,adamw,0.0001,0.0001,not recorded in frozen config,research-lab/experiments/registered-workflow/runs/primary/run_0268
run_0269,original,sipakmed,densenet121,A,submitted,18,11,60,316.0,run entry through output export; wall-clock UTC difference,NVIDIA GeForce RTX 3060,3.10.14,2.4.1+cu121,0.19.1,1.26.4,10.4.0,32,0,adamw,0.0001,0.0001,not recorded in frozen config,research-lab/experiments/registered-workflow/runs/primary/run_0269
run_0270,original,sipakmed,densenet121,B,submitted,60,60,60,1046.0,run entry through output export; wall-clock UTC difference,NVIDIA GeForce RTX 3060,3.10.14,2.4.1+cu121,0.19.1,1.26.4,10.4.0,32,0,adamw,0.0001,0.0001,not recorded in frozen config,research-lab/experiments/registered-workflow/runs/primary/run_0270
run_0271,original,sipakmed,efficientnet_b0,A,submitted,48,41,60,597.0,run entry through output export; wall-clock UTC difference,NVIDIA GeForce RTX 3060,3.10.14,2.4.1+cu121,0.19.1,1.26.4,10.4.0,32,0,adamw,0.0001,0.0001,not recorded in frozen config,research-lab/experiments/registered-workflow/runs/primary/run_0271
run_0272,original,sipakmed,efficientnet_b0,B,submitted,60,60,60,750.0,run entry through output export; wall-clock UTC difference,NVIDIA GeForce RTX 3060,3.10.14,2.4.1+cu121,0.19.1,1.26.4,10.4.0,32,0,adamw,0.0001,0.0001,not recorded in frozen config,research-lab/experiments/registered-workflow/runs/primary/run_0272
run_0273,original,sipakmed,resnet18,A,submitted,16,9,60,197.0,run entry through output export; wall-clock UTC difference,NVIDIA GeForce RTX 3060,3.10.14,2.4.1+cu121,0.19.1,1.26.4,10.4.0,32,0,adamw,0.0001,0.0001,not recorded in frozen config,research-lab/experiments/registered-workflow/runs/primary/run_0273
run_0274,original,sipakmed,resnet18,B,submitted,60,60,60,738.0,run entry through output export; wall-clock UTC difference,NVIDIA GeForce RTX 3060,3.10.14,2.4.1+cu121,0.19.1,1.26.4,10.4.0,32,0,adamw,0.0001,0.0001,not recorded in frozen config,research-lab/experiments/registered-workflow/runs/primary/run_0274
run_0275,original,sipakmed,resnet50,A,submitted,18,11,60,319.0,run entry through output export; wall-clock UTC difference,NVIDIA GeForce RTX 3060,3.10.14,2.4.1+cu121,0.19.1,1.26.4,10.4.0,32,0,adamw,0.0001,0.0001,not recorded in frozen config,research-lab/experiments/registered-workflow/runs/primary/run_0275
run_0276,original,sipakmed,resnet50,B,submitted,60,60,60,1050.0,run entry through output export; wall-clock UTC difference,NVIDIA GeForce RTX 3060,3.10.14,2.4.1+cu121,0.19.1,1.26.4,10.4.0,32,0,adamw,0.0001,0.0001,not recorded in frozen config,research-lab/experiments/registered-workflow/runs/primary/run_0276
run_0277,original,sipakmed,densenet121,A,submitted,19,12,60,335.0,run entry through output export; wall-clock UTC difference,NVIDIA GeForce RTX 3060,3.10.14,2.4.1+cu121,0.19.1,1.26.4,10.4.0,32,0,adamw,0.0001,0.0001,not recorded in frozen config,research-lab/experiments/registered-workflow/runs/primary/run_0277
run_0278,original,sipakmed,densenet121,B,submitted,60,60,60,1044.0,run entry through output export; wall-clock UTC difference,NVIDIA GeForce RTX 3060,3.10.14,2.4.1+cu121,0.19.1,1.26.4,10.4.0,32,0,adamw,0.0001,0.0001,not recorded in frozen config,research-lab/experiments/registered-workflow/runs/primary/run_0278
run_0279,original,sipakmed,efficientnet_b0,A,submitted,41,34,60,520.0,run entry through output export; wall-clock UTC difference,NVIDIA GeForce RTX 3060,3.10.14,2.4.1+cu121,0.19.1,1.26.4,10.4.0,32,0,adamw,0.0001,0.0001,not recorded in frozen config,research-lab/experiments/registered-workflow/runs/primary/run_0279
run_0280,original,sipakmed,efficientnet_b0,B,submitted,60,60,60,755.0,run entry through output export; wall-clock UTC difference,NVIDIA GeForce RTX 3060,3.10.14,2.4.1+cu121,0.19.1,1.26.4,10.4.0,32,0,adamw,0.0001,0.0001,not recorded in frozen config,research-lab/experiments/registered-workflow/runs/primary/run_0280
run_0281,original,sipakmed,resnet18,A,submitted,13,6,60,159.0,run entry through output export; wall-clock UTC difference,NVIDIA GeForce RTX 3060,3.10.14,2.4.1+cu121,0.19.1,1.26.4,10.4.0,32,0,adamw,0.0001,0.0001,not recorded in frozen config,research-lab/experiments/registered-workflow/runs/primary/run_0281
run_0282,original,sipakmed,resnet18,B,submitted,60,60,60,743.0,run entry through output export; wall-clock UTC difference,NVIDIA GeForce RTX 3060,3.10.14,2.4.1+cu121,0.19.1,1.26.4,10.4.0,32,0,adamw,0.0001,0.0001,not recorded in frozen config,research-lab/experiments/registered-workflow/runs/primary/run_0282
run_0283,original,sipakmed,resnet50,A,submitted,13,6,60,207.0,run entry through output export; wall-clock UTC difference,NVIDIA GeForce RTX 3060,3.10.14,2.4.1+cu121,0.19.1,1.26.4,10.4.0,32,0,adamw,0.0001,0.0001,not recorded in frozen config,research-lab/experiments/registered-workflow/runs/primary/run_0283
run_0284,original,sipakmed,resnet50,B,submitted,60,60,60,937.0,run entry through output export; wall-clock UTC difference,NVIDIA GeForce RTX 3060,3.10.14,2.4.1+cu121,0.19.1,1.26.4,10.4.0,32,0,adamw,0.0001,0.0001,not recorded in frozen config,research-lab/experiments/registered-workflow/runs/primary/run_0284
run_0285,original,sipakmed,densenet121,A,submitted,17,10,60,293.0,run entry through output export; wall-clock UTC difference,NVIDIA GeForce RTX 3060,3.10.14,2.4.1+cu121,0.19.1,1.26.4,10.4.0,32,0,adamw,0.0001,0.0001,not recorded in frozen config,research-lab/experiments/registered-workflow/runs/primary/run_0285
run_0286,original,sipakmed,densenet121,B,submitted,60,60,60,1036.0,run entry through output export; wall-clock UTC difference,NVIDIA GeForce RTX 3060,3.10.14,2.4.1+cu121,0.19.1,1.26.4,10.4.0,32,0,adamw,0.0001,0.0001,not recorded in frozen config,research-lab/experiments/registered-workflow/runs/primary/run_0286
run_0287,original,sipakmed,efficientnet_b0,A,submitted,60,57,60,753.0,run entry through output export; wall-clock UTC difference,NVIDIA GeForce RTX 3060,3.10.14,2.4.1+cu121,0.19.1,1.26.4,10.4.0,32,0,adamw,0.0001,0.0001,not recorded in frozen config,research-lab/experiments/registered-workflow/runs/primary/run_0287
run_0288,original,sipakmed,efficientnet_b0,B,submitted,60,60,60,757.0,run entry through output export; wall-clock UTC difference,NVIDIA GeForce RTX 3060,3.10.14,2.4.1+cu121,0.19.1,1.26.4,10.4.0,32,0,adamw,0.0001,0.0001,not recorded in frozen config,research-lab/experiments/registered-workflow/runs/primary/run_0288
run_0289,original,sipakmed,resnet18,A,submitted,24,17,60,297.0,run entry through output export; wall-clock UTC difference,NVIDIA GeForce RTX 3060,3.10.14,2.4.1+cu121,0.19.1,1.26.4,10.4.0,32,0,adamw,0.0001,0.0001,not recorded in frozen config,research-lab/experiments/registered-workflow/runs/primary/run_0289
run_0290,original,sipakmed,resnet18,B,submitted,60,60,60,743.0,run entry through output export; wall-clock UTC difference,NVIDIA GeForce RTX 3060,3.10.14,2.4.1+cu121,0.19.1,1.26.4,10.4.0,32,0,adamw,0.0001,0.0001,not recorded in frozen config,research-lab/experiments/registered-workflow/runs/primary/run_0290
run_0291,original,sipakmed,resnet50,A,submitted,10,3,60,174.0,run entry through output export; wall-clock UTC difference,NVIDIA GeForce RTX 3060,3.10.14,2.4.1+cu121,0.19.1,1.26.4,10.4.0,32,0,adamw,0.0001,0.0001,not recorded in frozen config,research-lab/experiments/registered-workflow/runs/primary/run_0291
run_0292,original,sipakmed,resnet50,B,submitted,60,60,60,963.0,run entry through output export; wall-clock UTC difference,NVIDIA GeForce RTX 3060,3.10.14,2.4.1+cu121,0.19.1,1.26.4,10.4.0,32,0,adamw,0.0001,0.0001,not recorded in frozen config,research-lab/experiments/registered-workflow/runs/primary/run_0292
run_0293,original,sipakmed,densenet121,A,submitted,32,25,60,502.0,run entry through output export; wall-clock UTC difference,NVIDIA GeForce RTX 3060,3.10.14,2.4.1+cu121,0.19.1,1.26.4,10.4.0,32,0,adamw,0.0001,0.0001,not recorded in frozen config,research-lab/experiments/registered-workflow/runs/primary/run_0293
run_0294,original,sipakmed,densenet121,B,submitted,60,60,60,943.0,run entry through output export; wall-clock UTC difference,NVIDIA GeForce RTX 3060,3.10.14,2.4.1+cu121,0.19.1,1.26.4,10.4.0,32,0,adamw,0.0001,0.0001,not recorded in frozen config,research-lab/experiments/registered-workflow/runs/primary/run_0294
run_0295,original,sipakmed,efficientnet_b0,A,submitted,54,47,60,632.0,run entry through output export; wall-clock UTC difference,NVIDIA GeForce RTX 3060,3.10.14,2.4.1+cu121,0.19.1,1.26.4,10.4.0,32,0,adamw,0.0001,0.0001,not recorded in frozen config,research-lab/experiments/registered-workflow/runs/primary/run_0295
run_0296,original,sipakmed,efficientnet_b0,B,submitted,60,60,60,722.0,run entry through output export; wall-clock UTC difference,NVIDIA GeForce RTX 3060,3.10.14,2.4.1+cu121,0.19.1,1.26.4,10.4.0,32,0,adamw,0.0001,0.0001,not recorded in frozen config,research-lab/experiments/registered-workflow/runs/primary/run_0296
run_0297,original,sipakmed,resnet18,A,submitted,17,10,60,210.0,run entry through output export; wall-clock UTC difference,NVIDIA GeForce RTX 3060,3.10.14,2.4.1+cu121,0.19.1,1.26.4,10.4.0,32,0,adamw,0.0001,0.0001,not recorded in frozen config,research-lab/experiments/registered-workflow/runs/primary/run_0297
run_0298,original,sipakmed,resnet18,B,submitted,60,60,60,745.0,run entry through output export; wall-clock UTC difference,NVIDIA GeForce RTX 3060,3.10.14,2.4.1+cu121,0.19.1,1.26.4,10.4.0,32,0,adamw,0.0001,0.0001,not recorded in frozen config,research-lab/experiments/registered-workflow/runs/primary/run_0298
run_0299,original,sipakmed,resnet50,A,submitted,19,12,60,337.0,run entry through output export; wall-clock UTC difference,NVIDIA GeForce RTX 3060,3.10.14,2.4.1+cu121,0.19.1,1.26.4,10.4.0,32,0,adamw,0.0001,0.0001,not recorded in frozen config,research-lab/experiments/registered-workflow/runs/primary/run_0299
run_0300,original,sipakmed,resnet50,B,submitted,60,60,60,1053.0,run entry through output export; wall-clock UTC difference,NVIDIA GeForce RTX 3060,3.10.14,2.4.1+cu121,0.19.1,1.26.4,10.4.0,32,0,adamw,0.0001,0.0001,not recorded in frozen config,research-lab/experiments/registered-workflow/runs/primary/run_0300
run_0301,original,sipakmed,densenet121,A,submitted,30,23,60,521.0,run entry through output export; wall-clock UTC difference,NVIDIA GeForce RTX 3060,3.10.14,2.4.1+cu121,0.19.1,1.26.4,10.4.0,32,0,adamw,0.0001,0.0001,not recorded in frozen config,research-lab/experiments/registered-workflow/runs/primary/run_0301
run_0302,original,sipakmed,densenet121,B,submitted,60,60,60,1051.0,run entry through output export; wall-clock UTC difference,NVIDIA GeForce RTX 3060,3.10.14,2.4.1+cu121,0.19.1,1.26.4,10.4.0,32,0,adamw,0.0001,0.0001,not recorded in frozen config,research-lab/experiments/registered-workflow/runs/primary/run_0302
run_0303,original,sipakmed,efficientnet_b0,A,submitted,60,55,60,760.0,run entry through output export; wall-clock UTC difference,NVIDIA GeForce RTX 3060,3.10.14,2.4.1+cu121,0.19.1,1.26.4,10.4.0,32,0,adamw,0.0001,0.0001,not recorded in frozen config,research-lab/experiments/registered-workflow/runs/primary/run_0303
run_0304,original,sipakmed,efficientnet_b0,B,submitted,60,60,60,751.0,run entry through output export; wall-clock UTC difference,NVIDIA GeForce RTX 3060,3.10.14,2.4.1+cu121,0.19.1,1.26.4,10.4.0,32,0,adamw,0.0001,0.0001,not recorded in frozen config,research-lab/experiments/registered-workflow/runs/primary/run_0304
run_0305,original,sipakmed,resnet18,A,submitted,13,6,60,153.0,run entry through output export; wall-clock UTC difference,NVIDIA GeForce RTX 3060,3.10.14,2.4.1+cu121,0.19.1,1.26.4,10.4.0,32,0,adamw,0.0001,0.0001,not recorded in frozen config,research-lab/experiments/registered-workflow/runs/primary/run_0305
run_0306,original,sipakmed,resnet18,B,submitted,60,60,60,700.0,run entry through output export; wall-clock UTC difference,NVIDIA GeForce RTX 3060,3.10.14,2.4.1+cu121,0.19.1,1.26.4,10.4.0,32,0,adamw,0.0001,0.0001,not recorded in frozen config,research-lab/experiments/registered-workflow/runs/primary/run_0306
run_0307,original,sipakmed,resnet50,A,submitted,17,10,60,296.0,run entry through output export; wall-clock UTC difference,NVIDIA GeForce RTX 3060,3.10.14,2.4.1+cu121,0.19.1,1.26.4,10.4.0,32,0,adamw,0.0001,0.0001,not recorded in frozen config,research-lab/experiments/registered-workflow/runs/primary/run_0307
run_0308,original,sipakmed,resnet50,B,submitted,60,60,60,1049.0,run entry through output export; wall-clock UTC difference,NVIDIA GeForce RTX 3060,3.10.14,2.4.1+cu121,0.19.1,1.26.4,10.4.0,32,0,adamw,0.0001,0.0001,not recorded in frozen config,research-lab/experiments/registered-workflow/runs/primary/run_0308
run_0309,original,sipakmed,densenet121,A,submitted,25,18,60,439.0,run entry through output export; wall-clock UTC difference,NVIDIA GeForce RTX 3060,3.10.14,2.4.1+cu121,0.19.1,1.26.4,10.4.0,32,0,adamw,0.0001,0.0001,not recorded in frozen config,research-lab/experiments/registered-workflow/runs/primary/run_0309
run_0310,original,sipakmed,densenet121,B,submitted,60,60,60,977.0,run entry through output export; wall-clock UTC difference,NVIDIA GeForce RTX 3060,3.10.14,2.4.1+cu121,0.19.1,1.26.4,10.4.0,32,0,adamw,0.0001,0.0001,not recorded in frozen config,research-lab/experiments/registered-workflow/runs/primary/run_0310
run_0311,original,sipakmed,efficientnet_b0,A,submitted,53,46,60,629.0,run entry through output export; wall-clock UTC difference,NVIDIA GeForce RTX 3060,3.10.14,2.4.1+cu121,0.19.1,1.26.4,10.4.0,32,0,adamw,0.0001,0.0001,not recorded in frozen config,research-lab/experiments/registered-workflow/runs/primary/run_0311
run_0312,original,sipakmed,efficientnet_b0,B,submitted,60,60,60,763.0,run entry through output export; wall-clock UTC difference,NVIDIA GeForce RTX 3060,3.10.14,2.4.1+cu121,0.19.1,1.26.4,10.4.0,32,0,adamw,0.0001,0.0001,not recorded in frozen config,research-lab/experiments/registered-workflow/runs/primary/run_0312
run_0313,original,sipakmed,resnet18,A,submitted,19,12,60,242.0,run entry through output export; wall-clock UTC difference,NVIDIA GeForce RTX 3060,3.10.14,2.4.1+cu121,0.19.1,1.26.4,10.4.0,32,0,adamw,0.0001,0.0001,not recorded in frozen config,research-lab/experiments/registered-workflow/runs/primary/run_0313
run_0314,original,sipakmed,resnet18,B,submitted,60,60,60,761.0,run entry through output export; wall-clock UTC difference,NVIDIA GeForce RTX 3060,3.10.14,2.4.1+cu121,0.19.1,1.26.4,10.4.0,32,0,adamw,0.0001,0.0001,not recorded in frozen config,research-lab/experiments/registered-workflow/runs/primary/run_0314
run_0315,original,sipakmed,resnet50,A,submitted,15,8,60,274.0,run entry through output export; wall-clock UTC difference,NVIDIA GeForce RTX 3060,3.10.14,2.4.1+cu121,0.19.1,1.26.4,10.4.0,32,0,adamw,0.0001,0.0001,not recorded in frozen config,research-lab/experiments/registered-workflow/runs/primary/run_0315
run_0316,original,sipakmed,resnet50,B,submitted,60,60,60,1072.0,run entry through output export; wall-clock UTC difference,NVIDIA GeForce RTX 3060,3.10.14,2.4.1+cu121,0.19.1,1.26.4,10.4.0,32,0,adamw,0.0001,0.0001,not recorded in frozen config,research-lab/experiments/registered-workflow/runs/primary/run_0316
run_0317,original,sipakmed,densenet121,A,submitted,36,29,60,646.0,run entry through output export; wall-clock UTC difference,NVIDIA GeForce RTX 3060,3.10.14,2.4.1+cu121,0.19.1,1.26.4,10.4.0,32,0,adamw,0.0001,0.0001,not recorded in frozen config,research-lab/experiments/registered-workflow/runs/primary/run_0317
run_0318,original,sipakmed,densenet121,B,submitted,60,60,60,1075.0,run entry through output export; wall-clock UTC difference,NVIDIA GeForce RTX 3060,3.10.14,2.4.1+cu121,0.19.1,1.26.4,10.4.0,32,0,adamw,0.0001,0.0001,not recorded in frozen config,research-lab/experiments/registered-workflow/runs/primary/run_0318
run_0319,original,sipakmed,efficientnet_b0,A,submitted,60,60,60,774.0,run entry through output export; wall-clock UTC difference,NVIDIA GeForce RTX 3060,3.10.14,2.4.1+cu121,0.19.1,1.26.4,10.4.0,32,0,adamw,0.0001,0.0001,not recorded in frozen config,research-lab/experiments/registered-workflow/runs/primary/run_0319
run_0320,original,sipakmed,efficientnet_b0,B,submitted,60,60,60,711.0,run entry through output export; wall-clock UTC difference,NVIDIA GeForce RTX 3060,3.10.14,2.4.1+cu121,0.19.1,1.26.4,10.4.0,32,0,adamw,0.0001,0.0001,not recorded in frozen config,research-lab/experiments/registered-workflow/runs/primary/run_0320
run_0321,original,sipakmed,resnet18,A,submitted,14,7,60,166.0,run entry through output export; wall-clock UTC difference,NVIDIA GeForce RTX 3060,3.10.14,2.4.1+cu121,0.19.1,1.26.4,10.4.0,32,0,adamw,0.0001,0.0001,not recorded in frozen config,research-lab/experiments/registered-workflow/runs/primary/run_0321
run_0322,original,sipakmed,resnet18,B,submitted,60,60,60,729.0,run entry through output export; wall-clock UTC difference,NVIDIA GeForce RTX 3060,3.10.14,2.4.1+cu121,0.19.1,1.26.4,10.4.0,32,0,adamw,0.0001,0.0001,not recorded in frozen config,research-lab/experiments/registered-workflow/runs/primary/run_0322
run_0323,original,sipakmed,resnet50,A,submitted,10,3,60,177.0,run entry through output export; wall-clock UTC difference,NVIDIA GeForce RTX 3060,3.10.14,2.4.1+cu121,0.19.1,1.26.4,10.4.0,32,0,adamw,0.0001,0.0001,not recorded in frozen config,research-lab/experiments/registered-workflow/runs/primary/run_0323
run_0324,original,sipakmed,resnet50,B,submitted,60,60,60,1053.0,run entry through output export; wall-clock UTC difference,NVIDIA GeForce RTX 3060,3.10.14,2.4.1+cu121,0.19.1,1.26.4,10.4.0,32,0,adamw,0.0001,0.0001,not recorded in frozen config,research-lab/experiments/registered-workflow/runs/primary/run_0324
run_0325,original,sipakmed,densenet121,A,submitted,35,28,60,616.0,run entry through output export; wall-clock UTC difference,NVIDIA GeForce RTX 3060,3.10.14,2.4.1+cu121,0.19.1,1.26.4,10.4.0,32,0,adamw,0.0001,0.0001,not recorded in frozen config,research-lab/experiments/registered-workflow/runs/primary/run_0325
run_0326,original,sipakmed,densenet121,B,submitted,60,60,60,1040.0,run entry through output export; wall-clock UTC difference,NVIDIA GeForce RTX 3060,3.10.14,2.4.1+cu121,0.19.1,1.26.4,10.4.0,32,0,adamw,0.0001,0.0001,not recorded in frozen config,research-lab/experiments/registered-workflow/runs/primary/run_0326
run_0327,original,sipakmed,efficientnet_b0,A,submitted,60,58,60,761.0,run entry through output export; wall-clock UTC difference,NVIDIA GeForce RTX 3060,3.10.14,2.4.1+cu121,0.19.1,1.26.4,10.4.0,32,0,adamw,0.0001,0.0001,not recorded in frozen config,research-lab/experiments/registered-workflow/runs/primary/run_0327
run_0328,original,sipakmed,efficientnet_b0,B,submitted,60,60,60,758.0,run entry through output export; wall-clock UTC difference,NVIDIA GeForce RTX 3060,3.10.14,2.4.1+cu121,0.19.1,1.26.4,10.4.0,32,0,adamw,0.0001,0.0001,not recorded in frozen config,research-lab/experiments/registered-workflow/runs/primary/run_0328
run_0329,original,sipakmed,resnet18,A,submitted,27,20,60,340.0,run entry through output export; wall-clock UTC difference,NVIDIA GeForce RTX 3060,3.10.14,2.4.1+cu121,0.19.1,1.26.4,10.4.0,32,0,adamw,0.0001,0.0001,not recorded in frozen config,research-lab/experiments/registered-workflow/runs/primary/run_0329
run_0330,original,sipakmed,resnet18,B,submitted,60,60,60,744.0,run entry through output export; wall-clock UTC difference,NVIDIA GeForce RTX 3060,3.10.14,2.4.1+cu121,0.19.1,1.26.4,10.4.0,32,0,adamw,0.0001,0.0001,not recorded in frozen config,research-lab/experiments/registered-workflow/runs/primary/run_0330
run_0331,original,sipakmed,resnet50,A,submitted,14,7,60,245.0,run entry through output export; wall-clock UTC difference,NVIDIA GeForce RTX 3060,3.10.14,2.4.1+cu121,0.19.1,1.26.4,10.4.0,32,0,adamw,0.0001,0.0001,not recorded in frozen config,research-lab/experiments/registered-workflow/runs/primary/run_0331
run_0332,original,sipakmed,resnet50,B,submitted,60,60,60,1054.0,run entry through output export; wall-clock UTC difference,NVIDIA GeForce RTX 3060,3.10.14,2.4.1+cu121,0.19.1,1.26.4,10.4.0,32,0,adamw,0.0001,0.0001,not recorded in frozen config,research-lab/experiments/registered-workflow/runs/primary/run_0332
run_0333,original,sipakmed,densenet121,A,submitted,26,19,60,457.0,run entry through output export; wall-clock UTC difference,NVIDIA GeForce RTX 3060,3.10.14,2.4.1+cu121,0.19.1,1.26.4,10.4.0,32,0,adamw,0.0001,0.0001,not recorded in frozen config,research-lab/experiments/registered-workflow/runs/primary/run_0333
run_0334,original,sipakmed,densenet121,B,submitted,60,60,60,1050.0,run entry through output export; wall-clock UTC difference,NVIDIA GeForce RTX 3060,3.10.14,2.4.1+cu121,0.19.1,1.26.4,10.4.0,32,0,adamw,0.0001,0.0001,not recorded in frozen config,research-lab/experiments/registered-workflow/runs/primary/run_0334
run_0335,original,sipakmed,efficientnet_b0,A,submitted,37,30,60,471.0,run entry through output export; wall-clock UTC difference,NVIDIA GeForce RTX 3060,3.10.14,2.4.1+cu121,0.19.1,1.26.4,10.4.0,32,0,adamw,0.0001,0.0001,not recorded in frozen config,research-lab/experiments/registered-workflow/runs/primary/run_0335
run_0336,original,sipakmed,efficientnet_b0,B,submitted,60,60,60,748.0,run entry through output export; wall-clock UTC difference,NVIDIA GeForce RTX 3060,3.10.14,2.4.1+cu121,0.19.1,1.26.4,10.4.0,32,0,adamw,0.0001,0.0001,not recorded in frozen config,research-lab/experiments/registered-workflow/runs/primary/run_0336
run_0337,original,sipakmed,resnet18,A,submitted,16,9,60,190.0,run entry through output export; wall-clock UTC difference,NVIDIA GeForce RTX 3060,3.10.14,2.4.1+cu121,0.19.1,1.26.4,10.4.0,32,0,adamw,0.0001,0.0001,not recorded in frozen config,research-lab/experiments/registered-workflow/runs/primary/run_0337
run_0338,original,sipakmed,resnet18,B,submitted,60,60,60,700.0,run entry through output export; wall-clock UTC difference,NVIDIA GeForce RTX 3060,3.10.14,2.4.1+cu121,0.19.1,1.26.4,10.4.0,32,0,adamw,0.0001,0.0001,not recorded in frozen config,research-lab/experiments/registered-workflow/runs/primary/run_0338
run_0339,original,sipakmed,resnet50,A,submitted,20,13,60,314.0,run entry through output export; wall-clock UTC difference,NVIDIA GeForce RTX 3060,3.10.14,2.4.1+cu121,0.19.1,1.26.4,10.4.0,32,0,adamw,0.0001,0.0001,not recorded in frozen config,research-lab/experiments/registered-workflow/runs/primary/run_0339
run_0340,original,sipakmed,resnet50,B,submitted,60,60,60,1051.0,run entry through output export; wall-clock UTC difference,NVIDIA GeForce RTX 3060,3.10.14,2.4.1+cu121,0.19.1,1.26.4,10.4.0,32,0,adamw,0.0001,0.0001,not recorded in frozen config,research-lab/experiments/registered-workflow/runs/primary/run_0340
run_0341,original,sipakmed,densenet121,A,submitted,25,18,60,434.0,run entry through output export; wall-clock UTC difference,NVIDIA GeForce RTX 3060,3.10.14,2.4.1+cu121,0.19.1,1.26.4,10.4.0,32,0,adamw,0.0001,0.0001,not recorded in frozen config,research-lab/experiments/registered-workflow/runs/primary/run_0341
run_0342,original,sipakmed,densenet121,B,submitted,60,60,60,1044.0,run entry through output export; wall-clock UTC difference,NVIDIA GeForce RTX 3060,3.10.14,2.4.1+cu121,0.19.1,1.26.4,10.4.0,32,0,adamw,0.0001,0.0001,not recorded in frozen config,research-lab/experiments/registered-workflow/runs/primary/run_0342
run_0343,original,sipakmed,efficientnet_b0,A,submitted,60,60,60,755.0,run entry through output export; wall-clock UTC difference,NVIDIA GeForce RTX 3060,3.10.14,2.4.1+cu121,0.19.1,1.26.4,10.4.0,32,0,adamw,0.0001,0.0001,not recorded in frozen config,research-lab/experiments/registered-workflow/runs/primary/run_0343
run_0344,original,sipakmed,efficientnet_b0,B,submitted,60,60,60,752.0,run entry through output export; wall-clock UTC difference,NVIDIA GeForce RTX 3060,3.10.14,2.4.1+cu121,0.19.1,1.26.4,10.4.0,32,0,adamw,0.0001,0.0001,not recorded in frozen config,research-lab/experiments/registered-workflow/runs/primary/run_0344
run_0345,original,sipakmed,resnet18,A,submitted,26,19,60,310.0,run entry through output export; wall-clock UTC difference,NVIDIA GeForce RTX 3060,3.10.14,2.4.1+cu121,0.19.1,1.26.4,10.4.0,32,0,adamw,0.0001,0.0001,not recorded in frozen config,research-lab/experiments/registered-workflow/runs/primary/run_0345
run_0346,original,sipakmed,resnet18,B,submitted,60,60,60,710.0,run entry through output export; wall-clock UTC difference,NVIDIA GeForce RTX 3060,3.10.14,2.4.1+cu121,0.19.1,1.26.4,10.4.0,32,0,adamw,0.0001,0.0001,not recorded in frozen config,research-lab/experiments/registered-workflow/runs/primary/run_0346
run_0347,original,sipakmed,resnet50,A,submitted,16,9,60,282.0,run entry through output export; wall-clock UTC difference,NVIDIA GeForce RTX 3060,3.10.14,2.4.1+cu121,0.19.1,1.26.4,10.4.0,32,0,adamw,0.0001,0.0001,not recorded in frozen config,research-lab/experiments/registered-workflow/runs/primary/run_0347
run_0348,original,sipakmed,resnet50,B,submitted,60,60,60,1053.0,run entry through output export; wall-clock UTC difference,NVIDIA GeForce RTX 3060,3.10.14,2.4.1+cu121,0.19.1,1.26.4,10.4.0,32,0,adamw,0.0001,0.0001,not recorded in frozen config,research-lab/experiments/registered-workflow/runs/primary/run_0348
run_0349,original,sipakmed,densenet121,A,submitted,17,10,60,300.0,run entry through output export; wall-clock UTC difference,NVIDIA GeForce RTX 3060,3.10.14,2.4.1+cu121,0.19.1,1.26.4,10.4.0,32,0,adamw,0.0001,0.0001,not recorded in frozen config,research-lab/experiments/registered-workflow/runs/primary/run_0349
run_0350,original,sipakmed,densenet121,B,submitted,60,60,60,1048.0,run entry through output export; wall-clock UTC difference,NVIDIA GeForce RTX 3060,3.10.14,2.4.1+cu121,0.19.1,1.26.4,10.4.0,32,0,adamw,0.0001,0.0001,not recorded in frozen config,research-lab/experiments/registered-workflow/runs/primary/run_0350
run_0351,original,sipakmed,efficientnet_b0,A,submitted,50,43,60,624.0,run entry through output export; wall-clock UTC difference,NVIDIA GeForce RTX 3060,3.10.14,2.4.1+cu121,0.19.1,1.26.4,10.4.0,32,0,adamw,0.0001,0.0001,not recorded in frozen config,research-lab/experiments/registered-workflow/runs/primary/run_0351
run_0352,original,sipakmed,efficientnet_b0,B,submitted,60,60,60,755.0,run entry through output export; wall-clock UTC difference,NVIDIA GeForce RTX 3060,3.10.14,2.4.1+cu121,0.19.1,1.26.4,10.4.0,32,0,adamw,0.0001,0.0001,not recorded in frozen config,research-lab/experiments/registered-workflow/runs/primary/run_0352
run_0353,original,sipakmed,resnet18,A,submitted,19,12,60,236.0,run entry through output export; wall-clock UTC difference,NVIDIA GeForce RTX 3060,3.10.14,2.4.1+cu121,0.19.1,1.26.4,10.4.0,32,0,adamw,0.0001,0.0001,not recorded in frozen config,research-lab/experiments/registered-workflow/runs/primary/run_0353
run_0354,original,sipakmed,resnet18,B,submitted,60,60,60,742.0,run entry through output export; wall-clock UTC difference,NVIDIA GeForce RTX 3060,3.10.14,2.4.1+cu121,0.19.1,1.26.4,10.4.0,32,0,adamw,0.0001,0.0001,not recorded in frozen config,research-lab/experiments/registered-workflow/runs/primary/run_0354
run_0355,original,sipakmed,resnet50,A,submitted,12,5,60,214.0,run entry through output export; wall-clock UTC difference,NVIDIA GeForce RTX 3060,3.10.14,2.4.1+cu121,0.19.1,1.26.4,10.4.0,32,0,adamw,0.0001,0.0001,not recorded in frozen config,research-lab/experiments/registered-workflow/runs/primary/run_0355
run_0356,original,sipakmed,resnet50,B,submitted,60,60,60,1045.0,run entry through output export; wall-clock UTC difference,NVIDIA GeForce RTX 3060,3.10.14,2.4.1+cu121,0.19.1,1.26.4,10.4.0,32,0,adamw,0.0001,0.0001,not recorded in frozen config,research-lab/experiments/registered-workflow/runs/primary/run_0356
run_0357,original,sipakmed,densenet121,A,submitted,26,19,60,406.0,run entry through output export; wall-clock UTC difference,NVIDIA GeForce RTX 3060,3.10.14,2.4.1+cu121,0.19.1,1.26.4,10.4.0,32,0,adamw,0.0001,0.0001,not recorded in frozen config,research-lab/experiments/registered-workflow/runs/primary/run_0357
run_0358,original,sipakmed,densenet121,B,submitted,60,60,60,943.0,run entry through output export; wall-clock UTC difference,NVIDIA GeForce RTX 3060,3.10.14,2.4.1+cu121,0.19.1,1.26.4,10.4.0,32,0,adamw,0.0001,0.0001,not recorded in frozen config,research-lab/experiments/registered-workflow/runs/primary/run_0358
run_0359,original,sipakmed,efficientnet_b0,A,submitted,60,58,60,754.0,run entry through output export; wall-clock UTC difference,NVIDIA GeForce RTX 3060,3.10.14,2.4.1+cu121,0.19.1,1.26.4,10.4.0,32,0,adamw,0.0001,0.0001,not recorded in frozen config,research-lab/experiments/registered-workflow/runs/primary/run_0359
run_0360,original,sipakmed,efficientnet_b0,B,submitted,60,60,60,758.0,run entry through output export; wall-clock UTC difference,NVIDIA GeForce RTX 3060,3.10.14,2.4.1+cu121,0.19.1,1.26.4,10.4.0,32,0,adamw,0.0001,0.0001,not recorded in frozen config,research-lab/experiments/registered-workflow/runs/primary/run_0360
run_0361,original,sipakmed,resnet18,A,submitted,15,8,60,187.0,run entry through output export; wall-clock UTC difference,NVIDIA GeForce RTX 3060,3.10.14,2.4.1+cu121,0.19.1,1.26.4,10.4.0,32,0,adamw,0.0001,0.0001,not recorded in frozen config,research-lab/experiments/registered-workflow/runs/primary/run_0361
run_0362,original,sipakmed,resnet18,B,submitted,60,60,60,708.0,run entry through output export; wall-clock UTC difference,NVIDIA GeForce RTX 3060,3.10.14,2.4.1+cu121,0.19.1,1.26.4,10.4.0,32,0,adamw,0.0001,0.0001,not recorded in frozen config,research-lab/experiments/registered-workflow/runs/primary/run_0362
run_0363,original,sipakmed,resnet50,A,submitted,10,3,60,160.0,run entry through output export; wall-clock UTC difference,NVIDIA GeForce RTX 3060,3.10.14,2.4.1+cu121,0.19.1,1.26.4,10.4.0,32,0,adamw,0.0001,0.0001,not recorded in frozen config,research-lab/experiments/registered-workflow/runs/primary/run_0363
run_0364,original,sipakmed,resnet50,B,submitted,60,60,60,1003.0,run entry through output export; wall-clock UTC difference,NVIDIA GeForce RTX 3060,3.10.14,2.4.1+cu121,0.19.1,1.26.4,10.4.0,32,0,adamw,0.0001,0.0001,not recorded in frozen config,research-lab/experiments/registered-workflow/runs/primary/run_0364
run_0365,original,sipakmed,densenet121,A,submitted,18,11,60,317.0,run entry through output export; wall-clock UTC difference,NVIDIA GeForce RTX 3060,3.10.14,2.4.1+cu121,0.19.1,1.26.4,10.4.0,32,0,adamw,0.0001,0.0001,not recorded in frozen config,research-lab/experiments/registered-workflow/runs/primary/run_0365
run_0366,original,sipakmed,densenet121,B,submitted,60,60,60,967.0,run entry through output export; wall-clock UTC difference,NVIDIA GeForce RTX 3060,3.10.14,2.4.1+cu121,0.19.1,1.26.4,10.4.0,32,0,adamw,0.0001,0.0001,not recorded in frozen config,research-lab/experiments/registered-workflow/runs/primary/run_0366
run_0367,original,sipakmed,efficientnet_b0,A,submitted,43,36,60,508.0,run entry through output export; wall-clock UTC difference,NVIDIA GeForce RTX 3060,3.10.14,2.4.1+cu121,0.19.1,1.26.4,10.4.0,32,0,adamw,0.0001,0.0001,not recorded in frozen config,research-lab/experiments/registered-workflow/runs/primary/run_0367
run_0368,original,sipakmed,efficientnet_b0,B,submitted,60,60,60,740.0,run entry through output export; wall-clock UTC difference,NVIDIA GeForce RTX 3060,3.10.14,2.4.1+cu121,0.19.1,1.26.4,10.4.0,32,0,adamw,0.0001,0.0001,not recorded in frozen config,research-lab/experiments/registered-workflow/runs/primary/run_0368
run_0369,original,sipakmed,resnet18,A,submitted,13,6,60,156.0,run entry through output export; wall-clock UTC difference,NVIDIA GeForce RTX 3060,3.10.14,2.4.1+cu121,0.19.1,1.26.4,10.4.0,32,0,adamw,0.0001,0.0001,not recorded in frozen config,research-lab/experiments/registered-workflow/runs/primary/run_0369
run_0370,original,sipakmed,resnet18,B,submitted,60,60,60,703.0,run entry through output export; wall-clock UTC difference,NVIDIA GeForce RTX 3060,3.10.14,2.4.1+cu121,0.19.1,1.26.4,10.4.0,32,0,adamw,0.0001,0.0001,not recorded in frozen config,research-lab/experiments/registered-workflow/runs/primary/run_0370
run_0371,original,sipakmed,resnet50,A,submitted,11,4,60,175.0,run entry through output export; wall-clock UTC difference,NVIDIA GeForce RTX 3060,3.10.14,2.4.1+cu121,0.19.1,1.26.4,10.4.0,32,0,adamw,0.0001,0.0001,not recorded in frozen config,research-lab/experiments/registered-workflow/runs/primary/run_0371
run_0372,original,sipakmed,resnet50,B,submitted,60,60,60,940.0,run entry through output export; wall-clock UTC difference,NVIDIA GeForce RTX 3060,3.10.14,2.4.1+cu121,0.19.1,1.26.4,10.4.0,32,0,adamw,0.0001,0.0001,not recorded in frozen config,research-lab/experiments/registered-workflow/runs/primary/run_0372
run_0373,original,sipakmed,densenet121,A,submitted,17,10,60,294.0,run entry through output export; wall-clock UTC difference,NVIDIA GeForce RTX 3060,3.10.14,2.4.1+cu121,0.19.1,1.26.4,10.4.0,32,0,adamw,0.0001,0.0001,not recorded in frozen config,research-lab/experiments/registered-workflow/runs/primary/run_0373
run_0374,original,sipakmed,densenet121,B,submitted,60,60,60,1041.0,run entry through output export; wall-clock UTC difference,NVIDIA GeForce RTX 3060,3.10.14,2.4.1+cu121,0.19.1,1.26.4,10.4.0,32,0,adamw,0.0001,0.0001,not recorded in frozen config,research-lab/experiments/registered-workflow/runs/primary/run_0374
run_0375,original,sipakmed,efficientnet_b0,A,submitted,60,59,60,758.0,run entry through output export; wall-clock UTC difference,NVIDIA GeForce RTX 3060,3.10.14,2.4.1+cu121,0.19.1,1.26.4,10.4.0,32,0,adamw,0.0001,0.0001,not recorded in frozen config,research-lab/experiments/registered-workflow/runs/primary/run_0375
run_0376,original,sipakmed,efficientnet_b0,B,submitted,60,60,60,741.0,run entry through output export; wall-clock UTC difference,NVIDIA GeForce RTX 3060,3.10.14,2.4.1+cu121,0.19.1,1.26.4,10.4.0,32,0,adamw,0.0001,0.0001,not recorded in frozen config,research-lab/experiments/registered-workflow/runs/primary/run_0376
run_0377,original,sipakmed,resnet18,A,submitted,18,11,60,225.0,run entry through output export; wall-clock UTC difference,NVIDIA GeForce RTX 3060,3.10.14,2.4.1+cu121,0.19.1,1.26.4,10.4.0,32,0,adamw,0.0001,0.0001,not recorded in frozen config,research-lab/experiments/registered-workflow/runs/primary/run_0377
run_0378,original,sipakmed,resnet18,B,submitted,60,60,60,742.0,run entry through output export; wall-clock UTC difference,NVIDIA GeForce RTX 3060,3.10.14,2.4.1+cu121,0.19.1,1.26.4,10.4.0,32,0,adamw,0.0001,0.0001,not recorded in frozen config,research-lab/experiments/registered-workflow/runs/primary/run_0378
run_0379,original,sipakmed,resnet50,A,submitted,19,12,60,337.0,run entry through output export; wall-clock UTC difference,NVIDIA GeForce RTX 3060,3.10.14,2.4.1+cu121,0.19.1,1.26.4,10.4.0,32,0,adamw,0.0001,0.0001,not recorded in frozen config,research-lab/experiments/registered-workflow/runs/primary/run_0379
run_0380,original,sipakmed,resnet50,B,submitted,60,60,60,1057.0,run entry through output export; wall-clock UTC difference,NVIDIA GeForce RTX 3060,3.10.14,2.4.1+cu121,0.19.1,1.26.4,10.4.0,32,0,adamw,0.0001,0.0001,not recorded in frozen config,research-lab/experiments/registered-workflow/runs/primary/run_0380
run_0381,original,sipakmed,densenet121,A,submitted,30,23,60,518.0,run entry through output export; wall-clock UTC difference,NVIDIA GeForce RTX 3060,3.10.14,2.4.1+cu121,0.19.1,1.26.4,10.4.0,32,0,adamw,0.0001,0.0001,not recorded in frozen config,research-lab/experiments/registered-workflow/runs/primary/run_0381
run_0382,original,sipakmed,densenet121,B,submitted,60,60,60,1042.0,run entry through output export; wall-clock UTC difference,NVIDIA GeForce RTX 3060,3.10.14,2.4.1+cu121,0.19.1,1.26.4,10.4.0,32,0,adamw,0.0001,0.0001,not recorded in frozen config,research-lab/experiments/registered-workflow/runs/primary/run_0382
run_0383,original,sipakmed,efficientnet_b0,A,submitted,46,39,60,582.0,run entry through output export; wall-clock UTC difference,NVIDIA GeForce RTX 3060,3.10.14,2.4.1+cu121,0.19.1,1.26.4,10.4.0,32,0,adamw,0.0001,0.0001,not recorded in frozen config,research-lab/experiments/registered-workflow/runs/primary/run_0383
run_0384,original,sipakmed,efficientnet_b0,B,submitted,60,60,60,941.0,run entry through output export; wall-clock UTC difference,NVIDIA GeForce RTX 3060,3.10.14,2.4.1+cu121,0.19.1,1.26.4,10.4.0,32,0,adamw,0.0001,0.0001,not recorded in frozen config,research-lab/experiments/registered-workflow/runs/primary/run_0384
run_0385,original,sipakmed,resnet18,A,submitted,16,9,60,266.0,run entry through output export; wall-clock UTC difference,NVIDIA GeForce RTX 3060,3.10.14,2.4.1+cu121,0.19.1,1.26.4,10.4.0,32,0,adamw,0.0001,0.0001,not recorded in frozen config,research-lab/experiments/registered-workflow/runs/primary/run_0385
run_0386,original,sipakmed,resnet18,B,submitted,60,60,60,995.0,run entry through output export; wall-clock UTC difference,NVIDIA GeForce RTX 3060,3.10.14,2.4.1+cu121,0.19.1,1.26.4,10.4.0,32,0,adamw,0.0001,0.0001,not recorded in frozen config,research-lab/experiments/registered-workflow/runs/primary/run_0386
run_0387,original,sipakmed,resnet50,A,submitted,17,10,60,364.0,run entry through output export; wall-clock UTC difference,NVIDIA GeForce RTX 3060,3.10.14,2.4.1+cu121,0.19.1,1.26.4,10.4.0,32,0,adamw,0.0001,0.0001,not recorded in frozen config,research-lab/experiments/registered-workflow/runs/primary/run_0387
run_0388,original,sipakmed,resnet50,B,submitted,60,60,60,1275.0,run entry through output export; wall-clock UTC difference,NVIDIA GeForce RTX 3060,3.10.14,2.4.1+cu121,0.19.1,1.26.4,10.4.0,32,0,adamw,0.0001,0.0001,not recorded in frozen config,research-lab/experiments/registered-workflow/runs/primary/run_0388
run_0389,original,sipakmed,densenet121,A,submitted,19,12,60,406.0,run entry through output export; wall-clock UTC difference,NVIDIA GeForce RTX 3060,3.10.14,2.4.1+cu121,0.19.1,1.26.4,10.4.0,32,0,adamw,0.0001,0.0001,not recorded in frozen config,research-lab/experiments/registered-workflow/runs/primary/run_0389
run_0390,original,sipakmed,densenet121,B,submitted,60,60,60,1248.0,run entry through output export; wall-clock UTC difference,NVIDIA GeForce RTX 3060,3.10.14,2.4.1+cu121,0.19.1,1.26.4,10.4.0,32,0,adamw,0.0001,0.0001,not recorded in frozen config,research-lab/experiments/registered-workflow/runs/primary/run_0390
run_0391,original,sipakmed,efficientnet_b0,A,submitted,54,47,60,826.0,run entry through output export; wall-clock UTC difference,NVIDIA GeForce RTX 3060,3.10.14,2.4.1+cu121,0.19.1,1.26.4,10.4.0,32,0,adamw,0.0001,0.0001,not recorded in frozen config,research-lab/experiments/registered-workflow/runs/primary/run_0391
run_0392,original,sipakmed,efficientnet_b0,B,submitted,60,60,60,971.0,run entry through output export; wall-clock UTC difference,NVIDIA GeForce RTX 3060,3.10.14,2.4.1+cu121,0.19.1,1.26.4,10.4.0,32,0,adamw,0.0001,0.0001,not recorded in frozen config,research-lab/experiments/registered-workflow/runs/primary/run_0392
run_0393,original,sipakmed,resnet18,A,submitted,21,14,60,347.0,run entry through output export; wall-clock UTC difference,NVIDIA GeForce RTX 3060,3.10.14,2.4.1+cu121,0.19.1,1.26.4,10.4.0,32,0,adamw,0.0001,0.0001,not recorded in frozen config,research-lab/experiments/registered-workflow/runs/primary/run_0393
run_0394,original,sipakmed,resnet18,B,submitted,60,60,60,1000.0,run entry through output export; wall-clock UTC difference,NVIDIA GeForce RTX 3060,3.10.14,2.4.1+cu121,0.19.1,1.26.4,10.4.0,32,0,adamw,0.0001,0.0001,not recorded in frozen config,research-lab/experiments/registered-workflow/runs/primary/run_0394
run_0395,original,sipakmed,resnet50,A,submitted,22,15,60,419.0,run entry through output export; wall-clock UTC difference,NVIDIA GeForce RTX 3060,3.10.14,2.4.1+cu121,0.19.1,1.26.4,10.4.0,32,0,adamw,0.0001,0.0001,not recorded in frozen config,research-lab/experiments/registered-workflow/runs/primary/run_0395
run_0396,original,sipakmed,resnet50,B,submitted,60,60,60,1188.0,run entry through output export; wall-clock UTC difference,NVIDIA GeForce RTX 3060,3.10.14,2.4.1+cu121,0.19.1,1.26.4,10.4.0,32,0,adamw,0.0001,0.0001,not recorded in frozen config,research-lab/experiments/registered-workflow/runs/primary/run_0396
run_0397,original,sipakmed,densenet121,A,submitted,22,15,60,478.0,run entry through output export; wall-clock UTC difference,NVIDIA GeForce RTX 3060,3.10.14,2.4.1+cu121,0.19.1,1.26.4,10.4.0,32,0,adamw,0.0001,0.0001,not recorded in frozen config,research-lab/experiments/registered-workflow/runs/primary/run_0397
run_0398,original,sipakmed,densenet121,B,submitted,60,60,60,1231.0,run entry through output export; wall-clock UTC difference,NVIDIA GeForce RTX 3060,3.10.14,2.4.1+cu121,0.19.1,1.26.4,10.4.0,32,0,adamw,0.0001,0.0001,not recorded in frozen config,research-lab/experiments/registered-workflow/runs/primary/run_0398
run_0399,original,sipakmed,efficientnet_b0,A,submitted,60,56,60,948.0,run entry through output export; wall-clock UTC difference,NVIDIA GeForce RTX 3060,3.10.14,2.4.1+cu121,0.19.1,1.26.4,10.4.0,32,0,adamw,0.0001,0.0001,not recorded in frozen config,research-lab/experiments/registered-workflow/runs/primary/run_0399
run_0400,original,sipakmed,efficientnet_b0,B,submitted,60,60,60,1022.0,run entry through output export; wall-clock UTC difference,NVIDIA GeForce RTX 3060,3.10.14,2.4.1+cu121,0.19.1,1.26.4,10.4.0,32,0,adamw,0.0001,0.0001,not recorded in frozen config,research-lab/experiments/registered-workflow/runs/primary/run_0400
run_0401,original,organamnist,resnet18,A,submitted,15,8,60,494.0,run entry through output export; wall-clock UTC difference,NVIDIA GeForce RTX 5070 Ti,3.12.7,2.10.0+cu128,0.25.0+cu128,2.2.6,12.1.1,32,24,adamw,0.0001,0.0001,not recorded in frozen config,research-lab/experiments/registered-workflow/runs/primary/run_0401
run_0402,original,organamnist,resnet18,B,submitted,60,60,60,1242.0,run entry through output export; wall-clock UTC difference,NVIDIA GeForce RTX 5070 Ti,3.12.7,2.10.0+cu128,0.25.0+cu128,2.2.6,12.1.1,32,24,adamw,0.0001,0.0001,not recorded in frozen config,research-lab/experiments/registered-workflow/runs/primary/run_0402
run_0403,original,organamnist,resnet50,A,submitted,18,11,60,938.0,run entry through output export; wall-clock UTC difference,NVIDIA GeForce RTX 5070 Ti,3.12.7,2.10.0+cu128,0.25.0+cu128,2.2.6,12.1.1,32,24,adamw,0.0001,0.0001,not recorded in frozen config,research-lab/experiments/registered-workflow/runs/primary/run_0403
run_0404,original,organamnist,resnet50,B,submitted,60,60,60,2556.0,run entry through output export; wall-clock UTC difference,NVIDIA GeForce RTX 5070 Ti,3.12.7,2.10.0+cu128,0.25.0+cu128,2.2.6,12.1.1,32,24,adamw,0.0001,0.0001,not recorded in frozen config,research-lab/experiments/registered-workflow/runs/primary/run_0404
run_0405,original,organamnist,densenet121,A,submitted,46,39,60,2130.0,run entry through output export; wall-clock UTC difference,NVIDIA GeForce RTX 5070 Ti,3.12.7,2.10.0+cu128,0.25.0+cu128,2.2.6,12.1.1,32,24,adamw,0.0001,0.0001,not recorded in frozen config,research-lab/experiments/registered-workflow/runs/primary/run_0405
run_0406,original,organamnist,densenet121,B,submitted,60,60,60,2706.0,run entry through output export; wall-clock UTC difference,NVIDIA GeForce RTX 5070 Ti,3.12.7,2.10.0+cu128,0.25.0+cu128,2.2.6,12.1.1,32,24,adamw,0.0001,0.0001,not recorded in frozen config,research-lab/experiments/registered-workflow/runs/primary/run_0406
run_0407,original,organamnist,efficientnet_b0,A,submitted,60,55,60,1474.0,run entry through output export; wall-clock UTC difference,NVIDIA GeForce RTX 5070 Ti,3.12.7,2.10.0+cu128,0.25.0+cu128,2.2.6,12.1.1,32,24,adamw,0.0001,0.0001,not recorded in frozen config,research-lab/experiments/registered-workflow/runs/primary/run_0407
run_0408,original,organamnist,efficientnet_b0,B,submitted,60,60,60,1471.0,run entry through output export; wall-clock UTC difference,NVIDIA GeForce RTX 5070 Ti,3.12.7,2.10.0+cu128,0.25.0+cu128,2.2.6,12.1.1,32,24,adamw,0.0001,0.0001,not recorded in frozen config,research-lab/experiments/registered-workflow/runs/primary/run_0408
run_0409,original,organamnist,resnet18,A,submitted,30,23,60,762.0,run entry through output export; wall-clock UTC difference,NVIDIA GeForce RTX 5070 Ti,3.12.7,2.10.0+cu128,0.25.0+cu128,2.2.6,12.1.1,32,24,adamw,0.0001,0.0001,not recorded in frozen config,research-lab/experiments/registered-workflow/runs/primary/run_0409
run_0410,original,organamnist,resnet18,B,submitted,60,60,60,1293.0,run entry through output export; wall-clock UTC difference,NVIDIA GeForce RTX 5070 Ti,3.12.7,2.10.0+cu128,0.25.0+cu128,2.2.6,12.1.1,32,24,adamw,0.0001,0.0001,not recorded in frozen config,research-lab/experiments/registered-workflow/runs/primary/run_0410
run_0411,original,organamnist,resnet50,A,submitted,24,17,60,1168.0,run entry through output export; wall-clock UTC difference,NVIDIA GeForce RTX 5070 Ti,3.12.7,2.10.0+cu128,0.25.0+cu128,2.2.6,12.1.1,32,24,adamw,0.0001,0.0001,not recorded in frozen config,research-lab/experiments/registered-workflow/runs/primary/run_0411
run_0412,original,organamnist,resnet50,B,submitted,60,60,60,2556.0,run entry through output export; wall-clock UTC difference,NVIDIA GeForce RTX 5070 Ti,3.12.7,2.10.0+cu128,0.25.0+cu128,2.2.6,12.1.1,32,24,adamw,0.0001,0.0001,not recorded in frozen config,research-lab/experiments/registered-workflow/runs/primary/run_0412
run_0413,original,organamnist,densenet121,A,submitted,33,26,60,1597.0,run entry through output export; wall-clock UTC difference,NVIDIA GeForce RTX 5070 Ti,3.12.7,2.10.0+cu128,0.25.0+cu128,2.2.6,12.1.1,32,24,adamw,0.0001,0.0001,not recorded in frozen config,research-lab/experiments/registered-workflow/runs/primary/run_0413
run_0414,original,organamnist,densenet121,B,submitted,60,60,60,2704.0,run entry through output export; wall-clock UTC difference,NVIDIA GeForce RTX 5070 Ti,3.12.7,2.10.0+cu128,0.25.0+cu128,2.2.6,12.1.1,32,24,adamw,0.0001,0.0001,not recorded in frozen config,research-lab/experiments/registered-workflow/runs/primary/run_0414
run_0415,original,organamnist,efficientnet_b0,A,submitted,60,58,60,1472.0,run entry through output export; wall-clock UTC difference,NVIDIA GeForce RTX 5070 Ti,3.12.7,2.10.0+cu128,0.25.0+cu128,2.2.6,12.1.1,32,24,adamw,0.0001,0.0001,not recorded in frozen config,research-lab/experiments/registered-workflow/runs/primary/run_0415
run_0416,original,organamnist,efficientnet_b0,B,submitted,60,60,60,1475.0,run entry through output export; wall-clock UTC difference,NVIDIA GeForce RTX 5070 Ti,3.12.7,2.10.0+cu128,0.25.0+cu128,2.2.6,12.1.1,32,24,adamw,0.0001,0.0001,not recorded in frozen config,research-lab/experiments/registered-workflow/runs/primary/run_0416
run_0417,original,organamnist,resnet18,A,submitted,15,8,60,502.0,run entry through output export; wall-clock UTC difference,NVIDIA GeForce RTX 5070 Ti,3.12.7,2.10.0+cu128,0.25.0+cu128,2.2.6,12.1.1,32,24,adamw,0.0001,0.0001,not recorded in frozen config,research-lab/experiments/registered-workflow/runs/primary/run_0417
run_0418,original,organamnist,resnet18,B,submitted,60,60,60,1282.0,run entry through output export; wall-clock UTC difference,NVIDIA GeForce RTX 5070 Ti,3.12.7,2.10.0+cu128,0.25.0+cu128,2.2.6,12.1.1,32,24,adamw,0.0001,0.0001,not recorded in frozen config,research-lab/experiments/registered-workflow/runs/primary/run_0418
run_0419,original,organamnist,resnet50,A,submitted,27,20,60,1288.0,run entry through output export; wall-clock UTC difference,NVIDIA GeForce RTX 5070 Ti,3.12.7,2.10.0+cu128,0.25.0+cu128,2.2.6,12.1.1,32,24,adamw,0.0001,0.0001,not recorded in frozen config,research-lab/experiments/registered-workflow/runs/primary/run_0419
run_0420,original,organamnist,resnet50,B,submitted,60,60,60,2555.0,run entry through output export; wall-clock UTC difference,NVIDIA GeForce RTX 5070 Ti,3.12.7,2.10.0+cu128,0.25.0+cu128,2.2.6,12.1.1,32,24,adamw,0.0001,0.0001,not recorded in frozen config,research-lab/experiments/registered-workflow/runs/primary/run_0420
run_0421,original,organamnist,densenet121,A,submitted,38,31,60,1808.0,run entry through output export; wall-clock UTC difference,NVIDIA GeForce RTX 5070 Ti,3.12.7,2.10.0+cu128,0.25.0+cu128,2.2.6,12.1.1,32,24,adamw,0.0001,0.0001,not recorded in frozen config,research-lab/experiments/registered-workflow/runs/primary/run_0421
run_0422,original,organamnist,densenet121,B,submitted,60,60,60,2708.0,run entry through output export; wall-clock UTC difference,NVIDIA GeForce RTX 5070 Ti,3.12.7,2.10.0+cu128,0.25.0+cu128,2.2.6,12.1.1,32,24,adamw,0.0001,0.0001,not recorded in frozen config,research-lab/experiments/registered-workflow/runs/primary/run_0422
run_0423,original,organamnist,efficientnet_b0,A,submitted,60,57,60,1472.0,run entry through output export; wall-clock UTC difference,NVIDIA GeForce RTX 5070 Ti,3.12.7,2.10.0+cu128,0.25.0+cu128,2.2.6,12.1.1,32,24,adamw,0.0001,0.0001,not recorded in frozen config,research-lab/experiments/registered-workflow/runs/primary/run_0423
run_0424,original,organamnist,efficientnet_b0,B,submitted,60,60,60,1465.0,run entry through output export; wall-clock UTC difference,NVIDIA GeForce RTX 5070 Ti,3.12.7,2.10.0+cu128,0.25.0+cu128,2.2.6,12.1.1,32,24,adamw,0.0001,0.0001,not recorded in frozen config,research-lab/experiments/registered-workflow/runs/primary/run_0424
run_0425,original,organamnist,resnet18,A,submitted,23,16,60,642.0,run entry through output export; wall-clock UTC difference,NVIDIA GeForce RTX 5070 Ti,3.12.7,2.10.0+cu128,0.25.0+cu128,2.2.6,12.1.1,32,24,adamw,0.0001,0.0001,not recorded in frozen config,research-lab/experiments/registered-workflow/runs/primary/run_0425
run_0426,original,organamnist,resnet18,B,submitted,60,60,60,1283.0,run entry through output export; wall-clock UTC difference,NVIDIA GeForce RTX 5070 Ti,3.12.7,2.10.0+cu128,0.25.0+cu128,2.2.6,12.1.1,32,24,adamw,0.0001,0.0001,not recorded in frozen config,research-lab/experiments/registered-workflow/runs/primary/run_0426
run_0427,original,organamnist,resnet50,A,submitted,29,22,60,1362.0,run entry through output export; wall-clock UTC difference,NVIDIA GeForce RTX 5070 Ti,3.12.7,2.10.0+cu128,0.25.0+cu128,2.2.6,12.1.1,32,24,adamw,0.0001,0.0001,not recorded in frozen config,research-lab/experiments/registered-workflow/runs/primary/run_0427
run_0428,original,organamnist,resnet50,B,submitted,60,60,60,2556.0,run entry through output export; wall-clock UTC difference,NVIDIA GeForce RTX 5070 Ti,3.12.7,2.10.0+cu128,0.25.0+cu128,2.2.6,12.1.1,32,24,adamw,0.0001,0.0001,not recorded in frozen config,research-lab/experiments/registered-workflow/runs/primary/run_0428
run_0429,original,organamnist,densenet121,A,submitted,35,28,60,1683.0,run entry through output export; wall-clock UTC difference,NVIDIA GeForce RTX 5070 Ti,3.12.7,2.10.0+cu128,0.25.0+cu128,2.2.6,12.1.1,32,24,adamw,0.0001,0.0001,not recorded in frozen config,research-lab/experiments/registered-workflow/runs/primary/run_0429
run_0430,original,organamnist,densenet121,B,submitted,60,60,60,2704.0,run entry through output export; wall-clock UTC difference,NVIDIA GeForce RTX 5070 Ti,3.12.7,2.10.0+cu128,0.25.0+cu128,2.2.6,12.1.1,32,24,adamw,0.0001,0.0001,not recorded in frozen config,research-lab/experiments/registered-workflow/runs/primary/run_0430
run_0431,original,organamnist,efficientnet_b0,A,submitted,60,60,60,1459.0,run entry through output export; wall-clock UTC difference,NVIDIA GeForce RTX 5070 Ti,3.12.7,2.10.0+cu128,0.25.0+cu128,2.2.6,12.1.1,32,24,adamw,0.0001,0.0001,not recorded in frozen config,research-lab/experiments/registered-workflow/runs/primary/run_0431
run_0432,original,organamnist,efficientnet_b0,B,submitted,60,60,60,1457.0,run entry through output export; wall-clock UTC difference,NVIDIA GeForce RTX 5070 Ti,3.12.7,2.10.0+cu128,0.25.0+cu128,2.2.6,12.1.1,32,24,adamw,0.0001,0.0001,not recorded in frozen config,research-lab/experiments/registered-workflow/runs/primary/run_0432
run_0433,original,organamnist,resnet18,A,submitted,16,9,60,515.0,run entry through output export; wall-clock UTC difference,NVIDIA GeForce RTX 5070 Ti,3.12.7,2.10.0+cu128,0.25.0+cu128,2.2.6,12.1.1,32,24,adamw,0.0001,0.0001,not recorded in frozen config,research-lab/experiments/registered-workflow/runs/primary/run_0433
run_0434,original,organamnist,resnet18,B,submitted,60,60,60,1279.0,run entry through output export; wall-clock UTC difference,NVIDIA GeForce RTX 5070 Ti,3.12.7,2.10.0+cu128,0.25.0+cu128,2.2.6,12.1.1,32,24,adamw,0.0001,0.0001,not recorded in frozen config,research-lab/experiments/registered-workflow/runs/primary/run_0434
run_0435,original,organamnist,resnet50,A,submitted,15,8,60,819.0,run entry through output export; wall-clock UTC difference,NVIDIA GeForce RTX 5070 Ti,3.12.7,2.10.0+cu128,0.25.0+cu128,2.2.6,12.1.1,32,24,adamw,0.0001,0.0001,not recorded in frozen config,research-lab/experiments/registered-workflow/runs/primary/run_0435
run_0436,original,organamnist,resnet50,B,submitted,60,60,60,2555.0,run entry through output export; wall-clock UTC difference,NVIDIA GeForce RTX 5070 Ti,3.12.7,2.10.0+cu128,0.25.0+cu128,2.2.6,12.1.1,32,24,adamw,0.0001,0.0001,not recorded in frozen config,research-lab/experiments/registered-workflow/runs/primary/run_0436
run_0437,original,organamnist,densenet121,A,submitted,36,29,60,1724.0,run entry through output export; wall-clock UTC difference,NVIDIA GeForce RTX 5070 Ti,3.12.7,2.10.0+cu128,0.25.0+cu128,2.2.6,12.1.1,32,24,adamw,0.0001,0.0001,not recorded in frozen config,research-lab/experiments/registered-workflow/runs/primary/run_0437
run_0438,original,organamnist,densenet121,B,submitted,60,60,60,2705.0,run entry through output export; wall-clock UTC difference,NVIDIA GeForce RTX 5070 Ti,3.12.7,2.10.0+cu128,0.25.0+cu128,2.2.6,12.1.1,32,24,adamw,0.0001,0.0001,not recorded in frozen config,research-lab/experiments/registered-workflow/runs/primary/run_0438
run_0439,original,organamnist,efficientnet_b0,A,submitted,58,51,60,1428.0,run entry through output export; wall-clock UTC difference,NVIDIA GeForce RTX 5070 Ti,3.12.7,2.10.0+cu128,0.25.0+cu128,2.2.6,12.1.1,32,24,adamw,0.0001,0.0001,not recorded in frozen config,research-lab/experiments/registered-workflow/runs/primary/run_0439
run_0440,original,organamnist,efficientnet_b0,B,submitted,60,60,60,1460.0,run entry through output export; wall-clock UTC difference,NVIDIA GeForce RTX 5070 Ti,3.12.7,2.10.0+cu128,0.25.0+cu128,2.2.6,12.1.1,32,24,adamw,0.0001,0.0001,not recorded in frozen config,research-lab/experiments/registered-workflow/runs/primary/run_0440
run_0441,original,organamnist,resnet18,A,submitted,25,18,60,674.0,run entry through output export; wall-clock UTC difference,NVIDIA GeForce RTX 5070 Ti,3.12.7,2.10.0+cu128,0.25.0+cu128,2.2.6,12.1.1,32,24,adamw,0.0001,0.0001,not recorded in frozen config,research-lab/experiments/registered-workflow/runs/primary/run_0441
run_0442,original,organamnist,resnet18,B,submitted,60,60,60,1285.0,run entry through output export; wall-clock UTC difference,NVIDIA GeForce RTX 5070 Ti,3.12.7,2.10.0+cu128,0.25.0+cu128,2.2.6,12.1.1,32,24,adamw,0.0001,0.0001,not recorded in frozen config,research-lab/experiments/registered-workflow/runs/primary/run_0442
run_0443,original,organamnist,resnet50,A,submitted,23,16,60,1128.0,run entry through output export; wall-clock UTC difference,NVIDIA GeForce RTX 5070 Ti,3.12.7,2.10.0+cu128,0.25.0+cu128,2.2.6,12.1.1,32,24,adamw,0.0001,0.0001,not recorded in frozen config,research-lab/experiments/registered-workflow/runs/primary/run_0443
run_0444,original,organamnist,resnet50,B,submitted,60,60,60,2553.0,run entry through output export; wall-clock UTC difference,NVIDIA GeForce RTX 5070 Ti,3.12.7,2.10.0+cu128,0.25.0+cu128,2.2.6,12.1.1,32,24,adamw,0.0001,0.0001,not recorded in frozen config,research-lab/experiments/registered-workflow/runs/primary/run_0444
run_0445,original,organamnist,densenet121,A,submitted,35,28,60,1682.0,run entry through output export; wall-clock UTC difference,NVIDIA GeForce RTX 5070 Ti,3.12.7,2.10.0+cu128,0.25.0+cu128,2.2.6,12.1.1,32,24,adamw,0.0001,0.0001,not recorded in frozen config,research-lab/experiments/registered-workflow/runs/primary/run_0445
run_0446,original,organamnist,densenet121,B,submitted,60,60,60,2709.0,run entry through output export; wall-clock UTC difference,NVIDIA GeForce RTX 5070 Ti,3.12.7,2.10.0+cu128,0.25.0+cu128,2.2.6,12.1.1,32,24,adamw,0.0001,0.0001,not recorded in frozen config,research-lab/experiments/registered-workflow/runs/primary/run_0446
run_0447,original,organamnist,efficientnet_b0,A,submitted,52,45,60,1302.0,run entry through output export; wall-clock UTC difference,NVIDIA GeForce RTX 5070 Ti,3.12.7,2.10.0+cu128,0.25.0+cu128,2.2.6,12.1.1,32,24,adamw,0.0001,0.0001,not recorded in frozen config,research-lab/experiments/registered-workflow/runs/primary/run_0447
run_0448,original,organamnist,efficientnet_b0,B,submitted,60,60,60,1468.0,run entry through output export; wall-clock UTC difference,NVIDIA GeForce RTX 5070 Ti,3.12.7,2.10.0+cu128,0.25.0+cu128,2.2.6,12.1.1,32,24,adamw,0.0001,0.0001,not recorded in frozen config,research-lab/experiments/registered-workflow/runs/primary/run_0448
run_0449,original,organamnist,resnet18,A,submitted,27,20,60,714.0,run entry through output export; wall-clock UTC difference,NVIDIA GeForce RTX 5070 Ti,3.12.7,2.10.0+cu128,0.25.0+cu128,2.2.6,12.1.1,32,24,adamw,0.0001,0.0001,not recorded in frozen config,research-lab/experiments/registered-workflow/runs/primary/run_0449
run_0450,original,organamnist,resnet18,B,submitted,60,60,60,1284.0,run entry through output export; wall-clock UTC difference,NVIDIA GeForce RTX 5070 Ti,3.12.7,2.10.0+cu128,0.25.0+cu128,2.2.6,12.1.1,32,24,adamw,0.0001,0.0001,not recorded in frozen config,research-lab/experiments/registered-workflow/runs/primary/run_0450
run_0451,original,organamnist,resnet50,A,submitted,17,10,60,900.0,run entry through output export; wall-clock UTC difference,NVIDIA GeForce RTX 5070 Ti,3.12.7,2.10.0+cu128,0.25.0+cu128,2.2.6,12.1.1,32,24,adamw,0.0001,0.0001,not recorded in frozen config,research-lab/experiments/registered-workflow/runs/primary/run_0451
run_0452,original,organamnist,resnet50,B,submitted,60,60,60,2556.0,run entry through output export; wall-clock UTC difference,NVIDIA GeForce RTX 5070 Ti,3.12.7,2.10.0+cu128,0.25.0+cu128,2.2.6,12.1.1,32,24,adamw,0.0001,0.0001,not recorded in frozen config,research-lab/experiments/registered-workflow/runs/primary/run_0452
run_0453,original,organamnist,densenet121,A,submitted,34,27,60,1646.0,run entry through output export; wall-clock UTC difference,NVIDIA GeForce RTX 5070 Ti,3.12.7,2.10.0+cu128,0.25.0+cu128,2.2.6,12.1.1,32,24,adamw,0.0001,0.0001,not recorded in frozen config,research-lab/experiments/registered-workflow/runs/primary/run_0453
run_0454,original,organamnist,densenet121,B,submitted,60,60,60,2735.0,run entry through output export; wall-clock UTC difference,NVIDIA GeForce RTX 5070 Ti,3.12.7,2.10.0+cu128,0.25.0+cu128,2.2.6,12.1.1,32,24,adamw,0.0001,0.0001,not recorded in frozen config,research-lab/experiments/registered-workflow/runs/primary/run_0454
run_0455,original,organamnist,efficientnet_b0,A,submitted,60,54,60,1481.0,run entry through output export; wall-clock UTC difference,NVIDIA GeForce RTX 5070 Ti,3.12.7,2.10.0+cu128,0.25.0+cu128,2.2.6,12.1.1,32,24,adamw,0.0001,0.0001,not recorded in frozen config,research-lab/experiments/registered-workflow/runs/primary/run_0455
run_0456,original,organamnist,efficientnet_b0,B,submitted,60,60,60,1481.0,run entry through output export; wall-clock UTC difference,NVIDIA GeForce RTX 5070 Ti,3.12.7,2.10.0+cu128,0.25.0+cu128,2.2.6,12.1.1,32,24,adamw,0.0001,0.0001,not recorded in frozen config,research-lab/experiments/registered-workflow/runs/primary/run_0456
run_0457,original,organamnist,resnet18,A,submitted,12,5,60,451.0,run entry through output export; wall-clock UTC difference,NVIDIA GeForce RTX 5070 Ti,3.12.7,2.10.0+cu128,0.25.0+cu128,2.2.6,12.1.1,32,24,adamw,0.0001,0.0001,not recorded in frozen config,research-lab/experiments/registered-workflow/runs/primary/run_0457
run_0458,original,organamnist,resnet18,B,submitted,60,60,60,1288.0,run entry through output export; wall-clock UTC difference,NVIDIA GeForce RTX 5070 Ti,3.12.7,2.10.0+cu128,0.25.0+cu128,2.2.6,12.1.1,32,24,adamw,0.0001,0.0001,not recorded in frozen config,research-lab/experiments/registered-workflow/runs/primary/run_0458
run_0459,original,organamnist,resnet50,A,submitted,33,26,60,1520.0,run entry through output export; wall-clock UTC difference,NVIDIA GeForce RTX 5070 Ti,3.12.7,2.10.0+cu128,0.25.0+cu128,2.2.6,12.1.1,32,24,adamw,0.0001,0.0001,not recorded in frozen config,research-lab/experiments/registered-workflow/runs/primary/run_0459
run_0460,original,organamnist,resnet50,B,submitted,60,60,60,2558.0,run entry through output export; wall-clock UTC difference,NVIDIA GeForce RTX 5070 Ti,3.12.7,2.10.0+cu128,0.25.0+cu128,2.2.6,12.1.1,32,24,adamw,0.0001,0.0001,not recorded in frozen config,research-lab/experiments/registered-workflow/runs/primary/run_0460
run_0461,original,organamnist,densenet121,A,submitted,32,25,60,1565.0,run entry through output export; wall-clock UTC difference,NVIDIA GeForce RTX 5070 Ti,3.12.7,2.10.0+cu128,0.25.0+cu128,2.2.6,12.1.1,32,24,adamw,0.0001,0.0001,not recorded in frozen config,research-lab/experiments/registered-workflow/runs/primary/run_0461
run_0462,original,organamnist,densenet121,B,submitted,60,60,60,2718.0,run entry through output export; wall-clock UTC difference,NVIDIA GeForce RTX 5070 Ti,3.12.7,2.10.0+cu128,0.25.0+cu128,2.2.6,12.1.1,32,24,adamw,0.0001,0.0001,not recorded in frozen config,research-lab/experiments/registered-workflow/runs/primary/run_0462
run_0463,original,organamnist,efficientnet_b0,A,submitted,60,60,60,1479.0,run entry through output export; wall-clock UTC difference,NVIDIA GeForce RTX 5070 Ti,3.12.7,2.10.0+cu128,0.25.0+cu128,2.2.6,12.1.1,32,24,adamw,0.0001,0.0001,not recorded in frozen config,research-lab/experiments/registered-workflow/runs/primary/run_0463
run_0464,original,organamnist,efficientnet_b0,B,submitted,60,60,60,1473.0,run entry through output export; wall-clock UTC difference,NVIDIA GeForce RTX 5070 Ti,3.12.7,2.10.0+cu128,0.25.0+cu128,2.2.6,12.1.1,32,24,adamw,0.0001,0.0001,not recorded in frozen config,research-lab/experiments/registered-workflow/runs/primary/run_0464
run_0465,original,organamnist,resnet18,A,submitted,22,15,60,626.0,run entry through output export; wall-clock UTC difference,NVIDIA GeForce RTX 5070 Ti,3.12.7,2.10.0+cu128,0.25.0+cu128,2.2.6,12.1.1,32,24,adamw,0.0001,0.0001,not recorded in frozen config,research-lab/experiments/registered-workflow/runs/primary/run_0465
run_0466,original,organamnist,resnet18,B,submitted,60,60,60,1289.0,run entry through output export; wall-clock UTC difference,NVIDIA GeForce RTX 5070 Ti,3.12.7,2.10.0+cu128,0.25.0+cu128,2.2.6,12.1.1,32,24,adamw,0.0001,0.0001,not recorded in frozen config,research-lab/experiments/registered-workflow/runs/primary/run_0466
run_0467,original,organamnist,resnet50,A,submitted,26,19,60,1250.0,run entry through output export; wall-clock UTC difference,NVIDIA GeForce RTX 5070 Ti,3.12.7,2.10.0+cu128,0.25.0+cu128,2.2.6,12.1.1,32,24,adamw,0.0001,0.0001,not recorded in frozen config,research-lab/experiments/registered-workflow/runs/primary/run_0467
run_0468,original,organamnist,resnet50,B,submitted,60,60,60,2557.0,run entry through output export; wall-clock UTC difference,NVIDIA GeForce RTX 5070 Ti,3.12.7,2.10.0+cu128,0.25.0+cu128,2.2.6,12.1.1,32,24,adamw,0.0001,0.0001,not recorded in frozen config,research-lab/experiments/registered-workflow/runs/primary/run_0468
run_0469,original,organamnist,densenet121,A,submitted,37,30,60,1770.0,run entry through output export; wall-clock UTC difference,NVIDIA GeForce RTX 5070 Ti,3.12.7,2.10.0+cu128,0.25.0+cu128,2.2.6,12.1.1,32,24,adamw,0.0001,0.0001,not recorded in frozen config,research-lab/experiments/registered-workflow/runs/primary/run_0469
run_0470,original,organamnist,densenet121,B,submitted,60,60,60,2717.0,run entry through output export; wall-clock UTC difference,NVIDIA GeForce RTX 5070 Ti,3.12.7,2.10.0+cu128,0.25.0+cu128,2.2.6,12.1.1,32,24,adamw,0.0001,0.0001,not recorded in frozen config,research-lab/experiments/registered-workflow/runs/primary/run_0470
run_0471,original,organamnist,efficientnet_b0,A,submitted,60,56,60,1475.0,run entry through output export; wall-clock UTC difference,NVIDIA GeForce RTX 5070 Ti,3.12.7,2.10.0+cu128,0.25.0+cu128,2.2.6,12.1.1,32,24,adamw,0.0001,0.0001,not recorded in frozen config,research-lab/experiments/registered-workflow/runs/primary/run_0471
run_0472,original,organamnist,efficientnet_b0,B,submitted,60,60,60,1468.0,run entry through output export; wall-clock UTC difference,NVIDIA GeForce RTX 5070 Ti,3.12.7,2.10.0+cu128,0.25.0+cu128,2.2.6,12.1.1,32,24,adamw,0.0001,0.0001,not recorded in frozen config,research-lab/experiments/registered-workflow/runs/primary/run_0472
run_0473,original,organamnist,resnet18,A,submitted,28,21,60,729.0,run entry through output export; wall-clock UTC difference,NVIDIA GeForce RTX 5070 Ti,3.12.7,2.10.0+cu128,0.25.0+cu128,2.2.6,12.1.1,32,24,adamw,0.0001,0.0001,not recorded in frozen config,research-lab/experiments/registered-workflow/runs/primary/run_0473
run_0474,original,organamnist,resnet18,B,submitted,60,60,60,1286.0,run entry through output export; wall-clock UTC difference,NVIDIA GeForce RTX 5070 Ti,3.12.7,2.10.0+cu128,0.25.0+cu128,2.2.6,12.1.1,32,24,adamw,0.0001,0.0001,not recorded in frozen config,research-lab/experiments/registered-workflow/runs/primary/run_0474
run_0475,original,organamnist,resnet50,A,submitted,24,17,60,1170.0,run entry through output export; wall-clock UTC difference,NVIDIA GeForce RTX 5070 Ti,3.12.7,2.10.0+cu128,0.25.0+cu128,2.2.6,12.1.1,32,24,adamw,0.0001,0.0001,not recorded in frozen config,research-lab/experiments/registered-workflow/runs/primary/run_0475
run_0476,original,organamnist,resnet50,B,submitted,60,60,60,2555.0,run entry through output export; wall-clock UTC difference,NVIDIA GeForce RTX 5070 Ti,3.12.7,2.10.0+cu128,0.25.0+cu128,2.2.6,12.1.1,32,24,adamw,0.0001,0.0001,not recorded in frozen config,research-lab/experiments/registered-workflow/runs/primary/run_0476
run_0477,original,organamnist,densenet121,A,submitted,32,25,60,1561.0,run entry through output export; wall-clock UTC difference,NVIDIA GeForce RTX 5070 Ti,3.12.7,2.10.0+cu128,0.25.0+cu128,2.2.6,12.1.1,32,24,adamw,0.0001,0.0001,not recorded in frozen config,research-lab/experiments/registered-workflow/runs/primary/run_0477
run_0478,original,organamnist,densenet121,B,submitted,60,60,60,2714.0,run entry through output export; wall-clock UTC difference,NVIDIA GeForce RTX 5070 Ti,3.12.7,2.10.0+cu128,0.25.0+cu128,2.2.6,12.1.1,32,24,adamw,0.0001,0.0001,not recorded in frozen config,research-lab/experiments/registered-workflow/runs/primary/run_0478
run_0479,original,organamnist,efficientnet_b0,A,submitted,50,43,60,1267.0,run entry through output export; wall-clock UTC difference,NVIDIA GeForce RTX 5070 Ti,3.12.7,2.10.0+cu128,0.25.0+cu128,2.2.6,12.1.1,32,24,adamw,0.0001,0.0001,not recorded in frozen config,research-lab/experiments/registered-workflow/runs/primary/run_0479
run_0480,original,organamnist,efficientnet_b0,B,submitted,60,60,60,1471.0,run entry through output export; wall-clock UTC difference,NVIDIA GeForce RTX 5070 Ti,3.12.7,2.10.0+cu128,0.25.0+cu128,2.2.6,12.1.1,32,24,adamw,0.0001,0.0001,not recorded in frozen config,research-lab/experiments/registered-workflow/runs/primary/run_0480
run_0481,original,organamnist,resnet18,A,submitted,26,19,60,693.0,run entry through output export; wall-clock UTC difference,NVIDIA GeForce RTX 5070 Ti,3.12.7,2.10.0+cu128,0.25.0+cu128,2.2.6,12.1.1,32,24,adamw,0.0001,0.0001,not recorded in frozen config,research-lab/experiments/registered-workflow/runs/primary/run_0481
run_0482,original,organamnist,resnet18,B,submitted,60,60,60,1282.0,run entry through output export; wall-clock UTC difference,NVIDIA GeForce RTX 5070 Ti,3.12.7,2.10.0+cu128,0.25.0+cu128,2.2.6,12.1.1,32,24,adamw,0.0001,0.0001,not recorded in frozen config,research-lab/experiments/registered-workflow/runs/primary/run_0482
run_0483,original,organamnist,resnet50,A,submitted,34,27,60,1552.0,run entry through output export; wall-clock UTC difference,NVIDIA GeForce RTX 5070 Ti,3.12.7,2.10.0+cu128,0.25.0+cu128,2.2.6,12.1.1,32,24,adamw,0.0001,0.0001,not recorded in frozen config,research-lab/experiments/registered-workflow/runs/primary/run_0483
run_0484,original,organamnist,resnet50,B,submitted,60,60,60,2556.0,run entry through output export; wall-clock UTC difference,NVIDIA GeForce RTX 5070 Ti,3.12.7,2.10.0+cu128,0.25.0+cu128,2.2.6,12.1.1,32,24,adamw,0.0001,0.0001,not recorded in frozen config,research-lab/experiments/registered-workflow/runs/primary/run_0484
run_0485,original,organamnist,densenet121,A,submitted,34,27,60,1645.0,run entry through output export; wall-clock UTC difference,NVIDIA GeForce RTX 5070 Ti,3.12.7,2.10.0+cu128,0.25.0+cu128,2.2.6,12.1.1,32,24,adamw,0.0001,0.0001,not recorded in frozen config,research-lab/experiments/registered-workflow/runs/primary/run_0485
run_0486,original,organamnist,densenet121,B,submitted,60,60,60,2744.0,run entry through output export; wall-clock UTC difference,NVIDIA GeForce RTX 5070 Ti,3.12.7,2.10.0+cu128,0.25.0+cu128,2.2.6,12.1.1,32,24,adamw,0.0001,0.0001,not recorded in frozen config,research-lab/experiments/registered-workflow/runs/primary/run_0486
run_0487,original,organamnist,efficientnet_b0,A,submitted,60,60,60,1330.0,run entry through output export; wall-clock UTC difference,NVIDIA GeForce RTX 5070 Ti,3.12.7,2.10.0+cu128,0.25.0+cu128,2.2.6,12.1.1,32,24,adamw,0.0001,0.0001,not recorded in frozen config,research-lab/experiments/registered-workflow/runs/primary/run_0487
run_0488,original,organamnist,efficientnet_b0,B,submitted,60,60,60,1326.0,run entry through output export; wall-clock UTC difference,NVIDIA GeForce RTX 5070 Ti,3.12.7,2.10.0+cu128,0.25.0+cu128,2.2.6,12.1.1,32,24,adamw,0.0001,0.0001,not recorded in frozen config,research-lab/experiments/registered-workflow/runs/primary/run_0488
run_0489,original,organamnist,resnet18,A,submitted,22,15,60,617.0,run entry through output export; wall-clock UTC difference,NVIDIA GeForce RTX 5070 Ti,3.12.7,2.10.0+cu128,0.25.0+cu128,2.2.6,12.1.1,32,24,adamw,0.0001,0.0001,not recorded in frozen config,research-lab/experiments/registered-workflow/runs/primary/run_0489
run_0490,original,organamnist,resnet18,B,submitted,60,60,60,1246.0,run entry through output export; wall-clock UTC difference,NVIDIA GeForce RTX 5070 Ti,3.12.7,2.10.0+cu128,0.25.0+cu128,2.2.6,12.1.1,32,24,adamw,0.0001,0.0001,not recorded in frozen config,research-lab/experiments/registered-workflow/runs/primary/run_0490
run_0491,original,organamnist,resnet50,A,submitted,30,23,60,1412.0,run entry through output export; wall-clock UTC difference,NVIDIA GeForce RTX 5070 Ti,3.12.7,2.10.0+cu128,0.25.0+cu128,2.2.6,12.1.1,32,24,adamw,0.0001,0.0001,not recorded in frozen config,research-lab/experiments/registered-workflow/runs/primary/run_0491
run_0492,original,organamnist,resnet50,B,submitted,60,60,60,2565.0,run entry through output export; wall-clock UTC difference,NVIDIA GeForce RTX 5070 Ti,3.12.7,2.10.0+cu128,0.25.0+cu128,2.2.6,12.1.1,32,24,adamw,0.0001,0.0001,not recorded in frozen config,research-lab/experiments/registered-workflow/runs/primary/run_0492
run_0493,original,organamnist,densenet121,A,submitted,30,23,60,1491.0,run entry through output export; wall-clock UTC difference,NVIDIA GeForce RTX 5070 Ti,3.12.7,2.10.0+cu128,0.25.0+cu128,2.2.6,12.1.1,32,24,adamw,0.0001,0.0001,not recorded in frozen config,research-lab/experiments/registered-workflow/runs/primary/run_0493
run_0494,original,organamnist,densenet121,B,submitted,60,60,60,2723.0,run entry through output export; wall-clock UTC difference,NVIDIA GeForce RTX 5070 Ti,3.12.7,2.10.0+cu128,0.25.0+cu128,2.2.6,12.1.1,32,24,adamw,0.0001,0.0001,not recorded in frozen config,research-lab/experiments/registered-workflow/runs/primary/run_0494
run_0495,original,organamnist,efficientnet_b0,A,submitted,60,57,60,1329.0,run entry through output export; wall-clock UTC difference,NVIDIA GeForce RTX 5070 Ti,3.12.7,2.10.0+cu128,0.25.0+cu128,2.2.6,12.1.1,32,24,adamw,0.0001,0.0001,not recorded in frozen config,research-lab/experiments/registered-workflow/runs/primary/run_0495
run_0496,original,organamnist,efficientnet_b0,B,submitted,60,60,60,1325.0,run entry through output export; wall-clock UTC difference,NVIDIA GeForce RTX 5070 Ti,3.12.7,2.10.0+cu128,0.25.0+cu128,2.2.6,12.1.1,32,24,adamw,0.0001,0.0001,not recorded in frozen config,research-lab/experiments/registered-workflow/runs/primary/run_0496
run_0497,original,organamnist,resnet18,A,submitted,28,21,60,726.0,run entry through output export; wall-clock UTC difference,NVIDIA GeForce RTX 5070 Ti,3.12.7,2.10.0+cu128,0.25.0+cu128,2.2.6,12.1.1,32,24,adamw,0.0001,0.0001,not recorded in frozen config,research-lab/experiments/registered-workflow/runs/primary/run_0497
run_0498,original,organamnist,resnet18,B,submitted,60,60,60,1253.0,run entry through output export; wall-clock UTC difference,NVIDIA GeForce RTX 5070 Ti,3.12.7,2.10.0+cu128,0.25.0+cu128,2.2.6,12.1.1,32,24,adamw,0.0001,0.0001,not recorded in frozen config,research-lab/experiments/registered-workflow/runs/primary/run_0498
run_0499,original,organamnist,resnet50,A,submitted,19,12,60,991.0,run entry through output export; wall-clock UTC difference,NVIDIA GeForce RTX 5070 Ti,3.12.7,2.10.0+cu128,0.25.0+cu128,2.2.6,12.1.1,32,24,adamw,0.0001,0.0001,not recorded in frozen config,research-lab/experiments/registered-workflow/runs/primary/run_0499
run_0500,original,organamnist,resnet50,B,submitted,60,60,60,2589.0,run entry through output export; wall-clock UTC difference,NVIDIA GeForce RTX 5070 Ti,3.12.7,2.10.0+cu128,0.25.0+cu128,2.2.6,12.1.1,32,24,adamw,0.0001,0.0001,not recorded in frozen config,research-lab/experiments/registered-workflow/runs/primary/run_0500
run_0501,original,organamnist,densenet121,A,submitted,29,22,60,1451.0,run entry through output export; wall-clock UTC difference,NVIDIA GeForce RTX 5070 Ti,3.12.7,2.10.0+cu128,0.25.0+cu128,2.2.6,12.1.1,32,24,adamw,0.0001,0.0001,not recorded in frozen config,research-lab/experiments/registered-workflow/runs/primary/run_0501
run_0502,original,organamnist,densenet121,B,submitted,60,60,60,2726.0,run entry through output export; wall-clock UTC difference,NVIDIA GeForce RTX 5070 Ti,3.12.7,2.10.0+cu128,0.25.0+cu128,2.2.6,12.1.1,32,24,adamw,0.0001,0.0001,not recorded in frozen config,research-lab/experiments/registered-workflow/runs/primary/run_0502
run_0503,original,organamnist,efficientnet_b0,A,submitted,60,59,60,1330.0,run entry through output export; wall-clock UTC difference,NVIDIA GeForce RTX 5070 Ti,3.12.7,2.10.0+cu128,0.25.0+cu128,2.2.6,12.1.1,32,24,adamw,0.0001,0.0001,not recorded in frozen config,research-lab/experiments/registered-workflow/runs/primary/run_0503
run_0504,original,organamnist,efficientnet_b0,B,submitted,60,60,60,1325.0,run entry through output export; wall-clock UTC difference,NVIDIA GeForce RTX 5070 Ti,3.12.7,2.10.0+cu128,0.25.0+cu128,2.2.6,12.1.1,32,24,adamw,0.0001,0.0001,not recorded in frozen config,research-lab/experiments/registered-workflow/runs/primary/run_0504
run_0505,original,organamnist,resnet18,A,submitted,23,16,60,635.0,run entry through output export; wall-clock UTC difference,NVIDIA GeForce RTX 5070 Ti,3.12.7,2.10.0+cu128,0.25.0+cu128,2.2.6,12.1.1,32,24,adamw,0.0001,0.0001,not recorded in frozen config,research-lab/experiments/registered-workflow/runs/primary/run_0505
run_0506,original,organamnist,resnet18,B,submitted,60,60,60,1251.0,run entry through output export; wall-clock UTC difference,NVIDIA GeForce RTX 5070 Ti,3.12.7,2.10.0+cu128,0.25.0+cu128,2.2.6,12.1.1,32,24,adamw,0.0001,0.0001,not recorded in frozen config,research-lab/experiments/registered-workflow/runs/primary/run_0506
run_0507,original,organamnist,resnet50,A,submitted,16,9,60,873.0,run entry through output export; wall-clock UTC difference,NVIDIA GeForce RTX 5070 Ti,3.12.7,2.10.0+cu128,0.25.0+cu128,2.2.6,12.1.1,32,24,adamw,0.0001,0.0001,not recorded in frozen config,research-lab/experiments/registered-workflow/runs/primary/run_0507
run_0508,original,organamnist,resnet50,B,submitted,60,60,60,2568.0,run entry through output export; wall-clock UTC difference,NVIDIA GeForce RTX 5070 Ti,3.12.7,2.10.0+cu128,0.25.0+cu128,2.2.6,12.1.1,32,24,adamw,0.0001,0.0001,not recorded in frozen config,research-lab/experiments/registered-workflow/runs/primary/run_0508
run_0509,original,organamnist,densenet121,A,submitted,36,29,60,1739.0,run entry through output export; wall-clock UTC difference,NVIDIA GeForce RTX 5070 Ti,3.12.7,2.10.0+cu128,0.25.0+cu128,2.2.6,12.1.1,32,24,adamw,0.0001,0.0001,not recorded in frozen config,research-lab/experiments/registered-workflow/runs/primary/run_0509
run_0510,original,organamnist,densenet121,B,submitted,60,60,60,2723.0,run entry through output export; wall-clock UTC difference,NVIDIA GeForce RTX 5070 Ti,3.12.7,2.10.0+cu128,0.25.0+cu128,2.2.6,12.1.1,32,24,adamw,0.0001,0.0001,not recorded in frozen config,research-lab/experiments/registered-workflow/runs/primary/run_0510
run_0511,original,organamnist,efficientnet_b0,A,submitted,60,58,60,1326.0,run entry through output export; wall-clock UTC difference,NVIDIA GeForce RTX 5070 Ti,3.12.7,2.10.0+cu128,0.25.0+cu128,2.2.6,12.1.1,32,24,adamw,0.0001,0.0001,not recorded in frozen config,research-lab/experiments/registered-workflow/runs/primary/run_0511
run_0512,original,organamnist,efficientnet_b0,B,submitted,60,60,60,1326.0,run entry through output export; wall-clock UTC difference,NVIDIA GeForce RTX 5070 Ti,3.12.7,2.10.0+cu128,0.25.0+cu128,2.2.6,12.1.1,32,24,adamw,0.0001,0.0001,not recorded in frozen config,research-lab/experiments/registered-workflow/runs/primary/run_0512
run_0513,original,organamnist,resnet18,A,submitted,28,21,60,717.0,run entry through output export; wall-clock UTC difference,NVIDIA GeForce RTX 5070 Ti,3.12.7,2.10.0+cu128,0.25.0+cu128,2.2.6,12.1.1,32,24,adamw,0.0001,0.0001,not recorded in frozen config,research-lab/experiments/registered-workflow/runs/primary/run_0513
run_0514,original,organamnist,resnet18,B,submitted,60,60,60,1248.0,run entry through output export; wall-clock UTC difference,NVIDIA GeForce RTX 5070 Ti,3.12.7,2.10.0+cu128,0.25.0+cu128,2.2.6,12.1.1,32,24,adamw,0.0001,0.0001,not recorded in frozen config,research-lab/experiments/registered-workflow/runs/primary/run_0514
run_0515,original,organamnist,resnet50,A,submitted,21,14,60,1066.0,run entry through output export; wall-clock UTC difference,NVIDIA GeForce RTX 5070 Ti,3.12.7,2.10.0+cu128,0.25.0+cu128,2.2.6,12.1.1,32,24,adamw,0.0001,0.0001,not recorded in frozen config,research-lab/experiments/registered-workflow/runs/primary/run_0515
run_0516,original,organamnist,resnet50,B,submitted,60,60,60,2568.0,run entry through output export; wall-clock UTC difference,NVIDIA GeForce RTX 5070 Ti,3.12.7,2.10.0+cu128,0.25.0+cu128,2.2.6,12.1.1,32,24,adamw,0.0001,0.0001,not recorded in frozen config,research-lab/experiments/registered-workflow/runs/primary/run_0516
run_0517,original,organamnist,densenet121,A,submitted,49,42,60,2273.0,run entry through output export; wall-clock UTC difference,NVIDIA GeForce RTX 5070 Ti,3.12.7,2.10.0+cu128,0.25.0+cu128,2.2.6,12.1.1,32,24,adamw,0.0001,0.0001,not recorded in frozen config,research-lab/experiments/registered-workflow/runs/primary/run_0517
run_0518,original,organamnist,densenet121,B,submitted,60,60,60,2724.0,run entry through output export; wall-clock UTC difference,NVIDIA GeForce RTX 5070 Ti,3.12.7,2.10.0+cu128,0.25.0+cu128,2.2.6,12.1.1,32,24,adamw,0.0001,0.0001,not recorded in frozen config,research-lab/experiments/registered-workflow/runs/primary/run_0518
run_0519,original,organamnist,efficientnet_b0,A,submitted,60,56,60,1326.0,run entry through output export; wall-clock UTC difference,NVIDIA GeForce RTX 5070 Ti,3.12.7,2.10.0+cu128,0.25.0+cu128,2.2.6,12.1.1,32,24,adamw,0.0001,0.0001,not recorded in frozen config,research-lab/experiments/registered-workflow/runs/primary/run_0519
run_0520,original,organamnist,efficientnet_b0,B,submitted,60,60,60,1327.0,run entry through output export; wall-clock UTC difference,NVIDIA GeForce RTX 5070 Ti,3.12.7,2.10.0+cu128,0.25.0+cu128,2.2.6,12.1.1,32,24,adamw,0.0001,0.0001,not recorded in frozen config,research-lab/experiments/registered-workflow/runs/primary/run_0520
run_0521,original,organamnist,resnet18,A,submitted,19,12,60,566.0,run entry through output export; wall-clock UTC difference,NVIDIA GeForce RTX 5070 Ti,3.12.7,2.10.0+cu128,0.25.0+cu128,2.2.6,12.1.1,32,24,adamw,0.0001,0.0001,not recorded in frozen config,research-lab/experiments/registered-workflow/runs/primary/run_0521
run_0522,original,organamnist,resnet18,B,submitted,60,60,60,1245.0,run entry through output export; wall-clock UTC difference,NVIDIA GeForce RTX 5070 Ti,3.12.7,2.10.0+cu128,0.25.0+cu128,2.2.6,12.1.1,32,24,adamw,0.0001,0.0001,not recorded in frozen config,research-lab/experiments/registered-workflow/runs/primary/run_0522
run_0523,original,organamnist,resnet50,A,submitted,19,12,60,988.0,run entry through output export; wall-clock UTC difference,NVIDIA GeForce RTX 5070 Ti,3.12.7,2.10.0+cu128,0.25.0+cu128,2.2.6,12.1.1,32,24,adamw,0.0001,0.0001,not recorded in frozen config,research-lab/experiments/registered-workflow/runs/primary/run_0523
run_0524,original,organamnist,resnet50,B,submitted,60,60,60,2572.0,run entry through output export; wall-clock UTC difference,NVIDIA GeForce RTX 5070 Ti,3.12.7,2.10.0+cu128,0.25.0+cu128,2.2.6,12.1.1,32,24,adamw,0.0001,0.0001,not recorded in frozen config,research-lab/experiments/registered-workflow/runs/primary/run_0524
run_0525,original,organamnist,densenet121,A,submitted,32,25,60,1571.0,run entry through output export; wall-clock UTC difference,NVIDIA GeForce RTX 5070 Ti,3.12.7,2.10.0+cu128,0.25.0+cu128,2.2.6,12.1.1,32,24,adamw,0.0001,0.0001,not recorded in frozen config,research-lab/experiments/registered-workflow/runs/primary/run_0525
run_0526,original,organamnist,densenet121,B,submitted,60,60,60,2724.0,run entry through output export; wall-clock UTC difference,NVIDIA GeForce RTX 5070 Ti,3.12.7,2.10.0+cu128,0.25.0+cu128,2.2.6,12.1.1,32,24,adamw,0.0001,0.0001,not recorded in frozen config,research-lab/experiments/registered-workflow/runs/primary/run_0526
run_0527,original,organamnist,efficientnet_b0,A,submitted,60,59,60,1485.0,run entry through output export; wall-clock UTC difference,NVIDIA GeForce RTX 5070 Ti,3.12.7,2.10.0+cu128,0.25.0+cu128,2.2.6,12.1.1,32,24,adamw,0.0001,0.0001,not recorded in frozen config,research-lab/experiments/registered-workflow/runs/primary/run_0527
run_0528,original,organamnist,efficientnet_b0,B,submitted,60,60,60,1488.0,run entry through output export; wall-clock UTC difference,NVIDIA GeForce RTX 5070 Ti,3.12.7,2.10.0+cu128,0.25.0+cu128,2.2.6,12.1.1,32,24,adamw,0.0001,0.0001,not recorded in frozen config,research-lab/experiments/registered-workflow/runs/primary/run_0528
run_0529,original,organamnist,resnet18,A,submitted,24,17,60,665.0,run entry through output export; wall-clock UTC difference,NVIDIA GeForce RTX 5070 Ti,3.12.7,2.10.0+cu128,0.25.0+cu128,2.2.6,12.1.1,32,24,adamw,0.0001,0.0001,not recorded in frozen config,research-lab/experiments/registered-workflow/runs/primary/run_0529
run_0530,original,organamnist,resnet18,B,submitted,60,60,60,1297.0,run entry through output export; wall-clock UTC difference,NVIDIA GeForce RTX 5070 Ti,3.12.7,2.10.0+cu128,0.25.0+cu128,2.2.6,12.1.1,32,24,adamw,0.0001,0.0001,not recorded in frozen config,research-lab/experiments/registered-workflow/runs/primary/run_0530
run_0531,original,organamnist,resnet50,A,submitted,27,20,60,1292.0,run entry through output export; wall-clock UTC difference,NVIDIA GeForce RTX 5070 Ti,3.12.7,2.10.0+cu128,0.25.0+cu128,2.2.6,12.1.1,32,24,adamw,0.0001,0.0001,not recorded in frozen config,research-lab/experiments/registered-workflow/runs/primary/run_0531
run_0532,original,organamnist,resnet50,B,submitted,60,60,60,2563.0,run entry through output export; wall-clock UTC difference,NVIDIA GeForce RTX 5070 Ti,3.12.7,2.10.0+cu128,0.25.0+cu128,2.2.6,12.1.1,32,24,adamw,0.0001,0.0001,not recorded in frozen config,research-lab/experiments/registered-workflow/runs/primary/run_0532
run_0533,original,organamnist,densenet121,A,submitted,30,23,60,1487.0,run entry through output export; wall-clock UTC difference,NVIDIA GeForce RTX 5070 Ti,3.12.7,2.10.0+cu128,0.25.0+cu128,2.2.6,12.1.1,32,24,adamw,0.0001,0.0001,not recorded in frozen config,research-lab/experiments/registered-workflow/runs/primary/run_0533
run_0534,original,organamnist,densenet121,B,submitted,60,60,60,2725.0,run entry through output export; wall-clock UTC difference,NVIDIA GeForce RTX 5070 Ti,3.12.7,2.10.0+cu128,0.25.0+cu128,2.2.6,12.1.1,32,24,adamw,0.0001,0.0001,not recorded in frozen config,research-lab/experiments/registered-workflow/runs/primary/run_0534
run_0535,original,organamnist,efficientnet_b0,A,submitted,39,32,60,1051.0,run entry through output export; wall-clock UTC difference,NVIDIA GeForce RTX 5070 Ti,3.12.7,2.10.0+cu128,0.25.0+cu128,2.2.6,12.1.1,32,24,adamw,0.0001,0.0001,not recorded in frozen config,research-lab/experiments/registered-workflow/runs/primary/run_0535
run_0536,original,organamnist,efficientnet_b0,B,submitted,60,60,60,1481.0,run entry through output export; wall-clock UTC difference,NVIDIA GeForce RTX 5070 Ti,3.12.7,2.10.0+cu128,0.25.0+cu128,2.2.6,12.1.1,32,24,adamw,0.0001,0.0001,not recorded in frozen config,research-lab/experiments/registered-workflow/runs/primary/run_0536
run_0537,original,organamnist,resnet18,A,submitted,31,24,60,788.0,run entry through output export; wall-clock UTC difference,NVIDIA GeForce RTX 5070 Ti,3.12.7,2.10.0+cu128,0.25.0+cu128,2.2.6,12.1.1,32,24,adamw,0.0001,0.0001,not recorded in frozen config,research-lab/experiments/registered-workflow/runs/primary/run_0537
run_0538,original,organamnist,resnet18,B,submitted,60,60,60,1296.0,run entry through output export; wall-clock UTC difference,NVIDIA GeForce RTX 5070 Ti,3.12.7,2.10.0+cu128,0.25.0+cu128,2.2.6,12.1.1,32,24,adamw,0.0001,0.0001,not recorded in frozen config,research-lab/experiments/registered-workflow/runs/primary/run_0538
run_0539,original,organamnist,resnet50,A,submitted,23,16,60,1138.0,run entry through output export; wall-clock UTC difference,NVIDIA GeForce RTX 5070 Ti,3.12.7,2.10.0+cu128,0.25.0+cu128,2.2.6,12.1.1,32,24,adamw,0.0001,0.0001,not recorded in frozen config,research-lab/experiments/registered-workflow/runs/primary/run_0539
run_0540,original,organamnist,resnet50,B,submitted,60,60,60,2567.0,run entry through output export; wall-clock UTC difference,NVIDIA GeForce RTX 5070 Ti,3.12.7,2.10.0+cu128,0.25.0+cu128,2.2.6,12.1.1,32,24,adamw,0.0001,0.0001,not recorded in frozen config,research-lab/experiments/registered-workflow/runs/primary/run_0540
run_0541,original,organamnist,densenet121,A,submitted,38,31,60,1819.0,run entry through output export; wall-clock UTC difference,NVIDIA GeForce RTX 5070 Ti,3.12.7,2.10.0+cu128,0.25.0+cu128,2.2.6,12.1.1,32,24,adamw,0.0001,0.0001,not recorded in frozen config,research-lab/experiments/registered-workflow/runs/primary/run_0541
run_0542,original,organamnist,densenet121,B,submitted,60,60,60,2727.0,run entry through output export; wall-clock UTC difference,NVIDIA GeForce RTX 5070 Ti,3.12.7,2.10.0+cu128,0.25.0+cu128,2.2.6,12.1.1,32,24,adamw,0.0001,0.0001,not recorded in frozen config,research-lab/experiments/registered-workflow/runs/primary/run_0542
run_0543,original,organamnist,efficientnet_b0,A,submitted,60,60,60,1489.0,run entry through output export; wall-clock UTC difference,NVIDIA GeForce RTX 5070 Ti,3.12.7,2.10.0+cu128,0.25.0+cu128,2.2.6,12.1.1,32,24,adamw,0.0001,0.0001,not recorded in frozen config,research-lab/experiments/registered-workflow/runs/primary/run_0543
run_0544,original,organamnist,efficientnet_b0,B,submitted,60,60,60,1485.0,run entry through output export; wall-clock UTC difference,NVIDIA GeForce RTX 5070 Ti,3.12.7,2.10.0+cu128,0.25.0+cu128,2.2.6,12.1.1,32,24,adamw,0.0001,0.0001,not recorded in frozen config,research-lab/experiments/registered-workflow/runs/primary/run_0544
run_0545,original,organamnist,resnet18,A,submitted,19,12,60,581.0,run entry through output export; wall-clock UTC difference,NVIDIA GeForce RTX 5070 Ti,3.12.7,2.10.0+cu128,0.25.0+cu128,2.2.6,12.1.1,32,24,adamw,0.0001,0.0001,not recorded in frozen config,research-lab/experiments/registered-workflow/runs/primary/run_0545
run_0546,original,organamnist,resnet18,B,submitted,60,60,60,1295.0,run entry through output export; wall-clock UTC difference,NVIDIA GeForce RTX 5070 Ti,3.12.7,2.10.0+cu128,0.25.0+cu128,2.2.6,12.1.1,32,24,adamw,0.0001,0.0001,not recorded in frozen config,research-lab/experiments/registered-workflow/runs/primary/run_0546
run_0547,original,organamnist,resnet50,A,submitted,22,15,60,1100.0,run entry through output export; wall-clock UTC difference,NVIDIA GeForce RTX 5070 Ti,3.12.7,2.10.0+cu128,0.25.0+cu128,2.2.6,12.1.1,32,24,adamw,0.0001,0.0001,not recorded in frozen config,research-lab/experiments/registered-workflow/runs/primary/run_0547
run_0548,original,organamnist,resnet50,B,submitted,60,60,60,2565.0,run entry through output export; wall-clock UTC difference,NVIDIA GeForce RTX 5070 Ti,3.12.7,2.10.0+cu128,0.25.0+cu128,2.2.6,12.1.1,32,24,adamw,0.0001,0.0001,not recorded in frozen config,research-lab/experiments/registered-workflow/runs/primary/run_0548
run_0549,original,organamnist,densenet121,A,submitted,30,23,60,1491.0,run entry through output export; wall-clock UTC difference,NVIDIA GeForce RTX 5070 Ti,3.12.7,2.10.0+cu128,0.25.0+cu128,2.2.6,12.1.1,32,24,adamw,0.0001,0.0001,not recorded in frozen config,research-lab/experiments/registered-workflow/runs/primary/run_0549
run_0550,original,organamnist,densenet121,B,submitted,60,60,60,2731.0,run entry through output export; wall-clock UTC difference,NVIDIA GeForce RTX 5070 Ti,3.12.7,2.10.0+cu128,0.25.0+cu128,2.2.6,12.1.1,32,24,adamw,0.0001,0.0001,not recorded in frozen config,research-lab/experiments/registered-workflow/runs/primary/run_0550
run_0551,original,organamnist,efficientnet_b0,A,submitted,59,52,60,1469.0,run entry through output export; wall-clock UTC difference,NVIDIA GeForce RTX 5070 Ti,3.12.7,2.10.0+cu128,0.25.0+cu128,2.2.6,12.1.1,32,24,adamw,0.0001,0.0001,not recorded in frozen config,research-lab/experiments/registered-workflow/runs/primary/run_0551
run_0552,original,organamnist,efficientnet_b0,B,submitted,60,60,60,1487.0,run entry through output export; wall-clock UTC difference,NVIDIA GeForce RTX 5070 Ti,3.12.7,2.10.0+cu128,0.25.0+cu128,2.2.6,12.1.1,32,24,adamw,0.0001,0.0001,not recorded in frozen config,research-lab/experiments/registered-workflow/runs/primary/run_0552
run_0553,original,organamnist,resnet18,A,submitted,32,25,60,806.0,run entry through output export; wall-clock UTC difference,NVIDIA GeForce RTX 5070 Ti,3.12.7,2.10.0+cu128,0.25.0+cu128,2.2.6,12.1.1,32,24,adamw,0.0001,0.0001,not recorded in frozen config,research-lab/experiments/registered-workflow/runs/primary/run_0553
run_0554,original,organamnist,resnet18,B,submitted,60,60,60,1316.0,run entry through output export; wall-clock UTC difference,NVIDIA GeForce RTX 5070 Ti,3.12.7,2.10.0+cu128,0.25.0+cu128,2.2.6,12.1.1,32,24,adamw,0.0001,0.0001,not recorded in frozen config,research-lab/experiments/registered-workflow/runs/primary/run_0554
run_0555,original,organamnist,resnet50,A,submitted,31,24,60,1451.0,run entry through output export; wall-clock UTC difference,NVIDIA GeForce RTX 5070 Ti,3.12.7,2.10.0+cu128,0.25.0+cu128,2.2.6,12.1.1,32,24,adamw,0.0001,0.0001,not recorded in frozen config,research-lab/experiments/registered-workflow/runs/primary/run_0555
run_0556,original,organamnist,resnet50,B,submitted,60,60,60,2615.0,run entry through output export; wall-clock UTC difference,NVIDIA GeForce RTX 5070 Ti,3.12.7,2.10.0+cu128,0.25.0+cu128,2.2.6,12.1.1,32,24,adamw,0.0001,0.0001,not recorded in frozen config,research-lab/experiments/registered-workflow/runs/primary/run_0556
run_0557,original,organamnist,densenet121,A,submitted,38,31,60,1830.0,run entry through output export; wall-clock UTC difference,NVIDIA GeForce RTX 5070 Ti,3.12.7,2.10.0+cu128,0.25.0+cu128,2.2.6,12.1.1,32,24,adamw,0.0001,0.0001,not recorded in frozen config,research-lab/experiments/registered-workflow/runs/primary/run_0557
run_0558,original,organamnist,densenet121,B,submitted,60,60,60,2739.0,run entry through output export; wall-clock UTC difference,NVIDIA GeForce RTX 5070 Ti,3.12.7,2.10.0+cu128,0.25.0+cu128,2.2.6,12.1.1,32,24,adamw,0.0001,0.0001,not recorded in frozen config,research-lab/experiments/registered-workflow/runs/primary/run_0558
run_0559,original,organamnist,efficientnet_b0,A,submitted,57,50,60,1416.0,run entry through output export; wall-clock UTC difference,NVIDIA GeForce RTX 5070 Ti,3.12.7,2.10.0+cu128,0.25.0+cu128,2.2.6,12.1.1,32,24,adamw,0.0001,0.0001,not recorded in frozen config,research-lab/experiments/registered-workflow/runs/primary/run_0559
run_0560,original,organamnist,efficientnet_b0,B,submitted,60,60,60,1475.0,run entry through output export; wall-clock UTC difference,NVIDIA GeForce RTX 5070 Ti,3.12.7,2.10.0+cu128,0.25.0+cu128,2.2.6,12.1.1,32,24,adamw,0.0001,0.0001,not recorded in frozen config,research-lab/experiments/registered-workflow/runs/primary/run_0560
run_0561,original,organamnist,resnet18,A,submitted,31,24,60,801.0,run entry through output export; wall-clock UTC difference,NVIDIA GeForce RTX 5070 Ti,3.12.7,2.10.0+cu128,0.25.0+cu128,2.2.6,12.1.1,32,24,adamw,0.0001,0.0001,not recorded in frozen config,research-lab/experiments/registered-workflow/runs/primary/run_0561
run_0562,original,organamnist,resnet18,B,submitted,60,60,60,1296.0,run entry through output export; wall-clock UTC difference,NVIDIA GeForce RTX 5070 Ti,3.12.7,2.10.0+cu128,0.25.0+cu128,2.2.6,12.1.1,32,24,adamw,0.0001,0.0001,not recorded in frozen config,research-lab/experiments/registered-workflow/runs/primary/run_0562
run_0563,original,organamnist,resnet50,A,submitted,25,18,60,1222.0,run entry through output export; wall-clock UTC difference,NVIDIA GeForce RTX 5070 Ti,3.12.7,2.10.0+cu128,0.25.0+cu128,2.2.6,12.1.1,32,24,adamw,0.0001,0.0001,not recorded in frozen config,research-lab/experiments/registered-workflow/runs/primary/run_0563
run_0564,original,organamnist,resnet50,B,submitted,60,60,60,2575.0,run entry through output export; wall-clock UTC difference,NVIDIA GeForce RTX 5070 Ti,3.12.7,2.10.0+cu128,0.25.0+cu128,2.2.6,12.1.1,32,24,adamw,0.0001,0.0001,not recorded in frozen config,research-lab/experiments/registered-workflow/runs/primary/run_0564
run_0565,original,organamnist,densenet121,A,submitted,44,37,60,2064.0,run entry through output export; wall-clock UTC difference,NVIDIA GeForce RTX 5070 Ti,3.12.7,2.10.0+cu128,0.25.0+cu128,2.2.6,12.1.1,32,24,adamw,0.0001,0.0001,not recorded in frozen config,research-lab/experiments/registered-workflow/runs/primary/run_0565
run_0566,original,organamnist,densenet121,B,submitted,60,60,60,2723.0,run entry through output export; wall-clock UTC difference,NVIDIA GeForce RTX 5070 Ti,3.12.7,2.10.0+cu128,0.25.0+cu128,2.2.6,12.1.1,32,24,adamw,0.0001,0.0001,not recorded in frozen config,research-lab/experiments/registered-workflow/runs/primary/run_0566
run_0567,original,organamnist,efficientnet_b0,A,submitted,52,45,60,1309.0,run entry through output export; wall-clock UTC difference,NVIDIA GeForce RTX 5070 Ti,3.12.7,2.10.0+cu128,0.25.0+cu128,2.2.6,12.1.1,32,24,adamw,0.0001,0.0001,not recorded in frozen config,research-lab/experiments/registered-workflow/runs/primary/run_0567
run_0568,original,organamnist,efficientnet_b0,B,submitted,60,60,60,1479.0,run entry through output export; wall-clock UTC difference,NVIDIA GeForce RTX 5070 Ti,3.12.7,2.10.0+cu128,0.25.0+cu128,2.2.6,12.1.1,32,24,adamw,0.0001,0.0001,not recorded in frozen config,research-lab/experiments/registered-workflow/runs/primary/run_0568
run_0569,original,organamnist,resnet18,A,submitted,21,14,60,615.0,run entry through output export; wall-clock UTC difference,NVIDIA GeForce RTX 5070 Ti,3.12.7,2.10.0+cu128,0.25.0+cu128,2.2.6,12.1.1,32,24,adamw,0.0001,0.0001,not recorded in frozen config,research-lab/experiments/registered-workflow/runs/primary/run_0569
run_0570,original,organamnist,resnet18,B,submitted,60,60,60,1290.0,run entry through output export; wall-clock UTC difference,NVIDIA GeForce RTX 5070 Ti,3.12.7,2.10.0+cu128,0.25.0+cu128,2.2.6,12.1.1,32,24,adamw,0.0001,0.0001,not recorded in frozen config,research-lab/experiments/registered-workflow/runs/primary/run_0570
run_0571,original,organamnist,resnet50,A,submitted,26,19,60,1259.0,run entry through output export; wall-clock UTC difference,NVIDIA GeForce RTX 5070 Ti,3.12.7,2.10.0+cu128,0.25.0+cu128,2.2.6,12.1.1,32,24,adamw,0.0001,0.0001,not recorded in frozen config,research-lab/experiments/registered-workflow/runs/primary/run_0571
run_0572,original,organamnist,resnet50,B,submitted,60,60,60,2570.0,run entry through output export; wall-clock UTC difference,NVIDIA GeForce RTX 5070 Ti,3.12.7,2.10.0+cu128,0.25.0+cu128,2.2.6,12.1.1,32,24,adamw,0.0001,0.0001,not recorded in frozen config,research-lab/experiments/registered-workflow/runs/primary/run_0572
run_0573,original,organamnist,densenet121,A,submitted,46,39,60,2148.0,run entry through output export; wall-clock UTC difference,NVIDIA GeForce RTX 5070 Ti,3.12.7,2.10.0+cu128,0.25.0+cu128,2.2.6,12.1.1,32,24,adamw,0.0001,0.0001,not recorded in frozen config,research-lab/experiments/registered-workflow/runs/primary/run_0573
run_0574,original,organamnist,densenet121,B,submitted,60,60,60,2725.0,run entry through output export; wall-clock UTC difference,NVIDIA GeForce RTX 5070 Ti,3.12.7,2.10.0+cu128,0.25.0+cu128,2.2.6,12.1.1,32,24,adamw,0.0001,0.0001,not recorded in frozen config,research-lab/experiments/registered-workflow/runs/primary/run_0574
run_0575,original,organamnist,efficientnet_b0,A,submitted,60,59,60,1468.0,run entry through output export; wall-clock UTC difference,NVIDIA GeForce RTX 5070 Ti,3.12.7,2.10.0+cu128,0.25.0+cu128,2.2.6,12.1.1,32,24,adamw,0.0001,0.0001,not recorded in frozen config,research-lab/experiments/registered-workflow/runs/primary/run_0575
run_0576,original,organamnist,efficientnet_b0,B,submitted,60,60,60,1467.0,run entry through output export; wall-clock UTC difference,NVIDIA GeForce RTX 5070 Ti,3.12.7,2.10.0+cu128,0.25.0+cu128,2.2.6,12.1.1,32,24,adamw,0.0001,0.0001,not recorded in frozen config,research-lab/experiments/registered-workflow/runs/primary/run_0576
run_0577,original,organamnist,resnet18,A,submitted,25,18,60,682.0,run entry through output export; wall-clock UTC difference,NVIDIA GeForce RTX 5070 Ti,3.12.7,2.10.0+cu128,0.25.0+cu128,2.2.6,12.1.1,32,24,adamw,0.0001,0.0001,not recorded in frozen config,research-lab/experiments/registered-workflow/runs/primary/run_0577
run_0578,original,organamnist,resnet18,B,submitted,60,60,60,1290.0,run entry through output export; wall-clock UTC difference,NVIDIA GeForce RTX 5070 Ti,3.12.7,2.10.0+cu128,0.25.0+cu128,2.2.6,12.1.1,32,24,adamw,0.0001,0.0001,not recorded in frozen config,research-lab/experiments/registered-workflow/runs/primary/run_0578
run_0579,original,organamnist,resnet50,A,submitted,19,12,60,989.0,run entry through output export; wall-clock UTC difference,NVIDIA GeForce RTX 5070 Ti,3.12.7,2.10.0+cu128,0.25.0+cu128,2.2.6,12.1.1,32,24,adamw,0.0001,0.0001,not recorded in frozen config,research-lab/experiments/registered-workflow/runs/primary/run_0579
run_0580,original,organamnist,resnet50,B,submitted,60,60,60,2573.0,run entry through output export; wall-clock UTC difference,NVIDIA GeForce RTX 5070 Ti,3.12.7,2.10.0+cu128,0.25.0+cu128,2.2.6,12.1.1,32,24,adamw,0.0001,0.0001,not recorded in frozen config,research-lab/experiments/registered-workflow/runs/primary/run_0580
run_0581,original,organamnist,densenet121,A,submitted,42,35,60,1981.0,run entry through output export; wall-clock UTC difference,NVIDIA GeForce RTX 5070 Ti,3.12.7,2.10.0+cu128,0.25.0+cu128,2.2.6,12.1.1,32,24,adamw,0.0001,0.0001,not recorded in frozen config,research-lab/experiments/registered-workflow/runs/primary/run_0581
run_0582,original,organamnist,densenet121,B,submitted,60,60,60,2719.0,run entry through output export; wall-clock UTC difference,NVIDIA GeForce RTX 5070 Ti,3.12.7,2.10.0+cu128,0.25.0+cu128,2.2.6,12.1.1,32,24,adamw,0.0001,0.0001,not recorded in frozen config,research-lab/experiments/registered-workflow/runs/primary/run_0582
run_0583,original,organamnist,efficientnet_b0,A,submitted,46,39,60,1185.0,run entry through output export; wall-clock UTC difference,NVIDIA GeForce RTX 5070 Ti,3.12.7,2.10.0+cu128,0.25.0+cu128,2.2.6,12.1.1,32,24,adamw,0.0001,0.0001,not recorded in frozen config,research-lab/experiments/registered-workflow/runs/primary/run_0583
run_0584,original,organamnist,efficientnet_b0,B,submitted,60,60,60,1465.0,run entry through output export; wall-clock UTC difference,NVIDIA GeForce RTX 5070 Ti,3.12.7,2.10.0+cu128,0.25.0+cu128,2.2.6,12.1.1,32,24,adamw,0.0001,0.0001,not recorded in frozen config,research-lab/experiments/registered-workflow/runs/primary/run_0584
run_0585,original,organamnist,resnet18,A,submitted,27,20,60,717.0,run entry through output export; wall-clock UTC difference,NVIDIA GeForce RTX 5070 Ti,3.12.7,2.10.0+cu128,0.25.0+cu128,2.2.6,12.1.1,32,24,adamw,0.0001,0.0001,not recorded in frozen config,research-lab/experiments/registered-workflow/runs/primary/run_0585
run_0586,original,organamnist,resnet18,B,submitted,60,60,60,1291.0,run entry through output export; wall-clock UTC difference,NVIDIA GeForce RTX 5070 Ti,3.12.7,2.10.0+cu128,0.25.0+cu128,2.2.6,12.1.1,32,24,adamw,0.0001,0.0001,not recorded in frozen config,research-lab/experiments/registered-workflow/runs/primary/run_0586
run_0587,original,organamnist,resnet50,A,submitted,22,15,60,1104.0,run entry through output export; wall-clock UTC difference,NVIDIA GeForce RTX 5070 Ti,3.12.7,2.10.0+cu128,0.25.0+cu128,2.2.6,12.1.1,32,24,adamw,0.0001,0.0001,not recorded in frozen config,research-lab/experiments/registered-workflow/runs/primary/run_0587
run_0588,original,organamnist,resnet50,B,submitted,60,60,60,2568.0,run entry through output export; wall-clock UTC difference,NVIDIA GeForce RTX 5070 Ti,3.12.7,2.10.0+cu128,0.25.0+cu128,2.2.6,12.1.1,32,24,adamw,0.0001,0.0001,not recorded in frozen config,research-lab/experiments/registered-workflow/runs/primary/run_0588
run_0589,original,organamnist,densenet121,A,submitted,46,39,60,2142.0,run entry through output export; wall-clock UTC difference,NVIDIA GeForce RTX 5070 Ti,3.12.7,2.10.0+cu128,0.25.0+cu128,2.2.6,12.1.1,32,24,adamw,0.0001,0.0001,not recorded in frozen config,research-lab/experiments/registered-workflow/runs/primary/run_0589
run_0590,original,organamnist,densenet121,B,submitted,60,60,60,2720.0,run entry through output export; wall-clock UTC difference,NVIDIA GeForce RTX 5070 Ti,3.12.7,2.10.0+cu128,0.25.0+cu128,2.2.6,12.1.1,32,24,adamw,0.0001,0.0001,not recorded in frozen config,research-lab/experiments/registered-workflow/runs/primary/run_0590
run_0591,original,organamnist,efficientnet_b0,A,submitted,44,37,60,1148.0,run entry through output export; wall-clock UTC difference,NVIDIA GeForce RTX 5070 Ti,3.12.7,2.10.0+cu128,0.25.0+cu128,2.2.6,12.1.1,32,24,adamw,0.0001,0.0001,not recorded in frozen config,research-lab/experiments/registered-workflow/runs/primary/run_0591
run_0592,original,organamnist,efficientnet_b0,B,submitted,60,60,60,1471.0,run entry through output export; wall-clock UTC difference,NVIDIA GeForce RTX 5070 Ti,3.12.7,2.10.0+cu128,0.25.0+cu128,2.2.6,12.1.1,32,24,adamw,0.0001,0.0001,not recorded in frozen config,research-lab/experiments/registered-workflow/runs/primary/run_0592
run_0593,original,organamnist,resnet18,A,submitted,23,16,60,633.0,run entry through output export; wall-clock UTC difference,NVIDIA GeForce RTX 5070 Ti,3.12.7,2.10.0+cu128,0.25.0+cu128,2.2.6,12.1.1,32,24,adamw,0.0001,0.0001,not recorded in frozen config,research-lab/experiments/registered-workflow/runs/primary/run_0593
run_0594,original,organamnist,resnet18,B,submitted,60,60,60,1239.0,run entry through output export; wall-clock UTC difference,NVIDIA GeForce RTX 5070 Ti,3.12.7,2.10.0+cu128,0.25.0+cu128,2.2.6,12.1.1,32,24,adamw,0.0001,0.0001,not recorded in frozen config,research-lab/experiments/registered-workflow/runs/primary/run_0594
run_0595,original,organamnist,resnet50,A,submitted,23,16,60,1140.0,run entry through output export; wall-clock UTC difference,NVIDIA GeForce RTX 5070 Ti,3.12.7,2.10.0+cu128,0.25.0+cu128,2.2.6,12.1.1,32,24,adamw,0.0001,0.0001,not recorded in frozen config,research-lab/experiments/registered-workflow/runs/primary/run_0595
run_0596,original,organamnist,resnet50,B,submitted,60,60,60,2562.0,run entry through output export; wall-clock UTC difference,NVIDIA GeForce RTX 5070 Ti,3.12.7,2.10.0+cu128,0.25.0+cu128,2.2.6,12.1.1,32,24,adamw,0.0001,0.0001,not recorded in frozen config,research-lab/experiments/registered-workflow/runs/primary/run_0596
run_0597,original,organamnist,densenet121,A,submitted,52,45,60,2389.0,run entry through output export; wall-clock UTC difference,NVIDIA GeForce RTX 5070 Ti,3.12.7,2.10.0+cu128,0.25.0+cu128,2.2.6,12.1.1,32,24,adamw,0.0001,0.0001,not recorded in frozen config,research-lab/experiments/registered-workflow/runs/primary/run_0597
run_0598,original,organamnist,densenet121,B,submitted,60,60,60,2739.0,run entry through output export; wall-clock UTC difference,NVIDIA GeForce RTX 5070 Ti,3.12.7,2.10.0+cu128,0.25.0+cu128,2.2.6,12.1.1,32,24,adamw,0.0001,0.0001,not recorded in frozen config,research-lab/experiments/registered-workflow/runs/primary/run_0598
run_0599,original,organamnist,efficientnet_b0,A,submitted,60,58,60,1484.0,run entry through output export; wall-clock UTC difference,NVIDIA GeForce RTX 5070 Ti,3.12.7,2.10.0+cu128,0.25.0+cu128,2.2.6,12.1.1,32,24,adamw,0.0001,0.0001,not recorded in frozen config,research-lab/experiments/registered-workflow/runs/primary/run_0599
run_0600,original,organamnist,efficientnet_b0,B,submitted,60,60,60,1480.0,run entry through output export; wall-clock UTC difference,NVIDIA GeForce RTX 5070 Ti,3.12.7,2.10.0+cu128,0.25.0+cu128,2.2.6,12.1.1,32,24,adamw,0.0001,0.0001,not recorded in frozen config,research-lab/experiments/registered-workflow/runs/primary/run_0600
run_0601,original,organamnist,resnet18,A,submitted,30,23,60,768.0,run entry through output export; wall-clock UTC difference,NVIDIA GeForce RTX 5070 Ti,3.12.7,2.10.0+cu128,0.25.0+cu128,2.2.6,12.1.1,32,24,adamw,0.0001,0.0001,not recorded in frozen config,research-lab/experiments/registered-workflow/runs/primary/run_0601
run_0602,original,organamnist,resnet18,B,submitted,60,60,60,1300.0,run entry through output export; wall-clock UTC difference,NVIDIA GeForce RTX 5070 Ti,3.12.7,2.10.0+cu128,0.25.0+cu128,2.2.6,12.1.1,32,24,adamw,0.0001,0.0001,not recorded in frozen config,research-lab/experiments/registered-workflow/runs/primary/run_0602
run_0603,original,organamnist,resnet50,A,submitted,17,10,60,907.0,run entry through output export; wall-clock UTC difference,NVIDIA GeForce RTX 5070 Ti,3.12.7,2.10.0+cu128,0.25.0+cu128,2.2.6,12.1.1,32,24,adamw,0.0001,0.0001,not recorded in frozen config,research-lab/experiments/registered-workflow/runs/primary/run_0603
run_0604,original,organamnist,resnet50,B,submitted,60,60,60,2571.0,run entry through output export; wall-clock UTC difference,NVIDIA GeForce RTX 5070 Ti,3.12.7,2.10.0+cu128,0.25.0+cu128,2.2.6,12.1.1,32,24,adamw,0.0001,0.0001,not recorded in frozen config,research-lab/experiments/registered-workflow/runs/primary/run_0604
run_0605,original,organamnist,densenet121,A,submitted,34,27,60,1672.0,run entry through output export; wall-clock UTC difference,NVIDIA GeForce RTX 5070 Ti,3.12.7,2.10.0+cu128,0.25.0+cu128,2.2.6,12.1.1,32,24,adamw,0.0001,0.0001,not recorded in frozen config,research-lab/experiments/registered-workflow/runs/primary/run_0605
run_0606,original,organamnist,densenet121,B,submitted,60,60,60,2721.0,run entry through output export; wall-clock UTC difference,NVIDIA GeForce RTX 5070 Ti,3.12.7,2.10.0+cu128,0.25.0+cu128,2.2.6,12.1.1,32,24,adamw,0.0001,0.0001,not recorded in frozen config,research-lab/experiments/registered-workflow/runs/primary/run_0606
run_0607,original,organamnist,efficientnet_b0,A,submitted,54,47,60,1355.0,run entry through output export; wall-clock UTC difference,NVIDIA GeForce RTX 5070 Ti,3.12.7,2.10.0+cu128,0.25.0+cu128,2.2.6,12.1.1,32,24,adamw,0.0001,0.0001,not recorded in frozen config,research-lab/experiments/registered-workflow/runs/primary/run_0607
run_0608,original,organamnist,efficientnet_b0,B,submitted,60,60,60,1469.0,run entry through output export; wall-clock UTC difference,NVIDIA GeForce RTX 5070 Ti,3.12.7,2.10.0+cu128,0.25.0+cu128,2.2.6,12.1.1,32,24,adamw,0.0001,0.0001,not recorded in frozen config,research-lab/experiments/registered-workflow/runs/primary/run_0608
run_0609,original,organamnist,resnet18,A,submitted,25,18,60,686.0,run entry through output export; wall-clock UTC difference,NVIDIA GeForce RTX 5070 Ti,3.12.7,2.10.0+cu128,0.25.0+cu128,2.2.6,12.1.1,32,24,adamw,0.0001,0.0001,not recorded in frozen config,research-lab/experiments/registered-workflow/runs/primary/run_0609
run_0610,original,organamnist,resnet18,B,submitted,60,60,60,1283.0,run entry through output export; wall-clock UTC difference,NVIDIA GeForce RTX 5070 Ti,3.12.7,2.10.0+cu128,0.25.0+cu128,2.2.6,12.1.1,32,24,adamw,0.0001,0.0001,not recorded in frozen config,research-lab/experiments/registered-workflow/runs/primary/run_0610
run_0611,original,organamnist,resnet50,A,submitted,28,21,60,1326.0,run entry through output export; wall-clock UTC difference,NVIDIA GeForce RTX 5070 Ti,3.12.7,2.10.0+cu128,0.25.0+cu128,2.2.6,12.1.1,32,24,adamw,0.0001,0.0001,not recorded in frozen config,research-lab/experiments/registered-workflow/runs/primary/run_0611
run_0612,original,organamnist,resnet50,B,submitted,60,60,60,2550.0,run entry through output export; wall-clock UTC difference,NVIDIA GeForce RTX 5070 Ti,3.12.7,2.10.0+cu128,0.25.0+cu128,2.2.6,12.1.1,32,24,adamw,0.0001,0.0001,not recorded in frozen config,research-lab/experiments/registered-workflow/runs/primary/run_0612
run_0613,original,organamnist,densenet121,A,submitted,53,46,60,2414.0,run entry through output export; wall-clock UTC difference,NVIDIA GeForce RTX 5070 Ti,3.12.7,2.10.0+cu128,0.25.0+cu128,2.2.6,12.1.1,32,24,adamw,0.0001,0.0001,not recorded in frozen config,research-lab/experiments/registered-workflow/runs/primary/run_0613
run_0614,original,organamnist,densenet121,B,submitted,60,60,60,2697.0,run entry through output export; wall-clock UTC difference,NVIDIA GeForce RTX 5070 Ti,3.12.7,2.10.0+cu128,0.25.0+cu128,2.2.6,12.1.1,32,24,adamw,0.0001,0.0001,not recorded in frozen config,research-lab/experiments/registered-workflow/runs/primary/run_0614
run_0615,original,organamnist,efficientnet_b0,A,submitted,57,50,60,1263.0,run entry through output export; wall-clock UTC difference,NVIDIA GeForce RTX 5070 Ti,3.12.7,2.10.0+cu128,0.25.0+cu128,2.2.6,12.1.1,32,24,adamw,0.0001,0.0001,not recorded in frozen config,research-lab/experiments/registered-workflow/runs/primary/run_0615
run_0616,original,organamnist,efficientnet_b0,B,submitted,60,60,60,1465.0,run entry through output export; wall-clock UTC difference,NVIDIA GeForce RTX 5070 Ti,3.12.7,2.10.0+cu128,0.25.0+cu128,2.2.6,12.1.1,32,24,adamw,0.0001,0.0001,not recorded in frozen config,research-lab/experiments/registered-workflow/runs/primary/run_0616
run_0617,original,organamnist,resnet18,A,submitted,27,20,60,709.0,run entry through output export; wall-clock UTC difference,NVIDIA GeForce RTX 5070 Ti,3.12.7,2.10.0+cu128,0.25.0+cu128,2.2.6,12.1.1,32,24,adamw,0.0001,0.0001,not recorded in frozen config,research-lab/experiments/registered-workflow/runs/primary/run_0617
run_0618,original,organamnist,resnet18,B,submitted,60,60,60,1283.0,run entry through output export; wall-clock UTC difference,NVIDIA GeForce RTX 5070 Ti,3.12.7,2.10.0+cu128,0.25.0+cu128,2.2.6,12.1.1,32,24,adamw,0.0001,0.0001,not recorded in frozen config,research-lab/experiments/registered-workflow/runs/primary/run_0618
run_0619,original,organamnist,resnet50,A,submitted,43,36,60,1903.0,run entry through output export; wall-clock UTC difference,NVIDIA GeForce RTX 5070 Ti,3.12.7,2.10.0+cu128,0.25.0+cu128,2.2.6,12.1.1,32,24,adamw,0.0001,0.0001,not recorded in frozen config,research-lab/experiments/registered-workflow/runs/primary/run_0619
run_0620,original,organamnist,resnet50,B,submitted,60,60,60,2555.0,run entry through output export; wall-clock UTC difference,NVIDIA GeForce RTX 5070 Ti,3.12.7,2.10.0+cu128,0.25.0+cu128,2.2.6,12.1.1,32,24,adamw,0.0001,0.0001,not recorded in frozen config,research-lab/experiments/registered-workflow/runs/primary/run_0620
run_0621,original,organamnist,densenet121,A,submitted,41,34,60,1922.0,run entry through output export; wall-clock UTC difference,NVIDIA GeForce RTX 5070 Ti,3.12.7,2.10.0+cu128,0.25.0+cu128,2.2.6,12.1.1,32,24,adamw,0.0001,0.0001,not recorded in frozen config,research-lab/experiments/registered-workflow/runs/primary/run_0621
run_0622,original,organamnist,densenet121,B,submitted,60,60,60,2702.0,run entry through output export; wall-clock UTC difference,NVIDIA GeForce RTX 5070 Ti,3.12.7,2.10.0+cu128,0.25.0+cu128,2.2.6,12.1.1,32,24,adamw,0.0001,0.0001,not recorded in frozen config,research-lab/experiments/registered-workflow/runs/primary/run_0622
run_0623,original,organamnist,efficientnet_b0,A,submitted,60,53,60,1462.0,run entry through output export; wall-clock UTC difference,NVIDIA GeForce RTX 5070 Ti,3.12.7,2.10.0+cu128,0.25.0+cu128,2.2.6,12.1.1,32,24,adamw,0.0001,0.0001,not recorded in frozen config,research-lab/experiments/registered-workflow/runs/primary/run_0623
run_0624,original,organamnist,efficientnet_b0,B,submitted,60,60,60,1465.0,run entry through output export; wall-clock UTC difference,NVIDIA GeForce RTX 5070 Ti,3.12.7,2.10.0+cu128,0.25.0+cu128,2.2.6,12.1.1,32,24,adamw,0.0001,0.0001,not recorded in frozen config,research-lab/experiments/registered-workflow/runs/primary/run_0624
run_0625,original,organamnist,resnet18,A,submitted,20,13,60,586.0,run entry through output export; wall-clock UTC difference,NVIDIA GeForce RTX 5070 Ti,3.12.7,2.10.0+cu128,0.25.0+cu128,2.2.6,12.1.1,32,24,adamw,0.0001,0.0001,not recorded in frozen config,research-lab/experiments/registered-workflow/runs/primary/run_0625
run_0626,original,organamnist,resnet18,B,submitted,60,60,60,1279.0,run entry through output export; wall-clock UTC difference,NVIDIA GeForce RTX 5070 Ti,3.12.7,2.10.0+cu128,0.25.0+cu128,2.2.6,12.1.1,32,24,adamw,0.0001,0.0001,not recorded in frozen config,research-lab/experiments/registered-workflow/runs/primary/run_0626
run_0627,original,organamnist,resnet50,A,submitted,19,12,60,977.0,run entry through output export; wall-clock UTC difference,NVIDIA GeForce RTX 5070 Ti,3.12.7,2.10.0+cu128,0.25.0+cu128,2.2.6,12.1.1,32,24,adamw,0.0001,0.0001,not recorded in frozen config,research-lab/experiments/registered-workflow/runs/primary/run_0627
run_0628,original,organamnist,resnet50,B,submitted,60,60,60,2554.0,run entry through output export; wall-clock UTC difference,NVIDIA GeForce RTX 5070 Ti,3.12.7,2.10.0+cu128,0.25.0+cu128,2.2.6,12.1.1,32,24,adamw,0.0001,0.0001,not recorded in frozen config,research-lab/experiments/registered-workflow/runs/primary/run_0628
run_0629,original,organamnist,densenet121,A,submitted,27,20,60,1353.0,run entry through output export; wall-clock UTC difference,NVIDIA GeForce RTX 5070 Ti,3.12.7,2.10.0+cu128,0.25.0+cu128,2.2.6,12.1.1,32,24,adamw,0.0001,0.0001,not recorded in frozen config,research-lab/experiments/registered-workflow/runs/primary/run_0629
run_0630,original,organamnist,densenet121,B,submitted,60,60,60,2695.0,run entry through output export; wall-clock UTC difference,NVIDIA GeForce RTX 5070 Ti,3.12.7,2.10.0+cu128,0.25.0+cu128,2.2.6,12.1.1,32,24,adamw,0.0001,0.0001,not recorded in frozen config,research-lab/experiments/registered-workflow/runs/primary/run_0630
run_0631,original,organamnist,efficientnet_b0,A,submitted,60,59,60,1458.0,run entry through output export; wall-clock UTC difference,NVIDIA GeForce RTX 5070 Ti,3.12.7,2.10.0+cu128,0.25.0+cu128,2.2.6,12.1.1,32,24,adamw,0.0001,0.0001,not recorded in frozen config,research-lab/experiments/registered-workflow/runs/primary/run_0631
run_0632,original,organamnist,efficientnet_b0,B,submitted,60,60,60,1459.0,run entry through output export; wall-clock UTC difference,NVIDIA GeForce RTX 5070 Ti,3.12.7,2.10.0+cu128,0.25.0+cu128,2.2.6,12.1.1,32,24,adamw,0.0001,0.0001,not recorded in frozen config,research-lab/experiments/registered-workflow/runs/primary/run_0632
run_0633,original,organamnist,resnet18,A,submitted,17,10,60,534.0,run entry through output export; wall-clock UTC difference,NVIDIA GeForce RTX 5070 Ti,3.12.7,2.10.0+cu128,0.25.0+cu128,2.2.6,12.1.1,32,24,adamw,0.0001,0.0001,not recorded in frozen config,research-lab/experiments/registered-workflow/runs/primary/run_0633
run_0634,original,organamnist,resnet18,B,submitted,60,60,60,1280.0,run entry through output export; wall-clock UTC difference,NVIDIA GeForce RTX 5070 Ti,3.12.7,2.10.0+cu128,0.25.0+cu128,2.2.6,12.1.1,32,24,adamw,0.0001,0.0001,not recorded in frozen config,research-lab/experiments/registered-workflow/runs/primary/run_0634
run_0635,original,organamnist,resnet50,A,submitted,32,25,60,1482.0,run entry through output export; wall-clock UTC difference,NVIDIA GeForce RTX 5070 Ti,3.12.7,2.10.0+cu128,0.25.0+cu128,2.2.6,12.1.1,32,24,adamw,0.0001,0.0001,not recorded in frozen config,research-lab/experiments/registered-workflow/runs/primary/run_0635
run_0636,original,organamnist,resnet50,B,submitted,60,60,60,2557.0,run entry through output export; wall-clock UTC difference,NVIDIA GeForce RTX 5070 Ti,3.12.7,2.10.0+cu128,0.25.0+cu128,2.2.6,12.1.1,32,24,adamw,0.0001,0.0001,not recorded in frozen config,research-lab/experiments/registered-workflow/runs/primary/run_0636
run_0637,original,organamnist,densenet121,A,submitted,27,20,60,1350.0,run entry through output export; wall-clock UTC difference,NVIDIA GeForce RTX 5070 Ti,3.12.7,2.10.0+cu128,0.25.0+cu128,2.2.6,12.1.1,32,24,adamw,0.0001,0.0001,not recorded in frozen config,research-lab/experiments/registered-workflow/runs/primary/run_0637
run_0638,original,organamnist,densenet121,B,submitted,60,60,60,2694.0,run entry through output export; wall-clock UTC difference,NVIDIA GeForce RTX 5070 Ti,3.12.7,2.10.0+cu128,0.25.0+cu128,2.2.6,12.1.1,32,24,adamw,0.0001,0.0001,not recorded in frozen config,research-lab/experiments/registered-workflow/runs/primary/run_0638
run_0639,original,organamnist,efficientnet_b0,A,submitted,60,53,60,1456.0,run entry through output export; wall-clock UTC difference,NVIDIA GeForce RTX 5070 Ti,3.12.7,2.10.0+cu128,0.25.0+cu128,2.2.6,12.1.1,32,24,adamw,0.0001,0.0001,not recorded in frozen config,research-lab/experiments/registered-workflow/runs/primary/run_0639
run_0640,original,organamnist,efficientnet_b0,B,submitted,60,60,60,1457.0,run entry through output export; wall-clock UTC difference,NVIDIA GeForce RTX 5070 Ti,3.12.7,2.10.0+cu128,0.25.0+cu128,2.2.6,12.1.1,32,24,adamw,0.0001,0.0001,not recorded in frozen config,research-lab/experiments/registered-workflow/runs/primary/run_0640
run_0641,original,organamnist,resnet18,A,submitted,24,17,60,652.0,run entry through output export; wall-clock UTC difference,NVIDIA GeForce RTX 5070 Ti,3.12.7,2.10.0+cu128,0.25.0+cu128,2.2.6,12.1.1,32,24,adamw,0.0001,0.0001,not recorded in frozen config,research-lab/experiments/registered-workflow/runs/primary/run_0641
run_0642,original,organamnist,resnet18,B,submitted,60,60,60,1279.0,run entry through output export; wall-clock UTC difference,NVIDIA GeForce RTX 5070 Ti,3.12.7,2.10.0+cu128,0.25.0+cu128,2.2.6,12.1.1,32,24,adamw,0.0001,0.0001,not recorded in frozen config,research-lab/experiments/registered-workflow/runs/primary/run_0642
run_0643,original,organamnist,resnet50,A,submitted,23,16,60,1129.0,run entry through output export; wall-clock UTC difference,NVIDIA GeForce RTX 5070 Ti,3.12.7,2.10.0+cu128,0.25.0+cu128,2.2.6,12.1.1,32,24,adamw,0.0001,0.0001,not recorded in frozen config,research-lab/experiments/registered-workflow/runs/primary/run_0643
run_0644,original,organamnist,resnet50,B,submitted,60,60,60,2553.0,run entry through output export; wall-clock UTC difference,NVIDIA GeForce RTX 5070 Ti,3.12.7,2.10.0+cu128,0.25.0+cu128,2.2.6,12.1.1,32,24,adamw,0.0001,0.0001,not recorded in frozen config,research-lab/experiments/registered-workflow/runs/primary/run_0644
run_0645,original,organamnist,densenet121,A,submitted,30,23,60,1473.0,run entry through output export; wall-clock UTC difference,NVIDIA GeForce RTX 5070 Ti,3.12.7,2.10.0+cu128,0.25.0+cu128,2.2.6,12.1.1,32,24,adamw,0.0001,0.0001,not recorded in frozen config,research-lab/experiments/registered-workflow/runs/primary/run_0645
run_0646,original,organamnist,densenet121,B,submitted,60,60,60,2697.0,run entry through output export; wall-clock UTC difference,NVIDIA GeForce RTX 5070 Ti,3.12.7,2.10.0+cu128,0.25.0+cu128,2.2.6,12.1.1,32,24,adamw,0.0001,0.0001,not recorded in frozen config,research-lab/experiments/registered-workflow/runs/primary/run_0646
run_0647,original,organamnist,efficientnet_b0,A,submitted,60,59,60,1464.0,run entry through output export; wall-clock UTC difference,NVIDIA GeForce RTX 5070 Ti,3.12.7,2.10.0+cu128,0.25.0+cu128,2.2.6,12.1.1,32,24,adamw,0.0001,0.0001,not recorded in frozen config,research-lab/experiments/registered-workflow/runs/primary/run_0647
run_0648,original,organamnist,efficientnet_b0,B,submitted,60,60,60,1458.0,run entry through output export; wall-clock UTC difference,NVIDIA GeForce RTX 5070 Ti,3.12.7,2.10.0+cu128,0.25.0+cu128,2.2.6,12.1.1,32,24,adamw,0.0001,0.0001,not recorded in frozen config,research-lab/experiments/registered-workflow/runs/primary/run_0648
run_0649,original,organamnist,resnet18,A,submitted,23,16,60,639.0,run entry through output export; wall-clock UTC difference,NVIDIA GeForce RTX 5070 Ti,3.12.7,2.10.0+cu128,0.25.0+cu128,2.2.6,12.1.1,32,24,adamw,0.0001,0.0001,not recorded in frozen config,research-lab/experiments/registered-workflow/runs/primary/run_0649
run_0650,original,organamnist,resnet18,B,submitted,60,60,60,1279.0,run entry through output export; wall-clock UTC difference,NVIDIA GeForce RTX 5070 Ti,3.12.7,2.10.0+cu128,0.25.0+cu128,2.2.6,12.1.1,32,24,adamw,0.0001,0.0001,not recorded in frozen config,research-lab/experiments/registered-workflow/runs/primary/run_0650
run_0651,original,organamnist,resnet50,A,submitted,27,20,60,1285.0,run entry through output export; wall-clock UTC difference,NVIDIA GeForce RTX 5070 Ti,3.12.7,2.10.0+cu128,0.25.0+cu128,2.2.6,12.1.1,32,24,adamw,0.0001,0.0001,not recorded in frozen config,research-lab/experiments/registered-workflow/runs/primary/run_0651
run_0652,original,organamnist,resnet50,B,submitted,60,60,60,2553.0,run entry through output export; wall-clock UTC difference,NVIDIA GeForce RTX 5070 Ti,3.12.7,2.10.0+cu128,0.25.0+cu128,2.2.6,12.1.1,32,24,adamw,0.0001,0.0001,not recorded in frozen config,research-lab/experiments/registered-workflow/runs/primary/run_0652
run_0653,original,organamnist,densenet121,A,submitted,40,33,60,1881.0,run entry through output export; wall-clock UTC difference,NVIDIA GeForce RTX 5070 Ti,3.12.7,2.10.0+cu128,0.25.0+cu128,2.2.6,12.1.1,32,24,adamw,0.0001,0.0001,not recorded in frozen config,research-lab/experiments/registered-workflow/runs/primary/run_0653
run_0654,original,organamnist,densenet121,B,submitted,60,60,60,2706.0,run entry through output export; wall-clock UTC difference,NVIDIA GeForce RTX 5070 Ti,3.12.7,2.10.0+cu128,0.25.0+cu128,2.2.6,12.1.1,32,24,adamw,0.0001,0.0001,not recorded in frozen config,research-lab/experiments/registered-workflow/runs/primary/run_0654
run_0655,original,organamnist,efficientnet_b0,A,submitted,60,53,60,1463.0,run entry through output export; wall-clock UTC difference,NVIDIA GeForce RTX 5070 Ti,3.12.7,2.10.0+cu128,0.25.0+cu128,2.2.6,12.1.1,32,24,adamw,0.0001,0.0001,not recorded in frozen config,research-lab/experiments/registered-workflow/runs/primary/run_0655
run_0656,original,organamnist,efficientnet_b0,B,submitted,60,60,60,1458.0,run entry through output export; wall-clock UTC difference,NVIDIA GeForce RTX 5070 Ti,3.12.7,2.10.0+cu128,0.25.0+cu128,2.2.6,12.1.1,32,24,adamw,0.0001,0.0001,not recorded in frozen config,research-lab/experiments/registered-workflow/runs/primary/run_0656
run_0657,original,organamnist,resnet18,A,submitted,24,17,60,687.0,run entry through output export; wall-clock UTC difference,NVIDIA GeForce RTX 5070 Ti,3.12.7,2.10.0+cu128,0.25.0+cu128,2.2.6,12.1.1,32,24,adamw,0.0001,0.0001,not recorded in frozen config,research-lab/experiments/registered-workflow/runs/primary/run_0657
run_0658,original,organamnist,resnet18,B,submitted,60,60,60,1278.0,run entry through output export; wall-clock UTC difference,NVIDIA GeForce RTX 5070 Ti,3.12.7,2.10.0+cu128,0.25.0+cu128,2.2.6,12.1.1,32,24,adamw,0.0001,0.0001,not recorded in frozen config,research-lab/experiments/registered-workflow/runs/primary/run_0658
run_0659,original,organamnist,resnet50,A,submitted,23,16,60,1129.0,run entry through output export; wall-clock UTC difference,NVIDIA GeForce RTX 5070 Ti,3.12.7,2.10.0+cu128,0.25.0+cu128,2.2.6,12.1.1,32,24,adamw,0.0001,0.0001,not recorded in frozen config,research-lab/experiments/registered-workflow/runs/primary/run_0659
run_0660,original,organamnist,resnet50,B,submitted,60,60,60,2555.0,run entry through output export; wall-clock UTC difference,NVIDIA GeForce RTX 5070 Ti,3.12.7,2.10.0+cu128,0.25.0+cu128,2.2.6,12.1.1,32,24,adamw,0.0001,0.0001,not recorded in frozen config,research-lab/experiments/registered-workflow/runs/primary/run_0660
run_0661,original,organamnist,densenet121,A,submitted,24,17,60,1228.0,run entry through output export; wall-clock UTC difference,NVIDIA GeForce RTX 5070 Ti,3.12.7,2.10.0+cu128,0.25.0+cu128,2.2.6,12.1.1,32,24,adamw,0.0001,0.0001,not recorded in frozen config,research-lab/experiments/registered-workflow/runs/primary/run_0661
run_0662,original,organamnist,densenet121,B,submitted,60,60,60,2701.0,run entry through output export; wall-clock UTC difference,NVIDIA GeForce RTX 5070 Ti,3.12.7,2.10.0+cu128,0.25.0+cu128,2.2.6,12.1.1,32,24,adamw,0.0001,0.0001,not recorded in frozen config,research-lab/experiments/registered-workflow/runs/primary/run_0662
run_0663,original,organamnist,efficientnet_b0,A,submitted,60,58,60,1467.0,run entry through output export; wall-clock UTC difference,NVIDIA GeForce RTX 5070 Ti,3.12.7,2.10.0+cu128,0.25.0+cu128,2.2.6,12.1.1,32,24,adamw,0.0001,0.0001,not recorded in frozen config,research-lab/experiments/registered-workflow/runs/primary/run_0663
run_0664,original,organamnist,efficientnet_b0,B,submitted,60,60,60,1461.0,run entry through output export; wall-clock UTC difference,NVIDIA GeForce RTX 5070 Ti,3.12.7,2.10.0+cu128,0.25.0+cu128,2.2.6,12.1.1,32,24,adamw,0.0001,0.0001,not recorded in frozen config,research-lab/experiments/registered-workflow/runs/primary/run_0664
run_0665,original,organamnist,resnet18,A,submitted,17,10,60,537.0,run entry through output export; wall-clock UTC difference,NVIDIA GeForce RTX 5070 Ti,3.12.7,2.10.0+cu128,0.25.0+cu128,2.2.6,12.1.1,32,24,adamw,0.0001,0.0001,not recorded in frozen config,research-lab/experiments/registered-workflow/runs/primary/run_0665
run_0666,original,organamnist,resnet18,B,submitted,60,60,60,1280.0,run entry through output export; wall-clock UTC difference,NVIDIA GeForce RTX 5070 Ti,3.12.7,2.10.0+cu128,0.25.0+cu128,2.2.6,12.1.1,32,24,adamw,0.0001,0.0001,not recorded in frozen config,research-lab/experiments/registered-workflow/runs/primary/run_0666
run_0667,original,organamnist,resnet50,A,submitted,23,16,60,1131.0,run entry through output export; wall-clock UTC difference,NVIDIA GeForce RTX 5070 Ti,3.12.7,2.10.0+cu128,0.25.0+cu128,2.2.6,12.1.1,32,24,adamw,0.0001,0.0001,not recorded in frozen config,research-lab/experiments/registered-workflow/runs/primary/run_0667
run_0668,original,organamnist,resnet50,B,submitted,60,60,60,2560.0,run entry through output export; wall-clock UTC difference,NVIDIA GeForce RTX 5070 Ti,3.12.7,2.10.0+cu128,0.25.0+cu128,2.2.6,12.1.1,32,24,adamw,0.0001,0.0001,not recorded in frozen config,research-lab/experiments/registered-workflow/runs/primary/run_0668
run_0669,original,organamnist,densenet121,A,submitted,32,25,60,1557.0,run entry through output export; wall-clock UTC difference,NVIDIA GeForce RTX 5070 Ti,3.12.7,2.10.0+cu128,0.25.0+cu128,2.2.6,12.1.1,32,24,adamw,0.0001,0.0001,not recorded in frozen config,research-lab/experiments/registered-workflow/runs/primary/run_0669
run_0670,original,organamnist,densenet121,B,submitted,60,60,60,2702.0,run entry through output export; wall-clock UTC difference,NVIDIA GeForce RTX 5070 Ti,3.12.7,2.10.0+cu128,0.25.0+cu128,2.2.6,12.1.1,32,24,adamw,0.0001,0.0001,not recorded in frozen config,research-lab/experiments/registered-workflow/runs/primary/run_0670
run_0671,original,organamnist,efficientnet_b0,A,submitted,60,60,60,1468.0,run entry through output export; wall-clock UTC difference,NVIDIA GeForce RTX 5070 Ti,3.12.7,2.10.0+cu128,0.25.0+cu128,2.2.6,12.1.1,32,24,adamw,0.0001,0.0001,not recorded in frozen config,research-lab/experiments/registered-workflow/runs/primary/run_0671
run_0672,original,organamnist,efficientnet_b0,B,submitted,60,60,60,1464.0,run entry through output export; wall-clock UTC difference,NVIDIA GeForce RTX 5070 Ti,3.12.7,2.10.0+cu128,0.25.0+cu128,2.2.6,12.1.1,32,24,adamw,0.0001,0.0001,not recorded in frozen config,research-lab/experiments/registered-workflow/runs/primary/run_0672
run_0673,original,organamnist,resnet18,A,submitted,19,12,60,571.0,run entry through output export; wall-clock UTC difference,NVIDIA GeForce RTX 5070 Ti,3.12.7,2.10.0+cu128,0.25.0+cu128,2.2.6,12.1.1,32,24,adamw,0.0001,0.0001,not recorded in frozen config,research-lab/experiments/registered-workflow/runs/primary/run_0673
run_0674,original,organamnist,resnet18,B,submitted,60,60,60,1277.0,run entry through output export; wall-clock UTC difference,NVIDIA GeForce RTX 5070 Ti,3.12.7,2.10.0+cu128,0.25.0+cu128,2.2.6,12.1.1,32,24,adamw,0.0001,0.0001,not recorded in frozen config,research-lab/experiments/registered-workflow/runs/primary/run_0674
run_0675,original,organamnist,resnet50,A,submitted,30,23,60,1399.0,run entry through output export; wall-clock UTC difference,NVIDIA GeForce RTX 5070 Ti,3.12.7,2.10.0+cu128,0.25.0+cu128,2.2.6,12.1.1,32,24,adamw,0.0001,0.0001,not recorded in frozen config,research-lab/experiments/registered-workflow/runs/primary/run_0675
run_0676,original,organamnist,resnet50,B,submitted,60,60,60,2555.0,run entry through output export; wall-clock UTC difference,NVIDIA GeForce RTX 5070 Ti,3.12.7,2.10.0+cu128,0.25.0+cu128,2.2.6,12.1.1,32,24,adamw,0.0001,0.0001,not recorded in frozen config,research-lab/experiments/registered-workflow/runs/primary/run_0676
run_0677,original,organamnist,densenet121,A,submitted,48,41,60,2211.0,run entry through output export; wall-clock UTC difference,NVIDIA GeForce RTX 5070 Ti,3.12.7,2.10.0+cu128,0.25.0+cu128,2.2.6,12.1.1,32,24,adamw,0.0001,0.0001,not recorded in frozen config,research-lab/experiments/registered-workflow/runs/primary/run_0677
run_0678,original,organamnist,densenet121,B,submitted,60,60,60,2697.0,run entry through output export; wall-clock UTC difference,NVIDIA GeForce RTX 5070 Ti,3.12.7,2.10.0+cu128,0.25.0+cu128,2.2.6,12.1.1,32,24,adamw,0.0001,0.0001,not recorded in frozen config,research-lab/experiments/registered-workflow/runs/primary/run_0678
run_0679,original,organamnist,efficientnet_b0,A,submitted,60,57,60,1466.0,run entry through output export; wall-clock UTC difference,NVIDIA GeForce RTX 5070 Ti,3.12.7,2.10.0+cu128,0.25.0+cu128,2.2.6,12.1.1,32,24,adamw,0.0001,0.0001,not recorded in frozen config,research-lab/experiments/registered-workflow/runs/primary/run_0679
run_0680,original,organamnist,efficientnet_b0,B,submitted,60,60,60,1462.0,run entry through output export; wall-clock UTC difference,NVIDIA GeForce RTX 5070 Ti,3.12.7,2.10.0+cu128,0.25.0+cu128,2.2.6,12.1.1,32,24,adamw,0.0001,0.0001,not recorded in frozen config,research-lab/experiments/registered-workflow/runs/primary/run_0680
run_0681,original,organamnist,resnet18,A,submitted,19,12,60,566.0,run entry through output export; wall-clock UTC difference,NVIDIA GeForce RTX 5070 Ti,3.12.7,2.10.0+cu128,0.25.0+cu128,2.2.6,12.1.1,32,24,adamw,0.0001,0.0001,not recorded in frozen config,research-lab/experiments/registered-workflow/runs/primary/run_0681
run_0682,original,organamnist,resnet18,B,submitted,60,60,60,1277.0,run entry through output export; wall-clock UTC difference,NVIDIA GeForce RTX 5070 Ti,3.12.7,2.10.0+cu128,0.25.0+cu128,2.2.6,12.1.1,32,24,adamw,0.0001,0.0001,not recorded in frozen config,research-lab/experiments/registered-workflow/runs/primary/run_0682
run_0683,original,organamnist,resnet50,A,submitted,29,22,60,1363.0,run entry through output export; wall-clock UTC difference,NVIDIA GeForce RTX 5070 Ti,3.12.7,2.10.0+cu128,0.25.0+cu128,2.2.6,12.1.1,32,24,adamw,0.0001,0.0001,not recorded in frozen config,research-lab/experiments/registered-workflow/runs/primary/run_0683
run_0684,original,organamnist,resnet50,B,submitted,60,60,60,2556.0,run entry through output export; wall-clock UTC difference,NVIDIA GeForce RTX 5070 Ti,3.12.7,2.10.0+cu128,0.25.0+cu128,2.2.6,12.1.1,32,24,adamw,0.0001,0.0001,not recorded in frozen config,research-lab/experiments/registered-workflow/runs/primary/run_0684
run_0685,original,organamnist,densenet121,A,submitted,35,28,60,1676.0,run entry through output export; wall-clock UTC difference,NVIDIA GeForce RTX 5070 Ti,3.12.7,2.10.0+cu128,0.25.0+cu128,2.2.6,12.1.1,32,24,adamw,0.0001,0.0001,not recorded in frozen config,research-lab/experiments/registered-workflow/runs/primary/run_0685
run_0686,original,organamnist,densenet121,B,submitted,60,60,60,2700.0,run entry through output export; wall-clock UTC difference,NVIDIA GeForce RTX 5070 Ti,3.12.7,2.10.0+cu128,0.25.0+cu128,2.2.6,12.1.1,32,24,adamw,0.0001,0.0001,not recorded in frozen config,research-lab/experiments/registered-workflow/runs/primary/run_0686
run_0687,original,organamnist,efficientnet_b0,A,submitted,46,39,60,1176.0,run entry through output export; wall-clock UTC difference,NVIDIA GeForce RTX 5070 Ti,3.12.7,2.10.0+cu128,0.25.0+cu128,2.2.6,12.1.1,32,24,adamw,0.0001,0.0001,not recorded in frozen config,research-lab/experiments/registered-workflow/runs/primary/run_0687
run_0688,original,organamnist,efficientnet_b0,B,submitted,60,60,60,1457.0,run entry through output export; wall-clock UTC difference,NVIDIA GeForce RTX 5070 Ti,3.12.7,2.10.0+cu128,0.25.0+cu128,2.2.6,12.1.1,32,24,adamw,0.0001,0.0001,not recorded in frozen config,research-lab/experiments/registered-workflow/runs/primary/run_0688
run_0689,original,organamnist,resnet18,A,submitted,30,23,60,760.0,run entry through output export; wall-clock UTC difference,NVIDIA GeForce RTX 5070 Ti,3.12.7,2.10.0+cu128,0.25.0+cu128,2.2.6,12.1.1,32,24,adamw,0.0001,0.0001,not recorded in frozen config,research-lab/experiments/registered-workflow/runs/primary/run_0689
run_0690,original,organamnist,resnet18,B,submitted,60,60,60,1275.0,run entry through output export; wall-clock UTC difference,NVIDIA GeForce RTX 5070 Ti,3.12.7,2.10.0+cu128,0.25.0+cu128,2.2.6,12.1.1,32,24,adamw,0.0001,0.0001,not recorded in frozen config,research-lab/experiments/registered-workflow/runs/primary/run_0690
run_0691,original,organamnist,resnet50,A,submitted,23,16,60,1127.0,run entry through output export; wall-clock UTC difference,NVIDIA GeForce RTX 5070 Ti,3.12.7,2.10.0+cu128,0.25.0+cu128,2.2.6,12.1.1,32,24,adamw,0.0001,0.0001,not recorded in frozen config,research-lab/experiments/registered-workflow/runs/primary/run_0691
run_0692,original,organamnist,resnet50,B,submitted,60,60,60,2555.0,run entry through output export; wall-clock UTC difference,NVIDIA GeForce RTX 5070 Ti,3.12.7,2.10.0+cu128,0.25.0+cu128,2.2.6,12.1.1,32,24,adamw,0.0001,0.0001,not recorded in frozen config,research-lab/experiments/registered-workflow/runs/primary/run_0692
run_0693,original,organamnist,densenet121,A,submitted,31,24,60,1515.0,run entry through output export; wall-clock UTC difference,NVIDIA GeForce RTX 5070 Ti,3.12.7,2.10.0+cu128,0.25.0+cu128,2.2.6,12.1.1,32,24,adamw,0.0001,0.0001,not recorded in frozen config,research-lab/experiments/registered-workflow/runs/primary/run_0693
run_0694,original,organamnist,densenet121,B,submitted,60,60,60,2700.0,run entry through output export; wall-clock UTC difference,NVIDIA GeForce RTX 5070 Ti,3.12.7,2.10.0+cu128,0.25.0+cu128,2.2.6,12.1.1,32,24,adamw,0.0001,0.0001,not recorded in frozen config,research-lab/experiments/registered-workflow/runs/primary/run_0694
run_0695,original,organamnist,efficientnet_b0,A,submitted,50,43,60,1260.0,run entry through output export; wall-clock UTC difference,NVIDIA GeForce RTX 5070 Ti,3.12.7,2.10.0+cu128,0.25.0+cu128,2.2.6,12.1.1,32,24,adamw,0.0001,0.0001,not recorded in frozen config,research-lab/experiments/registered-workflow/runs/primary/run_0695
run_0696,original,organamnist,efficientnet_b0,B,submitted,60,60,60,1461.0,run entry through output export; wall-clock UTC difference,NVIDIA GeForce RTX 5070 Ti,3.12.7,2.10.0+cu128,0.25.0+cu128,2.2.6,12.1.1,32,24,adamw,0.0001,0.0001,not recorded in frozen config,research-lab/experiments/registered-workflow/runs/primary/run_0696
run_0697,original,organamnist,resnet18,A,submitted,31,24,60,781.0,run entry through output export; wall-clock UTC difference,NVIDIA GeForce RTX 5070 Ti,3.12.7,2.10.0+cu128,0.25.0+cu128,2.2.6,12.1.1,32,24,adamw,0.0001,0.0001,not recorded in frozen config,research-lab/experiments/registered-workflow/runs/primary/run_0697
run_0698,original,organamnist,resnet18,B,submitted,60,60,60,1281.0,run entry through output export; wall-clock UTC difference,NVIDIA GeForce RTX 5070 Ti,3.12.7,2.10.0+cu128,0.25.0+cu128,2.2.6,12.1.1,32,24,adamw,0.0001,0.0001,not recorded in frozen config,research-lab/experiments/registered-workflow/runs/primary/run_0698
run_0699,original,organamnist,resnet50,A,submitted,19,12,60,976.0,run entry through output export; wall-clock UTC difference,NVIDIA GeForce RTX 5070 Ti,3.12.7,2.10.0+cu128,0.25.0+cu128,2.2.6,12.1.1,32,24,adamw,0.0001,0.0001,not recorded in frozen config,research-lab/experiments/registered-workflow/runs/primary/run_0699
run_0700,original,organamnist,resnet50,B,submitted,60,60,60,2557.0,run entry through output export; wall-clock UTC difference,NVIDIA GeForce RTX 5070 Ti,3.12.7,2.10.0+cu128,0.25.0+cu128,2.2.6,12.1.1,32,24,adamw,0.0001,0.0001,not recorded in frozen config,research-lab/experiments/registered-workflow/runs/primary/run_0700
run_0701,original,organamnist,densenet121,A,submitted,31,24,60,1513.0,run entry through output export; wall-clock UTC difference,NVIDIA GeForce RTX 5070 Ti,3.12.7,2.10.0+cu128,0.25.0+cu128,2.2.6,12.1.1,32,24,adamw,0.0001,0.0001,not recorded in frozen config,research-lab/experiments/registered-workflow/runs/primary/run_0701
run_0702,original,organamnist,densenet121,B,submitted,60,60,60,2702.0,run entry through output export; wall-clock UTC difference,NVIDIA GeForce RTX 5070 Ti,3.12.7,2.10.0+cu128,0.25.0+cu128,2.2.6,12.1.1,32,24,adamw,0.0001,0.0001,not recorded in frozen config,research-lab/experiments/registered-workflow/runs/primary/run_0702
run_0703,original,organamnist,efficientnet_b0,A,submitted,58,51,60,1428.0,run entry through output export; wall-clock UTC difference,NVIDIA GeForce RTX 5070 Ti,3.12.7,2.10.0+cu128,0.25.0+cu128,2.2.6,12.1.1,32,24,adamw,0.0001,0.0001,not recorded in frozen config,research-lab/experiments/registered-workflow/runs/primary/run_0703
run_0704,original,organamnist,efficientnet_b0,B,submitted,60,60,60,1467.0,run entry through output export; wall-clock UTC difference,NVIDIA GeForce RTX 5070 Ti,3.12.7,2.10.0+cu128,0.25.0+cu128,2.2.6,12.1.1,32,24,adamw,0.0001,0.0001,not recorded in frozen config,research-lab/experiments/registered-workflow/runs/primary/run_0704
run_0705,original,organamnist,resnet18,A,submitted,32,25,60,798.0,run entry through output export; wall-clock UTC difference,NVIDIA GeForce RTX 5070 Ti,3.12.7,2.10.0+cu128,0.25.0+cu128,2.2.6,12.1.1,32,24,adamw,0.0001,0.0001,not recorded in frozen config,research-lab/experiments/registered-workflow/runs/primary/run_0705
run_0706,original,organamnist,resnet18,B,submitted,60,60,60,1281.0,run entry through output export; wall-clock UTC difference,NVIDIA GeForce RTX 5070 Ti,3.12.7,2.10.0+cu128,0.25.0+cu128,2.2.6,12.1.1,32,24,adamw,0.0001,0.0001,not recorded in frozen config,research-lab/experiments/registered-workflow/runs/primary/run_0706
run_0707,original,organamnist,resnet50,A,submitted,27,20,60,1286.0,run entry through output export; wall-clock UTC difference,NVIDIA GeForce RTX 5070 Ti,3.12.7,2.10.0+cu128,0.25.0+cu128,2.2.6,12.1.1,32,24,adamw,0.0001,0.0001,not recorded in frozen config,research-lab/experiments/registered-workflow/runs/primary/run_0707
run_0708,original,organamnist,resnet50,B,submitted,60,60,60,2558.0,run entry through output export; wall-clock UTC difference,NVIDIA GeForce RTX 5070 Ti,3.12.7,2.10.0+cu128,0.25.0+cu128,2.2.6,12.1.1,32,24,adamw,0.0001,0.0001,not recorded in frozen config,research-lab/experiments/registered-workflow/runs/primary/run_0708
run_0709,original,organamnist,densenet121,A,submitted,32,25,60,1557.0,run entry through output export; wall-clock UTC difference,NVIDIA GeForce RTX 5070 Ti,3.12.7,2.10.0+cu128,0.25.0+cu128,2.2.6,12.1.1,32,24,adamw,0.0001,0.0001,not recorded in frozen config,research-lab/experiments/registered-workflow/runs/primary/run_0709
run_0710,original,organamnist,densenet121,B,submitted,60,60,60,2723.0,run entry through output export; wall-clock UTC difference,NVIDIA GeForce RTX 5070 Ti,3.12.7,2.10.0+cu128,0.25.0+cu128,2.2.6,12.1.1,32,24,adamw,0.0001,0.0001,not recorded in frozen config,research-lab/experiments/registered-workflow/runs/primary/run_0710
run_0711,original,organamnist,efficientnet_b0,A,submitted,42,35,60,1100.0,run entry through output export; wall-clock UTC difference,NVIDIA GeForce RTX 5070 Ti,3.12.7,2.10.0+cu128,0.25.0+cu128,2.2.6,12.1.1,32,24,adamw,0.0001,0.0001,not recorded in frozen config,research-lab/experiments/registered-workflow/runs/primary/run_0711
run_0712,original,organamnist,efficientnet_b0,B,submitted,60,60,60,1468.0,run entry through output export; wall-clock UTC difference,NVIDIA GeForce RTX 5070 Ti,3.12.7,2.10.0+cu128,0.25.0+cu128,2.2.6,12.1.1,32,24,adamw,0.0001,0.0001,not recorded in frozen config,research-lab/experiments/registered-workflow/runs/primary/run_0712
run_0713,original,organamnist,resnet18,A,submitted,22,15,60,624.0,run entry through output export; wall-clock UTC difference,NVIDIA GeForce RTX 5070 Ti,3.12.7,2.10.0+cu128,0.25.0+cu128,2.2.6,12.1.1,32,24,adamw,0.0001,0.0001,not recorded in frozen config,research-lab/experiments/registered-workflow/runs/primary/run_0713
run_0714,original,organamnist,resnet18,B,submitted,60,60,60,1286.0,run entry through output export; wall-clock UTC difference,NVIDIA GeForce RTX 5070 Ti,3.12.7,2.10.0+cu128,0.25.0+cu128,2.2.6,12.1.1,32,24,adamw,0.0001,0.0001,not recorded in frozen config,research-lab/experiments/registered-workflow/runs/primary/run_0714
run_0715,original,organamnist,resnet50,A,submitted,12,5,60,707.0,run entry through output export; wall-clock UTC difference,NVIDIA GeForce RTX 5070 Ti,3.12.7,2.10.0+cu128,0.25.0+cu128,2.2.6,12.1.1,32,24,adamw,0.0001,0.0001,not recorded in frozen config,research-lab/experiments/registered-workflow/runs/primary/run_0715
run_0716,original,organamnist,resnet50,B,submitted,60,60,60,2559.0,run entry through output export; wall-clock UTC difference,NVIDIA GeForce RTX 5070 Ti,3.12.7,2.10.0+cu128,0.25.0+cu128,2.2.6,12.1.1,32,24,adamw,0.0001,0.0001,not recorded in frozen config,research-lab/experiments/registered-workflow/runs/primary/run_0716
run_0717,original,organamnist,densenet121,A,submitted,33,26,60,1598.0,run entry through output export; wall-clock UTC difference,NVIDIA GeForce RTX 5070 Ti,3.12.7,2.10.0+cu128,0.25.0+cu128,2.2.6,12.1.1,32,24,adamw,0.0001,0.0001,not recorded in frozen config,research-lab/experiments/registered-workflow/runs/primary/run_0717
run_0718,original,organamnist,densenet121,B,submitted,60,60,60,2701.0,run entry through output export; wall-clock UTC difference,NVIDIA GeForce RTX 5070 Ti,3.12.7,2.10.0+cu128,0.25.0+cu128,2.2.6,12.1.1,32,24,adamw,0.0001,0.0001,not recorded in frozen config,research-lab/experiments/registered-workflow/runs/primary/run_0718
run_0719,original,organamnist,efficientnet_b0,A,submitted,60,60,60,1474.0,run entry through output export; wall-clock UTC difference,NVIDIA GeForce RTX 5070 Ti,3.12.7,2.10.0+cu128,0.25.0+cu128,2.2.6,12.1.1,32,24,adamw,0.0001,0.0001,not recorded in frozen config,research-lab/experiments/registered-workflow/runs/primary/run_0719
run_0720,original,organamnist,efficientnet_b0,B,submitted,60,60,60,1466.0,run entry through output export; wall-clock UTC difference,NVIDIA GeForce RTX 5070 Ti,3.12.7,2.10.0+cu128,0.25.0+cu128,2.2.6,12.1.1,32,24,adamw,0.0001,0.0001,not recorded in frozen config,research-lab/experiments/registered-workflow/runs/primary/run_0720
run_0721,original,organamnist,resnet18,A,submitted,34,27,60,832.0,run entry through output export; wall-clock UTC difference,NVIDIA GeForce RTX 5070 Ti,3.12.7,2.10.0+cu128,0.25.0+cu128,2.2.6,12.1.1,32,24,adamw,0.0001,0.0001,not recorded in frozen config,research-lab/experiments/registered-workflow/runs/primary/run_0721
run_0722,original,organamnist,resnet18,B,submitted,60,60,60,1287.0,run entry through output export; wall-clock UTC difference,NVIDIA GeForce RTX 5070 Ti,3.12.7,2.10.0+cu128,0.25.0+cu128,2.2.6,12.1.1,32,24,adamw,0.0001,0.0001,not recorded in frozen config,research-lab/experiments/registered-workflow/runs/primary/run_0722
run_0723,original,organamnist,resnet50,A,submitted,32,25,60,1480.0,run entry through output export; wall-clock UTC difference,NVIDIA GeForce RTX 5070 Ti,3.12.7,2.10.0+cu128,0.25.0+cu128,2.2.6,12.1.1,32,24,adamw,0.0001,0.0001,not recorded in frozen config,research-lab/experiments/registered-workflow/runs/primary/run_0723
run_0724,original,organamnist,resnet50,B,submitted,60,60,60,2560.0,run entry through output export; wall-clock UTC difference,NVIDIA GeForce RTX 5070 Ti,3.12.7,2.10.0+cu128,0.25.0+cu128,2.2.6,12.1.1,32,24,adamw,0.0001,0.0001,not recorded in frozen config,research-lab/experiments/registered-workflow/runs/primary/run_0724
run_0725,original,organamnist,densenet121,A,submitted,38,31,60,1802.0,run entry through output export; wall-clock UTC difference,NVIDIA GeForce RTX 5070 Ti,3.12.7,2.10.0+cu128,0.25.0+cu128,2.2.6,12.1.1,32,24,adamw,0.0001,0.0001,not recorded in frozen config,research-lab/experiments/registered-workflow/runs/primary/run_0725
run_0726,original,organamnist,densenet121,B,submitted,60,60,60,2704.0,run entry through output export; wall-clock UTC difference,NVIDIA GeForce RTX 5070 Ti,3.12.7,2.10.0+cu128,0.25.0+cu128,2.2.6,12.1.1,32,24,adamw,0.0001,0.0001,not recorded in frozen config,research-lab/experiments/registered-workflow/runs/primary/run_0726
run_0727,original,organamnist,efficientnet_b0,A,submitted,60,57,60,1469.0,run entry through output export; wall-clock UTC difference,NVIDIA GeForce RTX 5070 Ti,3.12.7,2.10.0+cu128,0.25.0+cu128,2.2.6,12.1.1,32,24,adamw,0.0001,0.0001,not recorded in frozen config,research-lab/experiments/registered-workflow/runs/primary/run_0727
run_0728,original,organamnist,efficientnet_b0,B,submitted,60,60,60,1477.0,run entry through output export; wall-clock UTC difference,NVIDIA GeForce RTX 5070 Ti,3.12.7,2.10.0+cu128,0.25.0+cu128,2.2.6,12.1.1,32,24,adamw,0.0001,0.0001,not recorded in frozen config,research-lab/experiments/registered-workflow/runs/primary/run_0728
run_0729,original,organamnist,resnet18,A,submitted,27,20,60,710.0,run entry through output export; wall-clock UTC difference,NVIDIA GeForce RTX 5070 Ti,3.12.7,2.10.0+cu128,0.25.0+cu128,2.2.6,12.1.1,32,24,adamw,0.0001,0.0001,not recorded in frozen config,research-lab/experiments/registered-workflow/runs/primary/run_0729
run_0730,original,organamnist,resnet18,B,submitted,60,60,60,1285.0,run entry through output export; wall-clock UTC difference,NVIDIA GeForce RTX 5070 Ti,3.12.7,2.10.0+cu128,0.25.0+cu128,2.2.6,12.1.1,32,24,adamw,0.0001,0.0001,not recorded in frozen config,research-lab/experiments/registered-workflow/runs/primary/run_0730
run_0731,original,organamnist,resnet50,A,submitted,28,21,60,1327.0,run entry through output export; wall-clock UTC difference,NVIDIA GeForce RTX 5070 Ti,3.12.7,2.10.0+cu128,0.25.0+cu128,2.2.6,12.1.1,32,24,adamw,0.0001,0.0001,not recorded in frozen config,research-lab/experiments/registered-workflow/runs/primary/run_0731
run_0732,original,organamnist,resnet50,B,submitted,60,60,60,2558.0,run entry through output export; wall-clock UTC difference,NVIDIA GeForce RTX 5070 Ti,3.12.7,2.10.0+cu128,0.25.0+cu128,2.2.6,12.1.1,32,24,adamw,0.0001,0.0001,not recorded in frozen config,research-lab/experiments/registered-workflow/runs/primary/run_0732
run_0733,original,organamnist,densenet121,A,submitted,35,28,60,1679.0,run entry through output export; wall-clock UTC difference,NVIDIA GeForce RTX 5070 Ti,3.12.7,2.10.0+cu128,0.25.0+cu128,2.2.6,12.1.1,32,24,adamw,0.0001,0.0001,not recorded in frozen config,research-lab/experiments/registered-workflow/runs/primary/run_0733
run_0734,original,organamnist,densenet121,B,submitted,60,60,60,2700.0,run entry through output export; wall-clock UTC difference,NVIDIA GeForce RTX 5070 Ti,3.12.7,2.10.0+cu128,0.25.0+cu128,2.2.6,12.1.1,32,24,adamw,0.0001,0.0001,not recorded in frozen config,research-lab/experiments/registered-workflow/runs/primary/run_0734
run_0735,original,organamnist,efficientnet_b0,A,submitted,47,40,60,1202.0,run entry through output export; wall-clock UTC difference,NVIDIA GeForce RTX 5070 Ti,3.12.7,2.10.0+cu128,0.25.0+cu128,2.2.6,12.1.1,32,24,adamw,0.0001,0.0001,not recorded in frozen config,research-lab/experiments/registered-workflow/runs/primary/run_0735
run_0736,original,organamnist,efficientnet_b0,B,submitted,60,60,60,1463.0,run entry through output export; wall-clock UTC difference,NVIDIA GeForce RTX 5070 Ti,3.12.7,2.10.0+cu128,0.25.0+cu128,2.2.6,12.1.1,32,24,adamw,0.0001,0.0001,not recorded in frozen config,research-lab/experiments/registered-workflow/runs/primary/run_0736
run_0737,original,organamnist,resnet18,A,submitted,18,11,60,556.0,run entry through output export; wall-clock UTC difference,NVIDIA GeForce RTX 5070 Ti,3.12.7,2.10.0+cu128,0.25.0+cu128,2.2.6,12.1.1,32,24,adamw,0.0001,0.0001,not recorded in frozen config,research-lab/experiments/registered-workflow/runs/primary/run_0737
run_0738,original,organamnist,resnet18,B,submitted,60,60,60,1285.0,run entry through output export; wall-clock UTC difference,NVIDIA GeForce RTX 5070 Ti,3.12.7,2.10.0+cu128,0.25.0+cu128,2.2.6,12.1.1,32,24,adamw,0.0001,0.0001,not recorded in frozen config,research-lab/experiments/registered-workflow/runs/primary/run_0738
run_0739,original,organamnist,resnet50,A,submitted,25,18,60,1212.0,run entry through output export; wall-clock UTC difference,NVIDIA GeForce RTX 5070 Ti,3.12.7,2.10.0+cu128,0.25.0+cu128,2.2.6,12.1.1,32,24,adamw,0.0001,0.0001,not recorded in frozen config,research-lab/experiments/registered-workflow/runs/primary/run_0739
run_0740,original,organamnist,resnet50,B,submitted,60,60,60,2562.0,run entry through output export; wall-clock UTC difference,NVIDIA GeForce RTX 5070 Ti,3.12.7,2.10.0+cu128,0.25.0+cu128,2.2.6,12.1.1,32,24,adamw,0.0001,0.0001,not recorded in frozen config,research-lab/experiments/registered-workflow/runs/primary/run_0740
run_0741,original,organamnist,densenet121,A,submitted,27,20,60,1352.0,run entry through output export; wall-clock UTC difference,NVIDIA GeForce RTX 5070 Ti,3.12.7,2.10.0+cu128,0.25.0+cu128,2.2.6,12.1.1,32,24,adamw,0.0001,0.0001,not recorded in frozen config,research-lab/experiments/registered-workflow/runs/primary/run_0741
run_0742,original,organamnist,densenet121,B,submitted,60,60,60,2703.0,run entry through output export; wall-clock UTC difference,NVIDIA GeForce RTX 5070 Ti,3.12.7,2.10.0+cu128,0.25.0+cu128,2.2.6,12.1.1,32,24,adamw,0.0001,0.0001,not recorded in frozen config,research-lab/experiments/registered-workflow/runs/primary/run_0742
run_0743,original,organamnist,efficientnet_b0,A,submitted,51,44,60,1284.0,run entry through output export; wall-clock UTC difference,NVIDIA GeForce RTX 5070 Ti,3.12.7,2.10.0+cu128,0.25.0+cu128,2.2.6,12.1.1,32,24,adamw,0.0001,0.0001,not recorded in frozen config,research-lab/experiments/registered-workflow/runs/primary/run_0743
run_0744,original,organamnist,efficientnet_b0,B,submitted,60,60,60,1467.0,run entry through output export; wall-clock UTC difference,NVIDIA GeForce RTX 5070 Ti,3.12.7,2.10.0+cu128,0.25.0+cu128,2.2.6,12.1.1,32,24,adamw,0.0001,0.0001,not recorded in frozen config,research-lab/experiments/registered-workflow/runs/primary/run_0744
run_0745,original,organamnist,resnet18,A,submitted,38,31,60,903.0,run entry through output export; wall-clock UTC difference,NVIDIA GeForce RTX 5070 Ti,3.12.7,2.10.0+cu128,0.25.0+cu128,2.2.6,12.1.1,32,24,adamw,0.0001,0.0001,not recorded in frozen config,research-lab/experiments/registered-workflow/runs/primary/run_0745
run_0746,original,organamnist,resnet18,B,submitted,60,60,60,1285.0,run entry through output export; wall-clock UTC difference,NVIDIA GeForce RTX 5070 Ti,3.12.7,2.10.0+cu128,0.25.0+cu128,2.2.6,12.1.1,32,24,adamw,0.0001,0.0001,not recorded in frozen config,research-lab/experiments/registered-workflow/runs/primary/run_0746
run_0747,original,organamnist,resnet50,A,submitted,27,20,60,1290.0,run entry through output export; wall-clock UTC difference,NVIDIA GeForce RTX 5070 Ti,3.12.7,2.10.0+cu128,0.25.0+cu128,2.2.6,12.1.1,32,24,adamw,0.0001,0.0001,not recorded in frozen config,research-lab/experiments/registered-workflow/runs/primary/run_0747
run_0748,original,organamnist,resnet50,B,submitted,60,60,60,2559.0,run entry through output export; wall-clock UTC difference,NVIDIA GeForce RTX 5070 Ti,3.12.7,2.10.0+cu128,0.25.0+cu128,2.2.6,12.1.1,32,24,adamw,0.0001,0.0001,not recorded in frozen config,research-lab/experiments/registered-workflow/runs/primary/run_0748
run_0749,original,organamnist,densenet121,A,submitted,32,25,60,1562.0,run entry through output export; wall-clock UTC difference,NVIDIA GeForce RTX 5070 Ti,3.12.7,2.10.0+cu128,0.25.0+cu128,2.2.6,12.1.1,32,24,adamw,0.0001,0.0001,not recorded in frozen config,research-lab/experiments/registered-workflow/runs/primary/run_0749
run_0750,original,organamnist,densenet121,B,submitted,60,60,60,2705.0,run entry through output export; wall-clock UTC difference,NVIDIA GeForce RTX 5070 Ti,3.12.7,2.10.0+cu128,0.25.0+cu128,2.2.6,12.1.1,32,24,adamw,0.0001,0.0001,not recorded in frozen config,research-lab/experiments/registered-workflow/runs/primary/run_0750
run_0751,original,organamnist,efficientnet_b0,A,submitted,60,58,60,1473.0,run entry through output export; wall-clock UTC difference,NVIDIA GeForce RTX 5070 Ti,3.12.7,2.10.0+cu128,0.25.0+cu128,2.2.6,12.1.1,32,24,adamw,0.0001,0.0001,not recorded in frozen config,research-lab/experiments/registered-workflow/runs/primary/run_0751
run_0752,original,organamnist,efficientnet_b0,B,submitted,60,60,60,1475.0,run entry through output export; wall-clock UTC difference,NVIDIA GeForce RTX 5070 Ti,3.12.7,2.10.0+cu128,0.25.0+cu128,2.2.6,12.1.1,32,24,adamw,0.0001,0.0001,not recorded in frozen config,research-lab/experiments/registered-workflow/runs/primary/run_0752
run_0753,original,organamnist,resnet18,A,submitted,15,8,60,502.0,run entry through output export; wall-clock UTC difference,NVIDIA GeForce RTX 5070 Ti,3.12.7,2.10.0+cu128,0.25.0+cu128,2.2.6,12.1.1,32,24,adamw,0.0001,0.0001,not recorded in frozen config,research-lab/experiments/registered-workflow/runs/primary/run_0753
run_0754,original,organamnist,resnet18,B,submitted,60,60,60,1291.0,run entry through output export; wall-clock UTC difference,NVIDIA GeForce RTX 5070 Ti,3.12.7,2.10.0+cu128,0.25.0+cu128,2.2.6,12.1.1,32,24,adamw,0.0001,0.0001,not recorded in frozen config,research-lab/experiments/registered-workflow/runs/primary/run_0754
run_0755,original,organamnist,resnet50,A,submitted,21,14,60,1058.0,run entry through output export; wall-clock UTC difference,NVIDIA GeForce RTX 5070 Ti,3.12.7,2.10.0+cu128,0.25.0+cu128,2.2.6,12.1.1,32,24,adamw,0.0001,0.0001,not recorded in frozen config,research-lab/experiments/registered-workflow/runs/primary/run_0755
run_0756,original,organamnist,resnet50,B,submitted,60,60,60,2562.0,run entry through output export; wall-clock UTC difference,NVIDIA GeForce RTX 5070 Ti,3.12.7,2.10.0+cu128,0.25.0+cu128,2.2.6,12.1.1,32,24,adamw,0.0001,0.0001,not recorded in frozen config,research-lab/experiments/registered-workflow/runs/primary/run_0756
run_0757,original,organamnist,densenet121,A,submitted,41,34,60,1931.0,run entry through output export; wall-clock UTC difference,NVIDIA GeForce RTX 5070 Ti,3.12.7,2.10.0+cu128,0.25.0+cu128,2.2.6,12.1.1,32,24,adamw,0.0001,0.0001,not recorded in frozen config,research-lab/experiments/registered-workflow/runs/primary/run_0757
run_0758,original,organamnist,densenet121,B,submitted,60,60,60,2709.0,run entry through output export; wall-clock UTC difference,NVIDIA GeForce RTX 5070 Ti,3.12.7,2.10.0+cu128,0.25.0+cu128,2.2.6,12.1.1,32,24,adamw,0.0001,0.0001,not recorded in frozen config,research-lab/experiments/registered-workflow/runs/primary/run_0758
run_0759,original,organamnist,efficientnet_b0,A,submitted,53,46,60,1328.0,run entry through output export; wall-clock UTC difference,NVIDIA GeForce RTX 5070 Ti,3.12.7,2.10.0+cu128,0.25.0+cu128,2.2.6,12.1.1,32,24,adamw,0.0001,0.0001,not recorded in frozen config,research-lab/experiments/registered-workflow/runs/primary/run_0759
run_0760,original,organamnist,efficientnet_b0,B,submitted,60,60,60,1473.0,run entry through output export; wall-clock UTC difference,NVIDIA GeForce RTX 5070 Ti,3.12.7,2.10.0+cu128,0.25.0+cu128,2.2.6,12.1.1,32,24,adamw,0.0001,0.0001,not recorded in frozen config,research-lab/experiments/registered-workflow/runs/primary/run_0760
run_0761,original,organamnist,resnet18,A,submitted,13,6,60,469.0,run entry through output export; wall-clock UTC difference,NVIDIA GeForce RTX 5070 Ti,3.12.7,2.10.0+cu128,0.25.0+cu128,2.2.6,12.1.1,32,24,adamw,0.0001,0.0001,not recorded in frozen config,research-lab/experiments/registered-workflow/runs/primary/run_0761
run_0762,original,organamnist,resnet18,B,submitted,60,60,60,1290.0,run entry through output export; wall-clock UTC difference,NVIDIA GeForce RTX 5070 Ti,3.12.7,2.10.0+cu128,0.25.0+cu128,2.2.6,12.1.1,32,24,adamw,0.0001,0.0001,not recorded in frozen config,research-lab/experiments/registered-workflow/runs/primary/run_0762
run_0763,original,organamnist,resnet50,A,submitted,37,30,60,1674.0,run entry through output export; wall-clock UTC difference,NVIDIA GeForce RTX 5070 Ti,3.12.7,2.10.0+cu128,0.25.0+cu128,2.2.6,12.1.1,32,24,adamw,0.0001,0.0001,not recorded in frozen config,research-lab/experiments/registered-workflow/runs/primary/run_0763
run_0764,original,organamnist,resnet50,B,submitted,60,60,60,2565.0,run entry through output export; wall-clock UTC difference,NVIDIA GeForce RTX 5070 Ti,3.12.7,2.10.0+cu128,0.25.0+cu128,2.2.6,12.1.1,32,24,adamw,0.0001,0.0001,not recorded in frozen config,research-lab/experiments/registered-workflow/runs/primary/run_0764
run_0765,original,organamnist,densenet121,A,submitted,30,23,60,1499.0,run entry through output export; wall-clock UTC difference,NVIDIA GeForce RTX 5070 Ti,3.12.7,2.10.0+cu128,0.25.0+cu128,2.2.6,12.1.1,32,24,adamw,0.0001,0.0001,not recorded in frozen config,research-lab/experiments/registered-workflow/runs/primary/run_0765
run_0766,original,organamnist,densenet121,B,submitted,60,60,60,2702.0,run entry through output export; wall-clock UTC difference,NVIDIA GeForce RTX 5070 Ti,3.12.7,2.10.0+cu128,0.25.0+cu128,2.2.6,12.1.1,32,24,adamw,0.0001,0.0001,not recorded in frozen config,research-lab/experiments/registered-workflow/runs/primary/run_0766
run_0767,original,organamnist,efficientnet_b0,A,submitted,60,57,60,1478.0,run entry through output export; wall-clock UTC difference,NVIDIA GeForce RTX 5070 Ti,3.12.7,2.10.0+cu128,0.25.0+cu128,2.2.6,12.1.1,32,24,adamw,0.0001,0.0001,not recorded in frozen config,research-lab/experiments/registered-workflow/runs/primary/run_0767
run_0768,original,organamnist,efficientnet_b0,B,submitted,60,60,60,1472.0,run entry through output export; wall-clock UTC difference,NVIDIA GeForce RTX 5070 Ti,3.12.7,2.10.0+cu128,0.25.0+cu128,2.2.6,12.1.1,32,24,adamw,0.0001,0.0001,not recorded in frozen config,research-lab/experiments/registered-workflow/runs/primary/run_0768
run_0769,original,organamnist,resnet18,A,submitted,18,11,60,558.0,run entry through output export; wall-clock UTC difference,NVIDIA GeForce RTX 5070 Ti,3.12.7,2.10.0+cu128,0.25.0+cu128,2.2.6,12.1.1,32,24,adamw,0.0001,0.0001,not recorded in frozen config,research-lab/experiments/registered-workflow/runs/primary/run_0769
run_0770,original,organamnist,resnet18,B,submitted,60,60,60,1292.0,run entry through output export; wall-clock UTC difference,NVIDIA GeForce RTX 5070 Ti,3.12.7,2.10.0+cu128,0.25.0+cu128,2.2.6,12.1.1,32,24,adamw,0.0001,0.0001,not recorded in frozen config,research-lab/experiments/registered-workflow/runs/primary/run_0770
run_0771,original,organamnist,resnet50,A,submitted,28,21,60,1325.0,run entry through output export; wall-clock UTC difference,NVIDIA GeForce RTX 5070 Ti,3.12.7,2.10.0+cu128,0.25.0+cu128,2.2.6,12.1.1,32,24,adamw,0.0001,0.0001,not recorded in frozen config,research-lab/experiments/registered-workflow/runs/primary/run_0771
run_0772,original,organamnist,resnet50,B,submitted,60,60,60,2559.0,run entry through output export; wall-clock UTC difference,NVIDIA GeForce RTX 5070 Ti,3.12.7,2.10.0+cu128,0.25.0+cu128,2.2.6,12.1.1,32,24,adamw,0.0001,0.0001,not recorded in frozen config,research-lab/experiments/registered-workflow/runs/primary/run_0772
run_0773,original,organamnist,densenet121,A,submitted,30,23,60,1474.0,run entry through output export; wall-clock UTC difference,NVIDIA GeForce RTX 5070 Ti,3.12.7,2.10.0+cu128,0.25.0+cu128,2.2.6,12.1.1,32,24,adamw,0.0001,0.0001,not recorded in frozen config,research-lab/experiments/registered-workflow/runs/primary/run_0773
run_0774,original,organamnist,densenet121,B,submitted,60,60,60,2704.0,run entry through output export; wall-clock UTC difference,NVIDIA GeForce RTX 5070 Ti,3.12.7,2.10.0+cu128,0.25.0+cu128,2.2.6,12.1.1,32,24,adamw,0.0001,0.0001,not recorded in frozen config,research-lab/experiments/registered-workflow/runs/primary/run_0774
run_0775,original,organamnist,efficientnet_b0,A,submitted,58,51,60,1427.0,run entry through output export; wall-clock UTC difference,NVIDIA GeForce RTX 5070 Ti,3.12.7,2.10.0+cu128,0.25.0+cu128,2.2.6,12.1.1,32,24,adamw,0.0001,0.0001,not recorded in frozen config,research-lab/experiments/registered-workflow/runs/primary/run_0775
run_0776,original,organamnist,efficientnet_b0,B,submitted,60,60,60,1465.0,run entry through output export; wall-clock UTC difference,NVIDIA GeForce RTX 5070 Ti,3.12.7,2.10.0+cu128,0.25.0+cu128,2.2.6,12.1.1,32,24,adamw,0.0001,0.0001,not recorded in frozen config,research-lab/experiments/registered-workflow/runs/primary/run_0776
run_0777,original,organamnist,resnet18,A,submitted,24,17,60,662.0,run entry through output export; wall-clock UTC difference,NVIDIA GeForce RTX 5070 Ti,3.12.7,2.10.0+cu128,0.25.0+cu128,2.2.6,12.1.1,32,24,adamw,0.0001,0.0001,not recorded in frozen config,research-lab/experiments/registered-workflow/runs/primary/run_0777
run_0778,original,organamnist,resnet18,B,submitted,60,60,60,1283.0,run entry through output export; wall-clock UTC difference,NVIDIA GeForce RTX 5070 Ti,3.12.7,2.10.0+cu128,0.25.0+cu128,2.2.6,12.1.1,32,24,adamw,0.0001,0.0001,not recorded in frozen config,research-lab/experiments/registered-workflow/runs/primary/run_0778
run_0779,original,organamnist,resnet50,A,submitted,24,17,60,1173.0,run entry through output export; wall-clock UTC difference,NVIDIA GeForce RTX 5070 Ti,3.12.7,2.10.0+cu128,0.25.0+cu128,2.2.6,12.1.1,32,24,adamw,0.0001,0.0001,not recorded in frozen config,research-lab/experiments/registered-workflow/runs/primary/run_0779
run_0780,original,organamnist,resnet50,B,submitted,60,60,60,2558.0,run entry through output export; wall-clock UTC difference,NVIDIA GeForce RTX 5070 Ti,3.12.7,2.10.0+cu128,0.25.0+cu128,2.2.6,12.1.1,32,24,adamw,0.0001,0.0001,not recorded in frozen config,research-lab/experiments/registered-workflow/runs/primary/run_0780
run_0781,original,organamnist,densenet121,A,submitted,25,18,60,1268.0,run entry through output export; wall-clock UTC difference,NVIDIA GeForce RTX 5070 Ti,3.12.7,2.10.0+cu128,0.25.0+cu128,2.2.6,12.1.1,32,24,adamw,0.0001,0.0001,not recorded in frozen config,research-lab/experiments/registered-workflow/runs/primary/run_0781
run_0782,original,organamnist,densenet121,B,submitted,60,60,60,2704.0,run entry through output export; wall-clock UTC difference,NVIDIA GeForce RTX 5070 Ti,3.12.7,2.10.0+cu128,0.25.0+cu128,2.2.6,12.1.1,32,24,adamw,0.0001,0.0001,not recorded in frozen config,research-lab/experiments/registered-workflow/runs/primary/run_0782
run_0783,original,organamnist,efficientnet_b0,A,submitted,60,58,60,1467.0,run entry through output export; wall-clock UTC difference,NVIDIA GeForce RTX 5070 Ti,3.12.7,2.10.0+cu128,0.25.0+cu128,2.2.6,12.1.1,32,24,adamw,0.0001,0.0001,not recorded in frozen config,research-lab/experiments/registered-workflow/runs/primary/run_0783
run_0784,original,organamnist,efficientnet_b0,B,submitted,60,60,60,1471.0,run entry through output export; wall-clock UTC difference,NVIDIA GeForce RTX 5070 Ti,3.12.7,2.10.0+cu128,0.25.0+cu128,2.2.6,12.1.1,32,24,adamw,0.0001,0.0001,not recorded in frozen config,research-lab/experiments/registered-workflow/runs/primary/run_0784
run_0785,original,organamnist,resnet18,A,submitted,23,16,60,641.0,run entry through output export; wall-clock UTC difference,NVIDIA GeForce RTX 5070 Ti,3.12.7,2.10.0+cu128,0.25.0+cu128,2.2.6,12.1.1,32,24,adamw,0.0001,0.0001,not recorded in frozen config,research-lab/experiments/registered-workflow/runs/primary/run_0785
run_0786,original,organamnist,resnet18,B,submitted,60,60,60,1280.0,run entry through output export; wall-clock UTC difference,NVIDIA GeForce RTX 5070 Ti,3.12.7,2.10.0+cu128,0.25.0+cu128,2.2.6,12.1.1,32,24,adamw,0.0001,0.0001,not recorded in frozen config,research-lab/experiments/registered-workflow/runs/primary/run_0786
run_0787,original,organamnist,resnet50,A,submitted,19,12,60,978.0,run entry through output export; wall-clock UTC difference,NVIDIA GeForce RTX 5070 Ti,3.12.7,2.10.0+cu128,0.25.0+cu128,2.2.6,12.1.1,32,24,adamw,0.0001,0.0001,not recorded in frozen config,research-lab/experiments/registered-workflow/runs/primary/run_0787
run_0788,original,organamnist,resnet50,B,submitted,60,60,60,2557.0,run entry through output export; wall-clock UTC difference,NVIDIA GeForce RTX 5070 Ti,3.12.7,2.10.0+cu128,0.25.0+cu128,2.2.6,12.1.1,32,24,adamw,0.0001,0.0001,not recorded in frozen config,research-lab/experiments/registered-workflow/runs/primary/run_0788
run_0789,original,organamnist,densenet121,A,submitted,30,23,60,1475.0,run entry through output export; wall-clock UTC difference,NVIDIA GeForce RTX 5070 Ti,3.12.7,2.10.0+cu128,0.25.0+cu128,2.2.6,12.1.1,32,24,adamw,0.0001,0.0001,not recorded in frozen config,research-lab/experiments/registered-workflow/runs/primary/run_0789
run_0790,original,organamnist,densenet121,B,submitted,60,60,60,2703.0,run entry through output export; wall-clock UTC difference,NVIDIA GeForce RTX 5070 Ti,3.12.7,2.10.0+cu128,0.25.0+cu128,2.2.6,12.1.1,32,24,adamw,0.0001,0.0001,not recorded in frozen config,research-lab/experiments/registered-workflow/runs/primary/run_0790
run_0791,original,organamnist,efficientnet_b0,A,submitted,60,56,60,1467.0,run entry through output export; wall-clock UTC difference,NVIDIA GeForce RTX 5070 Ti,3.12.7,2.10.0+cu128,0.25.0+cu128,2.2.6,12.1.1,32,24,adamw,0.0001,0.0001,not recorded in frozen config,research-lab/experiments/registered-workflow/runs/primary/run_0791
run_0792,original,organamnist,efficientnet_b0,B,submitted,60,60,60,1467.0,run entry through output export; wall-clock UTC difference,NVIDIA GeForce RTX 5070 Ti,3.12.7,2.10.0+cu128,0.25.0+cu128,2.2.6,12.1.1,32,24,adamw,0.0001,0.0001,not recorded in frozen config,research-lab/experiments/registered-workflow/runs/primary/run_0792
run_0793,original,organamnist,resnet18,A,submitted,22,15,60,624.0,run entry through output export; wall-clock UTC difference,NVIDIA GeForce RTX 5070 Ti,3.12.7,2.10.0+cu128,0.25.0+cu128,2.2.6,12.1.1,32,24,adamw,0.0001,0.0001,not recorded in frozen config,research-lab/experiments/registered-workflow/runs/primary/run_0793
run_0794,original,organamnist,resnet18,B,submitted,60,60,60,1282.0,run entry through output export; wall-clock UTC difference,NVIDIA GeForce RTX 5070 Ti,3.12.7,2.10.0+cu128,0.25.0+cu128,2.2.6,12.1.1,32,24,adamw,0.0001,0.0001,not recorded in frozen config,research-lab/experiments/registered-workflow/runs/primary/run_0794
run_0795,original,organamnist,resnet50,A,submitted,26,19,60,1251.0,run entry through output export; wall-clock UTC difference,NVIDIA GeForce RTX 5070 Ti,3.12.7,2.10.0+cu128,0.25.0+cu128,2.2.6,12.1.1,32,24,adamw,0.0001,0.0001,not recorded in frozen config,research-lab/experiments/registered-workflow/runs/primary/run_0795
run_0796,original,organamnist,resnet50,B,submitted,60,60,60,2559.0,run entry through output export; wall-clock UTC difference,NVIDIA GeForce RTX 5070 Ti,3.12.7,2.10.0+cu128,0.25.0+cu128,2.2.6,12.1.1,32,24,adamw,0.0001,0.0001,not recorded in frozen config,research-lab/experiments/registered-workflow/runs/primary/run_0796
run_0797,original,organamnist,densenet121,A,submitted,23,16,60,1188.0,run entry through output export; wall-clock UTC difference,NVIDIA GeForce RTX 5070 Ti,3.12.7,2.10.0+cu128,0.25.0+cu128,2.2.6,12.1.1,32,24,adamw,0.0001,0.0001,not recorded in frozen config,research-lab/experiments/registered-workflow/runs/primary/run_0797
run_0798,original,organamnist,densenet121,B,submitted,60,60,60,2705.0,run entry through output export; wall-clock UTC difference,NVIDIA GeForce RTX 5070 Ti,3.12.7,2.10.0+cu128,0.25.0+cu128,2.2.6,12.1.1,32,24,adamw,0.0001,0.0001,not recorded in frozen config,research-lab/experiments/registered-workflow/runs/primary/run_0798
run_0799,original,organamnist,efficientnet_b0,A,submitted,60,60,60,1466.0,run entry through output export; wall-clock UTC difference,NVIDIA GeForce RTX 5070 Ti,3.12.7,2.10.0+cu128,0.25.0+cu128,2.2.6,12.1.1,32,24,adamw,0.0001,0.0001,not recorded in frozen config,research-lab/experiments/registered-workflow/runs/primary/run_0799
run_0800,original,organamnist,efficientnet_b0,B,submitted,60,60,60,1467.0,run entry through output export; wall-clock UTC difference,NVIDIA GeForce RTX 5070 Ti,3.12.7,2.10.0+cu128,0.25.0+cu128,2.2.6,12.1.1,32,24,adamw,0.0001,0.0001,not recorded in frozen config,research-lab/experiments/registered-workflow/runs/primary/run_0800
jiim_ext_isic2019_split_01_seed_42_resnet18_A,extension,isic2019,resnet18,A,shared,9,2,60,607.3188995942473,after model/data-loader initialization through checkpoint hashing and metric export; perf_counter,NVIDIA GeForce RTX 4090 D,3.10.21,2.4.1+cu121,0.19.1+cu121,1.26.4,10.4.0,32,4,AdamW,0.0001,0.0001,False,research-lab/experiments/registered-workflow/extensions/jiim_2026_major_revision/runs/jiim_ext_isic2019_split_01_seed_42_resnet18_A
jiim_ext_isic2019_split_01_seed_52_resnet18_A,extension,isic2019,resnet18,A,shared,9,2,60,576.168033901602,after model/data-loader initialization through checkpoint hashing and metric export; perf_counter,NVIDIA GeForce RTX 4090 D,3.10.21,2.4.1+cu121,0.19.1+cu121,1.26.4,10.4.0,32,4,AdamW,0.0001,0.0001,False,research-lab/experiments/registered-workflow/extensions/jiim_2026_major_revision/runs/jiim_ext_isic2019_split_01_seed_52_resnet18_A
jiim_ext_isic2019_split_01_seed_62_resnet18_A,extension,isic2019,resnet18,A,shared,9,2,60,526.2810347042978,after model/data-loader initialization through checkpoint hashing and metric export; perf_counter,NVIDIA GeForce RTX 4090 D,3.10.21,2.4.1+cu121,0.19.1+cu121,1.26.4,10.4.0,32,4,AdamW,0.0001,0.0001,False,research-lab/experiments/registered-workflow/extensions/jiim_2026_major_revision/runs/jiim_ext_isic2019_split_01_seed_62_resnet18_A
jiim_ext_isic2019_split_01_seed_42_resnet50_A,extension,isic2019,resnet50,A,shared,9,2,60,525.2183838412166,after model/data-loader initialization through checkpoint hashing and metric export; perf_counter,NVIDIA GeForce RTX 4090 D,3.10.21,2.4.1+cu121,0.19.1+cu121,1.26.4,10.4.0,32,4,AdamW,0.0001,0.0001,False,research-lab/experiments/registered-workflow/extensions/jiim_2026_major_revision/runs/jiim_ext_isic2019_split_01_seed_42_resnet50_A
jiim_ext_isic2019_split_01_seed_52_resnet50_A,extension,isic2019,resnet50,A,shared,9,2,60,519.771161261946,after model/data-loader initialization through checkpoint hashing and metric export; perf_counter,NVIDIA GeForce RTX 4090 D,3.10.21,2.4.1+cu121,0.19.1+cu121,1.26.4,10.4.0,32,4,AdamW,0.0001,0.0001,False,research-lab/experiments/registered-workflow/extensions/jiim_2026_major_revision/runs/jiim_ext_isic2019_split_01_seed_52_resnet50_A
jiim_ext_isic2019_split_01_seed_62_resnet50_A,extension,isic2019,resnet50,A,shared,9,2,60,516.2843203060329,after model/data-loader initialization through checkpoint hashing and metric export; perf_counter,NVIDIA GeForce RTX 4090 D,3.10.21,2.4.1+cu121,0.19.1+cu121,1.26.4,10.4.0,32,4,AdamW,0.0001,0.0001,False,research-lab/experiments/registered-workflow/extensions/jiim_2026_major_revision/runs/jiim_ext_isic2019_split_01_seed_62_resnet50_A
jiim_ext_isic2019_split_01_seed_42_densenet121_A,extension,isic2019,densenet121,A,shared,11,4,60,764.3710188046098,after model/data-loader initialization through checkpoint hashing and metric export; perf_counter,NVIDIA GeForce RTX 4090 D,3.10.21,2.4.1+cu121,0.19.1+cu121,1.26.4,10.4.0,32,4,AdamW,0.0001,0.0001,False,research-lab/experiments/registered-workflow/extensions/jiim_2026_major_revision/runs/jiim_ext_isic2019_split_01_seed_42_densenet121_A
jiim_ext_isic2019_split_01_seed_52_densenet121_A,extension,isic2019,densenet121,A,shared,10,3,60,671.7793963700533,after model/data-loader initialization through checkpoint hashing and metric export; perf_counter,NVIDIA GeForce RTX 4090 D,3.10.21,2.4.1+cu121,0.19.1+cu121,1.26.4,10.4.0,32,4,AdamW,0.0001,0.0001,False,research-lab/experiments/registered-workflow/extensions/jiim_2026_major_revision/runs/jiim_ext_isic2019_split_01_seed_52_densenet121_A
jiim_ext_isic2019_split_01_seed_62_densenet121_A,extension,isic2019,densenet121,A,shared,11,4,60,722.2733994200826,after model/data-loader initialization through checkpoint hashing and metric export; perf_counter,NVIDIA GeForce RTX 4090 D,3.10.21,2.4.1+cu121,0.19.1+cu121,1.26.4,10.4.0,32,4,AdamW,0.0001,0.0001,False,research-lab/experiments/registered-workflow/extensions/jiim_2026_major_revision/runs/jiim_ext_isic2019_split_01_seed_62_densenet121_A
jiim_ext_isic2019_split_01_seed_42_efficientnet_b0_A,extension,isic2019,efficientnet_b0,A,shared,21,14,60,1352.5621535032988,after model/data-loader initialization through checkpoint hashing and metric export; perf_counter,NVIDIA GeForce RTX 4090 D,3.10.21,2.4.1+cu121,0.19.1+cu121,1.26.4,10.4.0,32,4,AdamW,0.0001,0.0001,False,research-lab/experiments/registered-workflow/extensions/jiim_2026_major_revision/runs/jiim_ext_isic2019_split_01_seed_42_efficientnet_b0_A
jiim_ext_isic2019_split_01_seed_52_efficientnet_b0_A,extension,isic2019,efficientnet_b0,A,shared,28,21,60,1758.5649291798472,after model/data-loader initialization through checkpoint hashing and metric export; perf_counter,NVIDIA GeForce RTX 4090 D,3.10.21,2.4.1+cu121,0.19.1+cu121,1.26.4,10.4.0,32,4,AdamW,0.0001,0.0001,False,research-lab/experiments/registered-workflow/extensions/jiim_2026_major_revision/runs/jiim_ext_isic2019_split_01_seed_52_efficientnet_b0_A
jiim_ext_isic2019_split_01_seed_62_efficientnet_b0_A,extension,isic2019,efficientnet_b0,A,shared,28,21,60,1766.4166752584279,after model/data-loader initialization through checkpoint hashing and metric export; perf_counter,NVIDIA GeForce RTX 4090 D,3.10.21,2.4.1+cu121,0.19.1+cu121,1.26.4,10.4.0,32,4,AdamW,0.0001,0.0001,False,research-lab/experiments/registered-workflow/extensions/jiim_2026_major_revision/runs/jiim_ext_isic2019_split_01_seed_62_efficientnet_b0_A
jiim_ext_isic2019_split_01_seed_42_swin_t_A,extension,isic2019,swin_t,A,shared,10,3,60,612.4246617555618,after model/data-loader initialization through checkpoint hashing and metric export; perf_counter,NVIDIA GeForce RTX 4090 D,3.10.21,2.4.1+cu121,0.19.1+cu121,1.26.4,10.4.0,32,4,AdamW,0.0001,0.0001,False,research-lab/experiments/registered-workflow/extensions/jiim_2026_major_revision/runs/jiim_ext_isic2019_split_01_seed_42_swin_t_A
jiim_ext_isic2019_split_01_seed_52_swin_t_A,extension,isic2019,swin_t,A,shared,9,2,60,551.6879807859659,after model/data-loader initialization through checkpoint hashing and metric export; perf_counter,NVIDIA GeForce RTX 4090 D,3.10.21,2.4.1+cu121,0.19.1+cu121,1.26.4,10.4.0,32,4,AdamW,0.0001,0.0001,False,research-lab/experiments/registered-workflow/extensions/jiim_2026_major_revision/runs/jiim_ext_isic2019_split_01_seed_52_swin_t_A
jiim_ext_isic2019_split_01_seed_62_swin_t_A,extension,isic2019,swin_t,A,shared,10,3,60,582.1387262791395,after model/data-loader initialization through checkpoint hashing and metric export; perf_counter,NVIDIA GeForce RTX 4090 D,3.10.21,2.4.1+cu121,0.19.1+cu121,1.26.4,10.4.0,32,4,AdamW,0.0001,0.0001,False,research-lab/experiments/registered-workflow/extensions/jiim_2026_major_revision/runs/jiim_ext_isic2019_split_01_seed_62_swin_t_A
jiim_ext_isic2019_split_01_seed_42_swin_t_B,extension,isic2019,swin_t,A,swin_weight_eval,10,3,60,668.1127480082214,after model/data-loader initialization through checkpoint hashing and metric export; perf_counter,NVIDIA GeForce RTX 4090 D,3.10.21,2.4.1+cu121,0.19.1+cu121,1.26.4,10.4.0,32,4,AdamW,0.0001,0.0001,False,research-lab/experiments/registered-workflow/extensions/jiim_2026_major_revision/runs/jiim_ext_isic2019_split_01_seed_42_swin_t_B
jiim_ext_isic2019_split_01_seed_52_swin_t_B,extension,isic2019,swin_t,A,swin_weight_eval,11,4,60,756.6020961254835,after model/data-loader initialization through checkpoint hashing and metric export; perf_counter,NVIDIA GeForce RTX 4090 D,3.10.21,2.4.1+cu121,0.19.1+cu121,1.26.4,10.4.0,32,4,AdamW,0.0001,0.0001,False,research-lab/experiments/registered-workflow/extensions/jiim_2026_major_revision/runs/jiim_ext_isic2019_split_01_seed_52_swin_t_B
jiim_ext_isic2019_split_01_seed_62_swin_t_B,extension,isic2019,swin_t,A,swin_weight_eval,10,3,60,681.9460773132741,after model/data-loader initialization through checkpoint hashing and metric export; perf_counter,NVIDIA GeForce RTX 4090 D,3.10.21,2.4.1+cu121,0.19.1+cu121,1.26.4,10.4.0,32,4,AdamW,0.0001,0.0001,False,research-lab/experiments/registered-workflow/extensions/jiim_2026_major_revision/runs/jiim_ext_isic2019_split_01_seed_62_swin_t_B
jiim_ext_isic2019_split_02_seed_42_resnet18_A,extension,isic2019,resnet18,A,shared,8,1,60,478.51057180017233,after model/data-loader initialization through checkpoint hashing and metric export; perf_counter,NVIDIA GeForce RTX 4090 D,3.10.21,2.4.1+cu121,0.19.1+cu121,1.26.4,10.4.0,32,4,AdamW,0.0001,0.0001,False,research-lab/experiments/registered-workflow/extensions/jiim_2026_major_revision/runs/jiim_ext_isic2019_split_02_seed_42_resnet18_A
jiim_ext_isic2019_split_02_seed_52_resnet18_A,extension,isic2019,resnet18,A,shared,8,1,60,511.7369844317436,after model/data-loader initialization through checkpoint hashing and metric export; perf_counter,NVIDIA GeForce RTX 4090 D,3.10.21,2.4.1+cu121,0.19.1+cu121,1.26.4,10.4.0,32,4,AdamW,0.0001,0.0001,False,research-lab/experiments/registered-workflow/extensions/jiim_2026_major_revision/runs/jiim_ext_isic2019_split_02_seed_52_resnet18_A
jiim_ext_isic2019_split_02_seed_62_resnet18_A,extension,isic2019,resnet18,A,shared,10,3,60,627.3185624666512,after model/data-loader initialization through checkpoint hashing and metric export; perf_counter,NVIDIA GeForce RTX 4090 D,3.10.21,2.4.1+cu121,0.19.1+cu121,1.26.4,10.4.0,32,4,AdamW,0.0001,0.0001,False,research-lab/experiments/registered-workflow/extensions/jiim_2026_major_revision/runs/jiim_ext_isic2019_split_02_seed_62_resnet18_A
jiim_ext_isic2019_split_02_seed_42_resnet50_A,extension,isic2019,resnet50,A,shared,10,3,60,668.5071150846779,after model/data-loader initialization through checkpoint hashing and metric export; perf_counter,NVIDIA GeForce RTX 4090 D,3.10.21,2.4.1+cu121,0.19.1+cu121,1.26.4,10.4.0,32,4,AdamW,0.0001,0.0001,False,research-lab/experiments/registered-workflow/extensions/jiim_2026_major_revision/runs/jiim_ext_isic2019_split_02_seed_42_resnet50_A
jiim_ext_isic2019_split_02_seed_52_resnet50_A,extension,isic2019,resnet50,A,shared,9,2,60,569.0781110711396,after model/data-loader initialization through checkpoint hashing and metric export; perf_counter,NVIDIA GeForce RTX 4090 D,3.10.21,2.4.1+cu121,0.19.1+cu121,1.26.4,10.4.0,32,4,AdamW,0.0001,0.0001,False,research-lab/experiments/registered-workflow/extensions/jiim_2026_major_revision/runs/jiim_ext_isic2019_split_02_seed_52_resnet50_A
jiim_ext_isic2019_split_02_seed_62_resnet50_A,extension,isic2019,resnet50,A,shared,9,2,60,571.630066152662,after model/data-loader initialization through checkpoint hashing and metric export; perf_counter,NVIDIA GeForce RTX 4090 D,3.10.21,2.4.1+cu121,0.19.1+cu121,1.26.4,10.4.0,32,4,AdamW,0.0001,0.0001,False,research-lab/experiments/registered-workflow/extensions/jiim_2026_major_revision/runs/jiim_ext_isic2019_split_02_seed_62_resnet50_A
jiim_ext_isic2019_split_02_seed_42_densenet121_A,extension,isic2019,densenet121,A,shared,9,2,60,590.9117867872119,after model/data-loader initialization through checkpoint hashing and metric export; perf_counter,NVIDIA GeForce RTX 4090 D,3.10.21,2.4.1+cu121,0.19.1+cu121,1.26.4,10.4.0,32,4,AdamW,0.0001,0.0001,False,research-lab/experiments/registered-workflow/extensions/jiim_2026_major_revision/runs/jiim_ext_isic2019_split_02_seed_42_densenet121_A
jiim_ext_isic2019_split_02_seed_52_densenet121_A,extension,isic2019,densenet121,A,shared,10,3,60,663.6897480897605,after model/data-loader initialization through checkpoint hashing and metric export; perf_counter,NVIDIA GeForce RTX 4090 D,3.10.21,2.4.1+cu121,0.19.1+cu121,1.26.4,10.4.0,32,4,AdamW,0.0001,0.0001,False,research-lab/experiments/registered-workflow/extensions/jiim_2026_major_revision/runs/jiim_ext_isic2019_split_02_seed_52_densenet121_A
jiim_ext_isic2019_split_02_seed_62_densenet121_A,extension,isic2019,densenet121,A,shared,11,4,60,699.5379656292498,after model/data-loader initialization through checkpoint hashing and metric export; perf_counter,NVIDIA GeForce RTX 4090 D,3.10.21,2.4.1+cu121,0.19.1+cu121,1.26.4,10.4.0,32,4,AdamW,0.0001,0.0001,False,research-lab/experiments/registered-workflow/extensions/jiim_2026_major_revision/runs/jiim_ext_isic2019_split_02_seed_62_densenet121_A
jiim_ext_isic2019_split_02_seed_42_efficientnet_b0_A,extension,isic2019,efficientnet_b0,A,shared,17,10,60,1086.864824641496,after model/data-loader initialization through checkpoint hashing and metric export; perf_counter,NVIDIA GeForce RTX 4090 D,3.10.21,2.4.1+cu121,0.19.1+cu121,1.26.4,10.4.0,32,4,AdamW,0.0001,0.0001,False,research-lab/experiments/registered-workflow/extensions/jiim_2026_major_revision/runs/jiim_ext_isic2019_split_02_seed_42_efficientnet_b0_A
jiim_ext_isic2019_split_02_seed_52_efficientnet_b0_A,extension,isic2019,efficientnet_b0,A,shared,24,17,60,1527.4026356190443,after model/data-loader initialization through checkpoint hashing and metric export; perf_counter,NVIDIA GeForce RTX 4090 D,3.10.21,2.4.1+cu121,0.19.1+cu121,1.26.4,10.4.0,32,4,AdamW,0.0001,0.0001,False,research-lab/experiments/registered-workflow/extensions/jiim_2026_major_revision/runs/jiim_ext_isic2019_split_02_seed_52_efficientnet_b0_A
jiim_ext_isic2019_split_02_seed_62_efficientnet_b0_A,extension,isic2019,efficientnet_b0,A,shared,26,19,60,1717.0844688042998,after model/data-loader initialization through checkpoint hashing and metric export; perf_counter,NVIDIA GeForce RTX 4090 D,3.10.21,2.4.1+cu121,0.19.1+cu121,1.26.4,10.4.0,32,4,AdamW,0.0001,0.0001,False,research-lab/experiments/registered-workflow/extensions/jiim_2026_major_revision/runs/jiim_ext_isic2019_split_02_seed_62_efficientnet_b0_A
jiim_ext_isic2019_split_02_seed_42_swin_t_A,extension,isic2019,swin_t,A,shared,10,3,60,614.5887088738382,after model/data-loader initialization through checkpoint hashing and metric export; perf_counter,NVIDIA GeForce RTX 4090 D,3.10.21,2.4.1+cu121,0.19.1+cu121,1.26.4,10.4.0,32,4,AdamW,0.0001,0.0001,False,research-lab/experiments/registered-workflow/extensions/jiim_2026_major_revision/runs/jiim_ext_isic2019_split_02_seed_42_swin_t_A
jiim_ext_isic2019_split_02_seed_52_swin_t_A,extension,isic2019,swin_t,A,shared,10,3,60,616.1829204708338,after model/data-loader initialization through checkpoint hashing and metric export; perf_counter,NVIDIA GeForce RTX 4090 D,3.10.21,2.4.1+cu121,0.19.1+cu121,1.26.4,10.4.0,32,4,AdamW,0.0001,0.0001,False,research-lab/experiments/registered-workflow/extensions/jiim_2026_major_revision/runs/jiim_ext_isic2019_split_02_seed_52_swin_t_A
jiim_ext_isic2019_split_02_seed_62_swin_t_A,extension,isic2019,swin_t,A,shared,10,3,60,606.0383280403912,after model/data-loader initialization through checkpoint hashing and metric export; perf_counter,NVIDIA GeForce RTX 4090 D,3.10.21,2.4.1+cu121,0.19.1+cu121,1.26.4,10.4.0,32,4,AdamW,0.0001,0.0001,False,research-lab/experiments/registered-workflow/extensions/jiim_2026_major_revision/runs/jiim_ext_isic2019_split_02_seed_62_swin_t_A
jiim_ext_isic2019_split_02_seed_42_swin_t_B,extension,isic2019,swin_t,A,swin_weight_eval,10,3,60,700.7979605048895,after model/data-loader initialization through checkpoint hashing and metric export; perf_counter,NVIDIA GeForce RTX 4090 D,3.10.21,2.4.1+cu121,0.19.1+cu121,1.26.4,10.4.0,32,4,AdamW,0.0001,0.0001,False,research-lab/experiments/registered-workflow/extensions/jiim_2026_major_revision/runs/jiim_ext_isic2019_split_02_seed_42_swin_t_B
jiim_ext_isic2019_split_02_seed_52_swin_t_B,extension,isic2019,swin_t,A,swin_weight_eval,10,3,60,698.6225827671587,after model/data-loader initialization through checkpoint hashing and metric export; perf_counter,NVIDIA GeForce RTX 4090 D,3.10.21,2.4.1+cu121,0.19.1+cu121,1.26.4,10.4.0,32,4,AdamW,0.0001,0.0001,False,research-lab/experiments/registered-workflow/extensions/jiim_2026_major_revision/runs/jiim_ext_isic2019_split_02_seed_52_swin_t_B
jiim_ext_isic2019_split_02_seed_62_swin_t_B,extension,isic2019,swin_t,A,swin_weight_eval,10,3,60,687.1416345350444,after model/data-loader initialization through checkpoint hashing and metric export; perf_counter,NVIDIA GeForce RTX 4090 D,3.10.21,2.4.1+cu121,0.19.1+cu121,1.26.4,10.4.0,32,4,AdamW,0.0001,0.0001,False,research-lab/experiments/registered-workflow/extensions/jiim_2026_major_revision/runs/jiim_ext_isic2019_split_02_seed_62_swin_t_B
jiim_ext_isic2019_split_03_seed_42_resnet18_A,extension,isic2019,resnet18,A,shared,8,1,60,511.9051360525191,after model/data-loader initialization through checkpoint hashing and metric export; perf_counter,NVIDIA GeForce RTX 4090 D,3.10.21,2.4.1+cu121,0.19.1+cu121,1.26.4,10.4.0,32,4,AdamW,0.0001,0.0001,False,research-lab/experiments/registered-workflow/extensions/jiim_2026_major_revision/runs/jiim_ext_isic2019_split_03_seed_42_resnet18_A
jiim_ext_isic2019_split_03_seed_52_resnet18_A,extension,isic2019,resnet18,A,shared,9,2,60,539.3214971683919,after model/data-loader initialization through checkpoint hashing and metric export; perf_counter,NVIDIA GeForce RTX 4090 D,3.10.21,2.4.1+cu121,0.19.1+cu121,1.26.4,10.4.0,32,4,AdamW,0.0001,0.0001,False,research-lab/experiments/registered-workflow/extensions/jiim_2026_major_revision/runs/jiim_ext_isic2019_split_03_seed_52_resnet18_A
jiim_ext_isic2019_split_03_seed_62_resnet18_A,extension,isic2019,resnet18,A,shared,8,1,60,487.37133345380425,after model/data-loader initialization through checkpoint hashing and metric export; perf_counter,NVIDIA GeForce RTX 4090 D,3.10.21,2.4.1+cu121,0.19.1+cu121,1.26.4,10.4.0,32,4,AdamW,0.0001,0.0001,False,research-lab/experiments/registered-workflow/extensions/jiim_2026_major_revision/runs/jiim_ext_isic2019_split_03_seed_62_resnet18_A
jiim_ext_isic2019_split_03_seed_42_resnet50_A,extension,isic2019,resnet50,A,shared,8,1,60,478.78650245442986,after model/data-loader initialization through checkpoint hashing and metric export; perf_counter,NVIDIA GeForce RTX 4090 D,3.10.21,2.4.1+cu121,0.19.1+cu121,1.26.4,10.4.0,32,4,AdamW,0.0001,0.0001,False,research-lab/experiments/registered-workflow/extensions/jiim_2026_major_revision/runs/jiim_ext_isic2019_split_03_seed_42_resnet50_A
jiim_ext_isic2019_split_03_seed_52_resnet50_A,extension,isic2019,resnet50,A,shared,9,2,60,562.9054191112518,after model/data-loader initialization through checkpoint hashing and metric export; perf_counter,NVIDIA GeForce RTX 4090 D,3.10.21,2.4.1+cu121,0.19.1+cu121,1.26.4,10.4.0,32,4,AdamW,0.0001,0.0001,False,research-lab/experiments/registered-workflow/extensions/jiim_2026_major_revision/runs/jiim_ext_isic2019_split_03_seed_52_resnet50_A
jiim_ext_isic2019_split_03_seed_62_resnet50_A,extension,isic2019,resnet50,A,shared,8,1,60,469.9011023975909,after model/data-loader initialization through checkpoint hashing and metric export; perf_counter,NVIDIA GeForce RTX 4090 D,3.10.21,2.4.1+cu121,0.19.1+cu121,1.26.4,10.4.0,32,4,AdamW,0.0001,0.0001,False,research-lab/experiments/registered-workflow/extensions/jiim_2026_major_revision/runs/jiim_ext_isic2019_split_03_seed_62_resnet50_A
jiim_ext_isic2019_split_03_seed_42_densenet121_A,extension,isic2019,densenet121,A,shared,9,2,60,644.1248158812523,after model/data-loader initialization through checkpoint hashing and metric export; perf_counter,NVIDIA GeForce RTX 4090 D,3.10.21,2.4.1+cu121,0.19.1+cu121,1.26.4,10.4.0,32,4,AdamW,0.0001,0.0001,False,research-lab/experiments/registered-workflow/extensions/jiim_2026_major_revision/runs/jiim_ext_isic2019_split_03_seed_42_densenet121_A
jiim_ext_isic2019_split_03_seed_52_densenet121_A,extension,isic2019,densenet121,A,shared,9,2,60,636.720020391047,after model/data-loader initialization through checkpoint hashing and metric export; perf_counter,NVIDIA GeForce RTX 4090 D,3.10.21,2.4.1+cu121,0.19.1+cu121,1.26.4,10.4.0,32,4,AdamW,0.0001,0.0001,False,research-lab/experiments/registered-workflow/extensions/jiim_2026_major_revision/runs/jiim_ext_isic2019_split_03_seed_52_densenet121_A
jiim_ext_isic2019_split_03_seed_62_densenet121_A,extension,isic2019,densenet121,A,shared,10,3,60,721.5879803597927,after model/data-loader initialization through checkpoint hashing and metric export; perf_counter,NVIDIA GeForce RTX 4090 D,3.10.21,2.4.1+cu121,0.19.1+cu121,1.26.4,10.4.0,32,4,AdamW,0.0001,0.0001,False,research-lab/experiments/registered-workflow/extensions/jiim_2026_major_revision/runs/jiim_ext_isic2019_split_03_seed_62_densenet121_A
jiim_ext_isic2019_split_03_seed_42_efficientnet_b0_A,extension,isic2019,efficientnet_b0,A,shared,19,12,60,1331.9010348431766,after model/data-loader initialization through checkpoint hashing and metric export; perf_counter,NVIDIA GeForce RTX 4090 D,3.10.21,2.4.1+cu121,0.19.1+cu121,1.26.4,10.4.0,32,4,AdamW,0.0001,0.0001,False,research-lab/experiments/registered-workflow/extensions/jiim_2026_major_revision/runs/jiim_ext_isic2019_split_03_seed_42_efficientnet_b0_A
jiim_ext_isic2019_split_03_seed_52_efficientnet_b0_A,extension,isic2019,efficientnet_b0,A,shared,26,19,60,1712.5159086473286,after model/data-loader initialization through checkpoint hashing and metric export; perf_counter,NVIDIA GeForce RTX 4090 D,3.10.21,2.4.1+cu121,0.19.1+cu121,1.26.4,10.4.0,32,4,AdamW,0.0001,0.0001,False,research-lab/experiments/registered-workflow/extensions/jiim_2026_major_revision/runs/jiim_ext_isic2019_split_03_seed_52_efficientnet_b0_A
jiim_ext_isic2019_split_03_seed_62_efficientnet_b0_A,extension,isic2019,efficientnet_b0,A,shared,24,17,60,1546.1498617269099,after model/data-loader initialization through checkpoint hashing and metric export; perf_counter,NVIDIA GeForce RTX 4090 D,3.10.21,2.4.1+cu121,0.19.1+cu121,1.26.4,10.4.0,32,4,AdamW,0.0001,0.0001,False,research-lab/experiments/registered-workflow/extensions/jiim_2026_major_revision/runs/jiim_ext_isic2019_split_03_seed_62_efficientnet_b0_A
jiim_ext_isic2019_split_03_seed_42_swin_t_A,extension,isic2019,swin_t,A,shared,10,3,60,640.6120423413813,after model/data-loader initialization through checkpoint hashing and metric export; perf_counter,NVIDIA GeForce RTX 4090 D,3.10.21,2.4.1+cu121,0.19.1+cu121,1.26.4,10.4.0,32,4,AdamW,0.0001,0.0001,False,research-lab/experiments/registered-workflow/extensions/jiim_2026_major_revision/runs/jiim_ext_isic2019_split_03_seed_42_swin_t_A
jiim_ext_isic2019_split_03_seed_52_swin_t_A,extension,isic2019,swin_t,A,shared,9,2,60,549.8587687686086,after model/data-loader initialization through checkpoint hashing and metric export; perf_counter,NVIDIA GeForce RTX 4090 D,3.10.21,2.4.1+cu121,0.19.1+cu121,1.26.4,10.4.0,32,4,AdamW,0.0001,0.0001,False,research-lab/experiments/registered-workflow/extensions/jiim_2026_major_revision/runs/jiim_ext_isic2019_split_03_seed_52_swin_t_A
jiim_ext_isic2019_split_03_seed_62_swin_t_A,extension,isic2019,swin_t,A,shared,10,3,60,625.2245432399213,after model/data-loader initialization through checkpoint hashing and metric export; perf_counter,NVIDIA GeForce RTX 4090 D,3.10.21,2.4.1+cu121,0.19.1+cu121,1.26.4,10.4.0,32,4,AdamW,0.0001,0.0001,False,research-lab/experiments/registered-workflow/extensions/jiim_2026_major_revision/runs/jiim_ext_isic2019_split_03_seed_62_swin_t_A
jiim_ext_isic2019_split_03_seed_42_swin_t_B,extension,isic2019,swin_t,A,swin_weight_eval,10,3,60,668.4413986541331,after model/data-loader initialization through checkpoint hashing and metric export; perf_counter,NVIDIA GeForce RTX 4090 D,3.10.21,2.4.1+cu121,0.19.1+cu121,1.26.4,10.4.0,32,4,AdamW,0.0001,0.0001,False,research-lab/experiments/registered-workflow/extensions/jiim_2026_major_revision/runs/jiim_ext_isic2019_split_03_seed_42_swin_t_B
jiim_ext_isic2019_split_03_seed_52_swin_t_B,extension,isic2019,swin_t,A,swin_weight_eval,10,3,60,684.5345701575279,after model/data-loader initialization through checkpoint hashing and metric export; perf_counter,NVIDIA GeForce RTX 4090 D,3.10.21,2.4.1+cu121,0.19.1+cu121,1.26.4,10.4.0,32,4,AdamW,0.0001,0.0001,False,research-lab/experiments/registered-workflow/extensions/jiim_2026_major_revision/runs/jiim_ext_isic2019_split_03_seed_52_swin_t_B
jiim_ext_isic2019_split_03_seed_62_swin_t_B,extension,isic2019,swin_t,A,swin_weight_eval,10,3,60,692.4715510420501,after model/data-loader initialization through checkpoint hashing and metric export; perf_counter,NVIDIA GeForce RTX 4090 D,3.10.21,2.4.1+cu121,0.19.1+cu121,1.26.4,10.4.0,32,4,AdamW,0.0001,0.0001,False,research-lab/experiments/registered-workflow/extensions/jiim_2026_major_revision/runs/jiim_ext_isic2019_split_03_seed_62_swin_t_B
jiim_ext_isic2019_split_04_seed_42_resnet18_A,extension,isic2019,resnet18,A,shared,8,1,60,456.1279532685876,after model/data-loader initialization through checkpoint hashing and metric export; perf_counter,NVIDIA GeForce RTX 4090 D,3.10.21,2.4.1+cu121,0.19.1+cu121,1.26.4,10.4.0,32,4,AdamW,0.0001,0.0001,False,research-lab/experiments/registered-workflow/extensions/jiim_2026_major_revision/runs/jiim_ext_isic2019_split_04_seed_42_resnet18_A
jiim_ext_isic2019_split_04_seed_52_resnet18_A,extension,isic2019,resnet18,A,shared,8,1,60,459.9004491902888,after model/data-loader initialization through checkpoint hashing and metric export; perf_counter,NVIDIA GeForce RTX 4090 D,3.10.21,2.4.1+cu121,0.19.1+cu121,1.26.4,10.4.0,32,4,AdamW,0.0001,0.0001,False,research-lab/experiments/registered-workflow/extensions/jiim_2026_major_revision/runs/jiim_ext_isic2019_split_04_seed_52_resnet18_A
jiim_ext_isic2019_split_04_seed_62_resnet18_A,extension,isic2019,resnet18,A,shared,8,1,60,452.0998272933066,after model/data-loader initialization through checkpoint hashing and metric export; perf_counter,NVIDIA GeForce RTX 4090 D,3.10.21,2.4.1+cu121,0.19.1+cu121,1.26.4,10.4.0,32,4,AdamW,0.0001,0.0001,False,research-lab/experiments/registered-workflow/extensions/jiim_2026_major_revision/runs/jiim_ext_isic2019_split_04_seed_62_resnet18_A
jiim_ext_isic2019_split_04_seed_42_resnet50_A,extension,isic2019,resnet50,A,shared,8,1,60,472.2247936874628,after model/data-loader initialization through checkpoint hashing and metric export; perf_counter,NVIDIA GeForce RTX 4090 D,3.10.21,2.4.1+cu121,0.19.1+cu121,1.26.4,10.4.0,32,4,AdamW,0.0001,0.0001,False,research-lab/experiments/registered-workflow/extensions/jiim_2026_major_revision/runs/jiim_ext_isic2019_split_04_seed_42_resnet50_A
jiim_ext_isic2019_split_04_seed_52_resnet50_A,extension,isic2019,resnet50,A,shared,9,2,60,518.5843596868217,after model/data-loader initialization through checkpoint hashing and metric export; perf_counter,NVIDIA GeForce RTX 4090 D,3.10.21,2.4.1+cu121,0.19.1+cu121,1.26.4,10.4.0,32,4,AdamW,0.0001,0.0001,False,research-lab/experiments/registered-workflow/extensions/jiim_2026_major_revision/runs/jiim_ext_isic2019_split_04_seed_52_resnet50_A
jiim_ext_isic2019_split_04_seed_62_resnet50_A,extension,isic2019,resnet50,A,shared,8,1,60,464.0350528769195,after model/data-loader initialization through checkpoint hashing and metric export; perf_counter,NVIDIA GeForce RTX 4090 D,3.10.21,2.4.1+cu121,0.19.1+cu121,1.26.4,10.4.0,32,4,AdamW,0.0001,0.0001,False,research-lab/experiments/registered-workflow/extensions/jiim_2026_major_revision/runs/jiim_ext_isic2019_split_04_seed_62_resnet50_A
jiim_ext_isic2019_split_04_seed_42_densenet121_A,extension,isic2019,densenet121,A,shared,9,2,60,606.0109219588339,after model/data-loader initialization through checkpoint hashing and metric export; perf_counter,NVIDIA GeForce RTX 4090 D,3.10.21,2.4.1+cu121,0.19.1+cu121,1.26.4,10.4.0,32,4,AdamW,0.0001,0.0001,False,research-lab/experiments/registered-workflow/extensions/jiim_2026_major_revision/runs/jiim_ext_isic2019_split_04_seed_42_densenet121_A
jiim_ext_isic2019_split_04_seed_52_densenet121_A,extension,isic2019,densenet121,A,shared,9,2,60,603.0228960849345,after model/data-loader initialization through checkpoint hashing and metric export; perf_counter,NVIDIA GeForce RTX 4090 D,3.10.21,2.4.1+cu121,0.19.1+cu121,1.26.4,10.4.0,32,4,AdamW,0.0001,0.0001,False,research-lab/experiments/registered-workflow/extensions/jiim_2026_major_revision/runs/jiim_ext_isic2019_split_04_seed_52_densenet121_A
jiim_ext_isic2019_split_04_seed_62_densenet121_A,extension,isic2019,densenet121,A,shared,10,3,60,642.2093245051801,after model/data-loader initialization through checkpoint hashing and metric export; perf_counter,NVIDIA GeForce RTX 4090 D,3.10.21,2.4.1+cu121,0.19.1+cu121,1.26.4,10.4.0,32,4,AdamW,0.0001,0.0001,False,research-lab/experiments/registered-workflow/extensions/jiim_2026_major_revision/runs/jiim_ext_isic2019_split_04_seed_62_densenet121_A
jiim_ext_isic2019_split_04_seed_42_efficientnet_b0_A,extension,isic2019,efficientnet_b0,A,shared,23,16,60,1456.421476572752,after model/data-loader initialization through checkpoint hashing and metric export; perf_counter,NVIDIA GeForce RTX 4090 D,3.10.21,2.4.1+cu121,0.19.1+cu121,1.26.4,10.4.0,32,4,AdamW,0.0001,0.0001,False,research-lab/experiments/registered-workflow/extensions/jiim_2026_major_revision/runs/jiim_ext_isic2019_split_04_seed_42_efficientnet_b0_A
jiim_ext_isic2019_split_04_seed_52_efficientnet_b0_A,extension,isic2019,efficientnet_b0,A,shared,21,14,60,1300.5356795042753,after model/data-loader initialization through checkpoint hashing and metric export; perf_counter,NVIDIA GeForce RTX 4090 D,3.10.21,2.4.1+cu121,0.19.1+cu121,1.26.4,10.4.0,32,4,AdamW,0.0001,0.0001,False,research-lab/experiments/registered-workflow/extensions/jiim_2026_major_revision/runs/jiim_ext_isic2019_split_04_seed_52_efficientnet_b0_A
jiim_ext_isic2019_split_04_seed_62_efficientnet_b0_A,extension,isic2019,efficientnet_b0,A,shared,25,18,60,1594.6469293311238,after model/data-loader initialization through checkpoint hashing and metric export; perf_counter,NVIDIA GeForce RTX 4090 D,3.10.21,2.4.1+cu121,0.19.1+cu121,1.26.4,10.4.0,32,4,AdamW,0.0001,0.0001,False,research-lab/experiments/registered-workflow/extensions/jiim_2026_major_revision/runs/jiim_ext_isic2019_split_04_seed_62_efficientnet_b0_A
jiim_ext_isic2019_split_04_seed_42_swin_t_A,extension,isic2019,swin_t,A,shared,10,3,60,575.8582696840167,after model/data-loader initialization through checkpoint hashing and metric export; perf_counter,NVIDIA GeForce RTX 4090 D,3.10.21,2.4.1+cu121,0.19.1+cu121,1.26.4,10.4.0,32,4,AdamW,0.0001,0.0001,False,research-lab/experiments/registered-workflow/extensions/jiim_2026_major_revision/runs/jiim_ext_isic2019_split_04_seed_42_swin_t_A
jiim_ext_isic2019_split_04_seed_52_swin_t_A,extension,isic2019,swin_t,A,shared,10,3,60,589.7032262608409,after model/data-loader initialization through checkpoint hashing and metric export; perf_counter,NVIDIA GeForce RTX 4090 D,3.10.21,2.4.1+cu121,0.19.1+cu121,1.26.4,10.4.0,32,4,AdamW,0.0001,0.0001,False,research-lab/experiments/registered-workflow/extensions/jiim_2026_major_revision/runs/jiim_ext_isic2019_split_04_seed_52_swin_t_A
jiim_ext_isic2019_split_04_seed_62_swin_t_A,extension,isic2019,swin_t,A,shared,11,4,60,641.5911623947322,after model/data-loader initialization through checkpoint hashing and metric export; perf_counter,NVIDIA GeForce RTX 4090 D,3.10.21,2.4.1+cu121,0.19.1+cu121,1.26.4,10.4.0,32,4,AdamW,0.0001,0.0001,False,research-lab/experiments/registered-workflow/extensions/jiim_2026_major_revision/runs/jiim_ext_isic2019_split_04_seed_62_swin_t_A
jiim_ext_isic2019_split_04_seed_42_swin_t_B,extension,isic2019,swin_t,A,swin_weight_eval,10,3,60,695.6235125623643,after model/data-loader initialization through checkpoint hashing and metric export; perf_counter,NVIDIA GeForce RTX 4090 D,3.10.21,2.4.1+cu121,0.19.1+cu121,1.26.4,10.4.0,32,4,AdamW,0.0001,0.0001,False,research-lab/experiments/registered-workflow/extensions/jiim_2026_major_revision/runs/jiim_ext_isic2019_split_04_seed_42_swin_t_B
jiim_ext_isic2019_split_04_seed_52_swin_t_B,extension,isic2019,swin_t,A,swin_weight_eval,10,3,60,724.1112536378205,after model/data-loader initialization through checkpoint hashing and metric export; perf_counter,NVIDIA GeForce RTX 4090 D,3.10.21,2.4.1+cu121,0.19.1+cu121,1.26.4,10.4.0,32,4,AdamW,0.0001,0.0001,False,research-lab/experiments/registered-workflow/extensions/jiim_2026_major_revision/runs/jiim_ext_isic2019_split_04_seed_52_swin_t_B
jiim_ext_isic2019_split_04_seed_62_swin_t_B,extension,isic2019,swin_t,A,swin_weight_eval,11,4,60,776.7814937196672,after model/data-loader initialization through checkpoint hashing and metric export; perf_counter,NVIDIA GeForce RTX 4090 D,3.10.21,2.4.1+cu121,0.19.1+cu121,1.26.4,10.4.0,32,4,AdamW,0.0001,0.0001,False,research-lab/experiments/registered-workflow/extensions/jiim_2026_major_revision/runs/jiim_ext_isic2019_split_04_seed_62_swin_t_B
jiim_ext_isic2019_split_05_seed_42_resnet18_A,extension,isic2019,resnet18,A,shared,8,1,60,458.44077794626355,after model/data-loader initialization through checkpoint hashing and metric export; perf_counter,NVIDIA GeForce RTX 4090 D,3.10.21,2.4.1+cu121,0.19.1+cu121,1.26.4,10.4.0,32,4,AdamW,0.0001,0.0001,False,research-lab/experiments/registered-workflow/extensions/jiim_2026_major_revision/runs/jiim_ext_isic2019_split_05_seed_42_resnet18_A
jiim_ext_isic2019_split_05_seed_52_resnet18_A,extension,isic2019,resnet18,A,shared,9,2,60,507.9247140288353,after model/data-loader initialization through checkpoint hashing and metric export; perf_counter,NVIDIA GeForce RTX 4090 D,3.10.21,2.4.1+cu121,0.19.1+cu121,1.26.4,10.4.0,32,4,AdamW,0.0001,0.0001,False,research-lab/experiments/registered-workflow/extensions/jiim_2026_major_revision/runs/jiim_ext_isic2019_split_05_seed_52_resnet18_A
jiim_ext_isic2019_split_05_seed_62_resnet18_A,extension,isic2019,resnet18,A,shared,9,2,60,519.6202721260488,after model/data-loader initialization through checkpoint hashing and metric export; perf_counter,NVIDIA GeForce RTX 4090 D,3.10.21,2.4.1+cu121,0.19.1+cu121,1.26.4,10.4.0,32,4,AdamW,0.0001,0.0001,False,research-lab/experiments/registered-workflow/extensions/jiim_2026_major_revision/runs/jiim_ext_isic2019_split_05_seed_62_resnet18_A
jiim_ext_isic2019_split_05_seed_42_resnet50_A,extension,isic2019,resnet50,A,shared,8,1,60,455.49337926134467,after model/data-loader initialization through checkpoint hashing and metric export; perf_counter,NVIDIA GeForce RTX 4090 D,3.10.21,2.4.1+cu121,0.19.1+cu121,1.26.4,10.4.0,32,4,AdamW,0.0001,0.0001,False,research-lab/experiments/registered-workflow/extensions/jiim_2026_major_revision/runs/jiim_ext_isic2019_split_05_seed_42_resnet50_A
jiim_ext_isic2019_split_05_seed_52_resnet50_A,extension,isic2019,resnet50,A,shared,9,2,60,524.6409983932972,after model/data-loader initialization through checkpoint hashing and metric export; perf_counter,NVIDIA GeForce RTX 4090 D,3.10.21,2.4.1+cu121,0.19.1+cu121,1.26.4,10.4.0,32,4,AdamW,0.0001,0.0001,False,research-lab/experiments/registered-workflow/extensions/jiim_2026_major_revision/runs/jiim_ext_isic2019_split_05_seed_52_resnet50_A
jiim_ext_isic2019_split_05_seed_62_resnet50_A,extension,isic2019,resnet50,A,shared,9,2,60,510.19477133080363,after model/data-loader initialization through checkpoint hashing and metric export; perf_counter,NVIDIA GeForce RTX 4090 D,3.10.21,2.4.1+cu121,0.19.1+cu121,1.26.4,10.4.0,32,4,AdamW,0.0001,0.0001,False,research-lab/experiments/registered-workflow/extensions/jiim_2026_major_revision/runs/jiim_ext_isic2019_split_05_seed_62_resnet50_A
jiim_ext_isic2019_split_05_seed_42_densenet121_A,extension,isic2019,densenet121,A,shared,9,2,60,593.6779870167375,after model/data-loader initialization through checkpoint hashing and metric export; perf_counter,NVIDIA GeForce RTX 4090 D,3.10.21,2.4.1+cu121,0.19.1+cu121,1.26.4,10.4.0,32,4,AdamW,0.0001,0.0001,False,research-lab/experiments/registered-workflow/extensions/jiim_2026_major_revision/runs/jiim_ext_isic2019_split_05_seed_42_densenet121_A
jiim_ext_isic2019_split_05_seed_52_densenet121_A,extension,isic2019,densenet121,A,shared,9,2,60,575.3989280313253,after model/data-loader initialization through checkpoint hashing and metric export; perf_counter,NVIDIA GeForce RTX 4090 D,3.10.21,2.4.1+cu121,0.19.1+cu121,1.26.4,10.4.0,32,4,AdamW,0.0001,0.0001,False,research-lab/experiments/registered-workflow/extensions/jiim_2026_major_revision/runs/jiim_ext_isic2019_split_05_seed_52_densenet121_A
jiim_ext_isic2019_split_05_seed_62_densenet121_A,extension,isic2019,densenet121,A,shared,10,3,60,650.6134667955339,after model/data-loader initialization through checkpoint hashing and metric export; perf_counter,NVIDIA GeForce RTX 4090 D,3.10.21,2.4.1+cu121,0.19.1+cu121,1.26.4,10.4.0,32,4,AdamW,0.0001,0.0001,False,research-lab/experiments/registered-workflow/extensions/jiim_2026_major_revision/runs/jiim_ext_isic2019_split_05_seed_62_densenet121_A
jiim_ext_isic2019_split_05_seed_42_efficientnet_b0_A,extension,isic2019,efficientnet_b0,A,shared,27,20,60,1680.882393591106,after model/data-loader initialization through checkpoint hashing and metric export; perf_counter,NVIDIA GeForce RTX 4090 D,3.10.21,2.4.1+cu121,0.19.1+cu121,1.26.4,10.4.0,32,4,AdamW,0.0001,0.0001,False,research-lab/experiments/registered-workflow/extensions/jiim_2026_major_revision/runs/jiim_ext_isic2019_split_05_seed_42_efficientnet_b0_A
jiim_ext_isic2019_split_05_seed_52_efficientnet_b0_A,extension,isic2019,efficientnet_b0,A,shared,25,18,60,1575.928376890719,after model/data-loader initialization through checkpoint hashing and metric export; perf_counter,NVIDIA GeForce RTX 4090 D,3.10.21,2.4.1+cu121,0.19.1+cu121,1.26.4,10.4.0,32,4,AdamW,0.0001,0.0001,False,research-lab/experiments/registered-workflow/extensions/jiim_2026_major_revision/runs/jiim_ext_isic2019_split_05_seed_52_efficientnet_b0_A
jiim_ext_isic2019_split_05_seed_62_efficientnet_b0_A,extension,isic2019,efficientnet_b0,A,shared,33,26,60,2013.3598169274628,after model/data-loader initialization through checkpoint hashing and metric export; perf_counter,NVIDIA GeForce RTX 4090 D,3.10.21,2.4.1+cu121,0.19.1+cu121,1.26.4,10.4.0,32,4,AdamW,0.0001,0.0001,False,research-lab/experiments/registered-workflow/extensions/jiim_2026_major_revision/runs/jiim_ext_isic2019_split_05_seed_62_efficientnet_b0_A
jiim_ext_isic2019_split_05_seed_42_swin_t_A,extension,isic2019,swin_t,A,shared,10,3,60,584.4706023558974,after model/data-loader initialization through checkpoint hashing and metric export; perf_counter,NVIDIA GeForce RTX 4090 D,3.10.21,2.4.1+cu121,0.19.1+cu121,1.26.4,10.4.0,32,4,AdamW,0.0001,0.0001,False,research-lab/experiments/registered-workflow/extensions/jiim_2026_major_revision/runs/jiim_ext_isic2019_split_05_seed_42_swin_t_A
jiim_ext_isic2019_split_05_seed_52_swin_t_A,extension,isic2019,swin_t,A,shared,9,2,60,514.0993567854166,after model/data-loader initialization through checkpoint hashing and metric export; perf_counter,NVIDIA GeForce RTX 4090 D,3.10.21,2.4.1+cu121,0.19.1+cu121,1.26.4,10.4.0,32,4,AdamW,0.0001,0.0001,False,research-lab/experiments/registered-workflow/extensions/jiim_2026_major_revision/runs/jiim_ext_isic2019_split_05_seed_52_swin_t_A
jiim_ext_isic2019_split_05_seed_62_swin_t_A,extension,isic2019,swin_t,A,shared,9,2,60,530.09251575917,after model/data-loader initialization through checkpoint hashing and metric export; perf_counter,NVIDIA GeForce RTX 4090 D,3.10.21,2.4.1+cu121,0.19.1+cu121,1.26.4,10.4.0,32,4,AdamW,0.0001,0.0001,False,research-lab/experiments/registered-workflow/extensions/jiim_2026_major_revision/runs/jiim_ext_isic2019_split_05_seed_62_swin_t_A
jiim_ext_isic2019_split_05_seed_42_swin_t_B,extension,isic2019,swin_t,A,swin_weight_eval,11,4,60,729.7912036441267,after model/data-loader initialization through checkpoint hashing and metric export; perf_counter,NVIDIA GeForce RTX 4090 D,3.10.21,2.4.1+cu121,0.19.1+cu121,1.26.4,10.4.0,32,4,AdamW,0.0001,0.0001,False,research-lab/experiments/registered-workflow/extensions/jiim_2026_major_revision/runs/jiim_ext_isic2019_split_05_seed_42_swin_t_B
jiim_ext_isic2019_split_05_seed_52_swin_t_B,extension,isic2019,swin_t,A,swin_weight_eval,10,3,60,668.5541657581925,after model/data-loader initialization through checkpoint hashing and metric export; perf_counter,NVIDIA GeForce RTX 4090 D,3.10.21,2.4.1+cu121,0.19.1+cu121,1.26.4,10.4.0,32,4,AdamW,0.0001,0.0001,False,research-lab/experiments/registered-workflow/extensions/jiim_2026_major_revision/runs/jiim_ext_isic2019_split_05_seed_52_swin_t_B
jiim_ext_isic2019_split_05_seed_62_swin_t_B,extension,isic2019,swin_t,A,swin_weight_eval,10,3,60,686.7064509391785,after model/data-loader initialization through checkpoint hashing and metric export; perf_counter,NVIDIA GeForce RTX 4090 D,3.10.21,2.4.1+cu121,0.19.1+cu121,1.26.4,10.4.0,32,4,AdamW,0.0001,0.0001,False,research-lab/experiments/registered-workflow/extensions/jiim_2026_major_revision/runs/jiim_ext_isic2019_split_05_seed_62_swin_t_B
jiim_ext_isic2019_split_06_seed_42_resnet18_A,extension,isic2019,resnet18,A,shared,9,2,60,602.9645451717079,after model/data-loader initialization through checkpoint hashing and metric export; perf_counter,NVIDIA GeForce RTX 4090 D,3.10.21,2.4.1+cu121,0.19.1+cu121,1.26.4,10.4.0,32,4,AdamW,0.0001,0.0001,False,research-lab/experiments/registered-workflow/extensions/jiim_2026_major_revision/runs/jiim_ext_isic2019_split_06_seed_42_resnet18_A
jiim_ext_isic2019_split_06_seed_52_resnet18_A,extension,isic2019,resnet18,A,shared,9,2,60,633.1385328248143,after model/data-loader initialization through checkpoint hashing and metric export; perf_counter,NVIDIA GeForce RTX 4090 D,3.10.21,2.4.1+cu121,0.19.1+cu121,1.26.4,10.4.0,32,4,AdamW,0.0001,0.0001,False,research-lab/experiments/registered-workflow/extensions/jiim_2026_major_revision/runs/jiim_ext_isic2019_split_06_seed_52_resnet18_A
jiim_ext_isic2019_split_06_seed_62_resnet18_A,extension,isic2019,resnet18,A,shared,9,2,60,593.7383023500443,after model/data-loader initialization through checkpoint hashing and metric export; perf_counter,NVIDIA GeForce RTX 4090 D,3.10.21,2.4.1+cu121,0.19.1+cu121,1.26.4,10.4.0,32,4,AdamW,0.0001,0.0001,False,research-lab/experiments/registered-workflow/extensions/jiim_2026_major_revision/runs/jiim_ext_isic2019_split_06_seed_62_resnet18_A
jiim_ext_isic2019_split_06_seed_42_resnet50_A,extension,isic2019,resnet50,A,shared,9,2,60,652.2980866543949,after model/data-loader initialization through checkpoint hashing and metric export; perf_counter,NVIDIA GeForce RTX 4090 D,3.10.21,2.4.1+cu121,0.19.1+cu121,1.26.4,10.4.0,32,4,AdamW,0.0001,0.0001,False,research-lab/experiments/registered-workflow/extensions/jiim_2026_major_revision/runs/jiim_ext_isic2019_split_06_seed_42_resnet50_A
jiim_ext_isic2019_split_06_seed_52_resnet50_A,extension,isic2019,resnet50,A,shared,9,2,60,616.2774406336248,after model/data-loader initialization through checkpoint hashing and metric export; perf_counter,NVIDIA GeForce RTX 4090 D,3.10.21,2.4.1+cu121,0.19.1+cu121,1.26.4,10.4.0,32,4,AdamW,0.0001,0.0001,False,research-lab/experiments/registered-workflow/extensions/jiim_2026_major_revision/runs/jiim_ext_isic2019_split_06_seed_52_resnet50_A
jiim_ext_isic2019_split_06_seed_62_resnet50_A,extension,isic2019,resnet50,A,shared,9,2,60,622.0488195680082,after model/data-loader initialization through checkpoint hashing and metric export; perf_counter,NVIDIA GeForce RTX 4090 D,3.10.21,2.4.1+cu121,0.19.1+cu121,1.26.4,10.4.0,32,4,AdamW,0.0001,0.0001,False,research-lab/experiments/registered-workflow/extensions/jiim_2026_major_revision/runs/jiim_ext_isic2019_split_06_seed_62_resnet50_A
jiim_ext_isic2019_split_06_seed_42_densenet121_A,extension,isic2019,densenet121,A,shared,9,2,60,581.2072191126645,after model/data-loader initialization through checkpoint hashing and metric export; perf_counter,NVIDIA GeForce RTX 4090 D,3.10.21,2.4.1+cu121,0.19.1+cu121,1.26.4,10.4.0,32,4,AdamW,0.0001,0.0001,False,research-lab/experiments/registered-workflow/extensions/jiim_2026_major_revision/runs/jiim_ext_isic2019_split_06_seed_42_densenet121_A
jiim_ext_isic2019_split_06_seed_52_densenet121_A,extension,isic2019,densenet121,A,shared,9,2,60,580.7598549686372,after model/data-loader initialization through checkpoint hashing and metric export; perf_counter,NVIDIA GeForce RTX 4090 D,3.10.21,2.4.1+cu121,0.19.1+cu121,1.26.4,10.4.0,32,4,AdamW,0.0001,0.0001,False,research-lab/experiments/registered-workflow/extensions/jiim_2026_major_revision/runs/jiim_ext_isic2019_split_06_seed_52_densenet121_A
jiim_ext_isic2019_split_06_seed_62_densenet121_A,extension,isic2019,densenet121,A,shared,10,3,60,674.0461283996701,after model/data-loader initialization through checkpoint hashing and metric export; perf_counter,NVIDIA GeForce RTX 4090 D,3.10.21,2.4.1+cu121,0.19.1+cu121,1.26.4,10.4.0,32,4,AdamW,0.0001,0.0001,False,research-lab/experiments/registered-workflow/extensions/jiim_2026_major_revision/runs/jiim_ext_isic2019_split_06_seed_62_densenet121_A
jiim_ext_isic2019_split_06_seed_42_efficientnet_b0_A,extension,isic2019,efficientnet_b0,A,shared,22,15,60,1474.4065770059824,after model/data-loader initialization through checkpoint hashing and metric export; perf_counter,NVIDIA GeForce RTX 4090 D,3.10.21,2.4.1+cu121,0.19.1+cu121,1.26.4,10.4.0,32,4,AdamW,0.0001,0.0001,False,research-lab/experiments/registered-workflow/extensions/jiim_2026_major_revision/runs/jiim_ext_isic2019_split_06_seed_42_efficientnet_b0_A
jiim_ext_isic2019_split_06_seed_52_efficientnet_b0_A,extension,isic2019,efficientnet_b0,A,shared,27,20,60,1873.7324447594583,after model/data-loader initialization through checkpoint hashing and metric export; perf_counter,NVIDIA GeForce RTX 4090 D,3.10.21,2.4.1+cu121,0.19.1+cu121,1.26.4,10.4.0,32,4,AdamW,0.0001,0.0001,False,research-lab/experiments/registered-workflow/extensions/jiim_2026_major_revision/runs/jiim_ext_isic2019_split_06_seed_52_efficientnet_b0_A
jiim_ext_isic2019_split_06_seed_62_efficientnet_b0_A,extension,isic2019,efficientnet_b0,A,shared,24,17,60,1753.663352202624,after model/data-loader initialization through checkpoint hashing and metric export; perf_counter,NVIDIA GeForce RTX 4090 D,3.10.21,2.4.1+cu121,0.19.1+cu121,1.26.4,10.4.0,32,4,AdamW,0.0001,0.0001,False,research-lab/experiments/registered-workflow/extensions/jiim_2026_major_revision/runs/jiim_ext_isic2019_split_06_seed_62_efficientnet_b0_A
jiim_ext_isic2019_split_07_seed_42_resnet18_A,extension,isic2019,resnet18,A,shared,8,1,60,544.4493414610624,after model/data-loader initialization through checkpoint hashing and metric export; perf_counter,NVIDIA GeForce RTX 4090 D,3.10.21,2.4.1+cu121,0.19.1+cu121,1.26.4,10.4.0,32,4,AdamW,0.0001,0.0001,False,research-lab/experiments/registered-workflow/extensions/jiim_2026_major_revision/runs/jiim_ext_isic2019_split_07_seed_42_resnet18_A
jiim_ext_isic2019_split_07_seed_52_resnet18_A,extension,isic2019,resnet18,A,shared,8,1,60,525.4071410596371,after model/data-loader initialization through checkpoint hashing and metric export; perf_counter,NVIDIA GeForce RTX 4090 D,3.10.21,2.4.1+cu121,0.19.1+cu121,1.26.4,10.4.0,32,4,AdamW,0.0001,0.0001,False,research-lab/experiments/registered-workflow/extensions/jiim_2026_major_revision/runs/jiim_ext_isic2019_split_07_seed_52_resnet18_A
jiim_ext_isic2019_split_07_seed_62_resnet18_A,extension,isic2019,resnet18,A,shared,9,2,60,640.8811186142266,after model/data-loader initialization through checkpoint hashing and metric export; perf_counter,NVIDIA GeForce RTX 4090 D,3.10.21,2.4.1+cu121,0.19.1+cu121,1.26.4,10.4.0,32,4,AdamW,0.0001,0.0001,False,research-lab/experiments/registered-workflow/extensions/jiim_2026_major_revision/runs/jiim_ext_isic2019_split_07_seed_62_resnet18_A
jiim_ext_isic2019_split_07_seed_42_resnet50_A,extension,isic2019,resnet50,A,shared,8,1,60,492.6552933230996,after model/data-loader initialization through checkpoint hashing and metric export; perf_counter,NVIDIA GeForce RTX 4090 D,3.10.21,2.4.1+cu121,0.19.1+cu121,1.26.4,10.4.0,32,4,AdamW,0.0001,0.0001,False,research-lab/experiments/registered-workflow/extensions/jiim_2026_major_revision/runs/jiim_ext_isic2019_split_07_seed_42_resnet50_A
jiim_ext_isic2019_split_07_seed_52_resnet50_A,extension,isic2019,resnet50,A,shared,10,3,60,647.3377666994929,after model/data-loader initialization through checkpoint hashing and metric export; perf_counter,NVIDIA GeForce RTX 4090 D,3.10.21,2.4.1+cu121,0.19.1+cu121,1.26.4,10.4.0,32,4,AdamW,0.0001,0.0001,False,research-lab/experiments/registered-workflow/extensions/jiim_2026_major_revision/runs/jiim_ext_isic2019_split_07_seed_52_resnet50_A
jiim_ext_isic2019_split_07_seed_62_resnet50_A,extension,isic2019,resnet50,A,shared,9,2,60,564.3645262718201,after model/data-loader initialization through checkpoint hashing and metric export; perf_counter,NVIDIA GeForce RTX 4090 D,3.10.21,2.4.1+cu121,0.19.1+cu121,1.26.4,10.4.0,32,4,AdamW,0.0001,0.0001,False,research-lab/experiments/registered-workflow/extensions/jiim_2026_major_revision/runs/jiim_ext_isic2019_split_07_seed_62_resnet50_A
jiim_ext_isic2019_split_07_seed_42_densenet121_A,extension,isic2019,densenet121,A,shared,10,3,60,738.5220819488168,after model/data-loader initialization through checkpoint hashing and metric export; perf_counter,NVIDIA GeForce RTX 4090 D,3.10.21,2.4.1+cu121,0.19.1+cu121,1.26.4,10.4.0,32,4,AdamW,0.0001,0.0001,False,research-lab/experiments/registered-workflow/extensions/jiim_2026_major_revision/runs/jiim_ext_isic2019_split_07_seed_42_densenet121_A
jiim_ext_isic2019_split_07_seed_52_densenet121_A,extension,isic2019,densenet121,A,shared,10,3,60,712.0558861680329,after model/data-loader initialization through checkpoint hashing and metric export; perf_counter,NVIDIA GeForce RTX 4090 D,3.10.21,2.4.1+cu121,0.19.1+cu121,1.26.4,10.4.0,32,4,AdamW,0.0001,0.0001,False,research-lab/experiments/registered-workflow/extensions/jiim_2026_major_revision/runs/jiim_ext_isic2019_split_07_seed_52_densenet121_A
jiim_ext_isic2019_split_07_seed_62_densenet121_A,extension,isic2019,densenet121,A,shared,9,2,60,670.5029320269823,after model/data-loader initialization through checkpoint hashing and metric export; perf_counter,NVIDIA GeForce RTX 4090 D,3.10.21,2.4.1+cu121,0.19.1+cu121,1.26.4,10.4.0,32,4,AdamW,0.0001,0.0001,False,research-lab/experiments/registered-workflow/extensions/jiim_2026_major_revision/runs/jiim_ext_isic2019_split_07_seed_62_densenet121_A
jiim_ext_isic2019_split_07_seed_42_efficientnet_b0_A,extension,isic2019,efficientnet_b0,A,shared,21,14,60,1518.3855774477124,after model/data-loader initialization through checkpoint hashing and metric export; perf_counter,NVIDIA GeForce RTX 4090 D,3.10.21,2.4.1+cu121,0.19.1+cu121,1.26.4,10.4.0,32,4,AdamW,0.0001,0.0001,False,research-lab/experiments/registered-workflow/extensions/jiim_2026_major_revision/runs/jiim_ext_isic2019_split_07_seed_42_efficientnet_b0_A
jiim_ext_isic2019_split_07_seed_52_efficientnet_b0_A,extension,isic2019,efficientnet_b0,A,shared,23,16,60,1726.0550722405314,after model/data-loader initialization through checkpoint hashing and metric export; perf_counter,NVIDIA GeForce RTX 4090 D,3.10.21,2.4.1+cu121,0.19.1+cu121,1.26.4,10.4.0,32,4,AdamW,0.0001,0.0001,False,research-lab/experiments/registered-workflow/extensions/jiim_2026_major_revision/runs/jiim_ext_isic2019_split_07_seed_52_efficientnet_b0_A
jiim_ext_isic2019_split_07_seed_62_efficientnet_b0_A,extension,isic2019,efficientnet_b0,A,shared,18,11,60,1273.7699914388359,after model/data-loader initialization through checkpoint hashing and metric export; perf_counter,NVIDIA GeForce RTX 4090 D,3.10.21,2.4.1+cu121,0.19.1+cu121,1.26.4,10.4.0,32,4,AdamW,0.0001,0.0001,False,research-lab/experiments/registered-workflow/extensions/jiim_2026_major_revision/runs/jiim_ext_isic2019_split_07_seed_62_efficientnet_b0_A
jiim_ext_isic2019_split_08_seed_42_resnet18_A,extension,isic2019,resnet18,A,shared,9,2,60,533.1885773874819,after model/data-loader initialization through checkpoint hashing and metric export; perf_counter,NVIDIA GeForce RTX 4090 D,3.10.21,2.4.1+cu121,0.19.1+cu121,1.26.4,10.4.0,32,4,AdamW,0.0001,0.0001,False,research-lab/experiments/registered-workflow/extensions/jiim_2026_major_revision/runs/jiim_ext_isic2019_split_08_seed_42_resnet18_A
jiim_ext_isic2019_split_08_seed_52_resnet18_A,extension,isic2019,resnet18,A,shared,8,1,60,452.20675160735846,after model/data-loader initialization through checkpoint hashing and metric export; perf_counter,NVIDIA GeForce RTX 4090 D,3.10.21,2.4.1+cu121,0.19.1+cu121,1.26.4,10.4.0,32,4,AdamW,0.0001,0.0001,False,research-lab/experiments/registered-workflow/extensions/jiim_2026_major_revision/runs/jiim_ext_isic2019_split_08_seed_52_resnet18_A
jiim_ext_isic2019_split_08_seed_62_resnet18_A,extension,isic2019,resnet18,A,shared,9,2,60,531.9883822351694,after model/data-loader initialization through checkpoint hashing and metric export; perf_counter,NVIDIA GeForce RTX 4090 D,3.10.21,2.4.1+cu121,0.19.1+cu121,1.26.4,10.4.0,32,4,AdamW,0.0001,0.0001,False,research-lab/experiments/registered-workflow/extensions/jiim_2026_major_revision/runs/jiim_ext_isic2019_split_08_seed_62_resnet18_A
jiim_ext_isic2019_split_08_seed_42_resnet50_A,extension,isic2019,resnet50,A,shared,8,1,60,487.45836463943124,after model/data-loader initialization through checkpoint hashing and metric export; perf_counter,NVIDIA GeForce RTX 4090 D,3.10.21,2.4.1+cu121,0.19.1+cu121,1.26.4,10.4.0,32,4,AdamW,0.0001,0.0001,False,research-lab/experiments/registered-workflow/extensions/jiim_2026_major_revision/runs/jiim_ext_isic2019_split_08_seed_42_resnet50_A
jiim_ext_isic2019_split_08_seed_52_resnet50_A,extension,isic2019,resnet50,A,shared,8,1,60,463.43475437164307,after model/data-loader initialization through checkpoint hashing and metric export; perf_counter,NVIDIA GeForce RTX 4090 D,3.10.21,2.4.1+cu121,0.19.1+cu121,1.26.4,10.4.0,32,4,AdamW,0.0001,0.0001,False,research-lab/experiments/registered-workflow/extensions/jiim_2026_major_revision/runs/jiim_ext_isic2019_split_08_seed_52_resnet50_A
jiim_ext_isic2019_split_08_seed_62_resnet50_A,extension,isic2019,resnet50,A,shared,9,2,60,542.2042684815824,after model/data-loader initialization through checkpoint hashing and metric export; perf_counter,NVIDIA GeForce RTX 4090 D,3.10.21,2.4.1+cu121,0.19.1+cu121,1.26.4,10.4.0,32,4,AdamW,0.0001,0.0001,False,research-lab/experiments/registered-workflow/extensions/jiim_2026_major_revision/runs/jiim_ext_isic2019_split_08_seed_62_resnet50_A
jiim_ext_isic2019_split_08_seed_42_densenet121_A,extension,isic2019,densenet121,A,shared,9,2,60,635.2988164760172,after model/data-loader initialization through checkpoint hashing and metric export; perf_counter,NVIDIA GeForce RTX 4090 D,3.10.21,2.4.1+cu121,0.19.1+cu121,1.26.4,10.4.0,32,4,AdamW,0.0001,0.0001,False,research-lab/experiments/registered-workflow/extensions/jiim_2026_major_revision/runs/jiim_ext_isic2019_split_08_seed_42_densenet121_A
jiim_ext_isic2019_split_08_seed_52_densenet121_A,extension,isic2019,densenet121,A,shared,9,2,60,641.4049325287342,after model/data-loader initialization through checkpoint hashing and metric export; perf_counter,NVIDIA GeForce RTX 4090 D,3.10.21,2.4.1+cu121,0.19.1+cu121,1.26.4,10.4.0,32,4,AdamW,0.0001,0.0001,False,research-lab/experiments/registered-workflow/extensions/jiim_2026_major_revision/runs/jiim_ext_isic2019_split_08_seed_52_densenet121_A
jiim_ext_isic2019_split_08_seed_62_densenet121_A,extension,isic2019,densenet121,A,shared,9,2,60,640.2607165239751,after model/data-loader initialization through checkpoint hashing and metric export; perf_counter,NVIDIA GeForce RTX 4090 D,3.10.21,2.4.1+cu121,0.19.1+cu121,1.26.4,10.4.0,32,4,AdamW,0.0001,0.0001,False,research-lab/experiments/registered-workflow/extensions/jiim_2026_major_revision/runs/jiim_ext_isic2019_split_08_seed_62_densenet121_A
jiim_ext_isic2019_split_08_seed_42_efficientnet_b0_A,extension,isic2019,efficientnet_b0,A,shared,22,15,60,1544.1199039071798,after model/data-loader initialization through checkpoint hashing and metric export; perf_counter,NVIDIA GeForce RTX 4090 D,3.10.21,2.4.1+cu121,0.19.1+cu121,1.26.4,10.4.0,32,4,AdamW,0.0001,0.0001,False,research-lab/experiments/registered-workflow/extensions/jiim_2026_major_revision/runs/jiim_ext_isic2019_split_08_seed_42_efficientnet_b0_A
jiim_ext_isic2019_split_08_seed_52_efficientnet_b0_A,extension,isic2019,efficientnet_b0,A,shared,25,18,60,1761.6920229792595,after model/data-loader initialization through checkpoint hashing and metric export; perf_counter,NVIDIA GeForce RTX 4090 D,3.10.21,2.4.1+cu121,0.19.1+cu121,1.26.4,10.4.0,32,4,AdamW,0.0001,0.0001,False,research-lab/experiments/registered-workflow/extensions/jiim_2026_major_revision/runs/jiim_ext_isic2019_split_08_seed_52_efficientnet_b0_A
jiim_ext_isic2019_split_08_seed_62_efficientnet_b0_A,extension,isic2019,efficientnet_b0,A,shared,23,16,60,1448.5782768800855,after model/data-loader initialization through checkpoint hashing and metric export; perf_counter,NVIDIA GeForce RTX 4090 D,3.10.21,2.4.1+cu121,0.19.1+cu121,1.26.4,10.4.0,32,4,AdamW,0.0001,0.0001,False,research-lab/experiments/registered-workflow/extensions/jiim_2026_major_revision/runs/jiim_ext_isic2019_split_08_seed_62_efficientnet_b0_A
jiim_ext_isic2019_split_09_seed_42_resnet18_A,extension,isic2019,resnet18,A,shared,8,1,60,476.3836949020624,after model/data-loader initialization through checkpoint hashing and metric export; perf_counter,NVIDIA GeForce RTX 4090 D,3.10.21,2.4.1+cu121,0.19.1+cu121,1.26.4,10.4.0,32,4,AdamW,0.0001,0.0001,False,research-lab/experiments/registered-workflow/extensions/jiim_2026_major_revision/runs/jiim_ext_isic2019_split_09_seed_42_resnet18_A
jiim_ext_isic2019_split_09_seed_52_resnet18_A,extension,isic2019,resnet18,A,shared,9,2,60,549.3684529736638,after model/data-loader initialization through checkpoint hashing and metric export; perf_counter,NVIDIA GeForce RTX 4090 D,3.10.21,2.4.1+cu121,0.19.1+cu121,1.26.4,10.4.0,32,4,AdamW,0.0001,0.0001,False,research-lab/experiments/registered-workflow/extensions/jiim_2026_major_revision/runs/jiim_ext_isic2019_split_09_seed_52_resnet18_A
jiim_ext_isic2019_split_09_seed_62_resnet18_A,extension,isic2019,resnet18,A,shared,9,2,60,540.4815088286996,after model/data-loader initialization through checkpoint hashing and metric export; perf_counter,NVIDIA GeForce RTX 4090 D,3.10.21,2.4.1+cu121,0.19.1+cu121,1.26.4,10.4.0,32,4,AdamW,0.0001,0.0001,False,research-lab/experiments/registered-workflow/extensions/jiim_2026_major_revision/runs/jiim_ext_isic2019_split_09_seed_62_resnet18_A
jiim_ext_isic2019_split_09_seed_42_resnet50_A,extension,isic2019,resnet50,A,shared,8,1,60,485.17538456246257,after model/data-loader initialization through checkpoint hashing and metric export; perf_counter,NVIDIA GeForce RTX 4090 D,3.10.21,2.4.1+cu121,0.19.1+cu121,1.26.4,10.4.0,32,4,AdamW,0.0001,0.0001,False,research-lab/experiments/registered-workflow/extensions/jiim_2026_major_revision/runs/jiim_ext_isic2019_split_09_seed_42_resnet50_A
jiim_ext_isic2019_split_09_seed_52_resnet50_A,extension,isic2019,resnet50,A,shared,9,2,60,533.2981437370181,after model/data-loader initialization through checkpoint hashing and metric export; perf_counter,NVIDIA GeForce RTX 4090 D,3.10.21,2.4.1+cu121,0.19.1+cu121,1.26.4,10.4.0,32,4,AdamW,0.0001,0.0001,False,research-lab/experiments/registered-workflow/extensions/jiim_2026_major_revision/runs/jiim_ext_isic2019_split_09_seed_52_resnet50_A
jiim_ext_isic2019_split_09_seed_62_resnet50_A,extension,isic2019,resnet50,A,shared,9,2,60,538.38443460688,after model/data-loader initialization through checkpoint hashing and metric export; perf_counter,NVIDIA GeForce RTX 4090 D,3.10.21,2.4.1+cu121,0.19.1+cu121,1.26.4,10.4.0,32,4,AdamW,0.0001,0.0001,False,research-lab/experiments/registered-workflow/extensions/jiim_2026_major_revision/runs/jiim_ext_isic2019_split_09_seed_62_resnet50_A
jiim_ext_isic2019_split_09_seed_42_densenet121_A,extension,isic2019,densenet121,A,shared,11,4,60,706.7279464639723,after model/data-loader initialization through checkpoint hashing and metric export; perf_counter,NVIDIA GeForce RTX 4090 D,3.10.21,2.4.1+cu121,0.19.1+cu121,1.26.4,10.4.0,32,4,AdamW,0.0001,0.0001,False,research-lab/experiments/registered-workflow/extensions/jiim_2026_major_revision/runs/jiim_ext_isic2019_split_09_seed_42_densenet121_A
jiim_ext_isic2019_split_09_seed_52_densenet121_A,extension,isic2019,densenet121,A,shared,10,3,60,650.7687929533422,after model/data-loader initialization through checkpoint hashing and metric export; perf_counter,NVIDIA GeForce RTX 4090 D,3.10.21,2.4.1+cu121,0.19.1+cu121,1.26.4,10.4.0,32,4,AdamW,0.0001,0.0001,False,research-lab/experiments/registered-workflow/extensions/jiim_2026_major_revision/runs/jiim_ext_isic2019_split_09_seed_52_densenet121_A
jiim_ext_isic2019_split_09_seed_62_densenet121_A,extension,isic2019,densenet121,A,shared,9,2,60,582.5177018754184,after model/data-loader initialization through checkpoint hashing and metric export; perf_counter,NVIDIA GeForce RTX 4090 D,3.10.21,2.4.1+cu121,0.19.1+cu121,1.26.4,10.4.0,32,4,AdamW,0.0001,0.0001,False,research-lab/experiments/registered-workflow/extensions/jiim_2026_major_revision/runs/jiim_ext_isic2019_split_09_seed_62_densenet121_A
jiim_ext_isic2019_split_09_seed_42_efficientnet_b0_A,extension,isic2019,efficientnet_b0,A,shared,23,16,60,1519.6307267174125,after model/data-loader initialization through checkpoint hashing and metric export; perf_counter,NVIDIA GeForce RTX 4090 D,3.10.21,2.4.1+cu121,0.19.1+cu121,1.26.4,10.4.0,32,4,AdamW,0.0001,0.0001,False,research-lab/experiments/registered-workflow/extensions/jiim_2026_major_revision/runs/jiim_ext_isic2019_split_09_seed_42_efficientnet_b0_A
jiim_ext_isic2019_split_09_seed_52_efficientnet_b0_A,extension,isic2019,efficientnet_b0,A,shared,20,13,60,1358.4000548869371,after model/data-loader initialization through checkpoint hashing and metric export; perf_counter,NVIDIA GeForce RTX 4090 D,3.10.21,2.4.1+cu121,0.19.1+cu121,1.26.4,10.4.0,32,4,AdamW,0.0001,0.0001,False,research-lab/experiments/registered-workflow/extensions/jiim_2026_major_revision/runs/jiim_ext_isic2019_split_09_seed_52_efficientnet_b0_A
jiim_ext_isic2019_split_09_seed_62_efficientnet_b0_A,extension,isic2019,efficientnet_b0,A,shared,20,13,60,1286.27911041677,after model/data-loader initialization through checkpoint hashing and metric export; perf_counter,NVIDIA GeForce RTX 4090 D,3.10.21,2.4.1+cu121,0.19.1+cu121,1.26.4,10.4.0,32,4,AdamW,0.0001,0.0001,False,research-lab/experiments/registered-workflow/extensions/jiim_2026_major_revision/runs/jiim_ext_isic2019_split_09_seed_62_efficientnet_b0_A
jiim_ext_isic2019_split_10_seed_42_resnet18_A,extension,isic2019,resnet18,A,shared,8,1,60,480.33895015344024,after model/data-loader initialization through checkpoint hashing and metric export; perf_counter,NVIDIA GeForce RTX 4090 D,3.10.21,2.4.1+cu121,0.19.1+cu121,1.26.4,10.4.0,32,4,AdamW,0.0001,0.0001,False,research-lab/experiments/registered-workflow/extensions/jiim_2026_major_revision/runs/jiim_ext_isic2019_split_10_seed_42_resnet18_A
jiim_ext_isic2019_split_10_seed_52_resnet18_A,extension,isic2019,resnet18,A,shared,8,1,60,489.3114405050874,after model/data-loader initialization through checkpoint hashing and metric export; perf_counter,NVIDIA GeForce RTX 4090 D,3.10.21,2.4.1+cu121,0.19.1+cu121,1.26.4,10.4.0,32,4,AdamW,0.0001,0.0001,False,research-lab/experiments/registered-workflow/extensions/jiim_2026_major_revision/runs/jiim_ext_isic2019_split_10_seed_52_resnet18_A
jiim_ext_isic2019_split_10_seed_62_resnet18_A,extension,isic2019,resnet18,A,shared,9,2,60,527.8170657977462,after model/data-loader initialization through checkpoint hashing and metric export; perf_counter,NVIDIA GeForce RTX 4090 D,3.10.21,2.4.1+cu121,0.19.1+cu121,1.26.4,10.4.0,32,4,AdamW,0.0001,0.0001,False,research-lab/experiments/registered-workflow/extensions/jiim_2026_major_revision/runs/jiim_ext_isic2019_split_10_seed_62_resnet18_A
jiim_ext_isic2019_split_10_seed_42_resnet50_A,extension,isic2019,resnet50,A,shared,8,1,60,478.64537681266665,after model/data-loader initialization through checkpoint hashing and metric export; perf_counter,NVIDIA GeForce RTX 4090 D,3.10.21,2.4.1+cu121,0.19.1+cu121,1.26.4,10.4.0,32,4,AdamW,0.0001,0.0001,False,research-lab/experiments/registered-workflow/extensions/jiim_2026_major_revision/runs/jiim_ext_isic2019_split_10_seed_42_resnet50_A
jiim_ext_isic2019_split_10_seed_52_resnet50_A,extension,isic2019,resnet50,A,shared,9,2,60,543.0496059134603,after model/data-loader initialization through checkpoint hashing and metric export; perf_counter,NVIDIA GeForce RTX 4090 D,3.10.21,2.4.1+cu121,0.19.1+cu121,1.26.4,10.4.0,32,4,AdamW,0.0001,0.0001,False,research-lab/experiments/registered-workflow/extensions/jiim_2026_major_revision/runs/jiim_ext_isic2019_split_10_seed_52_resnet50_A
jiim_ext_isic2019_split_10_seed_62_resnet50_A,extension,isic2019,resnet50,A,shared,9,2,60,557.4158246777952,after model/data-loader initialization through checkpoint hashing and metric export; perf_counter,NVIDIA GeForce RTX 4090 D,3.10.21,2.4.1+cu121,0.19.1+cu121,1.26.4,10.4.0,32,4,AdamW,0.0001,0.0001,False,research-lab/experiments/registered-workflow/extensions/jiim_2026_major_revision/runs/jiim_ext_isic2019_split_10_seed_62_resnet50_A
jiim_ext_isic2019_split_10_seed_42_densenet121_A,extension,isic2019,densenet121,A,shared,10,3,60,662.4506849050522,after model/data-loader initialization through checkpoint hashing and metric export; perf_counter,NVIDIA GeForce RTX 4090 D,3.10.21,2.4.1+cu121,0.19.1+cu121,1.26.4,10.4.0,32,4,AdamW,0.0001,0.0001,False,research-lab/experiments/registered-workflow/extensions/jiim_2026_major_revision/runs/jiim_ext_isic2019_split_10_seed_42_densenet121_A
jiim_ext_isic2019_split_10_seed_52_densenet121_A,extension,isic2019,densenet121,A,shared,10,3,60,677.048312459141,after model/data-loader initialization through checkpoint hashing and metric export; perf_counter,NVIDIA GeForce RTX 4090 D,3.10.21,2.4.1+cu121,0.19.1+cu121,1.26.4,10.4.0,32,4,AdamW,0.0001,0.0001,False,research-lab/experiments/registered-workflow/extensions/jiim_2026_major_revision/runs/jiim_ext_isic2019_split_10_seed_52_densenet121_A
jiim_ext_isic2019_split_10_seed_62_densenet121_A,extension,isic2019,densenet121,A,shared,9,2,60,628.2287634313107,after model/data-loader initialization through checkpoint hashing and metric export; perf_counter,NVIDIA GeForce RTX 4090 D,3.10.21,2.4.1+cu121,0.19.1+cu121,1.26.4,10.4.0,32,4,AdamW,0.0001,0.0001,False,research-lab/experiments/registered-workflow/extensions/jiim_2026_major_revision/runs/jiim_ext_isic2019_split_10_seed_62_densenet121_A
jiim_ext_isic2019_split_10_seed_42_efficientnet_b0_A,extension,isic2019,efficientnet_b0,A,shared,25,18,60,1619.8697238862514,after model/data-loader initialization through checkpoint hashing and metric export; perf_counter,NVIDIA GeForce RTX 4090 D,3.10.21,2.4.1+cu121,0.19.1+cu121,1.26.4,10.4.0,32,4,AdamW,0.0001,0.0001,False,research-lab/experiments/registered-workflow/extensions/jiim_2026_major_revision/runs/jiim_ext_isic2019_split_10_seed_42_efficientnet_b0_A
jiim_ext_isic2019_split_10_seed_52_efficientnet_b0_A,extension,isic2019,efficientnet_b0,A,shared,22,15,60,1417.9122014902532,after model/data-loader initialization through checkpoint hashing and metric export; perf_counter,NVIDIA GeForce RTX 4090 D,3.10.21,2.4.1+cu121,0.19.1+cu121,1.26.4,10.4.0,32,4,AdamW,0.0001,0.0001,False,research-lab/experiments/registered-workflow/extensions/jiim_2026_major_revision/runs/jiim_ext_isic2019_split_10_seed_52_efficientnet_b0_A
jiim_ext_isic2019_split_10_seed_62_efficientnet_b0_A,extension,isic2019,efficientnet_b0,A,shared,24,17,60,1560.568927679211,after model/data-loader initialization through checkpoint hashing and metric export; perf_counter,NVIDIA GeForce RTX 4090 D,3.10.21,2.4.1+cu121,0.19.1+cu121,1.26.4,10.4.0,32,4,AdamW,0.0001,0.0001,False,research-lab/experiments/registered-workflow/extensions/jiim_2026_major_revision/runs/jiim_ext_isic2019_split_10_seed_62_efficientnet_b0_A
jiim_ext_mura_split_01_seed_42_resnet18_A,extension,mura,resnet18,A,shared,12,5,60,778.1673277914524,after model/data-loader initialization through checkpoint hashing and metric export; perf_counter,NVIDIA GeForce RTX 4090 D,3.10.21,2.4.1+cu121,0.19.1+cu121,1.26.4,10.4.0,32,4,AdamW,0.0001,0.0001,False,research-lab/experiments/registered-workflow/extensions/jiim_2026_major_revision/runs/jiim_ext_mura_split_01_seed_42_resnet18_A
jiim_ext_mura_split_01_seed_52_resnet18_A,extension,mura,resnet18,A,shared,13,6,60,724.2470178306103,after model/data-loader initialization through checkpoint hashing and metric export; perf_counter,NVIDIA GeForce RTX 4090 D,3.10.21,2.4.1+cu121,0.19.1+cu121,1.26.4,10.4.0,32,4,AdamW,0.0001,0.0001,False,research-lab/experiments/registered-workflow/extensions/jiim_2026_major_revision/runs/jiim_ext_mura_split_01_seed_52_resnet18_A
jiim_ext_mura_split_01_seed_62_resnet18_A,extension,mura,resnet18,A,shared,10,3,60,487.2532087787986,after model/data-loader initialization through checkpoint hashing and metric export; perf_counter,NVIDIA GeForce RTX 4090 D,3.10.21,2.4.1+cu121,0.19.1+cu121,1.26.4,10.4.0,32,4,AdamW,0.0001,0.0001,False,research-lab/experiments/registered-workflow/extensions/jiim_2026_major_revision/runs/jiim_ext_mura_split_01_seed_62_resnet18_A
jiim_ext_mura_split_01_seed_42_resnet50_A,extension,mura,resnet50,A,shared,9,2,60,445.6470065712929,after model/data-loader initialization through checkpoint hashing and metric export; perf_counter,NVIDIA GeForce RTX 4090 D,3.10.21,2.4.1+cu121,0.19.1+cu121,1.26.4,10.4.0,32,4,AdamW,0.0001,0.0001,False,research-lab/experiments/registered-workflow/extensions/jiim_2026_major_revision/runs/jiim_ext_mura_split_01_seed_42_resnet50_A
jiim_ext_mura_split_01_seed_52_resnet50_A,extension,mura,resnet50,A,shared,12,5,60,589.4529683031142,after model/data-loader initialization through checkpoint hashing and metric export; perf_counter,NVIDIA GeForce RTX 4090 D,3.10.21,2.4.1+cu121,0.19.1+cu121,1.26.4,10.4.0,32,4,AdamW,0.0001,0.0001,False,research-lab/experiments/registered-workflow/extensions/jiim_2026_major_revision/runs/jiim_ext_mura_split_01_seed_52_resnet50_A
jiim_ext_mura_split_01_seed_62_resnet50_A,extension,mura,resnet50,A,shared,11,4,60,552.1268894188106,after model/data-loader initialization through checkpoint hashing and metric export; perf_counter,NVIDIA GeForce RTX 4090 D,3.10.21,2.4.1+cu121,0.19.1+cu121,1.26.4,10.4.0,32,4,AdamW,0.0001,0.0001,False,research-lab/experiments/registered-workflow/extensions/jiim_2026_major_revision/runs/jiim_ext_mura_split_01_seed_62_resnet50_A
jiim_ext_mura_split_01_seed_42_densenet121_A,extension,mura,densenet121,A,shared,13,6,60,644.1294708997011,after model/data-loader initialization through checkpoint hashing and metric export; perf_counter,NVIDIA GeForce RTX 4090 D,3.10.21,2.4.1+cu121,0.19.1+cu121,1.26.4,10.4.0,32,4,AdamW,0.0001,0.0001,False,research-lab/experiments/registered-workflow/extensions/jiim_2026_major_revision/runs/jiim_ext_mura_split_01_seed_42_densenet121_A
jiim_ext_mura_split_01_seed_52_densenet121_A,extension,mura,densenet121,A,shared,13,6,60,709.2097848169506,after model/data-loader initialization through checkpoint hashing and metric export; perf_counter,NVIDIA GeForce RTX 4090 D,3.10.21,2.4.1+cu121,0.19.1+cu121,1.26.4,10.4.0,32,4,AdamW,0.0001,0.0001,False,research-lab/experiments/registered-workflow/extensions/jiim_2026_major_revision/runs/jiim_ext_mura_split_01_seed_52_densenet121_A
jiim_ext_mura_split_01_seed_62_densenet121_A,extension,mura,densenet121,A,shared,16,9,60,797.3237627260387,after model/data-loader initialization through checkpoint hashing and metric export; perf_counter,NVIDIA GeForce RTX 4090 D,3.10.21,2.4.1+cu121,0.19.1+cu121,1.26.4,10.4.0,32,4,AdamW,0.0001,0.0001,False,research-lab/experiments/registered-workflow/extensions/jiim_2026_major_revision/runs/jiim_ext_mura_split_01_seed_62_densenet121_A
jiim_ext_mura_split_01_seed_42_efficientnet_b0_A,extension,mura,efficientnet_b0,A,shared,36,29,60,1815.3754607364535,after model/data-loader initialization through checkpoint hashing and metric export; perf_counter,NVIDIA GeForce RTX 4090 D,3.10.21,2.4.1+cu121,0.19.1+cu121,1.26.4,10.4.0,32,4,AdamW,0.0001,0.0001,False,research-lab/experiments/registered-workflow/extensions/jiim_2026_major_revision/runs/jiim_ext_mura_split_01_seed_42_efficientnet_b0_A
jiim_ext_mura_split_01_seed_52_efficientnet_b0_A,extension,mura,efficientnet_b0,A,shared,36,29,60,1773.4466319605708,after model/data-loader initialization through checkpoint hashing and metric export; perf_counter,NVIDIA GeForce RTX 4090 D,3.10.21,2.4.1+cu121,0.19.1+cu121,1.26.4,10.4.0,32,4,AdamW,0.0001,0.0001,False,research-lab/experiments/registered-workflow/extensions/jiim_2026_major_revision/runs/jiim_ext_mura_split_01_seed_52_efficientnet_b0_A
jiim_ext_mura_split_01_seed_62_efficientnet_b0_A,extension,mura,efficientnet_b0,A,shared,28,21,60,1397.5059296935797,after model/data-loader initialization through checkpoint hashing and metric export; perf_counter,NVIDIA GeForce RTX 4090 D,3.10.21,2.4.1+cu121,0.19.1+cu121,1.26.4,10.4.0,32,4,AdamW,0.0001,0.0001,False,research-lab/experiments/registered-workflow/extensions/jiim_2026_major_revision/runs/jiim_ext_mura_split_01_seed_62_efficientnet_b0_A
jiim_ext_mura_split_01_seed_42_swin_t_A,extension,mura,swin_t,A,shared,12,5,60,600.9892112128437,after model/data-loader initialization through checkpoint hashing and metric export; perf_counter,NVIDIA GeForce RTX 4090 D,3.10.21,2.4.1+cu121,0.19.1+cu121,1.26.4,10.4.0,32,4,AdamW,0.0001,0.0001,False,research-lab/experiments/registered-workflow/extensions/jiim_2026_major_revision/runs/jiim_ext_mura_split_01_seed_42_swin_t_A
jiim_ext_mura_split_01_seed_52_swin_t_A,extension,mura,swin_t,A,shared,16,9,60,829.8777413479984,after model/data-loader initialization through checkpoint hashing and metric export; perf_counter,NVIDIA GeForce RTX 4090 D,3.10.21,2.4.1+cu121,0.19.1+cu121,1.26.4,10.4.0,32,4,AdamW,0.0001,0.0001,False,research-lab/experiments/registered-workflow/extensions/jiim_2026_major_revision/runs/jiim_ext_mura_split_01_seed_52_swin_t_A
jiim_ext_mura_split_01_seed_62_swin_t_A,extension,mura,swin_t,A,shared,16,9,60,794.6092262081802,after model/data-loader initialization through checkpoint hashing and metric export; perf_counter,NVIDIA GeForce RTX 4090 D,3.10.21,2.4.1+cu121,0.19.1+cu121,1.26.4,10.4.0,32,4,AdamW,0.0001,0.0001,False,research-lab/experiments/registered-workflow/extensions/jiim_2026_major_revision/runs/jiim_ext_mura_split_01_seed_62_swin_t_A
jiim_ext_mura_split_01_seed_42_swin_t_B,extension,mura,swin_t,A,swin_weight_eval,12,5,60,737.0323128141463,after model/data-loader initialization through checkpoint hashing and metric export; perf_counter,NVIDIA GeForce RTX 4090 D,3.10.21,2.4.1+cu121,0.19.1+cu121,1.26.4,10.4.0,32,4,AdamW,0.0001,0.0001,False,research-lab/experiments/registered-workflow/extensions/jiim_2026_major_revision/runs/jiim_ext_mura_split_01_seed_42_swin_t_B
jiim_ext_mura_split_01_seed_52_swin_t_B,extension,mura,swin_t,A,swin_weight_eval,16,9,60,938.2225219123065,after model/data-loader initialization through checkpoint hashing and metric export; perf_counter,NVIDIA GeForce RTX 4090 D,3.10.21,2.4.1+cu121,0.19.1+cu121,1.26.4,10.4.0,32,4,AdamW,0.0001,0.0001,False,research-lab/experiments/registered-workflow/extensions/jiim_2026_major_revision/runs/jiim_ext_mura_split_01_seed_52_swin_t_B
jiim_ext_mura_split_01_seed_62_swin_t_B,extension,mura,swin_t,A,swin_weight_eval,14,7,60,787.0192390531301,after model/data-loader initialization through checkpoint hashing and metric export; perf_counter,NVIDIA GeForce RTX 4090 D,3.10.21,2.4.1+cu121,0.19.1+cu121,1.26.4,10.4.0,32,4,AdamW,0.0001,0.0001,False,research-lab/experiments/registered-workflow/extensions/jiim_2026_major_revision/runs/jiim_ext_mura_split_01_seed_62_swin_t_B
jiim_ext_mura_split_02_seed_42_resnet18_A,extension,mura,resnet18,A,shared,12,5,60,606.6591876670718,after model/data-loader initialization through checkpoint hashing and metric export; perf_counter,NVIDIA GeForce RTX 4090 D,3.10.21,2.4.1+cu121,0.19.1+cu121,1.26.4,10.4.0,32,4,AdamW,0.0001,0.0001,False,research-lab/experiments/registered-workflow/extensions/jiim_2026_major_revision/runs/jiim_ext_mura_split_02_seed_42_resnet18_A
jiim_ext_mura_split_02_seed_52_resnet18_A,extension,mura,resnet18,A,shared,9,2,60,451.26473432034254,after model/data-loader initialization through checkpoint hashing and metric export; perf_counter,NVIDIA GeForce RTX 4090 D,3.10.21,2.4.1+cu121,0.19.1+cu121,1.26.4,10.4.0,32,4,AdamW,0.0001,0.0001,False,research-lab/experiments/registered-workflow/extensions/jiim_2026_major_revision/runs/jiim_ext_mura_split_02_seed_52_resnet18_A
jiim_ext_mura_split_02_seed_62_resnet18_A,extension,mura,resnet18,A,shared,11,4,60,544.357935346663,after model/data-loader initialization through checkpoint hashing and metric export; perf_counter,NVIDIA GeForce RTX 4090 D,3.10.21,2.4.1+cu121,0.19.1+cu121,1.26.4,10.4.0,32,4,AdamW,0.0001,0.0001,False,research-lab/experiments/registered-workflow/extensions/jiim_2026_major_revision/runs/jiim_ext_mura_split_02_seed_62_resnet18_A
jiim_ext_mura_split_02_seed_42_resnet50_A,extension,mura,resnet50,A,shared,11,4,60,542.7645959407091,after model/data-loader initialization through checkpoint hashing and metric export; perf_counter,NVIDIA GeForce RTX 4090 D,3.10.21,2.4.1+cu121,0.19.1+cu121,1.26.4,10.4.0,32,4,AdamW,0.0001,0.0001,False,research-lab/experiments/registered-workflow/extensions/jiim_2026_major_revision/runs/jiim_ext_mura_split_02_seed_42_resnet50_A
jiim_ext_mura_split_02_seed_52_resnet50_A,extension,mura,resnet50,A,shared,12,5,60,603.6498554311693,after model/data-loader initialization through checkpoint hashing and metric export; perf_counter,NVIDIA GeForce RTX 4090 D,3.10.21,2.4.1+cu121,0.19.1+cu121,1.26.4,10.4.0,32,4,AdamW,0.0001,0.0001,False,research-lab/experiments/registered-workflow/extensions/jiim_2026_major_revision/runs/jiim_ext_mura_split_02_seed_52_resnet50_A
jiim_ext_mura_split_02_seed_62_resnet50_A,extension,mura,resnet50,A,shared,11,4,60,548.7551934197545,after model/data-loader initialization through checkpoint hashing and metric export; perf_counter,NVIDIA GeForce RTX 4090 D,3.10.21,2.4.1+cu121,0.19.1+cu121,1.26.4,10.4.0,32,4,AdamW,0.0001,0.0001,False,research-lab/experiments/registered-workflow/extensions/jiim_2026_major_revision/runs/jiim_ext_mura_split_02_seed_62_resnet50_A
jiim_ext_mura_split_02_seed_42_densenet121_A,extension,mura,densenet121,A,shared,13,6,60,694.8310448825359,after model/data-loader initialization through checkpoint hashing and metric export; perf_counter,NVIDIA GeForce RTX 4090 D,3.10.21,2.4.1+cu121,0.19.1+cu121,1.26.4,10.4.0,32,4,AdamW,0.0001,0.0001,False,research-lab/experiments/registered-workflow/extensions/jiim_2026_major_revision/runs/jiim_ext_mura_split_02_seed_42_densenet121_A
jiim_ext_mura_split_02_seed_52_densenet121_A,extension,mura,densenet121,A,shared,14,7,60,686.0162056162953,after model/data-loader initialization through checkpoint hashing and metric export; perf_counter,NVIDIA GeForce RTX 4090 D,3.10.21,2.4.1+cu121,0.19.1+cu121,1.26.4,10.4.0,32,4,AdamW,0.0001,0.0001,False,research-lab/experiments/registered-workflow/extensions/jiim_2026_major_revision/runs/jiim_ext_mura_split_02_seed_52_densenet121_A
jiim_ext_mura_split_02_seed_62_densenet121_A,extension,mura,densenet121,A,shared,12,5,60,644.8754687309265,after model/data-loader initialization through checkpoint hashing and metric export; perf_counter,NVIDIA GeForce RTX 4090 D,3.10.21,2.4.1+cu121,0.19.1+cu121,1.26.4,10.4.0,32,4,AdamW,0.0001,0.0001,False,research-lab/experiments/registered-workflow/extensions/jiim_2026_major_revision/runs/jiim_ext_mura_split_02_seed_62_densenet121_A
jiim_ext_mura_split_02_seed_42_efficientnet_b0_A,extension,mura,efficientnet_b0,A,shared,40,33,60,1948.0690913200378,after model/data-loader initialization through checkpoint hashing and metric export; perf_counter,NVIDIA GeForce RTX 4090 D,3.10.21,2.4.1+cu121,0.19.1+cu121,1.26.4,10.4.0,32,4,AdamW,0.0001,0.0001,False,research-lab/experiments/registered-workflow/extensions/jiim_2026_major_revision/runs/jiim_ext_mura_split_02_seed_42_efficientnet_b0_A
jiim_ext_mura_split_02_seed_52_efficientnet_b0_A,extension,mura,efficientnet_b0,A,shared,27,20,60,1355.9178099371493,after model/data-loader initialization through checkpoint hashing and metric export; perf_counter,NVIDIA GeForce RTX 4090 D,3.10.21,2.4.1+cu121,0.19.1+cu121,1.26.4,10.4.0,32,4,AdamW,0.0001,0.0001,False,research-lab/experiments/registered-workflow/extensions/jiim_2026_major_revision/runs/jiim_ext_mura_split_02_seed_52_efficientnet_b0_A
jiim_ext_mura_split_02_seed_62_efficientnet_b0_A,extension,mura,efficientnet_b0,A,shared,29,22,60,1404.3163433857262,after model/data-loader initialization through checkpoint hashing and metric export; perf_counter,NVIDIA GeForce RTX 4090 D,3.10.21,2.4.1+cu121,0.19.1+cu121,1.26.4,10.4.0,32,4,AdamW,0.0001,0.0001,False,research-lab/experiments/registered-workflow/extensions/jiim_2026_major_revision/runs/jiim_ext_mura_split_02_seed_62_efficientnet_b0_A
jiim_ext_mura_split_02_seed_42_swin_t_A,extension,mura,swin_t,A,shared,15,8,60,759.7205632328987,after model/data-loader initialization through checkpoint hashing and metric export; perf_counter,NVIDIA GeForce RTX 4090 D,3.10.21,2.4.1+cu121,0.19.1+cu121,1.26.4,10.4.0,32,4,AdamW,0.0001,0.0001,False,research-lab/experiments/registered-workflow/extensions/jiim_2026_major_revision/runs/jiim_ext_mura_split_02_seed_42_swin_t_A
jiim_ext_mura_split_02_seed_52_swin_t_A,extension,mura,swin_t,A,shared,14,7,60,699.8128500841558,after model/data-loader initialization through checkpoint hashing and metric export; perf_counter,NVIDIA GeForce RTX 4090 D,3.10.21,2.4.1+cu121,0.19.1+cu121,1.26.4,10.4.0,32,4,AdamW,0.0001,0.0001,False,research-lab/experiments/registered-workflow/extensions/jiim_2026_major_revision/runs/jiim_ext_mura_split_02_seed_52_swin_t_A
jiim_ext_mura_split_02_seed_62_swin_t_A,extension,mura,swin_t,A,shared,12,5,60,626.0660226754844,after model/data-loader initialization through checkpoint hashing and metric export; perf_counter,NVIDIA GeForce RTX 4090 D,3.10.21,2.4.1+cu121,0.19.1+cu121,1.26.4,10.4.0,32,4,AdamW,0.0001,0.0001,False,research-lab/experiments/registered-workflow/extensions/jiim_2026_major_revision/runs/jiim_ext_mura_split_02_seed_62_swin_t_A
jiim_ext_mura_split_02_seed_42_swin_t_B,extension,mura,swin_t,A,swin_weight_eval,15,8,60,850.109304048121,after model/data-loader initialization through checkpoint hashing and metric export; perf_counter,NVIDIA GeForce RTX 4090 D,3.10.21,2.4.1+cu121,0.19.1+cu121,1.26.4,10.4.0,32,4,AdamW,0.0001,0.0001,False,research-lab/experiments/registered-workflow/extensions/jiim_2026_major_revision/runs/jiim_ext_mura_split_02_seed_42_swin_t_B
jiim_ext_mura_split_02_seed_52_swin_t_B,extension,mura,swin_t,A,swin_weight_eval,14,7,60,752.6938146054745,after model/data-loader initialization through checkpoint hashing and metric export; perf_counter,NVIDIA GeForce RTX 4090 D,3.10.21,2.4.1+cu121,0.19.1+cu121,1.26.4,10.4.0,32,4,AdamW,0.0001,0.0001,False,research-lab/experiments/registered-workflow/extensions/jiim_2026_major_revision/runs/jiim_ext_mura_split_02_seed_52_swin_t_B
jiim_ext_mura_split_02_seed_62_swin_t_B,extension,mura,swin_t,A,swin_weight_eval,12,5,60,685.8706519715488,after model/data-loader initialization through checkpoint hashing and metric export; perf_counter,NVIDIA GeForce RTX 4090 D,3.10.21,2.4.1+cu121,0.19.1+cu121,1.26.4,10.4.0,32,4,AdamW,0.0001,0.0001,False,research-lab/experiments/registered-workflow/extensions/jiim_2026_major_revision/runs/jiim_ext_mura_split_02_seed_62_swin_t_B
jiim_ext_mura_split_03_seed_42_resnet18_A,extension,mura,resnet18,A,shared,9,2,60,449.36496679484844,after model/data-loader initialization through checkpoint hashing and metric export; perf_counter,NVIDIA GeForce RTX 4090 D,3.10.21,2.4.1+cu121,0.19.1+cu121,1.26.4,10.4.0,32,4,AdamW,0.0001,0.0001,False,research-lab/experiments/registered-workflow/extensions/jiim_2026_major_revision/runs/jiim_ext_mura_split_03_seed_42_resnet18_A
jiim_ext_mura_split_03_seed_52_resnet18_A,extension,mura,resnet18,A,shared,10,3,60,504.39874441176653,after model/data-loader initialization through checkpoint hashing and metric export; perf_counter,NVIDIA GeForce RTX 4090 D,3.10.21,2.4.1+cu121,0.19.1+cu121,1.26.4,10.4.0,32,4,AdamW,0.0001,0.0001,False,research-lab/experiments/registered-workflow/extensions/jiim_2026_major_revision/runs/jiim_ext_mura_split_03_seed_52_resnet18_A
jiim_ext_mura_split_03_seed_62_resnet18_A,extension,mura,resnet18,A,shared,11,4,60,538.4359932169318,after model/data-loader initialization through checkpoint hashing and metric export; perf_counter,NVIDIA GeForce RTX 4090 D,3.10.21,2.4.1+cu121,0.19.1+cu121,1.26.4,10.4.0,32,4,AdamW,0.0001,0.0001,False,research-lab/experiments/registered-workflow/extensions/jiim_2026_major_revision/runs/jiim_ext_mura_split_03_seed_62_resnet18_A
jiim_ext_mura_split_03_seed_42_resnet50_A,extension,mura,resnet50,A,shared,12,5,60,597.6211773380637,after model/data-loader initialization through checkpoint hashing and metric export; perf_counter,NVIDIA GeForce RTX 4090 D,3.10.21,2.4.1+cu121,0.19.1+cu121,1.26.4,10.4.0,32,4,AdamW,0.0001,0.0001,False,research-lab/experiments/registered-workflow/extensions/jiim_2026_major_revision/runs/jiim_ext_mura_split_03_seed_42_resnet50_A
jiim_ext_mura_split_03_seed_52_resnet50_A,extension,mura,resnet50,A,shared,11,4,60,554.611601959914,after model/data-loader initialization through checkpoint hashing and metric export; perf_counter,NVIDIA GeForce RTX 4090 D,3.10.21,2.4.1+cu121,0.19.1+cu121,1.26.4,10.4.0,32,4,AdamW,0.0001,0.0001,False,research-lab/experiments/registered-workflow/extensions/jiim_2026_major_revision/runs/jiim_ext_mura_split_03_seed_52_resnet50_A
jiim_ext_mura_split_03_seed_62_resnet50_A,extension,mura,resnet50,A,shared,11,4,60,559.6046332493424,after model/data-loader initialization through checkpoint hashing and metric export; perf_counter,NVIDIA GeForce RTX 4090 D,3.10.21,2.4.1+cu121,0.19.1+cu121,1.26.4,10.4.0,32,4,AdamW,0.0001,0.0001,False,research-lab/experiments/registered-workflow/extensions/jiim_2026_major_revision/runs/jiim_ext_mura_split_03_seed_62_resnet50_A
jiim_ext_mura_split_03_seed_42_densenet121_A,extension,mura,densenet121,A,shared,14,7,60,689.9858781248331,after model/data-loader initialization through checkpoint hashing and metric export; perf_counter,NVIDIA GeForce RTX 4090 D,3.10.21,2.4.1+cu121,0.19.1+cu121,1.26.4,10.4.0,32,4,AdamW,0.0001,0.0001,False,research-lab/experiments/registered-workflow/extensions/jiim_2026_major_revision/runs/jiim_ext_mura_split_03_seed_42_densenet121_A
jiim_ext_mura_split_03_seed_52_densenet121_A,extension,mura,densenet121,A,shared,10,3,60,524.5573945194483,after model/data-loader initialization through checkpoint hashing and metric export; perf_counter,NVIDIA GeForce RTX 4090 D,3.10.21,2.4.1+cu121,0.19.1+cu121,1.26.4,10.4.0,32,4,AdamW,0.0001,0.0001,False,research-lab/experiments/registered-workflow/extensions/jiim_2026_major_revision/runs/jiim_ext_mura_split_03_seed_52_densenet121_A
jiim_ext_mura_split_03_seed_62_densenet121_A,extension,mura,densenet121,A,shared,11,4,60,540.7745605036616,after model/data-loader initialization through checkpoint hashing and metric export; perf_counter,NVIDIA GeForce RTX 4090 D,3.10.21,2.4.1+cu121,0.19.1+cu121,1.26.4,10.4.0,32,4,AdamW,0.0001,0.0001,False,research-lab/experiments/registered-workflow/extensions/jiim_2026_major_revision/runs/jiim_ext_mura_split_03_seed_62_densenet121_A
jiim_ext_mura_split_03_seed_42_efficientnet_b0_A,extension,mura,efficientnet_b0,A,shared,33,26,60,1619.1817288510501,after model/data-loader initialization through checkpoint hashing and metric export; perf_counter,NVIDIA GeForce RTX 4090 D,3.10.21,2.4.1+cu121,0.19.1+cu121,1.26.4,10.4.0,32,4,AdamW,0.0001,0.0001,False,research-lab/experiments/registered-workflow/extensions/jiim_2026_major_revision/runs/jiim_ext_mura_split_03_seed_42_efficientnet_b0_A
jiim_ext_mura_split_03_seed_52_efficientnet_b0_A,extension,mura,efficientnet_b0,A,shared,35,28,60,1709.1028517335653,after model/data-loader initialization through checkpoint hashing and metric export; perf_counter,NVIDIA GeForce RTX 4090 D,3.10.21,2.4.1+cu121,0.19.1+cu121,1.26.4,10.4.0,32,4,AdamW,0.0001,0.0001,False,research-lab/experiments/registered-workflow/extensions/jiim_2026_major_revision/runs/jiim_ext_mura_split_03_seed_52_efficientnet_b0_A
jiim_ext_mura_split_03_seed_62_efficientnet_b0_A,extension,mura,efficientnet_b0,A,shared,40,33,60,1978.6651726998389,after model/data-loader initialization through checkpoint hashing and metric export; perf_counter,NVIDIA GeForce RTX 4090 D,3.10.21,2.4.1+cu121,0.19.1+cu121,1.26.4,10.4.0,32,4,AdamW,0.0001,0.0001,False,research-lab/experiments/registered-workflow/extensions/jiim_2026_major_revision/runs/jiim_ext_mura_split_03_seed_62_efficientnet_b0_A
jiim_ext_mura_split_03_seed_42_swin_t_A,extension,mura,swin_t,A,shared,16,9,60,790.5207161270082,after model/data-loader initialization through checkpoint hashing and metric export; perf_counter,NVIDIA GeForce RTX 4090 D,3.10.21,2.4.1+cu121,0.19.1+cu121,1.26.4,10.4.0,32,4,AdamW,0.0001,0.0001,False,research-lab/experiments/registered-workflow/extensions/jiim_2026_major_revision/runs/jiim_ext_mura_split_03_seed_42_swin_t_A
jiim_ext_mura_split_03_seed_52_swin_t_A,extension,mura,swin_t,A,shared,14,7,60,721.2007764093578,after model/data-loader initialization through checkpoint hashing and metric export; perf_counter,NVIDIA GeForce RTX 4090 D,3.10.21,2.4.1+cu121,0.19.1+cu121,1.26.4,10.4.0,32,4,AdamW,0.0001,0.0001,False,research-lab/experiments/registered-workflow/extensions/jiim_2026_major_revision/runs/jiim_ext_mura_split_03_seed_52_swin_t_A
jiim_ext_mura_split_03_seed_62_swin_t_A,extension,mura,swin_t,A,shared,15,8,60,749.3121495358646,after model/data-loader initialization through checkpoint hashing and metric export; perf_counter,NVIDIA GeForce RTX 4090 D,3.10.21,2.4.1+cu121,0.19.1+cu121,1.26.4,10.4.0,32,4,AdamW,0.0001,0.0001,False,research-lab/experiments/registered-workflow/extensions/jiim_2026_major_revision/runs/jiim_ext_mura_split_03_seed_62_swin_t_A
jiim_ext_mura_split_03_seed_42_swin_t_B,extension,mura,swin_t,A,swin_weight_eval,16,9,60,864.1932500563562,after model/data-loader initialization through checkpoint hashing and metric export; perf_counter,NVIDIA GeForce RTX 4090 D,3.10.21,2.4.1+cu121,0.19.1+cu121,1.26.4,10.4.0,32,4,AdamW,0.0001,0.0001,False,research-lab/experiments/registered-workflow/extensions/jiim_2026_major_revision/runs/jiim_ext_mura_split_03_seed_42_swin_t_B
jiim_ext_mura_split_03_seed_52_swin_t_B,extension,mura,swin_t,A,swin_weight_eval,12,5,60,700.6674848496914,after model/data-loader initialization through checkpoint hashing and metric export; perf_counter,NVIDIA GeForce RTX 4090 D,3.10.21,2.4.1+cu121,0.19.1+cu121,1.26.4,10.4.0,32,4,AdamW,0.0001,0.0001,False,research-lab/experiments/registered-workflow/extensions/jiim_2026_major_revision/runs/jiim_ext_mura_split_03_seed_52_swin_t_B
jiim_ext_mura_split_03_seed_62_swin_t_B,extension,mura,swin_t,A,swin_weight_eval,15,8,60,809.5347751900554,after model/data-loader initialization through checkpoint hashing and metric export; perf_counter,NVIDIA GeForce RTX 4090 D,3.10.21,2.4.1+cu121,0.19.1+cu121,1.26.4,10.4.0,32,4,AdamW,0.0001,0.0001,False,research-lab/experiments/registered-workflow/extensions/jiim_2026_major_revision/runs/jiim_ext_mura_split_03_seed_62_swin_t_B
jiim_ext_mura_split_04_seed_42_resnet18_A,extension,mura,resnet18,A,shared,10,3,60,530.9809523895383,after model/data-loader initialization through checkpoint hashing and metric export; perf_counter,NVIDIA GeForce RTX 4090 D,3.10.21,2.4.1+cu121,0.19.1+cu121,1.26.4,10.4.0,32,4,AdamW,0.0001,0.0001,False,research-lab/experiments/registered-workflow/extensions/jiim_2026_major_revision/runs/jiim_ext_mura_split_04_seed_42_resnet18_A
jiim_ext_mura_split_04_seed_52_resnet18_A,extension,mura,resnet18,A,shared,10,3,60,511.36912793666124,after model/data-loader initialization through checkpoint hashing and metric export; perf_counter,NVIDIA GeForce RTX 4090 D,3.10.21,2.4.1+cu121,0.19.1+cu121,1.26.4,10.4.0,32,4,AdamW,0.0001,0.0001,False,research-lab/experiments/registered-workflow/extensions/jiim_2026_major_revision/runs/jiim_ext_mura_split_04_seed_52_resnet18_A
jiim_ext_mura_split_04_seed_62_resnet18_A,extension,mura,resnet18,A,shared,11,4,60,575.9620932266116,after model/data-loader initialization through checkpoint hashing and metric export; perf_counter,NVIDIA GeForce RTX 4090 D,3.10.21,2.4.1+cu121,0.19.1+cu121,1.26.4,10.4.0,32,4,AdamW,0.0001,0.0001,False,research-lab/experiments/registered-workflow/extensions/jiim_2026_major_revision/runs/jiim_ext_mura_split_04_seed_62_resnet18_A
jiim_ext_mura_split_04_seed_42_resnet50_A,extension,mura,resnet50,A,shared,10,3,60,497.9706582464278,after model/data-loader initialization through checkpoint hashing and metric export; perf_counter,NVIDIA GeForce RTX 4090 D,3.10.21,2.4.1+cu121,0.19.1+cu121,1.26.4,10.4.0,32,4,AdamW,0.0001,0.0001,False,research-lab/experiments/registered-workflow/extensions/jiim_2026_major_revision/runs/jiim_ext_mura_split_04_seed_42_resnet50_A
jiim_ext_mura_split_04_seed_52_resnet50_A,extension,mura,resnet50,A,shared,11,4,60,593.9455691799521,after model/data-loader initialization through checkpoint hashing and metric export; perf_counter,NVIDIA GeForce RTX 4090 D,3.10.21,2.4.1+cu121,0.19.1+cu121,1.26.4,10.4.0,32,4,AdamW,0.0001,0.0001,False,research-lab/experiments/registered-workflow/extensions/jiim_2026_major_revision/runs/jiim_ext_mura_split_04_seed_52_resnet50_A
jiim_ext_mura_split_04_seed_62_resnet50_A,extension,mura,resnet50,A,shared,10,3,60,579.7193645462394,after model/data-loader initialization through checkpoint hashing and metric export; perf_counter,NVIDIA GeForce RTX 4090 D,3.10.21,2.4.1+cu121,0.19.1+cu121,1.26.4,10.4.0,32,4,AdamW,0.0001,0.0001,False,research-lab/experiments/registered-workflow/extensions/jiim_2026_major_revision/runs/jiim_ext_mura_split_04_seed_62_resnet50_A
jiim_ext_mura_split_04_seed_42_densenet121_A,extension,mura,densenet121,A,shared,12,5,60,651.1505875103176,after model/data-loader initialization through checkpoint hashing and metric export; perf_counter,NVIDIA GeForce RTX 4090 D,3.10.21,2.4.1+cu121,0.19.1+cu121,1.26.4,10.4.0,32,4,AdamW,0.0001,0.0001,False,research-lab/experiments/registered-workflow/extensions/jiim_2026_major_revision/runs/jiim_ext_mura_split_04_seed_42_densenet121_A
jiim_ext_mura_split_04_seed_52_densenet121_A,extension,mura,densenet121,A,shared,12,5,60,598.7324856221676,after model/data-loader initialization through checkpoint hashing and metric export; perf_counter,NVIDIA GeForce RTX 4090 D,3.10.21,2.4.1+cu121,0.19.1+cu121,1.26.4,10.4.0,32,4,AdamW,0.0001,0.0001,False,research-lab/experiments/registered-workflow/extensions/jiim_2026_major_revision/runs/jiim_ext_mura_split_04_seed_52_densenet121_A
jiim_ext_mura_split_04_seed_62_densenet121_A,extension,mura,densenet121,A,shared,12,5,60,616.8495728708804,after model/data-loader initialization through checkpoint hashing and metric export; perf_counter,NVIDIA GeForce RTX 4090 D,3.10.21,2.4.1+cu121,0.19.1+cu121,1.26.4,10.4.0,32,4,AdamW,0.0001,0.0001,False,research-lab/experiments/registered-workflow/extensions/jiim_2026_major_revision/runs/jiim_ext_mura_split_04_seed_62_densenet121_A
jiim_ext_mura_split_04_seed_42_efficientnet_b0_A,extension,mura,efficientnet_b0,A,shared,34,27,60,1731.7006271146238,after model/data-loader initialization through checkpoint hashing and metric export; perf_counter,NVIDIA GeForce RTX 4090 D,3.10.21,2.4.1+cu121,0.19.1+cu121,1.26.4,10.4.0,32,4,AdamW,0.0001,0.0001,False,research-lab/experiments/registered-workflow/extensions/jiim_2026_major_revision/runs/jiim_ext_mura_split_04_seed_42_efficientnet_b0_A
jiim_ext_mura_split_04_seed_52_efficientnet_b0_A,extension,mura,efficientnet_b0,A,shared,33,26,60,1627.2896014489233,after model/data-loader initialization through checkpoint hashing and metric export; perf_counter,NVIDIA GeForce RTX 4090 D,3.10.21,2.4.1+cu121,0.19.1+cu121,1.26.4,10.4.0,32,4,AdamW,0.0001,0.0001,False,research-lab/experiments/registered-workflow/extensions/jiim_2026_major_revision/runs/jiim_ext_mura_split_04_seed_52_efficientnet_b0_A
jiim_ext_mura_split_04_seed_62_efficientnet_b0_A,extension,mura,efficientnet_b0,A,shared,36,29,60,1815.6333441920578,after model/data-loader initialization through checkpoint hashing and metric export; perf_counter,NVIDIA GeForce RTX 4090 D,3.10.21,2.4.1+cu121,0.19.1+cu121,1.26.4,10.4.0,32,4,AdamW,0.0001,0.0001,False,research-lab/experiments/registered-workflow/extensions/jiim_2026_major_revision/runs/jiim_ext_mura_split_04_seed_62_efficientnet_b0_A
jiim_ext_mura_split_04_seed_42_swin_t_A,extension,mura,swin_t,A,shared,13,6,60,703.5322322100401,after model/data-loader initialization through checkpoint hashing and metric export; perf_counter,NVIDIA GeForce RTX 4090 D,3.10.21,2.4.1+cu121,0.19.1+cu121,1.26.4,10.4.0,32,4,AdamW,0.0001,0.0001,False,research-lab/experiments/registered-workflow/extensions/jiim_2026_major_revision/runs/jiim_ext_mura_split_04_seed_42_swin_t_A
jiim_ext_mura_split_04_seed_52_swin_t_A,extension,mura,swin_t,A,shared,15,8,60,841.8017944693565,after model/data-loader initialization through checkpoint hashing and metric export; perf_counter,NVIDIA GeForce RTX 4090 D,3.10.21,2.4.1+cu121,0.19.1+cu121,1.26.4,10.4.0,32,4,AdamW,0.0001,0.0001,False,research-lab/experiments/registered-workflow/extensions/jiim_2026_major_revision/runs/jiim_ext_mura_split_04_seed_52_swin_t_A
jiim_ext_mura_split_04_seed_62_swin_t_A,extension,mura,swin_t,A,shared,16,9,60,904.1211316846311,after model/data-loader initialization through checkpoint hashing and metric export; perf_counter,NVIDIA GeForce RTX 4090 D,3.10.21,2.4.1+cu121,0.19.1+cu121,1.26.4,10.4.0,32,4,AdamW,0.0001,0.0001,False,research-lab/experiments/registered-workflow/extensions/jiim_2026_major_revision/runs/jiim_ext_mura_split_04_seed_62_swin_t_A
jiim_ext_mura_split_04_seed_42_swin_t_B,extension,mura,swin_t,A,swin_weight_eval,13,6,60,704.9258108213544,after model/data-loader initialization through checkpoint hashing and metric export; perf_counter,NVIDIA GeForce RTX 4090 D,3.10.21,2.4.1+cu121,0.19.1+cu121,1.26.4,10.4.0,32,4,AdamW,0.0001,0.0001,False,research-lab/experiments/registered-workflow/extensions/jiim_2026_major_revision/runs/jiim_ext_mura_split_04_seed_42_swin_t_B
jiim_ext_mura_split_04_seed_52_swin_t_B,extension,mura,swin_t,A,swin_weight_eval,16,9,60,895.6094838902354,after model/data-loader initialization through checkpoint hashing and metric export; perf_counter,NVIDIA GeForce RTX 4090 D,3.10.21,2.4.1+cu121,0.19.1+cu121,1.26.4,10.4.0,32,4,AdamW,0.0001,0.0001,False,research-lab/experiments/registered-workflow/extensions/jiim_2026_major_revision/runs/jiim_ext_mura_split_04_seed_52_swin_t_B
jiim_ext_mura_split_04_seed_62_swin_t_B,extension,mura,swin_t,A,swin_weight_eval,16,9,60,912.8292344547808,after model/data-loader initialization through checkpoint hashing and metric export; perf_counter,NVIDIA GeForce RTX 4090 D,3.10.21,2.4.1+cu121,0.19.1+cu121,1.26.4,10.4.0,32,4,AdamW,0.0001,0.0001,False,research-lab/experiments/registered-workflow/extensions/jiim_2026_major_revision/runs/jiim_ext_mura_split_04_seed_62_swin_t_B
jiim_ext_mura_split_05_seed_42_resnet18_A,extension,mura,resnet18,A,shared,11,4,60,636.5360969752073,after model/data-loader initialization through checkpoint hashing and metric export; perf_counter,NVIDIA GeForce RTX 4090 D,3.10.21,2.4.1+cu121,0.19.1+cu121,1.26.4,10.4.0,32,4,AdamW,0.0001,0.0001,False,research-lab/experiments/registered-workflow/extensions/jiim_2026_major_revision/runs/jiim_ext_mura_split_05_seed_42_resnet18_A
jiim_ext_mura_split_05_seed_52_resnet18_A,extension,mura,resnet18,A,shared,11,4,60,673.990610934794,after model/data-loader initialization through checkpoint hashing and metric export; perf_counter,NVIDIA GeForce RTX 4090 D,3.10.21,2.4.1+cu121,0.19.1+cu121,1.26.4,10.4.0,32,4,AdamW,0.0001,0.0001,False,research-lab/experiments/registered-workflow/extensions/jiim_2026_major_revision/runs/jiim_ext_mura_split_05_seed_52_resnet18_A
jiim_ext_mura_split_05_seed_62_resnet18_A,extension,mura,resnet18,A,shared,12,5,60,716.7446725331247,after model/data-loader initialization through checkpoint hashing and metric export; perf_counter,NVIDIA GeForce RTX 4090 D,3.10.21,2.4.1+cu121,0.19.1+cu121,1.26.4,10.4.0,32,4,AdamW,0.0001,0.0001,False,research-lab/experiments/registered-workflow/extensions/jiim_2026_major_revision/runs/jiim_ext_mura_split_05_seed_62_resnet18_A
jiim_ext_mura_split_05_seed_42_resnet50_A,extension,mura,resnet50,A,shared,12,5,60,687.216365788132,after model/data-loader initialization through checkpoint hashing and metric export; perf_counter,NVIDIA GeForce RTX 4090 D,3.10.21,2.4.1+cu121,0.19.1+cu121,1.26.4,10.4.0,32,4,AdamW,0.0001,0.0001,False,research-lab/experiments/registered-workflow/extensions/jiim_2026_major_revision/runs/jiim_ext_mura_split_05_seed_42_resnet50_A
jiim_ext_mura_split_05_seed_52_resnet50_A,extension,mura,resnet50,A,shared,11,4,60,640.1566381342709,after model/data-loader initialization through checkpoint hashing and metric export; perf_counter,NVIDIA GeForce RTX 4090 D,3.10.21,2.4.1+cu121,0.19.1+cu121,1.26.4,10.4.0,32,4,AdamW,0.0001,0.0001,False,research-lab/experiments/registered-workflow/extensions/jiim_2026_major_revision/runs/jiim_ext_mura_split_05_seed_52_resnet50_A
jiim_ext_mura_split_05_seed_62_resnet50_A,extension,mura,resnet50,A,shared,12,5,60,627.2127436287701,after model/data-loader initialization through checkpoint hashing and metric export; perf_counter,NVIDIA GeForce RTX 4090 D,3.10.21,2.4.1+cu121,0.19.1+cu121,1.26.4,10.4.0,32,4,AdamW,0.0001,0.0001,False,research-lab/experiments/registered-workflow/extensions/jiim_2026_major_revision/runs/jiim_ext_mura_split_05_seed_62_resnet50_A
jiim_ext_mura_split_05_seed_42_densenet121_A,extension,mura,densenet121,A,shared,14,7,60,826.1754358448088,after model/data-loader initialization through checkpoint hashing and metric export; perf_counter,NVIDIA GeForce RTX 4090 D,3.10.21,2.4.1+cu121,0.19.1+cu121,1.26.4,10.4.0,32,4,AdamW,0.0001,0.0001,False,research-lab/experiments/registered-workflow/extensions/jiim_2026_major_revision/runs/jiim_ext_mura_split_05_seed_42_densenet121_A
jiim_ext_mura_split_05_seed_52_densenet121_A,extension,mura,densenet121,A,shared,15,8,60,906.3396933339536,after model/data-loader initialization through checkpoint hashing and metric export; perf_counter,NVIDIA GeForce RTX 4090 D,3.10.21,2.4.1+cu121,0.19.1+cu121,1.26.4,10.4.0,32,4,AdamW,0.0001,0.0001,False,research-lab/experiments/registered-workflow/extensions/jiim_2026_major_revision/runs/jiim_ext_mura_split_05_seed_52_densenet121_A
jiim_ext_mura_split_05_seed_62_densenet121_A,extension,mura,densenet121,A,shared,11,4,60,652.3760983161628,after model/data-loader initialization through checkpoint hashing and metric export; perf_counter,NVIDIA GeForce RTX 4090 D,3.10.21,2.4.1+cu121,0.19.1+cu121,1.26.4,10.4.0,32,4,AdamW,0.0001,0.0001,False,research-lab/experiments/registered-workflow/extensions/jiim_2026_major_revision/runs/jiim_ext_mura_split_05_seed_62_densenet121_A
jiim_ext_mura_split_05_seed_42_efficientnet_b0_A,extension,mura,efficientnet_b0,A,shared,40,33,60,2194.655548505485,after model/data-loader initialization through checkpoint hashing and metric export; perf_counter,NVIDIA GeForce RTX 4090 D,3.10.21,2.4.1+cu121,0.19.1+cu121,1.26.4,10.4.0,32,4,AdamW,0.0001,0.0001,False,research-lab/experiments/registered-workflow/extensions/jiim_2026_major_revision/runs/jiim_ext_mura_split_05_seed_42_efficientnet_b0_A
jiim_ext_mura_split_05_seed_52_efficientnet_b0_A,extension,mura,efficientnet_b0,A,shared,34,27,60,1947.0260238721967,after model/data-loader initialization through checkpoint hashing and metric export; perf_counter,NVIDIA GeForce RTX 4090 D,3.10.21,2.4.1+cu121,0.19.1+cu121,1.26.4,10.4.0,32,4,AdamW,0.0001,0.0001,False,research-lab/experiments/registered-workflow/extensions/jiim_2026_major_revision/runs/jiim_ext_mura_split_05_seed_52_efficientnet_b0_A
jiim_ext_mura_split_05_seed_62_efficientnet_b0_A,extension,mura,efficientnet_b0,A,shared,32,25,60,1814.035551302135,after model/data-loader initialization through checkpoint hashing and metric export; perf_counter,NVIDIA GeForce RTX 4090 D,3.10.21,2.4.1+cu121,0.19.1+cu121,1.26.4,10.4.0,32,4,AdamW,0.0001,0.0001,False,research-lab/experiments/registered-workflow/extensions/jiim_2026_major_revision/runs/jiim_ext_mura_split_05_seed_62_efficientnet_b0_A
jiim_ext_mura_split_05_seed_42_swin_t_A,extension,mura,swin_t,A,shared,13,6,60,735.4643725268543,after model/data-loader initialization through checkpoint hashing and metric export; perf_counter,NVIDIA GeForce RTX 4090 D,3.10.21,2.4.1+cu121,0.19.1+cu121,1.26.4,10.4.0,32,4,AdamW,0.0001,0.0001,False,research-lab/experiments/registered-workflow/extensions/jiim_2026_major_revision/runs/jiim_ext_mura_split_05_seed_42_swin_t_A
jiim_ext_mura_split_05_seed_52_swin_t_A,extension,mura,swin_t,A,shared,13,6,60,674.5139162093401,after model/data-loader initialization through checkpoint hashing and metric export; perf_counter,NVIDIA GeForce RTX 4090 D,3.10.21,2.4.1+cu121,0.19.1+cu121,1.26.4,10.4.0,32,4,AdamW,0.0001,0.0001,False,research-lab/experiments/registered-workflow/extensions/jiim_2026_major_revision/runs/jiim_ext_mura_split_05_seed_52_swin_t_A
jiim_ext_mura_split_05_seed_62_swin_t_A,extension,mura,swin_t,A,shared,12,5,60,596.4698043614626,after model/data-loader initialization through checkpoint hashing and metric export; perf_counter,NVIDIA GeForce RTX 4090 D,3.10.21,2.4.1+cu121,0.19.1+cu121,1.26.4,10.4.0,32,4,AdamW,0.0001,0.0001,False,research-lab/experiments/registered-workflow/extensions/jiim_2026_major_revision/runs/jiim_ext_mura_split_05_seed_62_swin_t_A
jiim_ext_mura_split_05_seed_42_swin_t_B,extension,mura,swin_t,A,swin_weight_eval,13,6,60,691.3947198539972,after model/data-loader initialization through checkpoint hashing and metric export; perf_counter,NVIDIA GeForce RTX 4090 D,3.10.21,2.4.1+cu121,0.19.1+cu121,1.26.4,10.4.0,32,4,AdamW,0.0001,0.0001,False,research-lab/experiments/registered-workflow/extensions/jiim_2026_major_revision/runs/jiim_ext_mura_split_05_seed_42_swin_t_B
jiim_ext_mura_split_05_seed_52_swin_t_B,extension,mura,swin_t,A,swin_weight_eval,13,6,60,719.48211087659,after model/data-loader initialization through checkpoint hashing and metric export; perf_counter,NVIDIA GeForce RTX 4090 D,3.10.21,2.4.1+cu121,0.19.1+cu121,1.26.4,10.4.0,32,4,AdamW,0.0001,0.0001,False,research-lab/experiments/registered-workflow/extensions/jiim_2026_major_revision/runs/jiim_ext_mura_split_05_seed_52_swin_t_B
jiim_ext_mura_split_05_seed_62_swin_t_B,extension,mura,swin_t,A,swin_weight_eval,12,5,60,659.4185142405331,after model/data-loader initialization through checkpoint hashing and metric export; perf_counter,NVIDIA GeForce RTX 4090 D,3.10.21,2.4.1+cu121,0.19.1+cu121,1.26.4,10.4.0,32,4,AdamW,0.0001,0.0001,False,research-lab/experiments/registered-workflow/extensions/jiim_2026_major_revision/runs/jiim_ext_mura_split_05_seed_62_swin_t_B
jiim_ext_mura_split_06_seed_42_resnet18_A,extension,mura,resnet18,A,shared,10,3,60,533.9471865147352,after model/data-loader initialization through checkpoint hashing and metric export; perf_counter,NVIDIA GeForce RTX 4090 D,3.10.21,2.4.1+cu121,0.19.1+cu121,1.26.4,10.4.0,32,4,AdamW,0.0001,0.0001,False,research-lab/experiments/registered-workflow/extensions/jiim_2026_major_revision/runs/jiim_ext_mura_split_06_seed_42_resnet18_A
jiim_ext_mura_split_06_seed_52_resnet18_A,extension,mura,resnet18,A,shared,9,2,60,457.36211832612753,after model/data-loader initialization through checkpoint hashing and metric export; perf_counter,NVIDIA GeForce RTX 4090 D,3.10.21,2.4.1+cu121,0.19.1+cu121,1.26.4,10.4.0,32,4,AdamW,0.0001,0.0001,False,research-lab/experiments/registered-workflow/extensions/jiim_2026_major_revision/runs/jiim_ext_mura_split_06_seed_52_resnet18_A
jiim_ext_mura_split_06_seed_62_resnet18_A,extension,mura,resnet18,A,shared,11,4,60,602.4245754145086,after model/data-loader initialization through checkpoint hashing and metric export; perf_counter,NVIDIA GeForce RTX 4090 D,3.10.21,2.4.1+cu121,0.19.1+cu121,1.26.4,10.4.0,32,4,AdamW,0.0001,0.0001,False,research-lab/experiments/registered-workflow/extensions/jiim_2026_major_revision/runs/jiim_ext_mura_split_06_seed_62_resnet18_A
jiim_ext_mura_split_06_seed_42_resnet50_A,extension,mura,resnet50,A,shared,11,4,60,558.1421670801938,after model/data-loader initialization through checkpoint hashing and metric export; perf_counter,NVIDIA GeForce RTX 4090 D,3.10.21,2.4.1+cu121,0.19.1+cu121,1.26.4,10.4.0,32,4,AdamW,0.0001,0.0001,False,research-lab/experiments/registered-workflow/extensions/jiim_2026_major_revision/runs/jiim_ext_mura_split_06_seed_42_resnet50_A
jiim_ext_mura_split_06_seed_52_resnet50_A,extension,mura,resnet50,A,shared,12,5,60,607.4918315000832,after model/data-loader initialization through checkpoint hashing and metric export; perf_counter,NVIDIA GeForce RTX 4090 D,3.10.21,2.4.1+cu121,0.19.1+cu121,1.26.4,10.4.0,32,4,AdamW,0.0001,0.0001,False,research-lab/experiments/registered-workflow/extensions/jiim_2026_major_revision/runs/jiim_ext_mura_split_06_seed_52_resnet50_A
jiim_ext_mura_split_06_seed_62_resnet50_A,extension,mura,resnet50,A,shared,11,4,60,599.7619722262025,after model/data-loader initialization through checkpoint hashing and metric export; perf_counter,NVIDIA GeForce RTX 4090 D,3.10.21,2.4.1+cu121,0.19.1+cu121,1.26.4,10.4.0,32,4,AdamW,0.0001,0.0001,False,research-lab/experiments/registered-workflow/extensions/jiim_2026_major_revision/runs/jiim_ext_mura_split_06_seed_62_resnet50_A
jiim_ext_mura_split_06_seed_42_densenet121_A,extension,mura,densenet121,A,shared,14,7,60,798.4430897086859,after model/data-loader initialization through checkpoint hashing and metric export; perf_counter,NVIDIA GeForce RTX 4090 D,3.10.21,2.4.1+cu121,0.19.1+cu121,1.26.4,10.4.0,32,4,AdamW,0.0001,0.0001,False,research-lab/experiments/registered-workflow/extensions/jiim_2026_major_revision/runs/jiim_ext_mura_split_06_seed_42_densenet121_A
jiim_ext_mura_split_06_seed_52_densenet121_A,extension,mura,densenet121,A,shared,12,5,60,681.6672399714589,after model/data-loader initialization through checkpoint hashing and metric export; perf_counter,NVIDIA GeForce RTX 4090 D,3.10.21,2.4.1+cu121,0.19.1+cu121,1.26.4,10.4.0,32,4,AdamW,0.0001,0.0001,False,research-lab/experiments/registered-workflow/extensions/jiim_2026_major_revision/runs/jiim_ext_mura_split_06_seed_52_densenet121_A
jiim_ext_mura_split_06_seed_62_densenet121_A,extension,mura,densenet121,A,shared,11,4,60,610.9398308210075,after model/data-loader initialization through checkpoint hashing and metric export; perf_counter,NVIDIA GeForce RTX 4090 D,3.10.21,2.4.1+cu121,0.19.1+cu121,1.26.4,10.4.0,32,4,AdamW,0.0001,0.0001,False,research-lab/experiments/registered-workflow/extensions/jiim_2026_major_revision/runs/jiim_ext_mura_split_06_seed_62_densenet121_A
jiim_ext_mura_split_06_seed_42_efficientnet_b0_A,extension,mura,efficientnet_b0,A,shared,36,29,60,1858.8575172163546,after model/data-loader initialization through checkpoint hashing and metric export; perf_counter,NVIDIA GeForce RTX 4090 D,3.10.21,2.4.1+cu121,0.19.1+cu121,1.26.4,10.4.0,32,4,AdamW,0.0001,0.0001,False,research-lab/experiments/registered-workflow/extensions/jiim_2026_major_revision/runs/jiim_ext_mura_split_06_seed_42_efficientnet_b0_A
jiim_ext_mura_split_06_seed_52_efficientnet_b0_A,extension,mura,efficientnet_b0,A,shared,31,24,60,1585.1380151733756,after model/data-loader initialization through checkpoint hashing and metric export; perf_counter,NVIDIA GeForce RTX 4090 D,3.10.21,2.4.1+cu121,0.19.1+cu121,1.26.4,10.4.0,32,4,AdamW,0.0001,0.0001,False,research-lab/experiments/registered-workflow/extensions/jiim_2026_major_revision/runs/jiim_ext_mura_split_06_seed_52_efficientnet_b0_A
jiim_ext_mura_split_06_seed_62_efficientnet_b0_A,extension,mura,efficientnet_b0,A,shared,37,30,60,1790.3981085680425,after model/data-loader initialization through checkpoint hashing and metric export; perf_counter,NVIDIA GeForce RTX 4090 D,3.10.21,2.4.1+cu121,0.19.1+cu121,1.26.4,10.4.0,32,4,AdamW,0.0001,0.0001,False,research-lab/experiments/registered-workflow/extensions/jiim_2026_major_revision/runs/jiim_ext_mura_split_06_seed_62_efficientnet_b0_A
jiim_ext_mura_split_07_seed_42_resnet18_A,extension,mura,resnet18,A,shared,10,3,60,539.4833379872143,after model/data-loader initialization through checkpoint hashing and metric export; perf_counter,NVIDIA GeForce RTX 4090 D,3.10.21,2.4.1+cu121,0.19.1+cu121,1.26.4,10.4.0,32,4,AdamW,0.0001,0.0001,False,research-lab/experiments/registered-workflow/extensions/jiim_2026_major_revision/runs/jiim_ext_mura_split_07_seed_42_resnet18_A
jiim_ext_mura_split_07_seed_52_resnet18_A,extension,mura,resnet18,A,shared,10,3,60,552.6394293047488,after model/data-loader initialization through checkpoint hashing and metric export; perf_counter,NVIDIA GeForce RTX 4090 D,3.10.21,2.4.1+cu121,0.19.1+cu121,1.26.4,10.4.0,32,4,AdamW,0.0001,0.0001,False,research-lab/experiments/registered-workflow/extensions/jiim_2026_major_revision/runs/jiim_ext_mura_split_07_seed_52_resnet18_A
jiim_ext_mura_split_07_seed_62_resnet18_A,extension,mura,resnet18,A,shared,9,2,60,504.09738724306226,after model/data-loader initialization through checkpoint hashing and metric export; perf_counter,NVIDIA GeForce RTX 4090 D,3.10.21,2.4.1+cu121,0.19.1+cu121,1.26.4,10.4.0,32,4,AdamW,0.0001,0.0001,False,research-lab/experiments/registered-workflow/extensions/jiim_2026_major_revision/runs/jiim_ext_mura_split_07_seed_62_resnet18_A
jiim_ext_mura_split_07_seed_42_resnet50_A,extension,mura,resnet50,A,shared,10,3,60,573.3396044634283,after model/data-loader initialization through checkpoint hashing and metric export; perf_counter,NVIDIA GeForce RTX 4090 D,3.10.21,2.4.1+cu121,0.19.1+cu121,1.26.4,10.4.0,32,4,AdamW,0.0001,0.0001,False,research-lab/experiments/registered-workflow/extensions/jiim_2026_major_revision/runs/jiim_ext_mura_split_07_seed_42_resnet50_A
jiim_ext_mura_split_07_seed_52_resnet50_A,extension,mura,resnet50,A,shared,10,3,60,513.2829168252647,after model/data-loader initialization through checkpoint hashing and metric export; perf_counter,NVIDIA GeForce RTX 4090 D,3.10.21,2.4.1+cu121,0.19.1+cu121,1.26.4,10.4.0,32,4,AdamW,0.0001,0.0001,False,research-lab/experiments/registered-workflow/extensions/jiim_2026_major_revision/runs/jiim_ext_mura_split_07_seed_52_resnet50_A
jiim_ext_mura_split_07_seed_62_resnet50_A,extension,mura,resnet50,A,shared,12,5,60,664.7448069155216,after model/data-loader initialization through checkpoint hashing and metric export; perf_counter,NVIDIA GeForce RTX 4090 D,3.10.21,2.4.1+cu121,0.19.1+cu121,1.26.4,10.4.0,32,4,AdamW,0.0001,0.0001,False,research-lab/experiments/registered-workflow/extensions/jiim_2026_major_revision/runs/jiim_ext_mura_split_07_seed_62_resnet50_A
jiim_ext_mura_split_07_seed_42_densenet121_A,extension,mura,densenet121,A,shared,13,6,60,710.3933846876025,after model/data-loader initialization through checkpoint hashing and metric export; perf_counter,NVIDIA GeForce RTX 4090 D,3.10.21,2.4.1+cu121,0.19.1+cu121,1.26.4,10.4.0,32,4,AdamW,0.0001,0.0001,False,research-lab/experiments/registered-workflow/extensions/jiim_2026_major_revision/runs/jiim_ext_mura_split_07_seed_42_densenet121_A
jiim_ext_mura_split_07_seed_52_densenet121_A,extension,mura,densenet121,A,shared,12,5,60,679.7417978569865,after model/data-loader initialization through checkpoint hashing and metric export; perf_counter,NVIDIA GeForce RTX 4090 D,3.10.21,2.4.1+cu121,0.19.1+cu121,1.26.4,10.4.0,32,4,AdamW,0.0001,0.0001,False,research-lab/experiments/registered-workflow/extensions/jiim_2026_major_revision/runs/jiim_ext_mura_split_07_seed_52_densenet121_A
jiim_ext_mura_split_07_seed_62_densenet121_A,extension,mura,densenet121,A,shared,14,7,60,794.9648288935423,after model/data-loader initialization through checkpoint hashing and metric export; perf_counter,NVIDIA GeForce RTX 4090 D,3.10.21,2.4.1+cu121,0.19.1+cu121,1.26.4,10.4.0,32,4,AdamW,0.0001,0.0001,False,research-lab/experiments/registered-workflow/extensions/jiim_2026_major_revision/runs/jiim_ext_mura_split_07_seed_62_densenet121_A
jiim_ext_mura_split_07_seed_42_efficientnet_b0_A,extension,mura,efficientnet_b0,A,shared,43,36,60,2302.5333875901997,after model/data-loader initialization through checkpoint hashing and metric export; perf_counter,NVIDIA GeForce RTX 4090 D,3.10.21,2.4.1+cu121,0.19.1+cu121,1.26.4,10.4.0,32,4,AdamW,0.0001,0.0001,False,research-lab/experiments/registered-workflow/extensions/jiim_2026_major_revision/runs/jiim_ext_mura_split_07_seed_42_efficientnet_b0_A
jiim_ext_mura_split_07_seed_52_efficientnet_b0_A,extension,mura,efficientnet_b0,A,shared,23,16,60,1197.617085363716,after model/data-loader initialization through checkpoint hashing and metric export; perf_counter,NVIDIA GeForce RTX 4090 D,3.10.21,2.4.1+cu121,0.19.1+cu121,1.26.4,10.4.0,32,4,AdamW,0.0001,0.0001,False,research-lab/experiments/registered-workflow/extensions/jiim_2026_major_revision/runs/jiim_ext_mura_split_07_seed_52_efficientnet_b0_A
jiim_ext_mura_split_07_seed_62_efficientnet_b0_A,extension,mura,efficientnet_b0,A,shared,27,20,60,1429.881508640945,after model/data-loader initialization through checkpoint hashing and metric export; perf_counter,NVIDIA GeForce RTX 4090 D,3.10.21,2.4.1+cu121,0.19.1+cu121,1.26.4,10.4.0,32,4,AdamW,0.0001,0.0001,False,research-lab/experiments/registered-workflow/extensions/jiim_2026_major_revision/runs/jiim_ext_mura_split_07_seed_62_efficientnet_b0_A
jiim_ext_mura_split_08_seed_42_resnet18_A,extension,mura,resnet18,A,shared,10,3,60,556.4784197621047,after model/data-loader initialization through checkpoint hashing and metric export; perf_counter,NVIDIA GeForce RTX 4090 D,3.10.21,2.4.1+cu121,0.19.1+cu121,1.26.4,10.4.0,32,4,AdamW,0.0001,0.0001,False,research-lab/experiments/registered-workflow/extensions/jiim_2026_major_revision/runs/jiim_ext_mura_split_08_seed_42_resnet18_A
jiim_ext_mura_split_08_seed_52_resnet18_A,extension,mura,resnet18,A,shared,12,5,60,597.1352442093194,after model/data-loader initialization through checkpoint hashing and metric export; perf_counter,NVIDIA GeForce RTX 4090 D,3.10.21,2.4.1+cu121,0.19.1+cu121,1.26.4,10.4.0,32,4,AdamW,0.0001,0.0001,False,research-lab/experiments/registered-workflow/extensions/jiim_2026_major_revision/runs/jiim_ext_mura_split_08_seed_52_resnet18_A
jiim_ext_mura_split_08_seed_62_resnet18_A,extension,mura,resnet18,A,shared,11,4,60,614.2144148536026,after model/data-loader initialization through checkpoint hashing and metric export; perf_counter,NVIDIA GeForce RTX 4090 D,3.10.21,2.4.1+cu121,0.19.1+cu121,1.26.4,10.4.0,32,4,AdamW,0.0001,0.0001,False,research-lab/experiments/registered-workflow/extensions/jiim_2026_major_revision/runs/jiim_ext_mura_split_08_seed_62_resnet18_A
jiim_ext_mura_split_08_seed_42_resnet50_A,extension,mura,resnet50,A,shared,11,4,60,559.4440330825746,after model/data-loader initialization through checkpoint hashing and metric export; perf_counter,NVIDIA GeForce RTX 4090 D,3.10.21,2.4.1+cu121,0.19.1+cu121,1.26.4,10.4.0,32,4,AdamW,0.0001,0.0001,False,research-lab/experiments/registered-workflow/extensions/jiim_2026_major_revision/runs/jiim_ext_mura_split_08_seed_42_resnet50_A
jiim_ext_mura_split_08_seed_52_resnet50_A,extension,mura,resnet50,A,shared,11,4,60,617.844251871109,after model/data-loader initialization through checkpoint hashing and metric export; perf_counter,NVIDIA GeForce RTX 4090 D,3.10.21,2.4.1+cu121,0.19.1+cu121,1.26.4,10.4.0,32,4,AdamW,0.0001,0.0001,False,research-lab/experiments/registered-workflow/extensions/jiim_2026_major_revision/runs/jiim_ext_mura_split_08_seed_52_resnet50_A
jiim_ext_mura_split_08_seed_62_resnet50_A,extension,mura,resnet50,A,shared,12,5,60,646.595542088151,after model/data-loader initialization through checkpoint hashing and metric export; perf_counter,NVIDIA GeForce RTX 4090 D,3.10.21,2.4.1+cu121,0.19.1+cu121,1.26.4,10.4.0,32,4,AdamW,0.0001,0.0001,False,research-lab/experiments/registered-workflow/extensions/jiim_2026_major_revision/runs/jiim_ext_mura_split_08_seed_62_resnet50_A
jiim_ext_mura_split_08_seed_42_densenet121_A,extension,mura,densenet121,A,shared,12,5,60,651.3039501234889,after model/data-loader initialization through checkpoint hashing and metric export; perf_counter,NVIDIA GeForce RTX 4090 D,3.10.21,2.4.1+cu121,0.19.1+cu121,1.26.4,10.4.0,32,4,AdamW,0.0001,0.0001,False,research-lab/experiments/registered-workflow/extensions/jiim_2026_major_revision/runs/jiim_ext_mura_split_08_seed_42_densenet121_A
jiim_ext_mura_split_08_seed_52_densenet121_A,extension,mura,densenet121,A,shared,11,4,60,600.875714931637,after model/data-loader initialization through checkpoint hashing and metric export; perf_counter,NVIDIA GeForce RTX 4090 D,3.10.21,2.4.1+cu121,0.19.1+cu121,1.26.4,10.4.0,32,4,AdamW,0.0001,0.0001,False,research-lab/experiments/registered-workflow/extensions/jiim_2026_major_revision/runs/jiim_ext_mura_split_08_seed_52_densenet121_A
jiim_ext_mura_split_08_seed_62_densenet121_A,extension,mura,densenet121,A,shared,11,4,60,617.2276069149375,after model/data-loader initialization through checkpoint hashing and metric export; perf_counter,NVIDIA GeForce RTX 4090 D,3.10.21,2.4.1+cu121,0.19.1+cu121,1.26.4,10.4.0,32,4,AdamW,0.0001,0.0001,False,research-lab/experiments/registered-workflow/extensions/jiim_2026_major_revision/runs/jiim_ext_mura_split_08_seed_62_densenet121_A
jiim_ext_mura_split_08_seed_42_efficientnet_b0_A,extension,mura,efficientnet_b0,A,shared,34,27,60,1733.2647555358708,after model/data-loader initialization through checkpoint hashing and metric export; perf_counter,NVIDIA GeForce RTX 4090 D,3.10.21,2.4.1+cu121,0.19.1+cu121,1.26.4,10.4.0,32,4,AdamW,0.0001,0.0001,False,research-lab/experiments/registered-workflow/extensions/jiim_2026_major_revision/runs/jiim_ext_mura_split_08_seed_42_efficientnet_b0_A
jiim_ext_mura_split_08_seed_52_efficientnet_b0_A,extension,mura,efficientnet_b0,A,shared,26,19,60,1416.1928737610579,after model/data-loader initialization through checkpoint hashing and metric export; perf_counter,NVIDIA GeForce RTX 4090 D,3.10.21,2.4.1+cu121,0.19.1+cu121,1.26.4,10.4.0,32,4,AdamW,0.0001,0.0001,False,research-lab/experiments/registered-workflow/extensions/jiim_2026_major_revision/runs/jiim_ext_mura_split_08_seed_52_efficientnet_b0_A
jiim_ext_mura_split_08_seed_62_efficientnet_b0_A,extension,mura,efficientnet_b0,A,shared,38,31,60,1904.2571708224714,after model/data-loader initialization through checkpoint hashing and metric export; perf_counter,NVIDIA GeForce RTX 4090 D,3.10.21,2.4.1+cu121,0.19.1+cu121,1.26.4,10.4.0,32,4,AdamW,0.0001,0.0001,False,research-lab/experiments/registered-workflow/extensions/jiim_2026_major_revision/runs/jiim_ext_mura_split_08_seed_62_efficientnet_b0_A
jiim_ext_mura_split_09_seed_42_resnet18_A,extension,mura,resnet18,A,shared,11,4,60,617.9241121187806,after model/data-loader initialization through checkpoint hashing and metric export; perf_counter,NVIDIA GeForce RTX 4090 D,3.10.21,2.4.1+cu121,0.19.1+cu121,1.26.4,10.4.0,32,4,AdamW,0.0001,0.0001,False,research-lab/experiments/registered-workflow/extensions/jiim_2026_major_revision/runs/jiim_ext_mura_split_09_seed_42_resnet18_A
jiim_ext_mura_split_09_seed_52_resnet18_A,extension,mura,resnet18,A,shared,9,2,60,475.96806735545397,after model/data-loader initialization through checkpoint hashing and metric export; perf_counter,NVIDIA GeForce RTX 4090 D,3.10.21,2.4.1+cu121,0.19.1+cu121,1.26.4,10.4.0,32,4,AdamW,0.0001,0.0001,False,research-lab/experiments/registered-workflow/extensions/jiim_2026_major_revision/runs/jiim_ext_mura_split_09_seed_52_resnet18_A
jiim_ext_mura_split_09_seed_62_resnet18_A,extension,mura,resnet18,A,shared,12,5,60,666.1246443763375,after model/data-loader initialization through checkpoint hashing and metric export; perf_counter,NVIDIA GeForce RTX 4090 D,3.10.21,2.4.1+cu121,0.19.1+cu121,1.26.4,10.4.0,32,4,AdamW,0.0001,0.0001,False,research-lab/experiments/registered-workflow/extensions/jiim_2026_major_revision/runs/jiim_ext_mura_split_09_seed_62_resnet18_A
jiim_ext_mura_split_09_seed_42_resnet50_A,extension,mura,resnet50,A,shared,11,4,60,569.163477703929,after model/data-loader initialization through checkpoint hashing and metric export; perf_counter,NVIDIA GeForce RTX 4090 D,3.10.21,2.4.1+cu121,0.19.1+cu121,1.26.4,10.4.0,32,4,AdamW,0.0001,0.0001,False,research-lab/experiments/registered-workflow/extensions/jiim_2026_major_revision/runs/jiim_ext_mura_split_09_seed_42_resnet50_A
jiim_ext_mura_split_09_seed_52_resnet50_A,extension,mura,resnet50,A,shared,11,4,60,594.5720506981015,after model/data-loader initialization through checkpoint hashing and metric export; perf_counter,NVIDIA GeForce RTX 4090 D,3.10.21,2.4.1+cu121,0.19.1+cu121,1.26.4,10.4.0,32,4,AdamW,0.0001,0.0001,False,research-lab/experiments/registered-workflow/extensions/jiim_2026_major_revision/runs/jiim_ext_mura_split_09_seed_52_resnet50_A
jiim_ext_mura_split_09_seed_62_resnet50_A,extension,mura,resnet50,A,shared,10,3,60,533.0551042594016,after model/data-loader initialization through checkpoint hashing and metric export; perf_counter,NVIDIA GeForce RTX 4090 D,3.10.21,2.4.1+cu121,0.19.1+cu121,1.26.4,10.4.0,32,4,AdamW,0.0001,0.0001,False,research-lab/experiments/registered-workflow/extensions/jiim_2026_major_revision/runs/jiim_ext_mura_split_09_seed_62_resnet50_A
jiim_ext_mura_split_09_seed_42_densenet121_A,extension,mura,densenet121,A,shared,14,7,60,786.6760505251586,after model/data-loader initialization through checkpoint hashing and metric export; perf_counter,NVIDIA GeForce RTX 4090 D,3.10.21,2.4.1+cu121,0.19.1+cu121,1.26.4,10.4.0,32,4,AdamW,0.0001,0.0001,False,research-lab/experiments/registered-workflow/extensions/jiim_2026_major_revision/runs/jiim_ext_mura_split_09_seed_42_densenet121_A
jiim_ext_mura_split_09_seed_52_densenet121_A,extension,mura,densenet121,A,shared,11,4,60,584.8888492770493,after model/data-loader initialization through checkpoint hashing and metric export; perf_counter,NVIDIA GeForce RTX 4090 D,3.10.21,2.4.1+cu121,0.19.1+cu121,1.26.4,10.4.0,32,4,AdamW,0.0001,0.0001,False,research-lab/experiments/registered-workflow/extensions/jiim_2026_major_revision/runs/jiim_ext_mura_split_09_seed_52_densenet121_A
jiim_ext_mura_split_09_seed_62_densenet121_A,extension,mura,densenet121,A,shared,12,5,60,671.0091043151915,after model/data-loader initialization through checkpoint hashing and metric export; perf_counter,NVIDIA GeForce RTX 4090 D,3.10.21,2.4.1+cu121,0.19.1+cu121,1.26.4,10.4.0,32,4,AdamW,0.0001,0.0001,False,research-lab/experiments/registered-workflow/extensions/jiim_2026_major_revision/runs/jiim_ext_mura_split_09_seed_62_densenet121_A
jiim_ext_mura_split_09_seed_42_efficientnet_b0_A,extension,mura,efficientnet_b0,A,shared,34,27,60,1684.6439555324614,after model/data-loader initialization through checkpoint hashing and metric export; perf_counter,NVIDIA GeForce RTX 4090 D,3.10.21,2.4.1+cu121,0.19.1+cu121,1.26.4,10.4.0,32,4,AdamW,0.0001,0.0001,False,research-lab/experiments/registered-workflow/extensions/jiim_2026_major_revision/runs/jiim_ext_mura_split_09_seed_42_efficientnet_b0_A
jiim_ext_mura_split_09_seed_52_efficientnet_b0_A,extension,mura,efficientnet_b0,A,shared,24,17,60,1323.6369612701237,after model/data-loader initialization through checkpoint hashing and metric export; perf_counter,NVIDIA GeForce RTX 4090 D,3.10.21,2.4.1+cu121,0.19.1+cu121,1.26.4,10.4.0,32,4,AdamW,0.0001,0.0001,False,research-lab/experiments/registered-workflow/extensions/jiim_2026_major_revision/runs/jiim_ext_mura_split_09_seed_52_efficientnet_b0_A
jiim_ext_mura_split_09_seed_62_efficientnet_b0_A,extension,mura,efficientnet_b0,A,shared,31,24,60,1615.9541058763862,after model/data-loader initialization through checkpoint hashing and metric export; perf_counter,NVIDIA GeForce RTX 4090 D,3.10.21,2.4.1+cu121,0.19.1+cu121,1.26.4,10.4.0,32,4,AdamW,0.0001,0.0001,False,research-lab/experiments/registered-workflow/extensions/jiim_2026_major_revision/runs/jiim_ext_mura_split_09_seed_62_efficientnet_b0_A
jiim_ext_mura_split_10_seed_42_resnet18_A,extension,mura,resnet18,A,shared,9,2,60,489.10610230639577,after model/data-loader initialization through checkpoint hashing and metric export; perf_counter,NVIDIA GeForce RTX 4090 D,3.10.21,2.4.1+cu121,0.19.1+cu121,1.26.4,10.4.0,32,4,AdamW,0.0001,0.0001,False,research-lab/experiments/registered-workflow/extensions/jiim_2026_major_revision/runs/jiim_ext_mura_split_10_seed_42_resnet18_A
jiim_ext_mura_split_10_seed_52_resnet18_A,extension,mura,resnet18,A,shared,10,3,60,541.6739065796137,after model/data-loader initialization through checkpoint hashing and metric export; perf_counter,NVIDIA GeForce RTX 4090 D,3.10.21,2.4.1+cu121,0.19.1+cu121,1.26.4,10.4.0,32,4,AdamW,0.0001,0.0001,False,research-lab/experiments/registered-workflow/extensions/jiim_2026_major_revision/runs/jiim_ext_mura_split_10_seed_52_resnet18_A
jiim_ext_mura_split_10_seed_62_resnet18_A,extension,mura,resnet18,A,shared,11,4,60,577.1595094501972,after model/data-loader initialization through checkpoint hashing and metric export; perf_counter,NVIDIA GeForce RTX 4090 D,3.10.21,2.4.1+cu121,0.19.1+cu121,1.26.4,10.4.0,32,4,AdamW,0.0001,0.0001,False,research-lab/experiments/registered-workflow/extensions/jiim_2026_major_revision/runs/jiim_ext_mura_split_10_seed_62_resnet18_A
jiim_ext_mura_split_10_seed_42_resnet50_A,extension,mura,resnet50,A,shared,13,6,60,746.9258043915033,after model/data-loader initialization through checkpoint hashing and metric export; perf_counter,NVIDIA GeForce RTX 4090 D,3.10.21,2.4.1+cu121,0.19.1+cu121,1.26.4,10.4.0,32,4,AdamW,0.0001,0.0001,False,research-lab/experiments/registered-workflow/extensions/jiim_2026_major_revision/runs/jiim_ext_mura_split_10_seed_42_resnet50_A
jiim_ext_mura_split_10_seed_52_resnet50_A,extension,mura,resnet50,A,shared,12,5,60,643.9959609359503,after model/data-loader initialization through checkpoint hashing and metric export; perf_counter,NVIDIA GeForce RTX 4090 D,3.10.21,2.4.1+cu121,0.19.1+cu121,1.26.4,10.4.0,32,4,AdamW,0.0001,0.0001,False,research-lab/experiments/registered-workflow/extensions/jiim_2026_major_revision/runs/jiim_ext_mura_split_10_seed_52_resnet50_A
jiim_ext_mura_split_10_seed_62_resnet50_A,extension,mura,resnet50,A,shared,11,4,60,601.7460490725935,after model/data-loader initialization through checkpoint hashing and metric export; perf_counter,NVIDIA GeForce RTX 4090 D,3.10.21,2.4.1+cu121,0.19.1+cu121,1.26.4,10.4.0,32,4,AdamW,0.0001,0.0001,False,research-lab/experiments/registered-workflow/extensions/jiim_2026_major_revision/runs/jiim_ext_mura_split_10_seed_62_resnet50_A
jiim_ext_mura_split_10_seed_42_densenet121_A,extension,mura,densenet121,A,shared,14,7,60,790.4899465031922,after model/data-loader initialization through checkpoint hashing and metric export; perf_counter,NVIDIA GeForce RTX 4090 D,3.10.21,2.4.1+cu121,0.19.1+cu121,1.26.4,10.4.0,32,4,AdamW,0.0001,0.0001,False,research-lab/experiments/registered-workflow/extensions/jiim_2026_major_revision/runs/jiim_ext_mura_split_10_seed_42_densenet121_A
jiim_ext_mura_split_10_seed_52_densenet121_A,extension,mura,densenet121,A,shared,11,4,60,637.4146733433008,after model/data-loader initialization through checkpoint hashing and metric export; perf_counter,NVIDIA GeForce RTX 4090 D,3.10.21,2.4.1+cu121,0.19.1+cu121,1.26.4,10.4.0,32,4,AdamW,0.0001,0.0001,False,research-lab/experiments/registered-workflow/extensions/jiim_2026_major_revision/runs/jiim_ext_mura_split_10_seed_52_densenet121_A
jiim_ext_mura_split_10_seed_62_densenet121_A,extension,mura,densenet121,A,shared,14,7,60,776.2430452182889,after model/data-loader initialization through checkpoint hashing and metric export; perf_counter,NVIDIA GeForce RTX 4090 D,3.10.21,2.4.1+cu121,0.19.1+cu121,1.26.4,10.4.0,32,4,AdamW,0.0001,0.0001,False,research-lab/experiments/registered-workflow/extensions/jiim_2026_major_revision/runs/jiim_ext_mura_split_10_seed_62_densenet121_A
jiim_ext_mura_split_10_seed_42_efficientnet_b0_A,extension,mura,efficientnet_b0,A,shared,35,28,60,1872.4775477536023,after model/data-loader initialization through checkpoint hashing and metric export; perf_counter,NVIDIA GeForce RTX 4090 D,3.10.21,2.4.1+cu121,0.19.1+cu121,1.26.4,10.4.0,32,4,AdamW,0.0001,0.0001,False,research-lab/experiments/registered-workflow/extensions/jiim_2026_major_revision/runs/jiim_ext_mura_split_10_seed_42_efficientnet_b0_A
jiim_ext_mura_split_10_seed_52_efficientnet_b0_A,extension,mura,efficientnet_b0,A,shared,45,38,60,2210.5848208777606,after model/data-loader initialization through checkpoint hashing and metric export; perf_counter,NVIDIA GeForce RTX 4090 D,3.10.21,2.4.1+cu121,0.19.1+cu121,1.26.4,10.4.0,32,4,AdamW,0.0001,0.0001,False,research-lab/experiments/registered-workflow/extensions/jiim_2026_major_revision/runs/jiim_ext_mura_split_10_seed_52_efficientnet_b0_A
jiim_ext_mura_split_10_seed_62_efficientnet_b0_A,extension,mura,efficientnet_b0,A,shared,34,27,60,1776.0460291095078,after model/data-loader initialization through checkpoint hashing and metric export; perf_counter,NVIDIA GeForce RTX 4090 D,3.10.21,2.4.1+cu121,0.19.1+cu121,1.26.4,10.4.0,32,4,AdamW,0.0001,0.0001,False,research-lab/experiments/registered-workflow/extensions/jiim_2026_major_revision/runs/jiim_ext_mura_split_10_seed_62_efficientnet_b0_A
