run_id,stage,dataset,split_id,training_seed,model,checkpoint_policy,variant,endpoint_unit,balanced_accuracy,accuracy,selected_epoch,metric_source_path
run_0001,original,sipakmed,split_01,42,resnet18,A,original,image,0.97388178819287385,0.97368421052631582,,research-lab/experiments/registered-workflow/runs/primary/run_0001/metrics.json
run_0002,original,sipakmed,split_01,42,resnet18,B,original,image,0.97225464198173783,0.97203947368421051,,research-lab/experiments/registered-workflow/runs/primary/run_0002/metrics.json
run_0003,original,sipakmed,split_01,42,resnet50,A,original,image,0.96550755680378975,0.96546052631578949,,research-lab/experiments/registered-workflow/runs/primary/run_0003/metrics.json
run_0004,original,sipakmed,split_01,42,resnet50,B,original,image,0.96241793242317308,0.96217105263157898,,research-lab/experiments/registered-workflow/runs/primary/run_0004/metrics.json
run_0005,original,sipakmed,split_01,42,densenet121,A,original,image,0.96248570146627421,0.96217105263157898,,research-lab/experiments/registered-workflow/runs/primary/run_0005/metrics.json
run_0006,original,sipakmed,split_01,42,densenet121,B,original,image,0.95601920159292464,0.95559210526315785,,research-lab/experiments/registered-workflow/runs/primary/run_0006/metrics.json
run_0007,original,sipakmed,split_01,42,efficientnet_b0,A,original,image,0.94424295104412526,0.94407894736842102,,research-lab/experiments/registered-workflow/runs/primary/run_0007/metrics.json
run_0008,original,sipakmed,split_01,42,efficientnet_b0,B,original,image,0.94918806885229334,0.94901315789473684,,research-lab/experiments/registered-workflow/runs/primary/run_0008/metrics.json
run_0009,original,sipakmed,split_01,52,resnet18,A,original,image,0.97211980907018314,0.97203947368421051,,research-lab/experiments/registered-workflow/runs/primary/run_0009/metrics.json
run_0010,original,sipakmed,split_01,52,resnet18,B,original,image,0.97203773585189879,0.97203947368421051,,research-lab/experiments/registered-workflow/runs/primary/run_0010/metrics.json
run_0011,original,sipakmed,split_01,52,resnet50,A,original,image,0.96865263919655997,0.96875,,research-lab/experiments/registered-workflow/runs/primary/run_0011/metrics.json
run_0012,original,sipakmed,split_01,52,resnet50,B,original,image,0.96740642317212444,0.96710526315789469,,research-lab/experiments/registered-workflow/runs/primary/run_0012/metrics.json
run_0013,original,sipakmed,split_01,52,densenet121,A,original,image,0.95749791589197053,0.95723684210526316,,research-lab/experiments/registered-workflow/runs/primary/run_0013/metrics.json
run_0014,original,sipakmed,split_01,52,densenet121,B,original,image,0.95730879055814344,0.95723684210526316,,research-lab/experiments/registered-workflow/runs/primary/run_0014/metrics.json
run_0015,original,sipakmed,split_01,52,efficientnet_b0,A,original,image,0.94749513734237334,0.94736842105263153,,research-lab/experiments/registered-workflow/runs/primary/run_0015/metrics.json
run_0016,original,sipakmed,split_01,52,efficientnet_b0,B,original,image,0.94577378105164756,0.94572368421052633,,research-lab/experiments/registered-workflow/runs/primary/run_0016/metrics.json
run_0017,original,sipakmed,split_01,62,resnet18,A,original,image,0.97045267461195783,0.97039473684210531,,research-lab/experiments/registered-workflow/runs/primary/run_0017/metrics.json
run_0018,original,sipakmed,split_01,62,resnet18,B,original,image,0.97544180934570313,0.97532894736842102,,research-lab/experiments/registered-workflow/runs/primary/run_0018/metrics.json
run_0019,original,sipakmed,split_01,62,resnet50,A,original,image,0.9721076110190241,0.97203947368421051,,research-lab/experiments/registered-workflow/runs/primary/run_0019/metrics.json
run_0020,original,sipakmed,split_01,62,resnet50,B,original,image,0.96548310891153688,0.96546052631578949,,research-lab/experiments/registered-workflow/runs/primary/run_0020/metrics.json
run_0021,original,sipakmed,split_01,62,densenet121,A,original,image,0.96070883537345964,0.96052631578947367,,research-lab/experiments/registered-workflow/runs/primary/run_0021/metrics.json
run_0022,original,sipakmed,split_01,62,densenet121,B,original,image,0.96239149138668467,0.96217105263157898,,research-lab/experiments/registered-workflow/runs/primary/run_0022/metrics.json
run_0023,original,sipakmed,split_01,62,efficientnet_b0,A,original,image,0.93611130985678614,0.93585526315789469,,research-lab/experiments/registered-workflow/runs/primary/run_0023/metrics.json
run_0024,original,sipakmed,split_01,62,efficientnet_b0,B,original,image,0.94112624164222614,0.94078947368421051,,research-lab/experiments/registered-workflow/runs/primary/run_0024/metrics.json
run_0025,original,sipakmed,split_01,72,resnet18,A,original,image,0.96543844800116541,0.96546052631578949,,research-lab/experiments/registered-workflow/runs/primary/run_0025/metrics.json
run_0026,original,sipakmed,split_01,72,resnet18,B,original,image,0.97377538006212527,0.97368421052631582,,research-lab/experiments/registered-workflow/runs/primary/run_0026/metrics.json
run_0027,original,sipakmed,split_01,72,resnet50,A,original,image,0.96716313719565039,0.96710526315789469,,research-lab/experiments/registered-workflow/runs/primary/run_0027/metrics.json
run_0028,original,sipakmed,split_01,72,resnet50,B,original,image,0.97059090161712491,0.97039473684210531,,research-lab/experiments/registered-workflow/runs/primary/run_0028/metrics.json
run_0029,original,sipakmed,split_01,72,densenet121,A,original,image,0.95276830326426476,0.95230263157894735,,research-lab/experiments/registered-workflow/runs/primary/run_0029/metrics.json
run_0030,original,sipakmed,split_01,72,densenet121,B,original,image,0.95264565900395071,0.95230263157894735,,research-lab/experiments/registered-workflow/runs/primary/run_0030/metrics.json
run_0031,original,sipakmed,split_01,72,efficientnet_b0,A,original,image,0.95244031634039494,0.95230263157894735,,research-lab/experiments/registered-workflow/runs/primary/run_0031/metrics.json
run_0032,original,sipakmed,split_01,72,efficientnet_b0,B,original,image,0.95403897658087156,0.95394736842105265,,research-lab/experiments/registered-workflow/runs/primary/run_0032/metrics.json
run_0033,original,sipakmed,split_01,82,resnet18,A,original,image,0.97217467488747789,0.97203947368421051,,research-lab/experiments/registered-workflow/runs/primary/run_0033/metrics.json
run_0034,original,sipakmed,split_01,82,resnet18,B,original,image,0.95885596967501974,0.95888157894736847,,research-lab/experiments/registered-workflow/runs/primary/run_0034/metrics.json
run_0035,original,sipakmed,split_01,82,resnet50,A,original,image,0.96530425907440487,0.96546052631578949,,research-lab/experiments/registered-workflow/runs/primary/run_0035/metrics.json
run_0036,original,sipakmed,split_01,82,resnet50,B,original,image,0.96537535162134669,0.96546052631578949,,research-lab/experiments/registered-workflow/runs/primary/run_0036/metrics.json
run_0037,original,sipakmed,split_01,82,densenet121,A,original,image,0.95271477720649345,0.95230263157894735,,research-lab/experiments/registered-workflow/runs/primary/run_0037/metrics.json
run_0038,original,sipakmed,split_01,82,densenet121,B,original,image,0.96202287223093141,0.96217105263157898,,research-lab/experiments/registered-workflow/runs/primary/run_0038/metrics.json
run_0039,original,sipakmed,split_01,82,efficientnet_b0,A,original,image,0.94942050593705019,0.94901315789473684,,research-lab/experiments/registered-workflow/runs/primary/run_0039/metrics.json
run_0040,original,sipakmed,split_01,82,efficientnet_b0,B,original,image,0.9524423000847122,0.95230263157894735,,research-lab/experiments/registered-workflow/runs/primary/run_0040/metrics.json
run_0041,original,sipakmed,split_02,42,resnet18,A,original,image,0.96881333034966277,0.96875,,research-lab/experiments/registered-workflow/runs/primary/run_0041/metrics.json
run_0042,original,sipakmed,split_02,42,resnet18,B,original,image,0.9705353306251826,0.97039473684210531,,research-lab/experiments/registered-workflow/runs/primary/run_0042/metrics.json
run_0043,original,sipakmed,split_02,42,resnet50,A,original,image,0.96030356087437618,0.96052631578947367,,research-lab/experiments/registered-workflow/runs/primary/run_0043/metrics.json
run_0044,original,sipakmed,split_02,42,resnet50,B,original,image,0.98020055192886235,0.98026315789473684,,research-lab/experiments/registered-workflow/runs/primary/run_0044/metrics.json
run_0045,original,sipakmed,split_02,42,densenet121,A,original,image,0.96233796532891314,0.96217105263157898,,research-lab/experiments/registered-workflow/runs/primary/run_0045/metrics.json
run_0046,original,sipakmed,split_02,42,densenet121,B,original,image,0.95938323504970469,0.95888157894736847,,research-lab/experiments/registered-workflow/runs/primary/run_0046/metrics.json
run_0047,original,sipakmed,split_02,42,efficientnet_b0,A,original,image,0.93628144895222909,0.93585526315789469,,research-lab/experiments/registered-workflow/runs/primary/run_0047/metrics.json
run_0048,original,sipakmed,split_02,42,efficientnet_b0,B,original,image,0.94616422037054204,0.94572368421052633,,research-lab/experiments/registered-workflow/runs/primary/run_0048/metrics.json
run_0049,original,sipakmed,split_02,52,resnet18,A,original,image,0.97206557783776426,0.97203947368421051,,research-lab/experiments/registered-workflow/runs/primary/run_0049/metrics.json
run_0050,original,sipakmed,split_02,52,resnet18,B,original,image,0.97198625472829825,0.97203947368421051,,research-lab/experiments/registered-workflow/runs/primary/run_0050/metrics.json
run_0051,original,sipakmed,split_02,52,resnet50,A,original,image,0.96068502206608242,0.96052631578947367,,research-lab/experiments/registered-workflow/runs/primary/run_0051/metrics.json
run_0052,original,sipakmed,split_02,52,resnet50,B,original,image,0.97220380484293134,0.97203947368421051,,research-lab/experiments/registered-workflow/runs/primary/run_0052/metrics.json
run_0053,original,sipakmed,split_02,52,densenet121,A,original,image,0.96079283114620784,0.96052631578947367,,research-lab/experiments/registered-workflow/runs/primary/run_0053/metrics.json
run_0054,original,sipakmed,split_02,52,densenet121,B,original,image,0.97399357416155252,0.97368421052631582,,research-lab/experiments/registered-workflow/runs/primary/run_0054/metrics.json
run_0055,original,sipakmed,split_02,52,efficientnet_b0,A,original,image,0.95441920159292459,0.95394736842105265,,research-lab/experiments/registered-workflow/runs/primary/run_0055/metrics.json
run_0056,original,sipakmed,split_02,52,efficientnet_b0,B,original,image,0.95086739196175929,0.95065789473684215,,research-lab/experiments/registered-workflow/runs/primary/run_0056/metrics.json
run_0057,original,sipakmed,split_02,62,resnet18,A,original,image,0.97378757811328431,0.97368421052631582,,research-lab/experiments/registered-workflow/runs/primary/run_0057/metrics.json
run_0058,original,sipakmed,split_02,62,resnet18,B,original,image,0.96712046002959617,0.96710526315789469,,research-lab/experiments/registered-workflow/runs/primary/run_0058/metrics.json
run_0059,original,sipakmed,split_02,62,resnet50,A,original,image,0.97365472894604699,0.97368421052631582,,research-lab/experiments/registered-workflow/runs/primary/run_0059/metrics.json
run_0060,original,sipakmed,split_02,62,resnet50,B,original,image,0.9689380195441476,0.96875,,research-lab/experiments/registered-workflow/runs/primary/run_0060/metrics.json
run_0061,original,sipakmed,split_02,62,densenet121,A,original,image,0.94915210928369231,0.94901315789473684,,research-lab/experiments/registered-workflow/runs/primary/run_0061/metrics.json
run_0062,original,sipakmed,split_02,62,densenet121,B,original,image,0.96261861182336494,0.96217105263157898,,research-lab/experiments/registered-workflow/runs/primary/run_0062/metrics.json
run_0063,original,sipakmed,split_02,62,efficientnet_b0,A,original,image,0.9378123401496048,0.9375,,research-lab/experiments/registered-workflow/runs/primary/run_0063/metrics.json
run_0064,original,sipakmed,split_02,62,efficientnet_b0,B,original,image,0.94597375527719174,0.94572368421052633,,research-lab/experiments/registered-workflow/runs/primary/run_0064/metrics.json
run_0065,original,sipakmed,split_02,72,resnet18,A,original,image,0.96240304545304922,0.96217105263157898,,research-lab/experiments/registered-workflow/runs/primary/run_0065/metrics.json
run_0066,original,sipakmed,split_02,72,resnet18,B,original,image,0.9753882832879317,0.97532894736842102,,research-lab/experiments/registered-workflow/runs/primary/run_0066/metrics.json
run_0067,original,sipakmed,split_02,72,resnet50,A,original,image,0.96225530931568815,0.96217105263157898,,research-lab/experiments/registered-workflow/runs/primary/run_0067/metrics.json
run_0068,original,sipakmed,split_02,72,resnet50,B,original,image,0.97706895555683926,0.97697368421052633,,research-lab/experiments/registered-workflow/runs/primary/run_0068/metrics.json
run_0069,original,sipakmed,split_02,72,densenet121,A,original,image,0.95579278633089171,0.95559210526315785,,research-lab/experiments/registered-workflow/runs/primary/run_0069/metrics.json
run_0070,original,sipakmed,split_02,72,densenet121,B,original,image,0.96913997751400927,0.96875,,research-lab/experiments/registered-workflow/runs/primary/run_0070/metrics.json
run_0071,original,sipakmed,split_02,72,efficientnet_b0,A,original,image,0.94315532004876812,0.94243421052631582,,research-lab/experiments/registered-workflow/runs/primary/run_0071/metrics.json
run_0072,original,sipakmed,split_02,72,efficientnet_b0,B,original,image,0.94775003857506568,0.94736842105263153,,research-lab/experiments/registered-workflow/runs/primary/run_0072/metrics.json
run_0073,original,sipakmed,split_02,82,resnet18,A,original,image,0.97221535890929611,0.97203947368421051,,research-lab/experiments/registered-workflow/runs/primary/run_0073/metrics.json
run_0074,original,sipakmed,split_02,82,resnet18,B,original,image,0.96408640664092182,0.96381578947368418,,research-lab/experiments/registered-workflow/runs/primary/run_0074/metrics.json
run_0075,original,sipakmed,split_02,82,resnet50,A,original,image,0.9707244559590098,0.97039473684210531,,research-lab/experiments/registered-workflow/runs/primary/run_0075/metrics.json
run_0076,original,sipakmed,split_02,82,resnet50,B,original,image,0.96559021281701474,0.96546052631578949,,research-lab/experiments/registered-workflow/runs/primary/run_0076/metrics.json
run_0077,original,sipakmed,split_02,82,densenet121,A,original,image,0.95576570130960903,0.95559210526315785,,research-lab/experiments/registered-workflow/runs/primary/run_0077/metrics.json
run_0078,original,sipakmed,split_02,82,densenet121,B,original,image,0.97881739686884794,0.97861842105263153,,research-lab/experiments/registered-workflow/runs/primary/run_0078/metrics.json
run_0079,original,sipakmed,split_02,82,efficientnet_b0,A,original,image,0.94311463602694956,0.94243421052631582,,research-lab/experiments/registered-workflow/runs/primary/run_0079/metrics.json
run_0080,original,sipakmed,split_02,82,efficientnet_b0,B,original,image,0.94925244380178186,0.94901315789473684,,research-lab/experiments/registered-workflow/runs/primary/run_0080/metrics.json
run_0081,original,sipakmed,split_03,42,resnet18,A,original,image,0.97390823862928111,0.97368421052631582,,research-lab/experiments/registered-workflow/runs/primary/run_0081/metrics.json
run_0082,original,sipakmed,split_03,42,resnet18,B,original,image,0.97566964435694958,0.97532894736842102,,research-lab/experiments/registered-workflow/runs/primary/run_0082/metrics.json
run_0083,original,sipakmed,split_03,42,resnet50,A,original,image,0.96071351743666022,0.96052631578947367,,research-lab/experiments/registered-workflow/runs/primary/run_0083/metrics.json
run_0084,original,sipakmed,split_03,42,resnet50,B,original,image,0.96723155022354557,0.96710526315789469,,research-lab/experiments/registered-workflow/runs/primary/run_0084/metrics.json
run_0085,original,sipakmed,split_03,42,densenet121,A,original,image,0.96247216365559218,0.96217105263157898,,research-lab/experiments/registered-workflow/runs/primary/run_0085/metrics.json
run_0086,original,sipakmed,split_03,42,densenet121,B,original,image,0.97236578396562212,0.97203947368421051,,research-lab/experiments/registered-workflow/runs/primary/run_0086/metrics.json
run_0087,original,sipakmed,split_03,42,efficientnet_b0,A,original,image,0.95242742251450674,0.95230263157894735,,research-lab/experiments/registered-workflow/runs/primary/run_0087/metrics.json
run_0088,original,sipakmed,split_03,42,efficientnet_b0,B,original,image,0.93592219392287745,0.93585526315789469,,research-lab/experiments/registered-workflow/runs/primary/run_0088/metrics.json
run_0089,original,sipakmed,split_03,52,resnet18,A,original,image,0.95577790876068625,0.95559210526315785,,research-lab/experiments/registered-workflow/runs/primary/run_0089/metrics.json
run_0090,original,sipakmed,split_03,52,resnet18,B,original,image,0.96729458541351099,0.96710526315789469,,research-lab/experiments/registered-workflow/runs/primary/run_0090/metrics.json
run_0091,original,sipakmed,split_03,52,resnet50,A,original,image,0.95743283576783433,0.95723684210526316,,research-lab/experiments/registered-workflow/runs/primary/run_0091/metrics.json
run_0092,original,sipakmed,split_03,52,resnet50,B,original,image,0.96410264277048741,0.96381578947368418,,research-lab/experiments/registered-workflow/runs/primary/run_0092/metrics.json
run_0093,original,sipakmed,split_03,52,densenet121,A,original,image,0.9558185833825863,0.95559210526315785,,research-lab/experiments/registered-workflow/runs/primary/run_0093/metrics.json
run_0094,original,sipakmed,split_03,52,densenet121,B,original,image,0.97059090161712491,0.97039473684210531,,research-lab/experiments/registered-workflow/runs/primary/run_0094/metrics.json
run_0095,original,sipakmed,split_03,52,efficientnet_b0,A,original,image,0.94601515387357593,0.94572368421052633,,research-lab/experiments/registered-workflow/runs/primary/run_0095/metrics.json
run_0096,original,sipakmed,split_03,52,efficientnet_b0,B,original,image,0.94119133116628062,0.94078947368421051,,research-lab/experiments/registered-workflow/runs/primary/run_0096/metrics.json
run_0097,original,sipakmed,split_03,62,resnet18,A,original,image,0.96880113229850373,0.96875,,research-lab/experiments/registered-workflow/runs/primary/run_0097/metrics.json
run_0098,original,sipakmed,split_03,62,resnet18,B,original,image,0.97529273344881884,0.97532894736842102,,research-lab/experiments/registered-workflow/runs/primary/run_0098/metrics.json
run_0099,original,sipakmed,split_03,62,resnet50,A,original,image,0.98044186356093765,0.98026315789473684,,research-lab/experiments/registered-workflow/runs/primary/run_0099/metrics.json
run_0100,original,sipakmed,split_03,62,resnet50,B,original,image,0.97054958301043082,0.97039473684210531,,research-lab/experiments/registered-workflow/runs/primary/run_0100/metrics.json
run_0101,original,sipakmed,split_03,62,densenet121,A,original,image,0.96233662556938993,0.96217105263157898,,research-lab/experiments/registered-workflow/runs/primary/run_0101/metrics.json
run_0102,original,sipakmed,split_03,62,densenet121,B,original,image,0.96882956647922813,0.96875,,research-lab/experiments/registered-workflow/runs/primary/run_0102/metrics.json
run_0103,original,sipakmed,split_03,62,efficientnet_b0,A,original,image,0.94422532336510145,0.94407894736842102,,research-lab/experiments/registered-workflow/runs/primary/run_0103/metrics.json
run_0104,original,sipakmed,split_03,62,efficientnet_b0,B,original,image,0.93277904348448948,0.93256578947368418,,research-lab/experiments/registered-workflow/runs/primary/run_0104/metrics.json
run_0105,original,sipakmed,split_03,72,resnet18,A,original,image,0.97385534715638544,0.97368421052631582,,research-lab/experiments/registered-workflow/runs/primary/run_0105/metrics.json
run_0106,original,sipakmed,split_03,72,resnet18,B,original,image,0.97345614530586677,0.97368421052631582,,research-lab/experiments/registered-workflow/runs/primary/run_0106/metrics.json
run_0107,original,sipakmed,split_03,72,resnet50,A,original,image,0.97052377655881794,0.97039473684210531,,research-lab/experiments/registered-workflow/runs/primary/run_0107/metrics.json
run_0108,original,sipakmed,split_03,72,resnet50,B,original,image,0.97885674113114318,0.97861842105263153,,research-lab/experiments/registered-workflow/runs/primary/run_0108/metrics.json
run_0109,original,sipakmed,split_03,72,densenet121,A,original,image,0.95717389645673534,0.95723684210526316,,research-lab/experiments/registered-workflow/runs/primary/run_0109/metrics.json
run_0110,original,sipakmed,split_03,72,densenet121,B,original,image,0.96411349166220472,0.96381578947368418,,research-lab/experiments/registered-workflow/runs/primary/run_0110/metrics.json
run_0111,original,sipakmed,split_03,72,efficientnet_b0,A,original,image,0.94766675737688344,0.94736842105263153,,research-lab/experiments/registered-workflow/runs/primary/run_0111/metrics.json
run_0112,original,sipakmed,split_03,72,efficientnet_b0,B,original,image,0.94115070833431569,0.94078947368421051,,research-lab/experiments/registered-workflow/runs/primary/run_0112/metrics.json
run_0113,original,sipakmed,split_03,82,resnet18,A,original,image,0.97050888958869397,0.97039473684210531,,research-lab/experiments/registered-workflow/runs/primary/run_0113/metrics.json
run_0114,original,sipakmed,split_03,82,resnet18,B,original,image,0.97702897670966848,0.97697368421052633,,research-lab/experiments/registered-workflow/runs/primary/run_0114/metrics.json
run_0115,original,sipakmed,split_03,82,resnet50,A,original,image,0.96218684449785796,0.96217105263157898,,research-lab/experiments/registered-workflow/runs/primary/run_0115/metrics.json
run_0116,original,sipakmed,split_03,82,resnet50,B,original,image,0.96905931464502015,0.96875,,research-lab/experiments/registered-workflow/runs/primary/run_0116/metrics.json
run_0117,original,sipakmed,split_03,82,densenet121,A,original,image,0.96241928158261492,0.96217105263157898,,research-lab/experiments/registered-workflow/runs/primary/run_0117/metrics.json
run_0118,original,sipakmed,split_03,82,densenet121,B,original,image,0.96554550011670803,0.96546052631578949,,research-lab/experiments/registered-workflow/runs/primary/run_0118/metrics.json
run_0119,original,sipakmed,split_03,82,efficientnet_b0,A,original,image,0.93437443201106052,0.93421052631578949,,research-lab/experiments/registered-workflow/runs/primary/run_0119/metrics.json
run_0120,original,sipakmed,split_03,82,efficientnet_b0,B,original,image,0.9445011945804952,0.94407894736842102,,research-lab/experiments/registered-workflow/runs/primary/run_0120/metrics.json
run_0121,original,sipakmed,split_04,42,resnet18,A,original,image,0.96358020446479564,0.96381578947368418,,research-lab/experiments/registered-workflow/runs/primary/run_0121/metrics.json
run_0122,original,sipakmed,split_04,42,resnet18,B,original,image,0.9686777922634604,0.96875,,research-lab/experiments/registered-workflow/runs/primary/run_0122/metrics.json
run_0123,original,sipakmed,split_04,42,resnet50,A,original,image,0.96245861644499153,0.96217105263157898,,research-lab/experiments/registered-workflow/runs/primary/run_0123/metrics.json
run_0124,original,sipakmed,split_04,42,resnet50,B,original,image,0.97204182572024056,0.97203947368421051,,research-lab/experiments/registered-workflow/runs/primary/run_0124/metrics.json
run_0125,original,sipakmed,split_04,42,densenet121,A,original,image,0.97075089699549832,0.97039473684210531,,research-lab/experiments/registered-workflow/runs/primary/run_0125/metrics.json
run_0126,original,sipakmed,split_04,42,densenet121,B,original,image,0.9753185305005132,0.97532894736842102,,research-lab/experiments/registered-workflow/runs/primary/run_0126/metrics.json
run_0127,original,sipakmed,split_04,42,efficientnet_b0,A,original,image,0.94030488517826427,0.94078947368421051,,research-lab/experiments/registered-workflow/runs/primary/run_0127/metrics.json
run_0128,original,sipakmed,split_04,42,efficientnet_b0,B,original,image,0.95365745419931192,0.95394736842105265,,research-lab/experiments/registered-workflow/runs/primary/run_0128/metrics.json
run_0129,original,sipakmed,split_04,52,resnet18,A,original,image,0.96364592857372577,0.96381578947368418,,research-lab/experiments/registered-workflow/runs/primary/run_0129/metrics.json
run_0130,original,sipakmed,split_04,52,resnet18,B,original,image,0.97404447249021242,0.97368421052631582,,research-lab/experiments/registered-workflow/runs/primary/run_0130/metrics.json
run_0131,original,sipakmed,split_04,52,resnet50,A,original,image,0.97026361046798415,0.97039473684210531,,research-lab/experiments/registered-workflow/runs/primary/run_0131/metrics.json
run_0132,original,sipakmed,split_04,52,resnet50,B,original,image,0.9575236517538116,0.95723684210526316,,research-lab/experiments/registered-workflow/runs/primary/run_0132/metrics.json
run_0133,original,sipakmed,split_04,52,densenet121,A,original,image,0.98351858471574771,0.98355263157894735,,research-lab/experiments/registered-workflow/runs/primary/run_0133/metrics.json
run_0134,original,sipakmed,split_04,52,densenet121,B,original,image,0.97058891787280754,0.97039473684210531,,research-lab/experiments/registered-workflow/runs/primary/run_0134/metrics.json
run_0135,original,sipakmed,split_04,52,efficientnet_b0,A,original,image,0.95194829595974484,0.95230263157894735,,research-lab/experiments/registered-workflow/runs/primary/run_0135/metrics.json
run_0136,original,sipakmed,split_04,52,efficientnet_b0,B,original,image,0.95716922379345315,0.95723684210526316,,research-lab/experiments/registered-workflow/runs/primary/run_0136/metrics.json
run_0137,original,sipakmed,split_04,62,resnet18,A,original,image,0.97214758986619498,0.97203947368421051,,research-lab/experiments/registered-workflow/runs/primary/run_0137/metrics.json
run_0138,original,sipakmed,split_04,62,resnet18,B,original,image,0.97218891787280748,0.97203947368421051,,research-lab/experiments/registered-workflow/runs/primary/run_0138/metrics.json
run_0139,original,sipakmed,split_04,62,resnet50,A,original,image,0.97521141719511717,0.97532894736842102,,research-lab/experiments/registered-workflow/runs/primary/run_0139/metrics.json
run_0140,original,sipakmed,split_04,62,resnet50,B,original,image,0.9802269929653511,0.98026315789473684,,research-lab/experiments/registered-workflow/runs/primary/run_0140/metrics.json
run_0141,original,sipakmed,split_04,62,densenet121,A,original,image,0.97182158668664265,0.97203947368421051,,research-lab/experiments/registered-workflow/runs/primary/run_0141/metrics.json
run_0142,original,sipakmed,split_04,62,densenet121,B,original,image,0.97203984197592308,0.97203947368421051,,research-lab/experiments/registered-workflow/runs/primary/run_0142/metrics.json
run_0143,original,sipakmed,split_04,62,efficientnet_b0,A,original,image,0.94870824652280228,0.94901315789473684,,research-lab/experiments/registered-workflow/runs/primary/run_0143/metrics.json
run_0144,original,sipakmed,split_04,62,efficientnet_b0,B,original,image,0.95367029623526489,0.95394736842105265,,research-lab/experiments/registered-workflow/runs/primary/run_0144/metrics.json
run_0145,original,sipakmed,split_04,72,resnet18,A,original,image,0.96691510796612212,0.96710526315789469,,research-lab/experiments/registered-workflow/runs/primary/run_0145/metrics.json
run_0146,original,sipakmed,split_04,72,resnet18,B,original,image,0.98035984213258831,0.98026315789473684,,research-lab/experiments/registered-workflow/runs/primary/run_0146/metrics.json
run_0147,original,sipakmed,split_04,72,resnet50,A,original,image,0.95749727190717648,0.95723684210526316,,research-lab/experiments/registered-workflow/runs/primary/run_0147/metrics.json
run_0148,original,sipakmed,split_04,72,resnet50,B,original,image,0.96567088508592236,0.96546052631578949,,research-lab/experiments/registered-workflow/runs/primary/run_0148/metrics.json
run_0149,original,sipakmed,split_04,72,densenet121,A,original,image,0.9590546041410406,0.95888157894736847,,research-lab/experiments/registered-workflow/runs/primary/run_0149/metrics.json
run_0150,original,sipakmed,split_04,72,densenet121,B,original,image,0.97208116998253558,0.97203947368421051,,research-lab/experiments/registered-workflow/runs/primary/run_0150/metrics.json
run_0151,original,sipakmed,split_04,72,efficientnet_b0,A,original,image,0.94389866680083645,0.94407894736842102,,research-lab/experiments/registered-workflow/runs/primary/run_0151/metrics.json
run_0152,original,sipakmed,split_04,72,efficientnet_b0,B,original,image,0.94525269190539729,0.94572368421052633,,research-lab/experiments/registered-workflow/runs/primary/run_0152/metrics.json
run_0153,original,sipakmed,split_04,82,resnet18,A,original,image,0.97540118651373819,0.97532894736842102,,research-lab/experiments/registered-workflow/runs/primary/run_0153/metrics.json
run_0154,original,sipakmed,split_04,82,resnet18,B,original,image,0.98053741340005074,0.98026315789473684,,research-lab/experiments/registered-workflow/runs/primary/run_0154/metrics.json
run_0155,original,sipakmed,split_04,82,resnet50,A,original,image,0.96382688453488219,0.96381578947368418,,research-lab/experiments/registered-workflow/runs/primary/run_0155/metrics.json
run_0156,original,sipakmed,split_04,82,resnet50,B,original,image,0.97386760639739767,0.97368421052631582,,research-lab/experiments/registered-workflow/runs/primary/run_0156/metrics.json
run_0157,original,sipakmed,split_04,82,densenet121,A,original,image,0.97386825038219182,0.97368421052631582,,research-lab/experiments/registered-workflow/runs/primary/run_0157/metrics.json
run_0158,original,sipakmed,split_04,82,densenet121,B,original,image,0.96550486788482481,0.96546052631578949,,research-lab/experiments/registered-workflow/runs/primary/run_0158/metrics.json
run_0159,original,sipakmed,split_04,82,efficientnet_b0,A,original,image,0.94363978867959086,0.94407894736842102,,research-lab/experiments/registered-workflow/runs/primary/run_0159/metrics.json
run_0160,original,sipakmed,split_04,82,efficientnet_b0,B,original,image,0.94690692313781644,0.94736842105263153,,research-lab/experiments/registered-workflow/runs/primary/run_0160/metrics.json
run_0161,original,sipakmed,split_05,42,resnet18,A,original,image,0.95700729646069715,0.95723684210526316,,research-lab/experiments/registered-workflow/runs/primary/run_0161/metrics.json
run_0162,original,sipakmed,split_05,42,resnet18,B,original,image,0.96712046002959617,0.96710526315789469,,research-lab/experiments/registered-workflow/runs/primary/run_0162/metrics.json
run_0163,original,sipakmed,split_05,42,resnet50,A,original,image,0.9675419612583267,0.96710526315789469,,research-lab/experiments/registered-workflow/runs/primary/run_0163/metrics.json
run_0164,original,sipakmed,split_05,42,resnet50,B,original,image,0.96717469126201505,0.96710526315789469,,research-lab/experiments/registered-workflow/runs/primary/run_0164/metrics.json
run_0165,original,sipakmed,split_05,42,densenet121,A,original,image,0.95573727652880291,0.95559210526315785,,research-lab/experiments/registered-workflow/runs/primary/run_0165/metrics.json
run_0166,original,sipakmed,split_05,42,densenet121,B,original,image,0.95874353972154702,0.95888157894736847,,research-lab/experiments/registered-workflow/runs/primary/run_0166/metrics.json
run_0167,original,sipakmed,split_05,42,efficientnet_b0,A,original,image,0.95751209768744694,0.95723684210526316,,research-lab/experiments/registered-workflow/runs/primary/run_0167/metrics.json
run_0168,original,sipakmed,split_05,42,efficientnet_b0,B,original,image,0.96061392011922231,0.96052631578947367,,research-lab/experiments/registered-workflow/runs/primary/run_0168/metrics.json
run_0169,original,sipakmed,split_05,52,resnet18,A,original,image,0.96091149851796887,0.96052631578947367,,research-lab/experiments/registered-workflow/runs/primary/run_0169/metrics.json
run_0170,original,sipakmed,split_05,52,resnet18,B,original,image,0.97049669153753515,0.97039473684210531,,research-lab/experiments/registered-workflow/runs/primary/run_0170/metrics.json
run_0171,original,sipakmed,split_05,52,resnet50,A,original,image,0.96394753565096047,0.96381578947368418,,research-lab/experiments/registered-workflow/runs/primary/run_0171/metrics.json
run_0172,original,sipakmed,split_05,52,resnet50,B,original,image,0.96561665385350326,0.96546052631578949,,research-lab/experiments/registered-workflow/runs/primary/run_0172/metrics.json
run_0173,original,sipakmed,split_05,52,densenet121,A,original,image,0.95412302414355477,0.95394736842105265,,research-lab/experiments/registered-workflow/runs/primary/run_0173/metrics.json
run_0174,original,sipakmed,split_05,52,densenet121,B,original,image,0.95736371756529159,0.95723684210526316,,research-lab/experiments/registered-workflow/runs/primary/run_0174/metrics.json
run_0175,original,sipakmed,split_05,52,efficientnet_b0,A,original,image,0.95896033287159754,0.95888157894736847,,research-lab/experiments/registered-workflow/runs/primary/run_0175/metrics.json
run_0176,original,sipakmed,split_05,52,efficientnet_b0,B,original,image,0.95903079083366349,0.95888157894736847,,research-lab/experiments/registered-workflow/runs/primary/run_0176/metrics.json
run_0177,original,sipakmed,split_05,62,resnet18,A,original,image,0.96702426620568915,0.96710526315789469,,research-lab/experiments/registered-workflow/runs/primary/run_0177/metrics.json
run_0178,original,sipakmed,split_05,62,resnet18,B,original,image,0.96583215903396558,0.96546052631578949,,research-lab/experiments/registered-workflow/runs/primary/run_0178/metrics.json
run_0179,original,sipakmed,split_05,62,resnet50,A,original,image,0.96050686800367957,0.96052631578947367,,research-lab/experiments/registered-workflow/runs/primary/run_0179/metrics.json
run_0180,original,sipakmed,split_05,62,resnet50,B,original,image,0.97225605233103285,0.97203947368421051,,research-lab/experiments/registered-workflow/runs/primary/run_0180/metrics.json
run_0181,original,sipakmed,split_05,62,densenet121,A,original,image,0.94264563056317185,0.94243421052631582,,research-lab/experiments/registered-workflow/runs/primary/run_0181/metrics.json
run_0182,original,sipakmed,split_05,62,densenet121,B,original,image,0.9509798737051669,0.95065789473684215,,research-lab/experiments/registered-workflow/runs/primary/run_0182/metrics.json
run_0183,original,sipakmed,split_05,62,efficientnet_b0,A,original,image,0.96062816310455212,0.96052631578947367,,research-lab/experiments/registered-workflow/runs/primary/run_0183/metrics.json
run_0184,original,sipakmed,split_05,62,efficientnet_b0,B,original,image,0.95424560721401552,0.95394736842105265,,research-lab/experiments/registered-workflow/runs/primary/run_0184/metrics.json
run_0185,original,sipakmed,split_05,72,resnet18,A,original,image,0.96406953592648059,0.96381578947368418,,research-lab/experiments/registered-workflow/runs/primary/run_0185/metrics.json
run_0186,original,sipakmed,split_05,72,resnet18,B,original,image,0.9705611276768773,0.97039473684210531,,research-lab/experiments/registered-workflow/runs/primary/run_0186/metrics.json
run_0187,original,sipakmed,split_05,72,resnet50,A,original,image,0.96744441827497796,0.96710526315789469,,research-lab/experiments/registered-workflow/runs/primary/run_0187/metrics.json
run_0188,original,sipakmed,split_05,72,resnet50,B,original,image,0.96730888018877559,0.96710526315789469,,research-lab/experiments/registered-workflow/runs/primary/run_0188/metrics.json
run_0189,original,sipakmed,split_05,72,densenet121,A,original,image,0.94234811335427882,0.94243421052631582,,research-lab/experiments/registered-workflow/runs/primary/run_0189/metrics.json
run_0190,original,sipakmed,split_05,72,densenet121,B,original,image,0.95077656657586362,0.95065789473684215,,research-lab/experiments/registered-workflow/runs/primary/run_0190/metrics.json
run_0191,original,sipakmed,split_05,72,efficientnet_b0,A,original,image,0.95759206478170689,0.95723684210526316,,research-lab/experiments/registered-workflow/runs/primary/run_0191/metrics.json
run_0192,original,sipakmed,split_05,72,efficientnet_b0,B,original,image,0.95759206478170689,0.95723684210526316,,research-lab/experiments/registered-workflow/runs/primary/run_0192/metrics.json
run_0193,original,sipakmed,split_05,82,resnet18,A,original,image,0.95744304067475738,0.95723684210526316,,research-lab/experiments/registered-workflow/runs/primary/run_0193/metrics.json
run_0194,original,sipakmed,split_05,82,resnet18,B,original,image,0.97050824560389992,0.97039473684210531,,research-lab/experiments/registered-workflow/runs/primary/run_0194/metrics.json
run_0195,original,sipakmed,split_05,82,resnet50,A,original,image,0.96407286883023979,0.96381578947368418,,research-lab/experiments/registered-workflow/runs/primary/run_0195/metrics.json
run_0196,original,sipakmed,split_05,82,resnet50,B,original,image,0.97867987503832832,0.97861842105263153,,research-lab/experiments/registered-workflow/runs/primary/run_0196/metrics.json
run_0197,original,sipakmed,split_05,82,densenet121,A,original,image,0.95717062474282977,0.95723684210526316,,research-lab/experiments/registered-workflow/runs/primary/run_0197/metrics.json
run_0198,original,sipakmed,split_05,82,densenet121,B,original,image,0.96378555652826969,0.96381578947368418,,research-lab/experiments/registered-workflow/runs/primary/run_0198/metrics.json
run_0199,original,sipakmed,split_05,82,efficientnet_b0,A,original,image,0.96079143019683111,0.96052631578947367,,research-lab/experiments/registered-workflow/runs/primary/run_0199/metrics.json
run_0200,original,sipakmed,split_05,82,efficientnet_b0,B,original,image,0.96079143019683111,0.96052631578947367,,research-lab/experiments/registered-workflow/runs/primary/run_0200/metrics.json
run_0201,original,sipakmed,split_06,42,resnet18,A,original,image,0.96407216365559223,0.96381578947368418,,research-lab/experiments/registered-workflow/runs/primary/run_0201/metrics.json
run_0202,original,sipakmed,split_06,42,resnet18,B,original,image,0.97086197778952932,0.97039473684210531,,research-lab/experiments/registered-workflow/runs/primary/run_0202/metrics.json
run_0203,original,sipakmed,split_06,42,resnet50,A,original,image,0.97055092276995403,0.97039473684210531,,research-lab/experiments/registered-workflow/runs/primary/run_0203/metrics.json
run_0204,original,sipakmed,split_06,42,resnet50,B,original,image,0.95260830788589135,0.95230263157894735,,research-lab/experiments/registered-workflow/runs/primary/run_0204/metrics.json
run_0205,original,sipakmed,split_06,42,densenet121,A,original,image,0.96893667038470588,0.96875,,research-lab/experiments/registered-workflow/runs/primary/run_0205/metrics.json
run_0206,original,sipakmed,split_06,42,densenet121,B,original,image,0.95591613576585333,0.95559210526315785,,research-lab/experiments/registered-workflow/runs/primary/run_0206/metrics.json
run_0207,original,sipakmed,split_06,42,efficientnet_b0,A,original,image,0.9430366620769256,0.94243421052631582,,research-lab/experiments/registered-workflow/runs/primary/run_0207/metrics.json
run_0208,original,sipakmed,split_06,42,efficientnet_b0,B,original,image,0.9463186835052747,0.94572368421052633,,research-lab/experiments/registered-workflow/runs/primary/run_0208/metrics.json
run_0209,original,sipakmed,split_06,52,resnet18,A,original,image,0.97228512109663312,0.97203947368421051,,research-lab/experiments/registered-workflow/runs/primary/run_0209/metrics.json
run_0210,original,sipakmed,split_06,52,resnet18,B,original,image,0.96895155735482985,0.96875,,research-lab/experiments/registered-workflow/runs/primary/run_0210/metrics.json
run_0211,original,sipakmed,split_06,52,resnet50,A,original,image,0.95092437330299651,0.95065789473684215,,research-lab/experiments/registered-workflow/runs/primary/run_0211/metrics.json
run_0212,original,sipakmed,split_06,52,resnet50,B,original,image,0.9610123744050767,0.96052631578947367,,research-lab/experiments/registered-workflow/runs/primary/run_0212/metrics.json
run_0213,original,sipakmed,split_06,52,densenet121,A,original,image,0.9479051362946741,0.94736842105263153,,research-lab/experiments/registered-workflow/runs/primary/run_0213/metrics.json
run_0214,original,sipakmed,split_06,52,densenet121,B,original,image,0.94747144641470304,0.94736842105263153,,research-lab/experiments/registered-workflow/runs/primary/run_0214/metrics.json
run_0215,original,sipakmed,split_06,52,efficientnet_b0,A,original,image,0.94141220478475418,0.94078947368421051,,research-lab/experiments/registered-workflow/runs/primary/run_0215/metrics.json
run_0216,original,sipakmed,split_06,52,efficientnet_b0,B,original,image,0.94301290995940179,0.94243421052631582,,research-lab/experiments/registered-workflow/runs/primary/run_0216/metrics.json
run_0217,original,sipakmed,split_06,62,resnet18,A,original,image,0.97072778886276878,0.97039473684210531,,research-lab/experiments/registered-workflow/runs/primary/run_0217/metrics.json
run_0218,original,sipakmed,split_06,62,resnet18,B,original,image,0.97399357416155252,0.97368421052631582,,research-lab/experiments/registered-workflow/runs/primary/run_0218/metrics.json
run_0219,original,sipakmed,split_06,62,resnet50,A,original,image,0.96577665863179507,0.96546052631578949,,research-lab/experiments/registered-workflow/runs/primary/run_0219/metrics.json
run_0220,original,sipakmed,split_06,62,resnet50,B,original,image,0.96233860931370729,0.96217105263157898,,research-lab/experiments/registered-workflow/runs/primary/run_0220/metrics.json
run_0221,original,sipakmed,split_06,62,densenet121,A,original,image,0.93600688547035493,0.93585526315789469,,research-lab/experiments/registered-workflow/runs/primary/run_0221/metrics.json
run_0222,original,sipakmed,split_06,62,densenet121,B,original,image,0.95430322314012861,0.95394736842105265,,research-lab/experiments/registered-workflow/runs/primary/run_0222/metrics.json
run_0223,original,sipakmed,split_06,62,efficientnet_b0,A,original,image,0.94469089330934453,0.94407894736842102,,research-lab/experiments/registered-workflow/runs/primary/run_0223/metrics.json
run_0224,original,sipakmed,split_06,62,efficientnet_b0,B,original,image,0.9412644074575397,0.94078947368421051,,research-lab/experiments/registered-workflow/runs/primary/run_0224/metrics.json
run_0225,original,sipakmed,split_06,72,resnet18,A,original,image,0.97242001519804122,0.97203947368421051,,research-lab/experiments/registered-workflow/runs/primary/run_0225/metrics.json
run_0226,original,sipakmed,split_06,72,resnet18,B,original,image,0.97084843997884707,0.97039473684210531,,research-lab/experiments/registered-workflow/runs/primary/run_0226/metrics.json
run_0227,original,sipakmed,split_06,72,resnet50,A,original,image,0.9672722342453639,0.96710526315789469,,research-lab/experiments/registered-workflow/runs/primary/run_0227/metrics.json
run_0228,original,sipakmed,split_06,72,resnet50,B,original,image,0.97062890611989661,0.97039473684210531,,research-lab/experiments/registered-workflow/runs/primary/run_0228/metrics.json
run_0229,original,sipakmed,split_06,72,densenet121,A,original,image,0.95741788760785718,0.95723684210526316,,research-lab/experiments/registered-workflow/runs/primary/run_0229/metrics.json
run_0230,original,sipakmed,split_06,72,densenet121,B,original,image,0.9608599044145798,0.96052631578947367,,research-lab/experiments/registered-workflow/runs/primary/run_0230/metrics.json
run_0231,original,sipakmed,split_06,72,efficientnet_b0,A,original,image,0.94290381290968828,0.94243421052631582,,research-lab/experiments/registered-workflow/runs/primary/run_0231/metrics.json
run_0232,original,sipakmed,split_06,72,efficientnet_b0,B,original,image,0.94798446880405862,0.94736842105263153,,research-lab/experiments/registered-workflow/runs/primary/run_0232/metrics.json
run_0233,original,sipakmed,split_06,82,resnet18,A,original,image,0.97897937599153884,0.97861842105263153,,research-lab/experiments/registered-workflow/runs/primary/run_0233/metrics.json
run_0234,original,sipakmed,split_06,82,resnet18,B,original,image,0.96731022934821742,0.96710526315789469,,research-lab/experiments/registered-workflow/runs/primary/run_0234/metrics.json
run_0235,original,sipakmed,split_06,82,resnet50,A,original,image,0.95086121573332427,0.95065789473684215,,research-lab/experiments/registered-workflow/runs/primary/run_0235/metrics.json
run_0236,original,sipakmed,split_06,82,resnet50,B,original,image,0.96743421336805491,0.96710526315789469,,research-lab/experiments/registered-workflow/runs/primary/run_0236/metrics.json
run_0237,original,sipakmed,split_06,82,densenet121,A,original,image,0.94938251083419678,0.94901315789473684,,research-lab/experiments/registered-workflow/runs/primary/run_0237/metrics.json
run_0238,original,sipakmed,split_06,82,densenet121,B,original,image,0.9706355625274965,0.97039473684210531,,research-lab/experiments/registered-workflow/runs/primary/run_0238/metrics.json
run_0239,original,sipakmed,split_06,82,efficientnet_b0,A,original,image,0.93959797817396196,0.93914473684210531,,research-lab/experiments/registered-workflow/runs/primary/run_0239/metrics.json
run_0240,original,sipakmed,split_06,82,efficientnet_b0,B,original,image,0.944530897930971,0.94407894736842102,,research-lab/experiments/registered-workflow/runs/primary/run_0240/metrics.json
run_0241,original,sipakmed,split_07,42,resnet18,A,original,image,0.97083220384928171,0.97039473684210531,,research-lab/experiments/registered-workflow/runs/primary/run_0241/metrics.json
run_0242,original,sipakmed,split_07,42,resnet18,B,original,image,0.96729528118824004,0.96710526315789469,,research-lab/experiments/registered-workflow/runs/primary/run_0242/metrics.json
run_0243,original,sipakmed,split_07,42,resnet50,A,original,image,0.96253858353925159,0.96217105263157898,,research-lab/experiments/registered-workflow/runs/primary/run_0243/metrics.json
run_0244,original,sipakmed,split_07,42,resnet50,B,original,image,0.95439481489052513,0.95394736842105265,,research-lab/experiments/registered-workflow/runs/primary/run_0244/metrics.json
run_0245,original,sipakmed,split_07,42,densenet121,A,original,image,0.95096364697551972,0.95065789473684215,,research-lab/experiments/registered-workflow/runs/primary/run_0245/metrics.json
run_0246,original,sipakmed,split_07,42,densenet121,B,original,image,0.95253855509847285,0.95230263157894735,,research-lab/experiments/registered-workflow/runs/primary/run_0246/metrics.json
run_0247,original,sipakmed,split_07,42,efficientnet_b0,A,original,image,0.94602862109448649,0.94572368421052633,,research-lab/experiments/registered-workflow/runs/primary/run_0247/metrics.json
run_0248,original,sipakmed,split_07,42,efficientnet_b0,B,original,image,0.95260357403275564,0.95230263157894735,,research-lab/experiments/registered-workflow/runs/primary/run_0248/metrics.json
run_0249,original,sipakmed,split_07,52,resnet18,A,original,image,0.96243083564897969,0.96217105263157898,,research-lab/experiments/registered-workflow/runs/primary/run_0249/metrics.json
run_0250,original,sipakmed,split_07,52,resnet18,B,original,image,0.9672817433775579,0.96710526315789469,,research-lab/experiments/registered-workflow/runs/primary/run_0250/metrics.json
run_0251,original,sipakmed,split_07,52,resnet50,A,original,image,0.95921927218269654,0.95888157894736847,,research-lab/experiments/registered-workflow/runs/primary/run_0251/metrics.json
run_0252,original,sipakmed,split_07,52,resnet50,B,original,image,0.96108773002590764,0.96052631578947367,,research-lab/experiments/registered-workflow/runs/primary/run_0252/metrics.json
run_0253,original,sipakmed,split_07,52,densenet121,A,original,image,0.95588232374719906,0.95559210526315785,,research-lab/experiments/registered-workflow/runs/primary/run_0253/metrics.json
run_0254,original,sipakmed,split_07,52,densenet121,B,original,image,0.9510876309953572,0.95065789473684215,,research-lab/experiments/registered-workflow/runs/primary/run_0254/metrics.json
run_0255,original,sipakmed,split_07,52,efficientnet_b0,A,original,image,0.94604222949494043,0.94572368421052633,,research-lab/experiments/registered-workflow/runs/primary/run_0255/metrics.json
run_0256,original,sipakmed,split_07,52,efficientnet_b0,B,original,image,0.93430320768449349,0.93421052631578949,,research-lab/experiments/registered-workflow/runs/primary/run_0256/metrics.json
run_0257,original,sipakmed,split_07,62,resnet18,A,original,image,0.96554619589143731,0.96546052631578949,,research-lab/experiments/registered-workflow/runs/primary/run_0257/metrics.json
run_0258,original,sipakmed,split_07,62,resnet18,B,original,image,0.96263279361884135,0.96217105263157898,,research-lab/experiments/registered-workflow/runs/primary/run_0258/metrics.json
run_0259,original,sipakmed,split_07,62,resnet50,A,original,image,0.94755012553937501,0.94736842105263153,,research-lab/experiments/registered-workflow/runs/primary/run_0259/metrics.json
run_0260,original,sipakmed,split_07,62,resnet50,B,original,image,0.96593997751400928,0.96546052631578949,,research-lab/experiments/registered-workflow/runs/primary/run_0260/metrics.json
run_0261,original,sipakmed,split_07,62,densenet121,A,original,image,0.94586874809581989,0.94572368421052633,,research-lab/experiments/registered-workflow/runs/primary/run_0261/metrics.json
run_0262,original,sipakmed,split_07,62,densenet121,B,original,image,0.94931005972789495,0.94901315789473684,,research-lab/experiments/registered-workflow/runs/primary/run_0262/metrics.json
run_0263,original,sipakmed,split_07,62,efficientnet_b0,A,original,image,0.93441300050893639,0.93421052631578949,,research-lab/experiments/registered-workflow/runs/primary/run_0263/metrics.json
run_0264,original,sipakmed,split_07,62,efficientnet_b0,B,original,image,0.9462488601280844,0.94572368421052633,,research-lab/experiments/registered-workflow/runs/primary/run_0264/metrics.json
run_0265,original,sipakmed,split_07,72,resnet18,A,original,image,0.9672688401517513,0.96710526315789469,,research-lab/experiments/registered-workflow/runs/primary/run_0265/metrics.json
run_0266,original,sipakmed,split_07,72,resnet18,B,original,image,0.94743075299296642,0.94736842105263153,,research-lab/experiments/registered-workflow/runs/primary/run_0266/metrics.json
run_0267,original,sipakmed,split_07,72,resnet50,A,original,image,0.95128958896521887,0.95065789473684215,,research-lab/experiments/registered-workflow/runs/primary/run_0267/metrics.json
run_0268,original,sipakmed,split_07,72,resnet50,B,original,image,0.96421932639793084,0.96381578947368418,,research-lab/experiments/registered-workflow/runs/primary/run_0268/metrics.json
run_0269,original,sipakmed,split_07,72,densenet121,A,original,image,0.94741388227852519,0.94736842105263153,,research-lab/experiments/registered-workflow/runs/primary/run_0269/metrics.json
run_0270,original,sipakmed,split_07,72,densenet121,B,original,image,0.94110114036526071,0.94078947368421051,,research-lab/experiments/registered-workflow/runs/primary/run_0270/metrics.json
run_0271,original,sipakmed,split_07,72,efficientnet_b0,A,original,image,0.93927815122284442,0.93914473684210531,,research-lab/experiments/registered-workflow/runs/primary/run_0271/metrics.json
run_0272,original,sipakmed,split_07,72,efficientnet_b0,B,original,image,0.94274801001543229,0.94243421052631582,,research-lab/experiments/registered-workflow/runs/primary/run_0272/metrics.json
run_0273,original,sipakmed,split_07,82,resnet18,A,original,image,0.96416374600607035,0.96381578947368418,,research-lab/experiments/registered-workflow/runs/primary/run_0273/metrics.json
run_0274,original,sipakmed,split_07,82,resnet18,B,original,image,0.95730750258855524,0.95723684210526316,,research-lab/experiments/registered-workflow/runs/primary/run_0274/metrics.json
run_0275,original,sipakmed,split_07,82,resnet50,A,original,image,0.95571147947710844,0.95559210526315785,,research-lab/experiments/registered-workflow/runs/primary/run_0275/metrics.json
run_0276,original,sipakmed,split_07,82,resnet50,B,original,image,0.96915288073981576,0.96875,,research-lab/experiments/registered-workflow/runs/primary/run_0276/metrics.json
run_0277,original,sipakmed,split_07,82,densenet121,A,original,image,0.95413388243519037,0.95394736842105265,,research-lab/experiments/registered-workflow/runs/primary/run_0277/metrics.json
run_0278,original,sipakmed,split_07,82,densenet121,B,original,image,0.95765925102986726,0.95723684210526316,,research-lab/experiments/registered-workflow/runs/primary/run_0278/metrics.json
run_0279,original,sipakmed,split_07,82,efficientnet_b0,A,original,image,0.93784345384937584,0.9375,,research-lab/experiments/registered-workflow/runs/primary/run_0279/metrics.json
run_0280,original,sipakmed,split_07,82,efficientnet_b0,B,original,image,0.93943196097286441,0.93914473684210531,,research-lab/experiments/registered-workflow/runs/primary/run_0280/metrics.json
run_0281,original,sipakmed,split_08,42,resnet18,A,original,image,0.95895834912728017,0.95888157894736847,,research-lab/experiments/registered-workflow/runs/primary/run_0281/metrics.json
run_0282,original,sipakmed,split_08,42,resnet18,B,original,image,0.95890745079862028,0.95888157894736847,,research-lab/experiments/registered-workflow/runs/primary/run_0282/metrics.json
run_0283,original,sipakmed,split_08,42,resnet50,A,original,image,0.96569726493255748,0.96546052631578949,,research-lab/experiments/registered-workflow/runs/primary/run_0283/metrics.json
run_0284,original,sipakmed,split_08,42,resnet50,B,original,image,0.97041532349389859,0.97039473684210531,,research-lab/experiments/registered-workflow/runs/primary/run_0284/metrics.json
run_0285,original,sipakmed,split_08,42,densenet121,A,original,image,0.94550206089444888,0.94572368421052633,,research-lab/experiments/registered-workflow/runs/primary/run_0285/metrics.json
run_0286,original,sipakmed,split_08,42,densenet121,B,original,image,0.95087270860983575,0.95065789473684215,,research-lab/experiments/registered-workflow/runs/primary/run_0286/metrics.json
run_0287,original,sipakmed,split_08,42,efficientnet_b0,A,original,image,0.95733658075407368,0.95723684210526316,,research-lab/experiments/registered-workflow/runs/primary/run_0287/metrics.json
run_0288,original,sipakmed,split_08,42,efficientnet_b0,B,original,image,0.95732432151306157,0.95723684210526316,,research-lab/experiments/registered-workflow/runs/primary/run_0288/metrics.json
run_0289,original,sipakmed,split_08,52,resnet18,A,original,image,0.95546549518175095,0.95559210526315785,,research-lab/experiments/registered-workflow/runs/primary/run_0289/metrics.json
run_0290,original,sipakmed,split_08,52,resnet18,B,original,image,0.95917385430774238,0.95888157894736847,,research-lab/experiments/registered-workflow/runs/primary/run_0290/metrics.json
run_0291,original,sipakmed,split_08,52,resnet50,A,original,image,0.9622132855343466,0.96217105263157898,,research-lab/experiments/registered-workflow/runs/primary/run_0291/metrics.json
run_0292,original,sipakmed,split_08,52,resnet50,B,original,image,0.97033202349587933,0.97039473684210531,,research-lab/experiments/registered-workflow/runs/primary/run_0292/metrics.json
run_0293,original,sipakmed,split_08,52,densenet121,A,original,image,0.955750118564756,0.95559210526315785,,research-lab/experiments/registered-workflow/runs/primary/run_0293/metrics.json
run_0294,original,sipakmed,split_08,52,densenet121,B,original,image,0.95721458047855368,0.95723684210526316,,research-lab/experiments/registered-workflow/runs/primary/run_0294/metrics.json
run_0295,original,sipakmed,split_08,52,efficientnet_b0,A,original,image,0.95743079083366356,0.95723684210526316,,research-lab/experiments/registered-workflow/runs/primary/run_0295/metrics.json
run_0296,original,sipakmed,split_08,52,efficientnet_b0,B,original,image,0.95563968175551905,0.95559210526315785,,research-lab/experiments/registered-workflow/runs/primary/run_0296/metrics.json
run_0297,original,sipakmed,split_08,62,resnet18,A,original,image,0.96383640306699458,0.96381578947368418,,research-lab/experiments/registered-workflow/runs/primary/run_0297/metrics.json
run_0298,original,sipakmed,split_08,62,resnet18,B,original,image,0.9687441603571848,0.96875,,research-lab/experiments/registered-workflow/runs/primary/run_0298/metrics.json
run_0299,original,sipakmed,split_08,62,resnet50,A,original,image,0.97035910851716201,0.97039473684210531,,research-lab/experiments/registered-workflow/runs/primary/run_0299/metrics.json
run_0300,original,sipakmed,split_08,62,resnet50,B,original,image,0.97526558723768253,0.97532894736842102,,research-lab/experiments/registered-workflow/runs/primary/run_0300/metrics.json
run_0301,original,sipakmed,split_08,62,densenet121,A,original,image,0.95411077430246094,0.95394736842105265,,research-lab/experiments/registered-workflow/runs/primary/run_0301/metrics.json
run_0302,original,sipakmed,split_08,62,densenet121,B,original,image,0.95427409318467493,0.95394736842105265,,research-lab/experiments/registered-workflow/runs/primary/run_0302/metrics.json
run_0303,original,sipakmed,split_08,62,efficientnet_b0,A,original,image,0.95409653131713112,0.95394736842105265,,research-lab/experiments/registered-workflow/runs/primary/run_0303/metrics.json
run_0304,original,sipakmed,split_08,62,efficientnet_b0,B,original,image,0.95232164896863392,0.95230263157894735,,research-lab/experiments/registered-workflow/runs/primary/run_0304/metrics.json
run_0305,original,sipakmed,split_08,72,resnet18,A,original,image,0.96195370223845345,0.96217105263157898,,research-lab/experiments/registered-workflow/runs/primary/run_0305/metrics.json
run_0306,original,sipakmed,split_08,72,resnet18,B,original,image,0.96546751676676545,0.96546052631578949,,research-lab/experiments/registered-workflow/runs/primary/run_0306/metrics.json
run_0307,original,sipakmed,split_08,72,resnet50,A,original,image,0.96377195752773415,0.96381578947368418,,research-lab/experiments/registered-workflow/runs/primary/run_0307/metrics.json
run_0308,original,sipakmed,split_08,72,resnet50,B,original,image,0.97069999866683843,0.97039473684210531,,research-lab/experiments/registered-workflow/runs/primary/run_0308/metrics.json
run_0309,original,sipakmed,split_08,72,densenet121,A,original,image,0.96394882362054868,0.96381578947368418,,research-lab/experiments/registered-workflow/runs/primary/run_0309/metrics.json
run_0310,original,sipakmed,split_08,72,densenet121,B,original,image,0.95898881884225706,0.95888157894736847,,research-lab/experiments/registered-workflow/runs/primary/run_0310/metrics.json
run_0311,original,sipakmed,split_08,72,efficientnet_b0,A,original,image,0.95900038230854023,0.95888157894736847,,research-lab/experiments/registered-workflow/runs/primary/run_0311/metrics.json
run_0312,original,sipakmed,split_08,72,efficientnet_b0,B,original,image,0.96379974772366439,0.96381578947368418,,research-lab/experiments/registered-workflow/runs/primary/run_0312/metrics.json
run_0313,original,sipakmed,split_08,82,resnet18,A,original,image,0.95846901766559522,0.95888157894736847,,research-lab/experiments/registered-workflow/runs/primary/run_0313/metrics.json
run_0314,original,sipakmed,split_08,82,resnet18,B,original,image,0.96088301254730946,0.96052631578947367,,research-lab/experiments/registered-workflow/runs/primary/run_0314/metrics.json
run_0315,original,sipakmed,split_08,82,resnet50,A,original,image,0.96034284394681779,0.96052631578947367,,research-lab/experiments/registered-workflow/runs/primary/run_0315/metrics.json
run_0316,original,sipakmed,split_08,82,resnet50,B,original,image,0.97873538484041711,0.97861842105263153,,research-lab/experiments/registered-workflow/runs/primary/run_0316/metrics.json
run_0317,original,sipakmed,split_08,82,densenet121,A,original,image,0.95740300063773331,0.95723684210526316,,research-lab/experiments/registered-workflow/runs/primary/run_0317/metrics.json
run_0318,original,sipakmed,split_08,82,densenet121,B,original,image,0.95923345397817283,0.95888157894736847,,research-lab/experiments/registered-workflow/runs/primary/run_0318/metrics.json
run_0319,original,sipakmed,split_08,82,efficientnet_b0,A,original,image,0.95573523159463214,0.95559210526315785,,research-lab/experiments/registered-workflow/runs/primary/run_0319/metrics.json
run_0320,original,sipakmed,split_08,82,efficientnet_b0,B,original,image,0.95573523159463214,0.95559210526315785,,research-lab/experiments/registered-workflow/runs/primary/run_0320/metrics.json
run_0321,original,sipakmed,split_09,42,resnet18,A,original,image,0.95607413799999108,0.95559210526315785,,research-lab/experiments/registered-workflow/runs/primary/run_0321/metrics.json
run_0322,original,sipakmed,split_09,42,resnet18,B,original,image,0.96702624995000641,0.96710526315789469,,research-lab/experiments/registered-workflow/runs/primary/run_0322/metrics.json
run_0323,original,sipakmed,split_09,42,resnet50,A,original,image,0.95916504095027744,0.95888157894736847,,research-lab/experiments/registered-workflow/runs/primary/run_0323/metrics.json
run_0324,original,sipakmed,split_09,42,resnet50,B,original,image,0.96415417568402295,0.96381578947368418,,research-lab/experiments/registered-workflow/runs/primary/run_0324/metrics.json
run_0325,original,sipakmed,split_09,42,densenet121,A,original,image,0.94451337383181733,0.94407894736842102,,research-lab/experiments/registered-workflow/runs/primary/run_0325/metrics.json
run_0326,original,sipakmed,split_09,42,densenet121,B,original,image,0.95599276055643601,0.95559210526315785,,research-lab/experiments/registered-workflow/runs/primary/run_0326/metrics.json
run_0327,original,sipakmed,split_09,42,efficientnet_b0,A,original,image,0.93473900368848883,0.93421052631578949,,research-lab/experiments/registered-workflow/runs/primary/run_0327/metrics.json
run_0328,original,sipakmed,split_09,42,efficientnet_b0,B,original,image,0.93963130061353295,0.93914473684210531,,research-lab/experiments/registered-workflow/runs/primary/run_0328/metrics.json
run_0329,original,sipakmed,split_09,52,resnet18,A,original,image,0.96729732612241082,0.96710526315789469,,research-lab/experiments/registered-workflow/runs/primary/run_0329/metrics.json
run_0330,original,sipakmed,split_09,52,resnet18,B,original,image,0.96234951939527791,0.96217105263157898,,research-lab/experiments/registered-workflow/runs/primary/run_0330/metrics.json
run_0331,original,sipakmed,split_09,52,resnet50,A,original,image,0.95424233550010995,0.95394736842105265,,research-lab/experiments/registered-workflow/runs/primary/run_0331/metrics.json
run_0332,original,sipakmed,split_09,52,resnet50,B,original,image,0.97061670806873779,0.97039473684210531,,research-lab/experiments/registered-workflow/runs/primary/run_0332/metrics.json
run_0333,original,sipakmed,split_09,52,densenet121,A,original,image,0.95596567553515333,0.95559210526315785,,research-lab/experiments/registered-workflow/runs/primary/run_0333/metrics.json
run_0334,original,sipakmed,split_09,52,densenet121,B,original,image,0.95768831979546731,0.95723684210526316,,research-lab/experiments/registered-workflow/runs/primary/run_0334/metrics.json
run_0335,original,sipakmed,split_09,52,efficientnet_b0,A,original,image,0.93309838085652397,0.93256578947368418,,research-lab/experiments/registered-workflow/runs/primary/run_0335/metrics.json
run_0336,original,sipakmed,split_09,52,efficientnet_b0,B,original,image,0.93626932149084219,0.93585526315789469,,research-lab/experiments/registered-workflow/runs/primary/run_0336/metrics.json
run_0337,original,sipakmed,split_09,62,resnet18,A,original,image,0.94773656195423706,0.94736842105263153,,research-lab/experiments/registered-workflow/runs/primary/run_0337/metrics.json
run_0338,original,sipakmed,split_09,62,resnet18,B,original,image,0.96430126783658987,0.96381578947368418,,research-lab/experiments/registered-workflow/runs/primary/run_0338/metrics.json
run_0339,original,sipakmed,split_09,62,resnet50,A,original,image,0.94966116418441282,0.94901315789473684,,research-lab/experiments/registered-workflow/runs/primary/run_0339/metrics.json
run_0340,original,sipakmed,split_09,62,resnet50,B,original,image,0.96745930524510171,0.96710526315789469,,research-lab/experiments/registered-workflow/runs/primary/run_0340/metrics.json
run_0341,original,sipakmed,split_09,62,densenet121,A,original,image,0.95257788996084947,0.95230263157894735,,research-lab/experiments/registered-workflow/runs/primary/run_0341/metrics.json
run_0342,original,sipakmed,split_09,62,densenet121,B,original,image,0.94765716825499935,0.94736842105263153,,research-lab/experiments/registered-workflow/runs/primary/run_0342/metrics.json
run_0343,original,sipakmed,split_09,62,efficientnet_b0,A,original,image,0.94125844682466919,0.94078947368421051,,research-lab/experiments/registered-workflow/runs/primary/run_0343/metrics.json
run_0344,original,sipakmed,split_09,62,efficientnet_b0,B,original,image,0.94125844682466919,0.94078947368421051,,research-lab/experiments/registered-workflow/runs/primary/run_0344/metrics.json
run_0345,original,sipakmed,split_09,72,resnet18,A,original,image,0.96252369656912773,0.96217105263157898,,research-lab/experiments/registered-workflow/runs/primary/run_0345/metrics.json
run_0346,original,sipakmed,split_09,72,resnet18,B,original,image,0.97072643970332706,0.97039473684210531,,research-lab/experiments/registered-workflow/runs/primary/run_0346/metrics.json
run_0347,original,sipakmed,split_09,72,resnet50,A,original,image,0.96261996098280667,0.96217105263157898,,research-lab/experiments/registered-workflow/runs/primary/run_0347/metrics.json
run_0348,original,sipakmed,split_09,72,resnet50,B,original,image,0.96086060018930897,0.96052631578947367,,research-lab/experiments/registered-workflow/runs/primary/run_0348/metrics.json
run_0349,original,sipakmed,split_09,72,densenet121,A,original,image,0.94633022817172119,0.94572368421052633,,research-lab/experiments/registered-workflow/runs/primary/run_0349/metrics.json
run_0350,original,sipakmed,split_09,72,densenet121,B,original,image,0.96583484795293051,0.96546052631578949,,research-lab/experiments/registered-workflow/runs/primary/run_0350/metrics.json
run_0351,original,sipakmed,split_09,72,efficientnet_b0,A,original,image,0.94135265690425884,0.94078947368421051,,research-lab/experiments/registered-workflow/runs/primary/run_0351/metrics.json
run_0352,original,sipakmed,split_09,72,efficientnet_b0,B,original,image,0.94631470661672146,0.94572368421052633,,research-lab/experiments/registered-workflow/runs/primary/run_0352/metrics.json
run_0353,original,sipakmed,split_09,82,resnet18,A,original,image,0.96252638548809255,0.96217105263157898,,research-lab/experiments/registered-workflow/runs/primary/run_0353/metrics.json
run_0354,original,sipakmed,split_09,82,resnet18,B,original,image,0.96560843269089758,0.96546052631578949,,research-lab/experiments/registered-workflow/runs/primary/run_0354/metrics.json
run_0355,original,sipakmed,split_09,82,resnet50,A,original,image,0.94773656195423706,0.94736842105263153,,research-lab/experiments/registered-workflow/runs/primary/run_0355/metrics.json
run_0356,original,sipakmed,split_09,82,resnet50,B,original,image,0.95733529278448548,0.95723684210526316,,research-lab/experiments/registered-workflow/runs/primary/run_0356/metrics.json
run_0357,original,sipakmed,split_09,82,densenet121,A,original,image,0.94794114765321014,0.94736842105263153,,research-lab/experiments/registered-workflow/runs/primary/run_0357/metrics.json
run_0358,original,sipakmed,split_09,82,densenet121,B,original,image,0.95567213521481342,0.95559210526315785,,research-lab/experiments/registered-workflow/runs/primary/run_0358/metrics.json
run_0359,original,sipakmed,split_09,82,efficientnet_b0,A,original,image,0.93625705284991145,0.93585526315789469,,research-lab/experiments/registered-workflow/runs/primary/run_0359/metrics.json
run_0360,original,sipakmed,split_09,82,efficientnet_b0,B,original,image,0.93936220818544602,0.93914473684210531,,research-lab/experiments/registered-workflow/runs/primary/run_0360/metrics.json
run_0361,original,sipakmed,split_10,42,resnet18,A,original,image,0.96564246030511625,0.96546052631578949,,research-lab/experiments/registered-workflow/runs/primary/run_0361/metrics.json
run_0362,original,sipakmed,split_10,42,resnet18,B,original,image,0.9768493605080355,0.97697368421052633,,research-lab/experiments/registered-workflow/runs/primary/run_0362/metrics.json
run_0363,original,sipakmed,split_10,42,resnet50,A,original,image,0.96386622879717732,0.96381578947368418,,research-lab/experiments/registered-workflow/runs/primary/run_0363/metrics.json
run_0364,original,sipakmed,split_10,42,resnet50,B,original,image,0.97516868823912795,0.97532894736842102,,research-lab/experiments/registered-workflow/runs/primary/run_0364/metrics.json
run_0365,original,sipakmed,split_10,42,densenet121,A,original,image,0.96732108763985303,0.96710526315789469,,research-lab/experiments/registered-workflow/runs/primary/run_0365/metrics.json
run_0366,original,sipakmed,split_10,42,densenet121,B,original,image,0.97378623835376099,0.97368421052631582,,research-lab/experiments/registered-workflow/runs/primary/run_0366/metrics.json
run_0367,original,sipakmed,split_10,42,efficientnet_b0,A,original,image,0.94929377180839436,0.94901315789473684,,research-lab/experiments/registered-workflow/runs/primary/run_0367/metrics.json
run_0368,original,sipakmed,split_10,42,efficientnet_b0,B,original,image,0.94755823372219228,0.94736842105263153,,research-lab/experiments/registered-workflow/runs/primary/run_0368/metrics.json
run_0369,original,sipakmed,split_10,52,resnet18,A,original,image,0.96706354927813076,0.96710526315789469,,research-lab/experiments/registered-workflow/runs/primary/run_0369/metrics.json
run_0370,original,sipakmed,split_10,52,resnet18,B,original,image,0.96549267923358428,0.96546052631578949,,research-lab/experiments/registered-workflow/runs/primary/run_0370/metrics.json
run_0371,original,sipakmed,split_10,52,resnet50,A,original,image,0.96223844800116543,0.96217105263157898,,research-lab/experiments/registered-workflow/runs/primary/run_0371/metrics.json
run_0372,original,sipakmed,split_10,52,resnet50,B,original,image,0.97228377193719129,0.97203947368421051,,research-lab/experiments/registered-workflow/runs/primary/run_0372/metrics.json
run_0373,original,sipakmed,split_10,52,densenet121,A,original,image,0.96073259689090162,0.96052631578947367,,research-lab/experiments/registered-workflow/runs/primary/run_0373/metrics.json
run_0374,original,sipakmed,split_10,52,densenet121,B,original,image,0.9655461441015023,0.96546052631578949,,research-lab/experiments/registered-workflow/runs/primary/run_0374/metrics.json
run_0375,original,sipakmed,split_10,52,efficientnet_b0,A,original,image,0.94609441579318854,0.94572368421052633,,research-lab/experiments/registered-workflow/runs/primary/run_0375/metrics.json
run_0376,original,sipakmed,split_10,52,efficientnet_b0,B,original,image,0.944224618190454,0.94407894736842102,,research-lab/experiments/registered-workflow/runs/primary/run_0376/metrics.json
run_0377,original,sipakmed,split_10,62,resnet18,A,original,image,0.96090677406475145,0.96052631578947367,,research-lab/experiments/registered-workflow/runs/primary/run_0377/metrics.json
run_0378,original,sipakmed,split_10,62,resnet18,B,original,image,0.96024665012291077,0.96052631578947367,,research-lab/experiments/registered-workflow/runs/primary/run_0378/metrics.json
run_0379,original,sipakmed,split_10,62,resnet50,A,original,image,0.97525005628276473,0.97532894736842102,,research-lab/experiments/registered-workflow/runs/primary/run_0379/metrics.json
run_0380,original,sipakmed,split_10,62,resnet50,B,original,image,0.97065598174126111,0.97039473684210531,,research-lab/experiments/registered-workflow/runs/primary/run_0380/metrics.json
run_0381,original,sipakmed,split_10,62,densenet121,A,original,image,0.96561262517501523,0.96546052631578949,,research-lab/experiments/registered-workflow/runs/primary/run_0381/metrics.json
run_0382,original,sipakmed,split_10,62,densenet121,B,original,image,0.97232311619948641,0.97203947368421051,,research-lab/experiments/registered-workflow/runs/primary/run_0382/metrics.json
run_0383,original,sipakmed,split_10,62,efficientnet_b0,A,original,image,0.9459046464745674,0.94572368421052633,,research-lab/experiments/registered-workflow/runs/primary/run_0383/metrics.json
run_0384,original,sipakmed,split_10,62,efficientnet_b0,B,original,image,0.95406337268318941,0.95394736842105265,,research-lab/experiments/registered-workflow/runs/primary/run_0384/metrics.json
run_0385,original,sipakmed,split_10,72,resnet18,A,original,image,0.96074952879519626,0.96052631578947367,,research-lab/experiments/registered-workflow/runs/primary/run_0385/metrics.json
run_0386,original,sipakmed,split_10,72,resnet18,B,original,image,0.96860862227098254,0.96875,,research-lab/experiments/registered-workflow/runs/primary/run_0386/metrics.json
run_0387,original,sipakmed,split_10,72,resnet50,A,original,image,0.9736100774355938,0.97368421052631582,,research-lab/experiments/registered-workflow/runs/primary/run_0387/metrics.json
run_0388,original,sipakmed,split_10,72,resnet50,B,original,image,0.98046830459742629,0.98026315789473684,,research-lab/experiments/registered-workflow/runs/primary/run_0388/metrics.json
run_0389,original,sipakmed,split_10,72,densenet121,A,original,image,0.97065400739686203,0.97039473684210531,,research-lab/experiments/registered-workflow/runs/primary/run_0389/metrics.json
run_0390,original,sipakmed,split_10,72,densenet121,B,original,image,0.958727956976694,0.95888157894736847,,research-lab/experiments/registered-workflow/runs/primary/run_0390/metrics.json
run_0391,original,sipakmed,split_10,72,efficientnet_b0,A,original,image,0.94270598623409063,0.94243421052631582,,research-lab/experiments/registered-workflow/runs/primary/run_0391/metrics.json
run_0392,original,sipakmed,split_10,72,efficientnet_b0,B,original,image,0.94048240465579158,0.94078947368421051,,research-lab/experiments/registered-workflow/runs/primary/run_0392/metrics.json
run_0393,original,sipakmed,split_10,82,resnet18,A,original,image,0.96053267445529245,0.96052631578947367,,research-lab/experiments/registered-workflow/runs/primary/run_0393/metrics.json
run_0394,original,sipakmed,split_10,82,resnet18,B,original,image,0.96870558245939065,0.96875,,research-lab/experiments/registered-workflow/runs/primary/run_0394/metrics.json
run_0395,original,sipakmed,split_10,82,resnet50,A,original,image,0.97542487744140849,0.97532894736842102,,research-lab/experiments/registered-workflow/runs/primary/run_0395/metrics.json
run_0396,original,sipakmed,split_10,82,resnet50,B,original,image,0.98048318216763164,0.98026315789473684,,research-lab/experiments/registered-workflow/runs/primary/run_0396/metrics.json
run_0397,original,sipakmed,split_10,82,densenet121,A,original,image,0.96544860111815345,0.96546052631578949,,research-lab/experiments/registered-workflow/runs/primary/run_0397/metrics.json
run_0398,original,sipakmed,split_10,82,densenet121,B,original,image,0.96578949126782976,0.96546052631578949,,research-lab/experiments/registered-workflow/runs/primary/run_0398/metrics.json
run_0399,original,sipakmed,split_10,82,efficientnet_b0,A,original,image,0.94597439926198601,0.94572368421052633,,research-lab/experiments/registered-workflow/runs/primary/run_0399/metrics.json
run_0400,original,sipakmed,split_10,82,efficientnet_b0,B,original,image,0.93940213524268168,0.93914473684210531,,research-lab/experiments/registered-workflow/runs/primary/run_0400/metrics.json
run_0401,original,organamnist,split_01,42,resnet18,A,original,image,0.99149004784292571,0.99161473087818697,,research-lab/experiments/registered-workflow/runs/primary/run_0401/metrics.json
run_0402,original,organamnist,split_01,42,resnet18,B,original,image,0.99626560463629377,0.99580736543909354,,research-lab/experiments/registered-workflow/runs/primary/run_0402/metrics.json
run_0403,original,organamnist,split_01,42,resnet50,A,original,image,0.99391204361584284,0.99320113314447589,,research-lab/experiments/registered-workflow/runs/primary/run_0403/metrics.json
run_0404,original,organamnist,split_01,42,resnet50,B,original,image,0.9966665614978687,0.99660056657223794,,research-lab/experiments/registered-workflow/runs/primary/run_0404/metrics.json
run_0405,original,organamnist,split_01,42,densenet121,A,original,image,0.99269232283599684,0.99263456090651558,,research-lab/experiments/registered-workflow/runs/primary/run_0405/metrics.json
run_0406,original,organamnist,split_01,42,densenet121,B,original,image,0.99330136195393903,0.99263456090651558,,research-lab/experiments/registered-workflow/runs/primary/run_0406/metrics.json
run_0407,original,organamnist,split_01,42,efficientnet_b0,A,original,image,0.96529848735273438,0.96294617563739382,,research-lab/experiments/registered-workflow/runs/primary/run_0407/metrics.json
run_0408,original,organamnist,split_01,42,efficientnet_b0,B,original,image,0.96344035036585318,0.96249291784702551,,research-lab/experiments/registered-workflow/runs/primary/run_0408/metrics.json
run_0409,original,organamnist,split_01,52,resnet18,A,original,image,0.99617011669106159,0.99592067988668553,,research-lab/experiments/registered-workflow/runs/primary/run_0409/metrics.json
run_0410,original,organamnist,split_01,52,resnet18,B,original,image,0.99603136777555246,0.99580736543909354,,research-lab/experiments/registered-workflow/runs/primary/run_0410/metrics.json
run_0411,original,organamnist,split_01,52,resnet50,A,original,image,0.99354496462397601,0.99399433427762041,,research-lab/experiments/registered-workflow/runs/primary/run_0411/metrics.json
run_0412,original,organamnist,split_01,52,resnet50,B,original,image,0.99759509573176997,0.99739376770538246,,research-lab/experiments/registered-workflow/runs/primary/run_0412/metrics.json
run_0413,original,organamnist,split_01,52,densenet121,A,original,image,0.99150419041849591,0.99070821529745046,,research-lab/experiments/registered-workflow/runs/primary/run_0413/metrics.json
run_0414,original,organamnist,split_01,52,densenet121,B,original,image,0.99444870821602505,0.99422096317280451,,research-lab/experiments/registered-workflow/runs/primary/run_0414/metrics.json
run_0415,original,organamnist,split_01,52,efficientnet_b0,A,original,image,0.9668836341078445,0.96487252124645895,,research-lab/experiments/registered-workflow/runs/primary/run_0415/metrics.json
run_0416,original,organamnist,split_01,52,efficientnet_b0,B,original,image,0.96586450322603634,0.96373937677053823,,research-lab/experiments/registered-workflow/runs/primary/run_0416/metrics.json
run_0417,original,organamnist,split_01,62,resnet18,A,original,image,0.99488584005275815,0.99467422096317282,,research-lab/experiments/registered-workflow/runs/primary/run_0417/metrics.json
run_0418,original,organamnist,split_01,62,resnet18,B,original,image,0.99570689962779635,0.99512747875354113,,research-lab/experiments/registered-workflow/runs/primary/run_0418/metrics.json
run_0419,original,organamnist,split_01,62,resnet50,A,original,image,0.99657037092929035,0.99648725212464584,,research-lab/experiments/registered-workflow/runs/primary/run_0419/metrics.json
run_0420,original,organamnist,split_01,62,resnet50,B,original,image,0.99414632010162518,0.9936543909348442,,research-lab/experiments/registered-workflow/runs/primary/run_0420/metrics.json
run_0421,original,organamnist,split_01,62,densenet121,A,original,image,0.99155655923811958,0.99150141643059486,,research-lab/experiments/registered-workflow/runs/primary/run_0421/metrics.json
run_0422,original,organamnist,split_01,62,densenet121,B,original,image,0.99268201461721017,0.99263456090651558,,research-lab/experiments/registered-workflow/runs/primary/run_0422/metrics.json
run_0423,original,organamnist,split_01,62,efficientnet_b0,A,original,image,0.96525147507355158,0.96407932011331443,,research-lab/experiments/registered-workflow/runs/primary/run_0423/metrics.json
run_0424,original,organamnist,split_01,62,efficientnet_b0,B,original,image,0.96676194485430245,0.96555240793201136,,research-lab/experiments/registered-workflow/runs/primary/run_0424/metrics.json
run_0425,original,organamnist,split_01,72,resnet18,A,original,image,0.99633328835747537,0.99660056657223794,,research-lab/experiments/registered-workflow/runs/primary/run_0425/metrics.json
run_0426,original,organamnist,split_01,72,resnet18,B,original,image,0.99695585511318396,0.99694050991501415,,research-lab/experiments/registered-workflow/runs/primary/run_0426/metrics.json
run_0427,original,organamnist,split_01,72,resnet50,A,original,image,0.99575014001405182,0.99546742209631733,,research-lab/experiments/registered-workflow/runs/primary/run_0427/metrics.json
run_0428,original,organamnist,split_01,72,resnet50,B,original,image,0.99672567209425433,0.99671388101983005,,research-lab/experiments/registered-workflow/runs/primary/run_0428/metrics.json
run_0429,original,organamnist,split_01,72,densenet121,A,original,image,0.99309373678101531,0.99184135977337107,,research-lab/experiments/registered-workflow/runs/primary/run_0429/metrics.json
run_0430,original,organamnist,split_01,72,densenet121,B,original,image,0.99344274330978133,0.99297450424929179,,research-lab/experiments/registered-workflow/runs/primary/run_0430/metrics.json
run_0431,original,organamnist,split_01,72,efficientnet_b0,A,original,image,0.96618982735731973,0.96543909348441925,,research-lab/experiments/registered-workflow/runs/primary/run_0431/metrics.json
run_0432,original,organamnist,split_01,72,efficientnet_b0,B,original,image,0.96618982735731973,0.96543909348441925,,research-lab/experiments/registered-workflow/runs/primary/run_0432/metrics.json
run_0433,original,organamnist,split_01,82,resnet18,A,original,image,0.99285281967670502,0.99308781869688389,,research-lab/experiments/registered-workflow/runs/primary/run_0433/metrics.json
run_0434,original,organamnist,split_01,82,resnet18,B,original,image,0.99556679693972749,0.99569405099150143,,research-lab/experiments/registered-workflow/runs/primary/run_0434/metrics.json
run_0435,original,organamnist,split_01,82,resnet50,A,original,image,0.99273414595489951,0.99297450424929179,,research-lab/experiments/registered-workflow/runs/primary/run_0435/metrics.json
run_0436,original,organamnist,split_01,82,resnet50,B,original,image,0.99591667028032527,0.99614730878186963,,research-lab/experiments/registered-workflow/runs/primary/run_0436/metrics.json
run_0437,original,organamnist,split_01,82,densenet121,A,original,image,0.98923474443729942,0.98980169971671383,,research-lab/experiments/registered-workflow/runs/primary/run_0437/metrics.json
run_0438,original,organamnist,split_01,82,densenet121,B,original,image,0.99315471452531168,0.9936543909348442,,research-lab/experiments/registered-workflow/runs/primary/run_0438/metrics.json
run_0439,original,organamnist,split_01,82,efficientnet_b0,A,original,image,0.96412643714879143,0.96339943342776202,,research-lab/experiments/registered-workflow/runs/primary/run_0439/metrics.json
run_0440,original,organamnist,split_01,82,efficientnet_b0,B,original,image,0.96354257884019345,0.96294617563739382,,research-lab/experiments/registered-workflow/runs/primary/run_0440/metrics.json
run_0441,original,organamnist,split_02,42,resnet18,A,original,image,0.99302726706286737,0.9938810198300283,,research-lab/experiments/registered-workflow/runs/primary/run_0441/metrics.json
run_0442,original,organamnist,split_02,42,resnet18,B,original,image,0.99447971509940014,0.99422096317280451,,research-lab/experiments/registered-workflow/runs/primary/run_0442/metrics.json
run_0443,original,organamnist,split_02,42,resnet50,A,original,image,0.99399318980860374,0.99524079320113312,,research-lab/experiments/registered-workflow/runs/primary/run_0443/metrics.json
run_0444,original,organamnist,split_02,42,resnet50,B,original,image,0.99514280959078472,0.99558073654390933,,research-lab/experiments/registered-workflow/runs/primary/run_0444/metrics.json
run_0445,original,organamnist,split_02,42,densenet121,A,original,image,0.98757600879930463,0.98844192634560901,,research-lab/experiments/registered-workflow/runs/primary/run_0445/metrics.json
run_0446,original,organamnist,split_02,42,densenet121,B,original,image,0.99002654396037815,0.99059490084985835,,research-lab/experiments/registered-workflow/runs/primary/run_0446/metrics.json
run_0447,original,organamnist,split_02,42,efficientnet_b0,A,original,image,0.95706467705949916,0.9555807365439094,,research-lab/experiments/registered-workflow/runs/primary/run_0447/metrics.json
run_0448,original,organamnist,split_02,42,efficientnet_b0,B,original,image,0.95857486850999674,0.95807365439093484,,research-lab/experiments/registered-workflow/runs/primary/run_0448/metrics.json
run_0449,original,organamnist,split_02,52,resnet18,A,original,image,0.99379352897308981,0.99410764872521251,,research-lab/experiments/registered-workflow/runs/primary/run_0449/metrics.json
run_0450,original,organamnist,split_02,52,resnet18,B,original,image,0.9954350275083077,0.99580736543909354,,research-lab/experiments/registered-workflow/runs/primary/run_0450/metrics.json
run_0451,original,organamnist,split_02,52,resnet50,A,original,image,0.99053191397466667,0.99082152974504245,,research-lab/experiments/registered-workflow/runs/primary/run_0451/metrics.json
run_0452,original,organamnist,split_02,52,resnet50,B,original,image,0.99524165835718759,0.99592067988668553,,research-lab/experiments/registered-workflow/runs/primary/run_0452/metrics.json
run_0453,original,organamnist,split_02,52,densenet121,A,original,image,0.98806051630935177,0.98844192634560901,,research-lab/experiments/registered-workflow/runs/primary/run_0453/metrics.json
run_0454,original,organamnist,split_02,52,densenet121,B,original,image,0.99292744120462129,0.99331444759206799,,research-lab/experiments/registered-workflow/runs/primary/run_0454/metrics.json
run_0455,original,organamnist,split_02,52,efficientnet_b0,A,original,image,0.96250252370978873,0.961586402266289,,research-lab/experiments/registered-workflow/runs/primary/run_0455/metrics.json
run_0456,original,organamnist,split_02,52,efficientnet_b0,B,original,image,0.9608111031771791,0.95977337110481586,,research-lab/experiments/registered-workflow/runs/primary/run_0456/metrics.json
run_0457,original,organamnist,split_02,62,resnet18,A,original,image,0.99014848349525297,0.98980169971671383,,research-lab/experiments/registered-workflow/runs/primary/run_0457/metrics.json
run_0458,original,organamnist,split_02,62,resnet18,B,original,image,0.99557033478957024,0.99592067988668553,,research-lab/experiments/registered-workflow/runs/primary/run_0458/metrics.json
run_0459,original,organamnist,split_02,62,resnet50,A,original,image,0.99355151276833342,0.99410764872521251,,research-lab/experiments/registered-workflow/runs/primary/run_0459/metrics.json
run_0460,original,organamnist,split_02,62,resnet50,B,original,image,0.99649338362424311,0.99671388101983005,,research-lab/experiments/registered-workflow/runs/primary/run_0460/metrics.json
run_0461,original,organamnist,split_02,62,densenet121,A,original,image,0.9906349024411043,0.99082152974504245,,research-lab/experiments/registered-workflow/runs/primary/run_0461/metrics.json
run_0462,original,organamnist,split_02,62,densenet121,B,original,image,0.9881851314671124,0.98889518413597732,,research-lab/experiments/registered-workflow/runs/primary/run_0462/metrics.json
run_0463,original,organamnist,split_02,62,efficientnet_b0,A,original,image,0.96072165287917788,0.96067988668555238,,research-lab/experiments/registered-workflow/runs/primary/run_0463/metrics.json
run_0464,original,organamnist,split_02,62,efficientnet_b0,B,original,image,0.96072165287917788,0.96067988668555238,,research-lab/experiments/registered-workflow/runs/primary/run_0464/metrics.json
run_0465,original,organamnist,split_02,72,resnet18,A,original,image,0.99397345679577331,0.99444759206798872,,research-lab/experiments/registered-workflow/runs/primary/run_0465/metrics.json
run_0466,original,organamnist,split_02,72,resnet18,B,original,image,0.99563828177919611,0.99648725212464584,,research-lab/experiments/registered-workflow/runs/primary/run_0466/metrics.json
run_0467,original,organamnist,split_02,72,resnet50,A,original,image,0.99339779792770533,0.99399433427762041,,research-lab/experiments/registered-workflow/runs/primary/run_0467/metrics.json
run_0468,original,organamnist,split_02,72,resnet50,B,original,image,0.9951680327526965,0.99626062322946174,,research-lab/experiments/registered-workflow/runs/primary/run_0468/metrics.json
run_0469,original,organamnist,split_02,72,densenet121,A,original,image,0.99120059799627258,0.99184135977337107,,research-lab/experiments/registered-workflow/runs/primary/run_0469/metrics.json
run_0470,original,organamnist,split_02,72,densenet121,B,original,image,0.98990796600161479,0.99036827195467425,,research-lab/experiments/registered-workflow/runs/primary/run_0470/metrics.json
run_0471,original,organamnist,split_02,72,efficientnet_b0,A,original,image,0.96189253507017836,0.961586402266289,,research-lab/experiments/registered-workflow/runs/primary/run_0471/metrics.json
run_0472,original,organamnist,split_02,72,efficientnet_b0,B,original,image,0.96149128018377705,0.95988668555240797,,research-lab/experiments/registered-workflow/runs/primary/run_0472/metrics.json
run_0473,original,organamnist,split_02,82,resnet18,A,original,image,0.99278512958146869,0.99308781869688389,,research-lab/experiments/registered-workflow/runs/primary/run_0473/metrics.json
run_0474,original,organamnist,split_02,82,resnet18,B,original,image,0.99471994331671254,0.99478753541076492,,research-lab/experiments/registered-workflow/runs/primary/run_0474/metrics.json
run_0475,original,organamnist,split_02,82,resnet50,A,original,image,0.99292898561228571,0.9938810198300283,,research-lab/experiments/registered-workflow/runs/primary/run_0475/metrics.json
run_0476,original,organamnist,split_02,82,resnet50,B,original,image,0.99426938606755211,0.99478753541076492,,research-lab/experiments/registered-workflow/runs/primary/run_0476/metrics.json
run_0477,original,organamnist,split_02,82,densenet121,A,original,image,0.98840394552981259,0.98889518413597732,,research-lab/experiments/registered-workflow/runs/primary/run_0477/metrics.json
run_0478,original,organamnist,split_02,82,densenet121,B,original,image,0.9925354567438478,0.99320113314447589,,research-lab/experiments/registered-workflow/runs/primary/run_0478/metrics.json
run_0479,original,organamnist,split_02,82,efficientnet_b0,A,original,image,0.95751237037379378,0.95671388101983001,,research-lab/experiments/registered-workflow/runs/primary/run_0479/metrics.json
run_0480,original,organamnist,split_02,82,efficientnet_b0,B,original,image,0.96337654281532226,0.96169971671388099,,research-lab/experiments/registered-workflow/runs/primary/run_0480/metrics.json
run_0481,original,organamnist,split_03,42,resnet18,A,original,image,0.99654241118591824,0.99694050991501415,,research-lab/experiments/registered-workflow/runs/primary/run_0481/metrics.json
run_0482,original,organamnist,split_03,42,resnet18,B,original,image,0.99641711511356201,0.99682719546742204,,research-lab/experiments/registered-workflow/runs/primary/run_0482/metrics.json
run_0483,original,organamnist,split_03,42,resnet50,A,original,image,0.99627633622258138,0.99603399433427764,,research-lab/experiments/registered-workflow/runs/primary/run_0483/metrics.json
run_0484,original,organamnist,split_03,42,resnet50,B,original,image,0.99753579428562167,0.99739376770538246,,research-lab/experiments/registered-workflow/runs/primary/run_0484/metrics.json
run_0485,original,organamnist,split_03,42,densenet121,A,original,image,0.98893905054641384,0.98923512747875353,,research-lab/experiments/registered-workflow/runs/primary/run_0485/metrics.json
run_0486,original,organamnist,split_03,42,densenet121,B,original,image,0.99223056772351681,0.99195467422096317,,research-lab/experiments/registered-workflow/runs/primary/run_0486/metrics.json
run_0487,original,organamnist,split_03,42,efficientnet_b0,A,original,image,0.96679945349117957,0.96589235127478756,,research-lab/experiments/registered-workflow/runs/primary/run_0487/metrics.json
run_0488,original,organamnist,split_03,42,efficientnet_b0,B,original,image,0.96679945349117957,0.96589235127478756,,research-lab/experiments/registered-workflow/runs/primary/run_0488/metrics.json
run_0489,original,organamnist,split_03,52,resnet18,A,original,image,0.99499677323609392,0.99478753541076492,,research-lab/experiments/registered-workflow/runs/primary/run_0489/metrics.json
run_0490,original,organamnist,split_03,52,resnet18,B,original,image,0.99606150077331601,0.99603399433427764,,research-lab/experiments/registered-workflow/runs/primary/run_0490/metrics.json
run_0491,original,organamnist,split_03,52,resnet50,A,original,image,0.99492002816870551,0.99546742209631733,,research-lab/experiments/registered-workflow/runs/primary/run_0491/metrics.json
run_0492,original,organamnist,split_03,52,resnet50,B,original,image,0.99655989089351493,0.99660056657223794,,research-lab/experiments/registered-workflow/runs/primary/run_0492/metrics.json
run_0493,original,organamnist,split_03,52,densenet121,A,original,image,0.98908767232954098,0.99002832861189805,,research-lab/experiments/registered-workflow/runs/primary/run_0493/metrics.json
run_0494,original,organamnist,split_03,52,densenet121,B,original,image,0.99113830990654772,0.99104815864022666,,research-lab/experiments/registered-workflow/runs/primary/run_0494/metrics.json
run_0495,original,organamnist,split_03,52,efficientnet_b0,A,original,image,0.96531190850908244,0.96430594900849853,,research-lab/experiments/registered-workflow/runs/primary/run_0495/metrics.json
run_0496,original,organamnist,split_03,52,efficientnet_b0,B,original,image,0.96460535700765004,0.96317280453257792,,research-lab/experiments/registered-workflow/runs/primary/run_0496/metrics.json
run_0497,original,organamnist,split_03,62,resnet18,A,original,image,0.99584799208994179,0.99580736543909354,,research-lab/experiments/registered-workflow/runs/primary/run_0497/metrics.json
run_0498,original,organamnist,split_03,62,resnet18,B,original,image,0.99628817398958947,0.99637393767705384,,research-lab/experiments/registered-workflow/runs/primary/run_0498/metrics.json
run_0499,original,organamnist,split_03,62,resnet50,A,original,image,0.9937969644806226,0.99467422096317282,,research-lab/experiments/registered-workflow/runs/primary/run_0499/metrics.json
run_0500,original,organamnist,split_03,62,resnet50,B,original,image,0.99687792666034658,0.99648725212464584,,research-lab/experiments/registered-workflow/runs/primary/run_0500/metrics.json
run_0501,original,organamnist,split_03,62,densenet121,A,original,image,0.98721271710363678,0.98685552407932009,,research-lab/experiments/registered-workflow/runs/primary/run_0501/metrics.json
run_0502,original,organamnist,split_03,62,densenet121,B,original,image,0.98901440182769174,0.99014164305949004,,research-lab/experiments/registered-workflow/runs/primary/run_0502/metrics.json
run_0503,original,organamnist,split_03,62,efficientnet_b0,A,original,image,0.96397715483476132,0.96339943342776202,,research-lab/experiments/registered-workflow/runs/primary/run_0503/metrics.json
run_0504,original,organamnist,split_03,62,efficientnet_b0,B,original,image,0.96669295427346358,0.96509915014164305,,research-lab/experiments/registered-workflow/runs/primary/run_0504/metrics.json
run_0505,original,organamnist,split_03,72,resnet18,A,original,image,0.99460421145504396,0.99478753541076492,,research-lab/experiments/registered-workflow/runs/primary/run_0505/metrics.json
run_0506,original,organamnist,split_03,72,resnet18,B,original,image,0.9959920620784477,0.99592067988668553,,research-lab/experiments/registered-workflow/runs/primary/run_0506/metrics.json
run_0507,original,organamnist,split_03,72,resnet50,A,original,image,0.99245408773577748,0.99252124645892348,,research-lab/experiments/registered-workflow/runs/primary/run_0507/metrics.json
run_0508,original,organamnist,split_03,72,resnet50,B,original,image,0.99536900067931522,0.99524079320113312,,research-lab/experiments/registered-workflow/runs/primary/run_0508/metrics.json
run_0509,original,organamnist,split_03,72,densenet121,A,original,image,0.9905508676841227,0.99127478753541076,,research-lab/experiments/registered-workflow/runs/primary/run_0509/metrics.json
run_0510,original,organamnist,split_03,72,densenet121,B,original,image,0.99066242874592092,0.99014164305949004,,research-lab/experiments/registered-workflow/runs/primary/run_0510/metrics.json
run_0511,original,organamnist,split_03,72,efficientnet_b0,A,original,image,0.96399449172617802,0.96362606232294623,,research-lab/experiments/registered-workflow/runs/primary/run_0511/metrics.json
run_0512,original,organamnist,split_03,72,efficientnet_b0,B,original,image,0.96631515325372785,0.96509915014164305,,research-lab/experiments/registered-workflow/runs/primary/run_0512/metrics.json
run_0513,original,organamnist,split_03,82,resnet18,A,original,image,0.99593170020999977,0.99558073654390933,,research-lab/experiments/registered-workflow/runs/primary/run_0513/metrics.json
run_0514,original,organamnist,split_03,82,resnet18,B,original,image,0.99716092973810189,0.99728045325779036,,research-lab/experiments/registered-workflow/runs/primary/run_0514/metrics.json
run_0515,original,organamnist,split_03,82,resnet50,A,original,image,0.99398085358421961,0.99433427762039661,,research-lab/experiments/registered-workflow/runs/primary/run_0515/metrics.json
run_0516,original,organamnist,split_03,82,resnet50,B,original,image,0.99736658658803978,0.99694050991501415,,research-lab/experiments/registered-workflow/runs/primary/run_0516/metrics.json
run_0517,original,organamnist,split_03,82,densenet121,A,original,image,0.99190513358446997,0.99240793201133148,,research-lab/experiments/registered-workflow/runs/primary/run_0517/metrics.json
run_0518,original,organamnist,split_03,82,densenet121,B,original,image,0.99160753452121531,0.99308781869688389,,research-lab/experiments/registered-workflow/runs/primary/run_0518/metrics.json
run_0519,original,organamnist,split_03,82,efficientnet_b0,A,original,image,0.96216078204753541,0.96124645892351279,,research-lab/experiments/registered-workflow/runs/primary/run_0519/metrics.json
run_0520,original,organamnist,split_03,82,efficientnet_b0,B,original,image,0.9631703668369318,0.96147308781869689,,research-lab/experiments/registered-workflow/runs/primary/run_0520/metrics.json
run_0521,original,organamnist,split_04,42,resnet18,A,original,image,0.99330005265992627,0.9936543909348442,,research-lab/experiments/registered-workflow/runs/primary/run_0521/metrics.json
run_0522,original,organamnist,split_04,42,resnet18,B,original,image,0.99473304895342063,0.99512747875354113,,research-lab/experiments/registered-workflow/runs/primary/run_0522/metrics.json
run_0523,original,organamnist,split_04,42,resnet50,A,original,image,0.99437180457649244,0.99456090651558071,,research-lab/experiments/registered-workflow/runs/primary/run_0523/metrics.json
run_0524,original,organamnist,split_04,42,resnet50,B,original,image,0.99570042991415197,0.99637393767705384,,research-lab/experiments/registered-workflow/runs/primary/run_0524/metrics.json
run_0525,original,organamnist,split_04,42,densenet121,A,original,image,0.99027053637412898,0.99093484419263456,,research-lab/experiments/registered-workflow/runs/primary/run_0525/metrics.json
run_0526,original,organamnist,split_04,42,densenet121,B,original,image,0.99209355626083395,0.99218130311614727,,research-lab/experiments/registered-workflow/runs/primary/run_0526/metrics.json
run_0527,original,organamnist,split_04,42,efficientnet_b0,A,original,image,0.9660039238094843,0.96396600566572233,,research-lab/experiments/registered-workflow/runs/primary/run_0527/metrics.json
run_0528,original,organamnist,split_04,42,efficientnet_b0,B,original,image,0.96191199989709231,0.96067988668555238,,research-lab/experiments/registered-workflow/runs/primary/run_0528/metrics.json
run_0529,original,organamnist,split_04,52,resnet18,A,original,image,0.99444976381719785,0.99535410764872523,,research-lab/experiments/registered-workflow/runs/primary/run_0529/metrics.json
run_0530,original,organamnist,split_04,52,resnet18,B,original,image,0.9963764720546906,0.99648725212464584,,research-lab/experiments/registered-workflow/runs/primary/run_0530/metrics.json
run_0531,original,organamnist,split_04,52,resnet50,A,original,image,0.99400403105311164,0.99433427762039661,,research-lab/experiments/registered-workflow/runs/primary/run_0531/metrics.json
run_0532,original,organamnist,split_04,52,resnet50,B,original,image,0.99618401382358457,0.99603399433427764,,research-lab/experiments/registered-workflow/runs/primary/run_0532/metrics.json
run_0533,original,organamnist,split_04,52,densenet121,A,original,image,0.98843596997781014,0.98900849858356943,,research-lab/experiments/registered-workflow/runs/primary/run_0533/metrics.json
run_0534,original,organamnist,split_04,52,densenet121,B,original,image,0.99037303697141932,0.99002832861189805,,research-lab/experiments/registered-workflow/runs/primary/run_0534/metrics.json
run_0535,original,organamnist,split_04,52,efficientnet_b0,A,original,image,0.95525848914470179,0.95490084985835699,,research-lab/experiments/registered-workflow/runs/primary/run_0535/metrics.json
run_0536,original,organamnist,split_04,52,efficientnet_b0,B,original,image,0.95702607216217583,0.9552407932011332,,research-lab/experiments/registered-workflow/runs/primary/run_0536/metrics.json
run_0537,original,organamnist,split_04,62,resnet18,A,original,image,0.99453036970264774,0.99501416430594902,,research-lab/experiments/registered-workflow/runs/primary/run_0537/metrics.json
run_0538,original,organamnist,split_04,62,resnet18,B,original,image,0.99456353547163268,0.99410764872521251,,research-lab/experiments/registered-workflow/runs/primary/run_0538/metrics.json
run_0539,original,organamnist,split_04,62,resnet50,A,original,image,0.99310426366425486,0.99399433427762041,,research-lab/experiments/registered-workflow/runs/primary/run_0539/metrics.json
run_0540,original,organamnist,split_04,62,resnet50,B,original,image,0.99554791610726989,0.99558073654390933,,research-lab/experiments/registered-workflow/runs/primary/run_0540/metrics.json
run_0541,original,organamnist,split_04,62,densenet121,A,original,image,0.99092333799787358,0.99093484419263456,,research-lab/experiments/registered-workflow/runs/primary/run_0541/metrics.json
run_0542,original,organamnist,split_04,62,densenet121,B,original,image,0.9943504171980746,0.99399433427762041,,research-lab/experiments/registered-workflow/runs/primary/run_0542/metrics.json
run_0543,original,organamnist,split_04,62,efficientnet_b0,A,original,image,0.9645164922422732,0.9620396600566572,,research-lab/experiments/registered-workflow/runs/primary/run_0543/metrics.json
run_0544,original,organamnist,split_04,62,efficientnet_b0,B,original,image,0.9645164922422732,0.9620396600566572,,research-lab/experiments/registered-workflow/runs/primary/run_0544/metrics.json
run_0545,original,organamnist,split_04,72,resnet18,A,original,image,0.99442198636596923,0.99490084985835692,,research-lab/experiments/registered-workflow/runs/primary/run_0545/metrics.json
run_0546,original,organamnist,split_04,72,resnet18,B,original,image,0.99635318900612535,0.99626062322946174,,research-lab/experiments/registered-workflow/runs/primary/run_0546/metrics.json
run_0547,original,organamnist,split_04,72,resnet50,A,original,image,0.99446934795779629,0.99490084985835692,,research-lab/experiments/registered-workflow/runs/primary/run_0547/metrics.json
run_0548,original,organamnist,split_04,72,resnet50,B,original,image,0.9973035243589482,0.99728045325779036,,research-lab/experiments/registered-workflow/runs/primary/run_0548/metrics.json
run_0549,original,organamnist,split_04,72,densenet121,A,original,image,0.99005469345226982,0.99014164305949004,,research-lab/experiments/registered-workflow/runs/primary/run_0549/metrics.json
run_0550,original,organamnist,split_04,72,densenet121,B,original,image,0.99229245974788216,0.99297450424929179,,research-lab/experiments/registered-workflow/runs/primary/run_0550/metrics.json
run_0551,original,organamnist,split_04,72,efficientnet_b0,A,original,image,0.96265574326093006,0.96056657223796038,,research-lab/experiments/registered-workflow/runs/primary/run_0551/metrics.json
run_0552,original,organamnist,split_04,72,efficientnet_b0,B,original,image,0.96170580419708496,0.96090651558073659,,research-lab/experiments/registered-workflow/runs/primary/run_0552/metrics.json
run_0553,original,organamnist,split_04,82,resnet18,A,original,image,0.99507422373900656,0.99569405099150143,,research-lab/experiments/registered-workflow/runs/primary/run_0553/metrics.json
run_0554,original,organamnist,split_04,82,resnet18,B,original,image,0.99469621822438903,0.99456090651558071,,research-lab/experiments/registered-workflow/runs/primary/run_0554/metrics.json
run_0555,original,organamnist,split_04,82,resnet50,A,original,image,0.99581615920468214,0.99626062322946174,,research-lab/experiments/registered-workflow/runs/primary/run_0555/metrics.json
run_0556,original,organamnist,split_04,82,resnet50,B,original,image,0.99184355234452426,0.99172804532577907,,research-lab/experiments/registered-workflow/runs/primary/run_0556/metrics.json
run_0557,original,organamnist,split_04,82,densenet121,A,original,image,0.98972009136796368,0.98968838526912184,,research-lab/experiments/registered-workflow/runs/primary/run_0557/metrics.json
run_0558,original,organamnist,split_04,82,densenet121,B,original,image,0.99176584652153787,0.99229461756373938,,research-lab/experiments/registered-workflow/runs/primary/run_0558/metrics.json
run_0559,original,organamnist,split_04,82,efficientnet_b0,A,original,image,0.95884391055415497,0.95909348441926345,,research-lab/experiments/registered-workflow/runs/primary/run_0559/metrics.json
run_0560,original,organamnist,split_04,82,efficientnet_b0,B,original,image,0.96139731364770242,0.95966005665722376,,research-lab/experiments/registered-workflow/runs/primary/run_0560/metrics.json
run_0561,original,organamnist,split_05,42,resnet18,A,original,image,0.99663697196118695,0.99648725212464584,,research-lab/experiments/registered-workflow/runs/primary/run_0561/metrics.json
run_0562,original,organamnist,split_05,42,resnet18,B,original,image,0.99593398484646645,0.99603399433427764,,research-lab/experiments/registered-workflow/runs/primary/run_0562/metrics.json
run_0563,original,organamnist,split_05,42,resnet50,A,original,image,0.993380067991668,0.9936543909348442,,research-lab/experiments/registered-workflow/runs/primary/run_0563/metrics.json
run_0564,original,organamnist,split_05,42,resnet50,B,original,image,0.99483815180724844,0.99512747875354113,,research-lab/experiments/registered-workflow/runs/primary/run_0564/metrics.json
run_0565,original,organamnist,split_05,42,densenet121,A,original,image,0.99175278605043682,0.99218130311614727,,research-lab/experiments/registered-workflow/runs/primary/run_0565/metrics.json
run_0566,original,organamnist,split_05,42,densenet121,B,original,image,0.99186654594436807,0.99218130311614727,,research-lab/experiments/registered-workflow/runs/primary/run_0566/metrics.json
run_0567,original,organamnist,split_05,42,efficientnet_b0,A,original,image,0.95844801755092623,0.95864022662889514,,research-lab/experiments/registered-workflow/runs/primary/run_0567/metrics.json
run_0568,original,organamnist,split_05,42,efficientnet_b0,B,original,image,0.9609848582461763,0.96056657223796038,,research-lab/experiments/registered-workflow/runs/primary/run_0568/metrics.json
run_0569,original,organamnist,split_05,52,resnet18,A,original,image,0.99364685623961757,0.99399433427762041,,research-lab/experiments/registered-workflow/runs/primary/run_0569/metrics.json
run_0570,original,organamnist,split_05,52,resnet18,B,original,image,0.9949935036777009,0.99478753541076492,,research-lab/experiments/registered-workflow/runs/primary/run_0570/metrics.json
run_0571,original,organamnist,split_05,52,resnet50,A,original,image,0.99564242335977216,0.99569405099150143,,research-lab/experiments/registered-workflow/runs/primary/run_0571/metrics.json
run_0572,original,organamnist,split_05,52,resnet50,B,original,image,0.99514333080319373,0.99546742209631733,,research-lab/experiments/registered-workflow/runs/primary/run_0572/metrics.json
run_0573,original,organamnist,split_05,52,densenet121,A,original,image,0.99121565544664203,0.99184135977337107,,research-lab/experiments/registered-workflow/runs/primary/run_0573/metrics.json
run_0574,original,organamnist,split_05,52,densenet121,B,original,image,0.99293880292893322,0.99286118980169968,,research-lab/experiments/registered-workflow/runs/primary/run_0574/metrics.json
run_0575,original,organamnist,split_05,52,efficientnet_b0,A,original,image,0.96602991650968051,0.96532577903682715,,research-lab/experiments/registered-workflow/runs/primary/run_0575/metrics.json
run_0576,original,organamnist,split_05,52,efficientnet_b0,B,original,image,0.96426013198270866,0.96294617563739382,,research-lab/experiments/registered-workflow/runs/primary/run_0576/metrics.json
run_0577,original,organamnist,split_05,62,resnet18,A,original,image,0.99605488072840909,0.99637393767705384,,research-lab/experiments/registered-workflow/runs/primary/run_0577/metrics.json
run_0578,original,organamnist,split_05,62,resnet18,B,original,image,0.99660571061829628,0.99626062322946174,,research-lab/experiments/registered-workflow/runs/primary/run_0578/metrics.json
run_0579,original,organamnist,split_05,62,resnet50,A,original,image,0.99408721913233089,0.9938810198300283,,research-lab/experiments/registered-workflow/runs/primary/run_0579/metrics.json
run_0580,original,organamnist,split_05,62,resnet50,B,original,image,0.99452790348450537,0.99444759206798872,,research-lab/experiments/registered-workflow/runs/primary/run_0580/metrics.json
run_0581,original,organamnist,split_05,62,densenet121,A,original,image,0.99103904775921692,0.99206798866855528,,research-lab/experiments/registered-workflow/runs/primary/run_0581/metrics.json
run_0582,original,organamnist,split_05,62,densenet121,B,original,image,0.99355107012782073,0.9936543909348442,,research-lab/experiments/registered-workflow/runs/primary/run_0582/metrics.json
run_0583,original,organamnist,split_05,62,efficientnet_b0,A,original,image,0.9595730031851466,0.95943342776203966,,research-lab/experiments/registered-workflow/runs/primary/run_0583/metrics.json
run_0584,original,organamnist,split_05,62,efficientnet_b0,B,original,image,0.96418137923038738,0.96351274787535413,,research-lab/experiments/registered-workflow/runs/primary/run_0584/metrics.json
run_0585,original,organamnist,split_05,72,resnet18,A,original,image,0.99705451152526448,0.99694050991501415,,research-lab/experiments/registered-workflow/runs/primary/run_0585/metrics.json
run_0586,original,organamnist,split_05,72,resnet18,B,original,image,0.99664782420156439,0.99660056657223794,,research-lab/experiments/registered-workflow/runs/primary/run_0586/metrics.json
run_0587,original,organamnist,split_05,72,resnet50,A,original,image,0.99378755192931079,0.99399433427762041,,research-lab/experiments/registered-workflow/runs/primary/run_0587/metrics.json
run_0588,original,organamnist,split_05,72,resnet50,B,original,image,0.99572114301818226,0.99603399433427764,,research-lab/experiments/registered-workflow/runs/primary/run_0588/metrics.json
run_0589,original,organamnist,split_05,72,densenet121,A,original,image,0.99287846782152622,0.99331444759206799,,research-lab/experiments/registered-workflow/runs/primary/run_0589/metrics.json
run_0590,original,organamnist,split_05,72,densenet121,B,original,image,0.99307580312335553,0.99433427762039661,,research-lab/experiments/registered-workflow/runs/primary/run_0590/metrics.json
run_0591,original,organamnist,split_05,72,efficientnet_b0,A,original,image,0.95990505061078035,0.95943342776203966,,research-lab/experiments/registered-workflow/runs/primary/run_0591/metrics.json
run_0592,original,organamnist,split_05,72,efficientnet_b0,B,original,image,0.96365647566932466,0.96294617563739382,,research-lab/experiments/registered-workflow/runs/primary/run_0592/metrics.json
run_0593,original,organamnist,split_05,82,resnet18,A,original,image,0.99552877343314361,0.99558073654390933,,research-lab/experiments/registered-workflow/runs/primary/run_0593/metrics.json
run_0594,original,organamnist,split_05,82,resnet18,B,original,image,0.99540858997687642,0.99524079320113312,,research-lab/experiments/registered-workflow/runs/primary/run_0594/metrics.json
run_0595,original,organamnist,split_05,82,resnet50,A,original,image,0.99306335897662545,0.9936543909348442,,research-lab/experiments/registered-workflow/runs/primary/run_0595/metrics.json
run_0596,original,organamnist,split_05,82,resnet50,B,original,image,0.99695827374521173,0.99660056657223794,,research-lab/experiments/registered-workflow/runs/primary/run_0596/metrics.json
run_0597,original,organamnist,split_05,82,densenet121,A,original,image,0.99382210956789097,0.99376770538243631,,research-lab/experiments/registered-workflow/runs/primary/run_0597/metrics.json
run_0598,original,organamnist,split_05,82,densenet121,B,original,image,0.99245612454557908,0.99229461756373938,,research-lab/experiments/registered-workflow/runs/primary/run_0598/metrics.json
run_0599,original,organamnist,split_05,82,efficientnet_b0,A,original,image,0.96300897515989492,0.96249291784702551,,research-lab/experiments/registered-workflow/runs/primary/run_0599/metrics.json
run_0600,original,organamnist,split_05,82,efficientnet_b0,B,original,image,0.96218710786998185,0.96249291784702551,,research-lab/experiments/registered-workflow/runs/primary/run_0600/metrics.json
run_0601,original,organamnist,split_06,42,resnet18,A,original,image,0.99585216967751888,0.99682719546742204,,research-lab/experiments/registered-workflow/runs/primary/run_0601/metrics.json
run_0602,original,organamnist,split_06,42,resnet18,B,original,image,0.9958935841464972,0.99682719546742204,,research-lab/experiments/registered-workflow/runs/primary/run_0602/metrics.json
run_0603,original,organamnist,split_06,42,resnet50,A,original,image,0.99445349910870462,0.99524079320113312,,research-lab/experiments/registered-workflow/runs/primary/run_0603/metrics.json
run_0604,original,organamnist,split_06,42,resnet50,B,original,image,0.99339110121306284,0.99478753541076492,,research-lab/experiments/registered-workflow/runs/primary/run_0604/metrics.json
run_0605,original,organamnist,split_06,42,densenet121,A,original,image,0.98810070700491626,0.98889518413597732,,research-lab/experiments/registered-workflow/runs/primary/run_0605/metrics.json
run_0606,original,organamnist,split_06,42,densenet121,B,original,image,0.99002850928159025,0.99116147308781866,,research-lab/experiments/registered-workflow/runs/primary/run_0606/metrics.json
run_0607,original,organamnist,split_06,42,efficientnet_b0,A,original,image,0.96219610915046838,0.9618130311614731,,research-lab/experiments/registered-workflow/runs/primary/run_0607/metrics.json
run_0608,original,organamnist,split_06,42,efficientnet_b0,B,original,image,0.96337700886846389,0.96362606232294623,,research-lab/experiments/registered-workflow/runs/primary/run_0608/metrics.json
run_0609,original,organamnist,split_06,52,resnet18,A,original,image,0.99552183024117091,0.99626062322946174,,research-lab/experiments/registered-workflow/runs/primary/run_0609/metrics.json
run_0610,original,organamnist,split_06,52,resnet18,B,original,image,0.99529225565298318,0.99705382436260626,,research-lab/experiments/registered-workflow/runs/primary/run_0610/metrics.json
run_0611,original,organamnist,split_06,52,resnet50,A,original,image,0.996243520521089,0.99694050991501415,,research-lab/experiments/registered-workflow/runs/primary/run_0611/metrics.json
run_0612,original,organamnist,split_06,52,resnet50,B,original,image,0.99643629606178452,0.99762039660056656,,research-lab/experiments/registered-workflow/runs/primary/run_0612/metrics.json
run_0613,original,organamnist,split_06,52,densenet121,A,original,image,0.99401908568586395,0.99478753541076492,,research-lab/experiments/registered-workflow/runs/primary/run_0613/metrics.json
run_0614,original,organamnist,split_06,52,densenet121,B,original,image,0.991289332753579,0.99263456090651558,,research-lab/experiments/registered-workflow/runs/primary/run_0614/metrics.json
run_0615,original,organamnist,split_06,52,efficientnet_b0,A,original,image,0.96412130322231948,0.96351274787535413,,research-lab/experiments/registered-workflow/runs/primary/run_0615/metrics.json
run_0616,original,organamnist,split_06,52,efficientnet_b0,B,original,image,0.9629039250265834,0.9621529745042493,,research-lab/experiments/registered-workflow/runs/primary/run_0616/metrics.json
run_0617,original,organamnist,split_06,62,resnet18,A,original,image,0.99450759338775829,0.99546742209631733,,research-lab/experiments/registered-workflow/runs/primary/run_0617/metrics.json
run_0618,original,organamnist,split_06,62,resnet18,B,original,image,0.99675345970826934,0.99716713881019825,,research-lab/experiments/registered-workflow/runs/primary/run_0618/metrics.json
run_0619,original,organamnist,split_06,62,resnet50,A,original,image,0.99678791377408615,0.99750708215297446,,research-lab/experiments/registered-workflow/runs/primary/run_0619/metrics.json
run_0620,original,organamnist,split_06,62,resnet50,B,original,image,0.9969269610680136,0.99762039660056656,,research-lab/experiments/registered-workflow/runs/primary/run_0620/metrics.json
run_0621,original,organamnist,split_06,62,densenet121,A,original,image,0.99030320284889017,0.99059490084985835,,research-lab/experiments/registered-workflow/runs/primary/run_0621/metrics.json
run_0622,original,organamnist,split_06,62,densenet121,B,original,image,0.99232713951532747,0.99274787535410769,,research-lab/experiments/registered-workflow/runs/primary/run_0622/metrics.json
run_0623,original,organamnist,split_06,62,efficientnet_b0,A,original,image,0.96298995199086579,0.96294617563739382,,research-lab/experiments/registered-workflow/runs/primary/run_0623/metrics.json
run_0624,original,organamnist,split_06,62,efficientnet_b0,B,original,image,0.96411073662677937,0.96317280453257792,,research-lab/experiments/registered-workflow/runs/primary/run_0624/metrics.json
run_0625,original,organamnist,split_06,72,resnet18,A,original,image,0.99432015599611245,0.99490084985835692,,research-lab/experiments/registered-workflow/runs/primary/run_0625/metrics.json
run_0626,original,organamnist,split_06,72,resnet18,B,original,image,0.99424804526538424,0.99501416430594902,,research-lab/experiments/registered-workflow/runs/primary/run_0626/metrics.json
run_0627,original,organamnist,split_06,72,resnet50,A,original,image,0.99270047278334461,0.99331444759206799,,research-lab/experiments/registered-workflow/runs/primary/run_0627/metrics.json
run_0628,original,organamnist,split_06,72,resnet50,B,original,image,0.99564426994595334,0.99614730878186963,,research-lab/experiments/registered-workflow/runs/primary/run_0628/metrics.json
run_0629,original,organamnist,split_06,72,densenet121,A,original,image,0.98808689282093132,0.98912181303116142,,research-lab/experiments/registered-workflow/runs/primary/run_0629/metrics.json
run_0630,original,organamnist,split_06,72,densenet121,B,original,image,0.98846440218416087,0.98900849858356943,,research-lab/experiments/registered-workflow/runs/primary/run_0630/metrics.json
run_0631,original,organamnist,split_06,72,efficientnet_b0,A,original,image,0.9634924064146887,0.96464589235127474,,research-lab/experiments/registered-workflow/runs/primary/run_0631/metrics.json
run_0632,original,organamnist,split_06,72,efficientnet_b0,B,original,image,0.96322504304731005,0.96351274787535413,,research-lab/experiments/registered-workflow/runs/primary/run_0632/metrics.json
run_0633,original,organamnist,split_06,82,resnet18,A,original,image,0.99514691046711334,0.99592067988668553,,research-lab/experiments/registered-workflow/runs/primary/run_0633/metrics.json
run_0634,original,organamnist,split_06,82,resnet18,B,original,image,0.9952159585161886,0.99580736543909354,,research-lab/experiments/registered-workflow/runs/primary/run_0634/metrics.json
run_0635,original,organamnist,split_06,82,resnet50,A,original,image,0.9947959920315167,0.99535410764872523,,research-lab/experiments/registered-workflow/runs/primary/run_0635/metrics.json
run_0636,original,organamnist,split_06,82,resnet50,B,original,image,0.9957781051356025,0.99682719546742204,,research-lab/experiments/registered-workflow/runs/primary/run_0636/metrics.json
run_0637,original,organamnist,split_06,82,densenet121,A,original,image,0.99076036448559968,0.99104815864022666,,research-lab/experiments/registered-workflow/runs/primary/run_0637/metrics.json
run_0638,original,organamnist,split_06,82,densenet121,B,original,image,0.99169501158023177,0.99240793201133148,,research-lab/experiments/registered-workflow/runs/primary/run_0638/metrics.json
run_0639,original,organamnist,split_06,82,efficientnet_b0,A,original,image,0.96208814586068947,0.96249291784702551,,research-lab/experiments/registered-workflow/runs/primary/run_0639/metrics.json
run_0640,original,organamnist,split_06,82,efficientnet_b0,B,original,image,0.96096259175208298,0.96011331444759207,,research-lab/experiments/registered-workflow/runs/primary/run_0640/metrics.json
run_0641,original,organamnist,split_07,42,resnet18,A,original,image,0.99585927199926516,0.99580736543909354,,research-lab/experiments/registered-workflow/runs/primary/run_0641/metrics.json
run_0642,original,organamnist,split_07,42,resnet18,B,original,image,0.99817252414768654,0.99841359773371108,,research-lab/experiments/registered-workflow/runs/primary/run_0642/metrics.json
run_0643,original,organamnist,split_07,42,resnet50,A,original,image,0.99401347410050678,0.99444759206798872,,research-lab/experiments/registered-workflow/runs/primary/run_0643/metrics.json
run_0644,original,organamnist,split_07,42,resnet50,B,original,image,0.99820448831517661,0.99807365439093487,,research-lab/experiments/registered-workflow/runs/primary/run_0644/metrics.json
run_0645,original,organamnist,split_07,42,densenet121,A,original,image,0.98746321362815415,0.98810198300283281,,research-lab/experiments/registered-workflow/runs/primary/run_0645/metrics.json
run_0646,original,organamnist,split_07,42,densenet121,B,original,image,0.98994213606073556,0.99014164305949004,,research-lab/experiments/registered-workflow/runs/primary/run_0646/metrics.json
run_0647,original,organamnist,split_07,42,efficientnet_b0,A,original,image,0.96279246809814722,0.9619263456090652,,research-lab/experiments/registered-workflow/runs/primary/run_0647/metrics.json
run_0648,original,organamnist,split_07,42,efficientnet_b0,B,original,image,0.96236273012755646,0.96067988668555238,,research-lab/experiments/registered-workflow/runs/primary/run_0648/metrics.json
run_0649,original,organamnist,split_07,52,resnet18,A,original,image,0.9961732355925601,0.99614730878186963,,research-lab/experiments/registered-workflow/runs/primary/run_0649/metrics.json
run_0650,original,organamnist,split_07,52,resnet18,B,original,image,0.99708714181809555,0.99716713881019825,,research-lab/experiments/registered-workflow/runs/primary/run_0650/metrics.json
run_0651,original,organamnist,split_07,52,resnet50,A,original,image,0.99419788205393445,0.99478753541076492,,research-lab/experiments/registered-workflow/runs/primary/run_0651/metrics.json
run_0652,original,organamnist,split_07,52,resnet50,B,original,image,0.9974887558373734,0.99728045325779036,,research-lab/experiments/registered-workflow/runs/primary/run_0652/metrics.json
run_0653,original,organamnist,split_07,52,densenet121,A,original,image,0.99266026063001922,0.99286118980169968,,research-lab/experiments/registered-workflow/runs/primary/run_0653/metrics.json
run_0654,original,organamnist,split_07,52,densenet121,B,original,image,0.99230729153074393,0.99240793201133148,,research-lab/experiments/registered-workflow/runs/primary/run_0654/metrics.json
run_0655,original,organamnist,split_07,52,efficientnet_b0,A,original,image,0.96189678017499858,0.96124645892351279,,research-lab/experiments/registered-workflow/runs/primary/run_0655/metrics.json
run_0656,original,organamnist,split_07,52,efficientnet_b0,B,original,image,0.96139155133589072,0.96113314447592069,,research-lab/experiments/registered-workflow/runs/primary/run_0656/metrics.json
run_0657,original,organamnist,split_07,62,resnet18,A,original,image,0.99619053717251471,0.99603399433427764,,research-lab/experiments/registered-workflow/runs/primary/run_0657/metrics.json
run_0658,original,organamnist,split_07,62,resnet18,B,original,image,0.99664872924265102,0.99648725212464584,,research-lab/experiments/registered-workflow/runs/primary/run_0658/metrics.json
run_0659,original,organamnist,split_07,62,resnet50,A,original,image,0.99351681417552029,0.99433427762039661,,research-lab/experiments/registered-workflow/runs/primary/run_0659/metrics.json
run_0660,original,organamnist,split_07,62,resnet50,B,original,image,0.99691313890582434,0.99682719546742204,,research-lab/experiments/registered-workflow/runs/primary/run_0660/metrics.json
run_0661,original,organamnist,split_07,62,densenet121,A,original,image,0.98916914667934774,0.98957507082152973,,research-lab/experiments/registered-workflow/runs/primary/run_0661/metrics.json
run_0662,original,organamnist,split_07,62,densenet121,B,original,image,0.99302405094788604,0.99320113314447589,,research-lab/experiments/registered-workflow/runs/primary/run_0662/metrics.json
run_0663,original,organamnist,split_07,62,efficientnet_b0,A,original,image,0.96384851510062997,0.96294617563739382,,research-lab/experiments/registered-workflow/runs/primary/run_0663/metrics.json
run_0664,original,organamnist,split_07,62,efficientnet_b0,B,original,image,0.96099910298486213,0.95977337110481586,,research-lab/experiments/registered-workflow/runs/primary/run_0664/metrics.json
run_0665,original,organamnist,split_07,72,resnet18,A,original,image,0.99497549249670303,0.99490084985835692,,research-lab/experiments/registered-workflow/runs/primary/run_0665/metrics.json
run_0666,original,organamnist,split_07,72,resnet18,B,original,image,0.99717902141516912,0.99705382436260626,,research-lab/experiments/registered-workflow/runs/primary/run_0666/metrics.json
run_0667,original,organamnist,split_07,72,resnet50,A,original,image,0.9939811619397555,0.99422096317280451,,research-lab/experiments/registered-workflow/runs/primary/run_0667/metrics.json
run_0668,original,organamnist,split_07,72,resnet50,B,original,image,0.99651608354679833,0.99694050991501415,,research-lab/experiments/registered-workflow/runs/primary/run_0668/metrics.json
run_0669,original,organamnist,split_07,72,densenet121,A,original,image,0.99034059191628188,0.99036827195467425,,research-lab/experiments/registered-workflow/runs/primary/run_0669/metrics.json
run_0670,original,organamnist,split_07,72,densenet121,B,original,image,0.99370112616897943,0.9936543909348442,,research-lab/experiments/registered-workflow/runs/primary/run_0670/metrics.json
run_0671,original,organamnist,split_07,72,efficientnet_b0,A,original,image,0.96321823055852063,0.96101983002832858,,research-lab/experiments/registered-workflow/runs/primary/run_0671/metrics.json
run_0672,original,organamnist,split_07,72,efficientnet_b0,B,original,image,0.96321823055852063,0.96101983002832858,,research-lab/experiments/registered-workflow/runs/primary/run_0672/metrics.json
run_0673,original,organamnist,split_07,82,resnet18,A,original,image,0.99478750571128316,0.99467422096317282,,research-lab/experiments/registered-workflow/runs/primary/run_0673/metrics.json
run_0674,original,organamnist,split_07,82,resnet18,B,original,image,0.99641520748803525,0.99682719546742204,,research-lab/experiments/registered-workflow/runs/primary/run_0674/metrics.json
run_0675,original,organamnist,split_07,82,resnet50,A,original,image,0.99575488637241383,0.99535410764872523,,research-lab/experiments/registered-workflow/runs/primary/run_0675/metrics.json
run_0676,original,organamnist,split_07,82,resnet50,B,original,image,0.99637461746850531,0.99637393767705384,,research-lab/experiments/registered-workflow/runs/primary/run_0676/metrics.json
run_0677,original,organamnist,split_07,82,densenet121,A,original,image,0.99220169818912851,0.99286118980169968,,research-lab/experiments/registered-workflow/runs/primary/run_0677/metrics.json
run_0678,original,organamnist,split_07,82,densenet121,B,original,image,0.99168023867346056,0.99172804532577907,,research-lab/experiments/registered-workflow/runs/primary/run_0678/metrics.json
run_0679,original,organamnist,split_07,82,efficientnet_b0,A,original,image,0.96473301032899073,0.96294617563739382,,research-lab/experiments/registered-workflow/runs/primary/run_0679/metrics.json
run_0680,original,organamnist,split_07,82,efficientnet_b0,B,original,image,0.9645689456069545,0.96226628895184141,,research-lab/experiments/registered-workflow/runs/primary/run_0680/metrics.json
run_0681,original,organamnist,split_08,42,resnet18,A,original,image,0.99351626288687922,0.9938810198300283,,research-lab/experiments/registered-workflow/runs/primary/run_0681/metrics.json
run_0682,original,organamnist,split_08,42,resnet18,B,original,image,0.99680336906828704,0.99671388101983005,,research-lab/experiments/registered-workflow/runs/primary/run_0682/metrics.json
run_0683,original,organamnist,split_08,42,resnet50,A,original,image,0.9946186768231321,0.99501416430594902,,research-lab/experiments/registered-workflow/runs/primary/run_0683/metrics.json
run_0684,original,organamnist,split_08,42,resnet50,B,original,image,0.99569136308524908,0.99592067988668553,,research-lab/experiments/registered-workflow/runs/primary/run_0684/metrics.json
run_0685,original,organamnist,split_08,42,densenet121,A,original,image,0.9915255366863861,0.99116147308781866,,research-lab/experiments/registered-workflow/runs/primary/run_0685/metrics.json
run_0686,original,organamnist,split_08,42,densenet121,B,original,image,0.9929647456494376,0.99331444759206799,,research-lab/experiments/registered-workflow/runs/primary/run_0686/metrics.json
run_0687,original,organamnist,split_08,42,efficientnet_b0,A,original,image,0.95747506316320352,0.95773371104815863,,research-lab/experiments/registered-workflow/runs/primary/run_0687/metrics.json
run_0688,original,organamnist,split_08,42,efficientnet_b0,B,original,image,0.96366113514209661,0.96226628895184141,,research-lab/experiments/registered-workflow/runs/primary/run_0688/metrics.json
run_0689,original,organamnist,split_08,52,resnet18,A,original,image,0.99510913586417327,0.99524079320113312,,research-lab/experiments/registered-workflow/runs/primary/run_0689/metrics.json
run_0690,original,organamnist,split_08,52,resnet18,B,original,image,0.99673821458030998,0.99682719546742204,,research-lab/experiments/registered-workflow/runs/primary/run_0690/metrics.json
run_0691,original,organamnist,split_08,52,resnet50,A,original,image,0.99384340169090535,0.99456090651558071,,research-lab/experiments/registered-workflow/runs/primary/run_0691/metrics.json
run_0692,original,organamnist,split_08,52,resnet50,B,original,image,0.99443403458264601,0.99467422096317282,,research-lab/experiments/registered-workflow/runs/primary/run_0692/metrics.json
run_0693,original,organamnist,split_08,52,densenet121,A,original,image,0.99039292526908618,0.99116147308781866,,research-lab/experiments/registered-workflow/runs/primary/run_0693/metrics.json
run_0694,original,organamnist,split_08,52,densenet121,B,original,image,0.99283044544961285,0.99308781869688389,,research-lab/experiments/registered-workflow/runs/primary/run_0694/metrics.json
run_0695,original,organamnist,split_08,52,efficientnet_b0,A,original,image,0.95861775017660311,0.95830028328611894,,research-lab/experiments/registered-workflow/runs/primary/run_0695/metrics.json
run_0696,original,organamnist,split_08,52,efficientnet_b0,B,original,image,0.96262863794916642,0.96101983002832858,,research-lab/experiments/registered-workflow/runs/primary/run_0696/metrics.json
run_0697,original,organamnist,split_08,62,resnet18,A,original,image,0.99565039914670561,0.99614730878186963,,research-lab/experiments/registered-workflow/runs/primary/run_0697/metrics.json
run_0698,original,organamnist,split_08,62,resnet18,B,original,image,0.99591386491281353,0.99614730878186963,,research-lab/experiments/registered-workflow/runs/primary/run_0698/metrics.json
run_0699,original,organamnist,split_08,62,resnet50,A,original,image,0.99318323818426679,0.9936543909348442,,research-lab/experiments/registered-workflow/runs/primary/run_0699/metrics.json
run_0700,original,organamnist,split_08,62,resnet50,B,original,image,0.99583087080850308,0.99592067988668553,,research-lab/experiments/registered-workflow/runs/primary/run_0700/metrics.json
run_0701,original,organamnist,split_08,62,densenet121,A,original,image,0.98875656619879981,0.98957507082152973,,research-lab/experiments/registered-workflow/runs/primary/run_0701/metrics.json
run_0702,original,organamnist,split_08,62,densenet121,B,original,image,0.99146521127581488,0.99093484419263456,,research-lab/experiments/registered-workflow/runs/primary/run_0702/metrics.json
run_0703,original,organamnist,split_08,62,efficientnet_b0,A,original,image,0.96012593980184524,0.95932011331444755,,research-lab/experiments/registered-workflow/runs/primary/run_0703/metrics.json
run_0704,original,organamnist,split_08,62,efficientnet_b0,B,original,image,0.96106748049480939,0.96022662889518418,,research-lab/experiments/registered-workflow/runs/primary/run_0704/metrics.json
run_0705,original,organamnist,split_08,72,resnet18,A,original,image,0.99561139982802349,0.99592067988668553,,research-lab/experiments/registered-workflow/runs/primary/run_0705/metrics.json
run_0706,original,organamnist,split_08,72,resnet18,B,original,image,0.99509356166065033,0.99501416430594902,,research-lab/experiments/registered-workflow/runs/primary/run_0706/metrics.json
run_0707,original,organamnist,split_08,72,resnet50,A,original,image,0.99456027619690446,0.99524079320113312,,research-lab/experiments/registered-workflow/runs/primary/run_0707/metrics.json
run_0708,original,organamnist,split_08,72,resnet50,B,original,image,0.99595373612034876,0.99626062322946174,,research-lab/experiments/registered-workflow/runs/primary/run_0708/metrics.json
run_0709,original,organamnist,split_08,72,densenet121,A,original,image,0.99173498379217906,0.99286118980169968,,research-lab/experiments/registered-workflow/runs/primary/run_0709/metrics.json
run_0710,original,organamnist,split_08,72,densenet121,B,original,image,0.99066489707302874,0.99206798866855528,,research-lab/experiments/registered-workflow/runs/primary/run_0710/metrics.json
run_0711,original,organamnist,split_08,72,efficientnet_b0,A,original,image,0.95409109005536097,0.95456090651558079,,research-lab/experiments/registered-workflow/runs/primary/run_0711/metrics.json
run_0712,original,organamnist,split_08,72,efficientnet_b0,B,original,image,0.95931816322293773,0.95864022662889514,,research-lab/experiments/registered-workflow/runs/primary/run_0712/metrics.json
run_0713,original,organamnist,split_08,82,resnet18,A,original,image,0.99441118078629842,0.99433427762039661,,research-lab/experiments/registered-workflow/runs/primary/run_0713/metrics.json
run_0714,original,organamnist,split_08,82,resnet18,B,original,image,0.99587288076380387,0.99592067988668553,,research-lab/experiments/registered-workflow/runs/primary/run_0714/metrics.json
run_0715,original,organamnist,split_08,82,resnet50,A,original,image,0.98905940196195707,0.98866855524079322,,research-lab/experiments/registered-workflow/runs/primary/run_0715/metrics.json
run_0716,original,organamnist,split_08,82,resnet50,B,original,image,0.99669938742582853,0.99648725212464584,,research-lab/experiments/registered-workflow/runs/primary/run_0716/metrics.json
run_0717,original,organamnist,split_08,82,densenet121,A,original,image,0.99157383795118192,0.99229461756373938,,research-lab/experiments/registered-workflow/runs/primary/run_0717/metrics.json
run_0718,original,organamnist,split_08,82,densenet121,B,original,image,0.99284359069413664,0.99320113314447589,,research-lab/experiments/registered-workflow/runs/primary/run_0718/metrics.json
run_0719,original,organamnist,split_08,82,efficientnet_b0,A,original,image,0.96388309931695915,0.96249291784702551,,research-lab/experiments/registered-workflow/runs/primary/run_0719/metrics.json
run_0720,original,organamnist,split_08,82,efficientnet_b0,B,original,image,0.96388309931695915,0.96249291784702551,,research-lab/experiments/registered-workflow/runs/primary/run_0720/metrics.json
run_0721,original,organamnist,split_09,42,resnet18,A,original,image,0.99597109563895281,0.99603399433427764,,research-lab/experiments/registered-workflow/runs/primary/run_0721/metrics.json
run_0722,original,organamnist,split_09,42,resnet18,B,original,image,0.99503144587368908,0.99558073654390933,,research-lab/experiments/registered-workflow/runs/primary/run_0722/metrics.json
run_0723,original,organamnist,split_09,42,resnet50,A,original,image,0.99599108615916476,0.99637393767705384,,research-lab/experiments/registered-workflow/runs/primary/run_0723/metrics.json
run_0724,original,organamnist,split_09,42,resnet50,B,original,image,0.99775006491965357,0.99739376770538246,,research-lab/experiments/registered-workflow/runs/primary/run_0724/metrics.json
run_0725,original,organamnist,split_09,42,densenet121,A,original,image,0.99154770517418378,0.99184135977337107,,research-lab/experiments/registered-workflow/runs/primary/run_0725/metrics.json
run_0726,original,organamnist,split_09,42,densenet121,B,original,image,0.99172955156937126,0.99161473087818697,,research-lab/experiments/registered-workflow/runs/primary/run_0726/metrics.json
run_0727,original,organamnist,split_09,42,efficientnet_b0,A,original,image,0.96099987888871863,0.95999999999999996,,research-lab/experiments/registered-workflow/runs/primary/run_0727/metrics.json
run_0728,original,organamnist,split_09,42,efficientnet_b0,B,original,image,0.96000953493609265,0.95773371104815863,,research-lab/experiments/registered-workflow/runs/primary/run_0728/metrics.json
run_0729,original,organamnist,split_09,52,resnet18,A,original,image,0.99489059857187423,0.99501416430594902,,research-lab/experiments/registered-workflow/runs/primary/run_0729/metrics.json
run_0730,original,organamnist,split_09,52,resnet18,B,original,image,0.99615047639090204,0.99637393767705384,,research-lab/experiments/registered-workflow/runs/primary/run_0730/metrics.json
run_0731,original,organamnist,split_09,52,resnet50,A,original,image,0.99510408719436294,0.99524079320113312,,research-lab/experiments/registered-workflow/runs/primary/run_0731/metrics.json
run_0732,original,organamnist,split_09,52,resnet50,B,original,image,0.99634507612677747,0.99648725212464584,,research-lab/experiments/registered-workflow/runs/primary/run_0732/metrics.json
run_0733,original,organamnist,split_09,52,densenet121,A,original,image,0.98971281530562927,0.98957507082152973,,research-lab/experiments/registered-workflow/runs/primary/run_0733/metrics.json
run_0734,original,organamnist,split_09,52,densenet121,B,original,image,0.99460060480978962,0.99422096317280451,,research-lab/experiments/registered-workflow/runs/primary/run_0734/metrics.json
run_0735,original,organamnist,split_09,52,efficientnet_b0,A,original,image,0.9592468367775191,0.95682719546742212,,research-lab/experiments/registered-workflow/runs/primary/run_0735/metrics.json
run_0736,original,organamnist,split_09,52,efficientnet_b0,B,original,image,0.96132462881843483,0.95988668555240797,,research-lab/experiments/registered-workflow/runs/primary/run_0736/metrics.json
run_0737,original,organamnist,split_09,62,resnet18,A,original,image,0.99374703735992687,0.9934277620396601,,research-lab/experiments/registered-workflow/runs/primary/run_0737/metrics.json
run_0738,original,organamnist,split_09,62,resnet18,B,original,image,0.99585689504337183,0.99569405099150143,,research-lab/experiments/registered-workflow/runs/primary/run_0738/metrics.json
run_0739,original,organamnist,split_09,62,resnet50,A,original,image,0.99418891369671591,0.99456090651558071,,research-lab/experiments/registered-workflow/runs/primary/run_0739/metrics.json
run_0740,original,organamnist,split_09,62,resnet50,B,original,image,0.99763690475387634,0.99762039660056656,,research-lab/experiments/registered-workflow/runs/primary/run_0740/metrics.json
run_0741,original,organamnist,split_09,62,densenet121,A,original,image,0.98684649835059657,0.98776203966005671,,research-lab/experiments/registered-workflow/runs/primary/run_0741/metrics.json
run_0742,original,organamnist,split_09,62,densenet121,B,original,image,0.99163693397618613,0.99229461756373938,,research-lab/experiments/registered-workflow/runs/primary/run_0742/metrics.json
run_0743,original,organamnist,split_09,62,efficientnet_b0,A,original,image,0.95816476488336211,0.95705382436260622,,research-lab/experiments/registered-workflow/runs/primary/run_0743/metrics.json
run_0744,original,organamnist,split_09,62,efficientnet_b0,B,original,image,0.96249640602789743,0.96056657223796038,,research-lab/experiments/registered-workflow/runs/primary/run_0744/metrics.json
run_0745,original,organamnist,split_09,72,resnet18,A,original,image,0.99689475329853505,0.99694050991501415,,research-lab/experiments/registered-workflow/runs/primary/run_0745/metrics.json
run_0746,original,organamnist,split_09,72,resnet18,B,original,image,0.99526740635863575,0.99512747875354113,,research-lab/experiments/registered-workflow/runs/primary/run_0746/metrics.json
run_0747,original,organamnist,split_09,72,resnet50,A,original,image,0.99330950635848625,0.99456090651558071,,research-lab/experiments/registered-workflow/runs/primary/run_0747/metrics.json
run_0748,original,organamnist,split_09,72,resnet50,B,original,image,0.99714247177337068,0.99682719546742204,,research-lab/experiments/registered-workflow/runs/primary/run_0748/metrics.json
run_0749,original,organamnist,split_09,72,densenet121,A,original,image,0.9913073651913088,0.99127478753541076,,research-lab/experiments/registered-workflow/runs/primary/run_0749/metrics.json
run_0750,original,organamnist,split_09,72,densenet121,B,original,image,0.99348934959839719,0.9934277620396601,,research-lab/experiments/registered-workflow/runs/primary/run_0750/metrics.json
run_0751,original,organamnist,split_09,72,efficientnet_b0,A,original,image,0.9590104267427616,0.95807365439093484,,research-lab/experiments/registered-workflow/runs/primary/run_0751/metrics.json
run_0752,original,organamnist,split_09,72,efficientnet_b0,B,original,image,0.9568941272109609,0.95535410764872519,,research-lab/experiments/registered-workflow/runs/primary/run_0752/metrics.json
run_0753,original,organamnist,split_09,82,resnet18,A,original,image,0.99221379368072204,0.99240793201133148,,research-lab/experiments/registered-workflow/runs/primary/run_0753/metrics.json
run_0754,original,organamnist,split_09,82,resnet18,B,original,image,0.99687657009902653,0.99648725212464584,,research-lab/experiments/registered-workflow/runs/primary/run_0754/metrics.json
run_0755,original,organamnist,split_09,82,resnet50,A,original,image,0.99323782345639655,0.9934277620396601,,research-lab/experiments/registered-workflow/runs/primary/run_0755/metrics.json
run_0756,original,organamnist,split_09,82,resnet50,B,original,image,0.99705401158442186,0.99728045325779036,,research-lab/experiments/registered-workflow/runs/primary/run_0756/metrics.json
run_0757,original,organamnist,split_09,82,densenet121,A,original,image,0.99211808717579164,0.99218130311614727,,research-lab/experiments/registered-workflow/runs/primary/run_0757/metrics.json
run_0758,original,organamnist,split_09,82,densenet121,B,original,image,0.99341961754035002,0.99331444759206799,,research-lab/experiments/registered-workflow/runs/primary/run_0758/metrics.json
run_0759,original,organamnist,split_09,82,efficientnet_b0,A,original,image,0.95914912061907642,0.95762039660056653,,research-lab/experiments/registered-workflow/runs/primary/run_0759/metrics.json
run_0760,original,organamnist,split_09,82,efficientnet_b0,B,original,image,0.95985211164498696,0.95864022662889514,,research-lab/experiments/registered-workflow/runs/primary/run_0760/metrics.json
run_0761,original,organamnist,split_10,42,resnet18,A,original,image,0.99217206437315619,0.99240793201133148,,research-lab/experiments/registered-workflow/runs/primary/run_0761/metrics.json
run_0762,original,organamnist,split_10,42,resnet18,B,original,image,0.99558797298213197,0.99569405099150143,,research-lab/experiments/registered-workflow/runs/primary/run_0762/metrics.json
run_0763,original,organamnist,split_10,42,resnet50,A,original,image,0.99649086109514162,0.99671388101983005,,research-lab/experiments/registered-workflow/runs/primary/run_0763/metrics.json
run_0764,original,organamnist,split_10,42,resnet50,B,original,image,0.99792980553958122,0.99807365439093487,,research-lab/experiments/registered-workflow/runs/primary/run_0764/metrics.json
run_0765,original,organamnist,split_10,42,densenet121,A,original,image,0.99070002972492721,0.99070821529745046,,research-lab/experiments/registered-workflow/runs/primary/run_0765/metrics.json
run_0766,original,organamnist,split_10,42,densenet121,B,original,image,0.99310162102238775,0.99240793201133148,,research-lab/experiments/registered-workflow/runs/primary/run_0766/metrics.json
run_0767,original,organamnist,split_10,42,efficientnet_b0,A,original,image,0.96415552904168134,0.96521246458923515,,research-lab/experiments/registered-workflow/runs/primary/run_0767/metrics.json
run_0768,original,organamnist,split_10,42,efficientnet_b0,B,original,image,0.96262582916366413,0.96419263456090654,,research-lab/experiments/registered-workflow/runs/primary/run_0768/metrics.json
run_0769,original,organamnist,split_10,52,resnet18,A,original,image,0.9954602566670967,0.99546742209631733,,research-lab/experiments/registered-workflow/runs/primary/run_0769/metrics.json
run_0770,original,organamnist,split_10,52,resnet18,B,original,image,0.9967642752833662,0.99626062322946174,,research-lab/experiments/registered-workflow/runs/primary/run_0770/metrics.json
run_0771,original,organamnist,split_10,52,resnet50,A,original,image,0.99630902642747499,0.99637393767705384,,research-lab/experiments/registered-workflow/runs/primary/run_0771/metrics.json
run_0772,original,organamnist,split_10,52,resnet50,B,original,image,0.99618756158179245,0.99614730878186963,,research-lab/experiments/registered-workflow/runs/primary/run_0772/metrics.json
run_0773,original,organamnist,split_10,52,densenet121,A,original,image,0.99244444505728735,0.99240793201133148,,research-lab/experiments/registered-workflow/runs/primary/run_0773/metrics.json
run_0774,original,organamnist,split_10,52,densenet121,B,original,image,0.99164569794585122,0.99082152974504245,,research-lab/experiments/registered-workflow/runs/primary/run_0774/metrics.json
run_0775,original,organamnist,split_10,52,efficientnet_b0,A,original,image,0.96057294592740117,0.9620396600566572,,research-lab/experiments/registered-workflow/runs/primary/run_0775/metrics.json
run_0776,original,organamnist,split_10,52,efficientnet_b0,B,original,image,0.96501138536495534,0.96430594900849853,,research-lab/experiments/registered-workflow/runs/primary/run_0776/metrics.json
run_0777,original,organamnist,split_10,62,resnet18,A,original,image,0.99654955207896589,0.99637393767705384,,research-lab/experiments/registered-workflow/runs/primary/run_0777/metrics.json
run_0778,original,organamnist,split_10,62,resnet18,B,original,image,0.99572886740707289,0.99524079320113312,,research-lab/experiments/registered-workflow/runs/primary/run_0778/metrics.json
run_0779,original,organamnist,split_10,62,resnet50,A,original,image,0.99546039785791907,0.99580736543909354,,research-lab/experiments/registered-workflow/runs/primary/run_0779/metrics.json
run_0780,original,organamnist,split_10,62,resnet50,B,original,image,0.99801525542927638,0.99784702549575066,,research-lab/experiments/registered-workflow/runs/primary/run_0780/metrics.json
run_0781,original,organamnist,split_10,62,densenet121,A,original,image,0.98808070880142906,0.98866855524079322,,research-lab/experiments/registered-workflow/runs/primary/run_0781/metrics.json
run_0782,original,organamnist,split_10,62,densenet121,B,original,image,0.99484070049043793,0.99467422096317282,,research-lab/experiments/registered-workflow/runs/primary/run_0782/metrics.json
run_0783,original,organamnist,split_10,62,efficientnet_b0,A,original,image,0.96302796604904128,0.96430594900849853,,research-lab/experiments/registered-workflow/runs/primary/run_0783/metrics.json
run_0784,original,organamnist,split_10,62,efficientnet_b0,B,original,image,0.96428939651500434,0.96498583569405094,,research-lab/experiments/registered-workflow/runs/primary/run_0784/metrics.json
run_0785,original,organamnist,split_10,72,resnet18,A,original,image,0.99484628027507405,0.99569405099150143,,research-lab/experiments/registered-workflow/runs/primary/run_0785/metrics.json
run_0786,original,organamnist,split_10,72,resnet18,B,original,image,0.99839402614317185,0.99852691218130307,,research-lab/experiments/registered-workflow/runs/primary/run_0786/metrics.json
run_0787,original,organamnist,split_10,72,resnet50,A,original,image,0.99355804638768741,0.99331444759206799,,research-lab/experiments/registered-workflow/runs/primary/run_0787/metrics.json
run_0788,original,organamnist,split_10,72,resnet50,B,original,image,0.9971404664254121,0.99750708215297446,,research-lab/experiments/registered-workflow/runs/primary/run_0788/metrics.json
run_0789,original,organamnist,split_10,72,densenet121,A,original,image,0.99070558372416784,0.99082152974504245,,research-lab/experiments/registered-workflow/runs/primary/run_0789/metrics.json
run_0790,original,organamnist,split_10,72,densenet121,B,original,image,0.99149280763843139,0.99138810198300287,,research-lab/experiments/registered-workflow/runs/primary/run_0790/metrics.json
run_0791,original,organamnist,split_10,72,efficientnet_b0,A,original,image,0.96249733697862105,0.96328611898017003,,research-lab/experiments/registered-workflow/runs/primary/run_0791/metrics.json
run_0792,original,organamnist,split_10,72,efficientnet_b0,B,original,image,0.96497502689751113,0.96362606232294623,,research-lab/experiments/registered-workflow/runs/primary/run_0792/metrics.json
run_0793,original,organamnist,split_10,82,resnet18,A,original,image,0.99619995081927792,0.99614730878186963,,research-lab/experiments/registered-workflow/runs/primary/run_0793/metrics.json
run_0794,original,organamnist,split_10,82,resnet18,B,original,image,0.99795131974905626,0.99796033994334277,,research-lab/experiments/registered-workflow/runs/primary/run_0794/metrics.json
run_0795,original,organamnist,split_10,82,resnet50,A,original,image,0.99580226265005656,0.99592067988668553,,research-lab/experiments/registered-workflow/runs/primary/run_0795/metrics.json
run_0796,original,organamnist,split_10,82,resnet50,B,original,image,0.99744884209239359,0.99762039660056656,,research-lab/experiments/registered-workflow/runs/primary/run_0796/metrics.json
run_0797,original,organamnist,split_10,82,densenet121,A,original,image,0.98827420084667605,0.98810198300283281,,research-lab/experiments/registered-workflow/runs/primary/run_0797/metrics.json
run_0798,original,organamnist,split_10,82,densenet121,B,original,image,0.9931185971090758,0.99297450424929179,,research-lab/experiments/registered-workflow/runs/primary/run_0798/metrics.json
run_0799,original,organamnist,split_10,82,efficientnet_b0,A,original,image,0.96509336869289408,0.96521246458923515,,research-lab/experiments/registered-workflow/runs/primary/run_0799/metrics.json
run_0800,original,organamnist,split_10,82,efficientnet_b0,B,original,image,0.96509336869289408,0.96521246458923515,,research-lab/experiments/registered-workflow/runs/primary/run_0800/metrics.json
jiim_ext_isic2019_split_01_seed_42_resnet18_A,extension,isic2019,split_01,42,resnet18,A,shared,image,0.44770859082355208,,2,research-lab/experiments/registered-workflow/extensions/jiim_2026_major_revision/runs/jiim_ext_isic2019_split_01_seed_42_resnet18_A/metrics.json
jiim_ext_isic2019_split_01_seed_52_resnet18_A,extension,isic2019,split_01,52,resnet18,A,shared,image,0.45678681737722915,,2,research-lab/experiments/registered-workflow/extensions/jiim_2026_major_revision/runs/jiim_ext_isic2019_split_01_seed_52_resnet18_A/metrics.json
jiim_ext_isic2019_split_01_seed_62_resnet18_A,extension,isic2019,split_01,62,resnet18,A,shared,image,0.48832656298417748,,2,research-lab/experiments/registered-workflow/extensions/jiim_2026_major_revision/runs/jiim_ext_isic2019_split_01_seed_62_resnet18_A/metrics.json
jiim_ext_isic2019_split_01_seed_42_resnet50_A,extension,isic2019,split_01,42,resnet50,A,shared,image,0.51334203290748492,,2,research-lab/experiments/registered-workflow/extensions/jiim_2026_major_revision/runs/jiim_ext_isic2019_split_01_seed_42_resnet50_A/metrics.json
jiim_ext_isic2019_split_01_seed_52_resnet50_A,extension,isic2019,split_01,52,resnet50,A,shared,image,0.51268098136298967,,2,research-lab/experiments/registered-workflow/extensions/jiim_2026_major_revision/runs/jiim_ext_isic2019_split_01_seed_52_resnet50_A/metrics.json
jiim_ext_isic2019_split_01_seed_62_resnet50_A,extension,isic2019,split_01,62,resnet50,A,shared,image,0.50666260308541922,,2,research-lab/experiments/registered-workflow/extensions/jiim_2026_major_revision/runs/jiim_ext_isic2019_split_01_seed_62_resnet50_A/metrics.json
jiim_ext_isic2019_split_01_seed_42_densenet121_A,extension,isic2019,split_01,42,densenet121,A,shared,image,0.47311658533614287,,4,research-lab/experiments/registered-workflow/extensions/jiim_2026_major_revision/runs/jiim_ext_isic2019_split_01_seed_42_densenet121_A/metrics.json
jiim_ext_isic2019_split_01_seed_52_densenet121_A,extension,isic2019,split_01,52,densenet121,A,shared,image,0.44991080469387079,,3,research-lab/experiments/registered-workflow/extensions/jiim_2026_major_revision/runs/jiim_ext_isic2019_split_01_seed_52_densenet121_A/metrics.json
jiim_ext_isic2019_split_01_seed_62_densenet121_A,extension,isic2019,split_01,62,densenet121,A,shared,image,0.46142050318518019,,4,research-lab/experiments/registered-workflow/extensions/jiim_2026_major_revision/runs/jiim_ext_isic2019_split_01_seed_62_densenet121_A/metrics.json
jiim_ext_isic2019_split_01_seed_42_efficientnet_b0_A,extension,isic2019,split_01,42,efficientnet_b0,A,shared,image,0.42995749763478336,,14,research-lab/experiments/registered-workflow/extensions/jiim_2026_major_revision/runs/jiim_ext_isic2019_split_01_seed_42_efficientnet_b0_A/metrics.json
jiim_ext_isic2019_split_01_seed_52_efficientnet_b0_A,extension,isic2019,split_01,52,efficientnet_b0,A,shared,image,0.43173362225670731,,21,research-lab/experiments/registered-workflow/extensions/jiim_2026_major_revision/runs/jiim_ext_isic2019_split_01_seed_52_efficientnet_b0_A/metrics.json
jiim_ext_isic2019_split_01_seed_62_efficientnet_b0_A,extension,isic2019,split_01,62,efficientnet_b0,A,shared,image,0.44042010050984426,,21,research-lab/experiments/registered-workflow/extensions/jiim_2026_major_revision/runs/jiim_ext_isic2019_split_01_seed_62_efficientnet_b0_A/metrics.json
jiim_ext_isic2019_split_01_seed_42_swin_t_A,extension,isic2019,split_01,42,swin_t,A,shared,image,0.4864566903075509,,3,research-lab/experiments/registered-workflow/extensions/jiim_2026_major_revision/runs/jiim_ext_isic2019_split_01_seed_42_swin_t_A/metrics.json
jiim_ext_isic2019_split_01_seed_52_swin_t_A,extension,isic2019,split_01,52,swin_t,A,shared,image,0.46069072736736177,,2,research-lab/experiments/registered-workflow/extensions/jiim_2026_major_revision/runs/jiim_ext_isic2019_split_01_seed_52_swin_t_A/metrics.json
jiim_ext_isic2019_split_01_seed_62_swin_t_A,extension,isic2019,split_01,62,swin_t,A,shared,image,0.50797548026434702,,3,research-lab/experiments/registered-workflow/extensions/jiim_2026_major_revision/runs/jiim_ext_isic2019_split_01_seed_62_swin_t_A/metrics.json
jiim_ext_isic2019_split_01_seed_42_swin_t_B,extension,isic2019,split_01,42,swin_t,A,swin_weight_eval,image,0.4976526628954463,,3,research-lab/experiments/registered-workflow/extensions/jiim_2026_major_revision/runs/jiim_ext_isic2019_split_01_seed_42_swin_t_B/metrics.json
jiim_ext_isic2019_split_01_seed_52_swin_t_B,extension,isic2019,split_01,52,swin_t,A,swin_weight_eval,image,0.53925298737951788,,4,research-lab/experiments/registered-workflow/extensions/jiim_2026_major_revision/runs/jiim_ext_isic2019_split_01_seed_52_swin_t_B/metrics.json
jiim_ext_isic2019_split_01_seed_62_swin_t_B,extension,isic2019,split_01,62,swin_t,A,swin_weight_eval,image,0.51164718198930115,,3,research-lab/experiments/registered-workflow/extensions/jiim_2026_major_revision/runs/jiim_ext_isic2019_split_01_seed_62_swin_t_B/metrics.json
jiim_ext_isic2019_split_02_seed_42_resnet18_A,extension,isic2019,split_02,42,resnet18,A,shared,image,0.46431282185134659,,1,research-lab/experiments/registered-workflow/extensions/jiim_2026_major_revision/runs/jiim_ext_isic2019_split_02_seed_42_resnet18_A/metrics.json
jiim_ext_isic2019_split_02_seed_52_resnet18_A,extension,isic2019,split_02,52,resnet18,A,shared,image,0.44433293078598979,,1,research-lab/experiments/registered-workflow/extensions/jiim_2026_major_revision/runs/jiim_ext_isic2019_split_02_seed_52_resnet18_A/metrics.json
jiim_ext_isic2019_split_02_seed_62_resnet18_A,extension,isic2019,split_02,62,resnet18,A,shared,image,0.46987420174570088,,3,research-lab/experiments/registered-workflow/extensions/jiim_2026_major_revision/runs/jiim_ext_isic2019_split_02_seed_62_resnet18_A/metrics.json
jiim_ext_isic2019_split_02_seed_42_resnet50_A,extension,isic2019,split_02,42,resnet50,A,shared,image,0.51842988379445354,,3,research-lab/experiments/registered-workflow/extensions/jiim_2026_major_revision/runs/jiim_ext_isic2019_split_02_seed_42_resnet50_A/metrics.json
jiim_ext_isic2019_split_02_seed_52_resnet50_A,extension,isic2019,split_02,52,resnet50,A,shared,image,0.49243519315909395,,2,research-lab/experiments/registered-workflow/extensions/jiim_2026_major_revision/runs/jiim_ext_isic2019_split_02_seed_52_resnet50_A/metrics.json
jiim_ext_isic2019_split_02_seed_62_resnet50_A,extension,isic2019,split_02,62,resnet50,A,shared,image,0.50841147011466792,,2,research-lab/experiments/registered-workflow/extensions/jiim_2026_major_revision/runs/jiim_ext_isic2019_split_02_seed_62_resnet50_A/metrics.json
jiim_ext_isic2019_split_02_seed_42_densenet121_A,extension,isic2019,split_02,42,densenet121,A,shared,image,0.45486053604270055,,2,research-lab/experiments/registered-workflow/extensions/jiim_2026_major_revision/runs/jiim_ext_isic2019_split_02_seed_42_densenet121_A/metrics.json
jiim_ext_isic2019_split_02_seed_52_densenet121_A,extension,isic2019,split_02,52,densenet121,A,shared,image,0.46457003445841916,,3,research-lab/experiments/registered-workflow/extensions/jiim_2026_major_revision/runs/jiim_ext_isic2019_split_02_seed_52_densenet121_A/metrics.json
jiim_ext_isic2019_split_02_seed_62_densenet121_A,extension,isic2019,split_02,62,densenet121,A,shared,image,0.47954555824992162,,4,research-lab/experiments/registered-workflow/extensions/jiim_2026_major_revision/runs/jiim_ext_isic2019_split_02_seed_62_densenet121_A/metrics.json
jiim_ext_isic2019_split_02_seed_42_efficientnet_b0_A,extension,isic2019,split_02,42,efficientnet_b0,A,shared,image,0.41970335013421334,,10,research-lab/experiments/registered-workflow/extensions/jiim_2026_major_revision/runs/jiim_ext_isic2019_split_02_seed_42_efficientnet_b0_A/metrics.json
jiim_ext_isic2019_split_02_seed_52_efficientnet_b0_A,extension,isic2019,split_02,52,efficientnet_b0,A,shared,image,0.43629775872572546,,17,research-lab/experiments/registered-workflow/extensions/jiim_2026_major_revision/runs/jiim_ext_isic2019_split_02_seed_52_efficientnet_b0_A/metrics.json
jiim_ext_isic2019_split_02_seed_62_efficientnet_b0_A,extension,isic2019,split_02,62,efficientnet_b0,A,shared,image,0.43649552496857197,,19,research-lab/experiments/registered-workflow/extensions/jiim_2026_major_revision/runs/jiim_ext_isic2019_split_02_seed_62_efficientnet_b0_A/metrics.json
jiim_ext_isic2019_split_02_seed_42_swin_t_A,extension,isic2019,split_02,42,swin_t,A,shared,image,0.4928846238020641,,3,research-lab/experiments/registered-workflow/extensions/jiim_2026_major_revision/runs/jiim_ext_isic2019_split_02_seed_42_swin_t_A/metrics.json
jiim_ext_isic2019_split_02_seed_52_swin_t_A,extension,isic2019,split_02,52,swin_t,A,shared,image,0.48392857037038062,,3,research-lab/experiments/registered-workflow/extensions/jiim_2026_major_revision/runs/jiim_ext_isic2019_split_02_seed_52_swin_t_A/metrics.json
jiim_ext_isic2019_split_02_seed_62_swin_t_A,extension,isic2019,split_02,62,swin_t,A,shared,image,0.47480947206244889,,3,research-lab/experiments/registered-workflow/extensions/jiim_2026_major_revision/runs/jiim_ext_isic2019_split_02_seed_62_swin_t_A/metrics.json
jiim_ext_isic2019_split_02_seed_42_swin_t_B,extension,isic2019,split_02,42,swin_t,A,swin_weight_eval,image,0.500535977151505,,3,research-lab/experiments/registered-workflow/extensions/jiim_2026_major_revision/runs/jiim_ext_isic2019_split_02_seed_42_swin_t_B/metrics.json
jiim_ext_isic2019_split_02_seed_52_swin_t_B,extension,isic2019,split_02,52,swin_t,A,swin_weight_eval,image,0.49854177460593468,,3,research-lab/experiments/registered-workflow/extensions/jiim_2026_major_revision/runs/jiim_ext_isic2019_split_02_seed_52_swin_t_B/metrics.json
jiim_ext_isic2019_split_02_seed_62_swin_t_B,extension,isic2019,split_02,62,swin_t,A,swin_weight_eval,image,0.4886096959401432,,3,research-lab/experiments/registered-workflow/extensions/jiim_2026_major_revision/runs/jiim_ext_isic2019_split_02_seed_62_swin_t_B/metrics.json
jiim_ext_isic2019_split_03_seed_42_resnet18_A,extension,isic2019,split_03,42,resnet18,A,shared,image,0.49051956713885858,,1,research-lab/experiments/registered-workflow/extensions/jiim_2026_major_revision/runs/jiim_ext_isic2019_split_03_seed_42_resnet18_A/metrics.json
jiim_ext_isic2019_split_03_seed_52_resnet18_A,extension,isic2019,split_03,52,resnet18,A,shared,image,0.49462662166178034,,2,research-lab/experiments/registered-workflow/extensions/jiim_2026_major_revision/runs/jiim_ext_isic2019_split_03_seed_52_resnet18_A/metrics.json
jiim_ext_isic2019_split_03_seed_62_resnet18_A,extension,isic2019,split_03,62,resnet18,A,shared,image,0.48079633664400701,,1,research-lab/experiments/registered-workflow/extensions/jiim_2026_major_revision/runs/jiim_ext_isic2019_split_03_seed_62_resnet18_A/metrics.json
jiim_ext_isic2019_split_03_seed_42_resnet50_A,extension,isic2019,split_03,42,resnet50,A,shared,image,0.50897703698126506,,1,research-lab/experiments/registered-workflow/extensions/jiim_2026_major_revision/runs/jiim_ext_isic2019_split_03_seed_42_resnet50_A/metrics.json
jiim_ext_isic2019_split_03_seed_52_resnet50_A,extension,isic2019,split_03,52,resnet50,A,shared,image,0.52748212208773315,,2,research-lab/experiments/registered-workflow/extensions/jiim_2026_major_revision/runs/jiim_ext_isic2019_split_03_seed_52_resnet50_A/metrics.json
jiim_ext_isic2019_split_03_seed_62_resnet50_A,extension,isic2019,split_03,62,resnet50,A,shared,image,0.47127495116418833,,1,research-lab/experiments/registered-workflow/extensions/jiim_2026_major_revision/runs/jiim_ext_isic2019_split_03_seed_62_resnet50_A/metrics.json
jiim_ext_isic2019_split_03_seed_42_densenet121_A,extension,isic2019,split_03,42,densenet121,A,shared,image,0.50273735700056621,,2,research-lab/experiments/registered-workflow/extensions/jiim_2026_major_revision/runs/jiim_ext_isic2019_split_03_seed_42_densenet121_A/metrics.json
jiim_ext_isic2019_split_03_seed_52_densenet121_A,extension,isic2019,split_03,52,densenet121,A,shared,image,0.44694267610685195,,2,research-lab/experiments/registered-workflow/extensions/jiim_2026_major_revision/runs/jiim_ext_isic2019_split_03_seed_52_densenet121_A/metrics.json
jiim_ext_isic2019_split_03_seed_62_densenet121_A,extension,isic2019,split_03,62,densenet121,A,shared,image,0.46018579255006442,,3,research-lab/experiments/registered-workflow/extensions/jiim_2026_major_revision/runs/jiim_ext_isic2019_split_03_seed_62_densenet121_A/metrics.json
jiim_ext_isic2019_split_03_seed_42_efficientnet_b0_A,extension,isic2019,split_03,42,efficientnet_b0,A,shared,image,0.46939598070885025,,12,research-lab/experiments/registered-workflow/extensions/jiim_2026_major_revision/runs/jiim_ext_isic2019_split_03_seed_42_efficientnet_b0_A/metrics.json
jiim_ext_isic2019_split_03_seed_52_efficientnet_b0_A,extension,isic2019,split_03,52,efficientnet_b0,A,shared,image,0.46268457725076462,,19,research-lab/experiments/registered-workflow/extensions/jiim_2026_major_revision/runs/jiim_ext_isic2019_split_03_seed_52_efficientnet_b0_A/metrics.json
jiim_ext_isic2019_split_03_seed_62_efficientnet_b0_A,extension,isic2019,split_03,62,efficientnet_b0,A,shared,image,0.46428497908624577,,17,research-lab/experiments/registered-workflow/extensions/jiim_2026_major_revision/runs/jiim_ext_isic2019_split_03_seed_62_efficientnet_b0_A/metrics.json
jiim_ext_isic2019_split_03_seed_42_swin_t_A,extension,isic2019,split_03,42,swin_t,A,shared,image,0.50672409307294775,,3,research-lab/experiments/registered-workflow/extensions/jiim_2026_major_revision/runs/jiim_ext_isic2019_split_03_seed_42_swin_t_A/metrics.json
jiim_ext_isic2019_split_03_seed_52_swin_t_A,extension,isic2019,split_03,52,swin_t,A,shared,image,0.5058722649183659,,2,research-lab/experiments/registered-workflow/extensions/jiim_2026_major_revision/runs/jiim_ext_isic2019_split_03_seed_52_swin_t_A/metrics.json
jiim_ext_isic2019_split_03_seed_62_swin_t_A,extension,isic2019,split_03,62,swin_t,A,shared,image,0.51043539301264662,,3,research-lab/experiments/registered-workflow/extensions/jiim_2026_major_revision/runs/jiim_ext_isic2019_split_03_seed_62_swin_t_A/metrics.json
jiim_ext_isic2019_split_03_seed_42_swin_t_B,extension,isic2019,split_03,42,swin_t,A,swin_weight_eval,image,0.50546207191531012,,3,research-lab/experiments/registered-workflow/extensions/jiim_2026_major_revision/runs/jiim_ext_isic2019_split_03_seed_42_swin_t_B/metrics.json
jiim_ext_isic2019_split_03_seed_52_swin_t_B,extension,isic2019,split_03,52,swin_t,A,swin_weight_eval,image,0.53335827713825557,,3,research-lab/experiments/registered-workflow/extensions/jiim_2026_major_revision/runs/jiim_ext_isic2019_split_03_seed_52_swin_t_B/metrics.json
jiim_ext_isic2019_split_03_seed_62_swin_t_B,extension,isic2019,split_03,62,swin_t,A,swin_weight_eval,image,0.52706952007331742,,3,research-lab/experiments/registered-workflow/extensions/jiim_2026_major_revision/runs/jiim_ext_isic2019_split_03_seed_62_swin_t_B/metrics.json
jiim_ext_isic2019_split_04_seed_42_resnet18_A,extension,isic2019,split_04,42,resnet18,A,shared,image,0.45687614410255784,,1,research-lab/experiments/registered-workflow/extensions/jiim_2026_major_revision/runs/jiim_ext_isic2019_split_04_seed_42_resnet18_A/metrics.json
jiim_ext_isic2019_split_04_seed_52_resnet18_A,extension,isic2019,split_04,52,resnet18,A,shared,image,0.48366372294366178,,1,research-lab/experiments/registered-workflow/extensions/jiim_2026_major_revision/runs/jiim_ext_isic2019_split_04_seed_52_resnet18_A/metrics.json
jiim_ext_isic2019_split_04_seed_62_resnet18_A,extension,isic2019,split_04,62,resnet18,A,shared,image,0.472969182216331,,1,research-lab/experiments/registered-workflow/extensions/jiim_2026_major_revision/runs/jiim_ext_isic2019_split_04_seed_62_resnet18_A/metrics.json
jiim_ext_isic2019_split_04_seed_42_resnet50_A,extension,isic2019,split_04,42,resnet50,A,shared,image,0.47798620777192091,,1,research-lab/experiments/registered-workflow/extensions/jiim_2026_major_revision/runs/jiim_ext_isic2019_split_04_seed_42_resnet50_A/metrics.json
jiim_ext_isic2019_split_04_seed_52_resnet50_A,extension,isic2019,split_04,52,resnet50,A,shared,image,0.55199966534464817,,2,research-lab/experiments/registered-workflow/extensions/jiim_2026_major_revision/runs/jiim_ext_isic2019_split_04_seed_52_resnet50_A/metrics.json
jiim_ext_isic2019_split_04_seed_62_resnet50_A,extension,isic2019,split_04,62,resnet50,A,shared,image,0.48999126414771021,,1,research-lab/experiments/registered-workflow/extensions/jiim_2026_major_revision/runs/jiim_ext_isic2019_split_04_seed_62_resnet50_A/metrics.json
jiim_ext_isic2019_split_04_seed_42_densenet121_A,extension,isic2019,split_04,42,densenet121,A,shared,image,0.4882685616376865,,2,research-lab/experiments/registered-workflow/extensions/jiim_2026_major_revision/runs/jiim_ext_isic2019_split_04_seed_42_densenet121_A/metrics.json
jiim_ext_isic2019_split_04_seed_52_densenet121_A,extension,isic2019,split_04,52,densenet121,A,shared,image,0.46385365373714482,,2,research-lab/experiments/registered-workflow/extensions/jiim_2026_major_revision/runs/jiim_ext_isic2019_split_04_seed_52_densenet121_A/metrics.json
jiim_ext_isic2019_split_04_seed_62_densenet121_A,extension,isic2019,split_04,62,densenet121,A,shared,image,0.48139494622353218,,3,research-lab/experiments/registered-workflow/extensions/jiim_2026_major_revision/runs/jiim_ext_isic2019_split_04_seed_62_densenet121_A/metrics.json
jiim_ext_isic2019_split_04_seed_42_efficientnet_b0_A,extension,isic2019,split_04,42,efficientnet_b0,A,shared,image,0.48621241952510741,,16,research-lab/experiments/registered-workflow/extensions/jiim_2026_major_revision/runs/jiim_ext_isic2019_split_04_seed_42_efficientnet_b0_A/metrics.json
jiim_ext_isic2019_split_04_seed_52_efficientnet_b0_A,extension,isic2019,split_04,52,efficientnet_b0,A,shared,image,0.4988966927175964,,14,research-lab/experiments/registered-workflow/extensions/jiim_2026_major_revision/runs/jiim_ext_isic2019_split_04_seed_52_efficientnet_b0_A/metrics.json
jiim_ext_isic2019_split_04_seed_62_efficientnet_b0_A,extension,isic2019,split_04,62,efficientnet_b0,A,shared,image,0.48980006600753251,,18,research-lab/experiments/registered-workflow/extensions/jiim_2026_major_revision/runs/jiim_ext_isic2019_split_04_seed_62_efficientnet_b0_A/metrics.json
jiim_ext_isic2019_split_04_seed_42_swin_t_A,extension,isic2019,split_04,42,swin_t,A,shared,image,0.56688920398845422,,3,research-lab/experiments/registered-workflow/extensions/jiim_2026_major_revision/runs/jiim_ext_isic2019_split_04_seed_42_swin_t_A/metrics.json
jiim_ext_isic2019_split_04_seed_52_swin_t_A,extension,isic2019,split_04,52,swin_t,A,shared,image,0.5528358220072227,,3,research-lab/experiments/registered-workflow/extensions/jiim_2026_major_revision/runs/jiim_ext_isic2019_split_04_seed_52_swin_t_A/metrics.json
jiim_ext_isic2019_split_04_seed_62_swin_t_A,extension,isic2019,split_04,62,swin_t,A,shared,image,0.55209746669624749,,4,research-lab/experiments/registered-workflow/extensions/jiim_2026_major_revision/runs/jiim_ext_isic2019_split_04_seed_62_swin_t_A/metrics.json
jiim_ext_isic2019_split_04_seed_42_swin_t_B,extension,isic2019,split_04,42,swin_t,A,swin_weight_eval,image,0.58467908120597323,,3,research-lab/experiments/registered-workflow/extensions/jiim_2026_major_revision/runs/jiim_ext_isic2019_split_04_seed_42_swin_t_B/metrics.json
jiim_ext_isic2019_split_04_seed_52_swin_t_B,extension,isic2019,split_04,52,swin_t,A,swin_weight_eval,image,0.57784643627419041,,3,research-lab/experiments/registered-workflow/extensions/jiim_2026_major_revision/runs/jiim_ext_isic2019_split_04_seed_52_swin_t_B/metrics.json
jiim_ext_isic2019_split_04_seed_62_swin_t_B,extension,isic2019,split_04,62,swin_t,A,swin_weight_eval,image,0.56461040674842322,,4,research-lab/experiments/registered-workflow/extensions/jiim_2026_major_revision/runs/jiim_ext_isic2019_split_04_seed_62_swin_t_B/metrics.json
jiim_ext_isic2019_split_05_seed_42_resnet18_A,extension,isic2019,split_05,42,resnet18,A,shared,image,0.42864180857383632,,1,research-lab/experiments/registered-workflow/extensions/jiim_2026_major_revision/runs/jiim_ext_isic2019_split_05_seed_42_resnet18_A/metrics.json
jiim_ext_isic2019_split_05_seed_52_resnet18_A,extension,isic2019,split_05,52,resnet18,A,shared,image,0.44088708571584884,,2,research-lab/experiments/registered-workflow/extensions/jiim_2026_major_revision/runs/jiim_ext_isic2019_split_05_seed_52_resnet18_A/metrics.json
jiim_ext_isic2019_split_05_seed_62_resnet18_A,extension,isic2019,split_05,62,resnet18,A,shared,image,0.43589817003083503,,2,research-lab/experiments/registered-workflow/extensions/jiim_2026_major_revision/runs/jiim_ext_isic2019_split_05_seed_62_resnet18_A/metrics.json
jiim_ext_isic2019_split_05_seed_42_resnet50_A,extension,isic2019,split_05,42,resnet50,A,shared,image,0.47450406126580763,,1,research-lab/experiments/registered-workflow/extensions/jiim_2026_major_revision/runs/jiim_ext_isic2019_split_05_seed_42_resnet50_A/metrics.json
jiim_ext_isic2019_split_05_seed_52_resnet50_A,extension,isic2019,split_05,52,resnet50,A,shared,image,0.49071430539336902,,2,research-lab/experiments/registered-workflow/extensions/jiim_2026_major_revision/runs/jiim_ext_isic2019_split_05_seed_52_resnet50_A/metrics.json
jiim_ext_isic2019_split_05_seed_62_resnet50_A,extension,isic2019,split_05,62,resnet50,A,shared,image,0.48835648832149314,,2,research-lab/experiments/registered-workflow/extensions/jiim_2026_major_revision/runs/jiim_ext_isic2019_split_05_seed_62_resnet50_A/metrics.json
jiim_ext_isic2019_split_05_seed_42_densenet121_A,extension,isic2019,split_05,42,densenet121,A,shared,image,0.43418956336961462,,2,research-lab/experiments/registered-workflow/extensions/jiim_2026_major_revision/runs/jiim_ext_isic2019_split_05_seed_42_densenet121_A/metrics.json
jiim_ext_isic2019_split_05_seed_52_densenet121_A,extension,isic2019,split_05,52,densenet121,A,shared,image,0.43189623657821119,,2,research-lab/experiments/registered-workflow/extensions/jiim_2026_major_revision/runs/jiim_ext_isic2019_split_05_seed_52_densenet121_A/metrics.json
jiim_ext_isic2019_split_05_seed_62_densenet121_A,extension,isic2019,split_05,62,densenet121,A,shared,image,0.44459740932967035,,3,research-lab/experiments/registered-workflow/extensions/jiim_2026_major_revision/runs/jiim_ext_isic2019_split_05_seed_62_densenet121_A/metrics.json
jiim_ext_isic2019_split_05_seed_42_efficientnet_b0_A,extension,isic2019,split_05,42,efficientnet_b0,A,shared,image,0.45420786999878987,,20,research-lab/experiments/registered-workflow/extensions/jiim_2026_major_revision/runs/jiim_ext_isic2019_split_05_seed_42_efficientnet_b0_A/metrics.json
jiim_ext_isic2019_split_05_seed_52_efficientnet_b0_A,extension,isic2019,split_05,52,efficientnet_b0,A,shared,image,0.44539930126896349,,18,research-lab/experiments/registered-workflow/extensions/jiim_2026_major_revision/runs/jiim_ext_isic2019_split_05_seed_52_efficientnet_b0_A/metrics.json
jiim_ext_isic2019_split_05_seed_62_efficientnet_b0_A,extension,isic2019,split_05,62,efficientnet_b0,A,shared,image,0.4583190944348513,,26,research-lab/experiments/registered-workflow/extensions/jiim_2026_major_revision/runs/jiim_ext_isic2019_split_05_seed_62_efficientnet_b0_A/metrics.json
jiim_ext_isic2019_split_05_seed_42_swin_t_A,extension,isic2019,split_05,42,swin_t,A,shared,image,0.49239253659434634,,3,research-lab/experiments/registered-workflow/extensions/jiim_2026_major_revision/runs/jiim_ext_isic2019_split_05_seed_42_swin_t_A/metrics.json
jiim_ext_isic2019_split_05_seed_52_swin_t_A,extension,isic2019,split_05,52,swin_t,A,shared,image,0.47564911601358439,,2,research-lab/experiments/registered-workflow/extensions/jiim_2026_major_revision/runs/jiim_ext_isic2019_split_05_seed_52_swin_t_A/metrics.json
jiim_ext_isic2019_split_05_seed_62_swin_t_A,extension,isic2019,split_05,62,swin_t,A,shared,image,0.48046183266415338,,2,research-lab/experiments/registered-workflow/extensions/jiim_2026_major_revision/runs/jiim_ext_isic2019_split_05_seed_62_swin_t_A/metrics.json
jiim_ext_isic2019_split_05_seed_42_swin_t_B,extension,isic2019,split_05,42,swin_t,A,swin_weight_eval,image,0.52620056017267514,,4,research-lab/experiments/registered-workflow/extensions/jiim_2026_major_revision/runs/jiim_ext_isic2019_split_05_seed_42_swin_t_B/metrics.json
jiim_ext_isic2019_split_05_seed_52_swin_t_B,extension,isic2019,split_05,52,swin_t,A,swin_weight_eval,image,0.48867772229476414,,3,research-lab/experiments/registered-workflow/extensions/jiim_2026_major_revision/runs/jiim_ext_isic2019_split_05_seed_52_swin_t_B/metrics.json
jiim_ext_isic2019_split_05_seed_62_swin_t_B,extension,isic2019,split_05,62,swin_t,A,swin_weight_eval,image,0.49990193350399703,,3,research-lab/experiments/registered-workflow/extensions/jiim_2026_major_revision/runs/jiim_ext_isic2019_split_05_seed_62_swin_t_B/metrics.json
jiim_ext_isic2019_split_06_seed_42_resnet18_A,extension,isic2019,split_06,42,resnet18,A,shared,image,0.47327075105867444,,2,research-lab/experiments/registered-workflow/extensions/jiim_2026_major_revision/runs/jiim_ext_isic2019_split_06_seed_42_resnet18_A/metrics.json
jiim_ext_isic2019_split_06_seed_52_resnet18_A,extension,isic2019,split_06,52,resnet18,A,shared,image,0.49059931238820009,,2,research-lab/experiments/registered-workflow/extensions/jiim_2026_major_revision/runs/jiim_ext_isic2019_split_06_seed_52_resnet18_A/metrics.json
jiim_ext_isic2019_split_06_seed_62_resnet18_A,extension,isic2019,split_06,62,resnet18,A,shared,image,0.48469655674455681,,2,research-lab/experiments/registered-workflow/extensions/jiim_2026_major_revision/runs/jiim_ext_isic2019_split_06_seed_62_resnet18_A/metrics.json
jiim_ext_isic2019_split_06_seed_42_resnet50_A,extension,isic2019,split_06,42,resnet50,A,shared,image,0.50080491257852389,,2,research-lab/experiments/registered-workflow/extensions/jiim_2026_major_revision/runs/jiim_ext_isic2019_split_06_seed_42_resnet50_A/metrics.json
jiim_ext_isic2019_split_06_seed_52_resnet50_A,extension,isic2019,split_06,52,resnet50,A,shared,image,0.53117367028364604,,2,research-lab/experiments/registered-workflow/extensions/jiim_2026_major_revision/runs/jiim_ext_isic2019_split_06_seed_52_resnet50_A/metrics.json
jiim_ext_isic2019_split_06_seed_62_resnet50_A,extension,isic2019,split_06,62,resnet50,A,shared,image,0.54023803229395961,,2,research-lab/experiments/registered-workflow/extensions/jiim_2026_major_revision/runs/jiim_ext_isic2019_split_06_seed_62_resnet50_A/metrics.json
jiim_ext_isic2019_split_06_seed_42_densenet121_A,extension,isic2019,split_06,42,densenet121,A,shared,image,0.46924981892487244,,2,research-lab/experiments/registered-workflow/extensions/jiim_2026_major_revision/runs/jiim_ext_isic2019_split_06_seed_42_densenet121_A/metrics.json
jiim_ext_isic2019_split_06_seed_52_densenet121_A,extension,isic2019,split_06,52,densenet121,A,shared,image,0.46289318710127292,,2,research-lab/experiments/registered-workflow/extensions/jiim_2026_major_revision/runs/jiim_ext_isic2019_split_06_seed_52_densenet121_A/metrics.json
jiim_ext_isic2019_split_06_seed_62_densenet121_A,extension,isic2019,split_06,62,densenet121,A,shared,image,0.49148345120779136,,3,research-lab/experiments/registered-workflow/extensions/jiim_2026_major_revision/runs/jiim_ext_isic2019_split_06_seed_62_densenet121_A/metrics.json
jiim_ext_isic2019_split_06_seed_42_efficientnet_b0_A,extension,isic2019,split_06,42,efficientnet_b0,A,shared,image,0.44997569793157877,,15,research-lab/experiments/registered-workflow/extensions/jiim_2026_major_revision/runs/jiim_ext_isic2019_split_06_seed_42_efficientnet_b0_A/metrics.json
jiim_ext_isic2019_split_06_seed_52_efficientnet_b0_A,extension,isic2019,split_06,52,efficientnet_b0,A,shared,image,0.43978314920868489,,20,research-lab/experiments/registered-workflow/extensions/jiim_2026_major_revision/runs/jiim_ext_isic2019_split_06_seed_52_efficientnet_b0_A/metrics.json
jiim_ext_isic2019_split_06_seed_62_efficientnet_b0_A,extension,isic2019,split_06,62,efficientnet_b0,A,shared,image,0.42927751449539042,,17,research-lab/experiments/registered-workflow/extensions/jiim_2026_major_revision/runs/jiim_ext_isic2019_split_06_seed_62_efficientnet_b0_A/metrics.json
jiim_ext_isic2019_split_07_seed_42_resnet18_A,extension,isic2019,split_07,42,resnet18,A,shared,image,0.44521725669026491,,1,research-lab/experiments/registered-workflow/extensions/jiim_2026_major_revision/runs/jiim_ext_isic2019_split_07_seed_42_resnet18_A/metrics.json
jiim_ext_isic2019_split_07_seed_52_resnet18_A,extension,isic2019,split_07,52,resnet18,A,shared,image,0.46585121443786431,,1,research-lab/experiments/registered-workflow/extensions/jiim_2026_major_revision/runs/jiim_ext_isic2019_split_07_seed_52_resnet18_A/metrics.json
jiim_ext_isic2019_split_07_seed_62_resnet18_A,extension,isic2019,split_07,62,resnet18,A,shared,image,0.47759588818403764,,2,research-lab/experiments/registered-workflow/extensions/jiim_2026_major_revision/runs/jiim_ext_isic2019_split_07_seed_62_resnet18_A/metrics.json
jiim_ext_isic2019_split_07_seed_42_resnet50_A,extension,isic2019,split_07,42,resnet50,A,shared,image,0.47262961358220457,,1,research-lab/experiments/registered-workflow/extensions/jiim_2026_major_revision/runs/jiim_ext_isic2019_split_07_seed_42_resnet50_A/metrics.json
jiim_ext_isic2019_split_07_seed_52_resnet50_A,extension,isic2019,split_07,52,resnet50,A,shared,image,0.54124605814909521,,3,research-lab/experiments/registered-workflow/extensions/jiim_2026_major_revision/runs/jiim_ext_isic2019_split_07_seed_52_resnet50_A/metrics.json
jiim_ext_isic2019_split_07_seed_62_resnet50_A,extension,isic2019,split_07,62,resnet50,A,shared,image,0.52924278276220282,,2,research-lab/experiments/registered-workflow/extensions/jiim_2026_major_revision/runs/jiim_ext_isic2019_split_07_seed_62_resnet50_A/metrics.json
jiim_ext_isic2019_split_07_seed_42_densenet121_A,extension,isic2019,split_07,42,densenet121,A,shared,image,0.45682867814092398,,3,research-lab/experiments/registered-workflow/extensions/jiim_2026_major_revision/runs/jiim_ext_isic2019_split_07_seed_42_densenet121_A/metrics.json
jiim_ext_isic2019_split_07_seed_52_densenet121_A,extension,isic2019,split_07,52,densenet121,A,shared,image,0.45171720867882403,,3,research-lab/experiments/registered-workflow/extensions/jiim_2026_major_revision/runs/jiim_ext_isic2019_split_07_seed_52_densenet121_A/metrics.json
jiim_ext_isic2019_split_07_seed_62_densenet121_A,extension,isic2019,split_07,62,densenet121,A,shared,image,0.42617184704194938,,2,research-lab/experiments/registered-workflow/extensions/jiim_2026_major_revision/runs/jiim_ext_isic2019_split_07_seed_62_densenet121_A/metrics.json
jiim_ext_isic2019_split_07_seed_42_efficientnet_b0_A,extension,isic2019,split_07,42,efficientnet_b0,A,shared,image,0.46086071027586883,,14,research-lab/experiments/registered-workflow/extensions/jiim_2026_major_revision/runs/jiim_ext_isic2019_split_07_seed_42_efficientnet_b0_A/metrics.json
jiim_ext_isic2019_split_07_seed_52_efficientnet_b0_A,extension,isic2019,split_07,52,efficientnet_b0,A,shared,image,0.45678711774299552,,16,research-lab/experiments/registered-workflow/extensions/jiim_2026_major_revision/runs/jiim_ext_isic2019_split_07_seed_52_efficientnet_b0_A/metrics.json
jiim_ext_isic2019_split_07_seed_62_efficientnet_b0_A,extension,isic2019,split_07,62,efficientnet_b0,A,shared,image,0.43791407487225165,,11,research-lab/experiments/registered-workflow/extensions/jiim_2026_major_revision/runs/jiim_ext_isic2019_split_07_seed_62_efficientnet_b0_A/metrics.json
jiim_ext_isic2019_split_08_seed_42_resnet18_A,extension,isic2019,split_08,42,resnet18,A,shared,image,0.45314594085252002,,2,research-lab/experiments/registered-workflow/extensions/jiim_2026_major_revision/runs/jiim_ext_isic2019_split_08_seed_42_resnet18_A/metrics.json
jiim_ext_isic2019_split_08_seed_52_resnet18_A,extension,isic2019,split_08,52,resnet18,A,shared,image,0.42018454512937653,,1,research-lab/experiments/registered-workflow/extensions/jiim_2026_major_revision/runs/jiim_ext_isic2019_split_08_seed_52_resnet18_A/metrics.json
jiim_ext_isic2019_split_08_seed_62_resnet18_A,extension,isic2019,split_08,62,resnet18,A,shared,image,0.43081503146739153,,2,research-lab/experiments/registered-workflow/extensions/jiim_2026_major_revision/runs/jiim_ext_isic2019_split_08_seed_62_resnet18_A/metrics.json
jiim_ext_isic2019_split_08_seed_42_resnet50_A,extension,isic2019,split_08,42,resnet50,A,shared,image,0.4662418565633184,,1,research-lab/experiments/registered-workflow/extensions/jiim_2026_major_revision/runs/jiim_ext_isic2019_split_08_seed_42_resnet50_A/metrics.json
jiim_ext_isic2019_split_08_seed_52_resnet50_A,extension,isic2019,split_08,52,resnet50,A,shared,image,0.48085018601932167,,1,research-lab/experiments/registered-workflow/extensions/jiim_2026_major_revision/runs/jiim_ext_isic2019_split_08_seed_52_resnet50_A/metrics.json
jiim_ext_isic2019_split_08_seed_62_resnet50_A,extension,isic2019,split_08,62,resnet50,A,shared,image,0.51523188332349967,,2,research-lab/experiments/registered-workflow/extensions/jiim_2026_major_revision/runs/jiim_ext_isic2019_split_08_seed_62_resnet50_A/metrics.json
jiim_ext_isic2019_split_08_seed_42_densenet121_A,extension,isic2019,split_08,42,densenet121,A,shared,image,0.44549125478224261,,2,research-lab/experiments/registered-workflow/extensions/jiim_2026_major_revision/runs/jiim_ext_isic2019_split_08_seed_42_densenet121_A/metrics.json
jiim_ext_isic2019_split_08_seed_52_densenet121_A,extension,isic2019,split_08,52,densenet121,A,shared,image,0.45381486357411638,,2,research-lab/experiments/registered-workflow/extensions/jiim_2026_major_revision/runs/jiim_ext_isic2019_split_08_seed_52_densenet121_A/metrics.json
jiim_ext_isic2019_split_08_seed_62_densenet121_A,extension,isic2019,split_08,62,densenet121,A,shared,image,0.43732086225614558,,2,research-lab/experiments/registered-workflow/extensions/jiim_2026_major_revision/runs/jiim_ext_isic2019_split_08_seed_62_densenet121_A/metrics.json
jiim_ext_isic2019_split_08_seed_42_efficientnet_b0_A,extension,isic2019,split_08,42,efficientnet_b0,A,shared,image,0.4140271967396989,,15,research-lab/experiments/registered-workflow/extensions/jiim_2026_major_revision/runs/jiim_ext_isic2019_split_08_seed_42_efficientnet_b0_A/metrics.json
jiim_ext_isic2019_split_08_seed_52_efficientnet_b0_A,extension,isic2019,split_08,52,efficientnet_b0,A,shared,image,0.42601273370087034,,18,research-lab/experiments/registered-workflow/extensions/jiim_2026_major_revision/runs/jiim_ext_isic2019_split_08_seed_52_efficientnet_b0_A/metrics.json
jiim_ext_isic2019_split_08_seed_62_efficientnet_b0_A,extension,isic2019,split_08,62,efficientnet_b0,A,shared,image,0.42791113506330369,,16,research-lab/experiments/registered-workflow/extensions/jiim_2026_major_revision/runs/jiim_ext_isic2019_split_08_seed_62_efficientnet_b0_A/metrics.json
jiim_ext_isic2019_split_09_seed_42_resnet18_A,extension,isic2019,split_09,42,resnet18,A,shared,image,0.4220402224670014,,1,research-lab/experiments/registered-workflow/extensions/jiim_2026_major_revision/runs/jiim_ext_isic2019_split_09_seed_42_resnet18_A/metrics.json
jiim_ext_isic2019_split_09_seed_52_resnet18_A,extension,isic2019,split_09,52,resnet18,A,shared,image,0.46569393337459997,,2,research-lab/experiments/registered-workflow/extensions/jiim_2026_major_revision/runs/jiim_ext_isic2019_split_09_seed_52_resnet18_A/metrics.json
jiim_ext_isic2019_split_09_seed_62_resnet18_A,extension,isic2019,split_09,62,resnet18,A,shared,image,0.50660170868022913,,2,research-lab/experiments/registered-workflow/extensions/jiim_2026_major_revision/runs/jiim_ext_isic2019_split_09_seed_62_resnet18_A/metrics.json
jiim_ext_isic2019_split_09_seed_42_resnet50_A,extension,isic2019,split_09,42,resnet50,A,shared,image,0.47301359416961575,,1,research-lab/experiments/registered-workflow/extensions/jiim_2026_major_revision/runs/jiim_ext_isic2019_split_09_seed_42_resnet50_A/metrics.json
jiim_ext_isic2019_split_09_seed_52_resnet50_A,extension,isic2019,split_09,52,resnet50,A,shared,image,0.53735664222348178,,2,research-lab/experiments/registered-workflow/extensions/jiim_2026_major_revision/runs/jiim_ext_isic2019_split_09_seed_52_resnet50_A/metrics.json
jiim_ext_isic2019_split_09_seed_62_resnet50_A,extension,isic2019,split_09,62,resnet50,A,shared,image,0.5523580287140577,,2,research-lab/experiments/registered-workflow/extensions/jiim_2026_major_revision/runs/jiim_ext_isic2019_split_09_seed_62_resnet50_A/metrics.json
jiim_ext_isic2019_split_09_seed_42_densenet121_A,extension,isic2019,split_09,42,densenet121,A,shared,image,0.47419933646343387,,4,research-lab/experiments/registered-workflow/extensions/jiim_2026_major_revision/runs/jiim_ext_isic2019_split_09_seed_42_densenet121_A/metrics.json
jiim_ext_isic2019_split_09_seed_52_densenet121_A,extension,isic2019,split_09,52,densenet121,A,shared,image,0.46438130383600662,,3,research-lab/experiments/registered-workflow/extensions/jiim_2026_major_revision/runs/jiim_ext_isic2019_split_09_seed_52_densenet121_A/metrics.json
jiim_ext_isic2019_split_09_seed_62_densenet121_A,extension,isic2019,split_09,62,densenet121,A,shared,image,0.44383810286506964,,2,research-lab/experiments/registered-workflow/extensions/jiim_2026_major_revision/runs/jiim_ext_isic2019_split_09_seed_62_densenet121_A/metrics.json
jiim_ext_isic2019_split_09_seed_42_efficientnet_b0_A,extension,isic2019,split_09,42,efficientnet_b0,A,shared,image,0.45666104241239719,,16,research-lab/experiments/registered-workflow/extensions/jiim_2026_major_revision/runs/jiim_ext_isic2019_split_09_seed_42_efficientnet_b0_A/metrics.json
jiim_ext_isic2019_split_09_seed_52_efficientnet_b0_A,extension,isic2019,split_09,52,efficientnet_b0,A,shared,image,0.43158251315133556,,13,research-lab/experiments/registered-workflow/extensions/jiim_2026_major_revision/runs/jiim_ext_isic2019_split_09_seed_52_efficientnet_b0_A/metrics.json
jiim_ext_isic2019_split_09_seed_62_efficientnet_b0_A,extension,isic2019,split_09,62,efficientnet_b0,A,shared,image,0.44079173598003052,,13,research-lab/experiments/registered-workflow/extensions/jiim_2026_major_revision/runs/jiim_ext_isic2019_split_09_seed_62_efficientnet_b0_A/metrics.json
jiim_ext_isic2019_split_10_seed_42_resnet18_A,extension,isic2019,split_10,42,resnet18,A,shared,image,0.46903678207655025,,1,research-lab/experiments/registered-workflow/extensions/jiim_2026_major_revision/runs/jiim_ext_isic2019_split_10_seed_42_resnet18_A/metrics.json
jiim_ext_isic2019_split_10_seed_52_resnet18_A,extension,isic2019,split_10,52,resnet18,A,shared,image,0.46144113335894993,,1,research-lab/experiments/registered-workflow/extensions/jiim_2026_major_revision/runs/jiim_ext_isic2019_split_10_seed_52_resnet18_A/metrics.json
jiim_ext_isic2019_split_10_seed_62_resnet18_A,extension,isic2019,split_10,62,resnet18,A,shared,image,0.53324324118913125,,2,research-lab/experiments/registered-workflow/extensions/jiim_2026_major_revision/runs/jiim_ext_isic2019_split_10_seed_62_resnet18_A/metrics.json
jiim_ext_isic2019_split_10_seed_42_resnet50_A,extension,isic2019,split_10,42,resnet50,A,shared,image,0.50125452773962076,,1,research-lab/experiments/registered-workflow/extensions/jiim_2026_major_revision/runs/jiim_ext_isic2019_split_10_seed_42_resnet50_A/metrics.json
jiim_ext_isic2019_split_10_seed_52_resnet50_A,extension,isic2019,split_10,52,resnet50,A,shared,image,0.5154381984994566,,2,research-lab/experiments/registered-workflow/extensions/jiim_2026_major_revision/runs/jiim_ext_isic2019_split_10_seed_52_resnet50_A/metrics.json
jiim_ext_isic2019_split_10_seed_62_resnet50_A,extension,isic2019,split_10,62,resnet50,A,shared,image,0.54203265026130509,,2,research-lab/experiments/registered-workflow/extensions/jiim_2026_major_revision/runs/jiim_ext_isic2019_split_10_seed_62_resnet50_A/metrics.json
jiim_ext_isic2019_split_10_seed_42_densenet121_A,extension,isic2019,split_10,42,densenet121,A,shared,image,0.48387672440872459,,3,research-lab/experiments/registered-workflow/extensions/jiim_2026_major_revision/runs/jiim_ext_isic2019_split_10_seed_42_densenet121_A/metrics.json
jiim_ext_isic2019_split_10_seed_52_densenet121_A,extension,isic2019,split_10,52,densenet121,A,shared,image,0.4809249219266758,,3,research-lab/experiments/registered-workflow/extensions/jiim_2026_major_revision/runs/jiim_ext_isic2019_split_10_seed_52_densenet121_A/metrics.json
jiim_ext_isic2019_split_10_seed_62_densenet121_A,extension,isic2019,split_10,62,densenet121,A,shared,image,0.47823247331624974,,2,research-lab/experiments/registered-workflow/extensions/jiim_2026_major_revision/runs/jiim_ext_isic2019_split_10_seed_62_densenet121_A/metrics.json
jiim_ext_isic2019_split_10_seed_42_efficientnet_b0_A,extension,isic2019,split_10,42,efficientnet_b0,A,shared,image,0.45620331718667884,,18,research-lab/experiments/registered-workflow/extensions/jiim_2026_major_revision/runs/jiim_ext_isic2019_split_10_seed_42_efficientnet_b0_A/metrics.json
jiim_ext_isic2019_split_10_seed_52_efficientnet_b0_A,extension,isic2019,split_10,52,efficientnet_b0,A,shared,image,0.44911739293335762,,15,research-lab/experiments/registered-workflow/extensions/jiim_2026_major_revision/runs/jiim_ext_isic2019_split_10_seed_52_efficientnet_b0_A/metrics.json
jiim_ext_isic2019_split_10_seed_62_efficientnet_b0_A,extension,isic2019,split_10,62,efficientnet_b0,A,shared,image,0.46440353656323735,,17,research-lab/experiments/registered-workflow/extensions/jiim_2026_major_revision/runs/jiim_ext_isic2019_split_10_seed_62_efficientnet_b0_A/metrics.json
jiim_ext_mura_split_01_seed_42_resnet18_A,extension,mura,split_01,42,resnet18,A,shared,study,0.80102833446340327,,5,research-lab/experiments/registered-workflow/extensions/jiim_2026_major_revision/runs/jiim_ext_mura_split_01_seed_42_resnet18_A/metrics.json
jiim_ext_mura_split_01_seed_52_resnet18_A,extension,mura,split_01,52,resnet18,A,shared,study,0.79577132511760884,,6,research-lab/experiments/registered-workflow/extensions/jiim_2026_major_revision/runs/jiim_ext_mura_split_01_seed_52_resnet18_A/metrics.json
jiim_ext_mura_split_01_seed_62_resnet18_A,extension,mura,split_01,62,resnet18,A,shared,study,0.78078013267253366,,3,research-lab/experiments/registered-workflow/extensions/jiim_2026_major_revision/runs/jiim_ext_mura_split_01_seed_62_resnet18_A/metrics.json
jiim_ext_mura_split_01_seed_42_resnet50_A,extension,mura,split_01,42,resnet50,A,shared,study,0.79557166973067051,,2,research-lab/experiments/registered-workflow/extensions/jiim_2026_major_revision/runs/jiim_ext_mura_split_01_seed_42_resnet50_A/metrics.json
jiim_ext_mura_split_01_seed_52_resnet50_A,extension,mura,split_01,52,resnet50,A,shared,study,0.80935531843505126,,5,research-lab/experiments/registered-workflow/extensions/jiim_2026_major_revision/runs/jiim_ext_mura_split_01_seed_52_resnet50_A/metrics.json
jiim_ext_mura_split_01_seed_62_resnet50_A,extension,mura,split_01,62,resnet50,A,shared,study,0.81416364926359053,,4,research-lab/experiments/registered-workflow/extensions/jiim_2026_major_revision/runs/jiim_ext_mura_split_01_seed_62_resnet50_A/metrics.json
jiim_ext_mura_split_01_seed_42_densenet121_A,extension,mura,split_01,42,densenet121,A,shared,study,0.79711037054641798,,6,research-lab/experiments/registered-workflow/extensions/jiim_2026_major_revision/runs/jiim_ext_mura_split_01_seed_42_densenet121_A/metrics.json
jiim_ext_mura_split_01_seed_52_densenet121_A,extension,mura,split_01,52,densenet121,A,shared,study,0.79860625685905817,,6,research-lab/experiments/registered-workflow/extensions/jiim_2026_major_revision/runs/jiim_ext_mura_split_01_seed_52_densenet121_A/metrics.json
jiim_ext_mura_split_01_seed_62_densenet121_A,extension,mura,split_01,62,densenet121,A,shared,study,0.78804592860288414,,9,research-lab/experiments/registered-workflow/extensions/jiim_2026_major_revision/runs/jiim_ext_mura_split_01_seed_62_densenet121_A/metrics.json
jiim_ext_mura_split_01_seed_42_efficientnet_b0_A,extension,mura,split_01,42,efficientnet_b0,A,shared,study,0.77390971557189692,,29,research-lab/experiments/registered-workflow/extensions/jiim_2026_major_revision/runs/jiim_ext_mura_split_01_seed_42_efficientnet_b0_A/metrics.json
jiim_ext_mura_split_01_seed_52_efficientnet_b0_A,extension,mura,split_01,52,efficientnet_b0,A,shared,study,0.78386102936550661,,29,research-lab/experiments/registered-workflow/extensions/jiim_2026_major_revision/runs/jiim_ext_mura_split_01_seed_52_efficientnet_b0_A/metrics.json
jiim_ext_mura_split_01_seed_62_efficientnet_b0_A,extension,mura,split_01,62,efficientnet_b0,A,shared,study,0.77498532074179183,,21,research-lab/experiments/registered-workflow/extensions/jiim_2026_major_revision/runs/jiim_ext_mura_split_01_seed_62_efficientnet_b0_A/metrics.json
jiim_ext_mura_split_01_seed_42_swin_t_A,extension,mura,split_01,42,swin_t,A,shared,study,0.81297751277444974,,5,research-lab/experiments/registered-workflow/extensions/jiim_2026_major_revision/runs/jiim_ext_mura_split_01_seed_42_swin_t_A/metrics.json
jiim_ext_mura_split_01_seed_52_swin_t_A,extension,mura,split_01,52,swin_t,A,shared,study,0.82241592629614346,,9,research-lab/experiments/registered-workflow/extensions/jiim_2026_major_revision/runs/jiim_ext_mura_split_01_seed_52_swin_t_A/metrics.json
jiim_ext_mura_split_01_seed_62_swin_t_A,extension,mura,split_01,62,swin_t,A,shared,study,0.80786292718388919,,9,research-lab/experiments/registered-workflow/extensions/jiim_2026_major_revision/runs/jiim_ext_mura_split_01_seed_62_swin_t_A/metrics.json
jiim_ext_mura_split_01_seed_42_swin_t_B,extension,mura,split_01,42,swin_t,A,swin_weight_eval,study,0.81115745950971285,,5,research-lab/experiments/registered-workflow/extensions/jiim_2026_major_revision/runs/jiim_ext_mura_split_01_seed_42_swin_t_B/metrics.json
jiim_ext_mura_split_01_seed_52_swin_t_B,extension,mura,split_01,52,swin_t,A,swin_weight_eval,study,0.81713750969879562,,9,research-lab/experiments/registered-workflow/extensions/jiim_2026_major_revision/runs/jiim_ext_mura_split_01_seed_52_swin_t_B/metrics.json
jiim_ext_mura_split_01_seed_62_swin_t_B,extension,mura,split_01,62,swin_t,A,swin_weight_eval,study,0.81562021613460178,,7,research-lab/experiments/registered-workflow/extensions/jiim_2026_major_revision/runs/jiim_ext_mura_split_01_seed_62_swin_t_B/metrics.json
jiim_ext_mura_split_02_seed_42_resnet18_A,extension,mura,split_02,42,resnet18,A,shared,study,0.78252079823540655,,5,research-lab/experiments/registered-workflow/extensions/jiim_2026_major_revision/runs/jiim_ext_mura_split_02_seed_42_resnet18_A/metrics.json
jiim_ext_mura_split_02_seed_52_resnet18_A,extension,mura,split_02,52,resnet18,A,shared,study,0.76062142869548599,,2,research-lab/experiments/registered-workflow/extensions/jiim_2026_major_revision/runs/jiim_ext_mura_split_02_seed_52_resnet18_A/metrics.json
jiim_ext_mura_split_02_seed_62_resnet18_A,extension,mura,split_02,62,resnet18,A,shared,study,0.78027554405404942,,4,research-lab/experiments/registered-workflow/extensions/jiim_2026_major_revision/runs/jiim_ext_mura_split_02_seed_62_resnet18_A/metrics.json
jiim_ext_mura_split_02_seed_42_resnet50_A,extension,mura,split_02,42,resnet50,A,shared,study,0.78862783750455911,,4,research-lab/experiments/registered-workflow/extensions/jiim_2026_major_revision/runs/jiim_ext_mura_split_02_seed_42_resnet50_A/metrics.json
jiim_ext_mura_split_02_seed_52_resnet50_A,extension,mura,split_02,52,resnet50,A,shared,study,0.79476309984889792,,5,research-lab/experiments/registered-workflow/extensions/jiim_2026_major_revision/runs/jiim_ext_mura_split_02_seed_52_resnet50_A/metrics.json
jiim_ext_mura_split_02_seed_62_resnet50_A,extension,mura,split_02,62,resnet50,A,shared,study,0.79618120082671906,,4,research-lab/experiments/registered-workflow/extensions/jiim_2026_major_revision/runs/jiim_ext_mura_split_02_seed_62_resnet50_A/metrics.json
jiim_ext_mura_split_02_seed_42_densenet121_A,extension,mura,split_02,42,densenet121,A,shared,study,0.79526416798374355,,6,research-lab/experiments/registered-workflow/extensions/jiim_2026_major_revision/runs/jiim_ext_mura_split_02_seed_42_densenet121_A/metrics.json
jiim_ext_mura_split_02_seed_52_densenet121_A,extension,mura,split_02,52,densenet121,A,shared,study,0.79343010229779254,,7,research-lab/experiments/registered-workflow/extensions/jiim_2026_major_revision/runs/jiim_ext_mura_split_02_seed_52_densenet121_A/metrics.json
jiim_ext_mura_split_02_seed_62_densenet121_A,extension,mura,split_02,62,densenet121,A,shared,study,0.79930093613769393,,5,research-lab/experiments/registered-workflow/extensions/jiim_2026_major_revision/runs/jiim_ext_mura_split_02_seed_62_densenet121_A/metrics.json
jiim_ext_mura_split_02_seed_42_efficientnet_b0_A,extension,mura,split_02,42,efficientnet_b0,A,shared,study,0.77375731628949063,,33,research-lab/experiments/registered-workflow/extensions/jiim_2026_major_revision/runs/jiim_ext_mura_split_02_seed_42_efficientnet_b0_A/metrics.json
jiim_ext_mura_split_02_seed_52_efficientnet_b0_A,extension,mura,split_02,52,efficientnet_b0,A,shared,study,0.7752935199819373,,20,research-lab/experiments/registered-workflow/extensions/jiim_2026_major_revision/runs/jiim_ext_mura_split_02_seed_52_efficientnet_b0_A/metrics.json
jiim_ext_mura_split_02_seed_62_efficientnet_b0_A,extension,mura,split_02,62,efficientnet_b0,A,shared,study,0.77973670041856991,,22,research-lab/experiments/registered-workflow/extensions/jiim_2026_major_revision/runs/jiim_ext_mura_split_02_seed_62_efficientnet_b0_A/metrics.json
jiim_ext_mura_split_02_seed_42_swin_t_A,extension,mura,split_02,42,swin_t,A,shared,study,0.79832702294318914,,8,research-lab/experiments/registered-workflow/extensions/jiim_2026_major_revision/runs/jiim_ext_mura_split_02_seed_42_swin_t_A/metrics.json
jiim_ext_mura_split_02_seed_52_swin_t_A,extension,mura,split_02,52,swin_t,A,shared,study,0.81187409903259988,,7,research-lab/experiments/registered-workflow/extensions/jiim_2026_major_revision/runs/jiim_ext_mura_split_02_seed_52_swin_t_A/metrics.json
jiim_ext_mura_split_02_seed_62_swin_t_A,extension,mura,split_02,62,swin_t,A,shared,study,0.80361168522152937,,5,research-lab/experiments/registered-workflow/extensions/jiim_2026_major_revision/runs/jiim_ext_mura_split_02_seed_62_swin_t_A/metrics.json
jiim_ext_mura_split_02_seed_42_swin_t_B,extension,mura,split_02,42,swin_t,A,swin_weight_eval,study,0.79977812320892028,,8,research-lab/experiments/registered-workflow/extensions/jiim_2026_major_revision/runs/jiim_ext_mura_split_02_seed_42_swin_t_B/metrics.json
jiim_ext_mura_split_02_seed_52_swin_t_B,extension,mura,split_02,52,swin_t,A,swin_weight_eval,study,0.80273720409191174,,7,research-lab/experiments/registered-workflow/extensions/jiim_2026_major_revision/runs/jiim_ext_mura_split_02_seed_52_swin_t_B/metrics.json
jiim_ext_mura_split_02_seed_62_swin_t_B,extension,mura,split_02,62,swin_t,A,swin_weight_eval,study,0.80032651926984733,,5,research-lab/experiments/registered-workflow/extensions/jiim_2026_major_revision/runs/jiim_ext_mura_split_02_seed_62_swin_t_B/metrics.json
jiim_ext_mura_split_03_seed_42_resnet18_A,extension,mura,split_03,42,resnet18,A,shared,study,0.79421451652995279,,2,research-lab/experiments/registered-workflow/extensions/jiim_2026_major_revision/runs/jiim_ext_mura_split_03_seed_42_resnet18_A/metrics.json
jiim_ext_mura_split_03_seed_52_resnet18_A,extension,mura,split_03,52,resnet18,A,shared,study,0.78703703703703698,,3,research-lab/experiments/registered-workflow/extensions/jiim_2026_major_revision/runs/jiim_ext_mura_split_03_seed_52_resnet18_A/metrics.json
jiim_ext_mura_split_03_seed_62_resnet18_A,extension,mura,split_03,62,resnet18,A,shared,study,0.78431052696992287,,4,research-lab/experiments/registered-workflow/extensions/jiim_2026_major_revision/runs/jiim_ext_mura_split_03_seed_62_resnet18_A/metrics.json
jiim_ext_mura_split_03_seed_42_resnet50_A,extension,mura,split_03,42,resnet50,A,shared,study,0.80464671886651751,,5,research-lab/experiments/registered-workflow/extensions/jiim_2026_major_revision/runs/jiim_ext_mura_split_03_seed_42_resnet50_A/metrics.json
jiim_ext_mura_split_03_seed_52_resnet50_A,extension,mura,split_03,52,resnet50,A,shared,study,0.80926858066119811,,4,research-lab/experiments/registered-workflow/extensions/jiim_2026_major_revision/runs/jiim_ext_mura_split_03_seed_52_resnet50_A/metrics.json
jiim_ext_mura_split_03_seed_62_resnet50_A,extension,mura,split_03,62,resnet50,A,shared,study,0.80256882301764854,,4,research-lab/experiments/registered-workflow/extensions/jiim_2026_major_revision/runs/jiim_ext_mura_split_03_seed_62_resnet50_A/metrics.json
jiim_ext_mura_split_03_seed_42_densenet121_A,extension,mura,split_03,42,densenet121,A,shared,study,0.78836145289584891,,7,research-lab/experiments/registered-workflow/extensions/jiim_2026_major_revision/runs/jiim_ext_mura_split_03_seed_42_densenet121_A/metrics.json
jiim_ext_mura_split_03_seed_52_densenet121_A,extension,mura,split_03,52,densenet121,A,shared,study,0.80066570345513299,,3,research-lab/experiments/registered-workflow/extensions/jiim_2026_major_revision/runs/jiim_ext_mura_split_03_seed_52_densenet121_A/metrics.json
jiim_ext_mura_split_03_seed_62_densenet121_A,extension,mura,split_03,62,densenet121,A,shared,study,0.79221429903057428,,4,research-lab/experiments/registered-workflow/extensions/jiim_2026_major_revision/runs/jiim_ext_mura_split_03_seed_62_densenet121_A/metrics.json
jiim_ext_mura_split_03_seed_42_efficientnet_b0_A,extension,mura,split_03,42,efficientnet_b0,A,shared,study,0.77357149515287094,,26,research-lab/experiments/registered-workflow/extensions/jiim_2026_major_revision/runs/jiim_ext_mura_split_03_seed_42_efficientnet_b0_A/metrics.json
jiim_ext_mura_split_03_seed_52_efficientnet_b0_A,extension,mura,split_03,52,efficientnet_b0,A,shared,study,0.77300444320159079,,28,research-lab/experiments/registered-workflow/extensions/jiim_2026_major_revision/runs/jiim_ext_mura_split_03_seed_52_efficientnet_b0_A/metrics.json
jiim_ext_mura_split_03_seed_62_efficientnet_b0_A,extension,mura,split_03,62,efficientnet_b0,A,shared,study,0.77409970792940586,,33,research-lab/experiments/registered-workflow/extensions/jiim_2026_major_revision/runs/jiim_ext_mura_split_03_seed_62_efficientnet_b0_A/metrics.json
jiim_ext_mura_split_03_seed_42_swin_t_A,extension,mura,split_03,42,swin_t,A,shared,study,0.80709358687546606,,9,research-lab/experiments/registered-workflow/extensions/jiim_2026_major_revision/runs/jiim_ext_mura_split_03_seed_42_swin_t_A/metrics.json
jiim_ext_mura_split_03_seed_52_swin_t_A,extension,mura,split_03,52,swin_t,A,shared,study,0.80782376336067618,,7,research-lab/experiments/registered-workflow/extensions/jiim_2026_major_revision/runs/jiim_ext_mura_split_03_seed_52_swin_t_A/metrics.json
jiim_ext_mura_split_03_seed_62_swin_t_A,extension,mura,split_03,62,swin_t,A,shared,study,0.81129986950037281,,8,research-lab/experiments/registered-workflow/extensions/jiim_2026_major_revision/runs/jiim_ext_mura_split_03_seed_62_swin_t_A/metrics.json
jiim_ext_mura_split_03_seed_42_swin_t_B,extension,mura,split_03,42,swin_t,A,swin_weight_eval,study,0.8107056301267711,,9,research-lab/experiments/registered-workflow/extensions/jiim_2026_major_revision/runs/jiim_ext_mura_split_03_seed_42_swin_t_B/metrics.json
jiim_ext_mura_split_03_seed_52_swin_t_B,extension,mura,split_03,52,swin_t,A,swin_weight_eval,study,0.80242511807109129,,5,research-lab/experiments/registered-workflow/extensions/jiim_2026_major_revision/runs/jiim_ext_mura_split_03_seed_52_swin_t_B/metrics.json
jiim_ext_mura_split_03_seed_62_swin_t_B,extension,mura,split_03,62,swin_t,A,swin_weight_eval,study,0.80783929903057428,,8,research-lab/experiments/registered-workflow/extensions/jiim_2026_major_revision/runs/jiim_ext_mura_split_03_seed_62_swin_t_B/metrics.json
jiim_ext_mura_split_04_seed_42_resnet18_A,extension,mura,split_04,42,resnet18,A,shared,study,0.76283223027628955,,3,research-lab/experiments/registered-workflow/extensions/jiim_2026_major_revision/runs/jiim_ext_mura_split_04_seed_42_resnet18_A/metrics.json
jiim_ext_mura_split_04_seed_52_resnet18_A,extension,mura,split_04,52,resnet18,A,shared,study,0.78882147984732298,,3,research-lab/experiments/registered-workflow/extensions/jiim_2026_major_revision/runs/jiim_ext_mura_split_04_seed_52_resnet18_A/metrics.json
jiim_ext_mura_split_04_seed_62_resnet18_A,extension,mura,split_04,62,resnet18,A,shared,study,0.76264532338831115,,4,research-lab/experiments/registered-workflow/extensions/jiim_2026_major_revision/runs/jiim_ext_mura_split_04_seed_62_resnet18_A/metrics.json
jiim_ext_mura_split_04_seed_42_resnet50_A,extension,mura,split_04,42,resnet50,A,shared,study,0.77034045943201312,,3,research-lab/experiments/registered-workflow/extensions/jiim_2026_major_revision/runs/jiim_ext_mura_split_04_seed_42_resnet50_A/metrics.json
jiim_ext_mura_split_04_seed_52_resnet50_A,extension,mura,split_04,52,resnet50,A,shared,study,0.77377963371502601,,4,research-lab/experiments/registered-workflow/extensions/jiim_2026_major_revision/runs/jiim_ext_mura_split_04_seed_52_resnet50_A/metrics.json
jiim_ext_mura_split_04_seed_62_resnet50_A,extension,mura,split_04,62,resnet50,A,shared,study,0.76507773925832545,,3,research-lab/experiments/registered-workflow/extensions/jiim_2026_major_revision/runs/jiim_ext_mura_split_04_seed_62_resnet50_A/metrics.json
jiim_ext_mura_split_04_seed_42_densenet121_A,extension,mura,split_04,42,densenet121,A,shared,study,0.76594355149350424,,5,research-lab/experiments/registered-workflow/extensions/jiim_2026_major_revision/runs/jiim_ext_mura_split_04_seed_42_densenet121_A/metrics.json
jiim_ext_mura_split_04_seed_52_densenet121_A,extension,mura,split_04,52,densenet121,A,shared,study,0.78617808243162801,,5,research-lab/experiments/registered-workflow/extensions/jiim_2026_major_revision/runs/jiim_ext_mura_split_04_seed_52_densenet121_A/metrics.json
jiim_ext_mura_split_04_seed_62_densenet121_A,extension,mura,split_04,62,densenet121,A,shared,study,0.78042336379871835,,5,research-lab/experiments/registered-workflow/extensions/jiim_2026_major_revision/runs/jiim_ext_mura_split_04_seed_62_densenet121_A/metrics.json
jiim_ext_mura_split_04_seed_42_efficientnet_b0_A,extension,mura,split_04,42,efficientnet_b0,A,shared,study,0.7560961410512308,,27,research-lab/experiments/registered-workflow/extensions/jiim_2026_major_revision/runs/jiim_ext_mura_split_04_seed_42_efficientnet_b0_A/metrics.json
jiim_ext_mura_split_04_seed_52_efficientnet_b0_A,extension,mura,split_04,52,efficientnet_b0,A,shared,study,0.76400269636166263,,26,research-lab/experiments/registered-workflow/extensions/jiim_2026_major_revision/runs/jiim_ext_mura_split_04_seed_52_efficientnet_b0_A/metrics.json
jiim_ext_mura_split_04_seed_62_efficientnet_b0_A,extension,mura,split_04,62,efficientnet_b0,A,shared,study,0.75619025107679372,,29,research-lab/experiments/registered-workflow/extensions/jiim_2026_major_revision/runs/jiim_ext_mura_split_04_seed_62_efficientnet_b0_A/metrics.json
jiim_ext_mura_split_04_seed_42_swin_t_A,extension,mura,split_04,42,swin_t,A,shared,study,0.80496113037083727,,6,research-lab/experiments/registered-workflow/extensions/jiim_2026_major_revision/runs/jiim_ext_mura_split_04_seed_42_swin_t_A/metrics.json
jiim_ext_mura_split_04_seed_52_swin_t_A,extension,mura,split_04,52,swin_t,A,shared,study,0.78998975732745036,,8,research-lab/experiments/registered-workflow/extensions/jiim_2026_major_revision/runs/jiim_ext_mura_split_04_seed_52_swin_t_A/metrics.json
jiim_ext_mura_split_04_seed_62_swin_t_A,extension,mura,split_04,62,swin_t,A,shared,study,0.79471495605280662,,9,research-lab/experiments/registered-workflow/extensions/jiim_2026_major_revision/runs/jiim_ext_mura_split_04_seed_62_swin_t_A/metrics.json
jiim_ext_mura_split_04_seed_42_swin_t_B,extension,mura,split_04,42,swin_t,A,swin_weight_eval,study,0.80601341177294539,,6,research-lab/experiments/registered-workflow/extensions/jiim_2026_major_revision/runs/jiim_ext_mura_split_04_seed_42_swin_t_B/metrics.json
jiim_ext_mura_split_04_seed_52_swin_t_B,extension,mura,split_04,52,swin_t,A,swin_weight_eval,study,0.80318310746927202,,9,research-lab/experiments/registered-workflow/extensions/jiim_2026_major_revision/runs/jiim_ext_mura_split_04_seed_52_swin_t_B/metrics.json
jiim_ext_mura_split_04_seed_62_swin_t_B,extension,mura,split_04,62,swin_t,A,swin_weight_eval,study,0.80748678082431624,,9,research-lab/experiments/registered-workflow/extensions/jiim_2026_major_revision/runs/jiim_ext_mura_split_04_seed_62_swin_t_B/metrics.json
jiim_ext_mura_split_05_seed_42_resnet18_A,extension,mura,split_05,42,resnet18,A,shared,study,0.78728303947329525,,4,research-lab/experiments/registered-workflow/extensions/jiim_2026_major_revision/runs/jiim_ext_mura_split_05_seed_42_resnet18_A/metrics.json
jiim_ext_mura_split_05_seed_52_resnet18_A,extension,mura,split_05,52,resnet18,A,shared,study,0.76072781876959628,,4,research-lab/experiments/registered-workflow/extensions/jiim_2026_major_revision/runs/jiim_ext_mura_split_05_seed_52_resnet18_A/metrics.json
jiim_ext_mura_split_05_seed_62_resnet18_A,extension,mura,split_05,62,resnet18,A,shared,study,0.7844989192187769,,5,research-lab/experiments/registered-workflow/extensions/jiim_2026_major_revision/runs/jiim_ext_mura_split_05_seed_62_resnet18_A/metrics.json
jiim_ext_mura_split_05_seed_42_resnet50_A,extension,mura,split_05,42,resnet50,A,shared,study,0.79290040640156367,,5,research-lab/experiments/registered-workflow/extensions/jiim_2026_major_revision/runs/jiim_ext_mura_split_05_seed_42_resnet50_A/metrics.json
jiim_ext_mura_split_05_seed_52_resnet50_A,extension,mura,split_05,52,resnet50,A,shared,study,0.79944508883621679,,4,research-lab/experiments/registered-workflow/extensions/jiim_2026_major_revision/runs/jiim_ext_mura_split_05_seed_52_resnet50_A/metrics.json
jiim_ext_mura_split_05_seed_62_resnet50_A,extension,mura,split_05,62,resnet50,A,shared,study,0.81481687583797502,,5,research-lab/experiments/registered-workflow/extensions/jiim_2026_major_revision/runs/jiim_ext_mura_split_05_seed_62_resnet50_A/metrics.json
jiim_ext_mura_split_05_seed_42_densenet121_A,extension,mura,split_05,42,densenet121,A,shared,study,0.78726260636087142,,7,research-lab/experiments/registered-workflow/extensions/jiim_2026_major_revision/runs/jiim_ext_mura_split_05_seed_42_densenet121_A/metrics.json
jiim_ext_mura_split_05_seed_52_densenet121_A,extension,mura,split_05,52,densenet121,A,shared,study,0.78951242246285958,,8,research-lab/experiments/registered-workflow/extensions/jiim_2026_major_revision/runs/jiim_ext_mura_split_05_seed_52_densenet121_A/metrics.json
jiim_ext_mura_split_05_seed_62_densenet121_A,extension,mura,split_05,62,densenet121,A,shared,study,0.78607531210492354,,4,research-lab/experiments/registered-workflow/extensions/jiim_2026_major_revision/runs/jiim_ext_mura_split_05_seed_62_densenet121_A/metrics.json
jiim_ext_mura_split_05_seed_42_efficientnet_b0_A,extension,mura,split_05,42,efficientnet_b0,A,shared,study,0.7755653016188242,,33,research-lab/experiments/registered-workflow/extensions/jiim_2026_major_revision/runs/jiim_ext_mura_split_05_seed_42_efficientnet_b0_A/metrics.json
jiim_ext_mura_split_05_seed_52_efficientnet_b0_A,extension,mura,split_05,52,efficientnet_b0,A,shared,study,0.77935455710576695,,27,research-lab/experiments/registered-workflow/extensions/jiim_2026_major_revision/runs/jiim_ext_mura_split_05_seed_52_efficientnet_b0_A/metrics.json
jiim_ext_mura_split_05_seed_62_efficientnet_b0_A,extension,mura,split_05,62,efficientnet_b0,A,shared,study,0.780521418249291,,25,research-lab/experiments/registered-workflow/extensions/jiim_2026_major_revision/runs/jiim_ext_mura_split_05_seed_62_efficientnet_b0_A/metrics.json
jiim_ext_mura_split_05_seed_42_swin_t_A,extension,mura,split_05,42,swin_t,A,shared,study,0.8158793976840153,,6,research-lab/experiments/registered-workflow/extensions/jiim_2026_major_revision/runs/jiim_ext_mura_split_05_seed_42_swin_t_A/metrics.json
jiim_ext_mura_split_05_seed_52_swin_t_A,extension,mura,split_05,52,swin_t,A,shared,study,0.80983423963606449,,6,research-lab/experiments/registered-workflow/extensions/jiim_2026_major_revision/runs/jiim_ext_mura_split_05_seed_52_swin_t_A/metrics.json
jiim_ext_mura_split_05_seed_62_swin_t_A,extension,mura,split_05,62,swin_t,A,shared,study,0.8035291028385505,,5,research-lab/experiments/registered-workflow/extensions/jiim_2026_major_revision/runs/jiim_ext_mura_split_05_seed_62_swin_t_A/metrics.json
jiim_ext_mura_split_05_seed_42_swin_t_B,extension,mura,split_05,42,swin_t,A,swin_weight_eval,study,0.80628452978626097,,6,research-lab/experiments/registered-workflow/extensions/jiim_2026_major_revision/runs/jiim_ext_mura_split_05_seed_42_swin_t_B/metrics.json
jiim_ext_mura_split_05_seed_52_swin_t_B,extension,mura,split_05,52,swin_t,A,swin_weight_eval,study,0.80279829300909311,,6,research-lab/experiments/registered-workflow/extensions/jiim_2026_major_revision/runs/jiim_ext_mura_split_05_seed_52_swin_t_B/metrics.json
jiim_ext_mura_split_05_seed_62_swin_t_B,extension,mura,split_05,62,swin_t,A,swin_weight_eval,study,0.7971748396218048,,5,research-lab/experiments/registered-workflow/extensions/jiim_2026_major_revision/runs/jiim_ext_mura_split_05_seed_62_swin_t_B/metrics.json
jiim_ext_mura_split_06_seed_42_resnet18_A,extension,mura,split_06,42,resnet18,A,shared,study,0.76408779895322265,,3,research-lab/experiments/registered-workflow/extensions/jiim_2026_major_revision/runs/jiim_ext_mura_split_06_seed_42_resnet18_A/metrics.json
jiim_ext_mura_split_06_seed_52_resnet18_A,extension,mura,split_06,52,resnet18,A,shared,study,0.76826349444503983,,2,research-lab/experiments/registered-workflow/extensions/jiim_2026_major_revision/runs/jiim_ext_mura_split_06_seed_52_resnet18_A/metrics.json
jiim_ext_mura_split_06_seed_62_resnet18_A,extension,mura,split_06,62,resnet18,A,shared,study,0.78150940174067907,,4,research-lab/experiments/registered-workflow/extensions/jiim_2026_major_revision/runs/jiim_ext_mura_split_06_seed_62_resnet18_A/metrics.json
jiim_ext_mura_split_06_seed_42_resnet50_A,extension,mura,split_06,42,resnet50,A,shared,study,0.76280873354227063,,4,research-lab/experiments/registered-workflow/extensions/jiim_2026_major_revision/runs/jiim_ext_mura_split_06_seed_42_resnet50_A/metrics.json
jiim_ext_mura_split_06_seed_52_resnet50_A,extension,mura,split_06,52,resnet50,A,shared,study,0.79059529690785069,,5,research-lab/experiments/registered-workflow/extensions/jiim_2026_major_revision/runs/jiim_ext_mura_split_06_seed_52_resnet50_A/metrics.json
jiim_ext_mura_split_06_seed_62_resnet50_A,extension,mura,split_06,62,resnet50,A,shared,study,0.78776619241918489,,4,research-lab/experiments/registered-workflow/extensions/jiim_2026_major_revision/runs/jiim_ext_mura_split_06_seed_62_resnet50_A/metrics.json
jiim_ext_mura_split_06_seed_42_densenet121_A,extension,mura,split_06,42,densenet121,A,shared,study,0.77250932942294803,,7,research-lab/experiments/registered-workflow/extensions/jiim_2026_major_revision/runs/jiim_ext_mura_split_06_seed_42_densenet121_A/metrics.json
jiim_ext_mura_split_06_seed_52_densenet121_A,extension,mura,split_06,52,densenet121,A,shared,study,0.77363461074327811,,5,research-lab/experiments/registered-workflow/extensions/jiim_2026_major_revision/runs/jiim_ext_mura_split_06_seed_52_densenet121_A/metrics.json
jiim_ext_mura_split_06_seed_62_densenet121_A,extension,mura,split_06,62,densenet121,A,shared,study,0.78285381449892089,,4,research-lab/experiments/registered-workflow/extensions/jiim_2026_major_revision/runs/jiim_ext_mura_split_06_seed_62_densenet121_A/metrics.json
jiim_ext_mura_split_06_seed_42_efficientnet_b0_A,extension,mura,split_06,42,efficientnet_b0,A,shared,study,0.77682748213185704,,29,research-lab/experiments/registered-workflow/extensions/jiim_2026_major_revision/runs/jiim_ext_mura_split_06_seed_42_efficientnet_b0_A/metrics.json
jiim_ext_mura_split_06_seed_52_efficientnet_b0_A,extension,mura,split_06,52,efficientnet_b0,A,shared,study,0.7724596654390079,,24,research-lab/experiments/registered-workflow/extensions/jiim_2026_major_revision/runs/jiim_ext_mura_split_06_seed_52_efficientnet_b0_A/metrics.json
jiim_ext_mura_split_06_seed_62_efficientnet_b0_A,extension,mura,split_06,62,efficientnet_b0,A,shared,study,0.77583550939999801,,30,research-lab/experiments/registered-workflow/extensions/jiim_2026_major_revision/runs/jiim_ext_mura_split_06_seed_62_efficientnet_b0_A/metrics.json
jiim_ext_mura_split_07_seed_42_resnet18_A,extension,mura,split_07,42,resnet18,A,shared,study,0.77951493762951418,,3,research-lab/experiments/registered-workflow/extensions/jiim_2026_major_revision/runs/jiim_ext_mura_split_07_seed_42_resnet18_A/metrics.json
jiim_ext_mura_split_07_seed_52_resnet18_A,extension,mura,split_07,52,resnet18,A,shared,study,0.78463440486518388,,3,research-lab/experiments/registered-workflow/extensions/jiim_2026_major_revision/runs/jiim_ext_mura_split_07_seed_52_resnet18_A/metrics.json
jiim_ext_mura_split_07_seed_62_resnet18_A,extension,mura,split_07,62,resnet18,A,shared,study,0.7612808981557958,,2,research-lab/experiments/registered-workflow/extensions/jiim_2026_major_revision/runs/jiim_ext_mura_split_07_seed_62_resnet18_A/metrics.json
jiim_ext_mura_split_07_seed_42_resnet50_A,extension,mura,split_07,42,resnet50,A,shared,study,0.78878492604202877,,3,research-lab/experiments/registered-workflow/extensions/jiim_2026_major_revision/runs/jiim_ext_mura_split_07_seed_42_resnet50_A/metrics.json
jiim_ext_mura_split_07_seed_52_resnet50_A,extension,mura,split_07,52,resnet50,A,shared,study,0.80528084268840061,,3,research-lab/experiments/registered-workflow/extensions/jiim_2026_major_revision/runs/jiim_ext_mura_split_07_seed_52_resnet50_A/metrics.json
jiim_ext_mura_split_07_seed_62_resnet50_A,extension,mura,split_07,62,resnet50,A,shared,study,0.80257940720954801,,5,research-lab/experiments/registered-workflow/extensions/jiim_2026_major_revision/runs/jiim_ext_mura_split_07_seed_62_resnet50_A/metrics.json
jiim_ext_mura_split_07_seed_42_densenet121_A,extension,mura,split_07,42,densenet121,A,shared,study,0.79063918372794628,,6,research-lab/experiments/registered-workflow/extensions/jiim_2026_major_revision/runs/jiim_ext_mura_split_07_seed_42_densenet121_A/metrics.json
jiim_ext_mura_split_07_seed_52_densenet121_A,extension,mura,split_07,52,densenet121,A,shared,study,0.79179793227951056,,5,research-lab/experiments/registered-workflow/extensions/jiim_2026_major_revision/runs/jiim_ext_mura_split_07_seed_52_densenet121_A/metrics.json
jiim_ext_mura_split_07_seed_62_densenet121_A,extension,mura,split_07,62,densenet121,A,shared,study,0.79992477234534354,,7,research-lab/experiments/registered-workflow/extensions/jiim_2026_major_revision/runs/jiim_ext_mura_split_07_seed_62_densenet121_A/metrics.json
jiim_ext_mura_split_07_seed_42_efficientnet_b0_A,extension,mura,split_07,42,efficientnet_b0,A,shared,study,0.77273101520066634,,36,research-lab/experiments/registered-workflow/extensions/jiim_2026_major_revision/runs/jiim_ext_mura_split_07_seed_42_efficientnet_b0_A/metrics.json
jiim_ext_mura_split_07_seed_52_efficientnet_b0_A,extension,mura,split_07,52,efficientnet_b0,A,shared,study,0.76583095791324718,,16,research-lab/experiments/registered-workflow/extensions/jiim_2026_major_revision/runs/jiim_ext_mura_split_07_seed_52_efficientnet_b0_A/metrics.json
jiim_ext_mura_split_07_seed_62_efficientnet_b0_A,extension,mura,split_07,62,efficientnet_b0,A,shared,study,0.78003624447601083,,20,research-lab/experiments/registered-workflow/extensions/jiim_2026_major_revision/runs/jiim_ext_mura_split_07_seed_62_efficientnet_b0_A/metrics.json
jiim_ext_mura_split_08_seed_42_resnet18_A,extension,mura,split_08,42,resnet18,A,shared,study,0.7781890779746129,,3,research-lab/experiments/registered-workflow/extensions/jiim_2026_major_revision/runs/jiim_ext_mura_split_08_seed_42_resnet18_A/metrics.json
jiim_ext_mura_split_08_seed_52_resnet18_A,extension,mura,split_08,52,resnet18,A,shared,study,0.78326649462965547,,5,research-lab/experiments/registered-workflow/extensions/jiim_2026_major_revision/runs/jiim_ext_mura_split_08_seed_52_resnet18_A/metrics.json
jiim_ext_mura_split_08_seed_62_resnet18_A,extension,mura,split_08,62,resnet18,A,shared,study,0.77252929278839444,,4,research-lab/experiments/registered-workflow/extensions/jiim_2026_major_revision/runs/jiim_ext_mura_split_08_seed_62_resnet18_A/metrics.json
jiim_ext_mura_split_08_seed_42_resnet50_A,extension,mura,split_08,42,resnet50,A,shared,study,0.77659715441484167,,4,research-lab/experiments/registered-workflow/extensions/jiim_2026_major_revision/runs/jiim_ext_mura_split_08_seed_42_resnet50_A/metrics.json
jiim_ext_mura_split_08_seed_52_resnet50_A,extension,mura,split_08,52,resnet50,A,shared,study,0.79441344678476777,,4,research-lab/experiments/registered-workflow/extensions/jiim_2026_major_revision/runs/jiim_ext_mura_split_08_seed_52_resnet50_A/metrics.json
jiim_ext_mura_split_08_seed_62_resnet50_A,extension,mura,split_08,62,resnet50,A,shared,study,0.78591156367694237,,5,research-lab/experiments/registered-workflow/extensions/jiim_2026_major_revision/runs/jiim_ext_mura_split_08_seed_62_resnet50_A/metrics.json
jiim_ext_mura_split_08_seed_42_densenet121_A,extension,mura,split_08,42,densenet121,A,shared,study,0.7794549449016599,,5,research-lab/experiments/registered-workflow/extensions/jiim_2026_major_revision/runs/jiim_ext_mura_split_08_seed_42_densenet121_A/metrics.json
jiim_ext_mura_split_08_seed_52_densenet121_A,extension,mura,split_08,52,densenet121,A,shared,study,0.7902618914771935,,4,research-lab/experiments/registered-workflow/extensions/jiim_2026_major_revision/runs/jiim_ext_mura_split_08_seed_52_densenet121_A/metrics.json
jiim_ext_mura_split_08_seed_62_densenet121_A,extension,mura,split_08,62,densenet121,A,shared,study,0.79658948249407169,,4,research-lab/experiments/registered-workflow/extensions/jiim_2026_major_revision/runs/jiim_ext_mura_split_08_seed_62_densenet121_A/metrics.json
jiim_ext_mura_split_08_seed_42_efficientnet_b0_A,extension,mura,split_08,42,efficientnet_b0,A,shared,study,0.77278734830520301,,27,research-lab/experiments/registered-workflow/extensions/jiim_2026_major_revision/runs/jiim_ext_mura_split_08_seed_42_efficientnet_b0_A/metrics.json
jiim_ext_mura_split_08_seed_52_efficientnet_b0_A,extension,mura,split_08,52,efficientnet_b0,A,shared,study,0.76308411214953265,,19,research-lab/experiments/registered-workflow/extensions/jiim_2026_major_revision/runs/jiim_ext_mura_split_08_seed_52_efficientnet_b0_A/metrics.json
jiim_ext_mura_split_08_seed_62_efficientnet_b0_A,extension,mura,split_08,62,efficientnet_b0,A,shared,study,0.77760845306179383,,31,research-lab/experiments/registered-workflow/extensions/jiim_2026_major_revision/runs/jiim_ext_mura_split_08_seed_62_efficientnet_b0_A/metrics.json
jiim_ext_mura_split_09_seed_42_resnet18_A,extension,mura,split_09,42,resnet18,A,shared,study,0.76513637012708835,,4,research-lab/experiments/registered-workflow/extensions/jiim_2026_major_revision/runs/jiim_ext_mura_split_09_seed_42_resnet18_A/metrics.json
jiim_ext_mura_split_09_seed_52_resnet18_A,extension,mura,split_09,52,resnet18,A,shared,study,0.72489171307534872,,2,research-lab/experiments/registered-workflow/extensions/jiim_2026_major_revision/runs/jiim_ext_mura_split_09_seed_52_resnet18_A/metrics.json
jiim_ext_mura_split_09_seed_62_resnet18_A,extension,mura,split_09,62,resnet18,A,shared,study,0.76586621606613037,,5,research-lab/experiments/registered-workflow/extensions/jiim_2026_major_revision/runs/jiim_ext_mura_split_09_seed_62_resnet18_A/metrics.json
jiim_ext_mura_split_09_seed_42_resnet50_A,extension,mura,split_09,42,resnet50,A,shared,study,0.76594951370047759,,4,research-lab/experiments/registered-workflow/extensions/jiim_2026_major_revision/runs/jiim_ext_mura_split_09_seed_42_resnet50_A/metrics.json
jiim_ext_mura_split_09_seed_52_resnet50_A,extension,mura,split_09,52,resnet50,A,shared,study,0.75295904929633339,,4,research-lab/experiments/registered-workflow/extensions/jiim_2026_major_revision/runs/jiim_ext_mura_split_09_seed_52_resnet50_A/metrics.json
jiim_ext_mura_split_09_seed_62_resnet50_A,extension,mura,split_09,62,resnet50,A,shared,study,0.76300633062021039,,3,research-lab/experiments/registered-workflow/extensions/jiim_2026_major_revision/runs/jiim_ext_mura_split_09_seed_62_resnet50_A/metrics.json
jiim_ext_mura_split_09_seed_42_densenet121_A,extension,mura,split_09,42,densenet121,A,shared,study,0.76585034985006417,,7,research-lab/experiments/registered-workflow/extensions/jiim_2026_major_revision/runs/jiim_ext_mura_split_09_seed_42_densenet121_A/metrics.json
jiim_ext_mura_split_09_seed_52_densenet121_A,extension,mura,split_09,52,densenet121,A,shared,study,0.77199454202167317,,4,research-lab/experiments/registered-workflow/extensions/jiim_2026_major_revision/runs/jiim_ext_mura_split_09_seed_52_densenet121_A/metrics.json
jiim_ext_mura_split_09_seed_62_densenet121_A,extension,mura,split_09,62,densenet121,A,shared,study,0.77731369095784353,,5,research-lab/experiments/registered-workflow/extensions/jiim_2026_major_revision/runs/jiim_ext_mura_split_09_seed_62_densenet121_A/metrics.json
jiim_ext_mura_split_09_seed_42_efficientnet_b0_A,extension,mura,split_09,42,efficientnet_b0,A,shared,study,0.75767528202199053,,27,research-lab/experiments/registered-workflow/extensions/jiim_2026_major_revision/runs/jiim_ext_mura_split_09_seed_42_efficientnet_b0_A/metrics.json
jiim_ext_mura_split_09_seed_52_efficientnet_b0_A,extension,mura,split_09,52,efficientnet_b0,A,shared,study,0.76082869246513396,,17,research-lab/experiments/registered-workflow/extensions/jiim_2026_major_revision/runs/jiim_ext_mura_split_09_seed_52_efficientnet_b0_A/metrics.json
jiim_ext_mura_split_09_seed_62_efficientnet_b0_A,extension,mura,split_09,62,efficientnet_b0,A,shared,study,0.76369254446507051,,24,research-lab/experiments/registered-workflow/extensions/jiim_2026_major_revision/runs/jiim_ext_mura_split_09_seed_62_efficientnet_b0_A/metrics.json
jiim_ext_mura_split_10_seed_42_resnet18_A,extension,mura,split_10,42,resnet18,A,shared,study,0.77175366584056171,,2,research-lab/experiments/registered-workflow/extensions/jiim_2026_major_revision/runs/jiim_ext_mura_split_10_seed_42_resnet18_A/metrics.json
jiim_ext_mura_split_10_seed_52_resnet18_A,extension,mura,split_10,52,resnet18,A,shared,study,0.78915307035660187,,3,research-lab/experiments/registered-workflow/extensions/jiim_2026_major_revision/runs/jiim_ext_mura_split_10_seed_52_resnet18_A/metrics.json
jiim_ext_mura_split_10_seed_62_resnet18_A,extension,mura,split_10,62,resnet18,A,shared,study,0.78405187250447472,,4,research-lab/experiments/registered-workflow/extensions/jiim_2026_major_revision/runs/jiim_ext_mura_split_10_seed_62_resnet18_A/metrics.json
jiim_ext_mura_split_10_seed_42_resnet50_A,extension,mura,split_10,42,resnet50,A,shared,study,0.78533577722704118,,6,research-lab/experiments/registered-workflow/extensions/jiim_2026_major_revision/runs/jiim_ext_mura_split_10_seed_42_resnet50_A/metrics.json
jiim_ext_mura_split_10_seed_52_resnet50_A,extension,mura,split_10,52,resnet50,A,shared,study,0.80331775781357573,,5,research-lab/experiments/registered-workflow/extensions/jiim_2026_major_revision/runs/jiim_ext_mura_split_10_seed_52_resnet50_A/metrics.json
jiim_ext_mura_split_10_seed_62_resnet50_A,extension,mura,split_10,62,resnet50,A,shared,study,0.79182414291615033,,4,research-lab/experiments/registered-workflow/extensions/jiim_2026_major_revision/runs/jiim_ext_mura_split_10_seed_62_resnet50_A/metrics.json
jiim_ext_mura_split_10_seed_42_densenet121_A,extension,mura,split_10,42,densenet121,A,shared,study,0.79377882761944096,,7,research-lab/experiments/registered-workflow/extensions/jiim_2026_major_revision/runs/jiim_ext_mura_split_10_seed_42_densenet121_A/metrics.json
jiim_ext_mura_split_10_seed_52_densenet121_A,extension,mura,split_10,52,densenet121,A,shared,study,0.79675280531460824,,4,research-lab/experiments/registered-workflow/extensions/jiim_2026_major_revision/runs/jiim_ext_mura_split_10_seed_52_densenet121_A/metrics.json
jiim_ext_mura_split_10_seed_62_densenet121_A,extension,mura,split_10,62,densenet121,A,shared,study,0.78637443205287072,,7,research-lab/experiments/registered-workflow/extensions/jiim_2026_major_revision/runs/jiim_ext_mura_split_10_seed_62_densenet121_A/metrics.json
jiim_ext_mura_split_10_seed_42_efficientnet_b0_A,extension,mura,split_10,42,efficientnet_b0,A,shared,study,0.7715389646151728,,28,research-lab/experiments/registered-workflow/extensions/jiim_2026_major_revision/runs/jiim_ext_mura_split_10_seed_42_efficientnet_b0_A/metrics.json
jiim_ext_mura_split_10_seed_52_efficientnet_b0_A,extension,mura,split_10,52,efficientnet_b0,A,shared,study,0.77604596929643399,,38,research-lab/experiments/registered-workflow/extensions/jiim_2026_major_revision/runs/jiim_ext_mura_split_10_seed_52_efficientnet_b0_A/metrics.json
jiim_ext_mura_split_10_seed_62_efficientnet_b0_A,extension,mura,split_10,62,efficientnet_b0,A,shared,study,0.76554497108632802,,27,research-lab/experiments/registered-workflow/extensions/jiim_2026_major_revision/runs/jiim_ext_mura_split_10_seed_62_efficientnet_b0_A/metrics.json
