run_id,dataset,split_id,split_seed,training_seed,model,checkpoint_policy,config_hash,split_hash,analysis_role,accuracy,balanced_accuracy,brier_score_multiclass,calibration_intercept,calibration_slope,metric_source,pr_auc_macro,roc_auc_macro_ovr,run_status,execution_mode
run_0001,sipakmed,split_01,1001,42,resnet18,A,5e203de9913a10ae47f75aab7d778e21e9a142a0699f4a4a6c374b725d67c1ae,b60e4b883ce818e8035c976b18eb7a39bc4697eca98f6b8c885322c1912120da,primary_analysis,0.9736842105263158,0.9738817881928739,0.008822937722759373,,,primary_train,0.988548116229326,0.9968509353234195,completed,primary_train
run_0002,sipakmed,split_01,1001,42,resnet18,B,5e203de9913a10ae47f75aab7d778e21e9a142a0699f4a4a6c374b725d67c1ae,b60e4b883ce818e8035c976b18eb7a39bc4697eca98f6b8c885322c1912120da,primary_analysis,0.9720394736842105,0.9722546419817378,0.009964823187835281,,,primary_train,0.9957672459598041,0.9981824234670966,completed,primary_train
run_0003,sipakmed,split_01,1001,42,resnet50,A,5e203de9913a10ae47f75aab7d778e21e9a142a0699f4a4a6c374b725d67c1ae,b60e4b883ce818e8035c976b18eb7a39bc4697eca98f6b8c885322c1912120da,primary_analysis,0.9654605263157895,0.9655075568037897,0.011940754977923412,,,primary_train,0.9920743217658874,0.9973787422667997,completed,primary_train
run_0004,sipakmed,split_01,1001,42,resnet50,B,5e203de9913a10ae47f75aab7d778e21e9a142a0699f4a4a6c374b725d67c1ae,b60e4b883ce818e8035c976b18eb7a39bc4697eca98f6b8c885322c1912120da,primary_analysis,0.962171052631579,0.9624179324231731,0.012661054945609113,,,primary_train,0.9913213849772211,0.9973843475399862,completed,primary_train
run_0005,sipakmed,split_01,1001,42,densenet121,A,5e203de9913a10ae47f75aab7d778e21e9a142a0699f4a4a6c374b725d67c1ae,b60e4b883ce818e8035c976b18eb7a39bc4697eca98f6b8c885322c1912120da,primary_analysis,0.962171052631579,0.9624857014662742,0.012061390780197533,,,primary_train,0.9907166214691608,0.9970135425599039,completed,primary_train
run_0006,sipakmed,split_01,1001,42,densenet121,B,5e203de9913a10ae47f75aab7d778e21e9a142a0699f4a4a6c374b725d67c1ae,b60e4b883ce818e8035c976b18eb7a39bc4697eca98f6b8c885322c1912120da,primary_analysis,0.9555921052631579,0.9560192015929246,0.013678540523130939,,,primary_train,0.9935088508959276,0.9980838656775886,completed,primary_train
run_0007,sipakmed,split_01,1001,42,efficientnet_b0,A,5e203de9913a10ae47f75aab7d778e21e9a142a0699f4a4a6c374b725d67c1ae,b60e4b883ce818e8035c976b18eb7a39bc4697eca98f6b8c885322c1912120da,primary_analysis,0.944078947368421,0.9442429510441253,0.01635089496384235,,,primary_train,0.9845101301280671,0.9943821095701866,completed,primary_train
run_0008,sipakmed,split_01,1001,42,efficientnet_b0,B,5e203de9913a10ae47f75aab7d778e21e9a142a0699f4a4a6c374b725d67c1ae,b60e4b883ce818e8035c976b18eb7a39bc4697eca98f6b8c885322c1912120da,primary_analysis,0.9490131578947368,0.9491880688522933,0.01540314929422686,,,primary_train,0.9850888538306799,0.9947496034895374,completed,primary_train
run_0009,sipakmed,split_01,1001,52,resnet18,A,5e203de9913a10ae47f75aab7d778e21e9a142a0699f4a4a6c374b725d67c1ae,b60e4b883ce818e8035c976b18eb7a39bc4697eca98f6b8c885322c1912120da,primary_analysis,0.9720394736842105,0.9721198090701831,0.009658725346117657,,,primary_train,0.9934338357445375,0.9978104987842613,completed,primary_train
run_0010,sipakmed,split_01,1001,52,resnet18,B,5e203de9913a10ae47f75aab7d778e21e9a142a0699f4a4a6c374b725d67c1ae,b60e4b883ce818e8035c976b18eb7a39bc4697eca98f6b8c885322c1912120da,primary_analysis,0.9720394736842105,0.9720377358518988,0.009558991747321218,,,primary_train,0.9928847697212102,0.9976660305443736,completed,primary_train
run_0011,sipakmed,split_01,1001,52,resnet50,A,5e203de9913a10ae47f75aab7d778e21e9a142a0699f4a4a6c374b725d67c1ae,b60e4b883ce818e8035c976b18eb7a39bc4697eca98f6b8c885322c1912120da,primary_analysis,0.96875,0.96865263919656,0.010355201739036937,,,primary_train,0.9903039010860464,0.9967853378459612,completed,primary_train
run_0012,sipakmed,split_01,1001,52,resnet50,B,5e203de9913a10ae47f75aab7d778e21e9a142a0699f4a4a6c374b725d67c1ae,b60e4b883ce818e8035c976b18eb7a39bc4697eca98f6b8c885322c1912120da,primary_analysis,0.9671052631578947,0.9674064231721244,0.01126968991701967,,,primary_train,0.9923457998524776,0.9974560042159307,completed,primary_train
run_0013,sipakmed,split_01,1001,52,densenet121,A,5e203de9913a10ae47f75aab7d778e21e9a142a0699f4a4a6c374b725d67c1ae,b60e4b883ce818e8035c976b18eb7a39bc4697eca98f6b8c885322c1912120da,primary_analysis,0.9572368421052632,0.9574979158919705,0.012467883300127162,,,primary_train,0.9916510357107263,0.9974603994943477,completed,primary_train
run_0014,sipakmed,split_01,1001,52,densenet121,B,5e203de9913a10ae47f75aab7d778e21e9a142a0699f4a4a6c374b725d67c1ae,b60e4b883ce818e8035c976b18eb7a39bc4697eca98f6b8c885322c1912120da,primary_analysis,0.9572368421052632,0.9573087905581434,0.013552762031209833,,,primary_train,0.989450311249081,0.9967903235939811,completed,primary_train
run_0015,sipakmed,split_01,1001,52,efficientnet_b0,A,5e203de9913a10ae47f75aab7d778e21e9a142a0699f4a4a6c374b725d67c1ae,b60e4b883ce818e8035c976b18eb7a39bc4697eca98f6b8c885322c1912120da,primary_analysis,0.9473684210526315,0.9474951373423733,0.01644988925863048,,,primary_train,0.9846877732169286,0.994706060735156,completed,primary_train
run_0016,sipakmed,split_01,1001,52,efficientnet_b0,B,5e203de9913a10ae47f75aab7d778e21e9a142a0699f4a4a6c374b725d67c1ae,b60e4b883ce818e8035c976b18eb7a39bc4697eca98f6b8c885322c1912120da,primary_analysis,0.9457236842105263,0.9457737810516476,0.01697854568651441,,,primary_train,0.9846039467442775,0.9946598308276391,completed,primary_train
run_0017,sipakmed,split_01,1001,62,resnet18,A,5e203de9913a10ae47f75aab7d778e21e9a142a0699f4a4a6c374b725d67c1ae,b60e4b883ce818e8035c976b18eb7a39bc4697eca98f6b8c885322c1912120da,primary_analysis,0.9703947368421053,0.9704526746119578,0.009619504980168541,,,primary_train,0.9896891367370418,0.9967492997486724,completed,primary_train
run_0018,sipakmed,split_01,1001,62,resnet18,B,5e203de9913a10ae47f75aab7d778e21e9a142a0699f4a4a6c374b725d67c1ae,b60e4b883ce818e8035c976b18eb7a39bc4697eca98f6b8c885322c1912120da,primary_analysis,0.975328947368421,0.9754418093457031,0.008039426674768072,,,primary_train,0.9950034757631439,0.9981626096609173,completed,primary_train
run_0019,sipakmed,split_01,1001,62,resnet50,A,5e203de9913a10ae47f75aab7d778e21e9a142a0699f4a4a6c374b725d67c1ae,b60e4b883ce818e8035c976b18eb7a39bc4697eca98f6b8c885322c1912120da,primary_analysis,0.9720394736842105,0.9721076110190241,0.009583700080112199,,,primary_train,0.9944409781262923,0.9980061117006557,completed,primary_train
run_0020,sipakmed,split_01,1001,62,resnet50,B,5e203de9913a10ae47f75aab7d778e21e9a142a0699f4a4a6c374b725d67c1ae,b60e4b883ce818e8035c976b18eb7a39bc4697eca98f6b8c885322c1912120da,primary_analysis,0.9654605263157895,0.9654831089115369,0.01148071837970294,,,primary_train,0.9946401125980108,0.9982819662835769,completed,primary_train
run_0021,sipakmed,split_01,1001,62,densenet121,A,5e203de9913a10ae47f75aab7d778e21e9a142a0699f4a4a6c374b725d67c1ae,b60e4b883ce818e8035c976b18eb7a39bc4697eca98f6b8c885322c1912120da,primary_analysis,0.9605263157894737,0.9607088353734596,0.011217692539927677,,,primary_train,0.991196786637819,0.9971366918621488,completed,primary_train
run_0022,sipakmed,split_01,1001,62,densenet121,B,5e203de9913a10ae47f75aab7d778e21e9a142a0699f4a4a6c374b725d67c1ae,b60e4b883ce818e8035c976b18eb7a39bc4697eca98f6b8c885322c1912120da,primary_analysis,0.962171052631579,0.9623914913866847,0.011739750316422035,,,primary_train,0.9931021046958713,0.9979968511828089,completed,primary_train
run_0023,sipakmed,split_01,1001,62,efficientnet_b0,A,5e203de9913a10ae47f75aab7d778e21e9a142a0699f4a4a6c374b725d67c1ae,b60e4b883ce818e8035c976b18eb7a39bc4697eca98f6b8c885322c1912120da,primary_analysis,0.9358552631578947,0.9361113098567861,0.016976495680933158,,,primary_train,0.9853190366813113,0.9951243613445413,completed,primary_train
run_0024,sipakmed,split_01,1001,62,efficientnet_b0,B,5e203de9913a10ae47f75aab7d778e21e9a142a0699f4a4a6c374b725d67c1ae,b60e4b883ce818e8035c976b18eb7a39bc4697eca98f6b8c885322c1912120da,primary_analysis,0.9407894736842105,0.9411262416422261,0.016824900398783014,,,primary_train,0.9847095729930844,0.9948865035937583,completed,primary_train
run_0025,sipakmed,split_01,1001,72,resnet18,A,5e203de9913a10ae47f75aab7d778e21e9a142a0699f4a4a6c374b725d67c1ae,b60e4b883ce818e8035c976b18eb7a39bc4697eca98f6b8c885322c1912120da,primary_analysis,0.9654605263157895,0.9654384480011654,0.011612064250807134,,,primary_train,0.9927758650155848,0.9977293494082236,completed,primary_train
run_0026,sipakmed,split_01,1001,72,resnet18,B,5e203de9913a10ae47f75aab7d778e21e9a142a0699f4a4a6c374b725d67c1ae,b60e4b883ce818e8035c976b18eb7a39bc4697eca98f6b8c885322c1912120da,primary_analysis,0.9736842105263158,0.9737753800621253,0.009754558818169945,,,primary_train,0.989241073006259,0.996655673338503,completed,primary_train
run_0027,sipakmed,split_01,1001,72,resnet50,A,5e203de9913a10ae47f75aab7d778e21e9a142a0699f4a4a6c374b725d67c1ae,b60e4b883ce818e8035c976b18eb7a39bc4697eca98f6b8c885322c1912120da,primary_analysis,0.9671052631578947,0.9671631371956504,0.010122434607042704,,,primary_train,0.9917225298890756,0.9969478886172052,completed,primary_train
run_0028,sipakmed,split_01,1001,72,resnet50,B,5e203de9913a10ae47f75aab7d778e21e9a142a0699f4a4a6c374b725d67c1ae,b60e4b883ce818e8035c976b18eb7a39bc4697eca98f6b8c885322c1912120da,primary_analysis,0.9703947368421053,0.9705909016171249,0.008454910518652128,,,primary_train,0.9955394679748408,0.9978756934315534,completed,primary_train
run_0029,sipakmed,split_01,1001,72,densenet121,A,5e203de9913a10ae47f75aab7d778e21e9a142a0699f4a4a6c374b725d67c1ae,b60e4b883ce818e8035c976b18eb7a39bc4697eca98f6b8c885322c1912120da,primary_analysis,0.9523026315789473,0.9527683032642648,0.0149851797549373,,,primary_train,0.9880595004317907,0.9963243662378483,completed,primary_train
run_0030,sipakmed,split_01,1001,72,densenet121,B,5e203de9913a10ae47f75aab7d778e21e9a142a0699f4a4a6c374b725d67c1ae,b60e4b883ce818e8035c976b18eb7a39bc4697eca98f6b8c885322c1912120da,primary_analysis,0.9523026315789473,0.9526456590039507,0.014968892042619558,,,primary_train,0.988209577916099,0.9967937730354665,completed,primary_train
run_0031,sipakmed,split_01,1001,72,efficientnet_b0,A,5e203de9913a10ae47f75aab7d778e21e9a142a0699f4a4a6c374b725d67c1ae,b60e4b883ce818e8035c976b18eb7a39bc4697eca98f6b8c885322c1912120da,primary_analysis,0.9523026315789473,0.9524403163403949,0.015284196961723673,,,primary_train,0.9859650907392037,0.9949298486545881,completed,primary_train
run_0032,sipakmed,split_01,1001,72,efficientnet_b0,B,5e203de9913a10ae47f75aab7d778e21e9a142a0699f4a4a6c374b725d67c1ae,b60e4b883ce818e8035c976b18eb7a39bc4697eca98f6b8c885322c1912120da,primary_analysis,0.9539473684210527,0.9540389765808716,0.015774462214019035,,,primary_train,0.9857137920665766,0.9949160159698589,completed,primary_train
run_0033,sipakmed,split_01,1001,82,resnet18,A,5e203de9913a10ae47f75aab7d778e21e9a142a0699f4a4a6c374b725d67c1ae,b60e4b883ce818e8035c976b18eb7a39bc4697eca98f6b8c885322c1912120da,primary_analysis,0.9720394736842105,0.9721746748874779,0.009543204613501754,,,primary_train,0.9916812761042104,0.9969627430586714,completed,primary_train
run_0034,sipakmed,split_01,1001,82,resnet18,B,5e203de9913a10ae47f75aab7d778e21e9a142a0699f4a4a6c374b725d67c1ae,b60e4b883ce818e8035c976b18eb7a39bc4697eca98f6b8c885322c1912120da,primary_analysis,0.9588815789473685,0.9588559696750197,0.012296812832144458,,,primary_train,0.9922081196074085,0.9975988741045297,completed,primary_train
run_0035,sipakmed,split_01,1001,82,resnet50,A,5e203de9913a10ae47f75aab7d778e21e9a142a0699f4a4a6c374b725d67c1ae,b60e4b883ce818e8035c976b18eb7a39bc4697eca98f6b8c885322c1912120da,primary_analysis,0.9654605263157895,0.9653042590744049,0.010983668146189507,,,primary_train,0.9914604712397994,0.9972147769553,completed,primary_train
run_0036,sipakmed,split_01,1001,82,resnet50,B,5e203de9913a10ae47f75aab7d778e21e9a142a0699f4a4a6c374b725d67c1ae,b60e4b883ce818e8035c976b18eb7a39bc4697eca98f6b8c885322c1912120da,primary_analysis,0.9654605263157895,0.9653753516213467,0.011312480939786563,,,primary_train,0.9898431898668942,0.9963070466163458,completed,primary_train
run_0037,sipakmed,split_01,1001,82,densenet121,A,5e203de9913a10ae47f75aab7d778e21e9a142a0699f4a4a6c374b725d67c1ae,b60e4b883ce818e8035c976b18eb7a39bc4697eca98f6b8c885322c1912120da,primary_analysis,0.9523026315789473,0.9527147772064934,0.014133181899518723,,,primary_train,0.9894702720410559,0.9970008043027871,completed,primary_train
run_0038,sipakmed,split_01,1001,82,densenet121,B,5e203de9913a10ae47f75aab7d778e21e9a142a0699f4a4a6c374b725d67c1ae,b60e4b883ce818e8035c976b18eb7a39bc4697eca98f6b8c885322c1912120da,primary_analysis,0.962171052631579,0.9620228722309314,0.01057459462065621,,,primary_train,0.9944946940413079,0.9983037328692508,completed,primary_train
run_0039,sipakmed,split_01,1001,82,efficientnet_b0,A,5e203de9913a10ae47f75aab7d778e21e9a142a0699f4a4a6c374b725d67c1ae,b60e4b883ce818e8035c976b18eb7a39bc4697eca98f6b8c885322c1912120da,primary_analysis,0.9490131578947368,0.9494205059370502,0.015202656167037126,,,primary_train,0.9853215043217647,0.9949972670685954,completed,primary_train
run_0040,sipakmed,split_01,1001,82,efficientnet_b0,B,5e203de9913a10ae47f75aab7d778e21e9a142a0699f4a4a6c374b725d67c1ae,b60e4b883ce818e8035c976b18eb7a39bc4697eca98f6b8c885322c1912120da,primary_analysis,0.9523026315789473,0.9524423000847122,0.015152129516028743,,,primary_train,0.9862725723382019,0.9952006648237948,completed,primary_train
run_0041,sipakmed,split_02,1002,42,resnet18,A,5e203de9913a10ae47f75aab7d778e21e9a142a0699f4a4a6c374b725d67c1ae,c7cdebd9ca3573584f75bb37e740e028efa50549eca00308df18d1cf3d9b446b,primary_analysis,0.96875,0.9688133303496628,0.009858778275020092,,,primary_train,0.9935300618602778,0.9980130663528192,completed,primary_train
run_0042,sipakmed,split_02,1002,42,resnet18,B,5e203de9913a10ae47f75aab7d778e21e9a142a0699f4a4a6c374b725d67c1ae,c7cdebd9ca3573584f75bb37e740e028efa50549eca00308df18d1cf3d9b446b,primary_analysis,0.9703947368421053,0.9705353306251826,0.00955354159660018,,,primary_train,0.9943476384127214,0.9983370763528114,completed,primary_train
run_0043,sipakmed,split_02,1002,42,resnet50,A,5e203de9913a10ae47f75aab7d778e21e9a142a0699f4a4a6c374b725d67c1ae,c7cdebd9ca3573584f75bb37e740e028efa50549eca00308df18d1cf3d9b446b,primary_analysis,0.9605263157894737,0.9603035608743762,0.0109930227879013,,,primary_train,0.9917496430514152,0.9975725731295665,completed,primary_train
run_0044,sipakmed,split_02,1002,42,resnet50,B,5e203de9913a10ae47f75aab7d778e21e9a142a0699f4a4a6c374b725d67c1ae,c7cdebd9ca3573584f75bb37e740e028efa50549eca00308df18d1cf3d9b446b,primary_analysis,0.9802631578947368,0.9802005519288624,0.007274349714159578,,,primary_train,0.9938345895269158,0.9984441643207184,completed,primary_train
run_0045,sipakmed,split_02,1002,42,densenet121,A,5e203de9913a10ae47f75aab7d778e21e9a142a0699f4a4a6c374b725d67c1ae,c7cdebd9ca3573584f75bb37e740e028efa50549eca00308df18d1cf3d9b446b,primary_analysis,0.962171052631579,0.9623379653289131,0.012391441342832741,,,primary_train,0.9891883650228118,0.9965369942646095,completed,primary_train
run_0046,sipakmed,split_02,1002,42,densenet121,B,5e203de9913a10ae47f75aab7d778e21e9a142a0699f4a4a6c374b725d67c1ae,c7cdebd9ca3573584f75bb37e740e028efa50549eca00308df18d1cf3d9b446b,primary_analysis,0.9588815789473685,0.9593832350497047,0.012917143626592303,,,primary_train,0.9897728298670465,0.9960550477895769,completed,primary_train
run_0047,sipakmed,split_02,1002,42,efficientnet_b0,A,5e203de9913a10ae47f75aab7d778e21e9a142a0699f4a4a6c374b725d67c1ae,c7cdebd9ca3573584f75bb37e740e028efa50549eca00308df18d1cf3d9b446b,primary_analysis,0.9358552631578947,0.9362814489522291,0.018182888411156027,,,primary_train,0.9853189858954974,0.9955336098696579,completed,primary_train
run_0048,sipakmed,split_02,1002,42,efficientnet_b0,B,5e203de9913a10ae47f75aab7d778e21e9a142a0699f4a4a6c374b725d67c1ae,c7cdebd9ca3573584f75bb37e740e028efa50549eca00308df18d1cf3d9b446b,primary_analysis,0.9457236842105263,0.946164220370542,0.015942969374092,,,primary_train,0.9875185598193772,0.9961968257775062,completed,primary_train
run_0049,sipakmed,split_02,1002,52,resnet18,A,5e203de9913a10ae47f75aab7d778e21e9a142a0699f4a4a6c374b725d67c1ae,c7cdebd9ca3573584f75bb37e740e028efa50549eca00308df18d1cf3d9b446b,primary_analysis,0.9720394736842105,0.9720655778377643,0.010120232961814135,,,primary_train,0.9942841734454662,0.997944445290868,completed,primary_train
run_0050,sipakmed,split_02,1002,52,resnet18,B,5e203de9913a10ae47f75aab7d778e21e9a142a0699f4a4a6c374b725d67c1ae,c7cdebd9ca3573584f75bb37e740e028efa50549eca00308df18d1cf3d9b446b,primary_analysis,0.9720394736842105,0.9719862547282982,0.00807966288414823,,,primary_train,0.9944402976786586,0.9982978271382674,completed,primary_train
run_0051,sipakmed,split_02,1002,52,resnet50,A,5e203de9913a10ae47f75aab7d778e21e9a142a0699f4a4a6c374b725d67c1ae,c7cdebd9ca3573584f75bb37e740e028efa50549eca00308df18d1cf3d9b446b,primary_analysis,0.9605263157894737,0.9606850220660824,0.012915265720198948,,,primary_train,0.9915797854805775,0.9975799098384904,completed,primary_train
run_0052,sipakmed,split_02,1002,52,resnet50,B,5e203de9913a10ae47f75aab7d778e21e9a142a0699f4a4a6c374b725d67c1ae,c7cdebd9ca3573584f75bb37e740e028efa50549eca00308df18d1cf3d9b446b,primary_analysis,0.9720394736842105,0.9722038048429313,0.008282047051905047,,,primary_train,0.9939226416141071,0.9983325196949593,completed,primary_train
run_0053,sipakmed,split_02,1002,52,densenet121,A,5e203de9913a10ae47f75aab7d778e21e9a142a0699f4a4a6c374b725d67c1ae,c7cdebd9ca3573584f75bb37e740e028efa50549eca00308df18d1cf3d9b446b,primary_analysis,0.9605263157894737,0.9607928311462078,0.012660099785362564,,,primary_train,0.9868512448027225,0.9958549255650192,completed,primary_train
run_0054,sipakmed,split_02,1002,52,densenet121,B,5e203de9913a10ae47f75aab7d778e21e9a142a0699f4a4a6c374b725d67c1ae,c7cdebd9ca3573584f75bb37e740e028efa50549eca00308df18d1cf3d9b446b,primary_analysis,0.9736842105263158,0.9739935741615525,0.010495701980631504,,,primary_train,0.9883622805497417,0.9961858873745575,completed,primary_train
run_0055,sipakmed,split_02,1002,52,efficientnet_b0,A,5e203de9913a10ae47f75aab7d778e21e9a142a0699f4a4a6c374b725d67c1ae,c7cdebd9ca3573584f75bb37e740e028efa50549eca00308df18d1cf3d9b446b,primary_analysis,0.9539473684210527,0.9544192015929246,0.015358239043922962,,,primary_train,0.9882194614058767,0.9965204290051684,completed,primary_train
run_0056,sipakmed,split_02,1002,52,efficientnet_b0,B,5e203de9913a10ae47f75aab7d778e21e9a142a0699f4a4a6c374b725d67c1ae,c7cdebd9ca3573584f75bb37e740e028efa50549eca00308df18d1cf3d9b446b,primary_analysis,0.9506578947368421,0.9508673919617593,0.0155276858870847,,,primary_train,0.9877779166431673,0.9963518252027754,completed,primary_train
run_0057,sipakmed,split_02,1002,62,resnet18,A,5e203de9913a10ae47f75aab7d778e21e9a142a0699f4a4a6c374b725d67c1ae,c7cdebd9ca3573584f75bb37e740e028efa50549eca00308df18d1cf3d9b446b,primary_analysis,0.9736842105263158,0.9737875781132843,0.008001208725826738,,,primary_train,0.9963744072012745,0.9989821508757997,completed,primary_train
run_0058,sipakmed,split_02,1002,62,resnet18,B,5e203de9913a10ae47f75aab7d778e21e9a142a0699f4a4a6c374b725d67c1ae,c7cdebd9ca3573584f75bb37e740e028efa50549eca00308df18d1cf3d9b446b,primary_analysis,0.9671052631578947,0.9671204600295962,0.011178281971572621,,,primary_train,0.9936474745708039,0.9982108829429969,completed,primary_train
run_0059,sipakmed,split_02,1002,62,resnet50,A,5e203de9913a10ae47f75aab7d778e21e9a142a0699f4a4a6c374b725d67c1ae,c7cdebd9ca3573584f75bb37e740e028efa50549eca00308df18d1cf3d9b446b,primary_analysis,0.9736842105263158,0.973654728946047,0.008379699935123,,,primary_train,0.993952289181126,0.9981054212823679,completed,primary_train
run_0060,sipakmed,split_02,1002,62,resnet50,B,5e203de9913a10ae47f75aab7d778e21e9a142a0699f4a4a6c374b725d67c1ae,c7cdebd9ca3573584f75bb37e740e028efa50549eca00308df18d1cf3d9b446b,primary_analysis,0.96875,0.9689380195441476,0.00981851748161166,,,primary_train,0.9933092502090153,0.9982620733097128,completed,primary_train
run_0061,sipakmed,split_02,1002,62,densenet121,A,5e203de9913a10ae47f75aab7d778e21e9a142a0699f4a4a6c374b725d67c1ae,c7cdebd9ca3573584f75bb37e740e028efa50549eca00308df18d1cf3d9b446b,primary_analysis,0.9490131578947368,0.9491521092836923,0.013928168346827297,,,primary_train,0.9893733991928257,0.9970150949859298,completed,primary_train
run_0062,sipakmed,split_02,1002,62,densenet121,B,5e203de9913a10ae47f75aab7d778e21e9a142a0699f4a4a6c374b725d67c1ae,c7cdebd9ca3573584f75bb37e740e028efa50549eca00308df18d1cf3d9b446b,primary_analysis,0.962171052631579,0.962618611823365,0.011394476342591598,,,primary_train,0.9886474001207561,0.995924047553601,completed,primary_train
run_0063,sipakmed,split_02,1002,62,efficientnet_b0,A,5e203de9913a10ae47f75aab7d778e21e9a142a0699f4a4a6c374b725d67c1ae,c7cdebd9ca3573584f75bb37e740e028efa50549eca00308df18d1cf3d9b446b,primary_analysis,0.9375,0.9378123401496048,0.018230505818433454,,,primary_train,0.9849556902872909,0.9955000050876652,completed,primary_train
run_0064,sipakmed,split_02,1002,62,efficientnet_b0,B,5e203de9913a10ae47f75aab7d778e21e9a142a0699f4a4a6c374b725d67c1ae,c7cdebd9ca3573584f75bb37e740e028efa50549eca00308df18d1cf3d9b446b,primary_analysis,0.9457236842105263,0.9459737552771917,0.017034545440754414,,,primary_train,0.9861706894680093,0.9957556571710899,completed,primary_train
run_0065,sipakmed,split_02,1002,72,resnet18,A,5e203de9913a10ae47f75aab7d778e21e9a142a0699f4a4a6c374b725d67c1ae,c7cdebd9ca3573584f75bb37e740e028efa50549eca00308df18d1cf3d9b446b,primary_analysis,0.962171052631579,0.9624030454530492,0.010405181918116495,,,primary_train,0.9927381136111262,0.9978252601933226,completed,primary_train
run_0066,sipakmed,split_02,1002,72,resnet18,B,5e203de9913a10ae47f75aab7d778e21e9a142a0699f4a4a6c374b725d67c1ae,c7cdebd9ca3573584f75bb37e740e028efa50549eca00308df18d1cf3d9b446b,primary_analysis,0.975328947368421,0.9753882832879317,0.008786865603684482,,,primary_train,0.9927937276225904,0.9977610028853678,completed,primary_train
run_0067,sipakmed,split_02,1002,72,resnet50,A,5e203de9913a10ae47f75aab7d778e21e9a142a0699f4a4a6c374b725d67c1ae,c7cdebd9ca3573584f75bb37e740e028efa50549eca00308df18d1cf3d9b446b,primary_analysis,0.962171052631579,0.9622553093156881,0.012743104583557114,,,primary_train,0.989962478939179,0.9972532945188609,completed,primary_train
run_0068,sipakmed,split_02,1002,72,resnet50,B,5e203de9913a10ae47f75aab7d778e21e9a142a0699f4a4a6c374b725d67c1ae,c7cdebd9ca3573584f75bb37e740e028efa50549eca00308df18d1cf3d9b446b,primary_analysis,0.9769736842105263,0.9770689555568393,0.008013012888724845,,,primary_train,0.9929961569706146,0.998053528973595,completed,primary_train
run_0069,sipakmed,split_02,1002,72,densenet121,A,5e203de9913a10ae47f75aab7d778e21e9a142a0699f4a4a6c374b725d67c1ae,c7cdebd9ca3573584f75bb37e740e028efa50549eca00308df18d1cf3d9b446b,primary_analysis,0.9555921052631579,0.9557927863308917,0.012263768006603988,,,primary_train,0.9893035431226576,0.9968804812915876,completed,primary_train
run_0070,sipakmed,split_02,1002,72,densenet121,B,5e203de9913a10ae47f75aab7d778e21e9a142a0699f4a4a6c374b725d67c1ae,c7cdebd9ca3573584f75bb37e740e028efa50549eca00308df18d1cf3d9b446b,primary_analysis,0.96875,0.9691399775140093,0.009624764855213347,,,primary_train,0.9923366540079442,0.9969630819853645,completed,primary_train
run_0071,sipakmed,split_02,1002,72,efficientnet_b0,A,5e203de9913a10ae47f75aab7d778e21e9a142a0699f4a4a6c374b725d67c1ae,c7cdebd9ca3573584f75bb37e740e028efa50549eca00308df18d1cf3d9b446b,primary_analysis,0.9424342105263158,0.9431553200487681,0.017779812061413984,,,primary_train,0.9866125458967338,0.9960162510296715,completed,primary_train
run_0072,sipakmed,split_02,1002,72,efficientnet_b0,B,5e203de9913a10ae47f75aab7d778e21e9a142a0699f4a4a6c374b725d67c1ae,c7cdebd9ca3573584f75bb37e740e028efa50549eca00308df18d1cf3d9b446b,primary_analysis,0.9473684210526315,0.9477500385750657,0.01684269079496941,,,primary_train,0.9865627970895849,0.995997350231533,completed,primary_train
run_0073,sipakmed,split_02,1002,82,resnet18,A,5e203de9913a10ae47f75aab7d778e21e9a142a0699f4a4a6c374b725d67c1ae,c7cdebd9ca3573584f75bb37e740e028efa50549eca00308df18d1cf3d9b446b,primary_analysis,0.9720394736842105,0.9722153589092961,0.00856703495118497,,,primary_train,0.995026228967372,0.9984880373864767,completed,primary_train
run_0074,sipakmed,split_02,1002,82,resnet18,B,5e203de9913a10ae47f75aab7d778e21e9a142a0699f4a4a6c374b725d67c1ae,c7cdebd9ca3573584f75bb37e740e028efa50549eca00308df18d1cf3d9b446b,primary_analysis,0.9638157894736842,0.9640864066409218,0.01114888501086326,,,primary_train,0.9923180694013821,0.9979002261583936,completed,primary_train
run_0075,sipakmed,split_02,1002,82,resnet50,A,5e203de9913a10ae47f75aab7d778e21e9a142a0699f4a4a6c374b725d67c1ae,c7cdebd9ca3573584f75bb37e740e028efa50549eca00308df18d1cf3d9b446b,primary_analysis,0.9703947368421053,0.9707244559590098,0.010247886114367433,,,primary_train,0.9908303690192971,0.9969918098082472,completed,primary_train
run_0076,sipakmed,split_02,1002,82,resnet50,B,5e203de9913a10ae47f75aab7d778e21e9a142a0699f4a4a6c374b725d67c1ae,c7cdebd9ca3573584f75bb37e740e028efa50549eca00308df18d1cf3d9b446b,primary_analysis,0.9654605263157895,0.9655902128170147,0.011365866099768652,,,primary_train,0.9921553771680095,0.9975196863667387,completed,primary_train
run_0077,sipakmed,split_02,1002,82,densenet121,A,5e203de9913a10ae47f75aab7d778e21e9a142a0699f4a4a6c374b725d67c1ae,c7cdebd9ca3573584f75bb37e740e028efa50549eca00308df18d1cf3d9b446b,primary_analysis,0.9555921052631579,0.955765701309609,0.013049948906932219,,,primary_train,0.9898029296452077,0.9967791537758529,completed,primary_train
run_0078,sipakmed,split_02,1002,82,densenet121,B,5e203de9913a10ae47f75aab7d778e21e9a142a0699f4a4a6c374b725d67c1ae,c7cdebd9ca3573584f75bb37e740e028efa50549eca00308df18d1cf3d9b446b,primary_analysis,0.9786184210526315,0.9788173968688479,0.008154470763645975,,,primary_train,0.9934408143279064,0.9979098299308642,completed,primary_train
run_0079,sipakmed,split_02,1002,82,efficientnet_b0,A,5e203de9913a10ae47f75aab7d778e21e9a142a0699f4a4a6c374b725d67c1ae,c7cdebd9ca3573584f75bb37e740e028efa50549eca00308df18d1cf3d9b446b,primary_analysis,0.9424342105263158,0.9431146360269496,0.01725724577601332,,,primary_train,0.9853789132230288,0.995330228116663,completed,primary_train
run_0080,sipakmed,split_02,1002,82,efficientnet_b0,B,5e203de9913a10ae47f75aab7d778e21e9a142a0699f4a4a6c374b725d67c1ae,c7cdebd9ca3573584f75bb37e740e028efa50549eca00308df18d1cf3d9b446b,primary_analysis,0.9490131578947368,0.9492524438017819,0.015621169317879397,,,primary_train,0.9873704518675128,0.9960590675851211,completed,primary_train
run_0081,sipakmed,split_03,1003,42,resnet18,A,5e203de9913a10ae47f75aab7d778e21e9a142a0699f4a4a6c374b725d67c1ae,124d25065c446a92c033e4eeeb92bf02c1d9e0e56c8069be874a27fb64da085b,primary_analysis,0.9736842105263158,0.9739082386292811,0.00854258379093964,,,primary_train,0.9950596471651505,0.9984567787351274,completed,primary_train
run_0082,sipakmed,split_03,1003,42,resnet18,B,5e203de9913a10ae47f75aab7d778e21e9a142a0699f4a4a6c374b725d67c1ae,124d25065c446a92c033e4eeeb92bf02c1d9e0e56c8069be874a27fb64da085b,primary_analysis,0.975328947368421,0.9756696443569496,0.0079650887369181,,,primary_train,0.9965098398607164,0.9990592306400329,completed,primary_train
run_0083,sipakmed,split_03,1003,42,resnet50,A,5e203de9913a10ae47f75aab7d778e21e9a142a0699f4a4a6c374b725d67c1ae,124d25065c446a92c033e4eeeb92bf02c1d9e0e56c8069be874a27fb64da085b,primary_analysis,0.9605263157894737,0.9607135174366602,0.011029152174751148,,,primary_train,0.9939492152948318,0.9984028917044949,completed,primary_train
run_0084,sipakmed,split_03,1003,42,resnet50,B,5e203de9913a10ae47f75aab7d778e21e9a142a0699f4a4a6c374b725d67c1ae,124d25065c446a92c033e4eeeb92bf02c1d9e0e56c8069be874a27fb64da085b,primary_analysis,0.9671052631578947,0.9672315502235456,0.00953352524463834,,,primary_train,0.9945361955862136,0.9978823322372881,completed,primary_train
run_0085,sipakmed,split_03,1003,42,densenet121,A,5e203de9913a10ae47f75aab7d778e21e9a142a0699f4a4a6c374b725d67c1ae,124d25065c446a92c033e4eeeb92bf02c1d9e0e56c8069be874a27fb64da085b,primary_analysis,0.962171052631579,0.9624721636555922,0.012398396475691794,,,primary_train,0.988206547952623,0.9962845596054921,completed,primary_train
run_0086,sipakmed,split_03,1003,42,densenet121,B,5e203de9913a10ae47f75aab7d778e21e9a142a0699f4a4a6c374b725d67c1ae,124d25065c446a92c033e4eeeb92bf02c1d9e0e56c8069be874a27fb64da085b,primary_analysis,0.9720394736842105,0.9723657839656221,0.010347753955841815,,,primary_train,0.9882642056266094,0.9961269608433743,completed,primary_train
run_0087,sipakmed,split_03,1003,42,efficientnet_b0,A,5e203de9913a10ae47f75aab7d778e21e9a142a0699f4a4a6c374b725d67c1ae,124d25065c446a92c033e4eeeb92bf02c1d9e0e56c8069be874a27fb64da085b,primary_analysis,0.9523026315789473,0.9524274225145067,0.015622123518405895,,,primary_train,0.9875537878775397,0.9963031715352004,completed,primary_train
run_0088,sipakmed,split_03,1003,42,efficientnet_b0,B,5e203de9913a10ae47f75aab7d778e21e9a142a0699f4a4a6c374b725d67c1ae,124d25065c446a92c033e4eeeb92bf02c1d9e0e56c8069be874a27fb64da085b,primary_analysis,0.9358552631578947,0.9359221939228775,0.01681214816434775,,,primary_train,0.987059250806572,0.9962339506092354,completed,primary_train
run_0089,sipakmed,split_03,1003,52,resnet18,A,5e203de9913a10ae47f75aab7d778e21e9a142a0699f4a4a6c374b725d67c1ae,124d25065c446a92c033e4eeeb92bf02c1d9e0e56c8069be874a27fb64da085b,primary_analysis,0.9555921052631579,0.9557779087606862,0.01120962189934839,,,primary_train,0.9948456552561176,0.9985864291782317,completed,primary_train
run_0090,sipakmed,split_03,1003,52,resnet18,B,5e203de9913a10ae47f75aab7d778e21e9a142a0699f4a4a6c374b725d67c1ae,124d25065c446a92c033e4eeeb92bf02c1d9e0e56c8069be874a27fb64da085b,primary_analysis,0.9671052631578947,0.967294585413511,0.011040537155746188,,,primary_train,0.9950230693362847,0.9986773859071418,completed,primary_train
run_0091,sipakmed,split_03,1003,52,resnet50,A,5e203de9913a10ae47f75aab7d778e21e9a142a0699f4a4a6c374b725d67c1ae,124d25065c446a92c033e4eeeb92bf02c1d9e0e56c8069be874a27fb64da085b,primary_analysis,0.9572368421052632,0.9574328357678343,0.013444730864156124,,,primary_train,0.9918397400574526,0.9976617208389327,completed,primary_train
run_0092,sipakmed,split_03,1003,52,resnet50,B,5e203de9913a10ae47f75aab7d778e21e9a142a0699f4a4a6c374b725d67c1ae,124d25065c446a92c033e4eeeb92bf02c1d9e0e56c8069be874a27fb64da085b,primary_analysis,0.9638157894736842,0.9641026427704874,0.012274678729825923,,,primary_train,0.9918762329606526,0.9971880584105743,completed,primary_train
run_0093,sipakmed,split_03,1003,52,densenet121,A,5e203de9913a10ae47f75aab7d778e21e9a142a0699f4a4a6c374b725d67c1ae,124d25065c446a92c033e4eeeb92bf02c1d9e0e56c8069be874a27fb64da085b,primary_analysis,0.9555921052631579,0.9558185833825863,0.01271613168756332,,,primary_train,0.9895328208865658,0.9966402612436387,completed,primary_train
run_0094,sipakmed,split_03,1003,52,densenet121,B,5e203de9913a10ae47f75aab7d778e21e9a142a0699f4a4a6c374b725d67c1ae,124d25065c446a92c033e4eeeb92bf02c1d9e0e56c8069be874a27fb64da085b,primary_analysis,0.9703947368421053,0.9705909016171249,0.010360683302325925,,,primary_train,0.9901771119061913,0.9970845510182341,completed,primary_train
run_0095,sipakmed,split_03,1003,52,efficientnet_b0,A,5e203de9913a10ae47f75aab7d778e21e9a142a0699f4a4a6c374b725d67c1ae,124d25065c446a92c033e4eeeb92bf02c1d9e0e56c8069be874a27fb64da085b,primary_analysis,0.9457236842105263,0.9460151538735759,0.016444906256476773,,,primary_train,0.9877468991556612,0.9964990096851164,completed,primary_train
run_0096,sipakmed,split_03,1003,52,efficientnet_b0,B,5e203de9913a10ae47f75aab7d778e21e9a142a0699f4a4a6c374b725d67c1ae,124d25065c446a92c033e4eeeb92bf02c1d9e0e56c8069be874a27fb64da085b,primary_analysis,0.9407894736842105,0.9411913311662806,0.016383257945268202,,,primary_train,0.9871424477348661,0.9964100489808889,completed,primary_train
run_0097,sipakmed,split_03,1003,62,resnet18,A,5e203de9913a10ae47f75aab7d778e21e9a142a0699f4a4a6c374b725d67c1ae,124d25065c446a92c033e4eeeb92bf02c1d9e0e56c8069be874a27fb64da085b,primary_analysis,0.96875,0.9688011322985037,0.01014653769763455,,,primary_train,0.9943260582341826,0.998448722972055,completed,primary_train
run_0098,sipakmed,split_03,1003,62,resnet18,B,5e203de9913a10ae47f75aab7d778e21e9a142a0699f4a4a6c374b725d67c1ae,124d25065c446a92c033e4eeeb92bf02c1d9e0e56c8069be874a27fb64da085b,primary_analysis,0.975328947368421,0.9752927334488188,0.007940932012776606,,,primary_train,0.9951921675513749,0.9985689698463979,completed,primary_train
run_0099,sipakmed,split_03,1003,62,resnet50,A,5e203de9913a10ae47f75aab7d778e21e9a142a0699f4a4a6c374b725d67c1ae,124d25065c446a92c033e4eeeb92bf02c1d9e0e56c8069be874a27fb64da085b,primary_analysis,0.9802631578947368,0.9804418635609377,0.008211007431508908,,,primary_train,0.9948700610320721,0.9985476945047077,completed,primary_train
run_0100,sipakmed,split_03,1003,62,resnet50,B,5e203de9913a10ae47f75aab7d778e21e9a142a0699f4a4a6c374b725d67c1ae,124d25065c446a92c033e4eeeb92bf02c1d9e0e56c8069be874a27fb64da085b,primary_analysis,0.9703947368421053,0.9705495830104308,0.009081449694076166,,,primary_train,0.9964571544178595,0.999059214768376,completed,primary_train
run_0101,sipakmed,split_03,1003,62,densenet121,A,5e203de9913a10ae47f75aab7d778e21e9a142a0699f4a4a6c374b725d67c1ae,124d25065c446a92c033e4eeeb92bf02c1d9e0e56c8069be874a27fb64da085b,primary_analysis,0.962171052631579,0.9623366255693899,0.011857319327716678,,,primary_train,0.9891191984967916,0.9964921037360253,completed,primary_train
run_0102,sipakmed,split_03,1003,62,densenet121,B,5e203de9913a10ae47f75aab7d778e21e9a142a0699f4a4a6c374b725d67c1ae,124d25065c446a92c033e4eeeb92bf02c1d9e0e56c8069be874a27fb64da085b,primary_analysis,0.96875,0.9688295664792281,0.010143987413164033,,,primary_train,0.9902493530345386,0.9963551755295977,completed,primary_train
run_0103,sipakmed,split_03,1003,62,efficientnet_b0,A,5e203de9913a10ae47f75aab7d778e21e9a142a0699f4a4a6c374b725d67c1ae,124d25065c446a92c033e4eeeb92bf02c1d9e0e56c8069be874a27fb64da085b,primary_analysis,0.944078947368421,0.9442253233651015,0.016124290064983275,,,primary_train,0.9875695255659934,0.9964645135225008,completed,primary_train
run_0104,sipakmed,split_03,1003,62,efficientnet_b0,B,5e203de9913a10ae47f75aab7d778e21e9a142a0699f4a4a6c374b725d67c1ae,124d25065c446a92c033e4eeeb92bf02c1d9e0e56c8069be874a27fb64da085b,primary_analysis,0.9325657894736842,0.9327790434844895,0.01854846240321334,,,primary_train,0.9853285880866347,0.9957050351502872,completed,primary_train
run_0105,sipakmed,split_03,1003,72,resnet18,A,5e203de9913a10ae47f75aab7d778e21e9a142a0699f4a4a6c374b725d67c1ae,124d25065c446a92c033e4eeeb92bf02c1d9e0e56c8069be874a27fb64da085b,primary_analysis,0.9736842105263158,0.9738553471563854,0.00752951709100607,,,primary_train,0.9956993888711372,0.9987674772094886,completed,primary_train
run_0106,sipakmed,split_03,1003,72,resnet18,B,5e203de9913a10ae47f75aab7d778e21e9a142a0699f4a4a6c374b725d67c1ae,124d25065c446a92c033e4eeeb92bf02c1d9e0e56c8069be874a27fb64da085b,primary_analysis,0.9736842105263158,0.9734561453058668,0.009614097469157404,,,primary_train,0.9961003677607545,0.9988414562578332,completed,primary_train
run_0107,sipakmed,split_03,1003,72,resnet50,A,5e203de9913a10ae47f75aab7d778e21e9a142a0699f4a4a6c374b725d67c1ae,124d25065c446a92c033e4eeeb92bf02c1d9e0e56c8069be874a27fb64da085b,primary_analysis,0.9703947368421053,0.9705237765588179,0.009742176210713825,,,primary_train,0.9959538854631378,0.9989621408447833,completed,primary_train
run_0108,sipakmed,split_03,1003,72,resnet50,B,5e203de9913a10ae47f75aab7d778e21e9a142a0699f4a4a6c374b725d67c1ae,124d25065c446a92c033e4eeeb92bf02c1d9e0e56c8069be874a27fb64da085b,primary_analysis,0.9786184210526315,0.9788567411311432,0.006509833683195699,,,primary_train,0.9978847706601618,0.9994243611364879,completed,primary_train
run_0109,sipakmed,split_03,1003,72,densenet121,A,5e203de9913a10ae47f75aab7d778e21e9a142a0699f4a4a6c374b725d67c1ae,124d25065c446a92c033e4eeeb92bf02c1d9e0e56c8069be874a27fb64da085b,primary_analysis,0.9572368421052632,0.9571738964567353,0.013239782306718387,,,primary_train,0.9902211740733998,0.9972320748823081,completed,primary_train
run_0110,sipakmed,split_03,1003,72,densenet121,B,5e203de9913a10ae47f75aab7d778e21e9a142a0699f4a4a6c374b725d67c1ae,124d25065c446a92c033e4eeeb92bf02c1d9e0e56c8069be874a27fb64da085b,primary_analysis,0.9638157894736842,0.9641134916622047,0.012489233605607334,,,primary_train,0.9926080589230409,0.9978129924211302,completed,primary_train
run_0111,sipakmed,split_03,1003,72,efficientnet_b0,A,5e203de9913a10ae47f75aab7d778e21e9a142a0699f4a4a6c374b725d67c1ae,124d25065c446a92c033e4eeeb92bf02c1d9e0e56c8069be874a27fb64da085b,primary_analysis,0.9473684210526315,0.9476667573768834,0.015595279969860033,,,primary_train,0.9890547856633463,0.9969340886468488,completed,primary_train
run_0112,sipakmed,split_03,1003,72,efficientnet_b0,B,5e203de9913a10ae47f75aab7d778e21e9a142a0699f4a4a6c374b725d67c1ae,124d25065c446a92c033e4eeeb92bf02c1d9e0e56c8069be874a27fb64da085b,primary_analysis,0.9407894736842105,0.9411507083343157,0.016260063192977472,,,primary_train,0.9877349797983495,0.9966615894456539,completed,primary_train
run_0113,sipakmed,split_03,1003,82,resnet18,A,5e203de9913a10ae47f75aab7d778e21e9a142a0699f4a4a6c374b725d67c1ae,124d25065c446a92c033e4eeeb92bf02c1d9e0e56c8069be874a27fb64da085b,primary_analysis,0.9703947368421053,0.970508889588694,0.008898306632269839,,,primary_train,0.9954558042235002,0.9987331140604088,completed,primary_train
run_0114,sipakmed,split_03,1003,82,resnet18,B,5e203de9913a10ae47f75aab7d778e21e9a142a0699f4a4a6c374b725d67c1ae,124d25065c446a92c033e4eeeb92bf02c1d9e0e56c8069be874a27fb64da085b,primary_analysis,0.9769736842105263,0.9770289767096685,0.007697274508253823,,,primary_train,0.996501592264651,0.9989931174897111,completed,primary_train
run_0115,sipakmed,split_03,1003,82,resnet50,A,5e203de9913a10ae47f75aab7d778e21e9a142a0699f4a4a6c374b725d67c1ae,124d25065c446a92c033e4eeeb92bf02c1d9e0e56c8069be874a27fb64da085b,primary_analysis,0.962171052631579,0.962186844497858,0.011024112980292124,,,primary_train,0.9936781445699057,0.9982212375518047,completed,primary_train
run_0116,sipakmed,split_03,1003,82,resnet50,B,5e203de9913a10ae47f75aab7d778e21e9a142a0699f4a4a6c374b725d67c1ae,124d25065c446a92c033e4eeeb92bf02c1d9e0e56c8069be874a27fb64da085b,primary_analysis,0.96875,0.9690593146450202,0.011201034409856103,,,primary_train,0.9960264942724122,0.9989015945439206,completed,primary_train
run_0117,sipakmed,split_03,1003,82,densenet121,A,5e203de9913a10ae47f75aab7d778e21e9a142a0699f4a4a6c374b725d67c1ae,124d25065c446a92c033e4eeeb92bf02c1d9e0e56c8069be874a27fb64da085b,primary_analysis,0.962171052631579,0.9624192815826149,0.010848843832806768,,,primary_train,0.9932008502788955,0.9979194452119394,completed,primary_train
run_0118,sipakmed,split_03,1003,82,densenet121,B,5e203de9913a10ae47f75aab7d778e21e9a142a0699f4a4a6c374b725d67c1ae,124d25065c446a92c033e4eeeb92bf02c1d9e0e56c8069be874a27fb64da085b,primary_analysis,0.9654605263157895,0.965545500116708,0.010963925452558287,,,primary_train,0.9935357315189097,0.9980284424584486,completed,primary_train
run_0119,sipakmed,split_03,1003,82,efficientnet_b0,A,5e203de9913a10ae47f75aab7d778e21e9a142a0699f4a4a6c374b725d67c1ae,124d25065c446a92c033e4eeeb92bf02c1d9e0e56c8069be874a27fb64da085b,primary_analysis,0.9342105263157895,0.9343744320110605,0.018730003630698572,,,primary_train,0.9838233286630432,0.9952973500941343,completed,primary_train
run_0120,sipakmed,split_03,1003,82,efficientnet_b0,B,5e203de9913a10ae47f75aab7d778e21e9a142a0699f4a4a6c374b725d67c1ae,124d25065c446a92c033e4eeeb92bf02c1d9e0e56c8069be874a27fb64da085b,primary_analysis,0.944078947368421,0.9445011945804952,0.017270437798893028,,,primary_train,0.9846784162441473,0.9956946250703972,completed,primary_train
run_0121,sipakmed,split_04,1004,42,resnet18,A,5e203de9913a10ae47f75aab7d778e21e9a142a0699f4a4a6c374b725d67c1ae,c80b92c7aec4569b782f4592e5fccf0a69da39398983071325bfc3c14c3819b1,primary_analysis,0.9638157894736842,0.9635802044647956,0.010691790401612125,,,primary_train,0.9938295846348021,0.9983329771291789,completed,primary_train
run_0122,sipakmed,split_04,1004,42,resnet18,B,5e203de9913a10ae47f75aab7d778e21e9a142a0699f4a4a6c374b725d67c1ae,c80b92c7aec4569b782f4592e5fccf0a69da39398983071325bfc3c14c3819b1,primary_analysis,0.96875,0.9686777922634604,0.010239923978286217,,,primary_train,0.9938419924389681,0.9984181085941986,completed,primary_train
run_0123,sipakmed,split_04,1004,42,resnet50,A,5e203de9913a10ae47f75aab7d778e21e9a142a0699f4a4a6c374b725d67c1ae,c80b92c7aec4569b782f4592e5fccf0a69da39398983071325bfc3c14c3819b1,primary_analysis,0.962171052631579,0.9624586164449915,0.01156524539524944,,,primary_train,0.9928729175579042,0.9981197225876803,completed,primary_train
run_0124,sipakmed,split_04,1004,42,resnet50,B,5e203de9913a10ae47f75aab7d778e21e9a142a0699f4a4a6c374b725d67c1ae,c80b92c7aec4569b782f4592e5fccf0a69da39398983071325bfc3c14c3819b1,primary_analysis,0.9720394736842105,0.9720418257202406,0.00940886800936174,,,primary_train,0.9950534979990915,0.9986593892719291,completed,primary_train
run_0125,sipakmed,split_04,1004,42,densenet121,A,5e203de9913a10ae47f75aab7d778e21e9a142a0699f4a4a6c374b725d67c1ae,c80b92c7aec4569b782f4592e5fccf0a69da39398983071325bfc3c14c3819b1,primary_analysis,0.9703947368421053,0.9707508969954983,0.011084805401939528,,,primary_train,0.9929885001969616,0.9980964213664649,completed,primary_train
run_0126,sipakmed,split_04,1004,42,densenet121,B,5e203de9913a10ae47f75aab7d778e21e9a142a0699f4a4a6c374b725d67c1ae,c80b92c7aec4569b782f4592e5fccf0a69da39398983071325bfc3c14c3819b1,primary_analysis,0.975328947368421,0.9753185305005132,0.008661421774502704,,,primary_train,0.9919686299353927,0.9977886243707605,completed,primary_train
run_0127,sipakmed,split_04,1004,42,efficientnet_b0,A,5e203de9913a10ae47f75aab7d778e21e9a142a0699f4a4a6c374b725d67c1ae,c80b92c7aec4569b782f4592e5fccf0a69da39398983071325bfc3c14c3819b1,primary_analysis,0.9407894736842105,0.9403048851782643,0.018032683191146853,,,primary_train,0.9830638947728589,0.9950335069034095,completed,primary_train
run_0128,sipakmed,split_04,1004,42,efficientnet_b0,B,5e203de9913a10ae47f75aab7d778e21e9a142a0699f4a4a6c374b725d67c1ae,c80b92c7aec4569b782f4592e5fccf0a69da39398983071325bfc3c14c3819b1,primary_analysis,0.9539473684210527,0.9536574541993119,0.014264939035349667,,,primary_train,0.9882356122414793,0.9966916944734215,completed,primary_train
run_0129,sipakmed,split_04,1004,52,resnet18,A,5e203de9913a10ae47f75aab7d778e21e9a142a0699f4a4a6c374b725d67c1ae,c80b92c7aec4569b782f4592e5fccf0a69da39398983071325bfc3c14c3819b1,primary_analysis,0.9638157894736842,0.9636459285737258,0.010534782940739179,,,primary_train,0.9944157283177673,0.9984358459272782,completed,primary_train
run_0130,sipakmed,split_04,1004,52,resnet18,B,5e203de9913a10ae47f75aab7d778e21e9a142a0699f4a4a6c374b725d67c1ae,c80b92c7aec4569b782f4592e5fccf0a69da39398983071325bfc3c14c3819b1,primary_analysis,0.9736842105263158,0.9740444724902124,0.009083417337151576,,,primary_train,0.9930345504816322,0.9978076436582292,completed,primary_train
run_0131,sipakmed,split_04,1004,52,resnet50,A,5e203de9913a10ae47f75aab7d778e21e9a142a0699f4a4a6c374b725d67c1ae,c80b92c7aec4569b782f4592e5fccf0a69da39398983071325bfc3c14c3819b1,primary_analysis,0.9703947368421053,0.9702636104679841,0.009385793537967615,,,primary_train,0.9952588063533294,0.9987392236361734,completed,primary_train
run_0132,sipakmed,split_04,1004,52,resnet50,B,5e203de9913a10ae47f75aab7d778e21e9a142a0699f4a4a6c374b725d67c1ae,c80b92c7aec4569b782f4592e5fccf0a69da39398983071325bfc3c14c3819b1,primary_analysis,0.9572368421052632,0.9575236517538116,0.014737466882207262,,,primary_train,0.9871632122841246,0.995447231056167,completed,primary_train
run_0133,sipakmed,split_04,1004,52,densenet121,A,5e203de9913a10ae47f75aab7d778e21e9a142a0699f4a4a6c374b725d67c1ae,c80b92c7aec4569b782f4592e5fccf0a69da39398983071325bfc3c14c3819b1,primary_analysis,0.9835526315789473,0.9835185847157477,0.007705577504831311,,,primary_train,0.9938829683097177,0.998144866302525,completed,primary_train
run_0134,sipakmed,split_04,1004,52,densenet121,B,5e203de9913a10ae47f75aab7d778e21e9a142a0699f4a4a6c374b725d67c1ae,c80b92c7aec4569b782f4592e5fccf0a69da39398983071325bfc3c14c3819b1,primary_analysis,0.9703947368421053,0.9705889178728075,0.010309026063378319,,,primary_train,0.9931636330974122,0.9980361091917164,completed,primary_train
run_0135,sipakmed,split_04,1004,52,efficientnet_b0,A,5e203de9913a10ae47f75aab7d778e21e9a142a0699f4a4a6c374b725d67c1ae,c80b92c7aec4569b782f4592e5fccf0a69da39398983071325bfc3c14c3819b1,primary_analysis,0.9523026315789473,0.9519482959597448,0.014988544403776324,,,primary_train,0.9881969055210821,0.9965379347659029,completed,primary_train
run_0136,sipakmed,split_04,1004,52,efficientnet_b0,B,5e203de9913a10ae47f75aab7d778e21e9a142a0699f4a4a6c374b725d67c1ae,c80b92c7aec4569b782f4592e5fccf0a69da39398983071325bfc3c14c3819b1,primary_analysis,0.9572368421052632,0.9571692237934531,0.014392205525951246,,,primary_train,0.9891709852617367,0.9968776644394124,completed,primary_train
run_0137,sipakmed,split_04,1004,62,resnet18,A,5e203de9913a10ae47f75aab7d778e21e9a142a0699f4a4a6c374b725d67c1ae,c80b92c7aec4569b782f4592e5fccf0a69da39398983071325bfc3c14c3819b1,primary_analysis,0.9720394736842105,0.972147589866195,0.00877855222642138,,,primary_train,0.9946336527251795,0.9985147236960469,completed,primary_train
run_0138,sipakmed,split_04,1004,62,resnet18,B,5e203de9913a10ae47f75aab7d778e21e9a142a0699f4a4a6c374b725d67c1ae,c80b92c7aec4569b782f4592e5fccf0a69da39398983071325bfc3c14c3819b1,primary_analysis,0.9720394736842105,0.9721889178728075,0.010154553004633114,,,primary_train,0.9945169856686403,0.9984675409543712,completed,primary_train
run_0139,sipakmed,split_04,1004,62,resnet50,A,5e203de9913a10ae47f75aab7d778e21e9a142a0699f4a4a6c374b725d67c1ae,c80b92c7aec4569b782f4592e5fccf0a69da39398983071325bfc3c14c3819b1,primary_analysis,0.975328947368421,0.9752114171951172,0.008749156279441488,,,primary_train,0.9949156257603974,0.9986535745832998,completed,primary_train
run_0140,sipakmed,split_04,1004,62,resnet50,B,5e203de9913a10ae47f75aab7d778e21e9a142a0699f4a4a6c374b725d67c1ae,c80b92c7aec4569b782f4592e5fccf0a69da39398983071325bfc3c14c3819b1,primary_analysis,0.9802631578947368,0.9802269929653511,0.00655983018600801,,,primary_train,0.9975812530237814,0.999343891051554,completed,primary_train
run_0141,sipakmed,split_04,1004,62,densenet121,A,5e203de9913a10ae47f75aab7d778e21e9a142a0699f4a4a6c374b725d67c1ae,c80b92c7aec4569b782f4592e5fccf0a69da39398983071325bfc3c14c3819b1,primary_analysis,0.9720394736842105,0.9718215866866426,0.009232016321747891,,,primary_train,0.9928871234314937,0.9979812594056249,completed,primary_train
run_0142,sipakmed,split_04,1004,62,densenet121,B,5e203de9913a10ae47f75aab7d778e21e9a142a0699f4a4a6c374b725d67c1ae,c80b92c7aec4569b782f4592e5fccf0a69da39398983071325bfc3c14c3819b1,primary_analysis,0.9720394736842105,0.9720398419759231,0.008895347337237491,,,primary_train,0.9937689802346077,0.9982643266031619,completed,primary_train
run_0143,sipakmed,split_04,1004,62,efficientnet_b0,A,5e203de9913a10ae47f75aab7d778e21e9a142a0699f4a4a6c374b725d67c1ae,c80b92c7aec4569b782f4592e5fccf0a69da39398983071325bfc3c14c3819b1,primary_analysis,0.9490131578947368,0.9487082465228023,0.014684821161963842,,,primary_train,0.9880517480542546,0.9964324849335238,completed,primary_train
run_0144,sipakmed,split_04,1004,62,efficientnet_b0,B,5e203de9913a10ae47f75aab7d778e21e9a142a0699f4a4a6c374b725d67c1ae,c80b92c7aec4569b782f4592e5fccf0a69da39398983071325bfc3c14c3819b1,primary_analysis,0.9539473684210527,0.9536702962352649,0.014445109943229038,,,primary_train,0.987643645645174,0.9963796023391247,completed,primary_train
run_0145,sipakmed,split_04,1004,72,resnet18,A,5e203de9913a10ae47f75aab7d778e21e9a142a0699f4a4a6c374b725d67c1ae,c80b92c7aec4569b782f4592e5fccf0a69da39398983071325bfc3c14c3819b1,primary_analysis,0.9671052631578947,0.9669151079661221,0.01058911374231282,,,primary_train,0.9933416057967221,0.9980672516476187,completed,primary_train
run_0146,sipakmed,split_04,1004,72,resnet18,B,5e203de9913a10ae47f75aab7d778e21e9a142a0699f4a4a6c374b725d67c1ae,c80b92c7aec4569b782f4592e5fccf0a69da39398983071325bfc3c14c3819b1,primary_analysis,0.9802631578947368,0.9803598421325883,0.006627755425856617,,,primary_train,0.9975445650504726,0.9993342289920875,completed,primary_train
run_0147,sipakmed,split_04,1004,72,resnet50,A,5e203de9913a10ae47f75aab7d778e21e9a142a0699f4a4a6c374b725d67c1ae,c80b92c7aec4569b782f4592e5fccf0a69da39398983071325bfc3c14c3819b1,primary_analysis,0.9572368421052632,0.9574972719071765,0.012746412957467288,,,primary_train,0.9911583856727265,0.9974199464802135,completed,primary_train
run_0148,sipakmed,split_04,1004,72,resnet50,B,5e203de9913a10ae47f75aab7d778e21e9a142a0699f4a4a6c374b725d67c1ae,c80b92c7aec4569b782f4592e5fccf0a69da39398983071325bfc3c14c3819b1,primary_analysis,0.9654605263157895,0.9656708850859224,0.01171137780518105,,,primary_train,0.9924474553914214,0.9979020698362815,completed,primary_train
run_0149,sipakmed,split_04,1004,72,densenet121,A,5e203de9913a10ae47f75aab7d778e21e9a142a0699f4a4a6c374b725d67c1ae,c80b92c7aec4569b782f4592e5fccf0a69da39398983071325bfc3c14c3819b1,primary_analysis,0.9588815789473685,0.9590546041410406,0.010610903390299565,,,primary_train,0.9924412842881003,0.9977210316120241,completed,primary_train
run_0150,sipakmed,split_04,1004,72,densenet121,B,5e203de9913a10ae47f75aab7d778e21e9a142a0699f4a4a6c374b725d67c1ae,c80b92c7aec4569b782f4592e5fccf0a69da39398983071325bfc3c14c3819b1,primary_analysis,0.9720394736842105,0.9720811699825356,0.008806222856501813,,,primary_train,0.9929430996326936,0.9981473614080516,completed,primary_train
run_0151,sipakmed,split_04,1004,72,efficientnet_b0,A,5e203de9913a10ae47f75aab7d778e21e9a142a0699f4a4a6c374b725d67c1ae,c80b92c7aec4569b782f4592e5fccf0a69da39398983071325bfc3c14c3819b1,primary_analysis,0.944078947368421,0.9438986668008365,0.01624376550804866,,,primary_train,0.9863442003929104,0.9957464683175956,completed,primary_train
run_0152,sipakmed,split_04,1004,72,efficientnet_b0,B,5e203de9913a10ae47f75aab7d778e21e9a142a0699f4a4a6c374b725d67c1ae,c80b92c7aec4569b782f4592e5fccf0a69da39398983071325bfc3c14c3819b1,primary_analysis,0.9457236842105263,0.9452526919053973,0.016167832574740103,,,primary_train,0.9863394669869411,0.9957920580691144,completed,primary_train
run_0153,sipakmed,split_04,1004,82,resnet18,A,5e203de9913a10ae47f75aab7d778e21e9a142a0699f4a4a6c374b725d67c1ae,c80b92c7aec4569b782f4592e5fccf0a69da39398983071325bfc3c14c3819b1,primary_analysis,0.975328947368421,0.9754011865137382,0.008021840601975938,,,primary_train,0.9958921883127143,0.9989006583981421,completed,primary_train
run_0154,sipakmed,split_04,1004,82,resnet18,B,5e203de9913a10ae47f75aab7d778e21e9a142a0699f4a4a6c374b725d67c1ae,c80b92c7aec4569b782f4592e5fccf0a69da39398983071325bfc3c14c3819b1,primary_analysis,0.9802631578947368,0.9805374134000507,0.007221530121324085,,,primary_train,0.9921444324061681,0.9974802973796756,completed,primary_train
run_0155,sipakmed,split_04,1004,82,resnet50,A,5e203de9913a10ae47f75aab7d778e21e9a142a0699f4a4a6c374b725d67c1ae,c80b92c7aec4569b782f4592e5fccf0a69da39398983071325bfc3c14c3819b1,primary_analysis,0.9638157894736842,0.9638268845348822,0.010587769867982297,,,primary_train,0.9930778347519296,0.9982152971759014,completed,primary_train
run_0156,sipakmed,split_04,1004,82,resnet50,B,5e203de9913a10ae47f75aab7d778e21e9a142a0699f4a4a6c374b725d67c1ae,c80b92c7aec4569b782f4592e5fccf0a69da39398983071325bfc3c14c3819b1,primary_analysis,0.9736842105263158,0.9738676063973977,0.009939890021915216,,,primary_train,0.9926880638163246,0.9975769236055745,completed,primary_train
run_0157,sipakmed,split_04,1004,82,densenet121,A,5e203de9913a10ae47f75aab7d778e21e9a142a0699f4a4a6c374b725d67c1ae,c80b92c7aec4569b782f4592e5fccf0a69da39398983071325bfc3c14c3819b1,primary_analysis,0.9736842105263158,0.9738682503821918,0.008701090594399559,,,primary_train,0.9923162155187937,0.9976458048535871,completed,primary_train
run_0158,sipakmed,split_04,1004,82,densenet121,B,5e203de9913a10ae47f75aab7d778e21e9a142a0699f4a4a6c374b725d67c1ae,c80b92c7aec4569b782f4592e5fccf0a69da39398983071325bfc3c14c3819b1,primary_analysis,0.9654605263157895,0.9655048678848248,0.011759656074397488,,,primary_train,0.9930126262151798,0.9980811329028458,completed,primary_train
run_0159,sipakmed,split_04,1004,82,efficientnet_b0,A,5e203de9913a10ae47f75aab7d778e21e9a142a0699f4a4a6c374b725d67c1ae,c80b92c7aec4569b782f4592e5fccf0a69da39398983071325bfc3c14c3819b1,primary_analysis,0.944078947368421,0.9436397886795909,0.01658720238426868,,,primary_train,0.9860475389818457,0.9958586755316257,completed,primary_train
run_0160,sipakmed,split_04,1004,82,efficientnet_b0,B,5e203de9913a10ae47f75aab7d778e21e9a142a0699f4a4a6c374b725d67c1ae,c80b92c7aec4569b782f4592e5fccf0a69da39398983071325bfc3c14c3819b1,primary_analysis,0.9473684210526315,0.9469069231378164,0.01588264944699965,,,primary_train,0.9868214078604798,0.996126315733622,completed,primary_train
run_0161,sipakmed,split_05,1005,42,resnet18,A,5e203de9913a10ae47f75aab7d778e21e9a142a0699f4a4a6c374b725d67c1ae,edfc411cf3a50bb696d14a59ff36ae002f71e3dce256059ff144495431299ae7,primary_analysis,0.9572368421052632,0.9570072964606972,0.011068997954327513,,,primary_train,0.9939042701915242,0.9983968582564747,completed,primary_train
run_0162,sipakmed,split_05,1005,42,resnet18,B,5e203de9913a10ae47f75aab7d778e21e9a142a0699f4a4a6c374b725d67c1ae,edfc411cf3a50bb696d14a59ff36ae002f71e3dce256059ff144495431299ae7,primary_analysis,0.9671052631578947,0.9671204600295962,0.009884271567807742,,,primary_train,0.9951356035202235,0.998592594453066,completed,primary_train
run_0163,sipakmed,split_05,1005,42,resnet50,A,5e203de9913a10ae47f75aab7d778e21e9a142a0699f4a4a6c374b725d67c1ae,edfc411cf3a50bb696d14a59ff36ae002f71e3dce256059ff144495431299ae7,primary_analysis,0.9671052631578947,0.9675419612583267,0.01154909317801924,,,primary_train,0.9898881781493785,0.997026984047927,completed,primary_train
run_0164,sipakmed,split_05,1005,42,resnet50,B,5e203de9913a10ae47f75aab7d778e21e9a142a0699f4a4a6c374b725d67c1ae,edfc411cf3a50bb696d14a59ff36ae002f71e3dce256059ff144495431299ae7,primary_analysis,0.9671052631578947,0.967174691262015,0.010758294445045398,,,primary_train,0.9945295824427678,0.9982311898885643,completed,primary_train
run_0165,sipakmed,split_05,1005,42,densenet121,A,5e203de9913a10ae47f75aab7d778e21e9a142a0699f4a4a6c374b725d67c1ae,edfc411cf3a50bb696d14a59ff36ae002f71e3dce256059ff144495431299ae7,primary_analysis,0.9555921052631579,0.9557372765288029,0.013695350366754889,,,primary_train,0.9898237819389584,0.997103376564147,completed,primary_train
run_0166,sipakmed,split_05,1005,42,densenet121,B,5e203de9913a10ae47f75aab7d778e21e9a142a0699f4a4a6c374b725d67c1ae,edfc411cf3a50bb696d14a59ff36ae002f71e3dce256059ff144495431299ae7,primary_analysis,0.9588815789473685,0.958743539721547,0.01223938347701238,,,primary_train,0.9925122487144794,0.9979421630251221,completed,primary_train
run_0167,sipakmed,split_05,1005,42,efficientnet_b0,A,5e203de9913a10ae47f75aab7d778e21e9a142a0699f4a4a6c374b725d67c1ae,edfc411cf3a50bb696d14a59ff36ae002f71e3dce256059ff144495431299ae7,primary_analysis,0.9572368421052632,0.9575120976874469,0.012118217680738402,,,primary_train,0.9935055156392029,0.998073097741074,completed,primary_train
run_0168,sipakmed,split_05,1005,42,efficientnet_b0,B,5e203de9913a10ae47f75aab7d778e21e9a142a0699f4a4a6c374b725d67c1ae,edfc411cf3a50bb696d14a59ff36ae002f71e3dce256059ff144495431299ae7,primary_analysis,0.9605263157894737,0.9606139201192223,0.013153660194849762,,,primary_train,0.9926836891498532,0.9978183344586398,completed,primary_train
run_0169,sipakmed,split_05,1005,52,resnet18,A,5e203de9913a10ae47f75aab7d778e21e9a142a0699f4a4a6c374b725d67c1ae,edfc411cf3a50bb696d14a59ff36ae002f71e3dce256059ff144495431299ae7,primary_analysis,0.9605263157894737,0.9609114985179689,0.012598977367312353,,,primary_train,0.9911623945184562,0.9976874794481791,completed,primary_train
run_0170,sipakmed,split_05,1005,52,resnet18,B,5e203de9913a10ae47f75aab7d778e21e9a142a0699f4a4a6c374b725d67c1ae,edfc411cf3a50bb696d14a59ff36ae002f71e3dce256059ff144495431299ae7,primary_analysis,0.9703947368421053,0.9704966915375351,0.009589439017508935,,,primary_train,0.9940384601312398,0.9983336773659381,completed,primary_train
run_0171,sipakmed,split_05,1005,52,resnet50,A,5e203de9913a10ae47f75aab7d778e21e9a142a0699f4a4a6c374b725d67c1ae,edfc411cf3a50bb696d14a59ff36ae002f71e3dce256059ff144495431299ae7,primary_analysis,0.9638157894736842,0.9639475356509605,0.012487530656180666,,,primary_train,0.990045841286847,0.9968938435997075,completed,primary_train
run_0172,sipakmed,split_05,1005,52,resnet50,B,5e203de9913a10ae47f75aab7d778e21e9a142a0699f4a4a6c374b725d67c1ae,edfc411cf3a50bb696d14a59ff36ae002f71e3dce256059ff144495431299ae7,primary_analysis,0.9654605263157895,0.9656166538535033,0.011275759310569209,,,primary_train,0.9936752524628696,0.9981108237398983,completed,primary_train
run_0173,sipakmed,split_05,1005,52,densenet121,A,5e203de9913a10ae47f75aab7d778e21e9a142a0699f4a4a6c374b725d67c1ae,edfc411cf3a50bb696d14a59ff36ae002f71e3dce256059ff144495431299ae7,primary_analysis,0.9539473684210527,0.9541230241435548,0.01365186314284785,,,primary_train,0.9874801141079637,0.996401820634871,completed,primary_train
run_0174,sipakmed,split_05,1005,52,densenet121,B,5e203de9913a10ae47f75aab7d778e21e9a142a0699f4a4a6c374b725d67c1ae,edfc411cf3a50bb696d14a59ff36ae002f71e3dce256059ff144495431299ae7,primary_analysis,0.9572368421052632,0.9573637175652916,0.013037315257217158,,,primary_train,0.991529647017894,0.9973739755335391,completed,primary_train
run_0175,sipakmed,split_05,1005,52,efficientnet_b0,A,5e203de9913a10ae47f75aab7d778e21e9a142a0699f4a4a6c374b725d67c1ae,edfc411cf3a50bb696d14a59ff36ae002f71e3dce256059ff144495431299ae7,primary_analysis,0.9588815789473685,0.9589603328715975,0.011227432674529154,,,primary_train,0.994564242364995,0.9985030657958853,completed,primary_train
run_0176,sipakmed,split_05,1005,52,efficientnet_b0,B,5e203de9913a10ae47f75aab7d778e21e9a142a0699f4a4a6c374b725d67c1ae,edfc411cf3a50bb696d14a59ff36ae002f71e3dce256059ff144495431299ae7,primary_analysis,0.9588815789473685,0.9590307908336635,0.011328393357539346,,,primary_train,0.9949719324027013,0.9986308519664113,completed,primary_train
run_0177,sipakmed,split_05,1005,62,resnet18,A,5e203de9913a10ae47f75aab7d778e21e9a142a0699f4a4a6c374b725d67c1ae,edfc411cf3a50bb696d14a59ff36ae002f71e3dce256059ff144495431299ae7,primary_analysis,0.9671052631578947,0.9670242662056892,0.011665563796026266,,,primary_train,0.991266360110911,0.9975623265853777,completed,primary_train
run_0178,sipakmed,split_05,1005,62,resnet18,B,5e203de9913a10ae47f75aab7d778e21e9a142a0699f4a4a6c374b725d67c1ae,edfc411cf3a50bb696d14a59ff36ae002f71e3dce256059ff144495431299ae7,primary_analysis,0.9654605263157895,0.9658321590339656,0.0107444937417779,,,primary_train,0.9933412998755298,0.9981568938441907,completed,primary_train
run_0179,sipakmed,split_05,1005,62,resnet50,A,5e203de9913a10ae47f75aab7d778e21e9a142a0699f4a4a6c374b725d67c1ae,edfc411cf3a50bb696d14a59ff36ae002f71e3dce256059ff144495431299ae7,primary_analysis,0.9605263157894737,0.9605068680036796,0.011657357601679123,,,primary_train,0.9932152510431729,0.9975303249646454,completed,primary_train
run_0180,sipakmed,split_05,1005,62,resnet50,B,5e203de9913a10ae47f75aab7d778e21e9a142a0699f4a4a6c374b725d67c1ae,edfc411cf3a50bb696d14a59ff36ae002f71e3dce256059ff144495431299ae7,primary_analysis,0.9720394736842105,0.9722560523310328,0.008871710302553334,,,primary_train,0.9946950717355911,0.9983555381828488,completed,primary_train
run_0181,sipakmed,split_05,1005,62,densenet121,A,5e203de9913a10ae47f75aab7d778e21e9a142a0699f4a4a6c374b725d67c1ae,edfc411cf3a50bb696d14a59ff36ae002f71e3dce256059ff144495431299ae7,primary_analysis,0.9424342105263158,0.9426456305631719,0.01466310756443529,,,primary_train,0.9892060658437888,0.9967134687475523,completed,primary_train
run_0182,sipakmed,split_05,1005,62,densenet121,B,5e203de9913a10ae47f75aab7d778e21e9a142a0699f4a4a6c374b725d67c1ae,edfc411cf3a50bb696d14a59ff36ae002f71e3dce256059ff144495431299ae7,primary_analysis,0.9506578947368421,0.9509798737051669,0.01599782847870984,,,primary_train,0.9886095463526658,0.9967400053113643,completed,primary_train
run_0183,sipakmed,split_05,1005,62,efficientnet_b0,A,5e203de9913a10ae47f75aab7d778e21e9a142a0699f4a4a6c374b725d67c1ae,edfc411cf3a50bb696d14a59ff36ae002f71e3dce256059ff144495431299ae7,primary_analysis,0.9605263157894737,0.9606281631045521,0.011757564067140179,,,primary_train,0.9936865560481924,0.9981064645881539,completed,primary_train
run_0184,sipakmed,split_05,1005,62,efficientnet_b0,B,5e203de9913a10ae47f75aab7d778e21e9a142a0699f4a4a6c374b725d67c1ae,edfc411cf3a50bb696d14a59ff36ae002f71e3dce256059ff144495431299ae7,primary_analysis,0.9539473684210527,0.9542456072140155,0.012932169624031268,,,primary_train,0.9933412647351956,0.9980472884212475,completed,primary_train
run_0185,sipakmed,split_05,1005,72,resnet18,A,5e203de9913a10ae47f75aab7d778e21e9a142a0699f4a4a6c374b725d67c1ae,edfc411cf3a50bb696d14a59ff36ae002f71e3dce256059ff144495431299ae7,primary_analysis,0.9638157894736842,0.9640695359264806,0.010419582013440894,,,primary_train,0.9916975561427023,0.9975488865615635,completed,primary_train
run_0186,sipakmed,split_05,1005,72,resnet18,B,5e203de9913a10ae47f75aab7d778e21e9a142a0699f4a4a6c374b725d67c1ae,edfc411cf3a50bb696d14a59ff36ae002f71e3dce256059ff144495431299ae7,primary_analysis,0.9703947368421053,0.9705611276768773,0.009417885471194027,,,primary_train,0.9955178386534278,0.9987729437568202,completed,primary_train
run_0187,sipakmed,split_05,1005,72,resnet50,A,5e203de9913a10ae47f75aab7d778e21e9a142a0699f4a4a6c374b725d67c1ae,edfc411cf3a50bb696d14a59ff36ae002f71e3dce256059ff144495431299ae7,primary_analysis,0.9671052631578947,0.967444418274978,0.01068564738079857,,,primary_train,0.990996649775744,0.9972100573264064,completed,primary_train
run_0188,sipakmed,split_05,1005,72,resnet50,B,5e203de9913a10ae47f75aab7d778e21e9a142a0699f4a4a6c374b725d67c1ae,edfc411cf3a50bb696d14a59ff36ae002f71e3dce256059ff144495431299ae7,primary_analysis,0.9671052631578947,0.9673088801887756,0.009793452353691659,,,primary_train,0.9920178924102231,0.9971500554445519,completed,primary_train
run_0189,sipakmed,split_05,1005,72,densenet121,A,5e203de9913a10ae47f75aab7d778e21e9a142a0699f4a4a6c374b725d67c1ae,edfc411cf3a50bb696d14a59ff36ae002f71e3dce256059ff144495431299ae7,primary_analysis,0.9424342105263158,0.9423481133542788,0.015806482749969118,,,primary_train,0.9885682627026181,0.996806358223143,completed,primary_train
run_0190,sipakmed,split_05,1005,72,densenet121,B,5e203de9913a10ae47f75aab7d778e21e9a142a0699f4a4a6c374b725d67c1ae,edfc411cf3a50bb696d14a59ff36ae002f71e3dce256059ff144495431299ae7,primary_analysis,0.9506578947368421,0.9507765665758636,0.013835499161634828,,,primary_train,0.9927953248864346,0.9980540409200694,completed,primary_train
run_0191,sipakmed,split_05,1005,72,efficientnet_b0,A,5e203de9913a10ae47f75aab7d778e21e9a142a0699f4a4a6c374b725d67c1ae,edfc411cf3a50bb696d14a59ff36ae002f71e3dce256059ff144495431299ae7,primary_analysis,0.9572368421052632,0.9575920647817069,0.012521164944746171,,,primary_train,0.993786696402764,0.9982847081252503,completed,primary_train
run_0192,sipakmed,split_05,1005,72,efficientnet_b0,B,5e203de9913a10ae47f75aab7d778e21e9a142a0699f4a4a6c374b725d67c1ae,edfc411cf3a50bb696d14a59ff36ae002f71e3dce256059ff144495431299ae7,primary_analysis,0.9572368421052632,0.9575920647817069,0.012521164944746171,,,primary_train,0.993786696402764,0.9982847081252503,completed,primary_train
run_0193,sipakmed,split_05,1005,82,resnet18,A,5e203de9913a10ae47f75aab7d778e21e9a142a0699f4a4a6c374b725d67c1ae,edfc411cf3a50bb696d14a59ff36ae002f71e3dce256059ff144495431299ae7,primary_analysis,0.9572368421052632,0.9574430406747574,0.011939144539755895,,,primary_train,0.9921935178410543,0.9978662818934316,completed,primary_train
run_0194,sipakmed,split_05,1005,82,resnet18,B,5e203de9913a10ae47f75aab7d778e21e9a142a0699f4a4a6c374b725d67c1ae,edfc411cf3a50bb696d14a59ff36ae002f71e3dce256059ff144495431299ae7,primary_analysis,0.9703947368421053,0.9705082456038999,0.009298204330249547,,,primary_train,0.9944678971931935,0.9984007617360169,completed,primary_train
run_0195,sipakmed,split_05,1005,82,resnet50,A,5e203de9913a10ae47f75aab7d778e21e9a142a0699f4a4a6c374b725d67c1ae,edfc411cf3a50bb696d14a59ff36ae002f71e3dce256059ff144495431299ae7,primary_analysis,0.9638157894736842,0.9640728688302398,0.010833809639575007,,,primary_train,0.9908043978465472,0.9972732411024692,completed,primary_train
run_0196,sipakmed,split_05,1005,82,resnet50,B,5e203de9913a10ae47f75aab7d778e21e9a142a0699f4a4a6c374b725d67c1ae,edfc411cf3a50bb696d14a59ff36ae002f71e3dce256059ff144495431299ae7,primary_analysis,0.9786184210526315,0.9786798750383283,0.007363867282058993,,,primary_train,0.9949870691672051,0.998462698745989,completed,primary_train
run_0197,sipakmed,split_05,1005,82,densenet121,A,5e203de9913a10ae47f75aab7d778e21e9a142a0699f4a4a6c374b725d67c1ae,edfc411cf3a50bb696d14a59ff36ae002f71e3dce256059ff144495431299ae7,primary_analysis,0.9572368421052632,0.9571706247428298,0.012397615075815556,,,primary_train,0.9903996033701908,0.997290301336119,completed,primary_train
run_0198,sipakmed,split_05,1005,82,densenet121,B,5e203de9913a10ae47f75aab7d778e21e9a142a0699f4a4a6c374b725d67c1ae,edfc411cf3a50bb696d14a59ff36ae002f71e3dce256059ff144495431299ae7,primary_analysis,0.9638157894736842,0.9637855565282697,0.010335315864473981,,,primary_train,0.9933994917324422,0.9980229262504039,completed,primary_train
run_0199,sipakmed,split_05,1005,82,efficientnet_b0,A,5e203de9913a10ae47f75aab7d778e21e9a142a0699f4a4a6c374b725d67c1ae,edfc411cf3a50bb696d14a59ff36ae002f71e3dce256059ff144495431299ae7,primary_analysis,0.9605263157894737,0.9607914301968311,0.011454940654330293,,,primary_train,0.9940083202591359,0.9982904970214175,completed,primary_train
run_0200,sipakmed,split_05,1005,82,efficientnet_b0,B,5e203de9913a10ae47f75aab7d778e21e9a142a0699f4a4a6c374b725d67c1ae,edfc411cf3a50bb696d14a59ff36ae002f71e3dce256059ff144495431299ae7,primary_analysis,0.9605263157894737,0.9607914301968311,0.011454940654330293,,,primary_train,0.9940083202591359,0.9982904970214175,completed,primary_train
run_0201,sipakmed,split_06,1006,42,resnet18,A,5e203de9913a10ae47f75aab7d778e21e9a142a0699f4a4a6c374b725d67c1ae,62d20423be647ef0983223155360f75c645c737e683005d81cb78f574fc523cf,primary_analysis,0.9638157894736842,0.9640721636555922,0.010099205923842567,,,primary_train,0.9944183340824383,0.998484435483622,completed,primary_train
run_0202,sipakmed,split_06,1006,42,resnet18,B,5e203de9913a10ae47f75aab7d778e21e9a142a0699f4a4a6c374b725d67c1ae,62d20423be647ef0983223155360f75c645c737e683005d81cb78f574fc523cf,primary_analysis,0.9703947368421053,0.9708619777895293,0.009510764294669532,,,primary_train,0.9949507676354783,0.9985587472772185,completed,primary_train
run_0203,sipakmed,split_06,1006,42,resnet50,A,5e203de9913a10ae47f75aab7d778e21e9a142a0699f4a4a6c374b725d67c1ae,62d20423be647ef0983223155360f75c645c737e683005d81cb78f574fc523cf,primary_analysis,0.9703947368421053,0.970550922769954,0.008572951041607473,,,primary_train,0.9927955380606797,0.9977606317223854,completed,primary_train
run_0204,sipakmed,split_06,1006,42,resnet50,B,5e203de9913a10ae47f75aab7d778e21e9a142a0699f4a4a6c374b725d67c1ae,62d20423be647ef0983223155360f75c645c737e683005d81cb78f574fc523cf,primary_analysis,0.9523026315789473,0.9526083078858913,0.015173277229691284,,,primary_train,0.9916219312659674,0.9977010160561474,completed,primary_train
run_0205,sipakmed,split_06,1006,42,densenet121,A,5e203de9913a10ae47f75aab7d778e21e9a142a0699f4a4a6c374b725d67c1ae,62d20423be647ef0983223155360f75c645c737e683005d81cb78f574fc523cf,primary_analysis,0.96875,0.9689366703847059,0.011924345516724609,,,primary_train,0.9876637520807072,0.9965969832888503,completed,primary_train
run_0206,sipakmed,split_06,1006,42,densenet121,B,5e203de9913a10ae47f75aab7d778e21e9a142a0699f4a4a6c374b725d67c1ae,62d20423be647ef0983223155360f75c645c737e683005d81cb78f574fc523cf,primary_analysis,0.9555921052631579,0.9559161357658533,0.014403276883890226,,,primary_train,0.9874603934143643,0.9964998946314598,completed,primary_train
run_0207,sipakmed,split_06,1006,42,efficientnet_b0,A,5e203de9913a10ae47f75aab7d778e21e9a142a0699f4a4a6c374b725d67c1ae,62d20423be647ef0983223155360f75c645c737e683005d81cb78f574fc523cf,primary_analysis,0.9424342105263158,0.9430366620769256,0.01695246772811485,,,primary_train,0.9841274852863728,0.9956000135893129,completed,primary_train
run_0208,sipakmed,split_06,1006,42,efficientnet_b0,B,5e203de9913a10ae47f75aab7d778e21e9a142a0699f4a4a6c374b725d67c1ae,62d20423be647ef0983223155360f75c645c737e683005d81cb78f574fc523cf,primary_analysis,0.9457236842105263,0.9463186835052747,0.015387428485741362,,,primary_train,0.9864186226763006,0.9961206560228686,completed,primary_train
run_0209,sipakmed,split_06,1006,52,resnet18,A,5e203de9913a10ae47f75aab7d778e21e9a142a0699f4a4a6c374b725d67c1ae,62d20423be647ef0983223155360f75c645c737e683005d81cb78f574fc523cf,primary_analysis,0.9720394736842105,0.9722851210966331,0.009496949549256704,,,primary_train,0.992273850095646,0.9977825663403429,completed,primary_train
run_0210,sipakmed,split_06,1006,52,resnet18,B,5e203de9913a10ae47f75aab7d778e21e9a142a0699f4a4a6c374b725d67c1ae,62d20423be647ef0983223155360f75c645c737e683005d81cb78f574fc523cf,primary_analysis,0.96875,0.9689515573548299,0.009371888193203814,,,primary_train,0.9956194548040725,0.9988280193200556,completed,primary_train
run_0211,sipakmed,split_06,1006,52,resnet50,A,5e203de9913a10ae47f75aab7d778e21e9a142a0699f4a4a6c374b725d67c1ae,62d20423be647ef0983223155360f75c645c737e683005d81cb78f574fc523cf,primary_analysis,0.9506578947368421,0.9509243733029965,0.015474472046424662,,,primary_train,0.9867012836688431,0.9961978109798476,completed,primary_train
run_0212,sipakmed,split_06,1006,52,resnet50,B,5e203de9913a10ae47f75aab7d778e21e9a142a0699f4a4a6c374b725d67c1ae,62d20423be647ef0983223155360f75c645c737e683005d81cb78f574fc523cf,primary_analysis,0.9605263157894737,0.9610123744050767,0.01380888602392923,,,primary_train,0.9886679806289745,0.9964940146644136,completed,primary_train
run_0213,sipakmed,split_06,1006,52,densenet121,A,5e203de9913a10ae47f75aab7d778e21e9a142a0699f4a4a6c374b725d67c1ae,62d20423be647ef0983223155360f75c645c737e683005d81cb78f574fc523cf,primary_analysis,0.9473684210526315,0.9479051362946741,0.014489239631112955,,,primary_train,0.9881225529739324,0.9968745166841664,completed,primary_train
run_0214,sipakmed,split_06,1006,52,densenet121,B,5e203de9913a10ae47f75aab7d778e21e9a142a0699f4a4a6c374b725d67c1ae,62d20423be647ef0983223155360f75c645c737e683005d81cb78f574fc523cf,primary_analysis,0.9473684210526315,0.947471446414703,0.01578593678823565,,,primary_train,0.9868542192810347,0.9962686295225112,completed,primary_train
run_0215,sipakmed,split_06,1006,52,efficientnet_b0,A,5e203de9913a10ae47f75aab7d778e21e9a142a0699f4a4a6c374b725d67c1ae,62d20423be647ef0983223155360f75c645c737e683005d81cb78f574fc523cf,primary_analysis,0.9407894736842105,0.9414122047847542,0.0159612120988489,,,primary_train,0.9852685983103024,0.9958309062473406,completed,primary_train
run_0216,sipakmed,split_06,1006,52,efficientnet_b0,B,5e203de9913a10ae47f75aab7d778e21e9a142a0699f4a4a6c374b725d67c1ae,62d20423be647ef0983223155360f75c645c737e683005d81cb78f574fc523cf,primary_analysis,0.9424342105263158,0.9430129099594018,0.014967932905206992,,,primary_train,0.9876794454080924,0.9965084020033259,completed,primary_train
run_0217,sipakmed,split_06,1006,62,resnet18,A,5e203de9913a10ae47f75aab7d778e21e9a142a0699f4a4a6c374b725d67c1ae,62d20423be647ef0983223155360f75c645c737e683005d81cb78f574fc523cf,primary_analysis,0.9703947368421053,0.9707277888627688,0.009567775956743648,,,primary_train,0.9940248952095885,0.9983169685263558,completed,primary_train
run_0218,sipakmed,split_06,1006,62,resnet18,B,5e203de9913a10ae47f75aab7d778e21e9a142a0699f4a4a6c374b725d67c1ae,62d20423be647ef0983223155360f75c645c737e683005d81cb78f574fc523cf,primary_analysis,0.9736842105263158,0.9739935741615525,0.008992939417182343,,,primary_train,0.9946634750779999,0.9985173805362241,completed,primary_train
run_0219,sipakmed,split_06,1006,62,resnet50,A,5e203de9913a10ae47f75aab7d778e21e9a142a0699f4a4a6c374b725d67c1ae,62d20423be647ef0983223155360f75c645c737e683005d81cb78f574fc523cf,primary_analysis,0.9654605263157895,0.9657766586317951,0.010753780441014337,,,primary_train,0.9923615915453226,0.9978171819073344,completed,primary_train
run_0220,sipakmed,split_06,1006,62,resnet50,B,5e203de9913a10ae47f75aab7d778e21e9a142a0699f4a4a6c374b725d67c1ae,62d20423be647ef0983223155360f75c645c737e683005d81cb78f574fc523cf,primary_analysis,0.962171052631579,0.9623386093137073,0.011885736528245584,,,primary_train,0.9940773463708407,0.9984222113158211,completed,primary_train
run_0221,sipakmed,split_06,1006,62,densenet121,A,5e203de9913a10ae47f75aab7d778e21e9a142a0699f4a4a6c374b725d67c1ae,62d20423be647ef0983223155360f75c645c737e683005d81cb78f574fc523cf,primary_analysis,0.9358552631578947,0.9360068854703549,0.01761084658220805,,,primary_train,0.9850909823343542,0.9956567421098184,completed,primary_train
run_0222,sipakmed,split_06,1006,62,densenet121,B,5e203de9913a10ae47f75aab7d778e21e9a142a0699f4a4a6c374b725d67c1ae,62d20423be647ef0983223155360f75c645c737e683005d81cb78f574fc523cf,primary_analysis,0.9539473684210527,0.9543032231401286,0.013920577102829729,,,primary_train,0.9900544165119504,0.9976525173175629,completed,primary_train
run_0223,sipakmed,split_06,1006,62,efficientnet_b0,A,5e203de9913a10ae47f75aab7d778e21e9a142a0699f4a4a6c374b725d67c1ae,62d20423be647ef0983223155360f75c645c737e683005d81cb78f574fc523cf,primary_analysis,0.944078947368421,0.9446908933093445,0.016285056550507757,,,primary_train,0.984641165892856,0.9954058840701293,completed,primary_train
run_0224,sipakmed,split_06,1006,62,efficientnet_b0,B,5e203de9913a10ae47f75aab7d778e21e9a142a0699f4a4a6c374b725d67c1ae,62d20423be647ef0983223155360f75c645c737e683005d81cb78f574fc523cf,primary_analysis,0.9407894736842105,0.9412644074575397,0.01798369735385571,,,primary_train,0.9819290313602135,0.9946817454218809,completed,primary_train
run_0225,sipakmed,split_06,1006,72,resnet18,A,5e203de9913a10ae47f75aab7d778e21e9a142a0699f4a4a6c374b725d67c1ae,62d20423be647ef0983223155360f75c645c737e683005d81cb78f574fc523cf,primary_analysis,0.9720394736842105,0.9724200151980412,0.009209839441283542,,,primary_train,0.994311666908018,0.998397104397809,completed,primary_train
run_0226,sipakmed,split_06,1006,72,resnet18,B,5e203de9913a10ae47f75aab7d778e21e9a142a0699f4a4a6c374b725d67c1ae,62d20423be647ef0983223155360f75c645c737e683005d81cb78f574fc523cf,primary_analysis,0.9703947368421053,0.9708484399788471,0.009646478621349108,,,primary_train,0.9936304392362734,0.9982692107611927,completed,primary_train
run_0227,sipakmed,split_06,1006,72,resnet50,A,5e203de9913a10ae47f75aab7d778e21e9a142a0699f4a4a6c374b725d67c1ae,62d20423be647ef0983223155360f75c645c737e683005d81cb78f574fc523cf,primary_analysis,0.9671052631578947,0.9672722342453639,0.010700076072413614,,,primary_train,0.9922529854325199,0.9976765777744051,completed,primary_train
run_0228,sipakmed,split_06,1006,72,resnet50,B,5e203de9913a10ae47f75aab7d778e21e9a142a0699f4a4a6c374b725d67c1ae,62d20423be647ef0983223155360f75c645c737e683005d81cb78f574fc523cf,primary_analysis,0.9703947368421053,0.9706289061198966,0.01080362804126537,,,primary_train,0.9875426641070664,0.9966389053282226,completed,primary_train
run_0229,sipakmed,split_06,1006,72,densenet121,A,5e203de9913a10ae47f75aab7d778e21e9a142a0699f4a4a6c374b725d67c1ae,62d20423be647ef0983223155360f75c645c737e683005d81cb78f574fc523cf,primary_analysis,0.9572368421052632,0.9574178876078572,0.01295139707344565,,,primary_train,0.991446795447761,0.9975403188672531,completed,primary_train
run_0230,sipakmed,split_06,1006,72,densenet121,B,5e203de9913a10ae47f75aab7d778e21e9a142a0699f4a4a6c374b725d67c1ae,62d20423be647ef0983223155360f75c645c737e683005d81cb78f574fc523cf,primary_analysis,0.9605263157894737,0.9608599044145798,0.013127154018550673,,,primary_train,0.9922510485687017,0.997725893756803,completed,primary_train
run_0231,sipakmed,split_06,1006,72,efficientnet_b0,A,5e203de9913a10ae47f75aab7d778e21e9a142a0699f4a4a6c374b725d67c1ae,62d20423be647ef0983223155360f75c645c737e683005d81cb78f574fc523cf,primary_analysis,0.9424342105263158,0.9429038129096883,0.015814755362483703,,,primary_train,0.9863164989459827,0.9959291712669263,completed,primary_train
run_0232,sipakmed,split_06,1006,72,efficientnet_b0,B,5e203de9913a10ae47f75aab7d778e21e9a142a0699f4a4a6c374b725d67c1ae,62d20423be647ef0983223155360f75c645c737e683005d81cb78f574fc523cf,primary_analysis,0.9473684210526315,0.9479844688040586,0.015498687339188277,,,primary_train,0.9869605414373824,0.9961708665726622,completed,primary_train
run_0233,sipakmed,split_06,1006,82,resnet18,A,5e203de9913a10ae47f75aab7d778e21e9a142a0699f4a4a6c374b725d67c1ae,62d20423be647ef0983223155360f75c645c737e683005d81cb78f574fc523cf,primary_analysis,0.9786184210526315,0.9789793759915388,0.008342172092638166,,,primary_train,0.9946072766544342,0.9984321669948599,completed,primary_train
run_0234,sipakmed,split_06,1006,82,resnet18,B,5e203de9913a10ae47f75aab7d778e21e9a142a0699f4a4a6c374b725d67c1ae,62d20423be647ef0983223155360f75c645c737e683005d81cb78f574fc523cf,primary_analysis,0.9671052631578947,0.9673102293482174,0.010645176366939388,,,primary_train,0.9936312159433003,0.9982087076889332,completed,primary_train
run_0235,sipakmed,split_06,1006,82,resnet50,A,5e203de9913a10ae47f75aab7d778e21e9a142a0699f4a4a6c374b725d67c1ae,62d20423be647ef0983223155360f75c645c737e683005d81cb78f574fc523cf,primary_analysis,0.9506578947368421,0.9508612157333243,0.014976302828906043,,,primary_train,0.9870618175065775,0.9963307230327789,completed,primary_train
run_0236,sipakmed,split_06,1006,82,resnet50,B,5e203de9913a10ae47f75aab7d778e21e9a142a0699f4a4a6c374b725d67c1ae,62d20423be647ef0983223155360f75c645c737e683005d81cb78f574fc523cf,primary_analysis,0.9671052631578947,0.9674342133680549,0.01239353309995298,,,primary_train,0.9918100893333343,0.9976133347698024,completed,primary_train
run_0237,sipakmed,split_06,1006,82,densenet121,A,5e203de9913a10ae47f75aab7d778e21e9a142a0699f4a4a6c374b725d67c1ae,62d20423be647ef0983223155360f75c645c737e683005d81cb78f574fc523cf,primary_analysis,0.9490131578947368,0.9493825108341968,0.014839987095589998,,,primary_train,0.9873873167150403,0.996267781460387,completed,primary_train
run_0238,sipakmed,split_06,1006,82,densenet121,B,5e203de9913a10ae47f75aab7d778e21e9a142a0699f4a4a6c374b725d67c1ae,62d20423be647ef0983223155360f75c645c737e683005d81cb78f574fc523cf,primary_analysis,0.9703947368421053,0.9706355625274965,0.009574575350476445,,,primary_train,0.9902162915359476,0.9974411435719664,completed,primary_train
run_0239,sipakmed,split_06,1006,82,efficientnet_b0,A,5e203de9913a10ae47f75aab7d778e21e9a142a0699f4a4a6c374b725d67c1ae,62d20423be647ef0983223155360f75c645c737e683005d81cb78f574fc523cf,primary_analysis,0.9391447368421053,0.939597978173962,0.01594557574246349,,,primary_train,0.985600952878612,0.9957955661503167,completed,primary_train
run_0240,sipakmed,split_06,1006,82,efficientnet_b0,B,5e203de9913a10ae47f75aab7d778e21e9a142a0699f4a4a6c374b725d67c1ae,62d20423be647ef0983223155360f75c645c737e683005d81cb78f574fc523cf,primary_analysis,0.944078947368421,0.944530897930971,0.01587631056135088,,,primary_train,0.9855923677057804,0.995764424633572,completed,primary_train
run_0241,sipakmed,split_07,1007,42,resnet18,A,5e203de9913a10ae47f75aab7d778e21e9a142a0699f4a4a6c374b725d67c1ae,d6c818496756b32560242107ffeccd290edd2afad456438b27fff0763c212902,primary_analysis,0.9703947368421053,0.9708322038492817,0.009874842490291847,,,primary_train,0.9906323387020898,0.9971882174248069,completed,primary_train
run_0242,sipakmed,split_07,1007,42,resnet18,B,5e203de9913a10ae47f75aab7d778e21e9a142a0699f4a4a6c374b725d67c1ae,d6c818496756b32560242107ffeccd290edd2afad456438b27fff0763c212902,primary_analysis,0.9671052631578947,0.96729528118824,0.01266113639113576,,,primary_train,0.9856979741786498,0.9953877301388527,completed,primary_train
run_0243,sipakmed,split_07,1007,42,resnet50,A,5e203de9913a10ae47f75aab7d778e21e9a142a0699f4a4a6c374b725d67c1ae,d6c818496756b32560242107ffeccd290edd2afad456438b27fff0763c212902,primary_analysis,0.962171052631579,0.9625385835392516,0.012399943906985136,,,primary_train,0.9884957268740073,0.9968595775294679,completed,primary_train
run_0244,sipakmed,split_07,1007,42,resnet50,B,5e203de9913a10ae47f75aab7d778e21e9a142a0699f4a4a6c374b725d67c1ae,d6c818496756b32560242107ffeccd290edd2afad456438b27fff0763c212902,primary_analysis,0.9539473684210527,0.9543948148905251,0.014566757671459405,,,primary_train,0.9846248824696009,0.9952480177114971,completed,primary_train
run_0245,sipakmed,split_07,1007,42,densenet121,A,5e203de9913a10ae47f75aab7d778e21e9a142a0699f4a4a6c374b725d67c1ae,d6c818496756b32560242107ffeccd290edd2afad456438b27fff0763c212902,primary_analysis,0.9506578947368421,0.9509636469755197,0.01636491022220086,,,primary_train,0.9824589422610103,0.9946982552368031,completed,primary_train
run_0246,sipakmed,split_07,1007,42,densenet121,B,5e203de9913a10ae47f75aab7d778e21e9a142a0699f4a4a6c374b725d67c1ae,d6c818496756b32560242107ffeccd290edd2afad456438b27fff0763c212902,primary_analysis,0.9523026315789473,0.9525385550984728,0.016894757022905722,,,primary_train,0.9735006238958546,0.9915900032464506,completed,primary_train
run_0247,sipakmed,split_07,1007,42,efficientnet_b0,A,5e203de9913a10ae47f75aab7d778e21e9a142a0699f4a4a6c374b725d67c1ae,d6c818496756b32560242107ffeccd290edd2afad456438b27fff0763c212902,primary_analysis,0.9457236842105263,0.9460286210944865,0.01829395226868975,,,primary_train,0.979268822043202,0.9937184484027959,completed,primary_train
run_0248,sipakmed,split_07,1007,42,efficientnet_b0,B,5e203de9913a10ae47f75aab7d778e21e9a142a0699f4a4a6c374b725d67c1ae,d6c818496756b32560242107ffeccd290edd2afad456438b27fff0763c212902,primary_analysis,0.9523026315789473,0.9526035740327556,0.016734655282674905,,,primary_train,0.980212401931969,0.9940321998181287,completed,primary_train
run_0249,sipakmed,split_07,1007,52,resnet18,A,5e203de9913a10ae47f75aab7d778e21e9a142a0699f4a4a6c374b725d67c1ae,d6c818496756b32560242107ffeccd290edd2afad456438b27fff0763c212902,primary_analysis,0.962171052631579,0.9624308356489797,0.01228464636955844,,,primary_train,0.9897617584819145,0.9969585871471303,completed,primary_train
run_0250,sipakmed,split_07,1007,52,resnet18,B,5e203de9913a10ae47f75aab7d778e21e9a142a0699f4a4a6c374b725d67c1ae,d6c818496756b32560242107ffeccd290edd2afad456438b27fff0763c212902,primary_analysis,0.9671052631578947,0.9672817433775579,0.009377362197396853,,,primary_train,0.9912365002796669,0.9971015759416483,completed,primary_train
run_0251,sipakmed,split_07,1007,52,resnet50,A,5e203de9913a10ae47f75aab7d778e21e9a142a0699f4a4a6c374b725d67c1ae,d6c818496756b32560242107ffeccd290edd2afad456438b27fff0763c212902,primary_analysis,0.9588815789473685,0.9592192721826965,0.013131220046099585,,,primary_train,0.9848682322395079,0.9952359443949668,completed,primary_train
run_0252,sipakmed,split_07,1007,52,resnet50,B,5e203de9913a10ae47f75aab7d778e21e9a142a0699f4a4a6c374b725d67c1ae,d6c818496756b32560242107ffeccd290edd2afad456438b27fff0763c212902,primary_analysis,0.9605263157894737,0.9610877300259076,0.013513665509584499,,,primary_train,0.9847329123549882,0.9948557811632142,completed,primary_train
run_0253,sipakmed,split_07,1007,52,densenet121,A,5e203de9913a10ae47f75aab7d778e21e9a142a0699f4a4a6c374b725d67c1ae,d6c818496756b32560242107ffeccd290edd2afad456438b27fff0763c212902,primary_analysis,0.9555921052631579,0.9558823237471991,0.015226336287094003,,,primary_train,0.9843889910428436,0.9950248988287607,completed,primary_train
run_0254,sipakmed,split_07,1007,52,densenet121,B,5e203de9913a10ae47f75aab7d778e21e9a142a0699f4a4a6c374b725d67c1ae,d6c818496756b32560242107ffeccd290edd2afad456438b27fff0763c212902,primary_analysis,0.9506578947368421,0.9510876309953572,0.01565533350021773,,,primary_train,0.9855116196644241,0.9953648780735284,completed,primary_train
run_0255,sipakmed,split_07,1007,52,efficientnet_b0,A,5e203de9913a10ae47f75aab7d778e21e9a142a0699f4a4a6c374b725d67c1ae,d6c818496756b32560242107ffeccd290edd2afad456438b27fff0763c212902,primary_analysis,0.9457236842105263,0.9460422294949404,0.016762629165905353,,,primary_train,0.9809366786303663,0.9939592030027106,completed,primary_train
run_0256,sipakmed,split_07,1007,52,efficientnet_b0,B,5e203de9913a10ae47f75aab7d778e21e9a142a0699f4a4a6c374b725d67c1ae,d6c818496756b32560242107ffeccd290edd2afad456438b27fff0763c212902,primary_analysis,0.9342105263157895,0.9343032076844935,0.017905768341203193,,,primary_train,0.980553576544993,0.9938723923952111,completed,primary_train
run_0257,sipakmed,split_07,1007,62,resnet18,A,5e203de9913a10ae47f75aab7d778e21e9a142a0699f4a4a6c374b725d67c1ae,d6c818496756b32560242107ffeccd290edd2afad456438b27fff0763c212902,primary_analysis,0.9654605263157895,0.9655461958914373,0.010416924467870518,,,primary_train,0.9913504740533601,0.9975076992701716,completed,primary_train
run_0258,sipakmed,split_07,1007,62,resnet18,B,5e203de9913a10ae47f75aab7d778e21e9a142a0699f4a4a6c374b725d67c1ae,d6c818496756b32560242107ffeccd290edd2afad456438b27fff0763c212902,primary_analysis,0.962171052631579,0.9626327936188414,0.01299421363592369,,,primary_train,0.9877524195201536,0.996146028751746,completed,primary_train
run_0259,sipakmed,split_07,1007,62,resnet50,A,5e203de9913a10ae47f75aab7d778e21e9a142a0699f4a4a6c374b725d67c1ae,d6c818496756b32560242107ffeccd290edd2afad456438b27fff0763c212902,primary_analysis,0.9473684210526315,0.947550125539375,0.016277934613189722,,,primary_train,0.9829295570653513,0.9949758286842989,completed,primary_train
run_0260,sipakmed,split_07,1007,62,resnet50,B,5e203de9913a10ae47f75aab7d778e21e9a142a0699f4a4a6c374b725d67c1ae,d6c818496756b32560242107ffeccd290edd2afad456438b27fff0763c212902,primary_analysis,0.9654605263157895,0.9659399775140093,0.01232031129719752,,,primary_train,0.9876740660130384,0.9961213218575438,completed,primary_train
run_0261,sipakmed,split_07,1007,62,densenet121,A,5e203de9913a10ae47f75aab7d778e21e9a142a0699f4a4a6c374b725d67c1ae,d6c818496756b32560242107ffeccd290edd2afad456438b27fff0763c212902,primary_analysis,0.9457236842105263,0.9458687480958199,0.016233134239969933,,,primary_train,0.9806409305097128,0.9938262660589091,completed,primary_train
run_0262,sipakmed,split_07,1007,62,densenet121,B,5e203de9913a10ae47f75aab7d778e21e9a142a0699f4a4a6c374b725d67c1ae,d6c818496756b32560242107ffeccd290edd2afad456438b27fff0763c212902,primary_analysis,0.9490131578947368,0.949310059727895,0.016256638727341566,,,primary_train,0.9846990877729661,0.9952223035837043,completed,primary_train
run_0263,sipakmed,split_07,1007,62,efficientnet_b0,A,5e203de9913a10ae47f75aab7d778e21e9a142a0699f4a4a6c374b725d67c1ae,d6c818496756b32560242107ffeccd290edd2afad456438b27fff0763c212902,primary_analysis,0.9342105263157895,0.9344130005089364,0.019761290866240573,,,primary_train,0.9773647387305431,0.9930525253280535,completed,primary_train
run_0264,sipakmed,split_07,1007,62,efficientnet_b0,B,5e203de9913a10ae47f75aab7d778e21e9a142a0699f4a4a6c374b725d67c1ae,d6c818496756b32560242107ffeccd290edd2afad456438b27fff0763c212902,primary_analysis,0.9457236842105263,0.9462488601280844,0.018258357421322403,,,primary_train,0.978306691069865,0.9934558212465969,completed,primary_train
run_0265,sipakmed,split_07,1007,72,resnet18,A,5e203de9913a10ae47f75aab7d778e21e9a142a0699f4a4a6c374b725d67c1ae,d6c818496756b32560242107ffeccd290edd2afad456438b27fff0763c212902,primary_analysis,0.9671052631578947,0.9672688401517513,0.010736675405647014,,,primary_train,0.9889663172892948,0.9963812077699543,completed,primary_train
run_0266,sipakmed,split_07,1007,72,resnet18,B,5e203de9913a10ae47f75aab7d778e21e9a142a0699f4a4a6c374b725d67c1ae,d6c818496756b32560242107ffeccd290edd2afad456438b27fff0763c212902,primary_analysis,0.9473684210526315,0.9474307529929664,0.015821489788589316,,,primary_train,0.9835319554734022,0.9951967429918304,completed,primary_train
run_0267,sipakmed,split_07,1007,72,resnet50,A,5e203de9913a10ae47f75aab7d778e21e9a142a0699f4a4a6c374b725d67c1ae,d6c818496756b32560242107ffeccd290edd2afad456438b27fff0763c212902,primary_analysis,0.9506578947368421,0.9512895889652189,0.015603825901093849,,,primary_train,0.9838253236692157,0.9949429857740826,completed,primary_train
run_0268,sipakmed,split_07,1007,72,resnet50,B,5e203de9913a10ae47f75aab7d778e21e9a142a0699f4a4a6c374b725d67c1ae,d6c818496756b32560242107ffeccd290edd2afad456438b27fff0763c212902,primary_analysis,0.9638157894736842,0.9642193263979308,0.010894345063116201,,,primary_train,0.9922215182987969,0.997687378175165,completed,primary_train
run_0269,sipakmed,split_07,1007,72,densenet121,A,5e203de9913a10ae47f75aab7d778e21e9a142a0699f4a4a6c374b725d67c1ae,d6c818496756b32560242107ffeccd290edd2afad456438b27fff0763c212902,primary_analysis,0.9473684210526315,0.9474138822785252,0.015269026282702458,,,primary_train,0.982549204439275,0.9948515473123323,completed,primary_train
run_0270,sipakmed,split_07,1007,72,densenet121,B,5e203de9913a10ae47f75aab7d778e21e9a142a0699f4a4a6c374b725d67c1ae,d6c818496756b32560242107ffeccd290edd2afad456438b27fff0763c212902,primary_analysis,0.9407894736842105,0.9411011403652607,0.019129001800198876,,,primary_train,0.9789436242102078,0.9936848245175529,completed,primary_train
run_0271,sipakmed,split_07,1007,72,efficientnet_b0,A,5e203de9913a10ae47f75aab7d778e21e9a142a0699f4a4a6c374b725d67c1ae,d6c818496756b32560242107ffeccd290edd2afad456438b27fff0763c212902,primary_analysis,0.9391447368421053,0.9392781512228444,0.018769397678314023,,,primary_train,0.978065635613716,0.9934040909714212,completed,primary_train
run_0272,sipakmed,split_07,1007,72,efficientnet_b0,B,5e203de9913a10ae47f75aab7d778e21e9a142a0699f4a4a6c374b725d67c1ae,d6c818496756b32560242107ffeccd290edd2afad456438b27fff0763c212902,primary_analysis,0.9424342105263158,0.9427480100154323,0.018102072454588856,,,primary_train,0.979900497931556,0.9937626882061842,completed,primary_train
run_0273,sipakmed,split_07,1007,82,resnet18,A,5e203de9913a10ae47f75aab7d778e21e9a142a0699f4a4a6c374b725d67c1ae,d6c818496756b32560242107ffeccd290edd2afad456438b27fff0763c212902,primary_analysis,0.9638157894736842,0.9641637460060704,0.011904612329083986,,,primary_train,0.989663511197046,0.9968025089010064,completed,primary_train
run_0274,sipakmed,split_07,1007,82,resnet18,B,5e203de9913a10ae47f75aab7d778e21e9a142a0699f4a4a6c374b725d67c1ae,d6c818496756b32560242107ffeccd290edd2afad456438b27fff0763c212902,primary_analysis,0.9572368421052632,0.9573075025885552,0.01381044513445005,,,primary_train,0.9881384568205306,0.9965404720164258,completed,primary_train
run_0275,sipakmed,split_07,1007,82,resnet50,A,5e203de9913a10ae47f75aab7d778e21e9a142a0699f4a4a6c374b725d67c1ae,d6c818496756b32560242107ffeccd290edd2afad456438b27fff0763c212902,primary_analysis,0.9555921052631579,0.9557114794771084,0.015867432125839274,,,primary_train,0.9779798762457561,0.9934284642439082,completed,primary_train
run_0276,sipakmed,split_07,1007,82,resnet50,B,5e203de9913a10ae47f75aab7d778e21e9a142a0699f4a4a6c374b725d67c1ae,d6c818496756b32560242107ffeccd290edd2afad456438b27fff0763c212902,primary_analysis,0.96875,0.9691528807398158,0.010706279320696137,,,primary_train,0.9858484100888104,0.9958361325405047,completed,primary_train
run_0277,sipakmed,split_07,1007,82,densenet121,A,5e203de9913a10ae47f75aab7d778e21e9a142a0699f4a4a6c374b725d67c1ae,d6c818496756b32560242107ffeccd290edd2afad456438b27fff0763c212902,primary_analysis,0.9539473684210527,0.9541338824351904,0.014265023990915213,,,primary_train,0.985558490708159,0.9953820367786026,completed,primary_train
run_0278,sipakmed,split_07,1007,82,densenet121,B,5e203de9913a10ae47f75aab7d778e21e9a142a0699f4a4a6c374b725d67c1ae,d6c818496756b32560242107ffeccd290edd2afad456438b27fff0763c212902,primary_analysis,0.9572368421052632,0.9576592510298673,0.013712800982464177,,,primary_train,0.9823210325851729,0.9945347681467712,completed,primary_train
run_0279,sipakmed,split_07,1007,82,efficientnet_b0,A,5e203de9913a10ae47f75aab7d778e21e9a142a0699f4a4a6c374b725d67c1ae,d6c818496756b32560242107ffeccd290edd2afad456438b27fff0763c212902,primary_analysis,0.9375,0.9378434538493758,0.020038919725337043,,,primary_train,0.9758247276852374,0.992677054013763,completed,primary_train
run_0280,sipakmed,split_07,1007,82,efficientnet_b0,B,5e203de9913a10ae47f75aab7d778e21e9a142a0699f4a4a6c374b725d67c1ae,d6c818496756b32560242107ffeccd290edd2afad456438b27fff0763c212902,primary_analysis,0.9391447368421053,0.9394319609728644,0.01823020551921823,,,primary_train,0.978243526111933,0.9935007802935825,completed,primary_train
run_0281,sipakmed,split_08,1008,42,resnet18,A,5e203de9913a10ae47f75aab7d778e21e9a142a0699f4a4a6c374b725d67c1ae,c244267ea49356306df7dbc832e0b9f4516976f3e9b9d4e3ccd3a2ed4c09764e,primary_analysis,0.9588815789473685,0.9589583491272802,0.01153662819939532,,,primary_train,0.9917641554624972,0.9975972964670146,completed,primary_train
run_0282,sipakmed,split_08,1008,42,resnet18,B,5e203de9913a10ae47f75aab7d778e21e9a142a0699f4a4a6c374b725d67c1ae,c244267ea49356306df7dbc832e0b9f4516976f3e9b9d4e3ccd3a2ed4c09764e,primary_analysis,0.9588815789473685,0.9589074507986203,0.014933221099517429,,,primary_train,0.9904755723126675,0.9973511714382374,completed,primary_train
run_0283,sipakmed,split_08,1008,42,resnet50,A,5e203de9913a10ae47f75aab7d778e21e9a142a0699f4a4a6c374b725d67c1ae,c244267ea49356306df7dbc832e0b9f4516976f3e9b9d4e3ccd3a2ed4c09764e,primary_analysis,0.9654605263157895,0.9656972649325575,0.010447069167721037,,,primary_train,0.9925125430504353,0.9976231540708238,completed,primary_train
run_0284,sipakmed,split_08,1008,42,resnet50,B,5e203de9913a10ae47f75aab7d778e21e9a142a0699f4a4a6c374b725d67c1ae,c244267ea49356306df7dbc832e0b9f4516976f3e9b9d4e3ccd3a2ed4c09764e,primary_analysis,0.9703947368421053,0.9704153234938986,0.010521652427847705,,,primary_train,0.9950999984994251,0.9986178569014605,completed,primary_train
run_0285,sipakmed,split_08,1008,42,densenet121,A,5e203de9913a10ae47f75aab7d778e21e9a142a0699f4a4a6c374b725d67c1ae,c244267ea49356306df7dbc832e0b9f4516976f3e9b9d4e3ccd3a2ed4c09764e,primary_analysis,0.9457236842105263,0.9455020608944489,0.016840995232604926,,,primary_train,0.9853191955581592,0.9958527926999532,completed,primary_train
run_0286,sipakmed,split_08,1008,42,densenet121,B,5e203de9913a10ae47f75aab7d778e21e9a142a0699f4a4a6c374b725d67c1ae,c244267ea49356306df7dbc832e0b9f4516976f3e9b9d4e3ccd3a2ed4c09764e,primary_analysis,0.9506578947368421,0.9508727086098357,0.015476706274140708,,,primary_train,0.986576882245382,0.9963583685249112,completed,primary_train
run_0287,sipakmed,split_08,1008,42,efficientnet_b0,A,5e203de9913a10ae47f75aab7d778e21e9a142a0699f4a4a6c374b725d67c1ae,c244267ea49356306df7dbc832e0b9f4516976f3e9b9d4e3ccd3a2ed4c09764e,primary_analysis,0.9572368421052632,0.9573365807540737,0.013877536037596195,,,primary_train,0.9882545409577282,0.9967153525474345,completed,primary_train
run_0288,sipakmed,split_08,1008,42,efficientnet_b0,B,5e203de9913a10ae47f75aab7d778e21e9a142a0699f4a4a6c374b725d67c1ae,c244267ea49356306df7dbc832e0b9f4516976f3e9b9d4e3ccd3a2ed4c09764e,primary_analysis,0.9572368421052632,0.9573243215130616,0.01502953118386803,,,primary_train,0.9873772646962051,0.9965856112771828,completed,primary_train
run_0289,sipakmed,split_08,1008,52,resnet18,A,5e203de9913a10ae47f75aab7d778e21e9a142a0699f4a4a6c374b725d67c1ae,c244267ea49356306df7dbc832e0b9f4516976f3e9b9d4e3ccd3a2ed4c09764e,primary_analysis,0.9555921052631579,0.955465495181751,0.014313312473520934,,,primary_train,0.9911570604518994,0.9975455237162922,completed,primary_train
run_0290,sipakmed,split_08,1008,52,resnet18,B,5e203de9913a10ae47f75aab7d778e21e9a142a0699f4a4a6c374b725d67c1ae,c244267ea49356306df7dbc832e0b9f4516976f3e9b9d4e3ccd3a2ed4c09764e,primary_analysis,0.9588815789473685,0.9591738543077424,0.013883505848858318,,,primary_train,0.9906265008903459,0.9972712216935712,completed,primary_train
run_0291,sipakmed,split_08,1008,52,resnet50,A,5e203de9913a10ae47f75aab7d778e21e9a142a0699f4a4a6c374b725d67c1ae,c244267ea49356306df7dbc832e0b9f4516976f3e9b9d4e3ccd3a2ed4c09764e,primary_analysis,0.962171052631579,0.9622132855343466,0.011274972785808048,,,primary_train,0.9917140843586681,0.9972399945551252,completed,primary_train
run_0292,sipakmed,split_08,1008,52,resnet50,B,5e203de9913a10ae47f75aab7d778e21e9a142a0699f4a4a6c374b725d67c1ae,c244267ea49356306df7dbc832e0b9f4516976f3e9b9d4e3ccd3a2ed4c09764e,primary_analysis,0.9703947368421053,0.9703320234958793,0.009111035893634998,,,primary_train,0.9942006667296355,0.9981777456244423,completed,primary_train
run_0293,sipakmed,split_08,1008,52,densenet121,A,5e203de9913a10ae47f75aab7d778e21e9a142a0699f4a4a6c374b725d67c1ae,c244267ea49356306df7dbc832e0b9f4516976f3e9b9d4e3ccd3a2ed4c09764e,primary_analysis,0.9555921052631579,0.955750118564756,0.014632217585502491,,,primary_train,0.9873715615106254,0.9963706594279502,completed,primary_train
run_0294,sipakmed,split_08,1008,52,densenet121,B,5e203de9913a10ae47f75aab7d778e21e9a142a0699f4a4a6c374b725d67c1ae,c244267ea49356306df7dbc832e0b9f4516976f3e9b9d4e3ccd3a2ed4c09764e,primary_analysis,0.9572368421052632,0.9572145804785537,0.01368955341901002,,,primary_train,0.9901883124994558,0.99717910190331,completed,primary_train
run_0295,sipakmed,split_08,1008,52,efficientnet_b0,A,5e203de9913a10ae47f75aab7d778e21e9a142a0699f4a4a6c374b725d67c1ae,c244267ea49356306df7dbc832e0b9f4516976f3e9b9d4e3ccd3a2ed4c09764e,primary_analysis,0.9572368421052632,0.9574307908336636,0.014324443322829481,,,primary_train,0.987657918967858,0.9965289400604436,completed,primary_train
run_0296,sipakmed,split_08,1008,52,efficientnet_b0,B,5e203de9913a10ae47f75aab7d778e21e9a142a0699f4a4a6c374b725d67c1ae,c244267ea49356306df7dbc832e0b9f4516976f3e9b9d4e3ccd3a2ed4c09764e,primary_analysis,0.9555921052631579,0.955639681755519,0.013598409981767704,,,primary_train,0.9879998723878979,0.9965834951202002,completed,primary_train
run_0297,sipakmed,split_08,1008,62,resnet18,A,5e203de9913a10ae47f75aab7d778e21e9a142a0699f4a4a6c374b725d67c1ae,c244267ea49356306df7dbc832e0b9f4516976f3e9b9d4e3ccd3a2ed4c09764e,primary_analysis,0.9638157894736842,0.9638364030669946,0.010914842168283137,,,primary_train,0.9915267092912821,0.9975497410467797,completed,primary_train
run_0298,sipakmed,split_08,1008,62,resnet18,B,5e203de9913a10ae47f75aab7d778e21e9a142a0699f4a4a6c374b725d67c1ae,c244267ea49356306df7dbc832e0b9f4516976f3e9b9d4e3ccd3a2ed4c09764e,primary_analysis,0.96875,0.9687441603571848,0.009576519765879626,,,primary_train,0.9921869772963886,0.9976235682338022,completed,primary_train
run_0299,sipakmed,split_08,1008,62,resnet50,A,5e203de9913a10ae47f75aab7d778e21e9a142a0699f4a4a6c374b725d67c1ae,c244267ea49356306df7dbc832e0b9f4516976f3e9b9d4e3ccd3a2ed4c09764e,primary_analysis,0.9703947368421053,0.970359108517162,0.009307463811127683,,,primary_train,0.9915138090287104,0.9971163221977569,completed,primary_train
run_0300,sipakmed,split_08,1008,62,resnet50,B,5e203de9913a10ae47f75aab7d778e21e9a142a0699f4a4a6c374b725d67c1ae,c244267ea49356306df7dbc832e0b9f4516976f3e9b9d4e3ccd3a2ed4c09764e,primary_analysis,0.975328947368421,0.9752655872376825,0.008619386003698559,,,primary_train,0.9940260597467286,0.9981051271547103,completed,primary_train
run_0301,sipakmed,split_08,1008,62,densenet121,A,5e203de9913a10ae47f75aab7d778e21e9a142a0699f4a4a6c374b725d67c1ae,c244267ea49356306df7dbc832e0b9f4516976f3e9b9d4e3ccd3a2ed4c09764e,primary_analysis,0.9539473684210527,0.9541107743024609,0.012502068678872625,,,primary_train,0.9926715169329497,0.9980766937159101,completed,primary_train
run_0302,sipakmed,split_08,1008,62,densenet121,B,5e203de9913a10ae47f75aab7d778e21e9a142a0699f4a4a6c374b725d67c1ae,c244267ea49356306df7dbc832e0b9f4516976f3e9b9d4e3ccd3a2ed4c09764e,primary_analysis,0.9539473684210527,0.9542740931846749,0.013883591775013044,,,primary_train,0.9900907241342306,0.9971013675656044,completed,primary_train
run_0303,sipakmed,split_08,1008,62,efficientnet_b0,A,5e203de9913a10ae47f75aab7d778e21e9a142a0699f4a4a6c374b725d67c1ae,c244267ea49356306df7dbc832e0b9f4516976f3e9b9d4e3ccd3a2ed4c09764e,primary_analysis,0.9539473684210527,0.9540965313171311,0.013505168308721607,,,primary_train,0.9888828043775435,0.9968396902750433,completed,primary_train
run_0304,sipakmed,split_08,1008,62,efficientnet_b0,B,5e203de9913a10ae47f75aab7d778e21e9a142a0699f4a4a6c374b725d67c1ae,c244267ea49356306df7dbc832e0b9f4516976f3e9b9d4e3ccd3a2ed4c09764e,primary_analysis,0.9523026315789473,0.9523216489686339,0.013484934674722527,,,primary_train,0.9899751973224145,0.9971621336030898,completed,primary_train
run_0305,sipakmed,split_08,1008,72,resnet18,A,5e203de9913a10ae47f75aab7d778e21e9a142a0699f4a4a6c374b725d67c1ae,c244267ea49356306df7dbc832e0b9f4516976f3e9b9d4e3ccd3a2ed4c09764e,primary_analysis,0.962171052631579,0.9619537022384534,0.01079790123580482,,,primary_train,0.9941583404994582,0.9982978765411964,completed,primary_train
run_0306,sipakmed,split_08,1008,72,resnet18,B,5e203de9913a10ae47f75aab7d778e21e9a142a0699f4a4a6c374b725d67c1ae,c244267ea49356306df7dbc832e0b9f4516976f3e9b9d4e3ccd3a2ed4c09764e,primary_analysis,0.9654605263157895,0.9654675167667655,0.011263523620743973,,,primary_train,0.9930102108881323,0.9979940711250418,completed,primary_train
run_0307,sipakmed,split_08,1008,72,resnet50,A,5e203de9913a10ae47f75aab7d778e21e9a142a0699f4a4a6c374b725d67c1ae,c244267ea49356306df7dbc832e0b9f4516976f3e9b9d4e3ccd3a2ed4c09764e,primary_analysis,0.9638157894736842,0.9637719575277341,0.011247271202014353,,,primary_train,0.9888036579254493,0.9960644698546182,completed,primary_train
run_0308,sipakmed,split_08,1008,72,resnet50,B,5e203de9913a10ae47f75aab7d778e21e9a142a0699f4a4a6c374b725d67c1ae,c244267ea49356306df7dbc832e0b9f4516976f3e9b9d4e3ccd3a2ed4c09764e,primary_analysis,0.9703947368421053,0.9706999986668384,0.0100557586372706,,,primary_train,0.9932245157902571,0.9979173847210264,completed,primary_train
run_0309,sipakmed,split_08,1008,72,densenet121,A,5e203de9913a10ae47f75aab7d778e21e9a142a0699f4a4a6c374b725d67c1ae,c244267ea49356306df7dbc832e0b9f4516976f3e9b9d4e3ccd3a2ed4c09764e,primary_analysis,0.9638157894736842,0.9639488236205487,0.012444570848160062,,,primary_train,0.9902213784785495,0.9972354860984602,completed,primary_train
run_0310,sipakmed,split_08,1008,72,densenet121,B,5e203de9913a10ae47f75aab7d778e21e9a142a0699f4a4a6c374b725d67c1ae,c244267ea49356306df7dbc832e0b9f4516976f3e9b9d4e3ccd3a2ed4c09764e,primary_analysis,0.9588815789473685,0.9589888188422571,0.013666639715309759,,,primary_train,0.9882955160672744,0.9965946864002995,completed,primary_train
run_0311,sipakmed,split_08,1008,72,efficientnet_b0,A,5e203de9913a10ae47f75aab7d778e21e9a142a0699f4a4a6c374b725d67c1ae,c244267ea49356306df7dbc832e0b9f4516976f3e9b9d4e3ccd3a2ed4c09764e,primary_analysis,0.9588815789473685,0.9590003823085402,0.013714619928790542,,,primary_train,0.9875002331977075,0.9962726837856017,completed,primary_train
run_0312,sipakmed,split_08,1008,72,efficientnet_b0,B,5e203de9913a10ae47f75aab7d778e21e9a142a0699f4a4a6c374b725d67c1ae,c244267ea49356306df7dbc832e0b9f4516976f3e9b9d4e3ccd3a2ed4c09764e,primary_analysis,0.9638157894736842,0.9637997477236644,0.012741251630766314,,,primary_train,0.9877376700251661,0.9964480915949213,completed,primary_train
run_0313,sipakmed,split_08,1008,82,resnet18,A,5e203de9913a10ae47f75aab7d778e21e9a142a0699f4a4a6c374b725d67c1ae,c244267ea49356306df7dbc832e0b9f4516976f3e9b9d4e3ccd3a2ed4c09764e,primary_analysis,0.9588815789473685,0.9584690176655952,0.012691096465135193,,,primary_train,0.9920646262700084,0.9975946993570742,completed,primary_train
run_0314,sipakmed,split_08,1008,82,resnet18,B,5e203de9913a10ae47f75aab7d778e21e9a142a0699f4a4a6c374b725d67c1ae,c244267ea49356306df7dbc832e0b9f4516976f3e9b9d4e3ccd3a2ed4c09764e,primary_analysis,0.9605263157894737,0.9608830125473095,0.012638984186719465,,,primary_train,0.9929194321603413,0.9979020655973414,completed,primary_train
run_0315,sipakmed,split_08,1008,82,resnet50,A,5e203de9913a10ae47f75aab7d778e21e9a142a0699f4a4a6c374b725d67c1ae,c244267ea49356306df7dbc832e0b9f4516976f3e9b9d4e3ccd3a2ed4c09764e,primary_analysis,0.9605263157894737,0.9603428439468178,0.011354814495933506,,,primary_train,0.9910209253539648,0.9966224219120059,completed,primary_train
run_0316,sipakmed,split_08,1008,82,resnet50,B,5e203de9913a10ae47f75aab7d778e21e9a142a0699f4a4a6c374b725d67c1ae,c244267ea49356306df7dbc832e0b9f4516976f3e9b9d4e3ccd3a2ed4c09764e,primary_analysis,0.9786184210526315,0.9787353848404171,0.007381971544173657,,,primary_train,0.9966113856885844,0.998974456246948,completed,primary_train
run_0317,sipakmed,split_08,1008,82,densenet121,A,5e203de9913a10ae47f75aab7d778e21e9a142a0699f4a4a6c374b725d67c1ae,c244267ea49356306df7dbc832e0b9f4516976f3e9b9d4e3ccd3a2ed4c09764e,primary_analysis,0.9572368421052632,0.9574030006377333,0.014674066533797474,,,primary_train,0.9898356389432319,0.9970498353367205,completed,primary_train
run_0318,sipakmed,split_08,1008,82,densenet121,B,5e203de9913a10ae47f75aab7d778e21e9a142a0699f4a4a6c374b725d67c1ae,c244267ea49356306df7dbc832e0b9f4516976f3e9b9d4e3ccd3a2ed4c09764e,primary_analysis,0.9588815789473685,0.9592334539781728,0.013797670076027519,,,primary_train,0.9903582954628233,0.997353059077625,completed,primary_train
run_0319,sipakmed,split_08,1008,82,efficientnet_b0,A,5e203de9913a10ae47f75aab7d778e21e9a142a0699f4a4a6c374b725d67c1ae,c244267ea49356306df7dbc832e0b9f4516976f3e9b9d4e3ccd3a2ed4c09764e,primary_analysis,0.9555921052631579,0.9557352315946321,0.014164589235813162,,,primary_train,0.9875176060791813,0.996429955432036,completed,primary_train
run_0320,sipakmed,split_08,1008,82,efficientnet_b0,B,5e203de9913a10ae47f75aab7d778e21e9a142a0699f4a4a6c374b725d67c1ae,c244267ea49356306df7dbc832e0b9f4516976f3e9b9d4e3ccd3a2ed4c09764e,primary_analysis,0.9555921052631579,0.9557352315946321,0.014164589235813162,,,primary_train,0.9875176060791813,0.996429955432036,completed,primary_train
run_0321,sipakmed,split_09,1009,42,resnet18,A,5e203de9913a10ae47f75aab7d778e21e9a142a0699f4a4a6c374b725d67c1ae,5775fa9742fe4ba5b3b00421c334680b09c515e10558be41184572255b45215b,primary_analysis,0.9555921052631579,0.9560741379999911,0.011349684566388877,,,primary_train,0.9937417479379114,0.9983071228455284,completed,primary_train
run_0322,sipakmed,split_09,1009,42,resnet18,B,5e203de9913a10ae47f75aab7d778e21e9a142a0699f4a4a6c374b725d67c1ae,5775fa9742fe4ba5b3b00421c334680b09c515e10558be41184572255b45215b,primary_analysis,0.9671052631578947,0.9670262499500064,0.010272677230259738,,,primary_train,0.9948148070327985,0.9986115040465446,completed,primary_train
run_0323,sipakmed,split_09,1009,42,resnet50,A,5e203de9913a10ae47f75aab7d778e21e9a142a0699f4a4a6c374b725d67c1ae,5775fa9742fe4ba5b3b00421c334680b09c515e10558be41184572255b45215b,primary_analysis,0.9588815789473685,0.9591650409502774,0.01285590524268993,,,primary_train,0.9891053252370682,0.9967736646475143,completed,primary_train
run_0324,sipakmed,split_09,1009,42,resnet50,B,5e203de9913a10ae47f75aab7d778e21e9a142a0699f4a4a6c374b725d67c1ae,5775fa9742fe4ba5b3b00421c334680b09c515e10558be41184572255b45215b,primary_analysis,0.9638157894736842,0.964154175684023,0.011975384539955242,,,primary_train,0.9898250822048885,0.9972128277751479,completed,primary_train
run_0325,sipakmed,split_09,1009,42,densenet121,A,5e203de9913a10ae47f75aab7d778e21e9a142a0699f4a4a6c374b725d67c1ae,5775fa9742fe4ba5b3b00421c334680b09c515e10558be41184572255b45215b,primary_analysis,0.944078947368421,0.9445133738318173,0.01575694522505106,,,primary_train,0.9857676371784165,0.9956728050718506,completed,primary_train
run_0326,sipakmed,split_09,1009,42,densenet121,B,5e203de9913a10ae47f75aab7d778e21e9a142a0699f4a4a6c374b725d67c1ae,5775fa9742fe4ba5b3b00421c334680b09c515e10558be41184572255b45215b,primary_analysis,0.9555921052631579,0.955992760556436,0.01383286560892924,,,primary_train,0.9895608502732985,0.9966474507223346,completed,primary_train
run_0327,sipakmed,split_09,1009,42,efficientnet_b0,A,5e203de9913a10ae47f75aab7d778e21e9a142a0699f4a4a6c374b725d67c1ae,5775fa9742fe4ba5b3b00421c334680b09c515e10558be41184572255b45215b,primary_analysis,0.9342105263157895,0.9347390036884888,0.017496018972556808,,,primary_train,0.9833570401630437,0.9950616331508739,completed,primary_train
run_0328,sipakmed,split_09,1009,42,efficientnet_b0,B,5e203de9913a10ae47f75aab7d778e21e9a142a0699f4a4a6c374b725d67c1ae,5775fa9742fe4ba5b3b00421c334680b09c515e10558be41184572255b45215b,primary_analysis,0.9391447368421053,0.939631300613533,0.017922093258273163,,,primary_train,0.9838371372081134,0.9951730775806954,completed,primary_train
run_0329,sipakmed,split_09,1009,52,resnet18,A,5e203de9913a10ae47f75aab7d778e21e9a142a0699f4a4a6c374b725d67c1ae,5775fa9742fe4ba5b3b00421c334680b09c515e10558be41184572255b45215b,primary_analysis,0.9671052631578947,0.9672973261224108,0.010688354052262875,,,primary_train,0.9930152822381455,0.9980159505739721,completed,primary_train
run_0330,sipakmed,split_09,1009,52,resnet18,B,5e203de9913a10ae47f75aab7d778e21e9a142a0699f4a4a6c374b725d67c1ae,5775fa9742fe4ba5b3b00421c334680b09c515e10558be41184572255b45215b,primary_analysis,0.962171052631579,0.9623495193952779,0.01124832991427383,,,primary_train,0.9933578006024296,0.9982154065809276,completed,primary_train
run_0331,sipakmed,split_09,1009,52,resnet50,A,5e203de9913a10ae47f75aab7d778e21e9a142a0699f4a4a6c374b725d67c1ae,5775fa9742fe4ba5b3b00421c334680b09c515e10558be41184572255b45215b,primary_analysis,0.9539473684210527,0.95424233550011,0.014148835527041095,,,primary_train,0.9868563495612029,0.9963938415702366,completed,primary_train
run_0332,sipakmed,split_09,1009,52,resnet50,B,5e203de9913a10ae47f75aab7d778e21e9a142a0699f4a4a6c374b725d67c1ae,5775fa9742fe4ba5b3b00421c334680b09c515e10558be41184572255b45215b,primary_analysis,0.9703947368421053,0.9706167080687378,0.010473866891257864,,,primary_train,0.9916822446971298,0.9976132701982087,completed,primary_train
run_0333,sipakmed,split_09,1009,52,densenet121,A,5e203de9913a10ae47f75aab7d778e21e9a142a0699f4a4a6c374b725d67c1ae,5775fa9742fe4ba5b3b00421c334680b09c515e10558be41184572255b45215b,primary_analysis,0.9555921052631579,0.9559656755351533,0.01524096489299881,,,primary_train,0.9851221963406607,0.9950584387067339,completed,primary_train
run_0334,sipakmed,split_09,1009,52,densenet121,B,5e203de9913a10ae47f75aab7d778e21e9a142a0699f4a4a6c374b725d67c1ae,5775fa9742fe4ba5b3b00421c334680b09c515e10558be41184572255b45215b,primary_analysis,0.9572368421052632,0.9576883197954673,0.014628026776381814,,,primary_train,0.9884602507303815,0.9966335424488857,completed,primary_train
run_0335,sipakmed,split_09,1009,52,efficientnet_b0,A,5e203de9913a10ae47f75aab7d778e21e9a142a0699f4a4a6c374b725d67c1ae,5775fa9742fe4ba5b3b00421c334680b09c515e10558be41184572255b45215b,primary_analysis,0.9325657894736842,0.933098380856524,0.019423775376311445,,,primary_train,0.9800931123413591,0.9939346073295754,completed,primary_train
run_0336,sipakmed,split_09,1009,52,efficientnet_b0,B,5e203de9913a10ae47f75aab7d778e21e9a142a0699f4a4a6c374b725d67c1ae,5775fa9742fe4ba5b3b00421c334680b09c515e10558be41184572255b45215b,primary_analysis,0.9358552631578947,0.9362693214908422,0.018456192609833617,,,primary_train,0.9816736022972863,0.9947639155440223,completed,primary_train
run_0337,sipakmed,split_09,1009,62,resnet18,A,5e203de9913a10ae47f75aab7d778e21e9a142a0699f4a4a6c374b725d67c1ae,5775fa9742fe4ba5b3b00421c334680b09c515e10558be41184572255b45215b,primary_analysis,0.9473684210526315,0.9477365619542371,0.013688327130067604,,,primary_train,0.9906928822733301,0.9973998151287514,completed,primary_train
run_0338,sipakmed,split_09,1009,62,resnet18,B,5e203de9913a10ae47f75aab7d778e21e9a142a0699f4a4a6c374b725d67c1ae,5775fa9742fe4ba5b3b00421c334680b09c515e10558be41184572255b45215b,primary_analysis,0.9638157894736842,0.9643012678365899,0.00998368373798186,,,primary_train,0.9962139579335577,0.998977213248257,completed,primary_train
run_0339,sipakmed,split_09,1009,62,resnet50,A,5e203de9913a10ae47f75aab7d778e21e9a142a0699f4a4a6c374b725d67c1ae,5775fa9742fe4ba5b3b00421c334680b09c515e10558be41184572255b45215b,primary_analysis,0.9490131578947368,0.9496611641844128,0.015647828276336095,,,primary_train,0.990999894404945,0.9975063188073335,completed,primary_train
run_0340,sipakmed,split_09,1009,62,resnet50,B,5e203de9913a10ae47f75aab7d778e21e9a142a0699f4a4a6c374b725d67c1ae,5775fa9742fe4ba5b3b00421c334680b09c515e10558be41184572255b45215b,primary_analysis,0.9671052631578947,0.9674593052451017,0.010330476395650948,,,primary_train,0.9920257661366294,0.9978404028692175,completed,primary_train
run_0341,sipakmed,split_09,1009,62,densenet121,A,5e203de9913a10ae47f75aab7d778e21e9a142a0699f4a4a6c374b725d67c1ae,5775fa9742fe4ba5b3b00421c334680b09c515e10558be41184572255b45215b,primary_analysis,0.9523026315789473,0.9525778899608495,0.014952588716415827,,,primary_train,0.9858660461932688,0.9956962007934147,completed,primary_train
run_0342,sipakmed,split_09,1009,62,densenet121,B,5e203de9913a10ae47f75aab7d778e21e9a142a0699f4a4a6c374b725d67c1ae,5775fa9742fe4ba5b3b00421c334680b09c515e10558be41184572255b45215b,primary_analysis,0.9473684210526315,0.9476571682549993,0.015648545771913915,,,primary_train,0.9865214059626999,0.9963173740948503,completed,primary_train
run_0343,sipakmed,split_09,1009,62,efficientnet_b0,A,5e203de9913a10ae47f75aab7d778e21e9a142a0699f4a4a6c374b725d67c1ae,5775fa9742fe4ba5b3b00421c334680b09c515e10558be41184572255b45215b,primary_analysis,0.9407894736842105,0.9412584468246692,0.017430982633532332,,,primary_train,0.9834153889801615,0.9949311598600048,completed,primary_train
run_0344,sipakmed,split_09,1009,62,efficientnet_b0,B,5e203de9913a10ae47f75aab7d778e21e9a142a0699f4a4a6c374b725d67c1ae,5775fa9742fe4ba5b3b00421c334680b09c515e10558be41184572255b45215b,primary_analysis,0.9407894736842105,0.9412584468246692,0.017430982633532332,,,primary_train,0.9834153889801615,0.9949311598600048,completed,primary_train
run_0345,sipakmed,split_09,1009,72,resnet18,A,5e203de9913a10ae47f75aab7d778e21e9a142a0699f4a4a6c374b725d67c1ae,5775fa9742fe4ba5b3b00421c334680b09c515e10558be41184572255b45215b,primary_analysis,0.962171052631579,0.9625236965691277,0.010987951900611172,,,primary_train,0.9947700161576002,0.9985790300163855,completed,primary_train
run_0346,sipakmed,split_09,1009,72,resnet18,B,5e203de9913a10ae47f75aab7d778e21e9a142a0699f4a4a6c374b725d67c1ae,5775fa9742fe4ba5b3b00421c334680b09c515e10558be41184572255b45215b,primary_analysis,0.9703947368421053,0.9707264397033271,0.009205103517998546,,,primary_train,0.9960451440680081,0.9989261857239615,completed,primary_train
run_0347,sipakmed,split_09,1009,72,resnet50,A,5e203de9913a10ae47f75aab7d778e21e9a142a0699f4a4a6c374b725d67c1ae,5775fa9742fe4ba5b3b00421c334680b09c515e10558be41184572255b45215b,primary_analysis,0.962171052631579,0.9626199609828067,0.012832543854549489,,,primary_train,0.9921351887899229,0.9979236602917296,completed,primary_train
run_0348,sipakmed,split_09,1009,72,resnet50,B,5e203de9913a10ae47f75aab7d778e21e9a142a0699f4a4a6c374b725d67c1ae,5775fa9742fe4ba5b3b00421c334680b09c515e10558be41184572255b45215b,primary_analysis,0.9605263157894737,0.960860600189309,0.012882406362663457,,,primary_train,0.9905591294131894,0.9972554052093502,completed,primary_train
run_0349,sipakmed,split_09,1009,72,densenet121,A,5e203de9913a10ae47f75aab7d778e21e9a142a0699f4a4a6c374b725d67c1ae,5775fa9742fe4ba5b3b00421c334680b09c515e10558be41184572255b45215b,primary_analysis,0.9457236842105263,0.9463302281717212,0.016175296833688606,,,primary_train,0.9854630867159571,0.9957169839219857,completed,primary_train
run_0350,sipakmed,split_09,1009,72,densenet121,B,5e203de9913a10ae47f75aab7d778e21e9a142a0699f4a4a6c374b725d67c1ae,5775fa9742fe4ba5b3b00421c334680b09c515e10558be41184572255b45215b,primary_analysis,0.9654605263157895,0.9658348479529305,0.011917860482521806,,,primary_train,0.9886821390753754,0.9966567192252981,completed,primary_train
run_0351,sipakmed,split_09,1009,72,efficientnet_b0,A,5e203de9913a10ae47f75aab7d778e21e9a142a0699f4a4a6c374b725d67c1ae,5775fa9742fe4ba5b3b00421c334680b09c515e10558be41184572255b45215b,primary_analysis,0.9407894736842105,0.9413526569042588,0.01826174432497511,,,primary_train,0.9824542821391088,0.9947086671482891,completed,primary_train
run_0352,sipakmed,split_09,1009,72,efficientnet_b0,B,5e203de9913a10ae47f75aab7d778e21e9a142a0699f4a4a6c374b725d67c1ae,5775fa9742fe4ba5b3b00421c334680b09c515e10558be41184572255b45215b,primary_analysis,0.9457236842105263,0.9463147066167215,0.017576504766641042,,,primary_train,0.9842507198671786,0.9953405834796907,completed,primary_train
run_0353,sipakmed,split_09,1009,82,resnet18,A,5e203de9913a10ae47f75aab7d778e21e9a142a0699f4a4a6c374b725d67c1ae,5775fa9742fe4ba5b3b00421c334680b09c515e10558be41184572255b45215b,primary_analysis,0.962171052631579,0.9625263854880926,0.013694545712310524,,,primary_train,0.9893227737756227,0.9968798503670122,completed,primary_train
run_0354,sipakmed,split_09,1009,82,resnet18,B,5e203de9913a10ae47f75aab7d778e21e9a142a0699f4a4a6c374b725d67c1ae,5775fa9742fe4ba5b3b00421c334680b09c515e10558be41184572255b45215b,primary_analysis,0.9654605263157895,0.9656084326908976,0.011056386861528603,,,primary_train,0.9948535705936882,0.9985695314738262,completed,primary_train
run_0355,sipakmed,split_09,1009,82,resnet50,A,5e203de9913a10ae47f75aab7d778e21e9a142a0699f4a4a6c374b725d67c1ae,5775fa9742fe4ba5b3b00421c334680b09c515e10558be41184572255b45215b,primary_analysis,0.9473684210526315,0.9477365619542371,0.014646594775303234,,,primary_train,0.989515489198995,0.9971496064832811,completed,primary_train
run_0356,sipakmed,split_09,1009,82,resnet50,B,5e203de9913a10ae47f75aab7d778e21e9a142a0699f4a4a6c374b725d67c1ae,5775fa9742fe4ba5b3b00421c334680b09c515e10558be41184572255b45215b,primary_analysis,0.9572368421052632,0.9573352927844855,0.014691867635325415,,,primary_train,0.9876332496540602,0.9962553709264214,completed,primary_train
run_0357,sipakmed,split_09,1009,82,densenet121,A,5e203de9913a10ae47f75aab7d778e21e9a142a0699f4a4a6c374b725d67c1ae,5775fa9742fe4ba5b3b00421c334680b09c515e10558be41184572255b45215b,primary_analysis,0.9473684210526315,0.9479411476532101,0.015542884493715783,,,primary_train,0.9848773377004438,0.9951811222720359,completed,primary_train
run_0358,sipakmed,split_09,1009,82,densenet121,B,5e203de9913a10ae47f75aab7d778e21e9a142a0699f4a4a6c374b725d67c1ae,5775fa9742fe4ba5b3b00421c334680b09c515e10558be41184572255b45215b,primary_analysis,0.9555921052631579,0.9556721352148134,0.01489752148238043,,,primary_train,0.9852253938428628,0.9954116875354828,completed,primary_train
run_0359,sipakmed,split_09,1009,82,efficientnet_b0,A,5e203de9913a10ae47f75aab7d778e21e9a142a0699f4a4a6c374b725d67c1ae,5775fa9742fe4ba5b3b00421c334680b09c515e10558be41184572255b45215b,primary_analysis,0.9358552631578947,0.9362570528499115,0.017715734541392397,,,primary_train,0.982816510149277,0.9950932600980874,completed,primary_train
run_0360,sipakmed,split_09,1009,82,efficientnet_b0,B,5e203de9913a10ae47f75aab7d778e21e9a142a0699f4a4a6c374b725d67c1ae,5775fa9742fe4ba5b3b00421c334680b09c515e10558be41184572255b45215b,primary_analysis,0.9391447368421053,0.939362208185446,0.017440071628359147,,,primary_train,0.9832155295993852,0.9951870420580811,completed,primary_train
run_0361,sipakmed,split_10,1010,42,resnet18,A,5e203de9913a10ae47f75aab7d778e21e9a142a0699f4a4a6c374b725d67c1ae,0af13229372ce953c2ddf8d28a612c846b5cdc04bf7b1e89c93147e67c292c0e,primary_analysis,0.9654605263157895,0.9656424603051162,0.011250317768860468,,,primary_train,0.9934686730326391,0.9982008971101244,completed,primary_train
run_0362,sipakmed,split_10,1010,42,resnet18,B,5e203de9913a10ae47f75aab7d778e21e9a142a0699f4a4a6c374b725d67c1ae,0af13229372ce953c2ddf8d28a612c846b5cdc04bf7b1e89c93147e67c292c0e,primary_analysis,0.9769736842105263,0.9768493605080355,0.007513085334959725,,,primary_train,0.9957771855540184,0.998758581322489,completed,primary_train
run_0363,sipakmed,split_10,1010,42,resnet50,A,5e203de9913a10ae47f75aab7d778e21e9a142a0699f4a4a6c374b725d67c1ae,0af13229372ce953c2ddf8d28a612c846b5cdc04bf7b1e89c93147e67c292c0e,primary_analysis,0.9638157894736842,0.9638662287971773,0.011252059800223433,,,primary_train,0.9925301049593797,0.997751768600683,completed,primary_train
run_0364,sipakmed,split_10,1010,42,resnet50,B,5e203de9913a10ae47f75aab7d778e21e9a142a0699f4a4a6c374b725d67c1ae,0af13229372ce953c2ddf8d28a612c846b5cdc04bf7b1e89c93147e67c292c0e,primary_analysis,0.975328947368421,0.975168688239128,0.00879486547284081,,,primary_train,0.9928738717139467,0.9977182599260488,completed,primary_train
run_0365,sipakmed,split_10,1010,42,densenet121,A,5e203de9913a10ae47f75aab7d778e21e9a142a0699f4a4a6c374b725d67c1ae,0af13229372ce953c2ddf8d28a612c846b5cdc04bf7b1e89c93147e67c292c0e,primary_analysis,0.9671052631578947,0.967321087639853,0.010795157021887419,,,primary_train,0.9915182630832892,0.9971737025226263,completed,primary_train
run_0366,sipakmed,split_10,1010,42,densenet121,B,5e203de9913a10ae47f75aab7d778e21e9a142a0699f4a4a6c374b725d67c1ae,0af13229372ce953c2ddf8d28a612c846b5cdc04bf7b1e89c93147e67c292c0e,primary_analysis,0.9736842105263158,0.973786238353761,0.009185356764841491,,,primary_train,0.9893298904679554,0.9962407744620057,completed,primary_train
run_0367,sipakmed,split_10,1010,42,efficientnet_b0,A,5e203de9913a10ae47f75aab7d778e21e9a142a0699f4a4a6c374b725d67c1ae,0af13229372ce953c2ddf8d28a612c846b5cdc04bf7b1e89c93147e67c292c0e,primary_analysis,0.9490131578947368,0.9492937718083944,0.01710272700216558,,,primary_train,0.9829852171626999,0.9949699915775639,completed,primary_train
run_0368,sipakmed,split_10,1010,42,efficientnet_b0,B,5e203de9913a10ae47f75aab7d778e21e9a142a0699f4a4a6c374b725d67c1ae,0af13229372ce953c2ddf8d28a612c846b5cdc04bf7b1e89c93147e67c292c0e,primary_analysis,0.9473684210526315,0.9475582337221923,0.01546767591844243,,,primary_train,0.9858071454838934,0.9958197401739767,completed,primary_train
run_0369,sipakmed,split_10,1010,52,resnet18,A,5e203de9913a10ae47f75aab7d778e21e9a142a0699f4a4a6c374b725d67c1ae,0af13229372ce953c2ddf8d28a612c846b5cdc04bf7b1e89c93147e67c292c0e,primary_analysis,0.9671052631578947,0.9670635492781308,0.010708125280159245,,,primary_train,0.9913799367896055,0.9974246172933958,completed,primary_train
run_0370,sipakmed,split_10,1010,52,resnet18,B,5e203de9913a10ae47f75aab7d778e21e9a142a0699f4a4a6c374b725d67c1ae,0af13229372ce953c2ddf8d28a612c846b5cdc04bf7b1e89c93147e67c292c0e,primary_analysis,0.9654605263157895,0.9654926792335843,0.01177489415941362,,,primary_train,0.9912573947782883,0.9974889769472611,completed,primary_train
run_0371,sipakmed,split_10,1010,52,resnet50,A,5e203de9913a10ae47f75aab7d778e21e9a142a0699f4a4a6c374b725d67c1ae,0af13229372ce953c2ddf8d28a612c846b5cdc04bf7b1e89c93147e67c292c0e,primary_analysis,0.962171052631579,0.9622384480011654,0.011745605137385162,,,primary_train,0.9910501735032053,0.997382208429596,completed,primary_train
run_0372,sipakmed,split_10,1010,52,resnet50,B,5e203de9913a10ae47f75aab7d778e21e9a142a0699f4a4a6c374b725d67c1ae,0af13229372ce953c2ddf8d28a612c846b5cdc04bf7b1e89c93147e67c292c0e,primary_analysis,0.9720394736842105,0.9722837719371913,0.00980583901100927,,,primary_train,0.9925843554872922,0.9978461485761493,completed,primary_train
run_0373,sipakmed,split_10,1010,52,densenet121,A,5e203de9913a10ae47f75aab7d778e21e9a142a0699f4a4a6c374b725d67c1ae,0af13229372ce953c2ddf8d28a612c846b5cdc04bf7b1e89c93147e67c292c0e,primary_analysis,0.9605263157894737,0.9607325968909016,0.012933867822520071,,,primary_train,0.9872687544044135,0.9958219186283506,completed,primary_train
run_0374,sipakmed,split_10,1010,52,densenet121,B,5e203de9913a10ae47f75aab7d778e21e9a142a0699f4a4a6c374b725d67c1ae,0af13229372ce953c2ddf8d28a612c846b5cdc04bf7b1e89c93147e67c292c0e,primary_analysis,0.9654605263157895,0.9655461441015023,0.01195964129235442,,,primary_train,0.9906142842233839,0.9967098807810834,completed,primary_train
run_0375,sipakmed,split_10,1010,52,efficientnet_b0,A,5e203de9913a10ae47f75aab7d778e21e9a142a0699f4a4a6c374b725d67c1ae,0af13229372ce953c2ddf8d28a612c846b5cdc04bf7b1e89c93147e67c292c0e,primary_analysis,0.9457236842105263,0.9460944157931885,0.01669929267277276,,,primary_train,0.985249268481304,0.9956275013496316,completed,primary_train
run_0376,sipakmed,split_10,1010,52,efficientnet_b0,B,5e203de9913a10ae47f75aab7d778e21e9a142a0699f4a4a6c374b725d67c1ae,0af13229372ce953c2ddf8d28a612c846b5cdc04bf7b1e89c93147e67c292c0e,primary_analysis,0.944078947368421,0.944224618190454,0.01653056267206718,,,primary_train,0.9851490035795608,0.9956153770552392,completed,primary_train
run_0377,sipakmed,split_10,1010,62,resnet18,A,5e203de9913a10ae47f75aab7d778e21e9a142a0699f4a4a6c374b725d67c1ae,0af13229372ce953c2ddf8d28a612c846b5cdc04bf7b1e89c93147e67c292c0e,primary_analysis,0.9605263157894737,0.9609067740647514,0.011847585138378625,,,primary_train,0.9936184430164758,0.9981645431166338,completed,primary_train
run_0378,sipakmed,split_10,1010,62,resnet18,B,5e203de9913a10ae47f75aab7d778e21e9a142a0699f4a4a6c374b725d67c1ae,0af13229372ce953c2ddf8d28a612c846b5cdc04bf7b1e89c93147e67c292c0e,primary_analysis,0.9605263157894737,0.9602466501229108,0.012360687578140402,,,primary_train,0.9930070196274461,0.998058766501438,completed,primary_train
run_0379,sipakmed,split_10,1010,62,resnet50,A,5e203de9913a10ae47f75aab7d778e21e9a142a0699f4a4a6c374b725d67c1ae,0af13229372ce953c2ddf8d28a612c846b5cdc04bf7b1e89c93147e67c292c0e,primary_analysis,0.975328947368421,0.9752500562827647,0.007173840306668561,,,primary_train,0.9960632334497148,0.9988934511032413,completed,primary_train
run_0380,sipakmed,split_10,1010,62,resnet50,B,5e203de9913a10ae47f75aab7d778e21e9a142a0699f4a4a6c374b725d67c1ae,0af13229372ce953c2ddf8d28a612c846b5cdc04bf7b1e89c93147e67c292c0e,primary_analysis,0.9703947368421053,0.9706559817412611,0.008776765210464112,,,primary_train,0.9955036544392147,0.9987682357750967,completed,primary_train
run_0381,sipakmed,split_10,1010,62,densenet121,A,5e203de9913a10ae47f75aab7d778e21e9a142a0699f4a4a6c374b725d67c1ae,0af13229372ce953c2ddf8d28a612c846b5cdc04bf7b1e89c93147e67c292c0e,primary_analysis,0.9654605263157895,0.9656126251750152,0.009761078030762404,,,primary_train,0.9923604674338755,0.9973080829771052,completed,primary_train
run_0382,sipakmed,split_10,1010,62,densenet121,B,5e203de9913a10ae47f75aab7d778e21e9a142a0699f4a4a6c374b725d67c1ae,0af13229372ce953c2ddf8d28a612c846b5cdc04bf7b1e89c93147e67c292c0e,primary_analysis,0.9720394736842105,0.9723231161994864,0.009260735124770197,,,primary_train,0.9914314063788771,0.9972079733241923,completed,primary_train
run_0383,sipakmed,split_10,1010,62,efficientnet_b0,A,5e203de9913a10ae47f75aab7d778e21e9a142a0699f4a4a6c374b725d67c1ae,0af13229372ce953c2ddf8d28a612c846b5cdc04bf7b1e89c93147e67c292c0e,primary_analysis,0.9457236842105263,0.9459046464745674,0.017459272766040895,,,primary_train,0.9835179158038212,0.9952367950802596,completed,primary_train
run_0384,sipakmed,split_10,1010,62,efficientnet_b0,B,5e203de9913a10ae47f75aab7d778e21e9a142a0699f4a4a6c374b725d67c1ae,0af13229372ce953c2ddf8d28a612c846b5cdc04bf7b1e89c93147e67c292c0e,primary_analysis,0.9539473684210527,0.9540633726831894,0.015260436895338698,,,primary_train,0.9862815444594432,0.996017865476374,completed,primary_train
run_0385,sipakmed,split_10,1010,72,resnet18,A,5e203de9913a10ae47f75aab7d778e21e9a142a0699f4a4a6c374b725d67c1ae,0af13229372ce953c2ddf8d28a612c846b5cdc04bf7b1e89c93147e67c292c0e,primary_analysis,0.9605263157894737,0.9607495287951963,0.011341213028878798,,,primary_train,0.9936013648529134,0.9982576023372509,completed,primary_train
run_0386,sipakmed,split_10,1010,72,resnet18,B,5e203de9913a10ae47f75aab7d778e21e9a142a0699f4a4a6c374b725d67c1ae,0af13229372ce953c2ddf8d28a612c846b5cdc04bf7b1e89c93147e67c292c0e,primary_analysis,0.96875,0.9686086222709825,0.01024466777699347,,,primary_train,0.9951159428783243,0.9986848016543217,completed,primary_train
run_0387,sipakmed,split_10,1010,72,resnet50,A,5e203de9913a10ae47f75aab7d778e21e9a142a0699f4a4a6c374b725d67c1ae,0af13229372ce953c2ddf8d28a612c846b5cdc04bf7b1e89c93147e67c292c0e,primary_analysis,0.9736842105263158,0.9736100774355938,0.008401036990498694,,,primary_train,0.9946102159380705,0.9984316139498736,completed,primary_train
run_0388,sipakmed,split_10,1010,72,resnet50,B,5e203de9913a10ae47f75aab7d778e21e9a142a0699f4a4a6c374b725d67c1ae,0af13229372ce953c2ddf8d28a612c846b5cdc04bf7b1e89c93147e67c292c0e,primary_analysis,0.9802631578947368,0.9804683045974263,0.0068403766844719344,,,primary_train,0.994936392471255,0.998257619375398,completed,primary_train
run_0389,sipakmed,split_10,1010,72,densenet121,A,5e203de9913a10ae47f75aab7d778e21e9a142a0699f4a4a6c374b725d67c1ae,0af13229372ce953c2ddf8d28a612c846b5cdc04bf7b1e89c93147e67c292c0e,primary_analysis,0.9703947368421053,0.970654007396862,0.010905078908030618,,,primary_train,0.9879652338931699,0.9960034921662066,completed,primary_train
run_0390,sipakmed,split_10,1010,72,densenet121,B,5e203de9913a10ae47f75aab7d778e21e9a142a0699f4a4a6c374b725d67c1ae,0af13229372ce953c2ddf8d28a612c846b5cdc04bf7b1e89c93147e67c292c0e,primary_analysis,0.9588815789473685,0.958727956976694,0.013386408255457505,,,primary_train,0.9891411614459574,0.9963336813979232,completed,primary_train
run_0391,sipakmed,split_10,1010,72,efficientnet_b0,A,5e203de9913a10ae47f75aab7d778e21e9a142a0699f4a4a6c374b725d67c1ae,0af13229372ce953c2ddf8d28a612c846b5cdc04bf7b1e89c93147e67c292c0e,primary_analysis,0.9424342105263158,0.9427059862340906,0.017238606005833892,,,primary_train,0.983342287888075,0.9951560167718083,completed,primary_train
run_0392,sipakmed,split_10,1010,72,efficientnet_b0,B,5e203de9913a10ae47f75aab7d778e21e9a142a0699f4a4a6c374b725d67c1ae,0af13229372ce953c2ddf8d28a612c846b5cdc04bf7b1e89c93147e67c292c0e,primary_analysis,0.9407894736842105,0.9404824046557916,0.017724395454020565,,,primary_train,0.9827173407116488,0.995027691908267,completed,primary_train
run_0393,sipakmed,split_10,1010,82,resnet18,A,5e203de9913a10ae47f75aab7d778e21e9a142a0699f4a4a6c374b725d67c1ae,0af13229372ce953c2ddf8d28a612c846b5cdc04bf7b1e89c93147e67c292c0e,primary_analysis,0.9605263157894737,0.9605326744552924,0.012433176265040596,,,primary_train,0.9927432003556571,0.9979541535115806,completed,primary_train
run_0394,sipakmed,split_10,1010,82,resnet18,B,5e203de9913a10ae47f75aab7d778e21e9a142a0699f4a4a6c374b725d67c1ae,0af13229372ce953c2ddf8d28a612c846b5cdc04bf7b1e89c93147e67c292c0e,primary_analysis,0.96875,0.9687055824593906,0.009628061783817901,,,primary_train,0.9935837366718276,0.9981744408619491,completed,primary_train
run_0395,sipakmed,split_10,1010,82,resnet50,A,5e203de9913a10ae47f75aab7d778e21e9a142a0699f4a4a6c374b725d67c1ae,0af13229372ce953c2ddf8d28a612c846b5cdc04bf7b1e89c93147e67c292c0e,primary_analysis,0.975328947368421,0.9754248774414085,0.007131941762339877,,,primary_train,0.9957540547346175,0.9987352145290155,completed,primary_train
run_0396,sipakmed,split_10,1010,82,resnet50,B,5e203de9913a10ae47f75aab7d778e21e9a142a0699f4a4a6c374b725d67c1ae,0af13229372ce953c2ddf8d28a612c846b5cdc04bf7b1e89c93147e67c292c0e,primary_analysis,0.9802631578947368,0.9804831821676316,0.006251505067322712,,,primary_train,0.9960875338821886,0.9988708491539662,completed,primary_train
run_0397,sipakmed,split_10,1010,82,densenet121,A,5e203de9913a10ae47f75aab7d778e21e9a142a0699f4a4a6c374b725d67c1ae,0af13229372ce953c2ddf8d28a612c846b5cdc04bf7b1e89c93147e67c292c0e,primary_analysis,0.9654605263157895,0.9654486011181534,0.01172915835589888,,,primary_train,0.9895030436854209,0.99677808271749,completed,primary_train
run_0398,sipakmed,split_10,1010,82,densenet121,B,5e203de9913a10ae47f75aab7d778e21e9a142a0699f4a4a6c374b725d67c1ae,0af13229372ce953c2ddf8d28a612c846b5cdc04bf7b1e89c93147e67c292c0e,primary_analysis,0.9654605263157895,0.9657894912678298,0.01192211497646958,,,primary_train,0.9902843011201801,0.995526779036054,completed,primary_train
run_0399,sipakmed,split_10,1010,82,efficientnet_b0,A,5e203de9913a10ae47f75aab7d778e21e9a142a0699f4a4a6c374b725d67c1ae,0af13229372ce953c2ddf8d28a612c846b5cdc04bf7b1e89c93147e67c292c0e,primary_analysis,0.9457236842105263,0.945974399261986,0.016725454629418084,,,primary_train,0.9838785786481987,0.9954519973331675,completed,primary_train
run_0400,sipakmed,split_10,1010,82,efficientnet_b0,B,5e203de9913a10ae47f75aab7d778e21e9a142a0699f4a4a6c374b725d67c1ae,0af13229372ce953c2ddf8d28a612c846b5cdc04bf7b1e89c93147e67c292c0e,primary_analysis,0.9391447368421053,0.9394021352426817,0.017701103071525448,,,primary_train,0.9832597145855422,0.9952285751071169,completed,primary_train
run_0401,organamnist,split_01,1001,42,resnet18,A,5e203de9913a10ae47f75aab7d778e21e9a142a0699f4a4a6c374b725d67c1ae,6745775b43b1567c0b64483b0b4cf88e435d7c726d70fc1446c6b14af0471d5f,primary_analysis,0.991614730878187,0.9914900478429257,0.0011503908067311136,,,primary_train,0.9995956925298558,0.9999536514803308,completed,primary_train
run_0402,organamnist,split_01,1001,42,resnet18,B,5e203de9913a10ae47f75aab7d778e21e9a142a0699f4a4a6c374b725d67c1ae,6745775b43b1567c0b64483b0b4cf88e435d7c726d70fc1446c6b14af0471d5f,primary_analysis,0.9958073654390935,0.9962656046362938,0.0006074131221046118,,,primary_train,0.9997841935421588,0.9999723337459557,completed,primary_train
run_0403,organamnist,split_01,1001,42,resnet50,A,5e203de9913a10ae47f75aab7d778e21e9a142a0699f4a4a6c374b725d67c1ae,6745775b43b1567c0b64483b0b4cf88e435d7c726d70fc1446c6b14af0471d5f,primary_analysis,0.9932011331444759,0.9939120436158428,0.0009934643821881606,,,primary_train,0.9997467050447552,0.9999695627115138,completed,primary_train
run_0404,organamnist,split_01,1001,42,resnet50,B,5e203de9913a10ae47f75aab7d778e21e9a142a0699f4a4a6c374b725d67c1ae,6745775b43b1567c0b64483b0b4cf88e435d7c726d70fc1446c6b14af0471d5f,primary_analysis,0.996600566572238,0.9966665614978687,0.00047764956733321125,,,primary_train,0.9999396218257847,0.9999935064310942,completed,primary_train
run_0405,organamnist,split_01,1001,42,densenet121,A,5e203de9913a10ae47f75aab7d778e21e9a142a0699f4a4a6c374b725d67c1ae,6745775b43b1567c0b64483b0b4cf88e435d7c726d70fc1446c6b14af0471d5f,primary_analysis,0.9926345609065156,0.9926923228359968,0.00109725133053383,,,primary_train,0.999500903193765,0.9999377215296114,completed,primary_train
run_0406,organamnist,split_01,1001,42,densenet121,B,5e203de9913a10ae47f75aab7d778e21e9a142a0699f4a4a6c374b725d67c1ae,6745775b43b1567c0b64483b0b4cf88e435d7c726d70fc1446c6b14af0471d5f,primary_analysis,0.9926345609065156,0.993301361953939,0.001034191020490572,,,primary_train,0.9995517102508846,0.999949199832635,completed,primary_train
run_0407,organamnist,split_01,1001,42,efficientnet_b0,A,5e203de9913a10ae47f75aab7d778e21e9a142a0699f4a4a6c374b725d67c1ae,6745775b43b1567c0b64483b0b4cf88e435d7c726d70fc1446c6b14af0471d5f,primary_analysis,0.9629461756373938,0.9652984873527344,0.005110803170145972,,,primary_train,0.990825280676648,0.9987640173924983,completed,primary_train
run_0408,organamnist,split_01,1001,42,efficientnet_b0,B,5e203de9913a10ae47f75aab7d778e21e9a142a0699f4a4a6c374b725d67c1ae,6745775b43b1567c0b64483b0b4cf88e435d7c726d70fc1446c6b14af0471d5f,primary_analysis,0.9624929178470255,0.9634403503658532,0.005225853090726354,,,primary_train,0.9911897238758695,0.9988269200141532,completed,primary_train
run_0409,organamnist,split_01,1001,52,resnet18,A,5e203de9913a10ae47f75aab7d778e21e9a142a0699f4a4a6c374b725d67c1ae,6745775b43b1567c0b64483b0b4cf88e435d7c726d70fc1446c6b14af0471d5f,primary_analysis,0.9959206798866855,0.9961701166910616,0.0005527066034573719,,,primary_train,0.9996775455081898,0.9999606933516756,completed,primary_train
run_0410,organamnist,split_01,1001,52,resnet18,B,5e203de9913a10ae47f75aab7d778e21e9a142a0699f4a4a6c374b725d67c1ae,6745775b43b1567c0b64483b0b4cf88e435d7c726d70fc1446c6b14af0471d5f,primary_analysis,0.9958073654390935,0.9960313677755525,0.0005927916928990432,,,primary_train,0.9998390326179504,0.9999802618296435,completed,primary_train
run_0411,organamnist,split_01,1001,52,resnet50,A,5e203de9913a10ae47f75aab7d778e21e9a142a0699f4a4a6c374b725d67c1ae,6745775b43b1567c0b64483b0b4cf88e435d7c726d70fc1446c6b14af0471d5f,primary_analysis,0.9939943342776204,0.993544964623976,0.0007562854144871699,,,primary_train,0.9998042010412006,0.9999771087842881,completed,primary_train
run_0412,organamnist,split_01,1001,52,resnet50,B,5e203de9913a10ae47f75aab7d778e21e9a142a0699f4a4a6c374b725d67c1ae,6745775b43b1567c0b64483b0b4cf88e435d7c726d70fc1446c6b14af0471d5f,primary_analysis,0.9973937677053825,0.99759509573177,0.0003790760006843868,,,primary_train,0.9998814121902668,0.9999864376909131,completed,primary_train
run_0413,organamnist,split_01,1001,52,densenet121,A,5e203de9913a10ae47f75aab7d778e21e9a142a0699f4a4a6c374b725d67c1ae,6745775b43b1567c0b64483b0b4cf88e435d7c726d70fc1446c6b14af0471d5f,primary_analysis,0.9907082152974505,0.9915041904184959,0.0012451666754695857,,,primary_train,0.9994332781145044,0.99993092219752,completed,primary_train
run_0414,organamnist,split_01,1001,52,densenet121,B,5e203de9913a10ae47f75aab7d778e21e9a142a0699f4a4a6c374b725d67c1ae,6745775b43b1567c0b64483b0b4cf88e435d7c726d70fc1446c6b14af0471d5f,primary_analysis,0.9942209631728045,0.994448708216025,0.0008999253649159544,,,primary_train,0.9996018220946303,0.9999483357224643,completed,primary_train
run_0415,organamnist,split_01,1001,52,efficientnet_b0,A,5e203de9913a10ae47f75aab7d778e21e9a142a0699f4a4a6c374b725d67c1ae,6745775b43b1567c0b64483b0b4cf88e435d7c726d70fc1446c6b14af0471d5f,primary_analysis,0.964872521246459,0.9668836341078445,0.004834666883978284,,,primary_train,0.9918493286874274,0.9989089878852707,completed,primary_train
run_0416,organamnist,split_01,1001,52,efficientnet_b0,B,5e203de9913a10ae47f75aab7d778e21e9a142a0699f4a4a6c374b725d67c1ae,6745775b43b1567c0b64483b0b4cf88e435d7c726d70fc1446c6b14af0471d5f,primary_analysis,0.9637393767705382,0.9658645032260363,0.005065419564161316,,,primary_train,0.9909554111193702,0.9987837199448104,completed,primary_train
run_0417,organamnist,split_01,1001,62,resnet18,A,5e203de9913a10ae47f75aab7d778e21e9a142a0699f4a4a6c374b725d67c1ae,6745775b43b1567c0b64483b0b4cf88e435d7c726d70fc1446c6b14af0471d5f,primary_analysis,0.9946742209631728,0.9948858400527582,0.0007569634778723459,,,primary_train,0.9996697994842534,0.9999578272349638,completed,primary_train
run_0418,organamnist,split_01,1001,62,resnet18,B,5e203de9913a10ae47f75aab7d778e21e9a142a0699f4a4a6c374b725d67c1ae,6745775b43b1567c0b64483b0b4cf88e435d7c726d70fc1446c6b14af0471d5f,primary_analysis,0.9951274787535411,0.9957068996277963,0.0007099501414485856,,,primary_train,0.9997310007469454,0.9999653669786529,completed,primary_train
run_0419,organamnist,split_01,1001,62,resnet50,A,5e203de9913a10ae47f75aab7d778e21e9a142a0699f4a4a6c374b725d67c1ae,6745775b43b1567c0b64483b0b4cf88e435d7c726d70fc1446c6b14af0471d5f,primary_analysis,0.9964872521246458,0.9965703709292904,0.000535054309688141,,,primary_train,0.9998741114901848,0.9999871162189656,completed,primary_train
run_0420,organamnist,split_01,1001,62,resnet50,B,5e203de9913a10ae47f75aab7d778e21e9a142a0699f4a4a6c374b725d67c1ae,6745775b43b1567c0b64483b0b4cf88e435d7c726d70fc1446c6b14af0471d5f,primary_analysis,0.9936543909348442,0.9941463201016252,0.000923490009724014,,,primary_train,0.9997121456633764,0.9999642064040227,completed,primary_train
run_0421,organamnist,split_01,1001,62,densenet121,A,5e203de9913a10ae47f75aab7d778e21e9a142a0699f4a4a6c374b725d67c1ae,6745775b43b1567c0b64483b0b4cf88e435d7c726d70fc1446c6b14af0471d5f,primary_analysis,0.9915014164305949,0.9915565592381196,0.0011092074503866452,,,primary_train,0.9994925223590652,0.9999341279630589,completed,primary_train
run_0422,organamnist,split_01,1001,62,densenet121,B,5e203de9913a10ae47f75aab7d778e21e9a142a0699f4a4a6c374b725d67c1ae,6745775b43b1567c0b64483b0b4cf88e435d7c726d70fc1446c6b14af0471d5f,primary_analysis,0.9926345609065156,0.9926820146172102,0.0010578051663630498,,,primary_train,0.99957504521047,0.9999497221960335,completed,primary_train
run_0423,organamnist,split_01,1001,62,efficientnet_b0,A,5e203de9913a10ae47f75aab7d778e21e9a142a0699f4a4a6c374b725d67c1ae,6745775b43b1567c0b64483b0b4cf88e435d7c726d70fc1446c6b14af0471d5f,primary_analysis,0.9640793201133144,0.9652514750735516,0.005026729893813753,,,primary_train,0.9915481757005367,0.9988627544758475,completed,primary_train
run_0424,organamnist,split_01,1001,62,efficientnet_b0,B,5e203de9913a10ae47f75aab7d778e21e9a142a0699f4a4a6c374b725d67c1ae,6745775b43b1567c0b64483b0b4cf88e435d7c726d70fc1446c6b14af0471d5f,primary_analysis,0.9655524079320114,0.9667619448543024,0.005000167907755526,,,primary_train,0.9915758938031959,0.9988793527713156,completed,primary_train
run_0425,organamnist,split_01,1001,72,resnet18,A,5e203de9913a10ae47f75aab7d778e21e9a142a0699f4a4a6c374b725d67c1ae,6745775b43b1567c0b64483b0b4cf88e435d7c726d70fc1446c6b14af0471d5f,primary_analysis,0.996600566572238,0.9963332883574754,0.0006148720954820492,,,primary_train,0.9997182463993668,0.9999669363221105,completed,primary_train
run_0426,organamnist,split_01,1001,72,resnet18,B,5e203de9913a10ae47f75aab7d778e21e9a142a0699f4a4a6c374b725d67c1ae,6745775b43b1567c0b64483b0b4cf88e435d7c726d70fc1446c6b14af0471d5f,primary_analysis,0.9969405099150142,0.996955855113184,0.000512340450679018,,,primary_train,0.9996682626036705,0.9999575936616506,completed,primary_train
run_0427,organamnist,split_01,1001,72,resnet50,A,5e203de9913a10ae47f75aab7d778e21e9a142a0699f4a4a6c374b725d67c1ae,6745775b43b1567c0b64483b0b4cf88e435d7c726d70fc1446c6b14af0471d5f,primary_analysis,0.9954674220963173,0.9957501400140518,0.000626256136735322,,,primary_train,0.9997897842891409,0.9999755989538809,completed,primary_train
run_0428,organamnist,split_01,1001,72,resnet50,B,5e203de9913a10ae47f75aab7d778e21e9a142a0699f4a4a6c374b725d67c1ae,6745775b43b1567c0b64483b0b4cf88e435d7c726d70fc1446c6b14af0471d5f,primary_analysis,0.99671388101983,0.9967256720942543,0.00042822316665173834,,,primary_train,0.9998696297451392,0.9999851903853035,completed,primary_train
run_0429,organamnist,split_01,1001,72,densenet121,A,5e203de9913a10ae47f75aab7d778e21e9a142a0699f4a4a6c374b725d67c1ae,6745775b43b1567c0b64483b0b4cf88e435d7c726d70fc1446c6b14af0471d5f,primary_analysis,0.9918413597733711,0.9930937367810153,0.0011447512328839604,,,primary_train,0.9994754280093198,0.9999336976858474,completed,primary_train
run_0430,organamnist,split_01,1001,72,densenet121,B,5e203de9913a10ae47f75aab7d778e21e9a142a0699f4a4a6c374b725d67c1ae,6745775b43b1567c0b64483b0b4cf88e435d7c726d70fc1446c6b14af0471d5f,primary_analysis,0.9929745042492918,0.9934427433097813,0.000999411374187677,,,primary_train,0.999703756331742,0.9999643915919939,completed,primary_train
run_0431,organamnist,split_01,1001,72,efficientnet_b0,A,5e203de9913a10ae47f75aab7d778e21e9a142a0699f4a4a6c374b725d67c1ae,6745775b43b1567c0b64483b0b4cf88e435d7c726d70fc1446c6b14af0471d5f,primary_analysis,0.9654390934844193,0.9661898273573197,0.00475949060377941,,,primary_train,0.9923154016988162,0.9989750767913201,completed,primary_train
run_0432,organamnist,split_01,1001,72,efficientnet_b0,B,5e203de9913a10ae47f75aab7d778e21e9a142a0699f4a4a6c374b725d67c1ae,6745775b43b1567c0b64483b0b4cf88e435d7c726d70fc1446c6b14af0471d5f,primary_analysis,0.9654390934844193,0.9661898273573197,0.00475949060377941,,,primary_train,0.9923154016988162,0.9989750767913201,completed,primary_train
run_0433,organamnist,split_01,1001,82,resnet18,A,5e203de9913a10ae47f75aab7d778e21e9a142a0699f4a4a6c374b725d67c1ae,6745775b43b1567c0b64483b0b4cf88e435d7c726d70fc1446c6b14af0471d5f,primary_analysis,0.9930878186968839,0.992852819676705,0.0010362240563483568,,,primary_train,0.9995923234710244,0.9999528561869352,completed,primary_train
run_0434,organamnist,split_01,1001,82,resnet18,B,5e203de9913a10ae47f75aab7d778e21e9a142a0699f4a4a6c374b725d67c1ae,6745775b43b1567c0b64483b0b4cf88e435d7c726d70fc1446c6b14af0471d5f,primary_analysis,0.9956940509915014,0.9955667969397275,0.0006291140588641713,,,primary_train,0.9997340801255956,0.999960085468368,completed,primary_train
run_0435,organamnist,split_01,1001,82,resnet50,A,5e203de9913a10ae47f75aab7d778e21e9a142a0699f4a4a6c374b725d67c1ae,6745775b43b1567c0b64483b0b4cf88e435d7c726d70fc1446c6b14af0471d5f,primary_analysis,0.9929745042492918,0.9927341459548995,0.0009628063914260532,,,primary_train,0.999631444841598,0.9999552360282743,completed,primary_train
run_0436,organamnist,split_01,1001,82,resnet50,B,5e203de9913a10ae47f75aab7d778e21e9a142a0699f4a4a6c374b725d67c1ae,6745775b43b1567c0b64483b0b4cf88e435d7c726d70fc1446c6b14af0471d5f,primary_analysis,0.9961473087818696,0.9959166702803253,0.0006227352439260675,,,primary_train,0.9997389292748587,0.9999664992856527,completed,primary_train
run_0437,organamnist,split_01,1001,82,densenet121,A,5e203de9913a10ae47f75aab7d778e21e9a142a0699f4a4a6c374b725d67c1ae,6745775b43b1567c0b64483b0b4cf88e435d7c726d70fc1446c6b14af0471d5f,primary_analysis,0.9898016997167138,0.9892347444372994,0.0014562103767571347,,,primary_train,0.9991238343924796,0.999889281112437,completed,primary_train
run_0438,organamnist,split_01,1001,82,densenet121,B,5e203de9913a10ae47f75aab7d778e21e9a142a0699f4a4a6c374b725d67c1ae,6745775b43b1567c0b64483b0b4cf88e435d7c726d70fc1446c6b14af0471d5f,primary_analysis,0.9936543909348442,0.9931547145253117,0.0009740097491705134,,,primary_train,0.9995993309857056,0.9999527987547793,completed,primary_train
run_0439,organamnist,split_01,1001,82,efficientnet_b0,A,5e203de9913a10ae47f75aab7d778e21e9a142a0699f4a4a6c374b725d67c1ae,6745775b43b1567c0b64483b0b4cf88e435d7c726d70fc1446c6b14af0471d5f,primary_analysis,0.963399433427762,0.9641264371487914,0.005177646948944306,,,primary_train,0.990871938685382,0.99878386689657,completed,primary_train
run_0440,organamnist,split_01,1001,82,efficientnet_b0,B,5e203de9913a10ae47f75aab7d778e21e9a142a0699f4a4a6c374b725d67c1ae,6745775b43b1567c0b64483b0b4cf88e435d7c726d70fc1446c6b14af0471d5f,primary_analysis,0.9629461756373938,0.9635425788401935,0.004996819589389789,,,primary_train,0.991583930878442,0.9988632031029719,completed,primary_train
run_0441,organamnist,split_02,1002,42,resnet18,A,5e203de9913a10ae47f75aab7d778e21e9a142a0699f4a4a6c374b725d67c1ae,2747cdbcac3b225d7e8e6a18dc719997662e7168c9964e2e693664ef2671e7f3,primary_analysis,0.9938810198300283,0.9930272670628674,0.0009043666009437607,,,primary_train,0.9995662175717096,0.9999353757176184,completed,primary_train
run_0442,organamnist,split_02,1002,42,resnet18,B,5e203de9913a10ae47f75aab7d778e21e9a142a0699f4a4a6c374b725d67c1ae,2747cdbcac3b225d7e8e6a18dc719997662e7168c9964e2e693664ef2671e7f3,primary_analysis,0.9942209631728045,0.9944797150994001,0.000849473739414116,,,primary_train,0.9995243389222036,0.9999485543427918,completed,primary_train
run_0443,organamnist,split_02,1002,42,resnet50,A,5e203de9913a10ae47f75aab7d778e21e9a142a0699f4a4a6c374b725d67c1ae,2747cdbcac3b225d7e8e6a18dc719997662e7168c9964e2e693664ef2671e7f3,primary_analysis,0.9952407932011331,0.9939931898086037,0.000689380880354477,,,primary_train,0.9997367949818335,0.9999712732297525,completed,primary_train
run_0444,organamnist,split_02,1002,42,resnet50,B,5e203de9913a10ae47f75aab7d778e21e9a142a0699f4a4a6c374b725d67c1ae,2747cdbcac3b225d7e8e6a18dc719997662e7168c9964e2e693664ef2671e7f3,primary_analysis,0.9955807365439093,0.9951428095907847,0.0006716178494310291,,,primary_train,0.999750812982052,0.9999728580727901,completed,primary_train
run_0445,organamnist,split_02,1002,42,densenet121,A,5e203de9913a10ae47f75aab7d778e21e9a142a0699f4a4a6c374b725d67c1ae,2747cdbcac3b225d7e8e6a18dc719997662e7168c9964e2e693664ef2671e7f3,primary_analysis,0.988441926345609,0.9875760087993046,0.0015795286638778693,,,primary_train,0.9989862690341479,0.999877206093036,completed,primary_train
run_0446,organamnist,split_02,1002,42,densenet121,B,5e203de9913a10ae47f75aab7d778e21e9a142a0699f4a4a6c374b725d67c1ae,2747cdbcac3b225d7e8e6a18dc719997662e7168c9964e2e693664ef2671e7f3,primary_analysis,0.9905949008498584,0.9900265439603781,0.0012571832153252342,,,primary_train,0.9992649525212852,0.9999219224214467,completed,primary_train
run_0447,organamnist,split_02,1002,42,efficientnet_b0,A,5e203de9913a10ae47f75aab7d778e21e9a142a0699f4a4a6c374b725d67c1ae,2747cdbcac3b225d7e8e6a18dc719997662e7168c9964e2e693664ef2671e7f3,primary_analysis,0.9555807365439094,0.9570646770594992,0.005885785777809526,,,primary_train,0.9887164700279072,0.9985856216811434,completed,primary_train
run_0448,organamnist,split_02,1002,42,efficientnet_b0,B,5e203de9913a10ae47f75aab7d778e21e9a142a0699f4a4a6c374b725d67c1ae,2747cdbcac3b225d7e8e6a18dc719997662e7168c9964e2e693664ef2671e7f3,primary_analysis,0.9580736543909348,0.9585748685099967,0.005702635297651113,,,primary_train,0.9894889950043196,0.9986704373298846,completed,primary_train
run_0449,organamnist,split_02,1002,52,resnet18,A,5e203de9913a10ae47f75aab7d778e21e9a142a0699f4a4a6c374b725d67c1ae,2747cdbcac3b225d7e8e6a18dc719997662e7168c9964e2e693664ef2671e7f3,primary_analysis,0.9941076487252125,0.9937935289730898,0.0008449977494030741,,,primary_train,0.999555073623575,0.999942809169433,completed,primary_train
run_0450,organamnist,split_02,1002,52,resnet18,B,5e203de9913a10ae47f75aab7d778e21e9a142a0699f4a4a6c374b725d67c1ae,2747cdbcac3b225d7e8e6a18dc719997662e7168c9964e2e693664ef2671e7f3,primary_analysis,0.9958073654390935,0.9954350275083077,0.0006291270345860611,,,primary_train,0.9997449972547695,0.9999715478983844,completed,primary_train
run_0451,organamnist,split_02,1002,52,resnet50,A,5e203de9913a10ae47f75aab7d778e21e9a142a0699f4a4a6c374b725d67c1ae,2747cdbcac3b225d7e8e6a18dc719997662e7168c9964e2e693664ef2671e7f3,primary_analysis,0.9908215297450425,0.9905319139746667,0.0012493446215541965,,,primary_train,0.9995038668885109,0.9999472524017626,completed,primary_train
run_0452,organamnist,split_02,1002,52,resnet50,B,5e203de9913a10ae47f75aab7d778e21e9a142a0699f4a4a6c374b725d67c1ae,2747cdbcac3b225d7e8e6a18dc719997662e7168c9964e2e693664ef2671e7f3,primary_analysis,0.9959206798866855,0.9952416583571876,0.0005985932888772403,,,primary_train,0.9997464780136017,0.9999748061181376,completed,primary_train
run_0453,organamnist,split_02,1002,52,densenet121,A,5e203de9913a10ae47f75aab7d778e21e9a142a0699f4a4a6c374b725d67c1ae,2747cdbcac3b225d7e8e6a18dc719997662e7168c9964e2e693664ef2671e7f3,primary_analysis,0.988441926345609,0.9880605163093518,0.001563106393120194,,,primary_train,0.9988816239183237,0.9998672321445821,completed,primary_train
run_0454,organamnist,split_02,1002,52,densenet121,B,5e203de9913a10ae47f75aab7d778e21e9a142a0699f4a4a6c374b725d67c1ae,2747cdbcac3b225d7e8e6a18dc719997662e7168c9964e2e693664ef2671e7f3,primary_analysis,0.993314447592068,0.9929274412046213,0.0009281535655352218,,,primary_train,0.999541610903171,0.9999471274824692,completed,primary_train
run_0455,organamnist,split_02,1002,52,efficientnet_b0,A,5e203de9913a10ae47f75aab7d778e21e9a142a0699f4a4a6c374b725d67c1ae,2747cdbcac3b225d7e8e6a18dc719997662e7168c9964e2e693664ef2671e7f3,primary_analysis,0.961586402266289,0.9625025237097887,0.005348659925683328,,,primary_train,0.9902884728626457,0.9987723122057957,completed,primary_train
run_0456,organamnist,split_02,1002,52,efficientnet_b0,B,5e203de9913a10ae47f75aab7d778e21e9a142a0699f4a4a6c374b725d67c1ae,2747cdbcac3b225d7e8e6a18dc719997662e7168c9964e2e693664ef2671e7f3,primary_analysis,0.9597733711048159,0.9608111031771791,0.005576050588903226,,,primary_train,0.9894950693383717,0.9986389828737969,completed,primary_train
run_0457,organamnist,split_02,1002,62,resnet18,A,5e203de9913a10ae47f75aab7d778e21e9a142a0699f4a4a6c374b725d67c1ae,2747cdbcac3b225d7e8e6a18dc719997662e7168c9964e2e693664ef2671e7f3,primary_analysis,0.9898016997167138,0.990148483495253,0.0013216605202693822,,,primary_train,0.9991222029350268,0.9998904597051722,completed,primary_train
run_0458,organamnist,split_02,1002,62,resnet18,B,5e203de9913a10ae47f75aab7d778e21e9a142a0699f4a4a6c374b725d67c1ae,2747cdbcac3b225d7e8e6a18dc719997662e7168c9964e2e693664ef2671e7f3,primary_analysis,0.9959206798866855,0.9955703347895702,0.0006164618565339621,,,primary_train,0.9995902681226809,0.9999450829950337,completed,primary_train
run_0459,organamnist,split_02,1002,62,resnet50,A,5e203de9913a10ae47f75aab7d778e21e9a142a0699f4a4a6c374b725d67c1ae,2747cdbcac3b225d7e8e6a18dc719997662e7168c9964e2e693664ef2671e7f3,primary_analysis,0.9941076487252125,0.9935515127683334,0.000829620844438543,,,primary_train,0.9997310910540045,0.9999720338082949,completed,primary_train
run_0460,organamnist,split_02,1002,62,resnet50,B,5e203de9913a10ae47f75aab7d778e21e9a142a0699f4a4a6c374b725d67c1ae,2747cdbcac3b225d7e8e6a18dc719997662e7168c9964e2e693664ef2671e7f3,primary_analysis,0.99671388101983,0.9964933836242431,0.00049832237959575,,,primary_train,0.9998247019424422,0.9999816889941385,completed,primary_train
run_0461,organamnist,split_02,1002,62,densenet121,A,5e203de9913a10ae47f75aab7d778e21e9a142a0699f4a4a6c374b725d67c1ae,2747cdbcac3b225d7e8e6a18dc719997662e7168c9964e2e693664ef2671e7f3,primary_analysis,0.9908215297450425,0.9906349024411043,0.0013517900669259772,,,primary_train,0.9991405053716932,0.9998988100674289,completed,primary_train
run_0462,organamnist,split_02,1002,62,densenet121,B,5e203de9913a10ae47f75aab7d778e21e9a142a0699f4a4a6c374b725d67c1ae,2747cdbcac3b225d7e8e6a18dc719997662e7168c9964e2e693664ef2671e7f3,primary_analysis,0.9888951841359773,0.9881851314671124,0.0015369540374013655,,,primary_train,0.9993331861816398,0.999925124432605,completed,primary_train
run_0463,organamnist,split_02,1002,62,efficientnet_b0,A,5e203de9913a10ae47f75aab7d778e21e9a142a0699f4a4a6c374b725d67c1ae,2747cdbcac3b225d7e8e6a18dc719997662e7168c9964e2e693664ef2671e7f3,primary_analysis,0.9606798866855524,0.9607216528791779,0.005304991374533757,,,primary_train,0.9907662169195363,0.9988516102793088,completed,primary_train
run_0464,organamnist,split_02,1002,62,efficientnet_b0,B,5e203de9913a10ae47f75aab7d778e21e9a142a0699f4a4a6c374b725d67c1ae,2747cdbcac3b225d7e8e6a18dc719997662e7168c9964e2e693664ef2671e7f3,primary_analysis,0.9606798866855524,0.9607216528791779,0.005304991374533757,,,primary_train,0.9907662169195363,0.9988516102793088,completed,primary_train
run_0465,organamnist,split_02,1002,72,resnet18,A,5e203de9913a10ae47f75aab7d778e21e9a142a0699f4a4a6c374b725d67c1ae,2747cdbcac3b225d7e8e6a18dc719997662e7168c9964e2e693664ef2671e7f3,primary_analysis,0.9944475920679887,0.9939734567957733,0.0007754217520962362,,,primary_train,0.9995426744700674,0.9999417416297159,completed,primary_train
run_0466,organamnist,split_02,1002,72,resnet18,B,5e203de9913a10ae47f75aab7d778e21e9a142a0699f4a4a6c374b725d67c1ae,2747cdbcac3b225d7e8e6a18dc719997662e7168c9964e2e693664ef2671e7f3,primary_analysis,0.9964872521246458,0.9956382817791961,0.0005086036406061387,,,primary_train,0.9996638716079413,0.9999513497409996,completed,primary_train
run_0467,organamnist,split_02,1002,72,resnet50,A,5e203de9913a10ae47f75aab7d778e21e9a142a0699f4a4a6c374b725d67c1ae,2747cdbcac3b225d7e8e6a18dc719997662e7168c9964e2e693664ef2671e7f3,primary_analysis,0.9939943342776204,0.9933977979277053,0.0008290742047516367,,,primary_train,0.9996720937599929,0.9999649265471869,completed,primary_train
run_0468,organamnist,split_02,1002,72,resnet50,B,5e203de9913a10ae47f75aab7d778e21e9a142a0699f4a4a6c374b725d67c1ae,2747cdbcac3b225d7e8e6a18dc719997662e7168c9964e2e693664ef2671e7f3,primary_analysis,0.9962606232294617,0.9951680327526965,0.0004916942948243239,,,primary_train,0.99979193799617,0.9999774619950016,completed,primary_train
run_0469,organamnist,split_02,1002,72,densenet121,A,5e203de9913a10ae47f75aab7d778e21e9a142a0699f4a4a6c374b725d67c1ae,2747cdbcac3b225d7e8e6a18dc719997662e7168c9964e2e693664ef2671e7f3,primary_analysis,0.9918413597733711,0.9912005979962726,0.00117881650449385,,,primary_train,0.9990912460701772,0.99989305054895,completed,primary_train
run_0470,organamnist,split_02,1002,72,densenet121,B,5e203de9913a10ae47f75aab7d778e21e9a142a0699f4a4a6c374b725d67c1ae,2747cdbcac3b225d7e8e6a18dc719997662e7168c9964e2e693664ef2671e7f3,primary_analysis,0.9903682719546743,0.9899079660016148,0.0012928931246567645,,,primary_train,0.9991892114017641,0.9998993004525338,completed,primary_train
run_0471,organamnist,split_02,1002,72,efficientnet_b0,A,5e203de9913a10ae47f75aab7d778e21e9a142a0699f4a4a6c374b725d67c1ae,2747cdbcac3b225d7e8e6a18dc719997662e7168c9964e2e693664ef2671e7f3,primary_analysis,0.961586402266289,0.9618925350701784,0.005402313626022489,,,primary_train,0.9900852682433317,0.9987125758297519,completed,primary_train
run_0472,organamnist,split_02,1002,72,efficientnet_b0,B,5e203de9913a10ae47f75aab7d778e21e9a142a0699f4a4a6c374b725d67c1ae,2747cdbcac3b225d7e8e6a18dc719997662e7168c9964e2e693664ef2671e7f3,primary_analysis,0.959886685552408,0.961491280183777,0.005411448404148776,,,primary_train,0.9903513033138431,0.9987598859083394,completed,primary_train
run_0473,organamnist,split_02,1002,82,resnet18,A,5e203de9913a10ae47f75aab7d778e21e9a142a0699f4a4a6c374b725d67c1ae,2747cdbcac3b225d7e8e6a18dc719997662e7168c9964e2e693664ef2671e7f3,primary_analysis,0.9930878186968839,0.9927851295814687,0.0010001912203445604,,,primary_train,0.9993892648722187,0.9999002094490393,completed,primary_train
run_0474,organamnist,split_02,1002,82,resnet18,B,5e203de9913a10ae47f75aab7d778e21e9a142a0699f4a4a6c374b725d67c1ae,2747cdbcac3b225d7e8e6a18dc719997662e7168c9964e2e693664ef2671e7f3,primary_analysis,0.9947875354107649,0.9947199433167125,0.0007478926647571726,,,primary_train,0.9997075382088824,0.9999656114730666,completed,primary_train
run_0475,organamnist,split_02,1002,82,resnet50,A,5e203de9913a10ae47f75aab7d778e21e9a142a0699f4a4a6c374b725d67c1ae,2747cdbcac3b225d7e8e6a18dc719997662e7168c9964e2e693664ef2671e7f3,primary_analysis,0.9938810198300283,0.9929289856122857,0.0008597527885555758,,,primary_train,0.9996447248654351,0.9999606268790969,completed,primary_train
run_0476,organamnist,split_02,1002,82,resnet50,B,5e203de9913a10ae47f75aab7d778e21e9a142a0699f4a4a6c374b725d67c1ae,2747cdbcac3b225d7e8e6a18dc719997662e7168c9964e2e693664ef2671e7f3,primary_analysis,0.9947875354107649,0.9942693860675521,0.0007070511148522065,,,primary_train,0.9997731356620353,0.9999732027159219,completed,primary_train
run_0477,organamnist,split_02,1002,82,densenet121,A,5e203de9913a10ae47f75aab7d778e21e9a142a0699f4a4a6c374b725d67c1ae,2747cdbcac3b225d7e8e6a18dc719997662e7168c9964e2e693664ef2671e7f3,primary_analysis,0.9888951841359773,0.9884039455298126,0.0014934790724536915,,,primary_train,0.9991806272261577,0.9999065357842055,completed,primary_train
run_0478,organamnist,split_02,1002,82,densenet121,B,5e203de9913a10ae47f75aab7d778e21e9a142a0699f4a4a6c374b725d67c1ae,2747cdbcac3b225d7e8e6a18dc719997662e7168c9964e2e693664ef2671e7f3,primary_analysis,0.9932011331444759,0.9925354567438478,0.0010228689681827962,,,primary_train,0.9994316149448165,0.9999373251373275,completed,primary_train
run_0479,organamnist,split_02,1002,82,efficientnet_b0,A,5e203de9913a10ae47f75aab7d778e21e9a142a0699f4a4a6c374b725d67c1ae,2747cdbcac3b225d7e8e6a18dc719997662e7168c9964e2e693664ef2671e7f3,primary_analysis,0.95671388101983,0.9575123703737938,0.0059459685764202165,,,primary_train,0.9887402078098254,0.9985400512884712,completed,primary_train
run_0480,organamnist,split_02,1002,82,efficientnet_b0,B,5e203de9913a10ae47f75aab7d778e21e9a142a0699f4a4a6c374b725d67c1ae,2747cdbcac3b225d7e8e6a18dc719997662e7168c9964e2e693664ef2671e7f3,primary_analysis,0.961699716713881,0.9633765428153223,0.005458794696983472,,,primary_train,0.9900935222412457,0.9987249896293933,completed,primary_train
run_0481,organamnist,split_03,1003,42,resnet18,A,5e203de9913a10ae47f75aab7d778e21e9a142a0699f4a4a6c374b725d67c1ae,cea91dcfbd5ad60fdb630bfb6973164faa8243589611993333fbb7630787d132,primary_analysis,0.9969405099150142,0.9965424111859182,0.00047533482280149604,,,primary_train,0.9998711410103549,0.9999852377012161,completed,primary_train
run_0482,organamnist,split_03,1003,42,resnet18,B,5e203de9913a10ae47f75aab7d778e21e9a142a0699f4a4a6c374b725d67c1ae,cea91dcfbd5ad60fdb630bfb6973164faa8243589611993333fbb7630787d132,primary_analysis,0.996827195467422,0.996417115113562,0.00043403720402283846,,,primary_train,0.999866447379549,0.999984381409434,completed,primary_train
run_0483,organamnist,split_03,1003,42,resnet50,A,5e203de9913a10ae47f75aab7d778e21e9a142a0699f4a4a6c374b725d67c1ae,cea91dcfbd5ad60fdb630bfb6973164faa8243589611993333fbb7630787d132,primary_analysis,0.9960339943342776,0.9962763362225814,0.0006007200563017227,,,primary_train,0.9997740367321885,0.9999692779283198,completed,primary_train
run_0484,organamnist,split_03,1003,42,resnet50,B,5e203de9913a10ae47f75aab7d778e21e9a142a0699f4a4a6c374b725d67c1ae,cea91dcfbd5ad60fdb630bfb6973164faa8243589611993333fbb7630787d132,primary_analysis,0.9973937677053825,0.9975357942856217,0.00040503471489354765,,,primary_train,0.999932082310369,0.9999929484837903,completed,primary_train
run_0485,organamnist,split_03,1003,42,densenet121,A,5e203de9913a10ae47f75aab7d778e21e9a142a0699f4a4a6c374b725d67c1ae,cea91dcfbd5ad60fdb630bfb6973164faa8243589611993333fbb7630787d132,primary_analysis,0.9892351274787535,0.9889390505464138,0.0015192304408132968,,,primary_train,0.9991659188159598,0.9999068022637917,completed,primary_train
run_0486,organamnist,split_03,1003,42,densenet121,B,5e203de9913a10ae47f75aab7d778e21e9a142a0699f4a4a6c374b725d67c1ae,cea91dcfbd5ad60fdb630bfb6973164faa8243589611993333fbb7630787d132,primary_analysis,0.9919546742209632,0.9922305677235168,0.0011519798572849444,,,primary_train,0.9995655131574572,0.9999503145488142,completed,primary_train
run_0487,organamnist,split_03,1003,42,efficientnet_b0,A,5e203de9913a10ae47f75aab7d778e21e9a142a0699f4a4a6c374b725d67c1ae,cea91dcfbd5ad60fdb630bfb6973164faa8243589611993333fbb7630787d132,primary_analysis,0.9658923512747876,0.9667994534911796,0.004731169234816683,,,primary_train,0.9928523317138914,0.999103509404324,completed,primary_train
run_0488,organamnist,split_03,1003,42,efficientnet_b0,B,5e203de9913a10ae47f75aab7d778e21e9a142a0699f4a4a6c374b725d67c1ae,cea91dcfbd5ad60fdb630bfb6973164faa8243589611993333fbb7630787d132,primary_analysis,0.9658923512747876,0.9667994534911796,0.004731169234816683,,,primary_train,0.9928523317138914,0.999103509404324,completed,primary_train
run_0489,organamnist,split_03,1003,52,resnet18,A,5e203de9913a10ae47f75aab7d778e21e9a142a0699f4a4a6c374b725d67c1ae,cea91dcfbd5ad60fdb630bfb6973164faa8243589611993333fbb7630787d132,primary_analysis,0.9947875354107649,0.9949967732360939,0.0006960374184304233,,,primary_train,0.9997315882954303,0.9999693513367091,completed,primary_train
run_0490,organamnist,split_03,1003,52,resnet18,B,5e203de9913a10ae47f75aab7d778e21e9a142a0699f4a4a6c374b725d67c1ae,cea91dcfbd5ad60fdb630bfb6973164faa8243589611993333fbb7630787d132,primary_analysis,0.9960339943342776,0.996061500773316,0.0005381499899744916,,,primary_train,0.999816623852526,0.9999788422001923,completed,primary_train
run_0491,organamnist,split_03,1003,52,resnet50,A,5e203de9913a10ae47f75aab7d778e21e9a142a0699f4a4a6c374b725d67c1ae,cea91dcfbd5ad60fdb630bfb6973164faa8243589611993333fbb7630787d132,primary_analysis,0.9954674220963173,0.9949200281687055,0.0006482943453228734,,,primary_train,0.9998334538090426,0.99998123195379,completed,primary_train
run_0492,organamnist,split_03,1003,52,resnet50,B,5e203de9913a10ae47f75aab7d778e21e9a142a0699f4a4a6c374b725d67c1ae,cea91dcfbd5ad60fdb630bfb6973164faa8243589611993333fbb7630787d132,primary_analysis,0.996600566572238,0.9965598908935149,0.0005132271792482946,,,primary_train,0.9998437160787788,0.999986553948252,completed,primary_train
run_0493,organamnist,split_03,1003,52,densenet121,A,5e203de9913a10ae47f75aab7d778e21e9a142a0699f4a4a6c374b725d67c1ae,cea91dcfbd5ad60fdb630bfb6973164faa8243589611993333fbb7630787d132,primary_analysis,0.990028328611898,0.989087672329541,0.0013667449489622376,,,primary_train,0.9991371264774469,0.9999007302377797,completed,primary_train
run_0494,organamnist,split_03,1003,52,densenet121,B,5e203de9913a10ae47f75aab7d778e21e9a142a0699f4a4a6c374b725d67c1ae,cea91dcfbd5ad60fdb630bfb6973164faa8243589611993333fbb7630787d132,primary_analysis,0.9910481586402267,0.9911383099065477,0.0012143729041652976,,,primary_train,0.9994946765004736,0.9999425911103191,completed,primary_train
run_0495,organamnist,split_03,1003,52,efficientnet_b0,A,5e203de9913a10ae47f75aab7d778e21e9a142a0699f4a4a6c374b725d67c1ae,cea91dcfbd5ad60fdb630bfb6973164faa8243589611993333fbb7630787d132,primary_analysis,0.9643059490084985,0.9653119085090824,0.004850291591154041,,,primary_train,0.9928046396299205,0.9990536791456432,completed,primary_train
run_0496,organamnist,split_03,1003,52,efficientnet_b0,B,5e203de9913a10ae47f75aab7d778e21e9a142a0699f4a4a6c374b725d67c1ae,cea91dcfbd5ad60fdb630bfb6973164faa8243589611993333fbb7630787d132,primary_analysis,0.9631728045325779,0.96460535700765,0.005050645317320651,,,primary_train,0.9924498860006458,0.9990228168996699,completed,primary_train
run_0497,organamnist,split_03,1003,62,resnet18,A,5e203de9913a10ae47f75aab7d778e21e9a142a0699f4a4a6c374b725d67c1ae,cea91dcfbd5ad60fdb630bfb6973164faa8243589611993333fbb7630787d132,primary_analysis,0.9958073654390935,0.9958479920899418,0.0006242731415827943,,,primary_train,0.9998647934823353,0.9999854618072284,completed,primary_train
run_0498,organamnist,split_03,1003,62,resnet18,B,5e203de9913a10ae47f75aab7d778e21e9a142a0699f4a4a6c374b725d67c1ae,cea91dcfbd5ad60fdb630bfb6973164faa8243589611993333fbb7630787d132,primary_analysis,0.9963739376770538,0.9962881739895895,0.0005081686072020013,,,primary_train,0.9998979689787144,0.9999890254414293,completed,primary_train
run_0499,organamnist,split_03,1003,62,resnet50,A,5e203de9913a10ae47f75aab7d778e21e9a142a0699f4a4a6c374b725d67c1ae,cea91dcfbd5ad60fdb630bfb6973164faa8243589611993333fbb7630787d132,primary_analysis,0.9946742209631728,0.9937969644806226,0.0007585062840112151,,,primary_train,0.9998525928910862,0.9999852023274204,completed,primary_train
run_0500,organamnist,split_03,1003,62,resnet50,B,5e203de9913a10ae47f75aab7d778e21e9a142a0699f4a4a6c374b725d67c1ae,cea91dcfbd5ad60fdb630bfb6973164faa8243589611993333fbb7630787d132,primary_analysis,0.9964872521246458,0.9968779266603466,0.0004898405323210428,,,primary_train,0.9999352983252653,0.9999923988930083,completed,primary_train
run_0501,organamnist,split_03,1003,62,densenet121,A,5e203de9913a10ae47f75aab7d778e21e9a142a0699f4a4a6c374b725d67c1ae,cea91dcfbd5ad60fdb630bfb6973164faa8243589611993333fbb7630787d132,primary_analysis,0.9868555240793201,0.9872127171036368,0.0017481602640536551,,,primary_train,0.9988633523006883,0.9998664164257666,completed,primary_train
run_0502,organamnist,split_03,1003,62,densenet121,B,5e203de9913a10ae47f75aab7d778e21e9a142a0699f4a4a6c374b725d67c1ae,cea91dcfbd5ad60fdb630bfb6973164faa8243589611993333fbb7630787d132,primary_analysis,0.99014164305949,0.9890144018276917,0.0014273646040960158,,,primary_train,0.9994497787453831,0.9999330009788071,completed,primary_train
run_0503,organamnist,split_03,1003,62,efficientnet_b0,A,5e203de9913a10ae47f75aab7d778e21e9a142a0699f4a4a6c374b725d67c1ae,cea91dcfbd5ad60fdb630bfb6973164faa8243589611993333fbb7630787d132,primary_analysis,0.963399433427762,0.9639771548347613,0.004818974961003715,,,primary_train,0.9926305055886598,0.9990343693988496,completed,primary_train
run_0504,organamnist,split_03,1003,62,efficientnet_b0,B,5e203de9913a10ae47f75aab7d778e21e9a142a0699f4a4a6c374b725d67c1ae,cea91dcfbd5ad60fdb630bfb6973164faa8243589611993333fbb7630787d132,primary_analysis,0.965099150141643,0.9666929542734636,0.004795747776321655,,,primary_train,0.9930953827367244,0.9991075476537951,completed,primary_train
run_0505,organamnist,split_03,1003,72,resnet18,A,5e203de9913a10ae47f75aab7d778e21e9a142a0699f4a4a6c374b725d67c1ae,cea91dcfbd5ad60fdb630bfb6973164faa8243589611993333fbb7630787d132,primary_analysis,0.9947875354107649,0.994604211455044,0.0007019252248821341,,,primary_train,0.9998206274981563,0.999981915753165,completed,primary_train
run_0506,organamnist,split_03,1003,72,resnet18,B,5e203de9913a10ae47f75aab7d778e21e9a142a0699f4a4a6c374b725d67c1ae,cea91dcfbd5ad60fdb630bfb6973164faa8243589611993333fbb7630787d132,primary_analysis,0.9959206798866855,0.9959920620784477,0.0005294827406182082,,,primary_train,0.9999234047844069,0.9999921281431707,completed,primary_train
run_0507,organamnist,split_03,1003,72,resnet50,A,5e203de9913a10ae47f75aab7d778e21e9a142a0699f4a4a6c374b725d67c1ae,cea91dcfbd5ad60fdb630bfb6973164faa8243589611993333fbb7630787d132,primary_analysis,0.9925212464589235,0.9924540877357775,0.0010200070912750518,,,primary_train,0.9996005899249912,0.9999525775538711,completed,primary_train
run_0508,organamnist,split_03,1003,72,resnet50,B,5e203de9913a10ae47f75aab7d778e21e9a142a0699f4a4a6c374b725d67c1ae,cea91dcfbd5ad60fdb630bfb6973164faa8243589611993333fbb7630787d132,primary_analysis,0.9952407932011331,0.9953690006793152,0.0005919014313130345,,,primary_train,0.9998981768982954,0.9999876329927992,completed,primary_train
run_0509,organamnist,split_03,1003,72,densenet121,A,5e203de9913a10ae47f75aab7d778e21e9a142a0699f4a4a6c374b725d67c1ae,cea91dcfbd5ad60fdb630bfb6973164faa8243589611993333fbb7630787d132,primary_analysis,0.9912747875354108,0.9905508676841227,0.0012843879361630643,,,primary_train,0.9992392573460133,0.9999163270455199,completed,primary_train
run_0510,organamnist,split_03,1003,72,densenet121,B,5e203de9913a10ae47f75aab7d778e21e9a142a0699f4a4a6c374b725d67c1ae,cea91dcfbd5ad60fdb630bfb6973164faa8243589611993333fbb7630787d132,primary_analysis,0.99014164305949,0.9906624287459209,0.001429083190650181,,,primary_train,0.9993760483050393,0.99992561666779,completed,primary_train
run_0511,organamnist,split_03,1003,72,efficientnet_b0,A,5e203de9913a10ae47f75aab7d778e21e9a142a0699f4a4a6c374b725d67c1ae,cea91dcfbd5ad60fdb630bfb6973164faa8243589611993333fbb7630787d132,primary_analysis,0.9636260623229462,0.963994491726178,0.004911173805004195,,,primary_train,0.9924729578353663,0.9990354673483004,completed,primary_train
run_0512,organamnist,split_03,1003,72,efficientnet_b0,B,5e203de9913a10ae47f75aab7d778e21e9a142a0699f4a4a6c374b725d67c1ae,cea91dcfbd5ad60fdb630bfb6973164faa8243589611993333fbb7630787d132,primary_analysis,0.965099150141643,0.9663151532537279,0.0048296252802513895,,,primary_train,0.9927569142605154,0.9990585602007478,completed,primary_train
run_0513,organamnist,split_03,1003,82,resnet18,A,5e203de9913a10ae47f75aab7d778e21e9a142a0699f4a4a6c374b725d67c1ae,cea91dcfbd5ad60fdb630bfb6973164faa8243589611993333fbb7630787d132,primary_analysis,0.9955807365439093,0.9959317002099998,0.0006075456204229441,,,primary_train,0.999804807546811,0.9999780389871282,completed,primary_train
run_0514,organamnist,split_03,1003,82,resnet18,B,5e203de9913a10ae47f75aab7d778e21e9a142a0699f4a4a6c374b725d67c1ae,cea91dcfbd5ad60fdb630bfb6973164faa8243589611993333fbb7630787d132,primary_analysis,0.9972804532577904,0.9971609297381019,0.0004370949685183294,,,primary_train,0.9998976890476741,0.9999897963090063,completed,primary_train
run_0515,organamnist,split_03,1003,82,resnet50,A,5e203de9913a10ae47f75aab7d778e21e9a142a0699f4a4a6c374b725d67c1ae,cea91dcfbd5ad60fdb630bfb6973164faa8243589611993333fbb7630787d132,primary_analysis,0.9943342776203966,0.9939808535842196,0.0007846692925652055,,,primary_train,0.9997896951926619,0.9999757628902469,completed,primary_train
run_0516,organamnist,split_03,1003,82,resnet50,B,5e203de9913a10ae47f75aab7d778e21e9a142a0699f4a4a6c374b725d67c1ae,cea91dcfbd5ad60fdb630bfb6973164faa8243589611993333fbb7630787d132,primary_analysis,0.9969405099150142,0.9973665865880398,0.00042451023565374946,,,primary_train,0.9999257621336821,0.9999908862938789,completed,primary_train
run_0517,organamnist,split_03,1003,82,densenet121,A,5e203de9913a10ae47f75aab7d778e21e9a142a0699f4a4a6c374b725d67c1ae,cea91dcfbd5ad60fdb630bfb6973164faa8243589611993333fbb7630787d132,primary_analysis,0.9924079320113315,0.99190513358447,0.0010167200299392395,,,primary_train,0.9994742537831377,0.9999364016825151,completed,primary_train
run_0518,organamnist,split_03,1003,82,densenet121,B,5e203de9913a10ae47f75aab7d778e21e9a142a0699f4a4a6c374b725d67c1ae,cea91dcfbd5ad60fdb630bfb6973164faa8243589611993333fbb7630787d132,primary_analysis,0.9930878186968839,0.9916075345212153,0.0010054919534851687,,,primary_train,0.999599429866458,0.9999557605190256,completed,primary_train
run_0519,organamnist,split_03,1003,82,efficientnet_b0,A,5e203de9913a10ae47f75aab7d778e21e9a142a0699f4a4a6c374b725d67c1ae,cea91dcfbd5ad60fdb630bfb6973164faa8243589611993333fbb7630787d132,primary_analysis,0.9612464589235128,0.9621607820475354,0.00501692071392118,,,primary_train,0.9921707675785781,0.9989872903470975,completed,primary_train
run_0520,organamnist,split_03,1003,82,efficientnet_b0,B,5e203de9913a10ae47f75aab7d778e21e9a142a0699f4a4a6c374b725d67c1ae,cea91dcfbd5ad60fdb630bfb6973164faa8243589611993333fbb7630787d132,primary_analysis,0.9614730878186969,0.9631703668369318,0.005021783551530711,,,primary_train,0.9921872587214005,0.9989949622019055,completed,primary_train
run_0521,organamnist,split_04,1004,42,resnet18,A,5e203de9913a10ae47f75aab7d778e21e9a142a0699f4a4a6c374b725d67c1ae,4434db629e8e4c1ac4b22825dac67e3d05da16f84b3cde1a7a872f1701ecdd2d,primary_analysis,0.9936543909348442,0.9933000526599263,0.0008537429328254247,,,primary_train,0.9997240621845799,0.9999716363874632,completed,primary_train
run_0522,organamnist,split_04,1004,42,resnet18,B,5e203de9913a10ae47f75aab7d778e21e9a142a0699f4a4a6c374b725d67c1ae,4434db629e8e4c1ac4b22825dac67e3d05da16f84b3cde1a7a872f1701ecdd2d,primary_analysis,0.9951274787535411,0.9947330489534206,0.0007448408200018123,,,primary_train,0.9998326271276341,0.9999826917047869,completed,primary_train
run_0523,organamnist,split_04,1004,42,resnet50,A,5e203de9913a10ae47f75aab7d778e21e9a142a0699f4a4a6c374b725d67c1ae,4434db629e8e4c1ac4b22825dac67e3d05da16f84b3cde1a7a872f1701ecdd2d,primary_analysis,0.9945609065155807,0.9943718045764924,0.0007605041128923406,,,primary_train,0.999810252134136,0.9999784956091059,completed,primary_train
run_0524,organamnist,split_04,1004,42,resnet50,B,5e203de9913a10ae47f75aab7d778e21e9a142a0699f4a4a6c374b725d67c1ae,4434db629e8e4c1ac4b22825dac67e3d05da16f84b3cde1a7a872f1701ecdd2d,primary_analysis,0.9963739376770538,0.995700429914152,0.0005896342453185773,,,primary_train,0.9998151065154662,0.9999798217376992,completed,primary_train
run_0525,organamnist,split_04,1004,42,densenet121,A,5e203de9913a10ae47f75aab7d778e21e9a142a0699f4a4a6c374b725d67c1ae,4434db629e8e4c1ac4b22825dac67e3d05da16f84b3cde1a7a872f1701ecdd2d,primary_analysis,0.9909348441926346,0.990270536374129,0.0012852860540206936,,,primary_train,0.9993797166949883,0.9999264291457145,completed,primary_train
run_0526,organamnist,split_04,1004,42,densenet121,B,5e203de9913a10ae47f75aab7d778e21e9a142a0699f4a4a6c374b725d67c1ae,4434db629e8e4c1ac4b22825dac67e3d05da16f84b3cde1a7a872f1701ecdd2d,primary_analysis,0.9921813031161473,0.992093556260834,0.0011162080717054866,,,primary_train,0.9994308733950414,0.9999310648360459,completed,primary_train
run_0527,organamnist,split_04,1004,42,efficientnet_b0,A,5e203de9913a10ae47f75aab7d778e21e9a142a0699f4a4a6c374b725d67c1ae,4434db629e8e4c1ac4b22825dac67e3d05da16f84b3cde1a7a872f1701ecdd2d,primary_analysis,0.9639660056657223,0.9660039238094843,0.004993120448514973,,,primary_train,0.9920984693408429,0.9989463038419828,completed,primary_train
run_0528,organamnist,split_04,1004,42,efficientnet_b0,B,5e203de9913a10ae47f75aab7d778e21e9a142a0699f4a4a6c374b725d67c1ae,4434db629e8e4c1ac4b22825dac67e3d05da16f84b3cde1a7a872f1701ecdd2d,primary_analysis,0.9606798866855524,0.9619119998970923,0.005218119916264244,,,primary_train,0.9914938599626705,0.9988746984825195,completed,primary_train
run_0529,organamnist,split_04,1004,52,resnet18,A,5e203de9913a10ae47f75aab7d778e21e9a142a0699f4a4a6c374b725d67c1ae,4434db629e8e4c1ac4b22825dac67e3d05da16f84b3cde1a7a872f1701ecdd2d,primary_analysis,0.9953541076487252,0.9944497638171979,0.0006293078216882068,,,primary_train,0.9998509156429961,0.9999831799753437,completed,primary_train
run_0530,organamnist,split_04,1004,52,resnet18,B,5e203de9913a10ae47f75aab7d778e21e9a142a0699f4a4a6c374b725d67c1ae,4434db629e8e4c1ac4b22825dac67e3d05da16f84b3cde1a7a872f1701ecdd2d,primary_analysis,0.9964872521246458,0.9963764720546906,0.0005149648809299217,,,primary_train,0.9998723019175116,0.9999859568566513,completed,primary_train
run_0531,organamnist,split_04,1004,52,resnet50,A,5e203de9913a10ae47f75aab7d778e21e9a142a0699f4a4a6c374b725d67c1ae,4434db629e8e4c1ac4b22825dac67e3d05da16f84b3cde1a7a872f1701ecdd2d,primary_analysis,0.9943342776203966,0.9940040310531116,0.0007508994102177643,,,primary_train,0.999771413345871,0.9999762730267922,completed,primary_train
run_0532,organamnist,split_04,1004,52,resnet50,B,5e203de9913a10ae47f75aab7d778e21e9a142a0699f4a4a6c374b725d67c1ae,4434db629e8e4c1ac4b22825dac67e3d05da16f84b3cde1a7a872f1701ecdd2d,primary_analysis,0.9960339943342776,0.9961840138235846,0.0005703008293407676,,,primary_train,0.9996356356660261,0.9999538067485929,completed,primary_train
run_0533,organamnist,split_04,1004,52,densenet121,A,5e203de9913a10ae47f75aab7d778e21e9a142a0699f4a4a6c374b725d67c1ae,4434db629e8e4c1ac4b22825dac67e3d05da16f84b3cde1a7a872f1701ecdd2d,primary_analysis,0.9890084985835694,0.9884359699778101,0.0015034283416610074,,,primary_train,0.999123689446537,0.9999019247702857,completed,primary_train
run_0534,organamnist,split_04,1004,52,densenet121,B,5e203de9913a10ae47f75aab7d778e21e9a142a0699f4a4a6c374b725d67c1ae,4434db629e8e4c1ac4b22825dac67e3d05da16f84b3cde1a7a872f1701ecdd2d,primary_analysis,0.990028328611898,0.9903730369714193,0.0014279450479864552,,,primary_train,0.9992590351383931,0.99991195194936,completed,primary_train
run_0535,organamnist,split_04,1004,52,efficientnet_b0,A,5e203de9913a10ae47f75aab7d778e21e9a142a0699f4a4a6c374b725d67c1ae,4434db629e8e4c1ac4b22825dac67e3d05da16f84b3cde1a7a872f1701ecdd2d,primary_analysis,0.954900849858357,0.9552584891447018,0.006091546287000694,,,primary_train,0.9887137854264579,0.9984670934962729,completed,primary_train
run_0536,organamnist,split_04,1004,52,efficientnet_b0,B,5e203de9913a10ae47f75aab7d778e21e9a142a0699f4a4a6c374b725d67c1ae,4434db629e8e4c1ac4b22825dac67e3d05da16f84b3cde1a7a872f1701ecdd2d,primary_analysis,0.9552407932011332,0.9570260721621758,0.0059153247823790925,,,primary_train,0.9898421425756264,0.9986171517308374,completed,primary_train
run_0537,organamnist,split_04,1004,62,resnet18,A,5e203de9913a10ae47f75aab7d778e21e9a142a0699f4a4a6c374b725d67c1ae,4434db629e8e4c1ac4b22825dac67e3d05da16f84b3cde1a7a872f1701ecdd2d,primary_analysis,0.995014164305949,0.9945303697026477,0.000648182090915194,,,primary_train,0.9997418691494144,0.9999739318086811,completed,primary_train
run_0538,organamnist,split_04,1004,62,resnet18,B,5e203de9913a10ae47f75aab7d778e21e9a142a0699f4a4a6c374b725d67c1ae,4434db629e8e4c1ac4b22825dac67e3d05da16f84b3cde1a7a872f1701ecdd2d,primary_analysis,0.9941076487252125,0.9945635354716327,0.0008485420778585252,,,primary_train,0.9996849772371647,0.9999579117308435,completed,primary_train
run_0539,organamnist,split_04,1004,62,resnet50,A,5e203de9913a10ae47f75aab7d778e21e9a142a0699f4a4a6c374b725d67c1ae,4434db629e8e4c1ac4b22825dac67e3d05da16f84b3cde1a7a872f1701ecdd2d,primary_analysis,0.9939943342776204,0.9931042636642549,0.0008330860356068772,,,primary_train,0.9996589118686013,0.9999685076704552,completed,primary_train
run_0540,organamnist,split_04,1004,62,resnet50,B,5e203de9913a10ae47f75aab7d778e21e9a142a0699f4a4a6c374b725d67c1ae,4434db629e8e4c1ac4b22825dac67e3d05da16f84b3cde1a7a872f1701ecdd2d,primary_analysis,0.9955807365439093,0.9955479161072699,0.0006516265564007868,,,primary_train,0.9995932774934954,0.9999685970057268,completed,primary_train
run_0541,organamnist,split_04,1004,62,densenet121,A,5e203de9913a10ae47f75aab7d778e21e9a142a0699f4a4a6c374b725d67c1ae,4434db629e8e4c1ac4b22825dac67e3d05da16f84b3cde1a7a872f1701ecdd2d,primary_analysis,0.9909348441926346,0.9909233379978736,0.001165027251598991,,,primary_train,0.9993600732369678,0.9999220799175902,completed,primary_train
run_0542,organamnist,split_04,1004,62,densenet121,B,5e203de9913a10ae47f75aab7d778e21e9a142a0699f4a4a6c374b725d67c1ae,4434db629e8e4c1ac4b22825dac67e3d05da16f84b3cde1a7a872f1701ecdd2d,primary_analysis,0.9939943342776204,0.9943504171980746,0.0008404206213989498,,,primary_train,0.999669280002594,0.9999621859581551,completed,primary_train
run_0543,organamnist,split_04,1004,62,efficientnet_b0,A,5e203de9913a10ae47f75aab7d778e21e9a142a0699f4a4a6c374b725d67c1ae,4434db629e8e4c1ac4b22825dac67e3d05da16f84b3cde1a7a872f1701ecdd2d,primary_analysis,0.9620396600566572,0.9645164922422732,0.00520667250234337,,,primary_train,0.9917250707683035,0.998903721047872,completed,primary_train
run_0544,organamnist,split_04,1004,62,efficientnet_b0,B,5e203de9913a10ae47f75aab7d778e21e9a142a0699f4a4a6c374b725d67c1ae,4434db629e8e4c1ac4b22825dac67e3d05da16f84b3cde1a7a872f1701ecdd2d,primary_analysis,0.9620396600566572,0.9645164922422732,0.00520667250234337,,,primary_train,0.9917250707683035,0.998903721047872,completed,primary_train
run_0545,organamnist,split_04,1004,72,resnet18,A,5e203de9913a10ae47f75aab7d778e21e9a142a0699f4a4a6c374b725d67c1ae,4434db629e8e4c1ac4b22825dac67e3d05da16f84b3cde1a7a872f1701ecdd2d,primary_analysis,0.9949008498583569,0.9944219863659692,0.0007102662935988894,,,primary_train,0.999702594329235,0.9999675203154536,completed,primary_train
run_0546,organamnist,split_04,1004,72,resnet18,B,5e203de9913a10ae47f75aab7d778e21e9a142a0699f4a4a6c374b725d67c1ae,4434db629e8e4c1ac4b22825dac67e3d05da16f84b3cde1a7a872f1701ecdd2d,primary_analysis,0.9962606232294617,0.9963531890061254,0.0005681567525559917,,,primary_train,0.9998368566989846,0.9999804012803953,completed,primary_train
run_0547,organamnist,split_04,1004,72,resnet50,A,5e203de9913a10ae47f75aab7d778e21e9a142a0699f4a4a6c374b725d67c1ae,4434db629e8e4c1ac4b22825dac67e3d05da16f84b3cde1a7a872f1701ecdd2d,primary_analysis,0.9949008498583569,0.9944693479577963,0.0007413043302528219,,,primary_train,0.9998266967705883,0.9999800331660622,completed,primary_train
run_0548,organamnist,split_04,1004,72,resnet50,B,5e203de9913a10ae47f75aab7d778e21e9a142a0699f4a4a6c374b725d67c1ae,4434db629e8e4c1ac4b22825dac67e3d05da16f84b3cde1a7a872f1701ecdd2d,primary_analysis,0.9972804532577904,0.9973035243589482,0.0004227986298118327,,,primary_train,0.999841349133285,0.9999801232719943,completed,primary_train
run_0549,organamnist,split_04,1004,72,densenet121,A,5e203de9913a10ae47f75aab7d778e21e9a142a0699f4a4a6c374b725d67c1ae,4434db629e8e4c1ac4b22825dac67e3d05da16f84b3cde1a7a872f1701ecdd2d,primary_analysis,0.99014164305949,0.9900546934522698,0.0013308610990544107,,,primary_train,0.9992639615796914,0.9999104539282935,completed,primary_train
run_0550,organamnist,split_04,1004,72,densenet121,B,5e203de9913a10ae47f75aab7d778e21e9a142a0699f4a4a6c374b725d67c1ae,4434db629e8e4c1ac4b22825dac67e3d05da16f84b3cde1a7a872f1701ecdd2d,primary_analysis,0.9929745042492918,0.9922924597478822,0.0010217720120548278,,,primary_train,0.9995276342874413,0.9999469303088016,completed,primary_train
run_0551,organamnist,split_04,1004,72,efficientnet_b0,A,5e203de9913a10ae47f75aab7d778e21e9a142a0699f4a4a6c374b725d67c1ae,4434db629e8e4c1ac4b22825dac67e3d05da16f84b3cde1a7a872f1701ecdd2d,primary_analysis,0.9605665722379604,0.9626557432609301,0.005520983231128245,,,primary_train,0.9905577434697324,0.9987425576380212,completed,primary_train
run_0552,organamnist,split_04,1004,72,efficientnet_b0,B,5e203de9913a10ae47f75aab7d778e21e9a142a0699f4a4a6c374b725d67c1ae,4434db629e8e4c1ac4b22825dac67e3d05da16f84b3cde1a7a872f1701ecdd2d,primary_analysis,0.9609065155807366,0.961705804197085,0.005338498875972701,,,primary_train,0.9913729595359873,0.9988245715226679,completed,primary_train
run_0553,organamnist,split_04,1004,82,resnet18,A,5e203de9913a10ae47f75aab7d778e21e9a142a0699f4a4a6c374b725d67c1ae,4434db629e8e4c1ac4b22825dac67e3d05da16f84b3cde1a7a872f1701ecdd2d,primary_analysis,0.9956940509915014,0.9950742237390066,0.0005530492608540759,,,primary_train,0.9998496784894229,0.9999868139908593,completed,primary_train
run_0554,organamnist,split_04,1004,82,resnet18,B,5e203de9913a10ae47f75aab7d778e21e9a142a0699f4a4a6c374b725d67c1ae,4434db629e8e4c1ac4b22825dac67e3d05da16f84b3cde1a7a872f1701ecdd2d,primary_analysis,0.9945609065155807,0.994696218224389,0.0007885812144686928,,,primary_train,0.9997944911758985,0.9999761120761188,completed,primary_train
run_0555,organamnist,split_04,1004,82,resnet50,A,5e203de9913a10ae47f75aab7d778e21e9a142a0699f4a4a6c374b725d67c1ae,4434db629e8e4c1ac4b22825dac67e3d05da16f84b3cde1a7a872f1701ecdd2d,primary_analysis,0.9962606232294617,0.9958161592046821,0.0005333683254334956,,,primary_train,0.9998732881850091,0.999988428396541,completed,primary_train
run_0556,organamnist,split_04,1004,82,resnet50,B,5e203de9913a10ae47f75aab7d778e21e9a142a0699f4a4a6c374b725d67c1ae,4434db629e8e4c1ac4b22825dac67e3d05da16f84b3cde1a7a872f1701ecdd2d,primary_analysis,0.9917280453257791,0.9918435523445243,0.0011731142781186501,,,primary_train,0.99973336140657,0.9999678080614842,completed,primary_train
run_0557,organamnist,split_04,1004,82,densenet121,A,5e203de9913a10ae47f75aab7d778e21e9a142a0699f4a4a6c374b725d67c1ae,4434db629e8e4c1ac4b22825dac67e3d05da16f84b3cde1a7a872f1701ecdd2d,primary_analysis,0.9896883852691218,0.9897200913679637,0.001376727135803876,,,primary_train,0.9993861989147007,0.9999281448194175,completed,primary_train
run_0558,organamnist,split_04,1004,82,densenet121,B,5e203de9913a10ae47f75aab7d778e21e9a142a0699f4a4a6c374b725d67c1ae,4434db629e8e4c1ac4b22825dac67e3d05da16f84b3cde1a7a872f1701ecdd2d,primary_analysis,0.9922946175637394,0.9917658465215379,0.0011321385497406885,,,primary_train,0.9995575905009999,0.9999507158071427,completed,primary_train
run_0559,organamnist,split_04,1004,82,efficientnet_b0,A,5e203de9913a10ae47f75aab7d778e21e9a142a0699f4a4a6c374b725d67c1ae,4434db629e8e4c1ac4b22825dac67e3d05da16f84b3cde1a7a872f1701ecdd2d,primary_analysis,0.9590934844192635,0.958843910554155,0.005403704935860126,,,primary_train,0.9907001996217858,0.9987479012191138,completed,primary_train
run_0560,organamnist,split_04,1004,82,efficientnet_b0,B,5e203de9913a10ae47f75aab7d778e21e9a142a0699f4a4a6c374b725d67c1ae,4434db629e8e4c1ac4b22825dac67e3d05da16f84b3cde1a7a872f1701ecdd2d,primary_analysis,0.9596600566572238,0.9613973136477024,0.005458048967640915,,,primary_train,0.9913428874644936,0.9988380083218825,completed,primary_train
run_0561,organamnist,split_05,1005,42,resnet18,A,5e203de9913a10ae47f75aab7d778e21e9a142a0699f4a4a6c374b725d67c1ae,f5fa0c6f516eaca2de734b26a520f882a09f633e3114aa5ea0393c118a1cf73d,primary_analysis,0.9964872521246458,0.996636971961187,0.000490048212152453,,,primary_train,0.9998317227418672,0.999977921833925,completed,primary_train
run_0562,organamnist,split_05,1005,42,resnet18,B,5e203de9913a10ae47f75aab7d778e21e9a142a0699f4a4a6c374b725d67c1ae,f5fa0c6f516eaca2de734b26a520f882a09f633e3114aa5ea0393c118a1cf73d,primary_analysis,0.9960339943342776,0.9959339848464664,0.0005376335068591007,,,primary_train,0.9998933202331979,0.9999877625313828,completed,primary_train
run_0563,organamnist,split_05,1005,42,resnet50,A,5e203de9913a10ae47f75aab7d778e21e9a142a0699f4a4a6c374b725d67c1ae,f5fa0c6f516eaca2de734b26a520f882a09f633e3114aa5ea0393c118a1cf73d,primary_analysis,0.9936543909348442,0.993380067991668,0.00086714709240558,,,primary_train,0.9997501952603709,0.999971345727319,completed,primary_train
run_0564,organamnist,split_05,1005,42,resnet50,B,5e203de9913a10ae47f75aab7d778e21e9a142a0699f4a4a6c374b725d67c1ae,f5fa0c6f516eaca2de734b26a520f882a09f633e3114aa5ea0393c118a1cf73d,primary_analysis,0.9951274787535411,0.9948381518072484,0.0007188461909977003,,,primary_train,0.9995887383756341,0.9999573548607802,completed,primary_train
run_0565,organamnist,split_05,1005,42,densenet121,A,5e203de9913a10ae47f75aab7d778e21e9a142a0699f4a4a6c374b725d67c1ae,f5fa0c6f516eaca2de734b26a520f882a09f633e3114aa5ea0393c118a1cf73d,primary_analysis,0.9921813031161473,0.9917527860504368,0.0010538416845312126,,,primary_train,0.9993925227503713,0.9999220411630322,completed,primary_train
run_0566,organamnist,split_05,1005,42,densenet121,B,5e203de9913a10ae47f75aab7d778e21e9a142a0699f4a4a6c374b725d67c1ae,f5fa0c6f516eaca2de734b26a520f882a09f633e3114aa5ea0393c118a1cf73d,primary_analysis,0.9921813031161473,0.9918665459443681,0.0011345923304126651,,,primary_train,0.9996145641637956,0.9999542676040721,completed,primary_train
run_0567,organamnist,split_05,1005,42,efficientnet_b0,A,5e203de9913a10ae47f75aab7d778e21e9a142a0699f4a4a6c374b725d67c1ae,f5fa0c6f516eaca2de734b26a520f882a09f633e3114aa5ea0393c118a1cf73d,primary_analysis,0.9586402266288951,0.9584480175509262,0.005438642412152832,,,primary_train,0.9914735606987012,0.9988921780993077,completed,primary_train
run_0568,organamnist,split_05,1005,42,efficientnet_b0,B,5e203de9913a10ae47f75aab7d778e21e9a142a0699f4a4a6c374b725d67c1ae,f5fa0c6f516eaca2de734b26a520f882a09f633e3114aa5ea0393c118a1cf73d,primary_analysis,0.9605665722379604,0.9609848582461763,0.005201495605859854,,,primary_train,0.992196398285542,0.9990001684330612,completed,primary_train
run_0569,organamnist,split_05,1005,52,resnet18,A,5e203de9913a10ae47f75aab7d778e21e9a142a0699f4a4a6c374b725d67c1ae,f5fa0c6f516eaca2de734b26a520f882a09f633e3114aa5ea0393c118a1cf73d,primary_analysis,0.9939943342776204,0.9936468562396176,0.0007695899892101306,,,primary_train,0.9997927533584936,0.9999749153783246,completed,primary_train
run_0570,organamnist,split_05,1005,52,resnet18,B,5e203de9913a10ae47f75aab7d778e21e9a142a0699f4a4a6c374b725d67c1ae,f5fa0c6f516eaca2de734b26a520f882a09f633e3114aa5ea0393c118a1cf73d,primary_analysis,0.9947875354107649,0.9949935036777009,0.0007051723201037945,,,primary_train,0.9998373719273596,0.999980335104799,completed,primary_train
run_0571,organamnist,split_05,1005,52,resnet50,A,5e203de9913a10ae47f75aab7d778e21e9a142a0699f4a4a6c374b725d67c1ae,f5fa0c6f516eaca2de734b26a520f882a09f633e3114aa5ea0393c118a1cf73d,primary_analysis,0.9956940509915014,0.9956424233597722,0.000554957892965089,,,primary_train,0.9997935912878041,0.9999738906093151,completed,primary_train
run_0572,organamnist,split_05,1005,52,resnet50,B,5e203de9913a10ae47f75aab7d778e21e9a142a0699f4a4a6c374b725d67c1ae,f5fa0c6f516eaca2de734b26a520f882a09f633e3114aa5ea0393c118a1cf73d,primary_analysis,0.9954674220963173,0.9951433308031937,0.0006248167220472196,,,primary_train,0.999894066968854,0.9999893398881118,completed,primary_train
run_0573,organamnist,split_05,1005,52,densenet121,A,5e203de9913a10ae47f75aab7d778e21e9a142a0699f4a4a6c374b725d67c1ae,f5fa0c6f516eaca2de734b26a520f882a09f633e3114aa5ea0393c118a1cf73d,primary_analysis,0.9918413597733711,0.991215655446642,0.001198080354162337,,,primary_train,0.9993534955932504,0.9999239956121873,completed,primary_train
run_0574,organamnist,split_05,1005,52,densenet121,B,5e203de9913a10ae47f75aab7d778e21e9a142a0699f4a4a6c374b725d67c1ae,f5fa0c6f516eaca2de734b26a520f882a09f633e3114aa5ea0393c118a1cf73d,primary_analysis,0.9928611898016997,0.9929388029289332,0.0009964981486653124,,,primary_train,0.9996311512516698,0.999959613256235,completed,primary_train
run_0575,organamnist,split_05,1005,52,efficientnet_b0,A,5e203de9913a10ae47f75aab7d778e21e9a142a0699f4a4a6c374b725d67c1ae,f5fa0c6f516eaca2de734b26a520f882a09f633e3114aa5ea0393c118a1cf73d,primary_analysis,0.9653257790368271,0.9660299165096805,0.004875029532904474,,,primary_train,0.9924316461146561,0.9990431325802234,completed,primary_train
run_0576,organamnist,split_05,1005,52,efficientnet_b0,B,5e203de9913a10ae47f75aab7d778e21e9a142a0699f4a4a6c374b725d67c1ae,f5fa0c6f516eaca2de734b26a520f882a09f633e3114aa5ea0393c118a1cf73d,primary_analysis,0.9629461756373938,0.9642601319827087,0.005058599658776582,,,primary_train,0.9920566668092501,0.9989862073511792,completed,primary_train
run_0577,organamnist,split_05,1005,62,resnet18,A,5e203de9913a10ae47f75aab7d778e21e9a142a0699f4a4a6c374b725d67c1ae,f5fa0c6f516eaca2de734b26a520f882a09f633e3114aa5ea0393c118a1cf73d,primary_analysis,0.9963739376770538,0.9960548807284091,0.0005163640882873457,,,primary_train,0.9998670161376967,0.9999807960895194,completed,primary_train
run_0578,organamnist,split_05,1005,62,resnet18,B,5e203de9913a10ae47f75aab7d778e21e9a142a0699f4a4a6c374b725d67c1ae,f5fa0c6f516eaca2de734b26a520f882a09f633e3114aa5ea0393c118a1cf73d,primary_analysis,0.9962606232294617,0.9966057106182963,0.0005968718011112546,,,primary_train,0.9998495726369083,0.9999822130958589,completed,primary_train
run_0579,organamnist,split_05,1005,62,resnet50,A,5e203de9913a10ae47f75aab7d778e21e9a142a0699f4a4a6c374b725d67c1ae,f5fa0c6f516eaca2de734b26a520f882a09f633e3114aa5ea0393c118a1cf73d,primary_analysis,0.9938810198300283,0.9940872191323309,0.0008813693677632645,,,primary_train,0.9997204051050879,0.9999663025625349,completed,primary_train
run_0580,organamnist,split_05,1005,62,resnet50,B,5e203de9913a10ae47f75aab7d778e21e9a142a0699f4a4a6c374b725d67c1ae,f5fa0c6f516eaca2de734b26a520f882a09f633e3114aa5ea0393c118a1cf73d,primary_analysis,0.9944475920679887,0.9945279034845054,0.0007530960512941048,,,primary_train,0.999787238847714,0.9999752392694944,completed,primary_train
run_0581,organamnist,split_05,1005,62,densenet121,A,5e203de9913a10ae47f75aab7d778e21e9a142a0699f4a4a6c374b725d67c1ae,f5fa0c6f516eaca2de734b26a520f882a09f633e3114aa5ea0393c118a1cf73d,primary_analysis,0.9920679886685553,0.9910390477592169,0.0010775119432144876,,,primary_train,0.9996232545219116,0.9999593106339841,completed,primary_train
run_0582,organamnist,split_05,1005,62,densenet121,B,5e203de9913a10ae47f75aab7d778e21e9a142a0699f4a4a6c374b725d67c1ae,f5fa0c6f516eaca2de734b26a520f882a09f633e3114aa5ea0393c118a1cf73d,primary_analysis,0.9936543909348442,0.9935510701278207,0.0009006286169635786,,,primary_train,0.9997222825176496,0.9999675333846848,completed,primary_train
run_0583,organamnist,split_05,1005,62,efficientnet_b0,A,5e203de9913a10ae47f75aab7d778e21e9a142a0699f4a4a6c374b725d67c1ae,f5fa0c6f516eaca2de734b26a520f882a09f633e3114aa5ea0393c118a1cf73d,primary_analysis,0.9594334277620397,0.9595730031851466,0.0056455766662557505,,,primary_train,0.990079750432918,0.9987173008955278,completed,primary_train
run_0584,organamnist,split_05,1005,62,efficientnet_b0,B,5e203de9913a10ae47f75aab7d778e21e9a142a0699f4a4a6c374b725d67c1ae,f5fa0c6f516eaca2de734b26a520f882a09f633e3114aa5ea0393c118a1cf73d,primary_analysis,0.9635127478753541,0.9641813792303874,0.005082582619982002,,,primary_train,0.9923114857322133,0.9990052014587267,completed,primary_train
run_0585,organamnist,split_05,1005,72,resnet18,A,5e203de9913a10ae47f75aab7d778e21e9a142a0699f4a4a6c374b725d67c1ae,f5fa0c6f516eaca2de734b26a520f882a09f633e3114aa5ea0393c118a1cf73d,primary_analysis,0.9969405099150142,0.9970545115252645,0.0004637149603369391,,,primary_train,0.9998790807237182,0.9999850944835242,completed,primary_train
run_0586,organamnist,split_05,1005,72,resnet18,B,5e203de9913a10ae47f75aab7d778e21e9a142a0699f4a4a6c374b725d67c1ae,f5fa0c6f516eaca2de734b26a520f882a09f633e3114aa5ea0393c118a1cf73d,primary_analysis,0.996600566572238,0.9966478242015644,0.0005277185644057109,,,primary_train,0.9998785077317294,0.9999860929738108,completed,primary_train
run_0587,organamnist,split_05,1005,72,resnet50,A,5e203de9913a10ae47f75aab7d778e21e9a142a0699f4a4a6c374b725d67c1ae,f5fa0c6f516eaca2de734b26a520f882a09f633e3114aa5ea0393c118a1cf73d,primary_analysis,0.9939943342776204,0.9937875519293108,0.0008418161400401965,,,primary_train,0.9997218231969534,0.9999710177177096,completed,primary_train
run_0588,organamnist,split_05,1005,72,resnet50,B,5e203de9913a10ae47f75aab7d778e21e9a142a0699f4a4a6c374b725d67c1ae,f5fa0c6f516eaca2de734b26a520f882a09f633e3114aa5ea0393c118a1cf73d,primary_analysis,0.9960339943342776,0.9957211430181823,0.0004972960620446806,,,primary_train,0.9998961915257866,0.9999888519580903,completed,primary_train
run_0589,organamnist,split_05,1005,72,densenet121,A,5e203de9913a10ae47f75aab7d778e21e9a142a0699f4a4a6c374b725d67c1ae,f5fa0c6f516eaca2de734b26a520f882a09f633e3114aa5ea0393c118a1cf73d,primary_analysis,0.993314447592068,0.9928784678215262,0.0009544615141539912,,,primary_train,0.9995820477217401,0.9999520495135559,completed,primary_train
run_0590,organamnist,split_05,1005,72,densenet121,B,5e203de9913a10ae47f75aab7d778e21e9a142a0699f4a4a6c374b725d67c1ae,f5fa0c6f516eaca2de734b26a520f882a09f633e3114aa5ea0393c118a1cf73d,primary_analysis,0.9943342776203966,0.9930758031233555,0.0008545577557119294,,,primary_train,0.9996089307455528,0.9999576327223832,completed,primary_train
run_0591,organamnist,split_05,1005,72,efficientnet_b0,A,5e203de9913a10ae47f75aab7d778e21e9a142a0699f4a4a6c374b725d67c1ae,f5fa0c6f516eaca2de734b26a520f882a09f633e3114aa5ea0393c118a1cf73d,primary_analysis,0.9594334277620397,0.9599050506107804,0.005671800706224917,,,primary_train,0.9900030178848575,0.9987175196892434,completed,primary_train
run_0592,organamnist,split_05,1005,72,efficientnet_b0,B,5e203de9913a10ae47f75aab7d778e21e9a142a0699f4a4a6c374b725d67c1ae,f5fa0c6f516eaca2de734b26a520f882a09f633e3114aa5ea0393c118a1cf73d,primary_analysis,0.9629461756373938,0.9636564756693247,0.005191018695392117,,,primary_train,0.9911791893651695,0.9988529934705266,completed,primary_train
run_0593,organamnist,split_05,1005,82,resnet18,A,5e203de9913a10ae47f75aab7d778e21e9a142a0699f4a4a6c374b725d67c1ae,f5fa0c6f516eaca2de734b26a520f882a09f633e3114aa5ea0393c118a1cf73d,primary_analysis,0.9955807365439093,0.9955287734331436,0.0006287391977878243,,,primary_train,0.9998277643700166,0.999978475264097,completed,primary_train
run_0594,organamnist,split_05,1005,82,resnet18,B,5e203de9913a10ae47f75aab7d778e21e9a142a0699f4a4a6c374b725d67c1ae,f5fa0c6f516eaca2de734b26a520f882a09f633e3114aa5ea0393c118a1cf73d,primary_analysis,0.9952407932011331,0.9954085899768764,0.0006709937825231985,,,primary_train,0.9998306171968424,0.9999765665922724,completed,primary_train
run_0595,organamnist,split_05,1005,82,resnet50,A,5e203de9913a10ae47f75aab7d778e21e9a142a0699f4a4a6c374b725d67c1ae,f5fa0c6f516eaca2de734b26a520f882a09f633e3114aa5ea0393c118a1cf73d,primary_analysis,0.9936543909348442,0.9930633589766255,0.0008844411305960613,,,primary_train,0.9997245333541609,0.9999687918207065,completed,primary_train
run_0596,organamnist,split_05,1005,82,resnet50,B,5e203de9913a10ae47f75aab7d778e21e9a142a0699f4a4a6c374b725d67c1ae,f5fa0c6f516eaca2de734b26a520f882a09f633e3114aa5ea0393c118a1cf73d,primary_analysis,0.996600566572238,0.9969582737452117,0.0004833281794346762,,,primary_train,0.9998994529332286,0.9999886495183141,completed,primary_train
run_0597,organamnist,split_05,1005,82,densenet121,A,5e203de9913a10ae47f75aab7d778e21e9a142a0699f4a4a6c374b725d67c1ae,f5fa0c6f516eaca2de734b26a520f882a09f633e3114aa5ea0393c118a1cf73d,primary_analysis,0.9937677053824363,0.993822109567891,0.0008420713127093797,,,primary_train,0.9996262775905156,0.9999544156627228,completed,primary_train
run_0598,organamnist,split_05,1005,82,densenet121,B,5e203de9913a10ae47f75aab7d778e21e9a142a0699f4a4a6c374b725d67c1ae,f5fa0c6f516eaca2de734b26a520f882a09f633e3114aa5ea0393c118a1cf73d,primary_analysis,0.9922946175637394,0.9924561245455791,0.0009964325715457287,,,primary_train,0.9996446403797353,0.9999584070495451,completed,primary_train
run_0599,organamnist,split_05,1005,82,efficientnet_b0,A,5e203de9913a10ae47f75aab7d778e21e9a142a0699f4a4a6c374b725d67c1ae,f5fa0c6f516eaca2de734b26a520f882a09f633e3114aa5ea0393c118a1cf73d,primary_analysis,0.9624929178470255,0.9630089751598949,0.004963095874883108,,,primary_train,0.9923041757117791,0.9990144959569895,completed,primary_train
run_0600,organamnist,split_05,1005,82,efficientnet_b0,B,5e203de9913a10ae47f75aab7d778e21e9a142a0699f4a4a6c374b725d67c1ae,f5fa0c6f516eaca2de734b26a520f882a09f633e3114aa5ea0393c118a1cf73d,primary_analysis,0.9624929178470255,0.9621871078699819,0.005014373279074766,,,primary_train,0.9921549168303525,0.998998532586992,completed,primary_train
run_0601,organamnist,split_06,1006,42,resnet18,A,5e203de9913a10ae47f75aab7d778e21e9a142a0699f4a4a6c374b725d67c1ae,cb396def8108970a510058b410909bef76e5b45fc94e81a852f18bb97648fa4c,primary_analysis,0.996827195467422,0.9958521696775189,0.0004521050071721006,,,primary_train,0.9998149880112773,0.9999830691070599,completed,primary_train
run_0602,organamnist,split_06,1006,42,resnet18,B,5e203de9913a10ae47f75aab7d778e21e9a142a0699f4a4a6c374b725d67c1ae,cb396def8108970a510058b410909bef76e5b45fc94e81a852f18bb97648fa4c,primary_analysis,0.996827195467422,0.9958935841464972,0.0004885906361468264,,,primary_train,0.9998008575043378,0.9999789947347728,completed,primary_train
run_0603,organamnist,split_06,1006,42,resnet50,A,5e203de9913a10ae47f75aab7d778e21e9a142a0699f4a4a6c374b725d67c1ae,cb396def8108970a510058b410909bef76e5b45fc94e81a852f18bb97648fa4c,primary_analysis,0.9952407932011331,0.9944534991087046,0.0006902126704137201,,,primary_train,0.9997649149292201,0.9999762047371294,completed,primary_train
run_0604,organamnist,split_06,1006,42,resnet50,B,5e203de9913a10ae47f75aab7d778e21e9a142a0699f4a4a6c374b725d67c1ae,cb396def8108970a510058b410909bef76e5b45fc94e81a852f18bb97648fa4c,primary_analysis,0.9947875354107649,0.9933911012130628,0.0007118829021254531,,,primary_train,0.9998482534392348,0.9999887248672635,completed,primary_train
run_0605,organamnist,split_06,1006,42,densenet121,A,5e203de9913a10ae47f75aab7d778e21e9a142a0699f4a4a6c374b725d67c1ae,cb396def8108970a510058b410909bef76e5b45fc94e81a852f18bb97648fa4c,primary_analysis,0.9888951841359773,0.9881007070049163,0.0014466688898696163,,,primary_train,0.999248088372905,0.9999164953288179,completed,primary_train
run_0606,organamnist,split_06,1006,42,densenet121,B,5e203de9913a10ae47f75aab7d778e21e9a142a0699f4a4a6c374b725d67c1ae,cb396def8108970a510058b410909bef76e5b45fc94e81a852f18bb97648fa4c,primary_analysis,0.9911614730878187,0.9900285092815903,0.0011748761855880944,,,primary_train,0.9994988421708558,0.9999471708680321,completed,primary_train
run_0607,organamnist,split_06,1006,42,efficientnet_b0,A,5e203de9913a10ae47f75aab7d778e21e9a142a0699f4a4a6c374b725d67c1ae,cb396def8108970a510058b410909bef76e5b45fc94e81a852f18bb97648fa4c,primary_analysis,0.9618130311614731,0.9621961091504684,0.005193116447651199,,,primary_train,0.9911295807920978,0.9988826948916146,completed,primary_train
run_0608,organamnist,split_06,1006,42,efficientnet_b0,B,5e203de9913a10ae47f75aab7d778e21e9a142a0699f4a4a6c374b725d67c1ae,cb396def8108970a510058b410909bef76e5b45fc94e81a852f18bb97648fa4c,primary_analysis,0.9636260623229462,0.9633770088684639,0.005023054978317572,,,primary_train,0.9914471360638134,0.9989432616187415,completed,primary_train
run_0609,organamnist,split_06,1006,52,resnet18,A,5e203de9913a10ae47f75aab7d778e21e9a142a0699f4a4a6c374b725d67c1ae,cb396def8108970a510058b410909bef76e5b45fc94e81a852f18bb97648fa4c,primary_analysis,0.9962606232294617,0.9955218302411709,0.0005751050352724616,,,primary_train,0.9997183147026434,0.9999674928941032,completed,primary_train
run_0610,organamnist,split_06,1006,52,resnet18,B,5e203de9913a10ae47f75aab7d778e21e9a142a0699f4a4a6c374b725d67c1ae,cb396def8108970a510058b410909bef76e5b45fc94e81a852f18bb97648fa4c,primary_analysis,0.9970538243626063,0.9952922556529832,0.0003901084844361953,,,primary_train,0.9998511334576331,0.9999886995047089,completed,primary_train
run_0611,organamnist,split_06,1006,52,resnet50,A,5e203de9913a10ae47f75aab7d778e21e9a142a0699f4a4a6c374b725d67c1ae,cb396def8108970a510058b410909bef76e5b45fc94e81a852f18bb97648fa4c,primary_analysis,0.9969405099150142,0.996243520521089,0.00041288742886592917,,,primary_train,0.9999327274787443,0.9999931984138626,completed,primary_train
run_0612,organamnist,split_06,1006,52,resnet50,B,5e203de9913a10ae47f75aab7d778e21e9a142a0699f4a4a6c374b725d67c1ae,cb396def8108970a510058b410909bef76e5b45fc94e81a852f18bb97648fa4c,primary_analysis,0.9976203966005666,0.9964362960617845,0.00036053088361338663,,,primary_train,0.9998989285982011,0.9999925057984146,completed,primary_train
run_0613,organamnist,split_06,1006,52,densenet121,A,5e203de9913a10ae47f75aab7d778e21e9a142a0699f4a4a6c374b725d67c1ae,cb396def8108970a510058b410909bef76e5b45fc94e81a852f18bb97648fa4c,primary_analysis,0.9947875354107649,0.994019085685864,0.0007556086022862123,,,primary_train,0.9997811053960585,0.999976064241814,completed,primary_train
run_0614,organamnist,split_06,1006,52,densenet121,B,5e203de9913a10ae47f75aab7d778e21e9a142a0699f4a4a6c374b725d67c1ae,cb396def8108970a510058b410909bef76e5b45fc94e81a852f18bb97648fa4c,primary_analysis,0.9926345609065156,0.991289332753579,0.0010172590828521075,,,primary_train,0.9996694497410914,0.9999597309077773,completed,primary_train
run_0615,organamnist,split_06,1006,52,efficientnet_b0,A,5e203de9913a10ae47f75aab7d778e21e9a142a0699f4a4a6c374b725d67c1ae,cb396def8108970a510058b410909bef76e5b45fc94e81a852f18bb97648fa4c,primary_analysis,0.9635127478753541,0.9641213032223195,0.00513301843224309,,,primary_train,0.9913961254074447,0.9989153726469467,completed,primary_train
run_0616,organamnist,split_06,1006,52,efficientnet_b0,B,5e203de9913a10ae47f75aab7d778e21e9a142a0699f4a4a6c374b725d67c1ae,cb396def8108970a510058b410909bef76e5b45fc94e81a852f18bb97648fa4c,primary_analysis,0.9621529745042493,0.9629039250265834,0.005152915249314599,,,primary_train,0.991226974556943,0.9988925213452329,completed,primary_train
run_0617,organamnist,split_06,1006,62,resnet18,A,5e203de9913a10ae47f75aab7d778e21e9a142a0699f4a4a6c374b725d67c1ae,cb396def8108970a510058b410909bef76e5b45fc94e81a852f18bb97648fa4c,primary_analysis,0.9954674220963173,0.9945075933877583,0.0006243755701159328,,,primary_train,0.9997960179974726,0.9999814561108572,completed,primary_train
run_0618,organamnist,split_06,1006,62,resnet18,B,5e203de9913a10ae47f75aab7d778e21e9a142a0699f4a4a6c374b725d67c1ae,cb396def8108970a510058b410909bef76e5b45fc94e81a852f18bb97648fa4c,primary_analysis,0.9971671388101983,0.9967534597082693,0.00037723128501839756,,,primary_train,0.9998804394748848,0.9999864050590964,completed,primary_train
run_0619,organamnist,split_06,1006,62,resnet50,A,5e203de9913a10ae47f75aab7d778e21e9a142a0699f4a4a6c374b725d67c1ae,cb396def8108970a510058b410909bef76e5b45fc94e81a852f18bb97648fa4c,primary_analysis,0.9975070821529745,0.9967879137740862,0.00034541775753485883,,,primary_train,0.9999150298383147,0.9999924174162881,completed,primary_train
run_0620,organamnist,split_06,1006,62,resnet50,B,5e203de9913a10ae47f75aab7d778e21e9a142a0699f4a4a6c374b725d67c1ae,cb396def8108970a510058b410909bef76e5b45fc94e81a852f18bb97648fa4c,primary_analysis,0.9976203966005666,0.9969269610680136,0.00030883020875061256,,,primary_train,0.9998650045856834,0.9999900228965896,completed,primary_train
run_0621,organamnist,split_06,1006,62,densenet121,A,5e203de9913a10ae47f75aab7d778e21e9a142a0699f4a4a6c374b725d67c1ae,cb396def8108970a510058b410909bef76e5b45fc94e81a852f18bb97648fa4c,primary_analysis,0.9905949008498584,0.9903032028488902,0.0012313802106494218,,,primary_train,0.9993963151402103,0.9999308218375634,completed,primary_train
run_0622,organamnist,split_06,1006,62,densenet121,B,5e203de9913a10ae47f75aab7d778e21e9a142a0699f4a4a6c374b725d67c1ae,cb396def8108970a510058b410909bef76e5b45fc94e81a852f18bb97648fa4c,primary_analysis,0.9927478753541077,0.9923271395153275,0.000978931754472648,,,primary_train,0.9995360024384952,0.9999561690399332,completed,primary_train
run_0623,organamnist,split_06,1006,62,efficientnet_b0,A,5e203de9913a10ae47f75aab7d778e21e9a142a0699f4a4a6c374b725d67c1ae,cb396def8108970a510058b410909bef76e5b45fc94e81a852f18bb97648fa4c,primary_analysis,0.9629461756373938,0.9629899519908658,0.005007166574655179,,,primary_train,0.9913676240794945,0.9989038553408247,completed,primary_train
run_0624,organamnist,split_06,1006,62,efficientnet_b0,B,5e203de9913a10ae47f75aab7d778e21e9a142a0699f4a4a6c374b725d67c1ae,cb396def8108970a510058b410909bef76e5b45fc94e81a852f18bb97648fa4c,primary_analysis,0.9631728045325779,0.9641107366267794,0.0050586812299242305,,,primary_train,0.9913417264788484,0.9989105666829274,completed,primary_train
run_0625,organamnist,split_06,1006,72,resnet18,A,5e203de9913a10ae47f75aab7d778e21e9a142a0699f4a4a6c374b725d67c1ae,cb396def8108970a510058b410909bef76e5b45fc94e81a852f18bb97648fa4c,primary_analysis,0.9949008498583569,0.9943201559961125,0.0007437964569741689,,,primary_train,0.9995986090240533,0.9999606587062488,completed,primary_train
run_0626,organamnist,split_06,1006,72,resnet18,B,5e203de9913a10ae47f75aab7d778e21e9a142a0699f4a4a6c374b725d67c1ae,cb396def8108970a510058b410909bef76e5b45fc94e81a852f18bb97648fa4c,primary_analysis,0.995014164305949,0.9942480452653842,0.0007342247382618149,,,primary_train,0.9995875708631986,0.9999630931791866,completed,primary_train
run_0627,organamnist,split_06,1006,72,resnet50,A,5e203de9913a10ae47f75aab7d778e21e9a142a0699f4a4a6c374b725d67c1ae,cb396def8108970a510058b410909bef76e5b45fc94e81a852f18bb97648fa4c,primary_analysis,0.993314447592068,0.9927004727833446,0.0009488012479402623,,,primary_train,0.9995248955961041,0.9999591880797927,completed,primary_train
run_0628,organamnist,split_06,1006,72,resnet50,B,5e203de9913a10ae47f75aab7d778e21e9a142a0699f4a4a6c374b725d67c1ae,cb396def8108970a510058b410909bef76e5b45fc94e81a852f18bb97648fa4c,primary_analysis,0.9961473087818696,0.9956442699459533,0.0005265659031199724,,,primary_train,0.999846079630797,0.9999856101359296,completed,primary_train
run_0629,organamnist,split_06,1006,72,densenet121,A,5e203de9913a10ae47f75aab7d778e21e9a142a0699f4a4a6c374b725d67c1ae,cb396def8108970a510058b410909bef76e5b45fc94e81a852f18bb97648fa4c,primary_analysis,0.9891218130311614,0.9880868928209313,0.001486808992370469,,,primary_train,0.9991995416500065,0.9999108315944281,completed,primary_train
run_0630,organamnist,split_06,1006,72,densenet121,B,5e203de9913a10ae47f75aab7d778e21e9a142a0699f4a4a6c374b725d67c1ae,cb396def8108970a510058b410909bef76e5b45fc94e81a852f18bb97648fa4c,primary_analysis,0.9890084985835694,0.9884644021841609,0.0015451683478620336,,,primary_train,0.9993040851070464,0.9999266165830062,completed,primary_train
run_0631,organamnist,split_06,1006,72,efficientnet_b0,A,5e203de9913a10ae47f75aab7d778e21e9a142a0699f4a4a6c374b725d67c1ae,cb396def8108970a510058b410909bef76e5b45fc94e81a852f18bb97648fa4c,primary_analysis,0.9646458923512747,0.9634924064146887,0.004921821747108961,,,primary_train,0.9924313750011913,0.9990627624000905,completed,primary_train
run_0632,organamnist,split_06,1006,72,efficientnet_b0,B,5e203de9913a10ae47f75aab7d778e21e9a142a0699f4a4a6c374b725d67c1ae,cb396def8108970a510058b410909bef76e5b45fc94e81a852f18bb97648fa4c,primary_analysis,0.9635127478753541,0.96322504304731,0.004954180944307834,,,primary_train,0.9919250407308954,0.9990098378130721,completed,primary_train
run_0633,organamnist,split_06,1006,82,resnet18,A,5e203de9913a10ae47f75aab7d778e21e9a142a0699f4a4a6c374b725d67c1ae,cb396def8108970a510058b410909bef76e5b45fc94e81a852f18bb97648fa4c,primary_analysis,0.9959206798866855,0.9951469104671133,0.0006134159026011332,,,primary_train,0.9996553252314804,0.9999642536871414,completed,primary_train
run_0634,organamnist,split_06,1006,82,resnet18,B,5e203de9913a10ae47f75aab7d778e21e9a142a0699f4a4a6c374b725d67c1ae,cb396def8108970a510058b410909bef76e5b45fc94e81a852f18bb97648fa4c,primary_analysis,0.9958073654390935,0.9952159585161886,0.0006141294421388945,,,primary_train,0.9998683533757713,0.9999877733981125,completed,primary_train
run_0635,organamnist,split_06,1006,82,resnet50,A,5e203de9913a10ae47f75aab7d778e21e9a142a0699f4a4a6c374b725d67c1ae,cb396def8108970a510058b410909bef76e5b45fc94e81a852f18bb97648fa4c,primary_analysis,0.9953541076487252,0.9947959920315167,0.0006610804570138298,,,primary_train,0.9997596577087215,0.9999733349073181,completed,primary_train
run_0636,organamnist,split_06,1006,82,resnet50,B,5e203de9913a10ae47f75aab7d778e21e9a142a0699f4a4a6c374b725d67c1ae,cb396def8108970a510058b410909bef76e5b45fc94e81a852f18bb97648fa4c,primary_analysis,0.996827195467422,0.9957781051356025,0.00042714621642804713,,,primary_train,0.9998679042369963,0.9999887464249962,completed,primary_train
run_0637,organamnist,split_06,1006,82,densenet121,A,5e203de9913a10ae47f75aab7d778e21e9a142a0699f4a4a6c374b725d67c1ae,cb396def8108970a510058b410909bef76e5b45fc94e81a852f18bb97648fa4c,primary_analysis,0.9910481586402267,0.9907603644855997,0.001198458332634768,,,primary_train,0.9995121532347624,0.9999454270752136,completed,primary_train
run_0638,organamnist,split_06,1006,82,densenet121,B,5e203de9913a10ae47f75aab7d778e21e9a142a0699f4a4a6c374b725d67c1ae,cb396def8108970a510058b410909bef76e5b45fc94e81a852f18bb97648fa4c,primary_analysis,0.9924079320113315,0.9916950115802318,0.0009984781476190618,,,primary_train,0.9996190959344484,0.9999578677583649,completed,primary_train
run_0639,organamnist,split_06,1006,82,efficientnet_b0,A,5e203de9913a10ae47f75aab7d778e21e9a142a0699f4a4a6c374b725d67c1ae,cb396def8108970a510058b410909bef76e5b45fc94e81a852f18bb97648fa4c,primary_analysis,0.9624929178470255,0.9620881458606895,0.005123424065777249,,,primary_train,0.9911712367804622,0.9988963852899265,completed,primary_train
run_0640,organamnist,split_06,1006,82,efficientnet_b0,B,5e203de9913a10ae47f75aab7d778e21e9a142a0699f4a4a6c374b725d67c1ae,cb396def8108970a510058b410909bef76e5b45fc94e81a852f18bb97648fa4c,primary_analysis,0.9601133144475921,0.960962591752083,0.005425455639224503,,,primary_train,0.9912975491832701,0.9989187434290696,completed,primary_train
run_0641,organamnist,split_07,1007,42,resnet18,A,5e203de9913a10ae47f75aab7d778e21e9a142a0699f4a4a6c374b725d67c1ae,2cc9a918eb09cea04b62e58c9866a8028c7be2a071aceb6c7f2712f2fa19be39,primary_analysis,0.9958073654390935,0.9958592719992652,0.0006150484209813932,,,primary_train,0.9997868816733685,0.9999728373503839,completed,primary_train
run_0642,organamnist,split_07,1007,42,resnet18,B,5e203de9913a10ae47f75aab7d778e21e9a142a0699f4a4a6c374b725d67c1ae,2cc9a918eb09cea04b62e58c9866a8028c7be2a071aceb6c7f2712f2fa19be39,primary_analysis,0.9984135977337111,0.9981725241476865,0.00020788809775916837,,,primary_train,0.9999834581802641,0.9999981936260425,completed,primary_train
run_0643,organamnist,split_07,1007,42,resnet50,A,5e203de9913a10ae47f75aab7d778e21e9a142a0699f4a4a6c374b725d67c1ae,2cc9a918eb09cea04b62e58c9866a8028c7be2a071aceb6c7f2712f2fa19be39,primary_analysis,0.9944475920679887,0.9940134741005068,0.0007629765185373683,,,primary_train,0.9997235865249138,0.9999687855706245,completed,primary_train
run_0644,organamnist,split_07,1007,42,resnet50,B,5e203de9913a10ae47f75aab7d778e21e9a142a0699f4a4a6c374b725d67c1ae,2cc9a918eb09cea04b62e58c9866a8028c7be2a071aceb6c7f2712f2fa19be39,primary_analysis,0.9980736543909349,0.9982044883151766,0.00025932591580587344,,,primary_train,0.9999133801885409,0.9999914802950038,completed,primary_train
run_0645,organamnist,split_07,1007,42,densenet121,A,5e203de9913a10ae47f75aab7d778e21e9a142a0699f4a4a6c374b725d67c1ae,2cc9a918eb09cea04b62e58c9866a8028c7be2a071aceb6c7f2712f2fa19be39,primary_analysis,0.9881019830028328,0.9874632136281541,0.0017127619215459313,,,primary_train,0.9987595526490587,0.9998511878638209,completed,primary_train
run_0646,organamnist,split_07,1007,42,densenet121,B,5e203de9913a10ae47f75aab7d778e21e9a142a0699f4a4a6c374b725d67c1ae,2cc9a918eb09cea04b62e58c9866a8028c7be2a071aceb6c7f2712f2fa19be39,primary_analysis,0.99014164305949,0.9899421360607356,0.0013712114788488334,,,primary_train,0.9992943010537324,0.999915500213158,completed,primary_train
run_0647,organamnist,split_07,1007,42,efficientnet_b0,A,5e203de9913a10ae47f75aab7d778e21e9a142a0699f4a4a6c374b725d67c1ae,2cc9a918eb09cea04b62e58c9866a8028c7be2a071aceb6c7f2712f2fa19be39,primary_analysis,0.9619263456090652,0.9627924680981472,0.00497018774401289,,,primary_train,0.991832741430213,0.9989289027292102,completed,primary_train
run_0648,organamnist,split_07,1007,42,efficientnet_b0,B,5e203de9913a10ae47f75aab7d778e21e9a142a0699f4a4a6c374b725d67c1ae,2cc9a918eb09cea04b62e58c9866a8028c7be2a071aceb6c7f2712f2fa19be39,primary_analysis,0.9606798866855524,0.9623627301275565,0.005325657575772102,,,primary_train,0.991429279798028,0.9988729637876631,completed,primary_train
run_0649,organamnist,split_07,1007,52,resnet18,A,5e203de9913a10ae47f75aab7d778e21e9a142a0699f4a4a6c374b725d67c1ae,2cc9a918eb09cea04b62e58c9866a8028c7be2a071aceb6c7f2712f2fa19be39,primary_analysis,0.9961473087818696,0.9961732355925601,0.0005451064458010157,,,primary_train,0.9998953664366484,0.9999881917052208,completed,primary_train
run_0650,organamnist,split_07,1007,52,resnet18,B,5e203de9913a10ae47f75aab7d778e21e9a142a0699f4a4a6c374b725d67c1ae,2cc9a918eb09cea04b62e58c9866a8028c7be2a071aceb6c7f2712f2fa19be39,primary_analysis,0.9971671388101983,0.9970871418180955,0.00040162323417938345,,,primary_train,0.9998884410383009,0.9999891627933089,completed,primary_train
run_0651,organamnist,split_07,1007,52,resnet50,A,5e203de9913a10ae47f75aab7d778e21e9a142a0699f4a4a6c374b725d67c1ae,2cc9a918eb09cea04b62e58c9866a8028c7be2a071aceb6c7f2712f2fa19be39,primary_analysis,0.9947875354107649,0.9941978820539344,0.000659839905332912,,,primary_train,0.9998679193677176,0.9999854440638262,completed,primary_train
run_0652,organamnist,split_07,1007,52,resnet50,B,5e203de9913a10ae47f75aab7d778e21e9a142a0699f4a4a6c374b725d67c1ae,2cc9a918eb09cea04b62e58c9866a8028c7be2a071aceb6c7f2712f2fa19be39,primary_analysis,0.9972804532577904,0.9974887558373734,0.0003877879597275695,,,primary_train,0.999947019109235,0.9999942037364457,completed,primary_train
run_0653,organamnist,split_07,1007,52,densenet121,A,5e203de9913a10ae47f75aab7d778e21e9a142a0699f4a4a6c374b725d67c1ae,2cc9a918eb09cea04b62e58c9866a8028c7be2a071aceb6c7f2712f2fa19be39,primary_analysis,0.9928611898016997,0.9926602606300192,0.0009946320134714538,,,primary_train,0.9996377779152426,0.9999553207094685,completed,primary_train
run_0654,organamnist,split_07,1007,52,densenet121,B,5e203de9913a10ae47f75aab7d778e21e9a142a0699f4a4a6c374b725d67c1ae,2cc9a918eb09cea04b62e58c9866a8028c7be2a071aceb6c7f2712f2fa19be39,primary_analysis,0.9924079320113315,0.9923072915307439,0.0010599135376554271,,,primary_train,0.9995816411168188,0.999949862402493,completed,primary_train
run_0655,organamnist,split_07,1007,52,efficientnet_b0,A,5e203de9913a10ae47f75aab7d778e21e9a142a0699f4a4a6c374b725d67c1ae,2cc9a918eb09cea04b62e58c9866a8028c7be2a071aceb6c7f2712f2fa19be39,primary_analysis,0.9612464589235128,0.9618967801749986,0.005232279643725953,,,primary_train,0.9910568631155374,0.9988246322568594,completed,primary_train
run_0656,organamnist,split_07,1007,52,efficientnet_b0,B,5e203de9913a10ae47f75aab7d778e21e9a142a0699f4a4a6c374b725d67c1ae,2cc9a918eb09cea04b62e58c9866a8028c7be2a071aceb6c7f2712f2fa19be39,primary_analysis,0.9611331444759207,0.9613915513358907,0.005377676354591295,,,primary_train,0.99054485911135,0.9987477123401205,completed,primary_train
run_0657,organamnist,split_07,1007,62,resnet18,A,5e203de9913a10ae47f75aab7d778e21e9a142a0699f4a4a6c374b725d67c1ae,2cc9a918eb09cea04b62e58c9866a8028c7be2a071aceb6c7f2712f2fa19be39,primary_analysis,0.9960339943342776,0.9961905371725147,0.0005629801084935095,,,primary_train,0.999844042336344,0.9999792644531295,completed,primary_train
run_0658,organamnist,split_07,1007,62,resnet18,B,5e203de9913a10ae47f75aab7d778e21e9a142a0699f4a4a6c374b725d67c1ae,2cc9a918eb09cea04b62e58c9866a8028c7be2a071aceb6c7f2712f2fa19be39,primary_analysis,0.9964872521246458,0.996648729242651,0.00048643020558684707,,,primary_train,0.999944559130227,0.9999938712784147,completed,primary_train
run_0659,organamnist,split_07,1007,62,resnet50,A,5e203de9913a10ae47f75aab7d778e21e9a142a0699f4a4a6c374b725d67c1ae,2cc9a918eb09cea04b62e58c9866a8028c7be2a071aceb6c7f2712f2fa19be39,primary_analysis,0.9943342776203966,0.9935168141755203,0.0007781550850775713,,,primary_train,0.9997620664084874,0.9999732148343995,completed,primary_train
run_0660,organamnist,split_07,1007,62,resnet50,B,5e203de9913a10ae47f75aab7d778e21e9a142a0699f4a4a6c374b725d67c1ae,2cc9a918eb09cea04b62e58c9866a8028c7be2a071aceb6c7f2712f2fa19be39,primary_analysis,0.996827195467422,0.9969131389058243,0.00048036774064366336,,,primary_train,0.9999258552760288,0.9999920236722916,completed,primary_train
run_0661,organamnist,split_07,1007,62,densenet121,A,5e203de9913a10ae47f75aab7d778e21e9a142a0699f4a4a6c374b725d67c1ae,2cc9a918eb09cea04b62e58c9866a8028c7be2a071aceb6c7f2712f2fa19be39,primary_analysis,0.9895750708215297,0.9891691466793477,0.0014612754439865235,,,primary_train,0.9990322509362449,0.9998854567141989,completed,primary_train
run_0662,organamnist,split_07,1007,62,densenet121,B,5e203de9913a10ae47f75aab7d778e21e9a142a0699f4a4a6c374b725d67c1ae,2cc9a918eb09cea04b62e58c9866a8028c7be2a071aceb6c7f2712f2fa19be39,primary_analysis,0.9932011331444759,0.993024050947886,0.0009963151179144265,,,primary_train,0.9996899989575542,0.9999631747323289,completed,primary_train
run_0663,organamnist,split_07,1007,62,efficientnet_b0,A,5e203de9913a10ae47f75aab7d778e21e9a142a0699f4a4a6c374b725d67c1ae,2cc9a918eb09cea04b62e58c9866a8028c7be2a071aceb6c7f2712f2fa19be39,primary_analysis,0.9629461756373938,0.96384851510063,0.005090093642505748,,,primary_train,0.991653488631124,0.9989038766499274,completed,primary_train
run_0664,organamnist,split_07,1007,62,efficientnet_b0,B,5e203de9913a10ae47f75aab7d778e21e9a142a0699f4a4a6c374b725d67c1ae,2cc9a918eb09cea04b62e58c9866a8028c7be2a071aceb6c7f2712f2fa19be39,primary_analysis,0.9597733711048159,0.9609991029848621,0.005331263209787767,,,primary_train,0.9911661810606192,0.9988369994096657,completed,primary_train
run_0665,organamnist,split_07,1007,72,resnet18,A,5e203de9913a10ae47f75aab7d778e21e9a142a0699f4a4a6c374b725d67c1ae,2cc9a918eb09cea04b62e58c9866a8028c7be2a071aceb6c7f2712f2fa19be39,primary_analysis,0.9949008498583569,0.994975492496703,0.0007167561900344611,,,primary_train,0.9998003710570493,0.9999769149084682,completed,primary_train
run_0666,organamnist,split_07,1007,72,resnet18,B,5e203de9913a10ae47f75aab7d778e21e9a142a0699f4a4a6c374b725d67c1ae,2cc9a918eb09cea04b62e58c9866a8028c7be2a071aceb6c7f2712f2fa19be39,primary_analysis,0.9970538243626063,0.9971790214151691,0.00044909589769047143,,,primary_train,0.9999554601490082,0.9999946409631267,completed,primary_train
run_0667,organamnist,split_07,1007,72,resnet50,A,5e203de9913a10ae47f75aab7d778e21e9a142a0699f4a4a6c374b725d67c1ae,2cc9a918eb09cea04b62e58c9866a8028c7be2a071aceb6c7f2712f2fa19be39,primary_analysis,0.9942209631728045,0.9939811619397555,0.0008356784086473302,,,primary_train,0.9997173376631662,0.9999676975882877,completed,primary_train
run_0668,organamnist,split_07,1007,72,resnet50,B,5e203de9913a10ae47f75aab7d778e21e9a142a0699f4a4a6c374b725d67c1ae,2cc9a918eb09cea04b62e58c9866a8028c7be2a071aceb6c7f2712f2fa19be39,primary_analysis,0.9969405099150142,0.9965160835467983,0.00045341344993916915,,,primary_train,0.9999292674773334,0.9999918322177358,completed,primary_train
run_0669,organamnist,split_07,1007,72,densenet121,A,5e203de9913a10ae47f75aab7d778e21e9a142a0699f4a4a6c374b725d67c1ae,2cc9a918eb09cea04b62e58c9866a8028c7be2a071aceb6c7f2712f2fa19be39,primary_analysis,0.9903682719546743,0.9903405919162819,0.0012965630722891032,,,primary_train,0.9993126637707639,0.9999166272428368,completed,primary_train
run_0670,organamnist,split_07,1007,72,densenet121,B,5e203de9913a10ae47f75aab7d778e21e9a142a0699f4a4a6c374b725d67c1ae,2cc9a918eb09cea04b62e58c9866a8028c7be2a071aceb6c7f2712f2fa19be39,primary_analysis,0.9936543909348442,0.9937011261689794,0.0008356937143764811,,,primary_train,0.9997011602968695,0.9999638880111267,completed,primary_train
run_0671,organamnist,split_07,1007,72,efficientnet_b0,A,5e203de9913a10ae47f75aab7d778e21e9a142a0699f4a4a6c374b725d67c1ae,2cc9a918eb09cea04b62e58c9866a8028c7be2a071aceb6c7f2712f2fa19be39,primary_analysis,0.9610198300283286,0.9632182305585206,0.005108329521087232,,,primary_train,0.9916747760844244,0.9989167703627385,completed,primary_train
run_0672,organamnist,split_07,1007,72,efficientnet_b0,B,5e203de9913a10ae47f75aab7d778e21e9a142a0699f4a4a6c374b725d67c1ae,2cc9a918eb09cea04b62e58c9866a8028c7be2a071aceb6c7f2712f2fa19be39,primary_analysis,0.9610198300283286,0.9632182305585206,0.005108329521087232,,,primary_train,0.9916747760844244,0.9989167703627385,completed,primary_train
run_0673,organamnist,split_07,1007,82,resnet18,A,5e203de9913a10ae47f75aab7d778e21e9a142a0699f4a4a6c374b725d67c1ae,2cc9a918eb09cea04b62e58c9866a8028c7be2a071aceb6c7f2712f2fa19be39,primary_analysis,0.9946742209631728,0.9947875057112832,0.0007786029036402262,,,primary_train,0.9997712887304157,0.9999691034909669,completed,primary_train
run_0674,organamnist,split_07,1007,82,resnet18,B,5e203de9913a10ae47f75aab7d778e21e9a142a0699f4a4a6c374b725d67c1ae,2cc9a918eb09cea04b62e58c9866a8028c7be2a071aceb6c7f2712f2fa19be39,primary_analysis,0.996827195467422,0.9964152074880352,0.0003999223652069238,,,primary_train,0.9999554018102671,0.9999954475235167,completed,primary_train
run_0675,organamnist,split_07,1007,82,resnet50,A,5e203de9913a10ae47f75aab7d778e21e9a142a0699f4a4a6c374b725d67c1ae,2cc9a918eb09cea04b62e58c9866a8028c7be2a071aceb6c7f2712f2fa19be39,primary_analysis,0.9953541076487252,0.9957548863724138,0.0006194941549873804,,,primary_train,0.9998811702891873,0.9999872799278997,completed,primary_train
run_0676,organamnist,split_07,1007,82,resnet50,B,5e203de9913a10ae47f75aab7d778e21e9a142a0699f4a4a6c374b725d67c1ae,2cc9a918eb09cea04b62e58c9866a8028c7be2a071aceb6c7f2712f2fa19be39,primary_analysis,0.9963739376770538,0.9963746174685053,0.0004331753402044975,,,primary_train,0.9999484704999971,0.9999940633089011,completed,primary_train
run_0677,organamnist,split_07,1007,82,densenet121,A,5e203de9913a10ae47f75aab7d778e21e9a142a0699f4a4a6c374b725d67c1ae,2cc9a918eb09cea04b62e58c9866a8028c7be2a071aceb6c7f2712f2fa19be39,primary_analysis,0.9928611898016997,0.9922016981891285,0.0010242515397064702,,,primary_train,0.999339215077164,0.999929677665872,completed,primary_train
run_0678,organamnist,split_07,1007,82,densenet121,B,5e203de9913a10ae47f75aab7d778e21e9a142a0699f4a4a6c374b725d67c1ae,2cc9a918eb09cea04b62e58c9866a8028c7be2a071aceb6c7f2712f2fa19be39,primary_analysis,0.9917280453257791,0.9916802386734606,0.0012119228301102193,,,primary_train,0.9994369529281921,0.9999325820781869,completed,primary_train
run_0679,organamnist,split_07,1007,82,efficientnet_b0,A,5e203de9913a10ae47f75aab7d778e21e9a142a0699f4a4a6c374b725d67c1ae,2cc9a918eb09cea04b62e58c9866a8028c7be2a071aceb6c7f2712f2fa19be39,primary_analysis,0.9629461756373938,0.9647330103289907,0.005123081104081961,,,primary_train,0.991445943993564,0.998856428961478,completed,primary_train
run_0680,organamnist,split_07,1007,82,efficientnet_b0,B,5e203de9913a10ae47f75aab7d778e21e9a142a0699f4a4a6c374b725d67c1ae,2cc9a918eb09cea04b62e58c9866a8028c7be2a071aceb6c7f2712f2fa19be39,primary_analysis,0.9622662889518414,0.9645689456069545,0.005149408587488865,,,primary_train,0.9915015664380298,0.9988815525121947,completed,primary_train
run_0681,organamnist,split_08,1008,42,resnet18,A,5e203de9913a10ae47f75aab7d778e21e9a142a0699f4a4a6c374b725d67c1ae,dd0f4c9bd9785533c8bf5987a20c1a640f0c4d67d86379aefcede2fe418108a9,primary_analysis,0.9938810198300283,0.9935162628868792,0.0007779874391313703,,,primary_train,0.9997457205078594,0.999968342238705,completed,primary_train
run_0682,organamnist,split_08,1008,42,resnet18,B,5e203de9913a10ae47f75aab7d778e21e9a142a0699f4a4a6c374b725d67c1ae,dd0f4c9bd9785533c8bf5987a20c1a640f0c4d67d86379aefcede2fe418108a9,primary_analysis,0.99671388101983,0.996803369068287,0.00044371794503717763,,,primary_train,0.9998698824629574,0.9999869570114985,completed,primary_train
run_0683,organamnist,split_08,1008,42,resnet50,A,5e203de9913a10ae47f75aab7d778e21e9a142a0699f4a4a6c374b725d67c1ae,dd0f4c9bd9785533c8bf5987a20c1a640f0c4d67d86379aefcede2fe418108a9,primary_analysis,0.995014164305949,0.9946186768231321,0.000680298948210522,,,primary_train,0.9997539461772559,0.9999716492135943,completed,primary_train
run_0684,organamnist,split_08,1008,42,resnet50,B,5e203de9913a10ae47f75aab7d778e21e9a142a0699f4a4a6c374b725d67c1ae,dd0f4c9bd9785533c8bf5987a20c1a640f0c4d67d86379aefcede2fe418108a9,primary_analysis,0.9959206798866855,0.9956913630852491,0.0006042087743029772,,,primary_train,0.999862093166908,0.999985123068383,completed,primary_train
run_0685,organamnist,split_08,1008,42,densenet121,A,5e203de9913a10ae47f75aab7d778e21e9a142a0699f4a4a6c374b725d67c1ae,dd0f4c9bd9785533c8bf5987a20c1a640f0c4d67d86379aefcede2fe418108a9,primary_analysis,0.9911614730878187,0.9915255366863861,0.0011556848828210295,,,primary_train,0.9996363882195087,0.9999596986149547,completed,primary_train
run_0686,organamnist,split_08,1008,42,densenet121,B,5e203de9913a10ae47f75aab7d778e21e9a142a0699f4a4a6c374b725d67c1ae,dd0f4c9bd9785533c8bf5987a20c1a640f0c4d67d86379aefcede2fe418108a9,primary_analysis,0.993314447592068,0.9929647456494376,0.0009255792809836984,,,primary_train,0.999649761206697,0.9999642752146695,completed,primary_train
run_0687,organamnist,split_08,1008,42,efficientnet_b0,A,5e203de9913a10ae47f75aab7d778e21e9a142a0699f4a4a6c374b725d67c1ae,dd0f4c9bd9785533c8bf5987a20c1a640f0c4d67d86379aefcede2fe418108a9,primary_analysis,0.9577337110481586,0.9574750631632035,0.005716652588776238,,,primary_train,0.9893898533159149,0.9986728132495002,completed,primary_train
run_0688,organamnist,split_08,1008,42,efficientnet_b0,B,5e203de9913a10ae47f75aab7d778e21e9a142a0699f4a4a6c374b725d67c1ae,dd0f4c9bd9785533c8bf5987a20c1a640f0c4d67d86379aefcede2fe418108a9,primary_analysis,0.9622662889518414,0.9636611351420966,0.00502005800248896,,,primary_train,0.9916534704909964,0.9989338063265228,completed,primary_train
run_0689,organamnist,split_08,1008,52,resnet18,A,5e203de9913a10ae47f75aab7d778e21e9a142a0699f4a4a6c374b725d67c1ae,dd0f4c9bd9785533c8bf5987a20c1a640f0c4d67d86379aefcede2fe418108a9,primary_analysis,0.9952407932011331,0.9951091358641733,0.0006230739833313699,,,primary_train,0.9998370072530007,0.9999811883735087,completed,primary_train
run_0690,organamnist,split_08,1008,52,resnet18,B,5e203de9913a10ae47f75aab7d778e21e9a142a0699f4a4a6c374b725d67c1ae,dd0f4c9bd9785533c8bf5987a20c1a640f0c4d67d86379aefcede2fe418108a9,primary_analysis,0.996827195467422,0.99673821458031,0.0004464945730643235,,,primary_train,0.9999252121818695,0.9999933550653534,completed,primary_train
run_0691,organamnist,split_08,1008,52,resnet50,A,5e203de9913a10ae47f75aab7d778e21e9a142a0699f4a4a6c374b725d67c1ae,dd0f4c9bd9785533c8bf5987a20c1a640f0c4d67d86379aefcede2fe418108a9,primary_analysis,0.9945609065155807,0.9938434016909053,0.0008026965792461173,,,primary_train,0.9997361303204955,0.9999686382270299,completed,primary_train
run_0692,organamnist,split_08,1008,52,resnet50,B,5e203de9913a10ae47f75aab7d778e21e9a142a0699f4a4a6c374b725d67c1ae,dd0f4c9bd9785533c8bf5987a20c1a640f0c4d67d86379aefcede2fe418108a9,primary_analysis,0.9946742209631728,0.994434034582646,0.000653904505485672,,,primary_train,0.9998795050350281,0.9999866667399325,completed,primary_train
run_0693,organamnist,split_08,1008,52,densenet121,A,5e203de9913a10ae47f75aab7d778e21e9a142a0699f4a4a6c374b725d67c1ae,dd0f4c9bd9785533c8bf5987a20c1a640f0c4d67d86379aefcede2fe418108a9,primary_analysis,0.9911614730878187,0.9903929252690862,0.0012962490705395841,,,primary_train,0.99928141165632,0.9999196019947282,completed,primary_train
run_0694,organamnist,split_08,1008,52,densenet121,B,5e203de9913a10ae47f75aab7d778e21e9a142a0699f4a4a6c374b725d67c1ae,dd0f4c9bd9785533c8bf5987a20c1a640f0c4d67d86379aefcede2fe418108a9,primary_analysis,0.9930878186968839,0.9928304454496129,0.0009684782663804559,,,primary_train,0.9996047133753997,0.9999526330511973,completed,primary_train
run_0695,organamnist,split_08,1008,52,efficientnet_b0,A,5e203de9913a10ae47f75aab7d778e21e9a142a0699f4a4a6c374b725d67c1ae,dd0f4c9bd9785533c8bf5987a20c1a640f0c4d67d86379aefcede2fe418108a9,primary_analysis,0.9583002832861189,0.9586177501766031,0.005679105899709736,,,primary_train,0.9901392152426278,0.9987351252397029,completed,primary_train
run_0696,organamnist,split_08,1008,52,efficientnet_b0,B,5e203de9913a10ae47f75aab7d778e21e9a142a0699f4a4a6c374b725d67c1ae,dd0f4c9bd9785533c8bf5987a20c1a640f0c4d67d86379aefcede2fe418108a9,primary_analysis,0.9610198300283286,0.9626286379491664,0.005286963205266805,,,primary_train,0.9913539265647174,0.9988796760086032,completed,primary_train
run_0697,organamnist,split_08,1008,62,resnet18,A,5e203de9913a10ae47f75aab7d778e21e9a142a0699f4a4a6c374b725d67c1ae,dd0f4c9bd9785533c8bf5987a20c1a640f0c4d67d86379aefcede2fe418108a9,primary_analysis,0.9961473087818696,0.9956503991467056,0.0004993048765200522,,,primary_train,0.9998434746703194,0.9999855552409957,completed,primary_train
run_0698,organamnist,split_08,1008,62,resnet18,B,5e203de9913a10ae47f75aab7d778e21e9a142a0699f4a4a6c374b725d67c1ae,dd0f4c9bd9785533c8bf5987a20c1a640f0c4d67d86379aefcede2fe418108a9,primary_analysis,0.9961473087818696,0.9959138649128135,0.0005463388063615553,,,primary_train,0.999879195511712,0.9999860338399666,completed,primary_train
run_0699,organamnist,split_08,1008,62,resnet50,A,5e203de9913a10ae47f75aab7d778e21e9a142a0699f4a4a6c374b725d67c1ae,dd0f4c9bd9785533c8bf5987a20c1a640f0c4d67d86379aefcede2fe418108a9,primary_analysis,0.9936543909348442,0.9931832381842668,0.0008837153368709192,,,primary_train,0.9996226153575354,0.9999590090253698,completed,primary_train
run_0700,organamnist,split_08,1008,62,resnet50,B,5e203de9913a10ae47f75aab7d778e21e9a142a0699f4a4a6c374b725d67c1ae,dd0f4c9bd9785533c8bf5987a20c1a640f0c4d67d86379aefcede2fe418108a9,primary_analysis,0.9959206798866855,0.9958308708085031,0.0006010310654148889,,,primary_train,0.9998864711034309,0.9999876535426299,completed,primary_train
run_0701,organamnist,split_08,1008,62,densenet121,A,5e203de9913a10ae47f75aab7d778e21e9a142a0699f4a4a6c374b725d67c1ae,dd0f4c9bd9785533c8bf5987a20c1a640f0c4d67d86379aefcede2fe418108a9,primary_analysis,0.9895750708215297,0.9887565661987998,0.0014147050564579657,,,primary_train,0.999247505416745,0.9999179673760494,completed,primary_train
run_0702,organamnist,split_08,1008,62,densenet121,B,5e203de9913a10ae47f75aab7d778e21e9a142a0699f4a4a6c374b725d67c1ae,dd0f4c9bd9785533c8bf5987a20c1a640f0c4d67d86379aefcede2fe418108a9,primary_analysis,0.9909348441926346,0.9914652112758149,0.0012168907098496816,,,primary_train,0.9995356458284096,0.9999506486069218,completed,primary_train
run_0703,organamnist,split_08,1008,62,efficientnet_b0,A,5e203de9913a10ae47f75aab7d778e21e9a142a0699f4a4a6c374b725d67c1ae,dd0f4c9bd9785533c8bf5987a20c1a640f0c4d67d86379aefcede2fe418108a9,primary_analysis,0.9593201133144476,0.9601259398018452,0.005334427750413929,,,primary_train,0.9907501941962548,0.9988174971333472,completed,primary_train
run_0704,organamnist,split_08,1008,62,efficientnet_b0,B,5e203de9913a10ae47f75aab7d778e21e9a142a0699f4a4a6c374b725d67c1ae,dd0f4c9bd9785533c8bf5987a20c1a640f0c4d67d86379aefcede2fe418108a9,primary_analysis,0.9602266288951842,0.9610674804948094,0.005313355570686517,,,primary_train,0.991020811124288,0.998867526405609,completed,primary_train
run_0705,organamnist,split_08,1008,72,resnet18,A,5e203de9913a10ae47f75aab7d778e21e9a142a0699f4a4a6c374b725d67c1ae,dd0f4c9bd9785533c8bf5987a20c1a640f0c4d67d86379aefcede2fe418108a9,primary_analysis,0.9959206798866855,0.9956113998280235,0.0005549801855731191,,,primary_train,0.9998856421143131,0.9999885964001678,completed,primary_train
run_0706,organamnist,split_08,1008,72,resnet18,B,5e203de9913a10ae47f75aab7d778e21e9a142a0699f4a4a6c374b725d67c1ae,dd0f4c9bd9785533c8bf5987a20c1a640f0c4d67d86379aefcede2fe418108a9,primary_analysis,0.995014164305949,0.9950935616606503,0.0007420570904018399,,,primary_train,0.9998050092978901,0.9999792318726614,completed,primary_train
run_0707,organamnist,split_08,1008,72,resnet50,A,5e203de9913a10ae47f75aab7d778e21e9a142a0699f4a4a6c374b725d67c1ae,dd0f4c9bd9785533c8bf5987a20c1a640f0c4d67d86379aefcede2fe418108a9,primary_analysis,0.9952407932011331,0.9945602761969045,0.0006939276259505745,,,primary_train,0.9998132231885184,0.9999775745113691,completed,primary_train
run_0708,organamnist,split_08,1008,72,resnet50,B,5e203de9913a10ae47f75aab7d778e21e9a142a0699f4a4a6c374b725d67c1ae,dd0f4c9bd9785533c8bf5987a20c1a640f0c4d67d86379aefcede2fe418108a9,primary_analysis,0.9962606232294617,0.9959537361203488,0.00053413074580334,,,primary_train,0.9998822667841687,0.9999863165643952,completed,primary_train
run_0709,organamnist,split_08,1008,72,densenet121,A,5e203de9913a10ae47f75aab7d778e21e9a142a0699f4a4a6c374b725d67c1ae,dd0f4c9bd9785533c8bf5987a20c1a640f0c4d67d86379aefcede2fe418108a9,primary_analysis,0.9928611898016997,0.9917349837921791,0.0010505123296838956,,,primary_train,0.9995003482408862,0.9999468590902381,completed,primary_train
run_0710,organamnist,split_08,1008,72,densenet121,B,5e203de9913a10ae47f75aab7d778e21e9a142a0699f4a4a6c374b725d67c1ae,dd0f4c9bd9785533c8bf5987a20c1a640f0c4d67d86379aefcede2fe418108a9,primary_analysis,0.9920679886685553,0.9906648970730287,0.0010811706152922891,,,primary_train,0.9993719212996389,0.9999292162308836,completed,primary_train
run_0711,organamnist,split_08,1008,72,efficientnet_b0,A,5e203de9913a10ae47f75aab7d778e21e9a142a0699f4a4a6c374b725d67c1ae,dd0f4c9bd9785533c8bf5987a20c1a640f0c4d67d86379aefcede2fe418108a9,primary_analysis,0.9545609065155808,0.954091090055361,0.0059947522374746605,,,primary_train,0.9884976083155679,0.9985508008246868,completed,primary_train
run_0712,organamnist,split_08,1008,72,efficientnet_b0,B,5e203de9913a10ae47f75aab7d778e21e9a142a0699f4a4a6c374b725d67c1ae,dd0f4c9bd9785533c8bf5987a20c1a640f0c4d67d86379aefcede2fe418108a9,primary_analysis,0.9586402266288951,0.9593181632229377,0.0053035494981868965,,,primary_train,0.9910462861734434,0.99886473524464,completed,primary_train
run_0713,organamnist,split_08,1008,82,resnet18,A,5e203de9913a10ae47f75aab7d778e21e9a142a0699f4a4a6c374b725d67c1ae,dd0f4c9bd9785533c8bf5987a20c1a640f0c4d67d86379aefcede2fe418108a9,primary_analysis,0.9943342776203966,0.9944111807862984,0.0007186957992399208,,,primary_train,0.9997929898866672,0.9999777415889686,completed,primary_train
run_0714,organamnist,split_08,1008,82,resnet18,B,5e203de9913a10ae47f75aab7d778e21e9a142a0699f4a4a6c374b725d67c1ae,dd0f4c9bd9785533c8bf5987a20c1a640f0c4d67d86379aefcede2fe418108a9,primary_analysis,0.9959206798866855,0.9958728807638039,0.0005487419634147682,,,primary_train,0.9998915396648226,0.9999886825804217,completed,primary_train
run_0715,organamnist,split_08,1008,82,resnet50,A,5e203de9913a10ae47f75aab7d778e21e9a142a0699f4a4a6c374b725d67c1ae,dd0f4c9bd9785533c8bf5987a20c1a640f0c4d67d86379aefcede2fe418108a9,primary_analysis,0.9886685552407932,0.9890594019619571,0.0015386949916000143,,,primary_train,0.9991072583431705,0.9998955463209899,completed,primary_train
run_0716,organamnist,split_08,1008,82,resnet50,B,5e203de9913a10ae47f75aab7d778e21e9a142a0699f4a4a6c374b725d67c1ae,dd0f4c9bd9785533c8bf5987a20c1a640f0c4d67d86379aefcede2fe418108a9,primary_analysis,0.9964872521246458,0.9966993874258285,0.000527807870649783,,,primary_train,0.9998719310841899,0.9999846341793213,completed,primary_train
run_0717,organamnist,split_08,1008,82,densenet121,A,5e203de9913a10ae47f75aab7d778e21e9a142a0699f4a4a6c374b725d67c1ae,dd0f4c9bd9785533c8bf5987a20c1a640f0c4d67d86379aefcede2fe418108a9,primary_analysis,0.9922946175637394,0.9915738379511819,0.0011864108323177283,,,primary_train,0.9994283572235259,0.9999298595210685,completed,primary_train
run_0718,organamnist,split_08,1008,82,densenet121,B,5e203de9913a10ae47f75aab7d778e21e9a142a0699f4a4a6c374b725d67c1ae,dd0f4c9bd9785533c8bf5987a20c1a640f0c4d67d86379aefcede2fe418108a9,primary_analysis,0.9932011331444759,0.9928435906941366,0.0009680214289423619,,,primary_train,0.9996534827331799,0.9999608843110132,completed,primary_train
run_0719,organamnist,split_08,1008,82,efficientnet_b0,A,5e203de9913a10ae47f75aab7d778e21e9a142a0699f4a4a6c374b725d67c1ae,dd0f4c9bd9785533c8bf5987a20c1a640f0c4d67d86379aefcede2fe418108a9,primary_analysis,0.9624929178470255,0.9638830993169591,0.005051360460533285,,,primary_train,0.9913450917728767,0.9989158165729499,completed,primary_train
run_0720,organamnist,split_08,1008,82,efficientnet_b0,B,5e203de9913a10ae47f75aab7d778e21e9a142a0699f4a4a6c374b725d67c1ae,dd0f4c9bd9785533c8bf5987a20c1a640f0c4d67d86379aefcede2fe418108a9,primary_analysis,0.9624929178470255,0.9638830993169591,0.005051360460533285,,,primary_train,0.9913450917728767,0.9989158165729499,completed,primary_train
run_0721,organamnist,split_09,1009,42,resnet18,A,5e203de9913a10ae47f75aab7d778e21e9a142a0699f4a4a6c374b725d67c1ae,e25077f0120a7e60905297b6187123fbe2de5f068e9ce5c48a2bfd3029099bf1,primary_analysis,0.9960339943342776,0.9959710956389528,0.0005065790780105996,,,primary_train,0.9999182367911369,0.9999902189313862,completed,primary_train
run_0722,organamnist,split_09,1009,42,resnet18,B,5e203de9913a10ae47f75aab7d778e21e9a142a0699f4a4a6c374b725d67c1ae,e25077f0120a7e60905297b6187123fbe2de5f068e9ce5c48a2bfd3029099bf1,primary_analysis,0.9955807365439093,0.9950314458736891,0.0006495079647631523,,,primary_train,0.9998387488000002,0.9999825248826503,completed,primary_train
run_0723,organamnist,split_09,1009,42,resnet50,A,5e203de9913a10ae47f75aab7d778e21e9a142a0699f4a4a6c374b725d67c1ae,e25077f0120a7e60905297b6187123fbe2de5f068e9ce5c48a2bfd3029099bf1,primary_analysis,0.9963739376770538,0.9959910861591648,0.0005003077502502939,,,primary_train,0.9998387179552737,0.999981472164712,completed,primary_train
run_0724,organamnist,split_09,1009,42,resnet50,B,5e203de9913a10ae47f75aab7d778e21e9a142a0699f4a4a6c374b725d67c1ae,e25077f0120a7e60905297b6187123fbe2de5f068e9ce5c48a2bfd3029099bf1,primary_analysis,0.9973937677053825,0.9977500649196536,0.0003748529374213192,,,primary_train,0.9999350879660166,0.9999925180321637,completed,primary_train
run_0725,organamnist,split_09,1009,42,densenet121,A,5e203de9913a10ae47f75aab7d778e21e9a142a0699f4a4a6c374b725d67c1ae,e25077f0120a7e60905297b6187123fbe2de5f068e9ce5c48a2bfd3029099bf1,primary_analysis,0.9918413597733711,0.9915477051741838,0.0011715493621570839,,,primary_train,0.9993929806661112,0.9999243779862376,completed,primary_train
run_0726,organamnist,split_09,1009,42,densenet121,B,5e203de9913a10ae47f75aab7d778e21e9a142a0699f4a4a6c374b725d67c1ae,e25077f0120a7e60905297b6187123fbe2de5f068e9ce5c48a2bfd3029099bf1,primary_analysis,0.991614730878187,0.9917295515693713,0.0012612431913936824,,,primary_train,0.9995568696647336,0.9999536065650009,completed,primary_train
run_0727,organamnist,split_09,1009,42,efficientnet_b0,A,5e203de9913a10ae47f75aab7d778e21e9a142a0699f4a4a6c374b725d67c1ae,e25077f0120a7e60905297b6187123fbe2de5f068e9ce5c48a2bfd3029099bf1,primary_analysis,0.96,0.9609998788887186,0.005330654454595853,,,primary_train,0.9910808331256991,0.998842185816435,completed,primary_train
run_0728,organamnist,split_09,1009,42,efficientnet_b0,B,5e203de9913a10ae47f75aab7d778e21e9a142a0699f4a4a6c374b725d67c1ae,e25077f0120a7e60905297b6187123fbe2de5f068e9ce5c48a2bfd3029099bf1,primary_analysis,0.9577337110481586,0.9600095349360926,0.005584197444600816,,,primary_train,0.9909137413821081,0.9988439850951033,completed,primary_train
run_0729,organamnist,split_09,1009,52,resnet18,A,5e203de9913a10ae47f75aab7d778e21e9a142a0699f4a4a6c374b725d67c1ae,e25077f0120a7e60905297b6187123fbe2de5f068e9ce5c48a2bfd3029099bf1,primary_analysis,0.995014164305949,0.9948905985718742,0.0007278233803222806,,,primary_train,0.9997754935772508,0.9999751517309382,completed,primary_train
run_0730,organamnist,split_09,1009,52,resnet18,B,5e203de9913a10ae47f75aab7d778e21e9a142a0699f4a4a6c374b725d67c1ae,e25077f0120a7e60905297b6187123fbe2de5f068e9ce5c48a2bfd3029099bf1,primary_analysis,0.9963739376770538,0.996150476390902,0.0005407835372656868,,,primary_train,0.9998226579568492,0.9999798361288671,completed,primary_train
run_0731,organamnist,split_09,1009,52,resnet50,A,5e203de9913a10ae47f75aab7d778e21e9a142a0699f4a4a6c374b725d67c1ae,e25077f0120a7e60905297b6187123fbe2de5f068e9ce5c48a2bfd3029099bf1,primary_analysis,0.9952407932011331,0.9951040871943629,0.0005925292332178066,,,primary_train,0.9998397806289178,0.999982365081827,completed,primary_train
run_0732,organamnist,split_09,1009,52,resnet50,B,5e203de9913a10ae47f75aab7d778e21e9a142a0699f4a4a6c374b725d67c1ae,e25077f0120a7e60905297b6187123fbe2de5f068e9ce5c48a2bfd3029099bf1,primary_analysis,0.9964872521246458,0.9963450761267775,0.0005027395819131512,,,primary_train,0.9998886753954295,0.9999871354637886,completed,primary_train
run_0733,organamnist,split_09,1009,52,densenet121,A,5e203de9913a10ae47f75aab7d778e21e9a142a0699f4a4a6c374b725d67c1ae,e25077f0120a7e60905297b6187123fbe2de5f068e9ce5c48a2bfd3029099bf1,primary_analysis,0.9895750708215297,0.9897128153056293,0.0014318953595562512,,,primary_train,0.9991690788473199,0.9998979409182952,completed,primary_train
run_0734,organamnist,split_09,1009,52,densenet121,B,5e203de9913a10ae47f75aab7d778e21e9a142a0699f4a4a6c374b725d67c1ae,e25077f0120a7e60905297b6187123fbe2de5f068e9ce5c48a2bfd3029099bf1,primary_analysis,0.9942209631728045,0.9946006048097896,0.0008279601839652662,,,primary_train,0.9997253657559358,0.9999677292299559,completed,primary_train
run_0735,organamnist,split_09,1009,52,efficientnet_b0,A,5e203de9913a10ae47f75aab7d778e21e9a142a0699f4a4a6c374b725d67c1ae,e25077f0120a7e60905297b6187123fbe2de5f068e9ce5c48a2bfd3029099bf1,primary_analysis,0.9568271954674221,0.9592468367775191,0.005898918488891991,,,primary_train,0.9894905921138442,0.9986501894042775,completed,primary_train
run_0736,organamnist,split_09,1009,52,efficientnet_b0,B,5e203de9913a10ae47f75aab7d778e21e9a142a0699f4a4a6c374b725d67c1ae,e25077f0120a7e60905297b6187123fbe2de5f068e9ce5c48a2bfd3029099bf1,primary_analysis,0.959886685552408,0.9613246288184348,0.005407437082355906,,,primary_train,0.9906684287662109,0.9988092560451697,completed,primary_train
run_0737,organamnist,split_09,1009,62,resnet18,A,5e203de9913a10ae47f75aab7d778e21e9a142a0699f4a4a6c374b725d67c1ae,e25077f0120a7e60905297b6187123fbe2de5f068e9ce5c48a2bfd3029099bf1,primary_analysis,0.9934277620396601,0.9937470373599269,0.0009542987637978652,,,primary_train,0.999591708970251,0.9999494556912846,completed,primary_train
run_0738,organamnist,split_09,1009,62,resnet18,B,5e203de9913a10ae47f75aab7d778e21e9a142a0699f4a4a6c374b725d67c1ae,e25077f0120a7e60905297b6187123fbe2de5f068e9ce5c48a2bfd3029099bf1,primary_analysis,0.9956940509915014,0.9958568950433718,0.0006431089130376736,,,primary_train,0.9998749755102403,0.9999857563436524,completed,primary_train
run_0739,organamnist,split_09,1009,62,resnet50,A,5e203de9913a10ae47f75aab7d778e21e9a142a0699f4a4a6c374b725d67c1ae,e25077f0120a7e60905297b6187123fbe2de5f068e9ce5c48a2bfd3029099bf1,primary_analysis,0.9945609065155807,0.9941889136967159,0.0006933486309879225,,,primary_train,0.9997222243019142,0.9999662924795722,completed,primary_train
run_0740,organamnist,split_09,1009,62,resnet50,B,5e203de9913a10ae47f75aab7d778e21e9a142a0699f4a4a6c374b725d67c1ae,e25077f0120a7e60905297b6187123fbe2de5f068e9ce5c48a2bfd3029099bf1,primary_analysis,0.9976203966005666,0.9976369047538763,0.00035941290599697854,,,primary_train,0.9998758520396896,0.9999853932335718,completed,primary_train
run_0741,organamnist,split_09,1009,62,densenet121,A,5e203de9913a10ae47f75aab7d778e21e9a142a0699f4a4a6c374b725d67c1ae,e25077f0120a7e60905297b6187123fbe2de5f068e9ce5c48a2bfd3029099bf1,primary_analysis,0.9877620396600567,0.9868464983505966,0.0016191145320344081,,,primary_train,0.9991148334683927,0.9999004643693525,completed,primary_train
run_0742,organamnist,split_09,1009,62,densenet121,B,5e203de9913a10ae47f75aab7d778e21e9a142a0699f4a4a6c374b725d67c1ae,e25077f0120a7e60905297b6187123fbe2de5f068e9ce5c48a2bfd3029099bf1,primary_analysis,0.9922946175637394,0.9916369339761861,0.001037612969674942,,,primary_train,0.999602170721225,0.9999567217861155,completed,primary_train
run_0743,organamnist,split_09,1009,62,efficientnet_b0,A,5e203de9913a10ae47f75aab7d778e21e9a142a0699f4a4a6c374b725d67c1ae,e25077f0120a7e60905297b6187123fbe2de5f068e9ce5c48a2bfd3029099bf1,primary_analysis,0.9570538243626062,0.9581647648833621,0.005808616366588831,,,primary_train,0.9894746559597437,0.9986513275429807,completed,primary_train
run_0744,organamnist,split_09,1009,62,efficientnet_b0,B,5e203de9913a10ae47f75aab7d778e21e9a142a0699f4a4a6c374b725d67c1ae,e25077f0120a7e60905297b6187123fbe2de5f068e9ce5c48a2bfd3029099bf1,primary_analysis,0.9605665722379604,0.9624964060278974,0.005176333660787374,,,primary_train,0.9913581152767951,0.9988828170353773,completed,primary_train
run_0745,organamnist,split_09,1009,72,resnet18,A,5e203de9913a10ae47f75aab7d778e21e9a142a0699f4a4a6c374b725d67c1ae,e25077f0120a7e60905297b6187123fbe2de5f068e9ce5c48a2bfd3029099bf1,primary_analysis,0.9969405099150142,0.996894753298535,0.0004654456764506101,,,primary_train,0.9999114760897427,0.9999901628630486,completed,primary_train
run_0746,organamnist,split_09,1009,72,resnet18,B,5e203de9913a10ae47f75aab7d778e21e9a142a0699f4a4a6c374b725d67c1ae,e25077f0120a7e60905297b6187123fbe2de5f068e9ce5c48a2bfd3029099bf1,primary_analysis,0.9951274787535411,0.9952674063586358,0.0006870810600575535,,,primary_train,0.9999254948579762,0.999991805156862,completed,primary_train
run_0747,organamnist,split_09,1009,72,resnet50,A,5e203de9913a10ae47f75aab7d778e21e9a142a0699f4a4a6c374b725d67c1ae,e25077f0120a7e60905297b6187123fbe2de5f068e9ce5c48a2bfd3029099bf1,primary_analysis,0.9945609065155807,0.9933095063584862,0.0007085949838614233,,,primary_train,0.9998505534312634,0.9999846095695903,completed,primary_train
run_0748,organamnist,split_09,1009,72,resnet50,B,5e203de9913a10ae47f75aab7d778e21e9a142a0699f4a4a6c374b725d67c1ae,e25077f0120a7e60905297b6187123fbe2de5f068e9ce5c48a2bfd3029099bf1,primary_analysis,0.996827195467422,0.9971424717733707,0.00044263967539985653,,,primary_train,0.9999374421109498,0.9999923465581795,completed,primary_train
run_0749,organamnist,split_09,1009,72,densenet121,A,5e203de9913a10ae47f75aab7d778e21e9a142a0699f4a4a6c374b725d67c1ae,e25077f0120a7e60905297b6187123fbe2de5f068e9ce5c48a2bfd3029099bf1,primary_analysis,0.9912747875354108,0.9913073651913088,0.0012893150271007469,,,primary_train,0.9992318903838796,0.9999107592757113,completed,primary_train
run_0750,organamnist,split_09,1009,72,densenet121,B,5e203de9913a10ae47f75aab7d778e21e9a142a0699f4a4a6c374b725d67c1ae,e25077f0120a7e60905297b6187123fbe2de5f068e9ce5c48a2bfd3029099bf1,primary_analysis,0.9934277620396601,0.9934893495983972,0.0009690075586967069,,,primary_train,0.99955890073056,0.9999504756480256,completed,primary_train
run_0751,organamnist,split_09,1009,72,efficientnet_b0,A,5e203de9913a10ae47f75aab7d778e21e9a142a0699f4a4a6c374b725d67c1ae,e25077f0120a7e60905297b6187123fbe2de5f068e9ce5c48a2bfd3029099bf1,primary_analysis,0.9580736543909348,0.9590104267427616,0.005439538899273634,,,primary_train,0.990880188340256,0.9988327110163095,completed,primary_train
run_0752,organamnist,split_09,1009,72,efficientnet_b0,B,5e203de9913a10ae47f75aab7d778e21e9a142a0699f4a4a6c374b725d67c1ae,e25077f0120a7e60905297b6187123fbe2de5f068e9ce5c48a2bfd3029099bf1,primary_analysis,0.9553541076487252,0.9568941272109609,0.005767464197043198,,,primary_train,0.9904076616521771,0.9987861857455897,completed,primary_train
run_0753,organamnist,split_09,1009,82,resnet18,A,5e203de9913a10ae47f75aab7d778e21e9a142a0699f4a4a6c374b725d67c1ae,e25077f0120a7e60905297b6187123fbe2de5f068e9ce5c48a2bfd3029099bf1,primary_analysis,0.9924079320113315,0.992213793680722,0.0009916647662525447,,,primary_train,0.9995779228638917,0.9999512010353889,completed,primary_train
run_0754,organamnist,split_09,1009,82,resnet18,B,5e203de9913a10ae47f75aab7d778e21e9a142a0699f4a4a6c374b725d67c1ae,e25077f0120a7e60905297b6187123fbe2de5f068e9ce5c48a2bfd3029099bf1,primary_analysis,0.9964872521246458,0.9968765700990265,0.000545688752250216,,,primary_train,0.9997216904357246,0.9999679432426484,completed,primary_train
run_0755,organamnist,split_09,1009,82,resnet50,A,5e203de9913a10ae47f75aab7d778e21e9a142a0699f4a4a6c374b725d67c1ae,e25077f0120a7e60905297b6187123fbe2de5f068e9ce5c48a2bfd3029099bf1,primary_analysis,0.9934277620396601,0.9932378234563966,0.0008698360251892315,,,primary_train,0.9997193196465267,0.9999658432579198,completed,primary_train
run_0756,organamnist,split_09,1009,82,resnet50,B,5e203de9913a10ae47f75aab7d778e21e9a142a0699f4a4a6c374b725d67c1ae,e25077f0120a7e60905297b6187123fbe2de5f068e9ce5c48a2bfd3029099bf1,primary_analysis,0.9972804532577904,0.9970540115844219,0.0004100686899362023,,,primary_train,0.9999275074612511,0.9999932929226181,completed,primary_train
run_0757,organamnist,split_09,1009,82,densenet121,A,5e203de9913a10ae47f75aab7d778e21e9a142a0699f4a4a6c374b725d67c1ae,e25077f0120a7e60905297b6187123fbe2de5f068e9ce5c48a2bfd3029099bf1,primary_analysis,0.9921813031161473,0.9921180871757916,0.0010937341968188833,,,primary_train,0.9994001561419154,0.9999342835905708,completed,primary_train
run_0758,organamnist,split_09,1009,82,densenet121,B,5e203de9913a10ae47f75aab7d778e21e9a142a0699f4a4a6c374b725d67c1ae,e25077f0120a7e60905297b6187123fbe2de5f068e9ce5c48a2bfd3029099bf1,primary_analysis,0.993314447592068,0.99341961754035,0.000964894506084691,,,primary_train,0.999526710898717,0.9999464723542527,completed,primary_train
run_0759,organamnist,split_09,1009,82,efficientnet_b0,A,5e203de9913a10ae47f75aab7d778e21e9a142a0699f4a4a6c374b725d67c1ae,e25077f0120a7e60905297b6187123fbe2de5f068e9ce5c48a2bfd3029099bf1,primary_analysis,0.9576203966005665,0.9591491206190764,0.00581890313938569,,,primary_train,0.9899443869142055,0.9986970433865925,completed,primary_train
run_0760,organamnist,split_09,1009,82,efficientnet_b0,B,5e203de9913a10ae47f75aab7d778e21e9a142a0699f4a4a6c374b725d67c1ae,e25077f0120a7e60905297b6187123fbe2de5f068e9ce5c48a2bfd3029099bf1,primary_analysis,0.9586402266288951,0.959852111644987,0.005581182280360727,,,primary_train,0.9907654263242633,0.9988439248382703,completed,primary_train
run_0761,organamnist,split_10,1010,42,resnet18,A,5e203de9913a10ae47f75aab7d778e21e9a142a0699f4a4a6c374b725d67c1ae,a6b1127e68080b69c0e0d9b2326da3de3134ff67efac02ea351d1baf155ba7e4,primary_analysis,0.9924079320113315,0.9921720643731562,0.0010915857990417607,,,primary_train,0.9995587195141143,0.9999506155155623,completed,primary_train
run_0762,organamnist,split_10,1010,42,resnet18,B,5e203de9913a10ae47f75aab7d778e21e9a142a0699f4a4a6c374b725d67c1ae,a6b1127e68080b69c0e0d9b2326da3de3134ff67efac02ea351d1baf155ba7e4,primary_analysis,0.9956940509915014,0.995587972982132,0.0005845245738948072,,,primary_train,0.9998676294061624,0.9999840259055621,completed,primary_train
run_0763,organamnist,split_10,1010,42,resnet50,A,5e203de9913a10ae47f75aab7d778e21e9a142a0699f4a4a6c374b725d67c1ae,a6b1127e68080b69c0e0d9b2326da3de3134ff67efac02ea351d1baf155ba7e4,primary_analysis,0.99671388101983,0.9964908610951416,0.0004553062051572994,,,primary_train,0.9999329617439959,0.9999932234642069,completed,primary_train
run_0764,organamnist,split_10,1010,42,resnet50,B,5e203de9913a10ae47f75aab7d778e21e9a142a0699f4a4a6c374b725d67c1ae,a6b1127e68080b69c0e0d9b2326da3de3134ff67efac02ea351d1baf155ba7e4,primary_analysis,0.9980736543909349,0.9979298055395812,0.00034945056034261455,,,primary_train,0.9999230588457347,0.9999917705836839,completed,primary_train
run_0765,organamnist,split_10,1010,42,densenet121,A,5e203de9913a10ae47f75aab7d778e21e9a142a0699f4a4a6c374b725d67c1ae,a6b1127e68080b69c0e0d9b2326da3de3134ff67efac02ea351d1baf155ba7e4,primary_analysis,0.9907082152974505,0.9907000297249272,0.0013128445407530763,,,primary_train,0.9992396350543822,0.9999039563855802,completed,primary_train
run_0766,organamnist,split_10,1010,42,densenet121,B,5e203de9913a10ae47f75aab7d778e21e9a142a0699f4a4a6c374b725d67c1ae,a6b1127e68080b69c0e0d9b2326da3de3134ff67efac02ea351d1baf155ba7e4,primary_analysis,0.9924079320113315,0.9931016210223877,0.0010631322664043654,,,primary_train,0.999625832927071,0.999957557316121,completed,primary_train
run_0767,organamnist,split_10,1010,42,efficientnet_b0,A,5e203de9913a10ae47f75aab7d778e21e9a142a0699f4a4a6c374b725d67c1ae,a6b1127e68080b69c0e0d9b2326da3de3134ff67efac02ea351d1baf155ba7e4,primary_analysis,0.9652124645892352,0.9641555290416813,0.004913566689242197,,,primary_train,0.9921055710300586,0.99896116028764,completed,primary_train
run_0768,organamnist,split_10,1010,42,efficientnet_b0,B,5e203de9913a10ae47f75aab7d778e21e9a142a0699f4a4a6c374b725d67c1ae,a6b1127e68080b69c0e0d9b2326da3de3134ff67efac02ea351d1baf155ba7e4,primary_analysis,0.9641926345609065,0.9626258291636641,0.005095708435640308,,,primary_train,0.9919413545430055,0.9989652283436015,completed,primary_train
run_0769,organamnist,split_10,1010,52,resnet18,A,5e203de9913a10ae47f75aab7d778e21e9a142a0699f4a4a6c374b725d67c1ae,a6b1127e68080b69c0e0d9b2326da3de3134ff67efac02ea351d1baf155ba7e4,primary_analysis,0.9954674220963173,0.9954602566670967,0.000623623983880315,,,primary_train,0.9998050750944398,0.9999792043539923,completed,primary_train
run_0770,organamnist,split_10,1010,52,resnet18,B,5e203de9913a10ae47f75aab7d778e21e9a142a0699f4a4a6c374b725d67c1ae,a6b1127e68080b69c0e0d9b2326da3de3134ff67efac02ea351d1baf155ba7e4,primary_analysis,0.9962606232294617,0.9967642752833662,0.0005288718047733878,,,primary_train,0.9999371903499449,0.9999924254882707,completed,primary_train
run_0771,organamnist,split_10,1010,52,resnet50,A,5e203de9913a10ae47f75aab7d778e21e9a142a0699f4a4a6c374b725d67c1ae,a6b1127e68080b69c0e0d9b2326da3de3134ff67efac02ea351d1baf155ba7e4,primary_analysis,0.9963739376770538,0.996309026427475,0.0005573402132880502,,,primary_train,0.9998847722252553,0.9999864576091159,completed,primary_train
run_0772,organamnist,split_10,1010,52,resnet50,B,5e203de9913a10ae47f75aab7d778e21e9a142a0699f4a4a6c374b725d67c1ae,a6b1127e68080b69c0e0d9b2326da3de3134ff67efac02ea351d1baf155ba7e4,primary_analysis,0.9961473087818696,0.9961875615817924,0.0005381983222397948,,,primary_train,0.9998900614589502,0.9999880326871252,completed,primary_train
run_0773,organamnist,split_10,1010,52,densenet121,A,5e203de9913a10ae47f75aab7d778e21e9a142a0699f4a4a6c374b725d67c1ae,a6b1127e68080b69c0e0d9b2326da3de3134ff67efac02ea351d1baf155ba7e4,primary_analysis,0.9924079320113315,0.9924444450572873,0.0010788618475720717,,,primary_train,0.9995488735907719,0.9999483114680712,completed,primary_train
run_0774,organamnist,split_10,1010,52,densenet121,B,5e203de9913a10ae47f75aab7d778e21e9a142a0699f4a4a6c374b725d67c1ae,a6b1127e68080b69c0e0d9b2326da3de3134ff67efac02ea351d1baf155ba7e4,primary_analysis,0.9908215297450425,0.9916456979458512,0.001239623065333089,,,primary_train,0.9994982313018457,0.9999393563178095,completed,primary_train
run_0775,organamnist,split_10,1010,52,efficientnet_b0,A,5e203de9913a10ae47f75aab7d778e21e9a142a0699f4a4a6c374b725d67c1ae,a6b1127e68080b69c0e0d9b2326da3de3134ff67efac02ea351d1baf155ba7e4,primary_analysis,0.9620396600566572,0.9605729459274012,0.005135536894293805,,,primary_train,0.9913035027050868,0.9988990586402344,completed,primary_train
run_0776,organamnist,split_10,1010,52,efficientnet_b0,B,5e203de9913a10ae47f75aab7d778e21e9a142a0699f4a4a6c374b725d67c1ae,a6b1127e68080b69c0e0d9b2326da3de3134ff67efac02ea351d1baf155ba7e4,primary_analysis,0.9643059490084985,0.9650113853649553,0.0048396922873295695,,,primary_train,0.9921844633812532,0.9989817304156758,completed,primary_train
run_0777,organamnist,split_10,1010,62,resnet18,A,5e203de9913a10ae47f75aab7d778e21e9a142a0699f4a4a6c374b725d67c1ae,a6b1127e68080b69c0e0d9b2326da3de3134ff67efac02ea351d1baf155ba7e4,primary_analysis,0.9963739376770538,0.9965495520789659,0.0004925282374482627,,,primary_train,0.9998213175995484,0.9999818168438067,completed,primary_train
run_0778,organamnist,split_10,1010,62,resnet18,B,5e203de9913a10ae47f75aab7d778e21e9a142a0699f4a4a6c374b725d67c1ae,a6b1127e68080b69c0e0d9b2326da3de3134ff67efac02ea351d1baf155ba7e4,primary_analysis,0.9952407932011331,0.9957288674070729,0.0007198767694485333,,,primary_train,0.9998836713568333,0.9999872658243197,completed,primary_train
run_0779,organamnist,split_10,1010,62,resnet50,A,5e203de9913a10ae47f75aab7d778e21e9a142a0699f4a4a6c374b725d67c1ae,a6b1127e68080b69c0e0d9b2326da3de3134ff67efac02ea351d1baf155ba7e4,primary_analysis,0.9958073654390935,0.9954603978579191,0.0006280658615681598,,,primary_train,0.9998141596909157,0.9999792101038735,completed,primary_train
run_0780,organamnist,split_10,1010,62,resnet50,B,5e203de9913a10ae47f75aab7d778e21e9a142a0699f4a4a6c374b725d67c1ae,a6b1127e68080b69c0e0d9b2326da3de3134ff67efac02ea351d1baf155ba7e4,primary_analysis,0.9978470254957507,0.9980152554292764,0.0002876603570490761,,,primary_train,0.9999396762585662,0.999992714283577,completed,primary_train
run_0781,organamnist,split_10,1010,62,densenet121,A,5e203de9913a10ae47f75aab7d778e21e9a142a0699f4a4a6c374b725d67c1ae,a6b1127e68080b69c0e0d9b2326da3de3134ff67efac02ea351d1baf155ba7e4,primary_analysis,0.9886685552407932,0.9880807088014291,0.0015117322699151664,,,primary_train,0.9992421110925002,0.9999154973071914,completed,primary_train
run_0782,organamnist,split_10,1010,62,densenet121,B,5e203de9913a10ae47f75aab7d778e21e9a142a0699f4a4a6c374b725d67c1ae,a6b1127e68080b69c0e0d9b2326da3de3134ff67efac02ea351d1baf155ba7e4,primary_analysis,0.9946742209631728,0.9948407004904379,0.0008017421466212833,,,primary_train,0.9996198774667028,0.9999529495245724,completed,primary_train
run_0783,organamnist,split_10,1010,62,efficientnet_b0,A,5e203de9913a10ae47f75aab7d778e21e9a142a0699f4a4a6c374b725d67c1ae,a6b1127e68080b69c0e0d9b2326da3de3134ff67efac02ea351d1baf155ba7e4,primary_analysis,0.9643059490084985,0.9630279660490413,0.004995464282594509,,,primary_train,0.9915614399589436,0.9989321298001329,completed,primary_train
run_0784,organamnist,split_10,1010,62,efficientnet_b0,B,5e203de9913a10ae47f75aab7d778e21e9a142a0699f4a4a6c374b725d67c1ae,a6b1127e68080b69c0e0d9b2326da3de3134ff67efac02ea351d1baf155ba7e4,primary_analysis,0.9649858356940509,0.9642893965150043,0.0049065479059286895,,,primary_train,0.9919494363755831,0.9989584853713042,completed,primary_train
run_0785,organamnist,split_10,1010,72,resnet18,A,5e203de9913a10ae47f75aab7d778e21e9a142a0699f4a4a6c374b725d67c1ae,a6b1127e68080b69c0e0d9b2326da3de3134ff67efac02ea351d1baf155ba7e4,primary_analysis,0.9956940509915014,0.994846280275074,0.0006104944380803009,,,primary_train,0.9998336515759783,0.9999850508597761,completed,primary_train
run_0786,organamnist,split_10,1010,72,resnet18,B,5e203de9913a10ae47f75aab7d778e21e9a142a0699f4a4a6c374b725d67c1ae,a6b1127e68080b69c0e0d9b2326da3de3134ff67efac02ea351d1baf155ba7e4,primary_analysis,0.9985269121813031,0.9983940261431719,0.00024133800736471332,,,primary_train,0.9999719022132733,0.999996734096408,completed,primary_train
run_0787,organamnist,split_10,1010,72,resnet50,A,5e203de9913a10ae47f75aab7d778e21e9a142a0699f4a4a6c374b725d67c1ae,a6b1127e68080b69c0e0d9b2326da3de3134ff67efac02ea351d1baf155ba7e4,primary_analysis,0.993314447592068,0.9935580463876874,0.0008204611040944936,,,primary_train,0.9998300670319812,0.9999803882336895,completed,primary_train
run_0788,organamnist,split_10,1010,72,resnet50,B,5e203de9913a10ae47f75aab7d778e21e9a142a0699f4a4a6c374b725d67c1ae,a6b1127e68080b69c0e0d9b2326da3de3134ff67efac02ea351d1baf155ba7e4,primary_analysis,0.9975070821529745,0.9971404664254121,0.0003410957747927413,,,primary_train,0.9999429756148545,0.9999943460304611,completed,primary_train
run_0789,organamnist,split_10,1010,72,densenet121,A,5e203de9913a10ae47f75aab7d778e21e9a142a0699f4a4a6c374b725d67c1ae,a6b1127e68080b69c0e0d9b2326da3de3134ff67efac02ea351d1baf155ba7e4,primary_analysis,0.9908215297450425,0.9907055837241678,0.0012594771607843875,,,primary_train,0.9992886438727485,0.9999109022548205,completed,primary_train
run_0790,organamnist,split_10,1010,72,densenet121,B,5e203de9913a10ae47f75aab7d778e21e9a142a0699f4a4a6c374b725d67c1ae,a6b1127e68080b69c0e0d9b2326da3de3134ff67efac02ea351d1baf155ba7e4,primary_analysis,0.9913881019830029,0.9914928076384314,0.0012308987491704063,,,primary_train,0.9996602285430453,0.9999606343522576,completed,primary_train
run_0791,organamnist,split_10,1010,72,efficientnet_b0,A,5e203de9913a10ae47f75aab7d778e21e9a142a0699f4a4a6c374b725d67c1ae,a6b1127e68080b69c0e0d9b2326da3de3134ff67efac02ea351d1baf155ba7e4,primary_analysis,0.96328611898017,0.962497336978621,0.0051117943874606836,,,primary_train,0.9913611033836315,0.9988599790851516,completed,primary_train
run_0792,organamnist,split_10,1010,72,efficientnet_b0,B,5e203de9913a10ae47f75aab7d778e21e9a142a0699f4a4a6c374b725d67c1ae,a6b1127e68080b69c0e0d9b2326da3de3134ff67efac02ea351d1baf155ba7e4,primary_analysis,0.9636260623229462,0.9649750268975111,0.005079794806401251,,,primary_train,0.9915263151061137,0.9988677938837044,completed,primary_train
run_0793,organamnist,split_10,1010,82,resnet18,A,5e203de9913a10ae47f75aab7d778e21e9a142a0699f4a4a6c374b725d67c1ae,a6b1127e68080b69c0e0d9b2326da3de3134ff67efac02ea351d1baf155ba7e4,primary_analysis,0.9961473087818696,0.9961999508192779,0.0005255746284313626,,,primary_train,0.9999116165835414,0.9999899760676421,completed,primary_train
run_0794,organamnist,split_10,1010,82,resnet18,B,5e203de9913a10ae47f75aab7d778e21e9a142a0699f4a4a6c374b725d67c1ae,a6b1127e68080b69c0e0d9b2326da3de3134ff67efac02ea351d1baf155ba7e4,primary_analysis,0.9979603399433428,0.9979513197490563,0.00028197243186213483,,,primary_train,0.9999481481262933,0.9999941325193785,completed,primary_train
run_0795,organamnist,split_10,1010,82,resnet50,A,5e203de9913a10ae47f75aab7d778e21e9a142a0699f4a4a6c374b725d67c1ae,a6b1127e68080b69c0e0d9b2326da3de3134ff67efac02ea351d1baf155ba7e4,primary_analysis,0.9959206798866855,0.9958022626500566,0.0005694262087012559,,,primary_train,0.999831400302316,0.9999824184257324,completed,primary_train
run_0796,organamnist,split_10,1010,82,resnet50,B,5e203de9913a10ae47f75aab7d778e21e9a142a0699f4a4a6c374b725d67c1ae,a6b1127e68080b69c0e0d9b2326da3de3134ff67efac02ea351d1baf155ba7e4,primary_analysis,0.9976203966005666,0.9974488420923936,0.00035970921321454383,,,primary_train,0.9999398719032268,0.9999933903436989,completed,primary_train
run_0797,organamnist,split_10,1010,82,densenet121,A,5e203de9913a10ae47f75aab7d778e21e9a142a0699f4a4a6c374b725d67c1ae,a6b1127e68080b69c0e0d9b2326da3de3134ff67efac02ea351d1baf155ba7e4,primary_analysis,0.9881019830028328,0.988274200846676,0.001691052791640138,,,primary_train,0.9987585772183668,0.9998608649048869,completed,primary_train
run_0798,organamnist,split_10,1010,82,densenet121,B,5e203de9913a10ae47f75aab7d778e21e9a142a0699f4a4a6c374b725d67c1ae,a6b1127e68080b69c0e0d9b2326da3de3134ff67efac02ea351d1baf155ba7e4,primary_analysis,0.9929745042492918,0.9931185971090758,0.0009521354602724683,,,primary_train,0.9995753320702231,0.9999537418774687,completed,primary_train
run_0799,organamnist,split_10,1010,82,efficientnet_b0,A,5e203de9913a10ae47f75aab7d778e21e9a142a0699f4a4a6c374b725d67c1ae,a6b1127e68080b69c0e0d9b2326da3de3134ff67efac02ea351d1baf155ba7e4,primary_analysis,0.9652124645892352,0.9650933686928941,0.0047887139779311475,,,primary_train,0.9921635415142646,0.9989899128929561,completed,primary_train
run_0800,organamnist,split_10,1010,82,efficientnet_b0,B,5e203de9913a10ae47f75aab7d778e21e9a142a0699f4a4a6c374b725d67c1ae,a6b1127e68080b69c0e0d9b2326da3de3134ff67efac02ea351d1baf155ba7e4,primary_analysis,0.9652124645892352,0.9650933686928941,0.0047887139779311475,,,primary_train,0.9921635415142646,0.9989899128929561,completed,primary_train
