run_id,dataset,model,variant,split_id,training_seed,split_file,split_sha256,dataset_index_file,dataset_index_sha256,output_dir
jiim_ext_isic2019_split_01_seed_42_resnet18_A,isic2019,resnet18,shared,split_01,42,research-lab/experiments/registered-workflow/extensions/jiim_2026_major_revision/formal_splits_v0.6/isic2019/split_01.csv,f5f83662b92865c0da3fa59b606b3e13eec64d0fa9c8148c8a817f3ecbbe32cd,research-lab/experiments/registered-workflow/extensions/jiim_2026_major_revision/candidate_indices/final_objective_v0.6/isic2019_dataset_index.csv,71b08c44e6284500f28dd07457c02441930fb82861ec6051d52b7071e35c7d6a,research-lab/experiments/registered-workflow/extensions/jiim_2026_major_revision/runs/jiim_ext_isic2019_split_01_seed_42_resnet18_A
jiim_ext_isic2019_split_01_seed_52_resnet18_A,isic2019,resnet18,shared,split_01,52,research-lab/experiments/registered-workflow/extensions/jiim_2026_major_revision/formal_splits_v0.6/isic2019/split_01.csv,f5f83662b92865c0da3fa59b606b3e13eec64d0fa9c8148c8a817f3ecbbe32cd,research-lab/experiments/registered-workflow/extensions/jiim_2026_major_revision/candidate_indices/final_objective_v0.6/isic2019_dataset_index.csv,71b08c44e6284500f28dd07457c02441930fb82861ec6051d52b7071e35c7d6a,research-lab/experiments/registered-workflow/extensions/jiim_2026_major_revision/runs/jiim_ext_isic2019_split_01_seed_52_resnet18_A
jiim_ext_isic2019_split_01_seed_62_resnet18_A,isic2019,resnet18,shared,split_01,62,research-lab/experiments/registered-workflow/extensions/jiim_2026_major_revision/formal_splits_v0.6/isic2019/split_01.csv,f5f83662b92865c0da3fa59b606b3e13eec64d0fa9c8148c8a817f3ecbbe32cd,research-lab/experiments/registered-workflow/extensions/jiim_2026_major_revision/candidate_indices/final_objective_v0.6/isic2019_dataset_index.csv,71b08c44e6284500f28dd07457c02441930fb82861ec6051d52b7071e35c7d6a,research-lab/experiments/registered-workflow/extensions/jiim_2026_major_revision/runs/jiim_ext_isic2019_split_01_seed_62_resnet18_A
jiim_ext_isic2019_split_01_seed_42_resnet50_A,isic2019,resnet50,shared,split_01,42,research-lab/experiments/registered-workflow/extensions/jiim_2026_major_revision/formal_splits_v0.6/isic2019/split_01.csv,f5f83662b92865c0da3fa59b606b3e13eec64d0fa9c8148c8a817f3ecbbe32cd,research-lab/experiments/registered-workflow/extensions/jiim_2026_major_revision/candidate_indices/final_objective_v0.6/isic2019_dataset_index.csv,71b08c44e6284500f28dd07457c02441930fb82861ec6051d52b7071e35c7d6a,research-lab/experiments/registered-workflow/extensions/jiim_2026_major_revision/runs/jiim_ext_isic2019_split_01_seed_42_resnet50_A
jiim_ext_isic2019_split_01_seed_52_resnet50_A,isic2019,resnet50,shared,split_01,52,research-lab/experiments/registered-workflow/extensions/jiim_2026_major_revision/formal_splits_v0.6/isic2019/split_01.csv,f5f83662b92865c0da3fa59b606b3e13eec64d0fa9c8148c8a817f3ecbbe32cd,research-lab/experiments/registered-workflow/extensions/jiim_2026_major_revision/candidate_indices/final_objective_v0.6/isic2019_dataset_index.csv,71b08c44e6284500f28dd07457c02441930fb82861ec6051d52b7071e35c7d6a,research-lab/experiments/registered-workflow/extensions/jiim_2026_major_revision/runs/jiim_ext_isic2019_split_01_seed_52_resnet50_A
jiim_ext_isic2019_split_01_seed_62_resnet50_A,isic2019,resnet50,shared,split_01,62,research-lab/experiments/registered-workflow/extensions/jiim_2026_major_revision/formal_splits_v0.6/isic2019/split_01.csv,f5f83662b92865c0da3fa59b606b3e13eec64d0fa9c8148c8a817f3ecbbe32cd,research-lab/experiments/registered-workflow/extensions/jiim_2026_major_revision/candidate_indices/final_objective_v0.6/isic2019_dataset_index.csv,71b08c44e6284500f28dd07457c02441930fb82861ec6051d52b7071e35c7d6a,research-lab/experiments/registered-workflow/extensions/jiim_2026_major_revision/runs/jiim_ext_isic2019_split_01_seed_62_resnet50_A
jiim_ext_isic2019_split_01_seed_42_densenet121_A,isic2019,densenet121,shared,split_01,42,research-lab/experiments/registered-workflow/extensions/jiim_2026_major_revision/formal_splits_v0.6/isic2019/split_01.csv,f5f83662b92865c0da3fa59b606b3e13eec64d0fa9c8148c8a817f3ecbbe32cd,research-lab/experiments/registered-workflow/extensions/jiim_2026_major_revision/candidate_indices/final_objective_v0.6/isic2019_dataset_index.csv,71b08c44e6284500f28dd07457c02441930fb82861ec6051d52b7071e35c7d6a,research-lab/experiments/registered-workflow/extensions/jiim_2026_major_revision/runs/jiim_ext_isic2019_split_01_seed_42_densenet121_A
jiim_ext_isic2019_split_01_seed_52_densenet121_A,isic2019,densenet121,shared,split_01,52,research-lab/experiments/registered-workflow/extensions/jiim_2026_major_revision/formal_splits_v0.6/isic2019/split_01.csv,f5f83662b92865c0da3fa59b606b3e13eec64d0fa9c8148c8a817f3ecbbe32cd,research-lab/experiments/registered-workflow/extensions/jiim_2026_major_revision/candidate_indices/final_objective_v0.6/isic2019_dataset_index.csv,71b08c44e6284500f28dd07457c02441930fb82861ec6051d52b7071e35c7d6a,research-lab/experiments/registered-workflow/extensions/jiim_2026_major_revision/runs/jiim_ext_isic2019_split_01_seed_52_densenet121_A
jiim_ext_isic2019_split_01_seed_62_densenet121_A,isic2019,densenet121,shared,split_01,62,research-lab/experiments/registered-workflow/extensions/jiim_2026_major_revision/formal_splits_v0.6/isic2019/split_01.csv,f5f83662b92865c0da3fa59b606b3e13eec64d0fa9c8148c8a817f3ecbbe32cd,research-lab/experiments/registered-workflow/extensions/jiim_2026_major_revision/candidate_indices/final_objective_v0.6/isic2019_dataset_index.csv,71b08c44e6284500f28dd07457c02441930fb82861ec6051d52b7071e35c7d6a,research-lab/experiments/registered-workflow/extensions/jiim_2026_major_revision/runs/jiim_ext_isic2019_split_01_seed_62_densenet121_A
jiim_ext_isic2019_split_01_seed_42_efficientnet_b0_A,isic2019,efficientnet_b0,shared,split_01,42,research-lab/experiments/registered-workflow/extensions/jiim_2026_major_revision/formal_splits_v0.6/isic2019/split_01.csv,f5f83662b92865c0da3fa59b606b3e13eec64d0fa9c8148c8a817f3ecbbe32cd,research-lab/experiments/registered-workflow/extensions/jiim_2026_major_revision/candidate_indices/final_objective_v0.6/isic2019_dataset_index.csv,71b08c44e6284500f28dd07457c02441930fb82861ec6051d52b7071e35c7d6a,research-lab/experiments/registered-workflow/extensions/jiim_2026_major_revision/runs/jiim_ext_isic2019_split_01_seed_42_efficientnet_b0_A
jiim_ext_isic2019_split_01_seed_52_efficientnet_b0_A,isic2019,efficientnet_b0,shared,split_01,52,research-lab/experiments/registered-workflow/extensions/jiim_2026_major_revision/formal_splits_v0.6/isic2019/split_01.csv,f5f83662b92865c0da3fa59b606b3e13eec64d0fa9c8148c8a817f3ecbbe32cd,research-lab/experiments/registered-workflow/extensions/jiim_2026_major_revision/candidate_indices/final_objective_v0.6/isic2019_dataset_index.csv,71b08c44e6284500f28dd07457c02441930fb82861ec6051d52b7071e35c7d6a,research-lab/experiments/registered-workflow/extensions/jiim_2026_major_revision/runs/jiim_ext_isic2019_split_01_seed_52_efficientnet_b0_A
jiim_ext_isic2019_split_01_seed_62_efficientnet_b0_A,isic2019,efficientnet_b0,shared,split_01,62,research-lab/experiments/registered-workflow/extensions/jiim_2026_major_revision/formal_splits_v0.6/isic2019/split_01.csv,f5f83662b92865c0da3fa59b606b3e13eec64d0fa9c8148c8a817f3ecbbe32cd,research-lab/experiments/registered-workflow/extensions/jiim_2026_major_revision/candidate_indices/final_objective_v0.6/isic2019_dataset_index.csv,71b08c44e6284500f28dd07457c02441930fb82861ec6051d52b7071e35c7d6a,research-lab/experiments/registered-workflow/extensions/jiim_2026_major_revision/runs/jiim_ext_isic2019_split_01_seed_62_efficientnet_b0_A
jiim_ext_isic2019_split_01_seed_42_swin_t_A,isic2019,swin_t,shared,split_01,42,research-lab/experiments/registered-workflow/extensions/jiim_2026_major_revision/formal_splits_v0.6/isic2019/split_01.csv,f5f83662b92865c0da3fa59b606b3e13eec64d0fa9c8148c8a817f3ecbbe32cd,research-lab/experiments/registered-workflow/extensions/jiim_2026_major_revision/candidate_indices/final_objective_v0.6/isic2019_dataset_index.csv,71b08c44e6284500f28dd07457c02441930fb82861ec6051d52b7071e35c7d6a,research-lab/experiments/registered-workflow/extensions/jiim_2026_major_revision/runs/jiim_ext_isic2019_split_01_seed_42_swin_t_A
jiim_ext_isic2019_split_01_seed_52_swin_t_A,isic2019,swin_t,shared,split_01,52,research-lab/experiments/registered-workflow/extensions/jiim_2026_major_revision/formal_splits_v0.6/isic2019/split_01.csv,f5f83662b92865c0da3fa59b606b3e13eec64d0fa9c8148c8a817f3ecbbe32cd,research-lab/experiments/registered-workflow/extensions/jiim_2026_major_revision/candidate_indices/final_objective_v0.6/isic2019_dataset_index.csv,71b08c44e6284500f28dd07457c02441930fb82861ec6051d52b7071e35c7d6a,research-lab/experiments/registered-workflow/extensions/jiim_2026_major_revision/runs/jiim_ext_isic2019_split_01_seed_52_swin_t_A
jiim_ext_isic2019_split_01_seed_62_swin_t_A,isic2019,swin_t,shared,split_01,62,research-lab/experiments/registered-workflow/extensions/jiim_2026_major_revision/formal_splits_v0.6/isic2019/split_01.csv,f5f83662b92865c0da3fa59b606b3e13eec64d0fa9c8148c8a817f3ecbbe32cd,research-lab/experiments/registered-workflow/extensions/jiim_2026_major_revision/candidate_indices/final_objective_v0.6/isic2019_dataset_index.csv,71b08c44e6284500f28dd07457c02441930fb82861ec6051d52b7071e35c7d6a,research-lab/experiments/registered-workflow/extensions/jiim_2026_major_revision/runs/jiim_ext_isic2019_split_01_seed_62_swin_t_A
jiim_ext_isic2019_split_01_seed_42_swin_t_B,isic2019,swin_t,swin_weight_eval,split_01,42,research-lab/experiments/registered-workflow/extensions/jiim_2026_major_revision/formal_splits_v0.6/isic2019/split_01.csv,f5f83662b92865c0da3fa59b606b3e13eec64d0fa9c8148c8a817f3ecbbe32cd,research-lab/experiments/registered-workflow/extensions/jiim_2026_major_revision/candidate_indices/final_objective_v0.6/isic2019_dataset_index.csv,71b08c44e6284500f28dd07457c02441930fb82861ec6051d52b7071e35c7d6a,research-lab/experiments/registered-workflow/extensions/jiim_2026_major_revision/runs/jiim_ext_isic2019_split_01_seed_42_swin_t_B
jiim_ext_isic2019_split_01_seed_52_swin_t_B,isic2019,swin_t,swin_weight_eval,split_01,52,research-lab/experiments/registered-workflow/extensions/jiim_2026_major_revision/formal_splits_v0.6/isic2019/split_01.csv,f5f83662b92865c0da3fa59b606b3e13eec64d0fa9c8148c8a817f3ecbbe32cd,research-lab/experiments/registered-workflow/extensions/jiim_2026_major_revision/candidate_indices/final_objective_v0.6/isic2019_dataset_index.csv,71b08c44e6284500f28dd07457c02441930fb82861ec6051d52b7071e35c7d6a,research-lab/experiments/registered-workflow/extensions/jiim_2026_major_revision/runs/jiim_ext_isic2019_split_01_seed_52_swin_t_B
jiim_ext_isic2019_split_01_seed_62_swin_t_B,isic2019,swin_t,swin_weight_eval,split_01,62,research-lab/experiments/registered-workflow/extensions/jiim_2026_major_revision/formal_splits_v0.6/isic2019/split_01.csv,f5f83662b92865c0da3fa59b606b3e13eec64d0fa9c8148c8a817f3ecbbe32cd,research-lab/experiments/registered-workflow/extensions/jiim_2026_major_revision/candidate_indices/final_objective_v0.6/isic2019_dataset_index.csv,71b08c44e6284500f28dd07457c02441930fb82861ec6051d52b7071e35c7d6a,research-lab/experiments/registered-workflow/extensions/jiim_2026_major_revision/runs/jiim_ext_isic2019_split_01_seed_62_swin_t_B
jiim_ext_isic2019_split_02_seed_42_resnet18_A,isic2019,resnet18,shared,split_02,42,research-lab/experiments/registered-workflow/extensions/jiim_2026_major_revision/formal_splits_v0.6/isic2019/split_02.csv,51767f30ee4d3651f9d51ac5ed5ba9df05539b9ca1070368d5e25a3813730427,research-lab/experiments/registered-workflow/extensions/jiim_2026_major_revision/candidate_indices/final_objective_v0.6/isic2019_dataset_index.csv,71b08c44e6284500f28dd07457c02441930fb82861ec6051d52b7071e35c7d6a,research-lab/experiments/registered-workflow/extensions/jiim_2026_major_revision/runs/jiim_ext_isic2019_split_02_seed_42_resnet18_A
jiim_ext_isic2019_split_02_seed_52_resnet18_A,isic2019,resnet18,shared,split_02,52,research-lab/experiments/registered-workflow/extensions/jiim_2026_major_revision/formal_splits_v0.6/isic2019/split_02.csv,51767f30ee4d3651f9d51ac5ed5ba9df05539b9ca1070368d5e25a3813730427,research-lab/experiments/registered-workflow/extensions/jiim_2026_major_revision/candidate_indices/final_objective_v0.6/isic2019_dataset_index.csv,71b08c44e6284500f28dd07457c02441930fb82861ec6051d52b7071e35c7d6a,research-lab/experiments/registered-workflow/extensions/jiim_2026_major_revision/runs/jiim_ext_isic2019_split_02_seed_52_resnet18_A
jiim_ext_isic2019_split_02_seed_62_resnet18_A,isic2019,resnet18,shared,split_02,62,research-lab/experiments/registered-workflow/extensions/jiim_2026_major_revision/formal_splits_v0.6/isic2019/split_02.csv,51767f30ee4d3651f9d51ac5ed5ba9df05539b9ca1070368d5e25a3813730427,research-lab/experiments/registered-workflow/extensions/jiim_2026_major_revision/candidate_indices/final_objective_v0.6/isic2019_dataset_index.csv,71b08c44e6284500f28dd07457c02441930fb82861ec6051d52b7071e35c7d6a,research-lab/experiments/registered-workflow/extensions/jiim_2026_major_revision/runs/jiim_ext_isic2019_split_02_seed_62_resnet18_A
jiim_ext_isic2019_split_02_seed_42_resnet50_A,isic2019,resnet50,shared,split_02,42,research-lab/experiments/registered-workflow/extensions/jiim_2026_major_revision/formal_splits_v0.6/isic2019/split_02.csv,51767f30ee4d3651f9d51ac5ed5ba9df05539b9ca1070368d5e25a3813730427,research-lab/experiments/registered-workflow/extensions/jiim_2026_major_revision/candidate_indices/final_objective_v0.6/isic2019_dataset_index.csv,71b08c44e6284500f28dd07457c02441930fb82861ec6051d52b7071e35c7d6a,research-lab/experiments/registered-workflow/extensions/jiim_2026_major_revision/runs/jiim_ext_isic2019_split_02_seed_42_resnet50_A
jiim_ext_isic2019_split_02_seed_52_resnet50_A,isic2019,resnet50,shared,split_02,52,research-lab/experiments/registered-workflow/extensions/jiim_2026_major_revision/formal_splits_v0.6/isic2019/split_02.csv,51767f30ee4d3651f9d51ac5ed5ba9df05539b9ca1070368d5e25a3813730427,research-lab/experiments/registered-workflow/extensions/jiim_2026_major_revision/candidate_indices/final_objective_v0.6/isic2019_dataset_index.csv,71b08c44e6284500f28dd07457c02441930fb82861ec6051d52b7071e35c7d6a,research-lab/experiments/registered-workflow/extensions/jiim_2026_major_revision/runs/jiim_ext_isic2019_split_02_seed_52_resnet50_A
jiim_ext_isic2019_split_02_seed_62_resnet50_A,isic2019,resnet50,shared,split_02,62,research-lab/experiments/registered-workflow/extensions/jiim_2026_major_revision/formal_splits_v0.6/isic2019/split_02.csv,51767f30ee4d3651f9d51ac5ed5ba9df05539b9ca1070368d5e25a3813730427,research-lab/experiments/registered-workflow/extensions/jiim_2026_major_revision/candidate_indices/final_objective_v0.6/isic2019_dataset_index.csv,71b08c44e6284500f28dd07457c02441930fb82861ec6051d52b7071e35c7d6a,research-lab/experiments/registered-workflow/extensions/jiim_2026_major_revision/runs/jiim_ext_isic2019_split_02_seed_62_resnet50_A
jiim_ext_isic2019_split_02_seed_42_densenet121_A,isic2019,densenet121,shared,split_02,42,research-lab/experiments/registered-workflow/extensions/jiim_2026_major_revision/formal_splits_v0.6/isic2019/split_02.csv,51767f30ee4d3651f9d51ac5ed5ba9df05539b9ca1070368d5e25a3813730427,research-lab/experiments/registered-workflow/extensions/jiim_2026_major_revision/candidate_indices/final_objective_v0.6/isic2019_dataset_index.csv,71b08c44e6284500f28dd07457c02441930fb82861ec6051d52b7071e35c7d6a,research-lab/experiments/registered-workflow/extensions/jiim_2026_major_revision/runs/jiim_ext_isic2019_split_02_seed_42_densenet121_A
jiim_ext_isic2019_split_02_seed_52_densenet121_A,isic2019,densenet121,shared,split_02,52,research-lab/experiments/registered-workflow/extensions/jiim_2026_major_revision/formal_splits_v0.6/isic2019/split_02.csv,51767f30ee4d3651f9d51ac5ed5ba9df05539b9ca1070368d5e25a3813730427,research-lab/experiments/registered-workflow/extensions/jiim_2026_major_revision/candidate_indices/final_objective_v0.6/isic2019_dataset_index.csv,71b08c44e6284500f28dd07457c02441930fb82861ec6051d52b7071e35c7d6a,research-lab/experiments/registered-workflow/extensions/jiim_2026_major_revision/runs/jiim_ext_isic2019_split_02_seed_52_densenet121_A
jiim_ext_isic2019_split_02_seed_62_densenet121_A,isic2019,densenet121,shared,split_02,62,research-lab/experiments/registered-workflow/extensions/jiim_2026_major_revision/formal_splits_v0.6/isic2019/split_02.csv,51767f30ee4d3651f9d51ac5ed5ba9df05539b9ca1070368d5e25a3813730427,research-lab/experiments/registered-workflow/extensions/jiim_2026_major_revision/candidate_indices/final_objective_v0.6/isic2019_dataset_index.csv,71b08c44e6284500f28dd07457c02441930fb82861ec6051d52b7071e35c7d6a,research-lab/experiments/registered-workflow/extensions/jiim_2026_major_revision/runs/jiim_ext_isic2019_split_02_seed_62_densenet121_A
jiim_ext_isic2019_split_02_seed_42_efficientnet_b0_A,isic2019,efficientnet_b0,shared,split_02,42,research-lab/experiments/registered-workflow/extensions/jiim_2026_major_revision/formal_splits_v0.6/isic2019/split_02.csv,51767f30ee4d3651f9d51ac5ed5ba9df05539b9ca1070368d5e25a3813730427,research-lab/experiments/registered-workflow/extensions/jiim_2026_major_revision/candidate_indices/final_objective_v0.6/isic2019_dataset_index.csv,71b08c44e6284500f28dd07457c02441930fb82861ec6051d52b7071e35c7d6a,research-lab/experiments/registered-workflow/extensions/jiim_2026_major_revision/runs/jiim_ext_isic2019_split_02_seed_42_efficientnet_b0_A
jiim_ext_isic2019_split_02_seed_52_efficientnet_b0_A,isic2019,efficientnet_b0,shared,split_02,52,research-lab/experiments/registered-workflow/extensions/jiim_2026_major_revision/formal_splits_v0.6/isic2019/split_02.csv,51767f30ee4d3651f9d51ac5ed5ba9df05539b9ca1070368d5e25a3813730427,research-lab/experiments/registered-workflow/extensions/jiim_2026_major_revision/candidate_indices/final_objective_v0.6/isic2019_dataset_index.csv,71b08c44e6284500f28dd07457c02441930fb82861ec6051d52b7071e35c7d6a,research-lab/experiments/registered-workflow/extensions/jiim_2026_major_revision/runs/jiim_ext_isic2019_split_02_seed_52_efficientnet_b0_A
jiim_ext_isic2019_split_02_seed_62_efficientnet_b0_A,isic2019,efficientnet_b0,shared,split_02,62,research-lab/experiments/registered-workflow/extensions/jiim_2026_major_revision/formal_splits_v0.6/isic2019/split_02.csv,51767f30ee4d3651f9d51ac5ed5ba9df05539b9ca1070368d5e25a3813730427,research-lab/experiments/registered-workflow/extensions/jiim_2026_major_revision/candidate_indices/final_objective_v0.6/isic2019_dataset_index.csv,71b08c44e6284500f28dd07457c02441930fb82861ec6051d52b7071e35c7d6a,research-lab/experiments/registered-workflow/extensions/jiim_2026_major_revision/runs/jiim_ext_isic2019_split_02_seed_62_efficientnet_b0_A
jiim_ext_isic2019_split_02_seed_42_swin_t_A,isic2019,swin_t,shared,split_02,42,research-lab/experiments/registered-workflow/extensions/jiim_2026_major_revision/formal_splits_v0.6/isic2019/split_02.csv,51767f30ee4d3651f9d51ac5ed5ba9df05539b9ca1070368d5e25a3813730427,research-lab/experiments/registered-workflow/extensions/jiim_2026_major_revision/candidate_indices/final_objective_v0.6/isic2019_dataset_index.csv,71b08c44e6284500f28dd07457c02441930fb82861ec6051d52b7071e35c7d6a,research-lab/experiments/registered-workflow/extensions/jiim_2026_major_revision/runs/jiim_ext_isic2019_split_02_seed_42_swin_t_A
jiim_ext_isic2019_split_02_seed_52_swin_t_A,isic2019,swin_t,shared,split_02,52,research-lab/experiments/registered-workflow/extensions/jiim_2026_major_revision/formal_splits_v0.6/isic2019/split_02.csv,51767f30ee4d3651f9d51ac5ed5ba9df05539b9ca1070368d5e25a3813730427,research-lab/experiments/registered-workflow/extensions/jiim_2026_major_revision/candidate_indices/final_objective_v0.6/isic2019_dataset_index.csv,71b08c44e6284500f28dd07457c02441930fb82861ec6051d52b7071e35c7d6a,research-lab/experiments/registered-workflow/extensions/jiim_2026_major_revision/runs/jiim_ext_isic2019_split_02_seed_52_swin_t_A
jiim_ext_isic2019_split_02_seed_62_swin_t_A,isic2019,swin_t,shared,split_02,62,research-lab/experiments/registered-workflow/extensions/jiim_2026_major_revision/formal_splits_v0.6/isic2019/split_02.csv,51767f30ee4d3651f9d51ac5ed5ba9df05539b9ca1070368d5e25a3813730427,research-lab/experiments/registered-workflow/extensions/jiim_2026_major_revision/candidate_indices/final_objective_v0.6/isic2019_dataset_index.csv,71b08c44e6284500f28dd07457c02441930fb82861ec6051d52b7071e35c7d6a,research-lab/experiments/registered-workflow/extensions/jiim_2026_major_revision/runs/jiim_ext_isic2019_split_02_seed_62_swin_t_A
jiim_ext_isic2019_split_02_seed_42_swin_t_B,isic2019,swin_t,swin_weight_eval,split_02,42,research-lab/experiments/registered-workflow/extensions/jiim_2026_major_revision/formal_splits_v0.6/isic2019/split_02.csv,51767f30ee4d3651f9d51ac5ed5ba9df05539b9ca1070368d5e25a3813730427,research-lab/experiments/registered-workflow/extensions/jiim_2026_major_revision/candidate_indices/final_objective_v0.6/isic2019_dataset_index.csv,71b08c44e6284500f28dd07457c02441930fb82861ec6051d52b7071e35c7d6a,research-lab/experiments/registered-workflow/extensions/jiim_2026_major_revision/runs/jiim_ext_isic2019_split_02_seed_42_swin_t_B
jiim_ext_isic2019_split_02_seed_52_swin_t_B,isic2019,swin_t,swin_weight_eval,split_02,52,research-lab/experiments/registered-workflow/extensions/jiim_2026_major_revision/formal_splits_v0.6/isic2019/split_02.csv,51767f30ee4d3651f9d51ac5ed5ba9df05539b9ca1070368d5e25a3813730427,research-lab/experiments/registered-workflow/extensions/jiim_2026_major_revision/candidate_indices/final_objective_v0.6/isic2019_dataset_index.csv,71b08c44e6284500f28dd07457c02441930fb82861ec6051d52b7071e35c7d6a,research-lab/experiments/registered-workflow/extensions/jiim_2026_major_revision/runs/jiim_ext_isic2019_split_02_seed_52_swin_t_B
jiim_ext_isic2019_split_02_seed_62_swin_t_B,isic2019,swin_t,swin_weight_eval,split_02,62,research-lab/experiments/registered-workflow/extensions/jiim_2026_major_revision/formal_splits_v0.6/isic2019/split_02.csv,51767f30ee4d3651f9d51ac5ed5ba9df05539b9ca1070368d5e25a3813730427,research-lab/experiments/registered-workflow/extensions/jiim_2026_major_revision/candidate_indices/final_objective_v0.6/isic2019_dataset_index.csv,71b08c44e6284500f28dd07457c02441930fb82861ec6051d52b7071e35c7d6a,research-lab/experiments/registered-workflow/extensions/jiim_2026_major_revision/runs/jiim_ext_isic2019_split_02_seed_62_swin_t_B
jiim_ext_isic2019_split_03_seed_42_resnet18_A,isic2019,resnet18,shared,split_03,42,research-lab/experiments/registered-workflow/extensions/jiim_2026_major_revision/formal_splits_v0.6/isic2019/split_03.csv,6093993b0dbdf836412d085cd953da1f2bca1d332bee692a4e22a4dc2f69f6be,research-lab/experiments/registered-workflow/extensions/jiim_2026_major_revision/candidate_indices/final_objective_v0.6/isic2019_dataset_index.csv,71b08c44e6284500f28dd07457c02441930fb82861ec6051d52b7071e35c7d6a,research-lab/experiments/registered-workflow/extensions/jiim_2026_major_revision/runs/jiim_ext_isic2019_split_03_seed_42_resnet18_A
jiim_ext_isic2019_split_03_seed_52_resnet18_A,isic2019,resnet18,shared,split_03,52,research-lab/experiments/registered-workflow/extensions/jiim_2026_major_revision/formal_splits_v0.6/isic2019/split_03.csv,6093993b0dbdf836412d085cd953da1f2bca1d332bee692a4e22a4dc2f69f6be,research-lab/experiments/registered-workflow/extensions/jiim_2026_major_revision/candidate_indices/final_objective_v0.6/isic2019_dataset_index.csv,71b08c44e6284500f28dd07457c02441930fb82861ec6051d52b7071e35c7d6a,research-lab/experiments/registered-workflow/extensions/jiim_2026_major_revision/runs/jiim_ext_isic2019_split_03_seed_52_resnet18_A
jiim_ext_isic2019_split_03_seed_62_resnet18_A,isic2019,resnet18,shared,split_03,62,research-lab/experiments/registered-workflow/extensions/jiim_2026_major_revision/formal_splits_v0.6/isic2019/split_03.csv,6093993b0dbdf836412d085cd953da1f2bca1d332bee692a4e22a4dc2f69f6be,research-lab/experiments/registered-workflow/extensions/jiim_2026_major_revision/candidate_indices/final_objective_v0.6/isic2019_dataset_index.csv,71b08c44e6284500f28dd07457c02441930fb82861ec6051d52b7071e35c7d6a,research-lab/experiments/registered-workflow/extensions/jiim_2026_major_revision/runs/jiim_ext_isic2019_split_03_seed_62_resnet18_A
jiim_ext_isic2019_split_03_seed_42_resnet50_A,isic2019,resnet50,shared,split_03,42,research-lab/experiments/registered-workflow/extensions/jiim_2026_major_revision/formal_splits_v0.6/isic2019/split_03.csv,6093993b0dbdf836412d085cd953da1f2bca1d332bee692a4e22a4dc2f69f6be,research-lab/experiments/registered-workflow/extensions/jiim_2026_major_revision/candidate_indices/final_objective_v0.6/isic2019_dataset_index.csv,71b08c44e6284500f28dd07457c02441930fb82861ec6051d52b7071e35c7d6a,research-lab/experiments/registered-workflow/extensions/jiim_2026_major_revision/runs/jiim_ext_isic2019_split_03_seed_42_resnet50_A
jiim_ext_isic2019_split_03_seed_52_resnet50_A,isic2019,resnet50,shared,split_03,52,research-lab/experiments/registered-workflow/extensions/jiim_2026_major_revision/formal_splits_v0.6/isic2019/split_03.csv,6093993b0dbdf836412d085cd953da1f2bca1d332bee692a4e22a4dc2f69f6be,research-lab/experiments/registered-workflow/extensions/jiim_2026_major_revision/candidate_indices/final_objective_v0.6/isic2019_dataset_index.csv,71b08c44e6284500f28dd07457c02441930fb82861ec6051d52b7071e35c7d6a,research-lab/experiments/registered-workflow/extensions/jiim_2026_major_revision/runs/jiim_ext_isic2019_split_03_seed_52_resnet50_A
jiim_ext_isic2019_split_03_seed_62_resnet50_A,isic2019,resnet50,shared,split_03,62,research-lab/experiments/registered-workflow/extensions/jiim_2026_major_revision/formal_splits_v0.6/isic2019/split_03.csv,6093993b0dbdf836412d085cd953da1f2bca1d332bee692a4e22a4dc2f69f6be,research-lab/experiments/registered-workflow/extensions/jiim_2026_major_revision/candidate_indices/final_objective_v0.6/isic2019_dataset_index.csv,71b08c44e6284500f28dd07457c02441930fb82861ec6051d52b7071e35c7d6a,research-lab/experiments/registered-workflow/extensions/jiim_2026_major_revision/runs/jiim_ext_isic2019_split_03_seed_62_resnet50_A
jiim_ext_isic2019_split_03_seed_42_densenet121_A,isic2019,densenet121,shared,split_03,42,research-lab/experiments/registered-workflow/extensions/jiim_2026_major_revision/formal_splits_v0.6/isic2019/split_03.csv,6093993b0dbdf836412d085cd953da1f2bca1d332bee692a4e22a4dc2f69f6be,research-lab/experiments/registered-workflow/extensions/jiim_2026_major_revision/candidate_indices/final_objective_v0.6/isic2019_dataset_index.csv,71b08c44e6284500f28dd07457c02441930fb82861ec6051d52b7071e35c7d6a,research-lab/experiments/registered-workflow/extensions/jiim_2026_major_revision/runs/jiim_ext_isic2019_split_03_seed_42_densenet121_A
jiim_ext_isic2019_split_03_seed_52_densenet121_A,isic2019,densenet121,shared,split_03,52,research-lab/experiments/registered-workflow/extensions/jiim_2026_major_revision/formal_splits_v0.6/isic2019/split_03.csv,6093993b0dbdf836412d085cd953da1f2bca1d332bee692a4e22a4dc2f69f6be,research-lab/experiments/registered-workflow/extensions/jiim_2026_major_revision/candidate_indices/final_objective_v0.6/isic2019_dataset_index.csv,71b08c44e6284500f28dd07457c02441930fb82861ec6051d52b7071e35c7d6a,research-lab/experiments/registered-workflow/extensions/jiim_2026_major_revision/runs/jiim_ext_isic2019_split_03_seed_52_densenet121_A
jiim_ext_isic2019_split_03_seed_62_densenet121_A,isic2019,densenet121,shared,split_03,62,research-lab/experiments/registered-workflow/extensions/jiim_2026_major_revision/formal_splits_v0.6/isic2019/split_03.csv,6093993b0dbdf836412d085cd953da1f2bca1d332bee692a4e22a4dc2f69f6be,research-lab/experiments/registered-workflow/extensions/jiim_2026_major_revision/candidate_indices/final_objective_v0.6/isic2019_dataset_index.csv,71b08c44e6284500f28dd07457c02441930fb82861ec6051d52b7071e35c7d6a,research-lab/experiments/registered-workflow/extensions/jiim_2026_major_revision/runs/jiim_ext_isic2019_split_03_seed_62_densenet121_A
jiim_ext_isic2019_split_03_seed_42_efficientnet_b0_A,isic2019,efficientnet_b0,shared,split_03,42,research-lab/experiments/registered-workflow/extensions/jiim_2026_major_revision/formal_splits_v0.6/isic2019/split_03.csv,6093993b0dbdf836412d085cd953da1f2bca1d332bee692a4e22a4dc2f69f6be,research-lab/experiments/registered-workflow/extensions/jiim_2026_major_revision/candidate_indices/final_objective_v0.6/isic2019_dataset_index.csv,71b08c44e6284500f28dd07457c02441930fb82861ec6051d52b7071e35c7d6a,research-lab/experiments/registered-workflow/extensions/jiim_2026_major_revision/runs/jiim_ext_isic2019_split_03_seed_42_efficientnet_b0_A
jiim_ext_isic2019_split_03_seed_52_efficientnet_b0_A,isic2019,efficientnet_b0,shared,split_03,52,research-lab/experiments/registered-workflow/extensions/jiim_2026_major_revision/formal_splits_v0.6/isic2019/split_03.csv,6093993b0dbdf836412d085cd953da1f2bca1d332bee692a4e22a4dc2f69f6be,research-lab/experiments/registered-workflow/extensions/jiim_2026_major_revision/candidate_indices/final_objective_v0.6/isic2019_dataset_index.csv,71b08c44e6284500f28dd07457c02441930fb82861ec6051d52b7071e35c7d6a,research-lab/experiments/registered-workflow/extensions/jiim_2026_major_revision/runs/jiim_ext_isic2019_split_03_seed_52_efficientnet_b0_A
jiim_ext_isic2019_split_03_seed_62_efficientnet_b0_A,isic2019,efficientnet_b0,shared,split_03,62,research-lab/experiments/registered-workflow/extensions/jiim_2026_major_revision/formal_splits_v0.6/isic2019/split_03.csv,6093993b0dbdf836412d085cd953da1f2bca1d332bee692a4e22a4dc2f69f6be,research-lab/experiments/registered-workflow/extensions/jiim_2026_major_revision/candidate_indices/final_objective_v0.6/isic2019_dataset_index.csv,71b08c44e6284500f28dd07457c02441930fb82861ec6051d52b7071e35c7d6a,research-lab/experiments/registered-workflow/extensions/jiim_2026_major_revision/runs/jiim_ext_isic2019_split_03_seed_62_efficientnet_b0_A
jiim_ext_isic2019_split_03_seed_42_swin_t_A,isic2019,swin_t,shared,split_03,42,research-lab/experiments/registered-workflow/extensions/jiim_2026_major_revision/formal_splits_v0.6/isic2019/split_03.csv,6093993b0dbdf836412d085cd953da1f2bca1d332bee692a4e22a4dc2f69f6be,research-lab/experiments/registered-workflow/extensions/jiim_2026_major_revision/candidate_indices/final_objective_v0.6/isic2019_dataset_index.csv,71b08c44e6284500f28dd07457c02441930fb82861ec6051d52b7071e35c7d6a,research-lab/experiments/registered-workflow/extensions/jiim_2026_major_revision/runs/jiim_ext_isic2019_split_03_seed_42_swin_t_A
jiim_ext_isic2019_split_03_seed_52_swin_t_A,isic2019,swin_t,shared,split_03,52,research-lab/experiments/registered-workflow/extensions/jiim_2026_major_revision/formal_splits_v0.6/isic2019/split_03.csv,6093993b0dbdf836412d085cd953da1f2bca1d332bee692a4e22a4dc2f69f6be,research-lab/experiments/registered-workflow/extensions/jiim_2026_major_revision/candidate_indices/final_objective_v0.6/isic2019_dataset_index.csv,71b08c44e6284500f28dd07457c02441930fb82861ec6051d52b7071e35c7d6a,research-lab/experiments/registered-workflow/extensions/jiim_2026_major_revision/runs/jiim_ext_isic2019_split_03_seed_52_swin_t_A
jiim_ext_isic2019_split_03_seed_62_swin_t_A,isic2019,swin_t,shared,split_03,62,research-lab/experiments/registered-workflow/extensions/jiim_2026_major_revision/formal_splits_v0.6/isic2019/split_03.csv,6093993b0dbdf836412d085cd953da1f2bca1d332bee692a4e22a4dc2f69f6be,research-lab/experiments/registered-workflow/extensions/jiim_2026_major_revision/candidate_indices/final_objective_v0.6/isic2019_dataset_index.csv,71b08c44e6284500f28dd07457c02441930fb82861ec6051d52b7071e35c7d6a,research-lab/experiments/registered-workflow/extensions/jiim_2026_major_revision/runs/jiim_ext_isic2019_split_03_seed_62_swin_t_A
jiim_ext_isic2019_split_03_seed_42_swin_t_B,isic2019,swin_t,swin_weight_eval,split_03,42,research-lab/experiments/registered-workflow/extensions/jiim_2026_major_revision/formal_splits_v0.6/isic2019/split_03.csv,6093993b0dbdf836412d085cd953da1f2bca1d332bee692a4e22a4dc2f69f6be,research-lab/experiments/registered-workflow/extensions/jiim_2026_major_revision/candidate_indices/final_objective_v0.6/isic2019_dataset_index.csv,71b08c44e6284500f28dd07457c02441930fb82861ec6051d52b7071e35c7d6a,research-lab/experiments/registered-workflow/extensions/jiim_2026_major_revision/runs/jiim_ext_isic2019_split_03_seed_42_swin_t_B
jiim_ext_isic2019_split_03_seed_52_swin_t_B,isic2019,swin_t,swin_weight_eval,split_03,52,research-lab/experiments/registered-workflow/extensions/jiim_2026_major_revision/formal_splits_v0.6/isic2019/split_03.csv,6093993b0dbdf836412d085cd953da1f2bca1d332bee692a4e22a4dc2f69f6be,research-lab/experiments/registered-workflow/extensions/jiim_2026_major_revision/candidate_indices/final_objective_v0.6/isic2019_dataset_index.csv,71b08c44e6284500f28dd07457c02441930fb82861ec6051d52b7071e35c7d6a,research-lab/experiments/registered-workflow/extensions/jiim_2026_major_revision/runs/jiim_ext_isic2019_split_03_seed_52_swin_t_B
jiim_ext_isic2019_split_03_seed_62_swin_t_B,isic2019,swin_t,swin_weight_eval,split_03,62,research-lab/experiments/registered-workflow/extensions/jiim_2026_major_revision/formal_splits_v0.6/isic2019/split_03.csv,6093993b0dbdf836412d085cd953da1f2bca1d332bee692a4e22a4dc2f69f6be,research-lab/experiments/registered-workflow/extensions/jiim_2026_major_revision/candidate_indices/final_objective_v0.6/isic2019_dataset_index.csv,71b08c44e6284500f28dd07457c02441930fb82861ec6051d52b7071e35c7d6a,research-lab/experiments/registered-workflow/extensions/jiim_2026_major_revision/runs/jiim_ext_isic2019_split_03_seed_62_swin_t_B
jiim_ext_isic2019_split_04_seed_42_resnet18_A,isic2019,resnet18,shared,split_04,42,research-lab/experiments/registered-workflow/extensions/jiim_2026_major_revision/formal_splits_v0.6/isic2019/split_04.csv,92483abbc0e83a93668c31f6a51e76f9c5435efa9fbd17045f113322c7c19803,research-lab/experiments/registered-workflow/extensions/jiim_2026_major_revision/candidate_indices/final_objective_v0.6/isic2019_dataset_index.csv,71b08c44e6284500f28dd07457c02441930fb82861ec6051d52b7071e35c7d6a,research-lab/experiments/registered-workflow/extensions/jiim_2026_major_revision/runs/jiim_ext_isic2019_split_04_seed_42_resnet18_A
jiim_ext_isic2019_split_04_seed_52_resnet18_A,isic2019,resnet18,shared,split_04,52,research-lab/experiments/registered-workflow/extensions/jiim_2026_major_revision/formal_splits_v0.6/isic2019/split_04.csv,92483abbc0e83a93668c31f6a51e76f9c5435efa9fbd17045f113322c7c19803,research-lab/experiments/registered-workflow/extensions/jiim_2026_major_revision/candidate_indices/final_objective_v0.6/isic2019_dataset_index.csv,71b08c44e6284500f28dd07457c02441930fb82861ec6051d52b7071e35c7d6a,research-lab/experiments/registered-workflow/extensions/jiim_2026_major_revision/runs/jiim_ext_isic2019_split_04_seed_52_resnet18_A
jiim_ext_isic2019_split_04_seed_62_resnet18_A,isic2019,resnet18,shared,split_04,62,research-lab/experiments/registered-workflow/extensions/jiim_2026_major_revision/formal_splits_v0.6/isic2019/split_04.csv,92483abbc0e83a93668c31f6a51e76f9c5435efa9fbd17045f113322c7c19803,research-lab/experiments/registered-workflow/extensions/jiim_2026_major_revision/candidate_indices/final_objective_v0.6/isic2019_dataset_index.csv,71b08c44e6284500f28dd07457c02441930fb82861ec6051d52b7071e35c7d6a,research-lab/experiments/registered-workflow/extensions/jiim_2026_major_revision/runs/jiim_ext_isic2019_split_04_seed_62_resnet18_A
jiim_ext_isic2019_split_04_seed_42_resnet50_A,isic2019,resnet50,shared,split_04,42,research-lab/experiments/registered-workflow/extensions/jiim_2026_major_revision/formal_splits_v0.6/isic2019/split_04.csv,92483abbc0e83a93668c31f6a51e76f9c5435efa9fbd17045f113322c7c19803,research-lab/experiments/registered-workflow/extensions/jiim_2026_major_revision/candidate_indices/final_objective_v0.6/isic2019_dataset_index.csv,71b08c44e6284500f28dd07457c02441930fb82861ec6051d52b7071e35c7d6a,research-lab/experiments/registered-workflow/extensions/jiim_2026_major_revision/runs/jiim_ext_isic2019_split_04_seed_42_resnet50_A
jiim_ext_isic2019_split_04_seed_52_resnet50_A,isic2019,resnet50,shared,split_04,52,research-lab/experiments/registered-workflow/extensions/jiim_2026_major_revision/formal_splits_v0.6/isic2019/split_04.csv,92483abbc0e83a93668c31f6a51e76f9c5435efa9fbd17045f113322c7c19803,research-lab/experiments/registered-workflow/extensions/jiim_2026_major_revision/candidate_indices/final_objective_v0.6/isic2019_dataset_index.csv,71b08c44e6284500f28dd07457c02441930fb82861ec6051d52b7071e35c7d6a,research-lab/experiments/registered-workflow/extensions/jiim_2026_major_revision/runs/jiim_ext_isic2019_split_04_seed_52_resnet50_A
jiim_ext_isic2019_split_04_seed_62_resnet50_A,isic2019,resnet50,shared,split_04,62,research-lab/experiments/registered-workflow/extensions/jiim_2026_major_revision/formal_splits_v0.6/isic2019/split_04.csv,92483abbc0e83a93668c31f6a51e76f9c5435efa9fbd17045f113322c7c19803,research-lab/experiments/registered-workflow/extensions/jiim_2026_major_revision/candidate_indices/final_objective_v0.6/isic2019_dataset_index.csv,71b08c44e6284500f28dd07457c02441930fb82861ec6051d52b7071e35c7d6a,research-lab/experiments/registered-workflow/extensions/jiim_2026_major_revision/runs/jiim_ext_isic2019_split_04_seed_62_resnet50_A
jiim_ext_isic2019_split_04_seed_42_densenet121_A,isic2019,densenet121,shared,split_04,42,research-lab/experiments/registered-workflow/extensions/jiim_2026_major_revision/formal_splits_v0.6/isic2019/split_04.csv,92483abbc0e83a93668c31f6a51e76f9c5435efa9fbd17045f113322c7c19803,research-lab/experiments/registered-workflow/extensions/jiim_2026_major_revision/candidate_indices/final_objective_v0.6/isic2019_dataset_index.csv,71b08c44e6284500f28dd07457c02441930fb82861ec6051d52b7071e35c7d6a,research-lab/experiments/registered-workflow/extensions/jiim_2026_major_revision/runs/jiim_ext_isic2019_split_04_seed_42_densenet121_A
jiim_ext_isic2019_split_04_seed_52_densenet121_A,isic2019,densenet121,shared,split_04,52,research-lab/experiments/registered-workflow/extensions/jiim_2026_major_revision/formal_splits_v0.6/isic2019/split_04.csv,92483abbc0e83a93668c31f6a51e76f9c5435efa9fbd17045f113322c7c19803,research-lab/experiments/registered-workflow/extensions/jiim_2026_major_revision/candidate_indices/final_objective_v0.6/isic2019_dataset_index.csv,71b08c44e6284500f28dd07457c02441930fb82861ec6051d52b7071e35c7d6a,research-lab/experiments/registered-workflow/extensions/jiim_2026_major_revision/runs/jiim_ext_isic2019_split_04_seed_52_densenet121_A
jiim_ext_isic2019_split_04_seed_62_densenet121_A,isic2019,densenet121,shared,split_04,62,research-lab/experiments/registered-workflow/extensions/jiim_2026_major_revision/formal_splits_v0.6/isic2019/split_04.csv,92483abbc0e83a93668c31f6a51e76f9c5435efa9fbd17045f113322c7c19803,research-lab/experiments/registered-workflow/extensions/jiim_2026_major_revision/candidate_indices/final_objective_v0.6/isic2019_dataset_index.csv,71b08c44e6284500f28dd07457c02441930fb82861ec6051d52b7071e35c7d6a,research-lab/experiments/registered-workflow/extensions/jiim_2026_major_revision/runs/jiim_ext_isic2019_split_04_seed_62_densenet121_A
jiim_ext_isic2019_split_04_seed_42_efficientnet_b0_A,isic2019,efficientnet_b0,shared,split_04,42,research-lab/experiments/registered-workflow/extensions/jiim_2026_major_revision/formal_splits_v0.6/isic2019/split_04.csv,92483abbc0e83a93668c31f6a51e76f9c5435efa9fbd17045f113322c7c19803,research-lab/experiments/registered-workflow/extensions/jiim_2026_major_revision/candidate_indices/final_objective_v0.6/isic2019_dataset_index.csv,71b08c44e6284500f28dd07457c02441930fb82861ec6051d52b7071e35c7d6a,research-lab/experiments/registered-workflow/extensions/jiim_2026_major_revision/runs/jiim_ext_isic2019_split_04_seed_42_efficientnet_b0_A
jiim_ext_isic2019_split_04_seed_52_efficientnet_b0_A,isic2019,efficientnet_b0,shared,split_04,52,research-lab/experiments/registered-workflow/extensions/jiim_2026_major_revision/formal_splits_v0.6/isic2019/split_04.csv,92483abbc0e83a93668c31f6a51e76f9c5435efa9fbd17045f113322c7c19803,research-lab/experiments/registered-workflow/extensions/jiim_2026_major_revision/candidate_indices/final_objective_v0.6/isic2019_dataset_index.csv,71b08c44e6284500f28dd07457c02441930fb82861ec6051d52b7071e35c7d6a,research-lab/experiments/registered-workflow/extensions/jiim_2026_major_revision/runs/jiim_ext_isic2019_split_04_seed_52_efficientnet_b0_A
jiim_ext_isic2019_split_04_seed_62_efficientnet_b0_A,isic2019,efficientnet_b0,shared,split_04,62,research-lab/experiments/registered-workflow/extensions/jiim_2026_major_revision/formal_splits_v0.6/isic2019/split_04.csv,92483abbc0e83a93668c31f6a51e76f9c5435efa9fbd17045f113322c7c19803,research-lab/experiments/registered-workflow/extensions/jiim_2026_major_revision/candidate_indices/final_objective_v0.6/isic2019_dataset_index.csv,71b08c44e6284500f28dd07457c02441930fb82861ec6051d52b7071e35c7d6a,research-lab/experiments/registered-workflow/extensions/jiim_2026_major_revision/runs/jiim_ext_isic2019_split_04_seed_62_efficientnet_b0_A
jiim_ext_isic2019_split_04_seed_42_swin_t_A,isic2019,swin_t,shared,split_04,42,research-lab/experiments/registered-workflow/extensions/jiim_2026_major_revision/formal_splits_v0.6/isic2019/split_04.csv,92483abbc0e83a93668c31f6a51e76f9c5435efa9fbd17045f113322c7c19803,research-lab/experiments/registered-workflow/extensions/jiim_2026_major_revision/candidate_indices/final_objective_v0.6/isic2019_dataset_index.csv,71b08c44e6284500f28dd07457c02441930fb82861ec6051d52b7071e35c7d6a,research-lab/experiments/registered-workflow/extensions/jiim_2026_major_revision/runs/jiim_ext_isic2019_split_04_seed_42_swin_t_A
jiim_ext_isic2019_split_04_seed_52_swin_t_A,isic2019,swin_t,shared,split_04,52,research-lab/experiments/registered-workflow/extensions/jiim_2026_major_revision/formal_splits_v0.6/isic2019/split_04.csv,92483abbc0e83a93668c31f6a51e76f9c5435efa9fbd17045f113322c7c19803,research-lab/experiments/registered-workflow/extensions/jiim_2026_major_revision/candidate_indices/final_objective_v0.6/isic2019_dataset_index.csv,71b08c44e6284500f28dd07457c02441930fb82861ec6051d52b7071e35c7d6a,research-lab/experiments/registered-workflow/extensions/jiim_2026_major_revision/runs/jiim_ext_isic2019_split_04_seed_52_swin_t_A
jiim_ext_isic2019_split_04_seed_62_swin_t_A,isic2019,swin_t,shared,split_04,62,research-lab/experiments/registered-workflow/extensions/jiim_2026_major_revision/formal_splits_v0.6/isic2019/split_04.csv,92483abbc0e83a93668c31f6a51e76f9c5435efa9fbd17045f113322c7c19803,research-lab/experiments/registered-workflow/extensions/jiim_2026_major_revision/candidate_indices/final_objective_v0.6/isic2019_dataset_index.csv,71b08c44e6284500f28dd07457c02441930fb82861ec6051d52b7071e35c7d6a,research-lab/experiments/registered-workflow/extensions/jiim_2026_major_revision/runs/jiim_ext_isic2019_split_04_seed_62_swin_t_A
jiim_ext_isic2019_split_04_seed_42_swin_t_B,isic2019,swin_t,swin_weight_eval,split_04,42,research-lab/experiments/registered-workflow/extensions/jiim_2026_major_revision/formal_splits_v0.6/isic2019/split_04.csv,92483abbc0e83a93668c31f6a51e76f9c5435efa9fbd17045f113322c7c19803,research-lab/experiments/registered-workflow/extensions/jiim_2026_major_revision/candidate_indices/final_objective_v0.6/isic2019_dataset_index.csv,71b08c44e6284500f28dd07457c02441930fb82861ec6051d52b7071e35c7d6a,research-lab/experiments/registered-workflow/extensions/jiim_2026_major_revision/runs/jiim_ext_isic2019_split_04_seed_42_swin_t_B
jiim_ext_isic2019_split_04_seed_52_swin_t_B,isic2019,swin_t,swin_weight_eval,split_04,52,research-lab/experiments/registered-workflow/extensions/jiim_2026_major_revision/formal_splits_v0.6/isic2019/split_04.csv,92483abbc0e83a93668c31f6a51e76f9c5435efa9fbd17045f113322c7c19803,research-lab/experiments/registered-workflow/extensions/jiim_2026_major_revision/candidate_indices/final_objective_v0.6/isic2019_dataset_index.csv,71b08c44e6284500f28dd07457c02441930fb82861ec6051d52b7071e35c7d6a,research-lab/experiments/registered-workflow/extensions/jiim_2026_major_revision/runs/jiim_ext_isic2019_split_04_seed_52_swin_t_B
jiim_ext_isic2019_split_04_seed_62_swin_t_B,isic2019,swin_t,swin_weight_eval,split_04,62,research-lab/experiments/registered-workflow/extensions/jiim_2026_major_revision/formal_splits_v0.6/isic2019/split_04.csv,92483abbc0e83a93668c31f6a51e76f9c5435efa9fbd17045f113322c7c19803,research-lab/experiments/registered-workflow/extensions/jiim_2026_major_revision/candidate_indices/final_objective_v0.6/isic2019_dataset_index.csv,71b08c44e6284500f28dd07457c02441930fb82861ec6051d52b7071e35c7d6a,research-lab/experiments/registered-workflow/extensions/jiim_2026_major_revision/runs/jiim_ext_isic2019_split_04_seed_62_swin_t_B
jiim_ext_isic2019_split_05_seed_42_resnet18_A,isic2019,resnet18,shared,split_05,42,research-lab/experiments/registered-workflow/extensions/jiim_2026_major_revision/formal_splits_v0.6/isic2019/split_05.csv,ee4a99fb0518ac44c2317ee130a347966a18edda9f81af3c772690b7a7b7638a,research-lab/experiments/registered-workflow/extensions/jiim_2026_major_revision/candidate_indices/final_objective_v0.6/isic2019_dataset_index.csv,71b08c44e6284500f28dd07457c02441930fb82861ec6051d52b7071e35c7d6a,research-lab/experiments/registered-workflow/extensions/jiim_2026_major_revision/runs/jiim_ext_isic2019_split_05_seed_42_resnet18_A
jiim_ext_isic2019_split_05_seed_52_resnet18_A,isic2019,resnet18,shared,split_05,52,research-lab/experiments/registered-workflow/extensions/jiim_2026_major_revision/formal_splits_v0.6/isic2019/split_05.csv,ee4a99fb0518ac44c2317ee130a347966a18edda9f81af3c772690b7a7b7638a,research-lab/experiments/registered-workflow/extensions/jiim_2026_major_revision/candidate_indices/final_objective_v0.6/isic2019_dataset_index.csv,71b08c44e6284500f28dd07457c02441930fb82861ec6051d52b7071e35c7d6a,research-lab/experiments/registered-workflow/extensions/jiim_2026_major_revision/runs/jiim_ext_isic2019_split_05_seed_52_resnet18_A
jiim_ext_isic2019_split_05_seed_62_resnet18_A,isic2019,resnet18,shared,split_05,62,research-lab/experiments/registered-workflow/extensions/jiim_2026_major_revision/formal_splits_v0.6/isic2019/split_05.csv,ee4a99fb0518ac44c2317ee130a347966a18edda9f81af3c772690b7a7b7638a,research-lab/experiments/registered-workflow/extensions/jiim_2026_major_revision/candidate_indices/final_objective_v0.6/isic2019_dataset_index.csv,71b08c44e6284500f28dd07457c02441930fb82861ec6051d52b7071e35c7d6a,research-lab/experiments/registered-workflow/extensions/jiim_2026_major_revision/runs/jiim_ext_isic2019_split_05_seed_62_resnet18_A
jiim_ext_isic2019_split_05_seed_42_resnet50_A,isic2019,resnet50,shared,split_05,42,research-lab/experiments/registered-workflow/extensions/jiim_2026_major_revision/formal_splits_v0.6/isic2019/split_05.csv,ee4a99fb0518ac44c2317ee130a347966a18edda9f81af3c772690b7a7b7638a,research-lab/experiments/registered-workflow/extensions/jiim_2026_major_revision/candidate_indices/final_objective_v0.6/isic2019_dataset_index.csv,71b08c44e6284500f28dd07457c02441930fb82861ec6051d52b7071e35c7d6a,research-lab/experiments/registered-workflow/extensions/jiim_2026_major_revision/runs/jiim_ext_isic2019_split_05_seed_42_resnet50_A
jiim_ext_isic2019_split_05_seed_52_resnet50_A,isic2019,resnet50,shared,split_05,52,research-lab/experiments/registered-workflow/extensions/jiim_2026_major_revision/formal_splits_v0.6/isic2019/split_05.csv,ee4a99fb0518ac44c2317ee130a347966a18edda9f81af3c772690b7a7b7638a,research-lab/experiments/registered-workflow/extensions/jiim_2026_major_revision/candidate_indices/final_objective_v0.6/isic2019_dataset_index.csv,71b08c44e6284500f28dd07457c02441930fb82861ec6051d52b7071e35c7d6a,research-lab/experiments/registered-workflow/extensions/jiim_2026_major_revision/runs/jiim_ext_isic2019_split_05_seed_52_resnet50_A
jiim_ext_isic2019_split_05_seed_62_resnet50_A,isic2019,resnet50,shared,split_05,62,research-lab/experiments/registered-workflow/extensions/jiim_2026_major_revision/formal_splits_v0.6/isic2019/split_05.csv,ee4a99fb0518ac44c2317ee130a347966a18edda9f81af3c772690b7a7b7638a,research-lab/experiments/registered-workflow/extensions/jiim_2026_major_revision/candidate_indices/final_objective_v0.6/isic2019_dataset_index.csv,71b08c44e6284500f28dd07457c02441930fb82861ec6051d52b7071e35c7d6a,research-lab/experiments/registered-workflow/extensions/jiim_2026_major_revision/runs/jiim_ext_isic2019_split_05_seed_62_resnet50_A
jiim_ext_isic2019_split_05_seed_42_densenet121_A,isic2019,densenet121,shared,split_05,42,research-lab/experiments/registered-workflow/extensions/jiim_2026_major_revision/formal_splits_v0.6/isic2019/split_05.csv,ee4a99fb0518ac44c2317ee130a347966a18edda9f81af3c772690b7a7b7638a,research-lab/experiments/registered-workflow/extensions/jiim_2026_major_revision/candidate_indices/final_objective_v0.6/isic2019_dataset_index.csv,71b08c44e6284500f28dd07457c02441930fb82861ec6051d52b7071e35c7d6a,research-lab/experiments/registered-workflow/extensions/jiim_2026_major_revision/runs/jiim_ext_isic2019_split_05_seed_42_densenet121_A
jiim_ext_isic2019_split_05_seed_52_densenet121_A,isic2019,densenet121,shared,split_05,52,research-lab/experiments/registered-workflow/extensions/jiim_2026_major_revision/formal_splits_v0.6/isic2019/split_05.csv,ee4a99fb0518ac44c2317ee130a347966a18edda9f81af3c772690b7a7b7638a,research-lab/experiments/registered-workflow/extensions/jiim_2026_major_revision/candidate_indices/final_objective_v0.6/isic2019_dataset_index.csv,71b08c44e6284500f28dd07457c02441930fb82861ec6051d52b7071e35c7d6a,research-lab/experiments/registered-workflow/extensions/jiim_2026_major_revision/runs/jiim_ext_isic2019_split_05_seed_52_densenet121_A
jiim_ext_isic2019_split_05_seed_62_densenet121_A,isic2019,densenet121,shared,split_05,62,research-lab/experiments/registered-workflow/extensions/jiim_2026_major_revision/formal_splits_v0.6/isic2019/split_05.csv,ee4a99fb0518ac44c2317ee130a347966a18edda9f81af3c772690b7a7b7638a,research-lab/experiments/registered-workflow/extensions/jiim_2026_major_revision/candidate_indices/final_objective_v0.6/isic2019_dataset_index.csv,71b08c44e6284500f28dd07457c02441930fb82861ec6051d52b7071e35c7d6a,research-lab/experiments/registered-workflow/extensions/jiim_2026_major_revision/runs/jiim_ext_isic2019_split_05_seed_62_densenet121_A
jiim_ext_isic2019_split_05_seed_42_efficientnet_b0_A,isic2019,efficientnet_b0,shared,split_05,42,research-lab/experiments/registered-workflow/extensions/jiim_2026_major_revision/formal_splits_v0.6/isic2019/split_05.csv,ee4a99fb0518ac44c2317ee130a347966a18edda9f81af3c772690b7a7b7638a,research-lab/experiments/registered-workflow/extensions/jiim_2026_major_revision/candidate_indices/final_objective_v0.6/isic2019_dataset_index.csv,71b08c44e6284500f28dd07457c02441930fb82861ec6051d52b7071e35c7d6a,research-lab/experiments/registered-workflow/extensions/jiim_2026_major_revision/runs/jiim_ext_isic2019_split_05_seed_42_efficientnet_b0_A
jiim_ext_isic2019_split_05_seed_52_efficientnet_b0_A,isic2019,efficientnet_b0,shared,split_05,52,research-lab/experiments/registered-workflow/extensions/jiim_2026_major_revision/formal_splits_v0.6/isic2019/split_05.csv,ee4a99fb0518ac44c2317ee130a347966a18edda9f81af3c772690b7a7b7638a,research-lab/experiments/registered-workflow/extensions/jiim_2026_major_revision/candidate_indices/final_objective_v0.6/isic2019_dataset_index.csv,71b08c44e6284500f28dd07457c02441930fb82861ec6051d52b7071e35c7d6a,research-lab/experiments/registered-workflow/extensions/jiim_2026_major_revision/runs/jiim_ext_isic2019_split_05_seed_52_efficientnet_b0_A
jiim_ext_isic2019_split_05_seed_62_efficientnet_b0_A,isic2019,efficientnet_b0,shared,split_05,62,research-lab/experiments/registered-workflow/extensions/jiim_2026_major_revision/formal_splits_v0.6/isic2019/split_05.csv,ee4a99fb0518ac44c2317ee130a347966a18edda9f81af3c772690b7a7b7638a,research-lab/experiments/registered-workflow/extensions/jiim_2026_major_revision/candidate_indices/final_objective_v0.6/isic2019_dataset_index.csv,71b08c44e6284500f28dd07457c02441930fb82861ec6051d52b7071e35c7d6a,research-lab/experiments/registered-workflow/extensions/jiim_2026_major_revision/runs/jiim_ext_isic2019_split_05_seed_62_efficientnet_b0_A
jiim_ext_isic2019_split_05_seed_42_swin_t_A,isic2019,swin_t,shared,split_05,42,research-lab/experiments/registered-workflow/extensions/jiim_2026_major_revision/formal_splits_v0.6/isic2019/split_05.csv,ee4a99fb0518ac44c2317ee130a347966a18edda9f81af3c772690b7a7b7638a,research-lab/experiments/registered-workflow/extensions/jiim_2026_major_revision/candidate_indices/final_objective_v0.6/isic2019_dataset_index.csv,71b08c44e6284500f28dd07457c02441930fb82861ec6051d52b7071e35c7d6a,research-lab/experiments/registered-workflow/extensions/jiim_2026_major_revision/runs/jiim_ext_isic2019_split_05_seed_42_swin_t_A
jiim_ext_isic2019_split_05_seed_52_swin_t_A,isic2019,swin_t,shared,split_05,52,research-lab/experiments/registered-workflow/extensions/jiim_2026_major_revision/formal_splits_v0.6/isic2019/split_05.csv,ee4a99fb0518ac44c2317ee130a347966a18edda9f81af3c772690b7a7b7638a,research-lab/experiments/registered-workflow/extensions/jiim_2026_major_revision/candidate_indices/final_objective_v0.6/isic2019_dataset_index.csv,71b08c44e6284500f28dd07457c02441930fb82861ec6051d52b7071e35c7d6a,research-lab/experiments/registered-workflow/extensions/jiim_2026_major_revision/runs/jiim_ext_isic2019_split_05_seed_52_swin_t_A
jiim_ext_isic2019_split_05_seed_62_swin_t_A,isic2019,swin_t,shared,split_05,62,research-lab/experiments/registered-workflow/extensions/jiim_2026_major_revision/formal_splits_v0.6/isic2019/split_05.csv,ee4a99fb0518ac44c2317ee130a347966a18edda9f81af3c772690b7a7b7638a,research-lab/experiments/registered-workflow/extensions/jiim_2026_major_revision/candidate_indices/final_objective_v0.6/isic2019_dataset_index.csv,71b08c44e6284500f28dd07457c02441930fb82861ec6051d52b7071e35c7d6a,research-lab/experiments/registered-workflow/extensions/jiim_2026_major_revision/runs/jiim_ext_isic2019_split_05_seed_62_swin_t_A
jiim_ext_isic2019_split_05_seed_42_swin_t_B,isic2019,swin_t,swin_weight_eval,split_05,42,research-lab/experiments/registered-workflow/extensions/jiim_2026_major_revision/formal_splits_v0.6/isic2019/split_05.csv,ee4a99fb0518ac44c2317ee130a347966a18edda9f81af3c772690b7a7b7638a,research-lab/experiments/registered-workflow/extensions/jiim_2026_major_revision/candidate_indices/final_objective_v0.6/isic2019_dataset_index.csv,71b08c44e6284500f28dd07457c02441930fb82861ec6051d52b7071e35c7d6a,research-lab/experiments/registered-workflow/extensions/jiim_2026_major_revision/runs/jiim_ext_isic2019_split_05_seed_42_swin_t_B
jiim_ext_isic2019_split_05_seed_52_swin_t_B,isic2019,swin_t,swin_weight_eval,split_05,52,research-lab/experiments/registered-workflow/extensions/jiim_2026_major_revision/formal_splits_v0.6/isic2019/split_05.csv,ee4a99fb0518ac44c2317ee130a347966a18edda9f81af3c772690b7a7b7638a,research-lab/experiments/registered-workflow/extensions/jiim_2026_major_revision/candidate_indices/final_objective_v0.6/isic2019_dataset_index.csv,71b08c44e6284500f28dd07457c02441930fb82861ec6051d52b7071e35c7d6a,research-lab/experiments/registered-workflow/extensions/jiim_2026_major_revision/runs/jiim_ext_isic2019_split_05_seed_52_swin_t_B
jiim_ext_isic2019_split_05_seed_62_swin_t_B,isic2019,swin_t,swin_weight_eval,split_05,62,research-lab/experiments/registered-workflow/extensions/jiim_2026_major_revision/formal_splits_v0.6/isic2019/split_05.csv,ee4a99fb0518ac44c2317ee130a347966a18edda9f81af3c772690b7a7b7638a,research-lab/experiments/registered-workflow/extensions/jiim_2026_major_revision/candidate_indices/final_objective_v0.6/isic2019_dataset_index.csv,71b08c44e6284500f28dd07457c02441930fb82861ec6051d52b7071e35c7d6a,research-lab/experiments/registered-workflow/extensions/jiim_2026_major_revision/runs/jiim_ext_isic2019_split_05_seed_62_swin_t_B
jiim_ext_isic2019_split_06_seed_42_resnet18_A,isic2019,resnet18,shared,split_06,42,research-lab/experiments/registered-workflow/extensions/jiim_2026_major_revision/formal_splits_v0.6/isic2019/split_06.csv,fb0da4cf3637c64ad950d8259044ff93b0ebe4e9ddbcef3cd5f696f2dc58adf6,research-lab/experiments/registered-workflow/extensions/jiim_2026_major_revision/candidate_indices/final_objective_v0.6/isic2019_dataset_index.csv,71b08c44e6284500f28dd07457c02441930fb82861ec6051d52b7071e35c7d6a,research-lab/experiments/registered-workflow/extensions/jiim_2026_major_revision/runs/jiim_ext_isic2019_split_06_seed_42_resnet18_A
jiim_ext_isic2019_split_06_seed_52_resnet18_A,isic2019,resnet18,shared,split_06,52,research-lab/experiments/registered-workflow/extensions/jiim_2026_major_revision/formal_splits_v0.6/isic2019/split_06.csv,fb0da4cf3637c64ad950d8259044ff93b0ebe4e9ddbcef3cd5f696f2dc58adf6,research-lab/experiments/registered-workflow/extensions/jiim_2026_major_revision/candidate_indices/final_objective_v0.6/isic2019_dataset_index.csv,71b08c44e6284500f28dd07457c02441930fb82861ec6051d52b7071e35c7d6a,research-lab/experiments/registered-workflow/extensions/jiim_2026_major_revision/runs/jiim_ext_isic2019_split_06_seed_52_resnet18_A
jiim_ext_isic2019_split_06_seed_62_resnet18_A,isic2019,resnet18,shared,split_06,62,research-lab/experiments/registered-workflow/extensions/jiim_2026_major_revision/formal_splits_v0.6/isic2019/split_06.csv,fb0da4cf3637c64ad950d8259044ff93b0ebe4e9ddbcef3cd5f696f2dc58adf6,research-lab/experiments/registered-workflow/extensions/jiim_2026_major_revision/candidate_indices/final_objective_v0.6/isic2019_dataset_index.csv,71b08c44e6284500f28dd07457c02441930fb82861ec6051d52b7071e35c7d6a,research-lab/experiments/registered-workflow/extensions/jiim_2026_major_revision/runs/jiim_ext_isic2019_split_06_seed_62_resnet18_A
jiim_ext_isic2019_split_06_seed_42_resnet50_A,isic2019,resnet50,shared,split_06,42,research-lab/experiments/registered-workflow/extensions/jiim_2026_major_revision/formal_splits_v0.6/isic2019/split_06.csv,fb0da4cf3637c64ad950d8259044ff93b0ebe4e9ddbcef3cd5f696f2dc58adf6,research-lab/experiments/registered-workflow/extensions/jiim_2026_major_revision/candidate_indices/final_objective_v0.6/isic2019_dataset_index.csv,71b08c44e6284500f28dd07457c02441930fb82861ec6051d52b7071e35c7d6a,research-lab/experiments/registered-workflow/extensions/jiim_2026_major_revision/runs/jiim_ext_isic2019_split_06_seed_42_resnet50_A
jiim_ext_isic2019_split_06_seed_52_resnet50_A,isic2019,resnet50,shared,split_06,52,research-lab/experiments/registered-workflow/extensions/jiim_2026_major_revision/formal_splits_v0.6/isic2019/split_06.csv,fb0da4cf3637c64ad950d8259044ff93b0ebe4e9ddbcef3cd5f696f2dc58adf6,research-lab/experiments/registered-workflow/extensions/jiim_2026_major_revision/candidate_indices/final_objective_v0.6/isic2019_dataset_index.csv,71b08c44e6284500f28dd07457c02441930fb82861ec6051d52b7071e35c7d6a,research-lab/experiments/registered-workflow/extensions/jiim_2026_major_revision/runs/jiim_ext_isic2019_split_06_seed_52_resnet50_A
jiim_ext_isic2019_split_06_seed_62_resnet50_A,isic2019,resnet50,shared,split_06,62,research-lab/experiments/registered-workflow/extensions/jiim_2026_major_revision/formal_splits_v0.6/isic2019/split_06.csv,fb0da4cf3637c64ad950d8259044ff93b0ebe4e9ddbcef3cd5f696f2dc58adf6,research-lab/experiments/registered-workflow/extensions/jiim_2026_major_revision/candidate_indices/final_objective_v0.6/isic2019_dataset_index.csv,71b08c44e6284500f28dd07457c02441930fb82861ec6051d52b7071e35c7d6a,research-lab/experiments/registered-workflow/extensions/jiim_2026_major_revision/runs/jiim_ext_isic2019_split_06_seed_62_resnet50_A
jiim_ext_isic2019_split_06_seed_42_densenet121_A,isic2019,densenet121,shared,split_06,42,research-lab/experiments/registered-workflow/extensions/jiim_2026_major_revision/formal_splits_v0.6/isic2019/split_06.csv,fb0da4cf3637c64ad950d8259044ff93b0ebe4e9ddbcef3cd5f696f2dc58adf6,research-lab/experiments/registered-workflow/extensions/jiim_2026_major_revision/candidate_indices/final_objective_v0.6/isic2019_dataset_index.csv,71b08c44e6284500f28dd07457c02441930fb82861ec6051d52b7071e35c7d6a,research-lab/experiments/registered-workflow/extensions/jiim_2026_major_revision/runs/jiim_ext_isic2019_split_06_seed_42_densenet121_A
jiim_ext_isic2019_split_06_seed_52_densenet121_A,isic2019,densenet121,shared,split_06,52,research-lab/experiments/registered-workflow/extensions/jiim_2026_major_revision/formal_splits_v0.6/isic2019/split_06.csv,fb0da4cf3637c64ad950d8259044ff93b0ebe4e9ddbcef3cd5f696f2dc58adf6,research-lab/experiments/registered-workflow/extensions/jiim_2026_major_revision/candidate_indices/final_objective_v0.6/isic2019_dataset_index.csv,71b08c44e6284500f28dd07457c02441930fb82861ec6051d52b7071e35c7d6a,research-lab/experiments/registered-workflow/extensions/jiim_2026_major_revision/runs/jiim_ext_isic2019_split_06_seed_52_densenet121_A
jiim_ext_isic2019_split_06_seed_62_densenet121_A,isic2019,densenet121,shared,split_06,62,research-lab/experiments/registered-workflow/extensions/jiim_2026_major_revision/formal_splits_v0.6/isic2019/split_06.csv,fb0da4cf3637c64ad950d8259044ff93b0ebe4e9ddbcef3cd5f696f2dc58adf6,research-lab/experiments/registered-workflow/extensions/jiim_2026_major_revision/candidate_indices/final_objective_v0.6/isic2019_dataset_index.csv,71b08c44e6284500f28dd07457c02441930fb82861ec6051d52b7071e35c7d6a,research-lab/experiments/registered-workflow/extensions/jiim_2026_major_revision/runs/jiim_ext_isic2019_split_06_seed_62_densenet121_A
jiim_ext_isic2019_split_06_seed_42_efficientnet_b0_A,isic2019,efficientnet_b0,shared,split_06,42,research-lab/experiments/registered-workflow/extensions/jiim_2026_major_revision/formal_splits_v0.6/isic2019/split_06.csv,fb0da4cf3637c64ad950d8259044ff93b0ebe4e9ddbcef3cd5f696f2dc58adf6,research-lab/experiments/registered-workflow/extensions/jiim_2026_major_revision/candidate_indices/final_objective_v0.6/isic2019_dataset_index.csv,71b08c44e6284500f28dd07457c02441930fb82861ec6051d52b7071e35c7d6a,research-lab/experiments/registered-workflow/extensions/jiim_2026_major_revision/runs/jiim_ext_isic2019_split_06_seed_42_efficientnet_b0_A
jiim_ext_isic2019_split_06_seed_52_efficientnet_b0_A,isic2019,efficientnet_b0,shared,split_06,52,research-lab/experiments/registered-workflow/extensions/jiim_2026_major_revision/formal_splits_v0.6/isic2019/split_06.csv,fb0da4cf3637c64ad950d8259044ff93b0ebe4e9ddbcef3cd5f696f2dc58adf6,research-lab/experiments/registered-workflow/extensions/jiim_2026_major_revision/candidate_indices/final_objective_v0.6/isic2019_dataset_index.csv,71b08c44e6284500f28dd07457c02441930fb82861ec6051d52b7071e35c7d6a,research-lab/experiments/registered-workflow/extensions/jiim_2026_major_revision/runs/jiim_ext_isic2019_split_06_seed_52_efficientnet_b0_A
jiim_ext_isic2019_split_06_seed_62_efficientnet_b0_A,isic2019,efficientnet_b0,shared,split_06,62,research-lab/experiments/registered-workflow/extensions/jiim_2026_major_revision/formal_splits_v0.6/isic2019/split_06.csv,fb0da4cf3637c64ad950d8259044ff93b0ebe4e9ddbcef3cd5f696f2dc58adf6,research-lab/experiments/registered-workflow/extensions/jiim_2026_major_revision/candidate_indices/final_objective_v0.6/isic2019_dataset_index.csv,71b08c44e6284500f28dd07457c02441930fb82861ec6051d52b7071e35c7d6a,research-lab/experiments/registered-workflow/extensions/jiim_2026_major_revision/runs/jiim_ext_isic2019_split_06_seed_62_efficientnet_b0_A
jiim_ext_isic2019_split_07_seed_42_resnet18_A,isic2019,resnet18,shared,split_07,42,research-lab/experiments/registered-workflow/extensions/jiim_2026_major_revision/formal_splits_v0.6/isic2019/split_07.csv,9496238160864114ad5bf3564f7fbf3dc6af500c330ffe1a3271e21d3135bb63,research-lab/experiments/registered-workflow/extensions/jiim_2026_major_revision/candidate_indices/final_objective_v0.6/isic2019_dataset_index.csv,71b08c44e6284500f28dd07457c02441930fb82861ec6051d52b7071e35c7d6a,research-lab/experiments/registered-workflow/extensions/jiim_2026_major_revision/runs/jiim_ext_isic2019_split_07_seed_42_resnet18_A
jiim_ext_isic2019_split_07_seed_52_resnet18_A,isic2019,resnet18,shared,split_07,52,research-lab/experiments/registered-workflow/extensions/jiim_2026_major_revision/formal_splits_v0.6/isic2019/split_07.csv,9496238160864114ad5bf3564f7fbf3dc6af500c330ffe1a3271e21d3135bb63,research-lab/experiments/registered-workflow/extensions/jiim_2026_major_revision/candidate_indices/final_objective_v0.6/isic2019_dataset_index.csv,71b08c44e6284500f28dd07457c02441930fb82861ec6051d52b7071e35c7d6a,research-lab/experiments/registered-workflow/extensions/jiim_2026_major_revision/runs/jiim_ext_isic2019_split_07_seed_52_resnet18_A
jiim_ext_isic2019_split_07_seed_62_resnet18_A,isic2019,resnet18,shared,split_07,62,research-lab/experiments/registered-workflow/extensions/jiim_2026_major_revision/formal_splits_v0.6/isic2019/split_07.csv,9496238160864114ad5bf3564f7fbf3dc6af500c330ffe1a3271e21d3135bb63,research-lab/experiments/registered-workflow/extensions/jiim_2026_major_revision/candidate_indices/final_objective_v0.6/isic2019_dataset_index.csv,71b08c44e6284500f28dd07457c02441930fb82861ec6051d52b7071e35c7d6a,research-lab/experiments/registered-workflow/extensions/jiim_2026_major_revision/runs/jiim_ext_isic2019_split_07_seed_62_resnet18_A
jiim_ext_isic2019_split_07_seed_42_resnet50_A,isic2019,resnet50,shared,split_07,42,research-lab/experiments/registered-workflow/extensions/jiim_2026_major_revision/formal_splits_v0.6/isic2019/split_07.csv,9496238160864114ad5bf3564f7fbf3dc6af500c330ffe1a3271e21d3135bb63,research-lab/experiments/registered-workflow/extensions/jiim_2026_major_revision/candidate_indices/final_objective_v0.6/isic2019_dataset_index.csv,71b08c44e6284500f28dd07457c02441930fb82861ec6051d52b7071e35c7d6a,research-lab/experiments/registered-workflow/extensions/jiim_2026_major_revision/runs/jiim_ext_isic2019_split_07_seed_42_resnet50_A
jiim_ext_isic2019_split_07_seed_52_resnet50_A,isic2019,resnet50,shared,split_07,52,research-lab/experiments/registered-workflow/extensions/jiim_2026_major_revision/formal_splits_v0.6/isic2019/split_07.csv,9496238160864114ad5bf3564f7fbf3dc6af500c330ffe1a3271e21d3135bb63,research-lab/experiments/registered-workflow/extensions/jiim_2026_major_revision/candidate_indices/final_objective_v0.6/isic2019_dataset_index.csv,71b08c44e6284500f28dd07457c02441930fb82861ec6051d52b7071e35c7d6a,research-lab/experiments/registered-workflow/extensions/jiim_2026_major_revision/runs/jiim_ext_isic2019_split_07_seed_52_resnet50_A
jiim_ext_isic2019_split_07_seed_62_resnet50_A,isic2019,resnet50,shared,split_07,62,research-lab/experiments/registered-workflow/extensions/jiim_2026_major_revision/formal_splits_v0.6/isic2019/split_07.csv,9496238160864114ad5bf3564f7fbf3dc6af500c330ffe1a3271e21d3135bb63,research-lab/experiments/registered-workflow/extensions/jiim_2026_major_revision/candidate_indices/final_objective_v0.6/isic2019_dataset_index.csv,71b08c44e6284500f28dd07457c02441930fb82861ec6051d52b7071e35c7d6a,research-lab/experiments/registered-workflow/extensions/jiim_2026_major_revision/runs/jiim_ext_isic2019_split_07_seed_62_resnet50_A
jiim_ext_isic2019_split_07_seed_42_densenet121_A,isic2019,densenet121,shared,split_07,42,research-lab/experiments/registered-workflow/extensions/jiim_2026_major_revision/formal_splits_v0.6/isic2019/split_07.csv,9496238160864114ad5bf3564f7fbf3dc6af500c330ffe1a3271e21d3135bb63,research-lab/experiments/registered-workflow/extensions/jiim_2026_major_revision/candidate_indices/final_objective_v0.6/isic2019_dataset_index.csv,71b08c44e6284500f28dd07457c02441930fb82861ec6051d52b7071e35c7d6a,research-lab/experiments/registered-workflow/extensions/jiim_2026_major_revision/runs/jiim_ext_isic2019_split_07_seed_42_densenet121_A
jiim_ext_isic2019_split_07_seed_52_densenet121_A,isic2019,densenet121,shared,split_07,52,research-lab/experiments/registered-workflow/extensions/jiim_2026_major_revision/formal_splits_v0.6/isic2019/split_07.csv,9496238160864114ad5bf3564f7fbf3dc6af500c330ffe1a3271e21d3135bb63,research-lab/experiments/registered-workflow/extensions/jiim_2026_major_revision/candidate_indices/final_objective_v0.6/isic2019_dataset_index.csv,71b08c44e6284500f28dd07457c02441930fb82861ec6051d52b7071e35c7d6a,research-lab/experiments/registered-workflow/extensions/jiim_2026_major_revision/runs/jiim_ext_isic2019_split_07_seed_52_densenet121_A
jiim_ext_isic2019_split_07_seed_62_densenet121_A,isic2019,densenet121,shared,split_07,62,research-lab/experiments/registered-workflow/extensions/jiim_2026_major_revision/formal_splits_v0.6/isic2019/split_07.csv,9496238160864114ad5bf3564f7fbf3dc6af500c330ffe1a3271e21d3135bb63,research-lab/experiments/registered-workflow/extensions/jiim_2026_major_revision/candidate_indices/final_objective_v0.6/isic2019_dataset_index.csv,71b08c44e6284500f28dd07457c02441930fb82861ec6051d52b7071e35c7d6a,research-lab/experiments/registered-workflow/extensions/jiim_2026_major_revision/runs/jiim_ext_isic2019_split_07_seed_62_densenet121_A
jiim_ext_isic2019_split_07_seed_42_efficientnet_b0_A,isic2019,efficientnet_b0,shared,split_07,42,research-lab/experiments/registered-workflow/extensions/jiim_2026_major_revision/formal_splits_v0.6/isic2019/split_07.csv,9496238160864114ad5bf3564f7fbf3dc6af500c330ffe1a3271e21d3135bb63,research-lab/experiments/registered-workflow/extensions/jiim_2026_major_revision/candidate_indices/final_objective_v0.6/isic2019_dataset_index.csv,71b08c44e6284500f28dd07457c02441930fb82861ec6051d52b7071e35c7d6a,research-lab/experiments/registered-workflow/extensions/jiim_2026_major_revision/runs/jiim_ext_isic2019_split_07_seed_42_efficientnet_b0_A
jiim_ext_isic2019_split_07_seed_52_efficientnet_b0_A,isic2019,efficientnet_b0,shared,split_07,52,research-lab/experiments/registered-workflow/extensions/jiim_2026_major_revision/formal_splits_v0.6/isic2019/split_07.csv,9496238160864114ad5bf3564f7fbf3dc6af500c330ffe1a3271e21d3135bb63,research-lab/experiments/registered-workflow/extensions/jiim_2026_major_revision/candidate_indices/final_objective_v0.6/isic2019_dataset_index.csv,71b08c44e6284500f28dd07457c02441930fb82861ec6051d52b7071e35c7d6a,research-lab/experiments/registered-workflow/extensions/jiim_2026_major_revision/runs/jiim_ext_isic2019_split_07_seed_52_efficientnet_b0_A
jiim_ext_isic2019_split_07_seed_62_efficientnet_b0_A,isic2019,efficientnet_b0,shared,split_07,62,research-lab/experiments/registered-workflow/extensions/jiim_2026_major_revision/formal_splits_v0.6/isic2019/split_07.csv,9496238160864114ad5bf3564f7fbf3dc6af500c330ffe1a3271e21d3135bb63,research-lab/experiments/registered-workflow/extensions/jiim_2026_major_revision/candidate_indices/final_objective_v0.6/isic2019_dataset_index.csv,71b08c44e6284500f28dd07457c02441930fb82861ec6051d52b7071e35c7d6a,research-lab/experiments/registered-workflow/extensions/jiim_2026_major_revision/runs/jiim_ext_isic2019_split_07_seed_62_efficientnet_b0_A
jiim_ext_isic2019_split_08_seed_42_resnet18_A,isic2019,resnet18,shared,split_08,42,research-lab/experiments/registered-workflow/extensions/jiim_2026_major_revision/formal_splits_v0.6/isic2019/split_08.csv,dc5a2578deaf2f04c32c7a4977cd9be8e1b21a1c20daca278266a12776299e56,research-lab/experiments/registered-workflow/extensions/jiim_2026_major_revision/candidate_indices/final_objective_v0.6/isic2019_dataset_index.csv,71b08c44e6284500f28dd07457c02441930fb82861ec6051d52b7071e35c7d6a,research-lab/experiments/registered-workflow/extensions/jiim_2026_major_revision/runs/jiim_ext_isic2019_split_08_seed_42_resnet18_A
jiim_ext_isic2019_split_08_seed_52_resnet18_A,isic2019,resnet18,shared,split_08,52,research-lab/experiments/registered-workflow/extensions/jiim_2026_major_revision/formal_splits_v0.6/isic2019/split_08.csv,dc5a2578deaf2f04c32c7a4977cd9be8e1b21a1c20daca278266a12776299e56,research-lab/experiments/registered-workflow/extensions/jiim_2026_major_revision/candidate_indices/final_objective_v0.6/isic2019_dataset_index.csv,71b08c44e6284500f28dd07457c02441930fb82861ec6051d52b7071e35c7d6a,research-lab/experiments/registered-workflow/extensions/jiim_2026_major_revision/runs/jiim_ext_isic2019_split_08_seed_52_resnet18_A
jiim_ext_isic2019_split_08_seed_62_resnet18_A,isic2019,resnet18,shared,split_08,62,research-lab/experiments/registered-workflow/extensions/jiim_2026_major_revision/formal_splits_v0.6/isic2019/split_08.csv,dc5a2578deaf2f04c32c7a4977cd9be8e1b21a1c20daca278266a12776299e56,research-lab/experiments/registered-workflow/extensions/jiim_2026_major_revision/candidate_indices/final_objective_v0.6/isic2019_dataset_index.csv,71b08c44e6284500f28dd07457c02441930fb82861ec6051d52b7071e35c7d6a,research-lab/experiments/registered-workflow/extensions/jiim_2026_major_revision/runs/jiim_ext_isic2019_split_08_seed_62_resnet18_A
jiim_ext_isic2019_split_08_seed_42_resnet50_A,isic2019,resnet50,shared,split_08,42,research-lab/experiments/registered-workflow/extensions/jiim_2026_major_revision/formal_splits_v0.6/isic2019/split_08.csv,dc5a2578deaf2f04c32c7a4977cd9be8e1b21a1c20daca278266a12776299e56,research-lab/experiments/registered-workflow/extensions/jiim_2026_major_revision/candidate_indices/final_objective_v0.6/isic2019_dataset_index.csv,71b08c44e6284500f28dd07457c02441930fb82861ec6051d52b7071e35c7d6a,research-lab/experiments/registered-workflow/extensions/jiim_2026_major_revision/runs/jiim_ext_isic2019_split_08_seed_42_resnet50_A
jiim_ext_isic2019_split_08_seed_52_resnet50_A,isic2019,resnet50,shared,split_08,52,research-lab/experiments/registered-workflow/extensions/jiim_2026_major_revision/formal_splits_v0.6/isic2019/split_08.csv,dc5a2578deaf2f04c32c7a4977cd9be8e1b21a1c20daca278266a12776299e56,research-lab/experiments/registered-workflow/extensions/jiim_2026_major_revision/candidate_indices/final_objective_v0.6/isic2019_dataset_index.csv,71b08c44e6284500f28dd07457c02441930fb82861ec6051d52b7071e35c7d6a,research-lab/experiments/registered-workflow/extensions/jiim_2026_major_revision/runs/jiim_ext_isic2019_split_08_seed_52_resnet50_A
jiim_ext_isic2019_split_08_seed_62_resnet50_A,isic2019,resnet50,shared,split_08,62,research-lab/experiments/registered-workflow/extensions/jiim_2026_major_revision/formal_splits_v0.6/isic2019/split_08.csv,dc5a2578deaf2f04c32c7a4977cd9be8e1b21a1c20daca278266a12776299e56,research-lab/experiments/registered-workflow/extensions/jiim_2026_major_revision/candidate_indices/final_objective_v0.6/isic2019_dataset_index.csv,71b08c44e6284500f28dd07457c02441930fb82861ec6051d52b7071e35c7d6a,research-lab/experiments/registered-workflow/extensions/jiim_2026_major_revision/runs/jiim_ext_isic2019_split_08_seed_62_resnet50_A
jiim_ext_isic2019_split_08_seed_42_densenet121_A,isic2019,densenet121,shared,split_08,42,research-lab/experiments/registered-workflow/extensions/jiim_2026_major_revision/formal_splits_v0.6/isic2019/split_08.csv,dc5a2578deaf2f04c32c7a4977cd9be8e1b21a1c20daca278266a12776299e56,research-lab/experiments/registered-workflow/extensions/jiim_2026_major_revision/candidate_indices/final_objective_v0.6/isic2019_dataset_index.csv,71b08c44e6284500f28dd07457c02441930fb82861ec6051d52b7071e35c7d6a,research-lab/experiments/registered-workflow/extensions/jiim_2026_major_revision/runs/jiim_ext_isic2019_split_08_seed_42_densenet121_A
jiim_ext_isic2019_split_08_seed_52_densenet121_A,isic2019,densenet121,shared,split_08,52,research-lab/experiments/registered-workflow/extensions/jiim_2026_major_revision/formal_splits_v0.6/isic2019/split_08.csv,dc5a2578deaf2f04c32c7a4977cd9be8e1b21a1c20daca278266a12776299e56,research-lab/experiments/registered-workflow/extensions/jiim_2026_major_revision/candidate_indices/final_objective_v0.6/isic2019_dataset_index.csv,71b08c44e6284500f28dd07457c02441930fb82861ec6051d52b7071e35c7d6a,research-lab/experiments/registered-workflow/extensions/jiim_2026_major_revision/runs/jiim_ext_isic2019_split_08_seed_52_densenet121_A
jiim_ext_isic2019_split_08_seed_62_densenet121_A,isic2019,densenet121,shared,split_08,62,research-lab/experiments/registered-workflow/extensions/jiim_2026_major_revision/formal_splits_v0.6/isic2019/split_08.csv,dc5a2578deaf2f04c32c7a4977cd9be8e1b21a1c20daca278266a12776299e56,research-lab/experiments/registered-workflow/extensions/jiim_2026_major_revision/candidate_indices/final_objective_v0.6/isic2019_dataset_index.csv,71b08c44e6284500f28dd07457c02441930fb82861ec6051d52b7071e35c7d6a,research-lab/experiments/registered-workflow/extensions/jiim_2026_major_revision/runs/jiim_ext_isic2019_split_08_seed_62_densenet121_A
jiim_ext_isic2019_split_08_seed_42_efficientnet_b0_A,isic2019,efficientnet_b0,shared,split_08,42,research-lab/experiments/registered-workflow/extensions/jiim_2026_major_revision/formal_splits_v0.6/isic2019/split_08.csv,dc5a2578deaf2f04c32c7a4977cd9be8e1b21a1c20daca278266a12776299e56,research-lab/experiments/registered-workflow/extensions/jiim_2026_major_revision/candidate_indices/final_objective_v0.6/isic2019_dataset_index.csv,71b08c44e6284500f28dd07457c02441930fb82861ec6051d52b7071e35c7d6a,research-lab/experiments/registered-workflow/extensions/jiim_2026_major_revision/runs/jiim_ext_isic2019_split_08_seed_42_efficientnet_b0_A
jiim_ext_isic2019_split_08_seed_52_efficientnet_b0_A,isic2019,efficientnet_b0,shared,split_08,52,research-lab/experiments/registered-workflow/extensions/jiim_2026_major_revision/formal_splits_v0.6/isic2019/split_08.csv,dc5a2578deaf2f04c32c7a4977cd9be8e1b21a1c20daca278266a12776299e56,research-lab/experiments/registered-workflow/extensions/jiim_2026_major_revision/candidate_indices/final_objective_v0.6/isic2019_dataset_index.csv,71b08c44e6284500f28dd07457c02441930fb82861ec6051d52b7071e35c7d6a,research-lab/experiments/registered-workflow/extensions/jiim_2026_major_revision/runs/jiim_ext_isic2019_split_08_seed_52_efficientnet_b0_A
jiim_ext_isic2019_split_08_seed_62_efficientnet_b0_A,isic2019,efficientnet_b0,shared,split_08,62,research-lab/experiments/registered-workflow/extensions/jiim_2026_major_revision/formal_splits_v0.6/isic2019/split_08.csv,dc5a2578deaf2f04c32c7a4977cd9be8e1b21a1c20daca278266a12776299e56,research-lab/experiments/registered-workflow/extensions/jiim_2026_major_revision/candidate_indices/final_objective_v0.6/isic2019_dataset_index.csv,71b08c44e6284500f28dd07457c02441930fb82861ec6051d52b7071e35c7d6a,research-lab/experiments/registered-workflow/extensions/jiim_2026_major_revision/runs/jiim_ext_isic2019_split_08_seed_62_efficientnet_b0_A
jiim_ext_isic2019_split_09_seed_42_resnet18_A,isic2019,resnet18,shared,split_09,42,research-lab/experiments/registered-workflow/extensions/jiim_2026_major_revision/formal_splits_v0.6/isic2019/split_09.csv,dad9ecc9c26dc3cca515b91114b9fd9a328f25906531ecb68156488bb40dd7a7,research-lab/experiments/registered-workflow/extensions/jiim_2026_major_revision/candidate_indices/final_objective_v0.6/isic2019_dataset_index.csv,71b08c44e6284500f28dd07457c02441930fb82861ec6051d52b7071e35c7d6a,research-lab/experiments/registered-workflow/extensions/jiim_2026_major_revision/runs/jiim_ext_isic2019_split_09_seed_42_resnet18_A
jiim_ext_isic2019_split_09_seed_52_resnet18_A,isic2019,resnet18,shared,split_09,52,research-lab/experiments/registered-workflow/extensions/jiim_2026_major_revision/formal_splits_v0.6/isic2019/split_09.csv,dad9ecc9c26dc3cca515b91114b9fd9a328f25906531ecb68156488bb40dd7a7,research-lab/experiments/registered-workflow/extensions/jiim_2026_major_revision/candidate_indices/final_objective_v0.6/isic2019_dataset_index.csv,71b08c44e6284500f28dd07457c02441930fb82861ec6051d52b7071e35c7d6a,research-lab/experiments/registered-workflow/extensions/jiim_2026_major_revision/runs/jiim_ext_isic2019_split_09_seed_52_resnet18_A
jiim_ext_isic2019_split_09_seed_62_resnet18_A,isic2019,resnet18,shared,split_09,62,research-lab/experiments/registered-workflow/extensions/jiim_2026_major_revision/formal_splits_v0.6/isic2019/split_09.csv,dad9ecc9c26dc3cca515b91114b9fd9a328f25906531ecb68156488bb40dd7a7,research-lab/experiments/registered-workflow/extensions/jiim_2026_major_revision/candidate_indices/final_objective_v0.6/isic2019_dataset_index.csv,71b08c44e6284500f28dd07457c02441930fb82861ec6051d52b7071e35c7d6a,research-lab/experiments/registered-workflow/extensions/jiim_2026_major_revision/runs/jiim_ext_isic2019_split_09_seed_62_resnet18_A
jiim_ext_isic2019_split_09_seed_42_resnet50_A,isic2019,resnet50,shared,split_09,42,research-lab/experiments/registered-workflow/extensions/jiim_2026_major_revision/formal_splits_v0.6/isic2019/split_09.csv,dad9ecc9c26dc3cca515b91114b9fd9a328f25906531ecb68156488bb40dd7a7,research-lab/experiments/registered-workflow/extensions/jiim_2026_major_revision/candidate_indices/final_objective_v0.6/isic2019_dataset_index.csv,71b08c44e6284500f28dd07457c02441930fb82861ec6051d52b7071e35c7d6a,research-lab/experiments/registered-workflow/extensions/jiim_2026_major_revision/runs/jiim_ext_isic2019_split_09_seed_42_resnet50_A
jiim_ext_isic2019_split_09_seed_52_resnet50_A,isic2019,resnet50,shared,split_09,52,research-lab/experiments/registered-workflow/extensions/jiim_2026_major_revision/formal_splits_v0.6/isic2019/split_09.csv,dad9ecc9c26dc3cca515b91114b9fd9a328f25906531ecb68156488bb40dd7a7,research-lab/experiments/registered-workflow/extensions/jiim_2026_major_revision/candidate_indices/final_objective_v0.6/isic2019_dataset_index.csv,71b08c44e6284500f28dd07457c02441930fb82861ec6051d52b7071e35c7d6a,research-lab/experiments/registered-workflow/extensions/jiim_2026_major_revision/runs/jiim_ext_isic2019_split_09_seed_52_resnet50_A
jiim_ext_isic2019_split_09_seed_62_resnet50_A,isic2019,resnet50,shared,split_09,62,research-lab/experiments/registered-workflow/extensions/jiim_2026_major_revision/formal_splits_v0.6/isic2019/split_09.csv,dad9ecc9c26dc3cca515b91114b9fd9a328f25906531ecb68156488bb40dd7a7,research-lab/experiments/registered-workflow/extensions/jiim_2026_major_revision/candidate_indices/final_objective_v0.6/isic2019_dataset_index.csv,71b08c44e6284500f28dd07457c02441930fb82861ec6051d52b7071e35c7d6a,research-lab/experiments/registered-workflow/extensions/jiim_2026_major_revision/runs/jiim_ext_isic2019_split_09_seed_62_resnet50_A
jiim_ext_isic2019_split_09_seed_42_densenet121_A,isic2019,densenet121,shared,split_09,42,research-lab/experiments/registered-workflow/extensions/jiim_2026_major_revision/formal_splits_v0.6/isic2019/split_09.csv,dad9ecc9c26dc3cca515b91114b9fd9a328f25906531ecb68156488bb40dd7a7,research-lab/experiments/registered-workflow/extensions/jiim_2026_major_revision/candidate_indices/final_objective_v0.6/isic2019_dataset_index.csv,71b08c44e6284500f28dd07457c02441930fb82861ec6051d52b7071e35c7d6a,research-lab/experiments/registered-workflow/extensions/jiim_2026_major_revision/runs/jiim_ext_isic2019_split_09_seed_42_densenet121_A
jiim_ext_isic2019_split_09_seed_52_densenet121_A,isic2019,densenet121,shared,split_09,52,research-lab/experiments/registered-workflow/extensions/jiim_2026_major_revision/formal_splits_v0.6/isic2019/split_09.csv,dad9ecc9c26dc3cca515b91114b9fd9a328f25906531ecb68156488bb40dd7a7,research-lab/experiments/registered-workflow/extensions/jiim_2026_major_revision/candidate_indices/final_objective_v0.6/isic2019_dataset_index.csv,71b08c44e6284500f28dd07457c02441930fb82861ec6051d52b7071e35c7d6a,research-lab/experiments/registered-workflow/extensions/jiim_2026_major_revision/runs/jiim_ext_isic2019_split_09_seed_52_densenet121_A
jiim_ext_isic2019_split_09_seed_62_densenet121_A,isic2019,densenet121,shared,split_09,62,research-lab/experiments/registered-workflow/extensions/jiim_2026_major_revision/formal_splits_v0.6/isic2019/split_09.csv,dad9ecc9c26dc3cca515b91114b9fd9a328f25906531ecb68156488bb40dd7a7,research-lab/experiments/registered-workflow/extensions/jiim_2026_major_revision/candidate_indices/final_objective_v0.6/isic2019_dataset_index.csv,71b08c44e6284500f28dd07457c02441930fb82861ec6051d52b7071e35c7d6a,research-lab/experiments/registered-workflow/extensions/jiim_2026_major_revision/runs/jiim_ext_isic2019_split_09_seed_62_densenet121_A
jiim_ext_isic2019_split_09_seed_42_efficientnet_b0_A,isic2019,efficientnet_b0,shared,split_09,42,research-lab/experiments/registered-workflow/extensions/jiim_2026_major_revision/formal_splits_v0.6/isic2019/split_09.csv,dad9ecc9c26dc3cca515b91114b9fd9a328f25906531ecb68156488bb40dd7a7,research-lab/experiments/registered-workflow/extensions/jiim_2026_major_revision/candidate_indices/final_objective_v0.6/isic2019_dataset_index.csv,71b08c44e6284500f28dd07457c02441930fb82861ec6051d52b7071e35c7d6a,research-lab/experiments/registered-workflow/extensions/jiim_2026_major_revision/runs/jiim_ext_isic2019_split_09_seed_42_efficientnet_b0_A
jiim_ext_isic2019_split_09_seed_52_efficientnet_b0_A,isic2019,efficientnet_b0,shared,split_09,52,research-lab/experiments/registered-workflow/extensions/jiim_2026_major_revision/formal_splits_v0.6/isic2019/split_09.csv,dad9ecc9c26dc3cca515b91114b9fd9a328f25906531ecb68156488bb40dd7a7,research-lab/experiments/registered-workflow/extensions/jiim_2026_major_revision/candidate_indices/final_objective_v0.6/isic2019_dataset_index.csv,71b08c44e6284500f28dd07457c02441930fb82861ec6051d52b7071e35c7d6a,research-lab/experiments/registered-workflow/extensions/jiim_2026_major_revision/runs/jiim_ext_isic2019_split_09_seed_52_efficientnet_b0_A
jiim_ext_isic2019_split_09_seed_62_efficientnet_b0_A,isic2019,efficientnet_b0,shared,split_09,62,research-lab/experiments/registered-workflow/extensions/jiim_2026_major_revision/formal_splits_v0.6/isic2019/split_09.csv,dad9ecc9c26dc3cca515b91114b9fd9a328f25906531ecb68156488bb40dd7a7,research-lab/experiments/registered-workflow/extensions/jiim_2026_major_revision/candidate_indices/final_objective_v0.6/isic2019_dataset_index.csv,71b08c44e6284500f28dd07457c02441930fb82861ec6051d52b7071e35c7d6a,research-lab/experiments/registered-workflow/extensions/jiim_2026_major_revision/runs/jiim_ext_isic2019_split_09_seed_62_efficientnet_b0_A
jiim_ext_isic2019_split_10_seed_42_resnet18_A,isic2019,resnet18,shared,split_10,42,research-lab/experiments/registered-workflow/extensions/jiim_2026_major_revision/formal_splits_v0.6/isic2019/split_10.csv,05ce483d132ac34a948241a73e25e6b6d4015ebb3c4acbcb16717d743a59a293,research-lab/experiments/registered-workflow/extensions/jiim_2026_major_revision/candidate_indices/final_objective_v0.6/isic2019_dataset_index.csv,71b08c44e6284500f28dd07457c02441930fb82861ec6051d52b7071e35c7d6a,research-lab/experiments/registered-workflow/extensions/jiim_2026_major_revision/runs/jiim_ext_isic2019_split_10_seed_42_resnet18_A
jiim_ext_isic2019_split_10_seed_52_resnet18_A,isic2019,resnet18,shared,split_10,52,research-lab/experiments/registered-workflow/extensions/jiim_2026_major_revision/formal_splits_v0.6/isic2019/split_10.csv,05ce483d132ac34a948241a73e25e6b6d4015ebb3c4acbcb16717d743a59a293,research-lab/experiments/registered-workflow/extensions/jiim_2026_major_revision/candidate_indices/final_objective_v0.6/isic2019_dataset_index.csv,71b08c44e6284500f28dd07457c02441930fb82861ec6051d52b7071e35c7d6a,research-lab/experiments/registered-workflow/extensions/jiim_2026_major_revision/runs/jiim_ext_isic2019_split_10_seed_52_resnet18_A
jiim_ext_isic2019_split_10_seed_62_resnet18_A,isic2019,resnet18,shared,split_10,62,research-lab/experiments/registered-workflow/extensions/jiim_2026_major_revision/formal_splits_v0.6/isic2019/split_10.csv,05ce483d132ac34a948241a73e25e6b6d4015ebb3c4acbcb16717d743a59a293,research-lab/experiments/registered-workflow/extensions/jiim_2026_major_revision/candidate_indices/final_objective_v0.6/isic2019_dataset_index.csv,71b08c44e6284500f28dd07457c02441930fb82861ec6051d52b7071e35c7d6a,research-lab/experiments/registered-workflow/extensions/jiim_2026_major_revision/runs/jiim_ext_isic2019_split_10_seed_62_resnet18_A
jiim_ext_isic2019_split_10_seed_42_resnet50_A,isic2019,resnet50,shared,split_10,42,research-lab/experiments/registered-workflow/extensions/jiim_2026_major_revision/formal_splits_v0.6/isic2019/split_10.csv,05ce483d132ac34a948241a73e25e6b6d4015ebb3c4acbcb16717d743a59a293,research-lab/experiments/registered-workflow/extensions/jiim_2026_major_revision/candidate_indices/final_objective_v0.6/isic2019_dataset_index.csv,71b08c44e6284500f28dd07457c02441930fb82861ec6051d52b7071e35c7d6a,research-lab/experiments/registered-workflow/extensions/jiim_2026_major_revision/runs/jiim_ext_isic2019_split_10_seed_42_resnet50_A
jiim_ext_isic2019_split_10_seed_52_resnet50_A,isic2019,resnet50,shared,split_10,52,research-lab/experiments/registered-workflow/extensions/jiim_2026_major_revision/formal_splits_v0.6/isic2019/split_10.csv,05ce483d132ac34a948241a73e25e6b6d4015ebb3c4acbcb16717d743a59a293,research-lab/experiments/registered-workflow/extensions/jiim_2026_major_revision/candidate_indices/final_objective_v0.6/isic2019_dataset_index.csv,71b08c44e6284500f28dd07457c02441930fb82861ec6051d52b7071e35c7d6a,research-lab/experiments/registered-workflow/extensions/jiim_2026_major_revision/runs/jiim_ext_isic2019_split_10_seed_52_resnet50_A
jiim_ext_isic2019_split_10_seed_62_resnet50_A,isic2019,resnet50,shared,split_10,62,research-lab/experiments/registered-workflow/extensions/jiim_2026_major_revision/formal_splits_v0.6/isic2019/split_10.csv,05ce483d132ac34a948241a73e25e6b6d4015ebb3c4acbcb16717d743a59a293,research-lab/experiments/registered-workflow/extensions/jiim_2026_major_revision/candidate_indices/final_objective_v0.6/isic2019_dataset_index.csv,71b08c44e6284500f28dd07457c02441930fb82861ec6051d52b7071e35c7d6a,research-lab/experiments/registered-workflow/extensions/jiim_2026_major_revision/runs/jiim_ext_isic2019_split_10_seed_62_resnet50_A
jiim_ext_isic2019_split_10_seed_42_densenet121_A,isic2019,densenet121,shared,split_10,42,research-lab/experiments/registered-workflow/extensions/jiim_2026_major_revision/formal_splits_v0.6/isic2019/split_10.csv,05ce483d132ac34a948241a73e25e6b6d4015ebb3c4acbcb16717d743a59a293,research-lab/experiments/registered-workflow/extensions/jiim_2026_major_revision/candidate_indices/final_objective_v0.6/isic2019_dataset_index.csv,71b08c44e6284500f28dd07457c02441930fb82861ec6051d52b7071e35c7d6a,research-lab/experiments/registered-workflow/extensions/jiim_2026_major_revision/runs/jiim_ext_isic2019_split_10_seed_42_densenet121_A
jiim_ext_isic2019_split_10_seed_52_densenet121_A,isic2019,densenet121,shared,split_10,52,research-lab/experiments/registered-workflow/extensions/jiim_2026_major_revision/formal_splits_v0.6/isic2019/split_10.csv,05ce483d132ac34a948241a73e25e6b6d4015ebb3c4acbcb16717d743a59a293,research-lab/experiments/registered-workflow/extensions/jiim_2026_major_revision/candidate_indices/final_objective_v0.6/isic2019_dataset_index.csv,71b08c44e6284500f28dd07457c02441930fb82861ec6051d52b7071e35c7d6a,research-lab/experiments/registered-workflow/extensions/jiim_2026_major_revision/runs/jiim_ext_isic2019_split_10_seed_52_densenet121_A
jiim_ext_isic2019_split_10_seed_62_densenet121_A,isic2019,densenet121,shared,split_10,62,research-lab/experiments/registered-workflow/extensions/jiim_2026_major_revision/formal_splits_v0.6/isic2019/split_10.csv,05ce483d132ac34a948241a73e25e6b6d4015ebb3c4acbcb16717d743a59a293,research-lab/experiments/registered-workflow/extensions/jiim_2026_major_revision/candidate_indices/final_objective_v0.6/isic2019_dataset_index.csv,71b08c44e6284500f28dd07457c02441930fb82861ec6051d52b7071e35c7d6a,research-lab/experiments/registered-workflow/extensions/jiim_2026_major_revision/runs/jiim_ext_isic2019_split_10_seed_62_densenet121_A
jiim_ext_isic2019_split_10_seed_42_efficientnet_b0_A,isic2019,efficientnet_b0,shared,split_10,42,research-lab/experiments/registered-workflow/extensions/jiim_2026_major_revision/formal_splits_v0.6/isic2019/split_10.csv,05ce483d132ac34a948241a73e25e6b6d4015ebb3c4acbcb16717d743a59a293,research-lab/experiments/registered-workflow/extensions/jiim_2026_major_revision/candidate_indices/final_objective_v0.6/isic2019_dataset_index.csv,71b08c44e6284500f28dd07457c02441930fb82861ec6051d52b7071e35c7d6a,research-lab/experiments/registered-workflow/extensions/jiim_2026_major_revision/runs/jiim_ext_isic2019_split_10_seed_42_efficientnet_b0_A
jiim_ext_isic2019_split_10_seed_52_efficientnet_b0_A,isic2019,efficientnet_b0,shared,split_10,52,research-lab/experiments/registered-workflow/extensions/jiim_2026_major_revision/formal_splits_v0.6/isic2019/split_10.csv,05ce483d132ac34a948241a73e25e6b6d4015ebb3c4acbcb16717d743a59a293,research-lab/experiments/registered-workflow/extensions/jiim_2026_major_revision/candidate_indices/final_objective_v0.6/isic2019_dataset_index.csv,71b08c44e6284500f28dd07457c02441930fb82861ec6051d52b7071e35c7d6a,research-lab/experiments/registered-workflow/extensions/jiim_2026_major_revision/runs/jiim_ext_isic2019_split_10_seed_52_efficientnet_b0_A
jiim_ext_isic2019_split_10_seed_62_efficientnet_b0_A,isic2019,efficientnet_b0,shared,split_10,62,research-lab/experiments/registered-workflow/extensions/jiim_2026_major_revision/formal_splits_v0.6/isic2019/split_10.csv,05ce483d132ac34a948241a73e25e6b6d4015ebb3c4acbcb16717d743a59a293,research-lab/experiments/registered-workflow/extensions/jiim_2026_major_revision/candidate_indices/final_objective_v0.6/isic2019_dataset_index.csv,71b08c44e6284500f28dd07457c02441930fb82861ec6051d52b7071e35c7d6a,research-lab/experiments/registered-workflow/extensions/jiim_2026_major_revision/runs/jiim_ext_isic2019_split_10_seed_62_efficientnet_b0_A
jiim_ext_mura_split_01_seed_42_resnet18_A,mura,resnet18,shared,split_01,42,research-lab/experiments/registered-workflow/extensions/jiim_2026_major_revision/formal_splits_v0.6/mura/split_01.csv,53ef3632899a84841a6a594368c3e224d97201a086e578de0b911c5647bce228,research-lab/experiments/registered-workflow/extensions/jiim_2026_major_revision/candidate_indices/final_objective_v0.6/mura_dataset_index.csv,21397d3465aa89fe4b6b8b7e48471bfe781282b331817c4ad621d674fe46f1c5,research-lab/experiments/registered-workflow/extensions/jiim_2026_major_revision/runs/jiim_ext_mura_split_01_seed_42_resnet18_A
jiim_ext_mura_split_01_seed_52_resnet18_A,mura,resnet18,shared,split_01,52,research-lab/experiments/registered-workflow/extensions/jiim_2026_major_revision/formal_splits_v0.6/mura/split_01.csv,53ef3632899a84841a6a594368c3e224d97201a086e578de0b911c5647bce228,research-lab/experiments/registered-workflow/extensions/jiim_2026_major_revision/candidate_indices/final_objective_v0.6/mura_dataset_index.csv,21397d3465aa89fe4b6b8b7e48471bfe781282b331817c4ad621d674fe46f1c5,research-lab/experiments/registered-workflow/extensions/jiim_2026_major_revision/runs/jiim_ext_mura_split_01_seed_52_resnet18_A
jiim_ext_mura_split_01_seed_62_resnet18_A,mura,resnet18,shared,split_01,62,research-lab/experiments/registered-workflow/extensions/jiim_2026_major_revision/formal_splits_v0.6/mura/split_01.csv,53ef3632899a84841a6a594368c3e224d97201a086e578de0b911c5647bce228,research-lab/experiments/registered-workflow/extensions/jiim_2026_major_revision/candidate_indices/final_objective_v0.6/mura_dataset_index.csv,21397d3465aa89fe4b6b8b7e48471bfe781282b331817c4ad621d674fe46f1c5,research-lab/experiments/registered-workflow/extensions/jiim_2026_major_revision/runs/jiim_ext_mura_split_01_seed_62_resnet18_A
jiim_ext_mura_split_01_seed_42_resnet50_A,mura,resnet50,shared,split_01,42,research-lab/experiments/registered-workflow/extensions/jiim_2026_major_revision/formal_splits_v0.6/mura/split_01.csv,53ef3632899a84841a6a594368c3e224d97201a086e578de0b911c5647bce228,research-lab/experiments/registered-workflow/extensions/jiim_2026_major_revision/candidate_indices/final_objective_v0.6/mura_dataset_index.csv,21397d3465aa89fe4b6b8b7e48471bfe781282b331817c4ad621d674fe46f1c5,research-lab/experiments/registered-workflow/extensions/jiim_2026_major_revision/runs/jiim_ext_mura_split_01_seed_42_resnet50_A
jiim_ext_mura_split_01_seed_52_resnet50_A,mura,resnet50,shared,split_01,52,research-lab/experiments/registered-workflow/extensions/jiim_2026_major_revision/formal_splits_v0.6/mura/split_01.csv,53ef3632899a84841a6a594368c3e224d97201a086e578de0b911c5647bce228,research-lab/experiments/registered-workflow/extensions/jiim_2026_major_revision/candidate_indices/final_objective_v0.6/mura_dataset_index.csv,21397d3465aa89fe4b6b8b7e48471bfe781282b331817c4ad621d674fe46f1c5,research-lab/experiments/registered-workflow/extensions/jiim_2026_major_revision/runs/jiim_ext_mura_split_01_seed_52_resnet50_A
jiim_ext_mura_split_01_seed_62_resnet50_A,mura,resnet50,shared,split_01,62,research-lab/experiments/registered-workflow/extensions/jiim_2026_major_revision/formal_splits_v0.6/mura/split_01.csv,53ef3632899a84841a6a594368c3e224d97201a086e578de0b911c5647bce228,research-lab/experiments/registered-workflow/extensions/jiim_2026_major_revision/candidate_indices/final_objective_v0.6/mura_dataset_index.csv,21397d3465aa89fe4b6b8b7e48471bfe781282b331817c4ad621d674fe46f1c5,research-lab/experiments/registered-workflow/extensions/jiim_2026_major_revision/runs/jiim_ext_mura_split_01_seed_62_resnet50_A
jiim_ext_mura_split_01_seed_42_densenet121_A,mura,densenet121,shared,split_01,42,research-lab/experiments/registered-workflow/extensions/jiim_2026_major_revision/formal_splits_v0.6/mura/split_01.csv,53ef3632899a84841a6a594368c3e224d97201a086e578de0b911c5647bce228,research-lab/experiments/registered-workflow/extensions/jiim_2026_major_revision/candidate_indices/final_objective_v0.6/mura_dataset_index.csv,21397d3465aa89fe4b6b8b7e48471bfe781282b331817c4ad621d674fe46f1c5,research-lab/experiments/registered-workflow/extensions/jiim_2026_major_revision/runs/jiim_ext_mura_split_01_seed_42_densenet121_A
jiim_ext_mura_split_01_seed_52_densenet121_A,mura,densenet121,shared,split_01,52,research-lab/experiments/registered-workflow/extensions/jiim_2026_major_revision/formal_splits_v0.6/mura/split_01.csv,53ef3632899a84841a6a594368c3e224d97201a086e578de0b911c5647bce228,research-lab/experiments/registered-workflow/extensions/jiim_2026_major_revision/candidate_indices/final_objective_v0.6/mura_dataset_index.csv,21397d3465aa89fe4b6b8b7e48471bfe781282b331817c4ad621d674fe46f1c5,research-lab/experiments/registered-workflow/extensions/jiim_2026_major_revision/runs/jiim_ext_mura_split_01_seed_52_densenet121_A
jiim_ext_mura_split_01_seed_62_densenet121_A,mura,densenet121,shared,split_01,62,research-lab/experiments/registered-workflow/extensions/jiim_2026_major_revision/formal_splits_v0.6/mura/split_01.csv,53ef3632899a84841a6a594368c3e224d97201a086e578de0b911c5647bce228,research-lab/experiments/registered-workflow/extensions/jiim_2026_major_revision/candidate_indices/final_objective_v0.6/mura_dataset_index.csv,21397d3465aa89fe4b6b8b7e48471bfe781282b331817c4ad621d674fe46f1c5,research-lab/experiments/registered-workflow/extensions/jiim_2026_major_revision/runs/jiim_ext_mura_split_01_seed_62_densenet121_A
jiim_ext_mura_split_01_seed_42_efficientnet_b0_A,mura,efficientnet_b0,shared,split_01,42,research-lab/experiments/registered-workflow/extensions/jiim_2026_major_revision/formal_splits_v0.6/mura/split_01.csv,53ef3632899a84841a6a594368c3e224d97201a086e578de0b911c5647bce228,research-lab/experiments/registered-workflow/extensions/jiim_2026_major_revision/candidate_indices/final_objective_v0.6/mura_dataset_index.csv,21397d3465aa89fe4b6b8b7e48471bfe781282b331817c4ad621d674fe46f1c5,research-lab/experiments/registered-workflow/extensions/jiim_2026_major_revision/runs/jiim_ext_mura_split_01_seed_42_efficientnet_b0_A
jiim_ext_mura_split_01_seed_52_efficientnet_b0_A,mura,efficientnet_b0,shared,split_01,52,research-lab/experiments/registered-workflow/extensions/jiim_2026_major_revision/formal_splits_v0.6/mura/split_01.csv,53ef3632899a84841a6a594368c3e224d97201a086e578de0b911c5647bce228,research-lab/experiments/registered-workflow/extensions/jiim_2026_major_revision/candidate_indices/final_objective_v0.6/mura_dataset_index.csv,21397d3465aa89fe4b6b8b7e48471bfe781282b331817c4ad621d674fe46f1c5,research-lab/experiments/registered-workflow/extensions/jiim_2026_major_revision/runs/jiim_ext_mura_split_01_seed_52_efficientnet_b0_A
jiim_ext_mura_split_01_seed_62_efficientnet_b0_A,mura,efficientnet_b0,shared,split_01,62,research-lab/experiments/registered-workflow/extensions/jiim_2026_major_revision/formal_splits_v0.6/mura/split_01.csv,53ef3632899a84841a6a594368c3e224d97201a086e578de0b911c5647bce228,research-lab/experiments/registered-workflow/extensions/jiim_2026_major_revision/candidate_indices/final_objective_v0.6/mura_dataset_index.csv,21397d3465aa89fe4b6b8b7e48471bfe781282b331817c4ad621d674fe46f1c5,research-lab/experiments/registered-workflow/extensions/jiim_2026_major_revision/runs/jiim_ext_mura_split_01_seed_62_efficientnet_b0_A
jiim_ext_mura_split_01_seed_42_swin_t_A,mura,swin_t,shared,split_01,42,research-lab/experiments/registered-workflow/extensions/jiim_2026_major_revision/formal_splits_v0.6/mura/split_01.csv,53ef3632899a84841a6a594368c3e224d97201a086e578de0b911c5647bce228,research-lab/experiments/registered-workflow/extensions/jiim_2026_major_revision/candidate_indices/final_objective_v0.6/mura_dataset_index.csv,21397d3465aa89fe4b6b8b7e48471bfe781282b331817c4ad621d674fe46f1c5,research-lab/experiments/registered-workflow/extensions/jiim_2026_major_revision/runs/jiim_ext_mura_split_01_seed_42_swin_t_A
jiim_ext_mura_split_01_seed_52_swin_t_A,mura,swin_t,shared,split_01,52,research-lab/experiments/registered-workflow/extensions/jiim_2026_major_revision/formal_splits_v0.6/mura/split_01.csv,53ef3632899a84841a6a594368c3e224d97201a086e578de0b911c5647bce228,research-lab/experiments/registered-workflow/extensions/jiim_2026_major_revision/candidate_indices/final_objective_v0.6/mura_dataset_index.csv,21397d3465aa89fe4b6b8b7e48471bfe781282b331817c4ad621d674fe46f1c5,research-lab/experiments/registered-workflow/extensions/jiim_2026_major_revision/runs/jiim_ext_mura_split_01_seed_52_swin_t_A
jiim_ext_mura_split_01_seed_62_swin_t_A,mura,swin_t,shared,split_01,62,research-lab/experiments/registered-workflow/extensions/jiim_2026_major_revision/formal_splits_v0.6/mura/split_01.csv,53ef3632899a84841a6a594368c3e224d97201a086e578de0b911c5647bce228,research-lab/experiments/registered-workflow/extensions/jiim_2026_major_revision/candidate_indices/final_objective_v0.6/mura_dataset_index.csv,21397d3465aa89fe4b6b8b7e48471bfe781282b331817c4ad621d674fe46f1c5,research-lab/experiments/registered-workflow/extensions/jiim_2026_major_revision/runs/jiim_ext_mura_split_01_seed_62_swin_t_A
jiim_ext_mura_split_01_seed_42_swin_t_B,mura,swin_t,swin_weight_eval,split_01,42,research-lab/experiments/registered-workflow/extensions/jiim_2026_major_revision/formal_splits_v0.6/mura/split_01.csv,53ef3632899a84841a6a594368c3e224d97201a086e578de0b911c5647bce228,research-lab/experiments/registered-workflow/extensions/jiim_2026_major_revision/candidate_indices/final_objective_v0.6/mura_dataset_index.csv,21397d3465aa89fe4b6b8b7e48471bfe781282b331817c4ad621d674fe46f1c5,research-lab/experiments/registered-workflow/extensions/jiim_2026_major_revision/runs/jiim_ext_mura_split_01_seed_42_swin_t_B
jiim_ext_mura_split_01_seed_52_swin_t_B,mura,swin_t,swin_weight_eval,split_01,52,research-lab/experiments/registered-workflow/extensions/jiim_2026_major_revision/formal_splits_v0.6/mura/split_01.csv,53ef3632899a84841a6a594368c3e224d97201a086e578de0b911c5647bce228,research-lab/experiments/registered-workflow/extensions/jiim_2026_major_revision/candidate_indices/final_objective_v0.6/mura_dataset_index.csv,21397d3465aa89fe4b6b8b7e48471bfe781282b331817c4ad621d674fe46f1c5,research-lab/experiments/registered-workflow/extensions/jiim_2026_major_revision/runs/jiim_ext_mura_split_01_seed_52_swin_t_B
jiim_ext_mura_split_01_seed_62_swin_t_B,mura,swin_t,swin_weight_eval,split_01,62,research-lab/experiments/registered-workflow/extensions/jiim_2026_major_revision/formal_splits_v0.6/mura/split_01.csv,53ef3632899a84841a6a594368c3e224d97201a086e578de0b911c5647bce228,research-lab/experiments/registered-workflow/extensions/jiim_2026_major_revision/candidate_indices/final_objective_v0.6/mura_dataset_index.csv,21397d3465aa89fe4b6b8b7e48471bfe781282b331817c4ad621d674fe46f1c5,research-lab/experiments/registered-workflow/extensions/jiim_2026_major_revision/runs/jiim_ext_mura_split_01_seed_62_swin_t_B
jiim_ext_mura_split_02_seed_42_resnet18_A,mura,resnet18,shared,split_02,42,research-lab/experiments/registered-workflow/extensions/jiim_2026_major_revision/formal_splits_v0.6/mura/split_02.csv,2701cc3a90dd777eef53e4e014bf4e599c6d6eaf3403a39ae2d0ad79fd69cc36,research-lab/experiments/registered-workflow/extensions/jiim_2026_major_revision/candidate_indices/final_objective_v0.6/mura_dataset_index.csv,21397d3465aa89fe4b6b8b7e48471bfe781282b331817c4ad621d674fe46f1c5,research-lab/experiments/registered-workflow/extensions/jiim_2026_major_revision/runs/jiim_ext_mura_split_02_seed_42_resnet18_A
jiim_ext_mura_split_02_seed_52_resnet18_A,mura,resnet18,shared,split_02,52,research-lab/experiments/registered-workflow/extensions/jiim_2026_major_revision/formal_splits_v0.6/mura/split_02.csv,2701cc3a90dd777eef53e4e014bf4e599c6d6eaf3403a39ae2d0ad79fd69cc36,research-lab/experiments/registered-workflow/extensions/jiim_2026_major_revision/candidate_indices/final_objective_v0.6/mura_dataset_index.csv,21397d3465aa89fe4b6b8b7e48471bfe781282b331817c4ad621d674fe46f1c5,research-lab/experiments/registered-workflow/extensions/jiim_2026_major_revision/runs/jiim_ext_mura_split_02_seed_52_resnet18_A
jiim_ext_mura_split_02_seed_62_resnet18_A,mura,resnet18,shared,split_02,62,research-lab/experiments/registered-workflow/extensions/jiim_2026_major_revision/formal_splits_v0.6/mura/split_02.csv,2701cc3a90dd777eef53e4e014bf4e599c6d6eaf3403a39ae2d0ad79fd69cc36,research-lab/experiments/registered-workflow/extensions/jiim_2026_major_revision/candidate_indices/final_objective_v0.6/mura_dataset_index.csv,21397d3465aa89fe4b6b8b7e48471bfe781282b331817c4ad621d674fe46f1c5,research-lab/experiments/registered-workflow/extensions/jiim_2026_major_revision/runs/jiim_ext_mura_split_02_seed_62_resnet18_A
jiim_ext_mura_split_02_seed_42_resnet50_A,mura,resnet50,shared,split_02,42,research-lab/experiments/registered-workflow/extensions/jiim_2026_major_revision/formal_splits_v0.6/mura/split_02.csv,2701cc3a90dd777eef53e4e014bf4e599c6d6eaf3403a39ae2d0ad79fd69cc36,research-lab/experiments/registered-workflow/extensions/jiim_2026_major_revision/candidate_indices/final_objective_v0.6/mura_dataset_index.csv,21397d3465aa89fe4b6b8b7e48471bfe781282b331817c4ad621d674fe46f1c5,research-lab/experiments/registered-workflow/extensions/jiim_2026_major_revision/runs/jiim_ext_mura_split_02_seed_42_resnet50_A
jiim_ext_mura_split_02_seed_52_resnet50_A,mura,resnet50,shared,split_02,52,research-lab/experiments/registered-workflow/extensions/jiim_2026_major_revision/formal_splits_v0.6/mura/split_02.csv,2701cc3a90dd777eef53e4e014bf4e599c6d6eaf3403a39ae2d0ad79fd69cc36,research-lab/experiments/registered-workflow/extensions/jiim_2026_major_revision/candidate_indices/final_objective_v0.6/mura_dataset_index.csv,21397d3465aa89fe4b6b8b7e48471bfe781282b331817c4ad621d674fe46f1c5,research-lab/experiments/registered-workflow/extensions/jiim_2026_major_revision/runs/jiim_ext_mura_split_02_seed_52_resnet50_A
jiim_ext_mura_split_02_seed_62_resnet50_A,mura,resnet50,shared,split_02,62,research-lab/experiments/registered-workflow/extensions/jiim_2026_major_revision/formal_splits_v0.6/mura/split_02.csv,2701cc3a90dd777eef53e4e014bf4e599c6d6eaf3403a39ae2d0ad79fd69cc36,research-lab/experiments/registered-workflow/extensions/jiim_2026_major_revision/candidate_indices/final_objective_v0.6/mura_dataset_index.csv,21397d3465aa89fe4b6b8b7e48471bfe781282b331817c4ad621d674fe46f1c5,research-lab/experiments/registered-workflow/extensions/jiim_2026_major_revision/runs/jiim_ext_mura_split_02_seed_62_resnet50_A
jiim_ext_mura_split_02_seed_42_densenet121_A,mura,densenet121,shared,split_02,42,research-lab/experiments/registered-workflow/extensions/jiim_2026_major_revision/formal_splits_v0.6/mura/split_02.csv,2701cc3a90dd777eef53e4e014bf4e599c6d6eaf3403a39ae2d0ad79fd69cc36,research-lab/experiments/registered-workflow/extensions/jiim_2026_major_revision/candidate_indices/final_objective_v0.6/mura_dataset_index.csv,21397d3465aa89fe4b6b8b7e48471bfe781282b331817c4ad621d674fe46f1c5,research-lab/experiments/registered-workflow/extensions/jiim_2026_major_revision/runs/jiim_ext_mura_split_02_seed_42_densenet121_A
jiim_ext_mura_split_02_seed_52_densenet121_A,mura,densenet121,shared,split_02,52,research-lab/experiments/registered-workflow/extensions/jiim_2026_major_revision/formal_splits_v0.6/mura/split_02.csv,2701cc3a90dd777eef53e4e014bf4e599c6d6eaf3403a39ae2d0ad79fd69cc36,research-lab/experiments/registered-workflow/extensions/jiim_2026_major_revision/candidate_indices/final_objective_v0.6/mura_dataset_index.csv,21397d3465aa89fe4b6b8b7e48471bfe781282b331817c4ad621d674fe46f1c5,research-lab/experiments/registered-workflow/extensions/jiim_2026_major_revision/runs/jiim_ext_mura_split_02_seed_52_densenet121_A
jiim_ext_mura_split_02_seed_62_densenet121_A,mura,densenet121,shared,split_02,62,research-lab/experiments/registered-workflow/extensions/jiim_2026_major_revision/formal_splits_v0.6/mura/split_02.csv,2701cc3a90dd777eef53e4e014bf4e599c6d6eaf3403a39ae2d0ad79fd69cc36,research-lab/experiments/registered-workflow/extensions/jiim_2026_major_revision/candidate_indices/final_objective_v0.6/mura_dataset_index.csv,21397d3465aa89fe4b6b8b7e48471bfe781282b331817c4ad621d674fe46f1c5,research-lab/experiments/registered-workflow/extensions/jiim_2026_major_revision/runs/jiim_ext_mura_split_02_seed_62_densenet121_A
jiim_ext_mura_split_02_seed_42_efficientnet_b0_A,mura,efficientnet_b0,shared,split_02,42,research-lab/experiments/registered-workflow/extensions/jiim_2026_major_revision/formal_splits_v0.6/mura/split_02.csv,2701cc3a90dd777eef53e4e014bf4e599c6d6eaf3403a39ae2d0ad79fd69cc36,research-lab/experiments/registered-workflow/extensions/jiim_2026_major_revision/candidate_indices/final_objective_v0.6/mura_dataset_index.csv,21397d3465aa89fe4b6b8b7e48471bfe781282b331817c4ad621d674fe46f1c5,research-lab/experiments/registered-workflow/extensions/jiim_2026_major_revision/runs/jiim_ext_mura_split_02_seed_42_efficientnet_b0_A
jiim_ext_mura_split_02_seed_52_efficientnet_b0_A,mura,efficientnet_b0,shared,split_02,52,research-lab/experiments/registered-workflow/extensions/jiim_2026_major_revision/formal_splits_v0.6/mura/split_02.csv,2701cc3a90dd777eef53e4e014bf4e599c6d6eaf3403a39ae2d0ad79fd69cc36,research-lab/experiments/registered-workflow/extensions/jiim_2026_major_revision/candidate_indices/final_objective_v0.6/mura_dataset_index.csv,21397d3465aa89fe4b6b8b7e48471bfe781282b331817c4ad621d674fe46f1c5,research-lab/experiments/registered-workflow/extensions/jiim_2026_major_revision/runs/jiim_ext_mura_split_02_seed_52_efficientnet_b0_A
jiim_ext_mura_split_02_seed_62_efficientnet_b0_A,mura,efficientnet_b0,shared,split_02,62,research-lab/experiments/registered-workflow/extensions/jiim_2026_major_revision/formal_splits_v0.6/mura/split_02.csv,2701cc3a90dd777eef53e4e014bf4e599c6d6eaf3403a39ae2d0ad79fd69cc36,research-lab/experiments/registered-workflow/extensions/jiim_2026_major_revision/candidate_indices/final_objective_v0.6/mura_dataset_index.csv,21397d3465aa89fe4b6b8b7e48471bfe781282b331817c4ad621d674fe46f1c5,research-lab/experiments/registered-workflow/extensions/jiim_2026_major_revision/runs/jiim_ext_mura_split_02_seed_62_efficientnet_b0_A
jiim_ext_mura_split_02_seed_42_swin_t_A,mura,swin_t,shared,split_02,42,research-lab/experiments/registered-workflow/extensions/jiim_2026_major_revision/formal_splits_v0.6/mura/split_02.csv,2701cc3a90dd777eef53e4e014bf4e599c6d6eaf3403a39ae2d0ad79fd69cc36,research-lab/experiments/registered-workflow/extensions/jiim_2026_major_revision/candidate_indices/final_objective_v0.6/mura_dataset_index.csv,21397d3465aa89fe4b6b8b7e48471bfe781282b331817c4ad621d674fe46f1c5,research-lab/experiments/registered-workflow/extensions/jiim_2026_major_revision/runs/jiim_ext_mura_split_02_seed_42_swin_t_A
jiim_ext_mura_split_02_seed_52_swin_t_A,mura,swin_t,shared,split_02,52,research-lab/experiments/registered-workflow/extensions/jiim_2026_major_revision/formal_splits_v0.6/mura/split_02.csv,2701cc3a90dd777eef53e4e014bf4e599c6d6eaf3403a39ae2d0ad79fd69cc36,research-lab/experiments/registered-workflow/extensions/jiim_2026_major_revision/candidate_indices/final_objective_v0.6/mura_dataset_index.csv,21397d3465aa89fe4b6b8b7e48471bfe781282b331817c4ad621d674fe46f1c5,research-lab/experiments/registered-workflow/extensions/jiim_2026_major_revision/runs/jiim_ext_mura_split_02_seed_52_swin_t_A
jiim_ext_mura_split_02_seed_62_swin_t_A,mura,swin_t,shared,split_02,62,research-lab/experiments/registered-workflow/extensions/jiim_2026_major_revision/formal_splits_v0.6/mura/split_02.csv,2701cc3a90dd777eef53e4e014bf4e599c6d6eaf3403a39ae2d0ad79fd69cc36,research-lab/experiments/registered-workflow/extensions/jiim_2026_major_revision/candidate_indices/final_objective_v0.6/mura_dataset_index.csv,21397d3465aa89fe4b6b8b7e48471bfe781282b331817c4ad621d674fe46f1c5,research-lab/experiments/registered-workflow/extensions/jiim_2026_major_revision/runs/jiim_ext_mura_split_02_seed_62_swin_t_A
jiim_ext_mura_split_02_seed_42_swin_t_B,mura,swin_t,swin_weight_eval,split_02,42,research-lab/experiments/registered-workflow/extensions/jiim_2026_major_revision/formal_splits_v0.6/mura/split_02.csv,2701cc3a90dd777eef53e4e014bf4e599c6d6eaf3403a39ae2d0ad79fd69cc36,research-lab/experiments/registered-workflow/extensions/jiim_2026_major_revision/candidate_indices/final_objective_v0.6/mura_dataset_index.csv,21397d3465aa89fe4b6b8b7e48471bfe781282b331817c4ad621d674fe46f1c5,research-lab/experiments/registered-workflow/extensions/jiim_2026_major_revision/runs/jiim_ext_mura_split_02_seed_42_swin_t_B
jiim_ext_mura_split_02_seed_52_swin_t_B,mura,swin_t,swin_weight_eval,split_02,52,research-lab/experiments/registered-workflow/extensions/jiim_2026_major_revision/formal_splits_v0.6/mura/split_02.csv,2701cc3a90dd777eef53e4e014bf4e599c6d6eaf3403a39ae2d0ad79fd69cc36,research-lab/experiments/registered-workflow/extensions/jiim_2026_major_revision/candidate_indices/final_objective_v0.6/mura_dataset_index.csv,21397d3465aa89fe4b6b8b7e48471bfe781282b331817c4ad621d674fe46f1c5,research-lab/experiments/registered-workflow/extensions/jiim_2026_major_revision/runs/jiim_ext_mura_split_02_seed_52_swin_t_B
jiim_ext_mura_split_02_seed_62_swin_t_B,mura,swin_t,swin_weight_eval,split_02,62,research-lab/experiments/registered-workflow/extensions/jiim_2026_major_revision/formal_splits_v0.6/mura/split_02.csv,2701cc3a90dd777eef53e4e014bf4e599c6d6eaf3403a39ae2d0ad79fd69cc36,research-lab/experiments/registered-workflow/extensions/jiim_2026_major_revision/candidate_indices/final_objective_v0.6/mura_dataset_index.csv,21397d3465aa89fe4b6b8b7e48471bfe781282b331817c4ad621d674fe46f1c5,research-lab/experiments/registered-workflow/extensions/jiim_2026_major_revision/runs/jiim_ext_mura_split_02_seed_62_swin_t_B
jiim_ext_mura_split_03_seed_42_resnet18_A,mura,resnet18,shared,split_03,42,research-lab/experiments/registered-workflow/extensions/jiim_2026_major_revision/formal_splits_v0.6/mura/split_03.csv,b758c516f851bf732488463a50be6471cbb11886e78cbe0425cbef4739db7882,research-lab/experiments/registered-workflow/extensions/jiim_2026_major_revision/candidate_indices/final_objective_v0.6/mura_dataset_index.csv,21397d3465aa89fe4b6b8b7e48471bfe781282b331817c4ad621d674fe46f1c5,research-lab/experiments/registered-workflow/extensions/jiim_2026_major_revision/runs/jiim_ext_mura_split_03_seed_42_resnet18_A
jiim_ext_mura_split_03_seed_52_resnet18_A,mura,resnet18,shared,split_03,52,research-lab/experiments/registered-workflow/extensions/jiim_2026_major_revision/formal_splits_v0.6/mura/split_03.csv,b758c516f851bf732488463a50be6471cbb11886e78cbe0425cbef4739db7882,research-lab/experiments/registered-workflow/extensions/jiim_2026_major_revision/candidate_indices/final_objective_v0.6/mura_dataset_index.csv,21397d3465aa89fe4b6b8b7e48471bfe781282b331817c4ad621d674fe46f1c5,research-lab/experiments/registered-workflow/extensions/jiim_2026_major_revision/runs/jiim_ext_mura_split_03_seed_52_resnet18_A
jiim_ext_mura_split_03_seed_62_resnet18_A,mura,resnet18,shared,split_03,62,research-lab/experiments/registered-workflow/extensions/jiim_2026_major_revision/formal_splits_v0.6/mura/split_03.csv,b758c516f851bf732488463a50be6471cbb11886e78cbe0425cbef4739db7882,research-lab/experiments/registered-workflow/extensions/jiim_2026_major_revision/candidate_indices/final_objective_v0.6/mura_dataset_index.csv,21397d3465aa89fe4b6b8b7e48471bfe781282b331817c4ad621d674fe46f1c5,research-lab/experiments/registered-workflow/extensions/jiim_2026_major_revision/runs/jiim_ext_mura_split_03_seed_62_resnet18_A
jiim_ext_mura_split_03_seed_42_resnet50_A,mura,resnet50,shared,split_03,42,research-lab/experiments/registered-workflow/extensions/jiim_2026_major_revision/formal_splits_v0.6/mura/split_03.csv,b758c516f851bf732488463a50be6471cbb11886e78cbe0425cbef4739db7882,research-lab/experiments/registered-workflow/extensions/jiim_2026_major_revision/candidate_indices/final_objective_v0.6/mura_dataset_index.csv,21397d3465aa89fe4b6b8b7e48471bfe781282b331817c4ad621d674fe46f1c5,research-lab/experiments/registered-workflow/extensions/jiim_2026_major_revision/runs/jiim_ext_mura_split_03_seed_42_resnet50_A
jiim_ext_mura_split_03_seed_52_resnet50_A,mura,resnet50,shared,split_03,52,research-lab/experiments/registered-workflow/extensions/jiim_2026_major_revision/formal_splits_v0.6/mura/split_03.csv,b758c516f851bf732488463a50be6471cbb11886e78cbe0425cbef4739db7882,research-lab/experiments/registered-workflow/extensions/jiim_2026_major_revision/candidate_indices/final_objective_v0.6/mura_dataset_index.csv,21397d3465aa89fe4b6b8b7e48471bfe781282b331817c4ad621d674fe46f1c5,research-lab/experiments/registered-workflow/extensions/jiim_2026_major_revision/runs/jiim_ext_mura_split_03_seed_52_resnet50_A
jiim_ext_mura_split_03_seed_62_resnet50_A,mura,resnet50,shared,split_03,62,research-lab/experiments/registered-workflow/extensions/jiim_2026_major_revision/formal_splits_v0.6/mura/split_03.csv,b758c516f851bf732488463a50be6471cbb11886e78cbe0425cbef4739db7882,research-lab/experiments/registered-workflow/extensions/jiim_2026_major_revision/candidate_indices/final_objective_v0.6/mura_dataset_index.csv,21397d3465aa89fe4b6b8b7e48471bfe781282b331817c4ad621d674fe46f1c5,research-lab/experiments/registered-workflow/extensions/jiim_2026_major_revision/runs/jiim_ext_mura_split_03_seed_62_resnet50_A
jiim_ext_mura_split_03_seed_42_densenet121_A,mura,densenet121,shared,split_03,42,research-lab/experiments/registered-workflow/extensions/jiim_2026_major_revision/formal_splits_v0.6/mura/split_03.csv,b758c516f851bf732488463a50be6471cbb11886e78cbe0425cbef4739db7882,research-lab/experiments/registered-workflow/extensions/jiim_2026_major_revision/candidate_indices/final_objective_v0.6/mura_dataset_index.csv,21397d3465aa89fe4b6b8b7e48471bfe781282b331817c4ad621d674fe46f1c5,research-lab/experiments/registered-workflow/extensions/jiim_2026_major_revision/runs/jiim_ext_mura_split_03_seed_42_densenet121_A
jiim_ext_mura_split_03_seed_52_densenet121_A,mura,densenet121,shared,split_03,52,research-lab/experiments/registered-workflow/extensions/jiim_2026_major_revision/formal_splits_v0.6/mura/split_03.csv,b758c516f851bf732488463a50be6471cbb11886e78cbe0425cbef4739db7882,research-lab/experiments/registered-workflow/extensions/jiim_2026_major_revision/candidate_indices/final_objective_v0.6/mura_dataset_index.csv,21397d3465aa89fe4b6b8b7e48471bfe781282b331817c4ad621d674fe46f1c5,research-lab/experiments/registered-workflow/extensions/jiim_2026_major_revision/runs/jiim_ext_mura_split_03_seed_52_densenet121_A
jiim_ext_mura_split_03_seed_62_densenet121_A,mura,densenet121,shared,split_03,62,research-lab/experiments/registered-workflow/extensions/jiim_2026_major_revision/formal_splits_v0.6/mura/split_03.csv,b758c516f851bf732488463a50be6471cbb11886e78cbe0425cbef4739db7882,research-lab/experiments/registered-workflow/extensions/jiim_2026_major_revision/candidate_indices/final_objective_v0.6/mura_dataset_index.csv,21397d3465aa89fe4b6b8b7e48471bfe781282b331817c4ad621d674fe46f1c5,research-lab/experiments/registered-workflow/extensions/jiim_2026_major_revision/runs/jiim_ext_mura_split_03_seed_62_densenet121_A
jiim_ext_mura_split_03_seed_42_efficientnet_b0_A,mura,efficientnet_b0,shared,split_03,42,research-lab/experiments/registered-workflow/extensions/jiim_2026_major_revision/formal_splits_v0.6/mura/split_03.csv,b758c516f851bf732488463a50be6471cbb11886e78cbe0425cbef4739db7882,research-lab/experiments/registered-workflow/extensions/jiim_2026_major_revision/candidate_indices/final_objective_v0.6/mura_dataset_index.csv,21397d3465aa89fe4b6b8b7e48471bfe781282b331817c4ad621d674fe46f1c5,research-lab/experiments/registered-workflow/extensions/jiim_2026_major_revision/runs/jiim_ext_mura_split_03_seed_42_efficientnet_b0_A
jiim_ext_mura_split_03_seed_52_efficientnet_b0_A,mura,efficientnet_b0,shared,split_03,52,research-lab/experiments/registered-workflow/extensions/jiim_2026_major_revision/formal_splits_v0.6/mura/split_03.csv,b758c516f851bf732488463a50be6471cbb11886e78cbe0425cbef4739db7882,research-lab/experiments/registered-workflow/extensions/jiim_2026_major_revision/candidate_indices/final_objective_v0.6/mura_dataset_index.csv,21397d3465aa89fe4b6b8b7e48471bfe781282b331817c4ad621d674fe46f1c5,research-lab/experiments/registered-workflow/extensions/jiim_2026_major_revision/runs/jiim_ext_mura_split_03_seed_52_efficientnet_b0_A
jiim_ext_mura_split_03_seed_62_efficientnet_b0_A,mura,efficientnet_b0,shared,split_03,62,research-lab/experiments/registered-workflow/extensions/jiim_2026_major_revision/formal_splits_v0.6/mura/split_03.csv,b758c516f851bf732488463a50be6471cbb11886e78cbe0425cbef4739db7882,research-lab/experiments/registered-workflow/extensions/jiim_2026_major_revision/candidate_indices/final_objective_v0.6/mura_dataset_index.csv,21397d3465aa89fe4b6b8b7e48471bfe781282b331817c4ad621d674fe46f1c5,research-lab/experiments/registered-workflow/extensions/jiim_2026_major_revision/runs/jiim_ext_mura_split_03_seed_62_efficientnet_b0_A
jiim_ext_mura_split_03_seed_42_swin_t_A,mura,swin_t,shared,split_03,42,research-lab/experiments/registered-workflow/extensions/jiim_2026_major_revision/formal_splits_v0.6/mura/split_03.csv,b758c516f851bf732488463a50be6471cbb11886e78cbe0425cbef4739db7882,research-lab/experiments/registered-workflow/extensions/jiim_2026_major_revision/candidate_indices/final_objective_v0.6/mura_dataset_index.csv,21397d3465aa89fe4b6b8b7e48471bfe781282b331817c4ad621d674fe46f1c5,research-lab/experiments/registered-workflow/extensions/jiim_2026_major_revision/runs/jiim_ext_mura_split_03_seed_42_swin_t_A
jiim_ext_mura_split_03_seed_52_swin_t_A,mura,swin_t,shared,split_03,52,research-lab/experiments/registered-workflow/extensions/jiim_2026_major_revision/formal_splits_v0.6/mura/split_03.csv,b758c516f851bf732488463a50be6471cbb11886e78cbe0425cbef4739db7882,research-lab/experiments/registered-workflow/extensions/jiim_2026_major_revision/candidate_indices/final_objective_v0.6/mura_dataset_index.csv,21397d3465aa89fe4b6b8b7e48471bfe781282b331817c4ad621d674fe46f1c5,research-lab/experiments/registered-workflow/extensions/jiim_2026_major_revision/runs/jiim_ext_mura_split_03_seed_52_swin_t_A
jiim_ext_mura_split_03_seed_62_swin_t_A,mura,swin_t,shared,split_03,62,research-lab/experiments/registered-workflow/extensions/jiim_2026_major_revision/formal_splits_v0.6/mura/split_03.csv,b758c516f851bf732488463a50be6471cbb11886e78cbe0425cbef4739db7882,research-lab/experiments/registered-workflow/extensions/jiim_2026_major_revision/candidate_indices/final_objective_v0.6/mura_dataset_index.csv,21397d3465aa89fe4b6b8b7e48471bfe781282b331817c4ad621d674fe46f1c5,research-lab/experiments/registered-workflow/extensions/jiim_2026_major_revision/runs/jiim_ext_mura_split_03_seed_62_swin_t_A
jiim_ext_mura_split_03_seed_42_swin_t_B,mura,swin_t,swin_weight_eval,split_03,42,research-lab/experiments/registered-workflow/extensions/jiim_2026_major_revision/formal_splits_v0.6/mura/split_03.csv,b758c516f851bf732488463a50be6471cbb11886e78cbe0425cbef4739db7882,research-lab/experiments/registered-workflow/extensions/jiim_2026_major_revision/candidate_indices/final_objective_v0.6/mura_dataset_index.csv,21397d3465aa89fe4b6b8b7e48471bfe781282b331817c4ad621d674fe46f1c5,research-lab/experiments/registered-workflow/extensions/jiim_2026_major_revision/runs/jiim_ext_mura_split_03_seed_42_swin_t_B
jiim_ext_mura_split_03_seed_52_swin_t_B,mura,swin_t,swin_weight_eval,split_03,52,research-lab/experiments/registered-workflow/extensions/jiim_2026_major_revision/formal_splits_v0.6/mura/split_03.csv,b758c516f851bf732488463a50be6471cbb11886e78cbe0425cbef4739db7882,research-lab/experiments/registered-workflow/extensions/jiim_2026_major_revision/candidate_indices/final_objective_v0.6/mura_dataset_index.csv,21397d3465aa89fe4b6b8b7e48471bfe781282b331817c4ad621d674fe46f1c5,research-lab/experiments/registered-workflow/extensions/jiim_2026_major_revision/runs/jiim_ext_mura_split_03_seed_52_swin_t_B
jiim_ext_mura_split_03_seed_62_swin_t_B,mura,swin_t,swin_weight_eval,split_03,62,research-lab/experiments/registered-workflow/extensions/jiim_2026_major_revision/formal_splits_v0.6/mura/split_03.csv,b758c516f851bf732488463a50be6471cbb11886e78cbe0425cbef4739db7882,research-lab/experiments/registered-workflow/extensions/jiim_2026_major_revision/candidate_indices/final_objective_v0.6/mura_dataset_index.csv,21397d3465aa89fe4b6b8b7e48471bfe781282b331817c4ad621d674fe46f1c5,research-lab/experiments/registered-workflow/extensions/jiim_2026_major_revision/runs/jiim_ext_mura_split_03_seed_62_swin_t_B
jiim_ext_mura_split_04_seed_42_resnet18_A,mura,resnet18,shared,split_04,42,research-lab/experiments/registered-workflow/extensions/jiim_2026_major_revision/formal_splits_v0.6/mura/split_04.csv,ec1437c12ae386adf3ca586c38116c0aa52bda1842fefc767505643ea954fe2e,research-lab/experiments/registered-workflow/extensions/jiim_2026_major_revision/candidate_indices/final_objective_v0.6/mura_dataset_index.csv,21397d3465aa89fe4b6b8b7e48471bfe781282b331817c4ad621d674fe46f1c5,research-lab/experiments/registered-workflow/extensions/jiim_2026_major_revision/runs/jiim_ext_mura_split_04_seed_42_resnet18_A
jiim_ext_mura_split_04_seed_52_resnet18_A,mura,resnet18,shared,split_04,52,research-lab/experiments/registered-workflow/extensions/jiim_2026_major_revision/formal_splits_v0.6/mura/split_04.csv,ec1437c12ae386adf3ca586c38116c0aa52bda1842fefc767505643ea954fe2e,research-lab/experiments/registered-workflow/extensions/jiim_2026_major_revision/candidate_indices/final_objective_v0.6/mura_dataset_index.csv,21397d3465aa89fe4b6b8b7e48471bfe781282b331817c4ad621d674fe46f1c5,research-lab/experiments/registered-workflow/extensions/jiim_2026_major_revision/runs/jiim_ext_mura_split_04_seed_52_resnet18_A
jiim_ext_mura_split_04_seed_62_resnet18_A,mura,resnet18,shared,split_04,62,research-lab/experiments/registered-workflow/extensions/jiim_2026_major_revision/formal_splits_v0.6/mura/split_04.csv,ec1437c12ae386adf3ca586c38116c0aa52bda1842fefc767505643ea954fe2e,research-lab/experiments/registered-workflow/extensions/jiim_2026_major_revision/candidate_indices/final_objective_v0.6/mura_dataset_index.csv,21397d3465aa89fe4b6b8b7e48471bfe781282b331817c4ad621d674fe46f1c5,research-lab/experiments/registered-workflow/extensions/jiim_2026_major_revision/runs/jiim_ext_mura_split_04_seed_62_resnet18_A
jiim_ext_mura_split_04_seed_42_resnet50_A,mura,resnet50,shared,split_04,42,research-lab/experiments/registered-workflow/extensions/jiim_2026_major_revision/formal_splits_v0.6/mura/split_04.csv,ec1437c12ae386adf3ca586c38116c0aa52bda1842fefc767505643ea954fe2e,research-lab/experiments/registered-workflow/extensions/jiim_2026_major_revision/candidate_indices/final_objective_v0.6/mura_dataset_index.csv,21397d3465aa89fe4b6b8b7e48471bfe781282b331817c4ad621d674fe46f1c5,research-lab/experiments/registered-workflow/extensions/jiim_2026_major_revision/runs/jiim_ext_mura_split_04_seed_42_resnet50_A
jiim_ext_mura_split_04_seed_52_resnet50_A,mura,resnet50,shared,split_04,52,research-lab/experiments/registered-workflow/extensions/jiim_2026_major_revision/formal_splits_v0.6/mura/split_04.csv,ec1437c12ae386adf3ca586c38116c0aa52bda1842fefc767505643ea954fe2e,research-lab/experiments/registered-workflow/extensions/jiim_2026_major_revision/candidate_indices/final_objective_v0.6/mura_dataset_index.csv,21397d3465aa89fe4b6b8b7e48471bfe781282b331817c4ad621d674fe46f1c5,research-lab/experiments/registered-workflow/extensions/jiim_2026_major_revision/runs/jiim_ext_mura_split_04_seed_52_resnet50_A
jiim_ext_mura_split_04_seed_62_resnet50_A,mura,resnet50,shared,split_04,62,research-lab/experiments/registered-workflow/extensions/jiim_2026_major_revision/formal_splits_v0.6/mura/split_04.csv,ec1437c12ae386adf3ca586c38116c0aa52bda1842fefc767505643ea954fe2e,research-lab/experiments/registered-workflow/extensions/jiim_2026_major_revision/candidate_indices/final_objective_v0.6/mura_dataset_index.csv,21397d3465aa89fe4b6b8b7e48471bfe781282b331817c4ad621d674fe46f1c5,research-lab/experiments/registered-workflow/extensions/jiim_2026_major_revision/runs/jiim_ext_mura_split_04_seed_62_resnet50_A
jiim_ext_mura_split_04_seed_42_densenet121_A,mura,densenet121,shared,split_04,42,research-lab/experiments/registered-workflow/extensions/jiim_2026_major_revision/formal_splits_v0.6/mura/split_04.csv,ec1437c12ae386adf3ca586c38116c0aa52bda1842fefc767505643ea954fe2e,research-lab/experiments/registered-workflow/extensions/jiim_2026_major_revision/candidate_indices/final_objective_v0.6/mura_dataset_index.csv,21397d3465aa89fe4b6b8b7e48471bfe781282b331817c4ad621d674fe46f1c5,research-lab/experiments/registered-workflow/extensions/jiim_2026_major_revision/runs/jiim_ext_mura_split_04_seed_42_densenet121_A
jiim_ext_mura_split_04_seed_52_densenet121_A,mura,densenet121,shared,split_04,52,research-lab/experiments/registered-workflow/extensions/jiim_2026_major_revision/formal_splits_v0.6/mura/split_04.csv,ec1437c12ae386adf3ca586c38116c0aa52bda1842fefc767505643ea954fe2e,research-lab/experiments/registered-workflow/extensions/jiim_2026_major_revision/candidate_indices/final_objective_v0.6/mura_dataset_index.csv,21397d3465aa89fe4b6b8b7e48471bfe781282b331817c4ad621d674fe46f1c5,research-lab/experiments/registered-workflow/extensions/jiim_2026_major_revision/runs/jiim_ext_mura_split_04_seed_52_densenet121_A
jiim_ext_mura_split_04_seed_62_densenet121_A,mura,densenet121,shared,split_04,62,research-lab/experiments/registered-workflow/extensions/jiim_2026_major_revision/formal_splits_v0.6/mura/split_04.csv,ec1437c12ae386adf3ca586c38116c0aa52bda1842fefc767505643ea954fe2e,research-lab/experiments/registered-workflow/extensions/jiim_2026_major_revision/candidate_indices/final_objective_v0.6/mura_dataset_index.csv,21397d3465aa89fe4b6b8b7e48471bfe781282b331817c4ad621d674fe46f1c5,research-lab/experiments/registered-workflow/extensions/jiim_2026_major_revision/runs/jiim_ext_mura_split_04_seed_62_densenet121_A
jiim_ext_mura_split_04_seed_42_efficientnet_b0_A,mura,efficientnet_b0,shared,split_04,42,research-lab/experiments/registered-workflow/extensions/jiim_2026_major_revision/formal_splits_v0.6/mura/split_04.csv,ec1437c12ae386adf3ca586c38116c0aa52bda1842fefc767505643ea954fe2e,research-lab/experiments/registered-workflow/extensions/jiim_2026_major_revision/candidate_indices/final_objective_v0.6/mura_dataset_index.csv,21397d3465aa89fe4b6b8b7e48471bfe781282b331817c4ad621d674fe46f1c5,research-lab/experiments/registered-workflow/extensions/jiim_2026_major_revision/runs/jiim_ext_mura_split_04_seed_42_efficientnet_b0_A
jiim_ext_mura_split_04_seed_52_efficientnet_b0_A,mura,efficientnet_b0,shared,split_04,52,research-lab/experiments/registered-workflow/extensions/jiim_2026_major_revision/formal_splits_v0.6/mura/split_04.csv,ec1437c12ae386adf3ca586c38116c0aa52bda1842fefc767505643ea954fe2e,research-lab/experiments/registered-workflow/extensions/jiim_2026_major_revision/candidate_indices/final_objective_v0.6/mura_dataset_index.csv,21397d3465aa89fe4b6b8b7e48471bfe781282b331817c4ad621d674fe46f1c5,research-lab/experiments/registered-workflow/extensions/jiim_2026_major_revision/runs/jiim_ext_mura_split_04_seed_52_efficientnet_b0_A
jiim_ext_mura_split_04_seed_62_efficientnet_b0_A,mura,efficientnet_b0,shared,split_04,62,research-lab/experiments/registered-workflow/extensions/jiim_2026_major_revision/formal_splits_v0.6/mura/split_04.csv,ec1437c12ae386adf3ca586c38116c0aa52bda1842fefc767505643ea954fe2e,research-lab/experiments/registered-workflow/extensions/jiim_2026_major_revision/candidate_indices/final_objective_v0.6/mura_dataset_index.csv,21397d3465aa89fe4b6b8b7e48471bfe781282b331817c4ad621d674fe46f1c5,research-lab/experiments/registered-workflow/extensions/jiim_2026_major_revision/runs/jiim_ext_mura_split_04_seed_62_efficientnet_b0_A
jiim_ext_mura_split_04_seed_42_swin_t_A,mura,swin_t,shared,split_04,42,research-lab/experiments/registered-workflow/extensions/jiim_2026_major_revision/formal_splits_v0.6/mura/split_04.csv,ec1437c12ae386adf3ca586c38116c0aa52bda1842fefc767505643ea954fe2e,research-lab/experiments/registered-workflow/extensions/jiim_2026_major_revision/candidate_indices/final_objective_v0.6/mura_dataset_index.csv,21397d3465aa89fe4b6b8b7e48471bfe781282b331817c4ad621d674fe46f1c5,research-lab/experiments/registered-workflow/extensions/jiim_2026_major_revision/runs/jiim_ext_mura_split_04_seed_42_swin_t_A
jiim_ext_mura_split_04_seed_52_swin_t_A,mura,swin_t,shared,split_04,52,research-lab/experiments/registered-workflow/extensions/jiim_2026_major_revision/formal_splits_v0.6/mura/split_04.csv,ec1437c12ae386adf3ca586c38116c0aa52bda1842fefc767505643ea954fe2e,research-lab/experiments/registered-workflow/extensions/jiim_2026_major_revision/candidate_indices/final_objective_v0.6/mura_dataset_index.csv,21397d3465aa89fe4b6b8b7e48471bfe781282b331817c4ad621d674fe46f1c5,research-lab/experiments/registered-workflow/extensions/jiim_2026_major_revision/runs/jiim_ext_mura_split_04_seed_52_swin_t_A
jiim_ext_mura_split_04_seed_62_swin_t_A,mura,swin_t,shared,split_04,62,research-lab/experiments/registered-workflow/extensions/jiim_2026_major_revision/formal_splits_v0.6/mura/split_04.csv,ec1437c12ae386adf3ca586c38116c0aa52bda1842fefc767505643ea954fe2e,research-lab/experiments/registered-workflow/extensions/jiim_2026_major_revision/candidate_indices/final_objective_v0.6/mura_dataset_index.csv,21397d3465aa89fe4b6b8b7e48471bfe781282b331817c4ad621d674fe46f1c5,research-lab/experiments/registered-workflow/extensions/jiim_2026_major_revision/runs/jiim_ext_mura_split_04_seed_62_swin_t_A
jiim_ext_mura_split_04_seed_42_swin_t_B,mura,swin_t,swin_weight_eval,split_04,42,research-lab/experiments/registered-workflow/extensions/jiim_2026_major_revision/formal_splits_v0.6/mura/split_04.csv,ec1437c12ae386adf3ca586c38116c0aa52bda1842fefc767505643ea954fe2e,research-lab/experiments/registered-workflow/extensions/jiim_2026_major_revision/candidate_indices/final_objective_v0.6/mura_dataset_index.csv,21397d3465aa89fe4b6b8b7e48471bfe781282b331817c4ad621d674fe46f1c5,research-lab/experiments/registered-workflow/extensions/jiim_2026_major_revision/runs/jiim_ext_mura_split_04_seed_42_swin_t_B
jiim_ext_mura_split_04_seed_52_swin_t_B,mura,swin_t,swin_weight_eval,split_04,52,research-lab/experiments/registered-workflow/extensions/jiim_2026_major_revision/formal_splits_v0.6/mura/split_04.csv,ec1437c12ae386adf3ca586c38116c0aa52bda1842fefc767505643ea954fe2e,research-lab/experiments/registered-workflow/extensions/jiim_2026_major_revision/candidate_indices/final_objective_v0.6/mura_dataset_index.csv,21397d3465aa89fe4b6b8b7e48471bfe781282b331817c4ad621d674fe46f1c5,research-lab/experiments/registered-workflow/extensions/jiim_2026_major_revision/runs/jiim_ext_mura_split_04_seed_52_swin_t_B
jiim_ext_mura_split_04_seed_62_swin_t_B,mura,swin_t,swin_weight_eval,split_04,62,research-lab/experiments/registered-workflow/extensions/jiim_2026_major_revision/formal_splits_v0.6/mura/split_04.csv,ec1437c12ae386adf3ca586c38116c0aa52bda1842fefc767505643ea954fe2e,research-lab/experiments/registered-workflow/extensions/jiim_2026_major_revision/candidate_indices/final_objective_v0.6/mura_dataset_index.csv,21397d3465aa89fe4b6b8b7e48471bfe781282b331817c4ad621d674fe46f1c5,research-lab/experiments/registered-workflow/extensions/jiim_2026_major_revision/runs/jiim_ext_mura_split_04_seed_62_swin_t_B
jiim_ext_mura_split_05_seed_42_resnet18_A,mura,resnet18,shared,split_05,42,research-lab/experiments/registered-workflow/extensions/jiim_2026_major_revision/formal_splits_v0.6/mura/split_05.csv,e827b9c3feb9ba18e74b306edc073e765646604ce9f359f169ce6b8de2979061,research-lab/experiments/registered-workflow/extensions/jiim_2026_major_revision/candidate_indices/final_objective_v0.6/mura_dataset_index.csv,21397d3465aa89fe4b6b8b7e48471bfe781282b331817c4ad621d674fe46f1c5,research-lab/experiments/registered-workflow/extensions/jiim_2026_major_revision/runs/jiim_ext_mura_split_05_seed_42_resnet18_A
jiim_ext_mura_split_05_seed_52_resnet18_A,mura,resnet18,shared,split_05,52,research-lab/experiments/registered-workflow/extensions/jiim_2026_major_revision/formal_splits_v0.6/mura/split_05.csv,e827b9c3feb9ba18e74b306edc073e765646604ce9f359f169ce6b8de2979061,research-lab/experiments/registered-workflow/extensions/jiim_2026_major_revision/candidate_indices/final_objective_v0.6/mura_dataset_index.csv,21397d3465aa89fe4b6b8b7e48471bfe781282b331817c4ad621d674fe46f1c5,research-lab/experiments/registered-workflow/extensions/jiim_2026_major_revision/runs/jiim_ext_mura_split_05_seed_52_resnet18_A
jiim_ext_mura_split_05_seed_62_resnet18_A,mura,resnet18,shared,split_05,62,research-lab/experiments/registered-workflow/extensions/jiim_2026_major_revision/formal_splits_v0.6/mura/split_05.csv,e827b9c3feb9ba18e74b306edc073e765646604ce9f359f169ce6b8de2979061,research-lab/experiments/registered-workflow/extensions/jiim_2026_major_revision/candidate_indices/final_objective_v0.6/mura_dataset_index.csv,21397d3465aa89fe4b6b8b7e48471bfe781282b331817c4ad621d674fe46f1c5,research-lab/experiments/registered-workflow/extensions/jiim_2026_major_revision/runs/jiim_ext_mura_split_05_seed_62_resnet18_A
jiim_ext_mura_split_05_seed_42_resnet50_A,mura,resnet50,shared,split_05,42,research-lab/experiments/registered-workflow/extensions/jiim_2026_major_revision/formal_splits_v0.6/mura/split_05.csv,e827b9c3feb9ba18e74b306edc073e765646604ce9f359f169ce6b8de2979061,research-lab/experiments/registered-workflow/extensions/jiim_2026_major_revision/candidate_indices/final_objective_v0.6/mura_dataset_index.csv,21397d3465aa89fe4b6b8b7e48471bfe781282b331817c4ad621d674fe46f1c5,research-lab/experiments/registered-workflow/extensions/jiim_2026_major_revision/runs/jiim_ext_mura_split_05_seed_42_resnet50_A
jiim_ext_mura_split_05_seed_52_resnet50_A,mura,resnet50,shared,split_05,52,research-lab/experiments/registered-workflow/extensions/jiim_2026_major_revision/formal_splits_v0.6/mura/split_05.csv,e827b9c3feb9ba18e74b306edc073e765646604ce9f359f169ce6b8de2979061,research-lab/experiments/registered-workflow/extensions/jiim_2026_major_revision/candidate_indices/final_objective_v0.6/mura_dataset_index.csv,21397d3465aa89fe4b6b8b7e48471bfe781282b331817c4ad621d674fe46f1c5,research-lab/experiments/registered-workflow/extensions/jiim_2026_major_revision/runs/jiim_ext_mura_split_05_seed_52_resnet50_A
jiim_ext_mura_split_05_seed_62_resnet50_A,mura,resnet50,shared,split_05,62,research-lab/experiments/registered-workflow/extensions/jiim_2026_major_revision/formal_splits_v0.6/mura/split_05.csv,e827b9c3feb9ba18e74b306edc073e765646604ce9f359f169ce6b8de2979061,research-lab/experiments/registered-workflow/extensions/jiim_2026_major_revision/candidate_indices/final_objective_v0.6/mura_dataset_index.csv,21397d3465aa89fe4b6b8b7e48471bfe781282b331817c4ad621d674fe46f1c5,research-lab/experiments/registered-workflow/extensions/jiim_2026_major_revision/runs/jiim_ext_mura_split_05_seed_62_resnet50_A
jiim_ext_mura_split_05_seed_42_densenet121_A,mura,densenet121,shared,split_05,42,research-lab/experiments/registered-workflow/extensions/jiim_2026_major_revision/formal_splits_v0.6/mura/split_05.csv,e827b9c3feb9ba18e74b306edc073e765646604ce9f359f169ce6b8de2979061,research-lab/experiments/registered-workflow/extensions/jiim_2026_major_revision/candidate_indices/final_objective_v0.6/mura_dataset_index.csv,21397d3465aa89fe4b6b8b7e48471bfe781282b331817c4ad621d674fe46f1c5,research-lab/experiments/registered-workflow/extensions/jiim_2026_major_revision/runs/jiim_ext_mura_split_05_seed_42_densenet121_A
jiim_ext_mura_split_05_seed_52_densenet121_A,mura,densenet121,shared,split_05,52,research-lab/experiments/registered-workflow/extensions/jiim_2026_major_revision/formal_splits_v0.6/mura/split_05.csv,e827b9c3feb9ba18e74b306edc073e765646604ce9f359f169ce6b8de2979061,research-lab/experiments/registered-workflow/extensions/jiim_2026_major_revision/candidate_indices/final_objective_v0.6/mura_dataset_index.csv,21397d3465aa89fe4b6b8b7e48471bfe781282b331817c4ad621d674fe46f1c5,research-lab/experiments/registered-workflow/extensions/jiim_2026_major_revision/runs/jiim_ext_mura_split_05_seed_52_densenet121_A
jiim_ext_mura_split_05_seed_62_densenet121_A,mura,densenet121,shared,split_05,62,research-lab/experiments/registered-workflow/extensions/jiim_2026_major_revision/formal_splits_v0.6/mura/split_05.csv,e827b9c3feb9ba18e74b306edc073e765646604ce9f359f169ce6b8de2979061,research-lab/experiments/registered-workflow/extensions/jiim_2026_major_revision/candidate_indices/final_objective_v0.6/mura_dataset_index.csv,21397d3465aa89fe4b6b8b7e48471bfe781282b331817c4ad621d674fe46f1c5,research-lab/experiments/registered-workflow/extensions/jiim_2026_major_revision/runs/jiim_ext_mura_split_05_seed_62_densenet121_A
jiim_ext_mura_split_05_seed_42_efficientnet_b0_A,mura,efficientnet_b0,shared,split_05,42,research-lab/experiments/registered-workflow/extensions/jiim_2026_major_revision/formal_splits_v0.6/mura/split_05.csv,e827b9c3feb9ba18e74b306edc073e765646604ce9f359f169ce6b8de2979061,research-lab/experiments/registered-workflow/extensions/jiim_2026_major_revision/candidate_indices/final_objective_v0.6/mura_dataset_index.csv,21397d3465aa89fe4b6b8b7e48471bfe781282b331817c4ad621d674fe46f1c5,research-lab/experiments/registered-workflow/extensions/jiim_2026_major_revision/runs/jiim_ext_mura_split_05_seed_42_efficientnet_b0_A
jiim_ext_mura_split_05_seed_52_efficientnet_b0_A,mura,efficientnet_b0,shared,split_05,52,research-lab/experiments/registered-workflow/extensions/jiim_2026_major_revision/formal_splits_v0.6/mura/split_05.csv,e827b9c3feb9ba18e74b306edc073e765646604ce9f359f169ce6b8de2979061,research-lab/experiments/registered-workflow/extensions/jiim_2026_major_revision/candidate_indices/final_objective_v0.6/mura_dataset_index.csv,21397d3465aa89fe4b6b8b7e48471bfe781282b331817c4ad621d674fe46f1c5,research-lab/experiments/registered-workflow/extensions/jiim_2026_major_revision/runs/jiim_ext_mura_split_05_seed_52_efficientnet_b0_A
jiim_ext_mura_split_05_seed_62_efficientnet_b0_A,mura,efficientnet_b0,shared,split_05,62,research-lab/experiments/registered-workflow/extensions/jiim_2026_major_revision/formal_splits_v0.6/mura/split_05.csv,e827b9c3feb9ba18e74b306edc073e765646604ce9f359f169ce6b8de2979061,research-lab/experiments/registered-workflow/extensions/jiim_2026_major_revision/candidate_indices/final_objective_v0.6/mura_dataset_index.csv,21397d3465aa89fe4b6b8b7e48471bfe781282b331817c4ad621d674fe46f1c5,research-lab/experiments/registered-workflow/extensions/jiim_2026_major_revision/runs/jiim_ext_mura_split_05_seed_62_efficientnet_b0_A
jiim_ext_mura_split_05_seed_42_swin_t_A,mura,swin_t,shared,split_05,42,research-lab/experiments/registered-workflow/extensions/jiim_2026_major_revision/formal_splits_v0.6/mura/split_05.csv,e827b9c3feb9ba18e74b306edc073e765646604ce9f359f169ce6b8de2979061,research-lab/experiments/registered-workflow/extensions/jiim_2026_major_revision/candidate_indices/final_objective_v0.6/mura_dataset_index.csv,21397d3465aa89fe4b6b8b7e48471bfe781282b331817c4ad621d674fe46f1c5,research-lab/experiments/registered-workflow/extensions/jiim_2026_major_revision/runs/jiim_ext_mura_split_05_seed_42_swin_t_A
jiim_ext_mura_split_05_seed_52_swin_t_A,mura,swin_t,shared,split_05,52,research-lab/experiments/registered-workflow/extensions/jiim_2026_major_revision/formal_splits_v0.6/mura/split_05.csv,e827b9c3feb9ba18e74b306edc073e765646604ce9f359f169ce6b8de2979061,research-lab/experiments/registered-workflow/extensions/jiim_2026_major_revision/candidate_indices/final_objective_v0.6/mura_dataset_index.csv,21397d3465aa89fe4b6b8b7e48471bfe781282b331817c4ad621d674fe46f1c5,research-lab/experiments/registered-workflow/extensions/jiim_2026_major_revision/runs/jiim_ext_mura_split_05_seed_52_swin_t_A
jiim_ext_mura_split_05_seed_62_swin_t_A,mura,swin_t,shared,split_05,62,research-lab/experiments/registered-workflow/extensions/jiim_2026_major_revision/formal_splits_v0.6/mura/split_05.csv,e827b9c3feb9ba18e74b306edc073e765646604ce9f359f169ce6b8de2979061,research-lab/experiments/registered-workflow/extensions/jiim_2026_major_revision/candidate_indices/final_objective_v0.6/mura_dataset_index.csv,21397d3465aa89fe4b6b8b7e48471bfe781282b331817c4ad621d674fe46f1c5,research-lab/experiments/registered-workflow/extensions/jiim_2026_major_revision/runs/jiim_ext_mura_split_05_seed_62_swin_t_A
jiim_ext_mura_split_05_seed_42_swin_t_B,mura,swin_t,swin_weight_eval,split_05,42,research-lab/experiments/registered-workflow/extensions/jiim_2026_major_revision/formal_splits_v0.6/mura/split_05.csv,e827b9c3feb9ba18e74b306edc073e765646604ce9f359f169ce6b8de2979061,research-lab/experiments/registered-workflow/extensions/jiim_2026_major_revision/candidate_indices/final_objective_v0.6/mura_dataset_index.csv,21397d3465aa89fe4b6b8b7e48471bfe781282b331817c4ad621d674fe46f1c5,research-lab/experiments/registered-workflow/extensions/jiim_2026_major_revision/runs/jiim_ext_mura_split_05_seed_42_swin_t_B
jiim_ext_mura_split_05_seed_52_swin_t_B,mura,swin_t,swin_weight_eval,split_05,52,research-lab/experiments/registered-workflow/extensions/jiim_2026_major_revision/formal_splits_v0.6/mura/split_05.csv,e827b9c3feb9ba18e74b306edc073e765646604ce9f359f169ce6b8de2979061,research-lab/experiments/registered-workflow/extensions/jiim_2026_major_revision/candidate_indices/final_objective_v0.6/mura_dataset_index.csv,21397d3465aa89fe4b6b8b7e48471bfe781282b331817c4ad621d674fe46f1c5,research-lab/experiments/registered-workflow/extensions/jiim_2026_major_revision/runs/jiim_ext_mura_split_05_seed_52_swin_t_B
jiim_ext_mura_split_05_seed_62_swin_t_B,mura,swin_t,swin_weight_eval,split_05,62,research-lab/experiments/registered-workflow/extensions/jiim_2026_major_revision/formal_splits_v0.6/mura/split_05.csv,e827b9c3feb9ba18e74b306edc073e765646604ce9f359f169ce6b8de2979061,research-lab/experiments/registered-workflow/extensions/jiim_2026_major_revision/candidate_indices/final_objective_v0.6/mura_dataset_index.csv,21397d3465aa89fe4b6b8b7e48471bfe781282b331817c4ad621d674fe46f1c5,research-lab/experiments/registered-workflow/extensions/jiim_2026_major_revision/runs/jiim_ext_mura_split_05_seed_62_swin_t_B
jiim_ext_mura_split_06_seed_42_resnet18_A,mura,resnet18,shared,split_06,42,research-lab/experiments/registered-workflow/extensions/jiim_2026_major_revision/formal_splits_v0.6/mura/split_06.csv,802de3622377b082a9fca637a66f439a42f069aeaf936ade5052d73c383b1233,research-lab/experiments/registered-workflow/extensions/jiim_2026_major_revision/candidate_indices/final_objective_v0.6/mura_dataset_index.csv,21397d3465aa89fe4b6b8b7e48471bfe781282b331817c4ad621d674fe46f1c5,research-lab/experiments/registered-workflow/extensions/jiim_2026_major_revision/runs/jiim_ext_mura_split_06_seed_42_resnet18_A
jiim_ext_mura_split_06_seed_52_resnet18_A,mura,resnet18,shared,split_06,52,research-lab/experiments/registered-workflow/extensions/jiim_2026_major_revision/formal_splits_v0.6/mura/split_06.csv,802de3622377b082a9fca637a66f439a42f069aeaf936ade5052d73c383b1233,research-lab/experiments/registered-workflow/extensions/jiim_2026_major_revision/candidate_indices/final_objective_v0.6/mura_dataset_index.csv,21397d3465aa89fe4b6b8b7e48471bfe781282b331817c4ad621d674fe46f1c5,research-lab/experiments/registered-workflow/extensions/jiim_2026_major_revision/runs/jiim_ext_mura_split_06_seed_52_resnet18_A
jiim_ext_mura_split_06_seed_62_resnet18_A,mura,resnet18,shared,split_06,62,research-lab/experiments/registered-workflow/extensions/jiim_2026_major_revision/formal_splits_v0.6/mura/split_06.csv,802de3622377b082a9fca637a66f439a42f069aeaf936ade5052d73c383b1233,research-lab/experiments/registered-workflow/extensions/jiim_2026_major_revision/candidate_indices/final_objective_v0.6/mura_dataset_index.csv,21397d3465aa89fe4b6b8b7e48471bfe781282b331817c4ad621d674fe46f1c5,research-lab/experiments/registered-workflow/extensions/jiim_2026_major_revision/runs/jiim_ext_mura_split_06_seed_62_resnet18_A
jiim_ext_mura_split_06_seed_42_resnet50_A,mura,resnet50,shared,split_06,42,research-lab/experiments/registered-workflow/extensions/jiim_2026_major_revision/formal_splits_v0.6/mura/split_06.csv,802de3622377b082a9fca637a66f439a42f069aeaf936ade5052d73c383b1233,research-lab/experiments/registered-workflow/extensions/jiim_2026_major_revision/candidate_indices/final_objective_v0.6/mura_dataset_index.csv,21397d3465aa89fe4b6b8b7e48471bfe781282b331817c4ad621d674fe46f1c5,research-lab/experiments/registered-workflow/extensions/jiim_2026_major_revision/runs/jiim_ext_mura_split_06_seed_42_resnet50_A
jiim_ext_mura_split_06_seed_52_resnet50_A,mura,resnet50,shared,split_06,52,research-lab/experiments/registered-workflow/extensions/jiim_2026_major_revision/formal_splits_v0.6/mura/split_06.csv,802de3622377b082a9fca637a66f439a42f069aeaf936ade5052d73c383b1233,research-lab/experiments/registered-workflow/extensions/jiim_2026_major_revision/candidate_indices/final_objective_v0.6/mura_dataset_index.csv,21397d3465aa89fe4b6b8b7e48471bfe781282b331817c4ad621d674fe46f1c5,research-lab/experiments/registered-workflow/extensions/jiim_2026_major_revision/runs/jiim_ext_mura_split_06_seed_52_resnet50_A
jiim_ext_mura_split_06_seed_62_resnet50_A,mura,resnet50,shared,split_06,62,research-lab/experiments/registered-workflow/extensions/jiim_2026_major_revision/formal_splits_v0.6/mura/split_06.csv,802de3622377b082a9fca637a66f439a42f069aeaf936ade5052d73c383b1233,research-lab/experiments/registered-workflow/extensions/jiim_2026_major_revision/candidate_indices/final_objective_v0.6/mura_dataset_index.csv,21397d3465aa89fe4b6b8b7e48471bfe781282b331817c4ad621d674fe46f1c5,research-lab/experiments/registered-workflow/extensions/jiim_2026_major_revision/runs/jiim_ext_mura_split_06_seed_62_resnet50_A
jiim_ext_mura_split_06_seed_42_densenet121_A,mura,densenet121,shared,split_06,42,research-lab/experiments/registered-workflow/extensions/jiim_2026_major_revision/formal_splits_v0.6/mura/split_06.csv,802de3622377b082a9fca637a66f439a42f069aeaf936ade5052d73c383b1233,research-lab/experiments/registered-workflow/extensions/jiim_2026_major_revision/candidate_indices/final_objective_v0.6/mura_dataset_index.csv,21397d3465aa89fe4b6b8b7e48471bfe781282b331817c4ad621d674fe46f1c5,research-lab/experiments/registered-workflow/extensions/jiim_2026_major_revision/runs/jiim_ext_mura_split_06_seed_42_densenet121_A
jiim_ext_mura_split_06_seed_52_densenet121_A,mura,densenet121,shared,split_06,52,research-lab/experiments/registered-workflow/extensions/jiim_2026_major_revision/formal_splits_v0.6/mura/split_06.csv,802de3622377b082a9fca637a66f439a42f069aeaf936ade5052d73c383b1233,research-lab/experiments/registered-workflow/extensions/jiim_2026_major_revision/candidate_indices/final_objective_v0.6/mura_dataset_index.csv,21397d3465aa89fe4b6b8b7e48471bfe781282b331817c4ad621d674fe46f1c5,research-lab/experiments/registered-workflow/extensions/jiim_2026_major_revision/runs/jiim_ext_mura_split_06_seed_52_densenet121_A
jiim_ext_mura_split_06_seed_62_densenet121_A,mura,densenet121,shared,split_06,62,research-lab/experiments/registered-workflow/extensions/jiim_2026_major_revision/formal_splits_v0.6/mura/split_06.csv,802de3622377b082a9fca637a66f439a42f069aeaf936ade5052d73c383b1233,research-lab/experiments/registered-workflow/extensions/jiim_2026_major_revision/candidate_indices/final_objective_v0.6/mura_dataset_index.csv,21397d3465aa89fe4b6b8b7e48471bfe781282b331817c4ad621d674fe46f1c5,research-lab/experiments/registered-workflow/extensions/jiim_2026_major_revision/runs/jiim_ext_mura_split_06_seed_62_densenet121_A
jiim_ext_mura_split_06_seed_42_efficientnet_b0_A,mura,efficientnet_b0,shared,split_06,42,research-lab/experiments/registered-workflow/extensions/jiim_2026_major_revision/formal_splits_v0.6/mura/split_06.csv,802de3622377b082a9fca637a66f439a42f069aeaf936ade5052d73c383b1233,research-lab/experiments/registered-workflow/extensions/jiim_2026_major_revision/candidate_indices/final_objective_v0.6/mura_dataset_index.csv,21397d3465aa89fe4b6b8b7e48471bfe781282b331817c4ad621d674fe46f1c5,research-lab/experiments/registered-workflow/extensions/jiim_2026_major_revision/runs/jiim_ext_mura_split_06_seed_42_efficientnet_b0_A
jiim_ext_mura_split_06_seed_52_efficientnet_b0_A,mura,efficientnet_b0,shared,split_06,52,research-lab/experiments/registered-workflow/extensions/jiim_2026_major_revision/formal_splits_v0.6/mura/split_06.csv,802de3622377b082a9fca637a66f439a42f069aeaf936ade5052d73c383b1233,research-lab/experiments/registered-workflow/extensions/jiim_2026_major_revision/candidate_indices/final_objective_v0.6/mura_dataset_index.csv,21397d3465aa89fe4b6b8b7e48471bfe781282b331817c4ad621d674fe46f1c5,research-lab/experiments/registered-workflow/extensions/jiim_2026_major_revision/runs/jiim_ext_mura_split_06_seed_52_efficientnet_b0_A
jiim_ext_mura_split_06_seed_62_efficientnet_b0_A,mura,efficientnet_b0,shared,split_06,62,research-lab/experiments/registered-workflow/extensions/jiim_2026_major_revision/formal_splits_v0.6/mura/split_06.csv,802de3622377b082a9fca637a66f439a42f069aeaf936ade5052d73c383b1233,research-lab/experiments/registered-workflow/extensions/jiim_2026_major_revision/candidate_indices/final_objective_v0.6/mura_dataset_index.csv,21397d3465aa89fe4b6b8b7e48471bfe781282b331817c4ad621d674fe46f1c5,research-lab/experiments/registered-workflow/extensions/jiim_2026_major_revision/runs/jiim_ext_mura_split_06_seed_62_efficientnet_b0_A
jiim_ext_mura_split_07_seed_42_resnet18_A,mura,resnet18,shared,split_07,42,research-lab/experiments/registered-workflow/extensions/jiim_2026_major_revision/formal_splits_v0.6/mura/split_07.csv,ee607258093f9e2bff4c0c7d42aa1d9bb2388473e488711b56654100bba2abfb,research-lab/experiments/registered-workflow/extensions/jiim_2026_major_revision/candidate_indices/final_objective_v0.6/mura_dataset_index.csv,21397d3465aa89fe4b6b8b7e48471bfe781282b331817c4ad621d674fe46f1c5,research-lab/experiments/registered-workflow/extensions/jiim_2026_major_revision/runs/jiim_ext_mura_split_07_seed_42_resnet18_A
jiim_ext_mura_split_07_seed_52_resnet18_A,mura,resnet18,shared,split_07,52,research-lab/experiments/registered-workflow/extensions/jiim_2026_major_revision/formal_splits_v0.6/mura/split_07.csv,ee607258093f9e2bff4c0c7d42aa1d9bb2388473e488711b56654100bba2abfb,research-lab/experiments/registered-workflow/extensions/jiim_2026_major_revision/candidate_indices/final_objective_v0.6/mura_dataset_index.csv,21397d3465aa89fe4b6b8b7e48471bfe781282b331817c4ad621d674fe46f1c5,research-lab/experiments/registered-workflow/extensions/jiim_2026_major_revision/runs/jiim_ext_mura_split_07_seed_52_resnet18_A
jiim_ext_mura_split_07_seed_62_resnet18_A,mura,resnet18,shared,split_07,62,research-lab/experiments/registered-workflow/extensions/jiim_2026_major_revision/formal_splits_v0.6/mura/split_07.csv,ee607258093f9e2bff4c0c7d42aa1d9bb2388473e488711b56654100bba2abfb,research-lab/experiments/registered-workflow/extensions/jiim_2026_major_revision/candidate_indices/final_objective_v0.6/mura_dataset_index.csv,21397d3465aa89fe4b6b8b7e48471bfe781282b331817c4ad621d674fe46f1c5,research-lab/experiments/registered-workflow/extensions/jiim_2026_major_revision/runs/jiim_ext_mura_split_07_seed_62_resnet18_A
jiim_ext_mura_split_07_seed_42_resnet50_A,mura,resnet50,shared,split_07,42,research-lab/experiments/registered-workflow/extensions/jiim_2026_major_revision/formal_splits_v0.6/mura/split_07.csv,ee607258093f9e2bff4c0c7d42aa1d9bb2388473e488711b56654100bba2abfb,research-lab/experiments/registered-workflow/extensions/jiim_2026_major_revision/candidate_indices/final_objective_v0.6/mura_dataset_index.csv,21397d3465aa89fe4b6b8b7e48471bfe781282b331817c4ad621d674fe46f1c5,research-lab/experiments/registered-workflow/extensions/jiim_2026_major_revision/runs/jiim_ext_mura_split_07_seed_42_resnet50_A
jiim_ext_mura_split_07_seed_52_resnet50_A,mura,resnet50,shared,split_07,52,research-lab/experiments/registered-workflow/extensions/jiim_2026_major_revision/formal_splits_v0.6/mura/split_07.csv,ee607258093f9e2bff4c0c7d42aa1d9bb2388473e488711b56654100bba2abfb,research-lab/experiments/registered-workflow/extensions/jiim_2026_major_revision/candidate_indices/final_objective_v0.6/mura_dataset_index.csv,21397d3465aa89fe4b6b8b7e48471bfe781282b331817c4ad621d674fe46f1c5,research-lab/experiments/registered-workflow/extensions/jiim_2026_major_revision/runs/jiim_ext_mura_split_07_seed_52_resnet50_A
jiim_ext_mura_split_07_seed_62_resnet50_A,mura,resnet50,shared,split_07,62,research-lab/experiments/registered-workflow/extensions/jiim_2026_major_revision/formal_splits_v0.6/mura/split_07.csv,ee607258093f9e2bff4c0c7d42aa1d9bb2388473e488711b56654100bba2abfb,research-lab/experiments/registered-workflow/extensions/jiim_2026_major_revision/candidate_indices/final_objective_v0.6/mura_dataset_index.csv,21397d3465aa89fe4b6b8b7e48471bfe781282b331817c4ad621d674fe46f1c5,research-lab/experiments/registered-workflow/extensions/jiim_2026_major_revision/runs/jiim_ext_mura_split_07_seed_62_resnet50_A
jiim_ext_mura_split_07_seed_42_densenet121_A,mura,densenet121,shared,split_07,42,research-lab/experiments/registered-workflow/extensions/jiim_2026_major_revision/formal_splits_v0.6/mura/split_07.csv,ee607258093f9e2bff4c0c7d42aa1d9bb2388473e488711b56654100bba2abfb,research-lab/experiments/registered-workflow/extensions/jiim_2026_major_revision/candidate_indices/final_objective_v0.6/mura_dataset_index.csv,21397d3465aa89fe4b6b8b7e48471bfe781282b331817c4ad621d674fe46f1c5,research-lab/experiments/registered-workflow/extensions/jiim_2026_major_revision/runs/jiim_ext_mura_split_07_seed_42_densenet121_A
jiim_ext_mura_split_07_seed_52_densenet121_A,mura,densenet121,shared,split_07,52,research-lab/experiments/registered-workflow/extensions/jiim_2026_major_revision/formal_splits_v0.6/mura/split_07.csv,ee607258093f9e2bff4c0c7d42aa1d9bb2388473e488711b56654100bba2abfb,research-lab/experiments/registered-workflow/extensions/jiim_2026_major_revision/candidate_indices/final_objective_v0.6/mura_dataset_index.csv,21397d3465aa89fe4b6b8b7e48471bfe781282b331817c4ad621d674fe46f1c5,research-lab/experiments/registered-workflow/extensions/jiim_2026_major_revision/runs/jiim_ext_mura_split_07_seed_52_densenet121_A
jiim_ext_mura_split_07_seed_62_densenet121_A,mura,densenet121,shared,split_07,62,research-lab/experiments/registered-workflow/extensions/jiim_2026_major_revision/formal_splits_v0.6/mura/split_07.csv,ee607258093f9e2bff4c0c7d42aa1d9bb2388473e488711b56654100bba2abfb,research-lab/experiments/registered-workflow/extensions/jiim_2026_major_revision/candidate_indices/final_objective_v0.6/mura_dataset_index.csv,21397d3465aa89fe4b6b8b7e48471bfe781282b331817c4ad621d674fe46f1c5,research-lab/experiments/registered-workflow/extensions/jiim_2026_major_revision/runs/jiim_ext_mura_split_07_seed_62_densenet121_A
jiim_ext_mura_split_07_seed_42_efficientnet_b0_A,mura,efficientnet_b0,shared,split_07,42,research-lab/experiments/registered-workflow/extensions/jiim_2026_major_revision/formal_splits_v0.6/mura/split_07.csv,ee607258093f9e2bff4c0c7d42aa1d9bb2388473e488711b56654100bba2abfb,research-lab/experiments/registered-workflow/extensions/jiim_2026_major_revision/candidate_indices/final_objective_v0.6/mura_dataset_index.csv,21397d3465aa89fe4b6b8b7e48471bfe781282b331817c4ad621d674fe46f1c5,research-lab/experiments/registered-workflow/extensions/jiim_2026_major_revision/runs/jiim_ext_mura_split_07_seed_42_efficientnet_b0_A
jiim_ext_mura_split_07_seed_52_efficientnet_b0_A,mura,efficientnet_b0,shared,split_07,52,research-lab/experiments/registered-workflow/extensions/jiim_2026_major_revision/formal_splits_v0.6/mura/split_07.csv,ee607258093f9e2bff4c0c7d42aa1d9bb2388473e488711b56654100bba2abfb,research-lab/experiments/registered-workflow/extensions/jiim_2026_major_revision/candidate_indices/final_objective_v0.6/mura_dataset_index.csv,21397d3465aa89fe4b6b8b7e48471bfe781282b331817c4ad621d674fe46f1c5,research-lab/experiments/registered-workflow/extensions/jiim_2026_major_revision/runs/jiim_ext_mura_split_07_seed_52_efficientnet_b0_A
jiim_ext_mura_split_07_seed_62_efficientnet_b0_A,mura,efficientnet_b0,shared,split_07,62,research-lab/experiments/registered-workflow/extensions/jiim_2026_major_revision/formal_splits_v0.6/mura/split_07.csv,ee607258093f9e2bff4c0c7d42aa1d9bb2388473e488711b56654100bba2abfb,research-lab/experiments/registered-workflow/extensions/jiim_2026_major_revision/candidate_indices/final_objective_v0.6/mura_dataset_index.csv,21397d3465aa89fe4b6b8b7e48471bfe781282b331817c4ad621d674fe46f1c5,research-lab/experiments/registered-workflow/extensions/jiim_2026_major_revision/runs/jiim_ext_mura_split_07_seed_62_efficientnet_b0_A
jiim_ext_mura_split_08_seed_42_resnet18_A,mura,resnet18,shared,split_08,42,research-lab/experiments/registered-workflow/extensions/jiim_2026_major_revision/formal_splits_v0.6/mura/split_08.csv,a6185707fc3bc27da285cfcf187bf3ce66d6bf730ae5d7800b86e05214effc29,research-lab/experiments/registered-workflow/extensions/jiim_2026_major_revision/candidate_indices/final_objective_v0.6/mura_dataset_index.csv,21397d3465aa89fe4b6b8b7e48471bfe781282b331817c4ad621d674fe46f1c5,research-lab/experiments/registered-workflow/extensions/jiim_2026_major_revision/runs/jiim_ext_mura_split_08_seed_42_resnet18_A
jiim_ext_mura_split_08_seed_52_resnet18_A,mura,resnet18,shared,split_08,52,research-lab/experiments/registered-workflow/extensions/jiim_2026_major_revision/formal_splits_v0.6/mura/split_08.csv,a6185707fc3bc27da285cfcf187bf3ce66d6bf730ae5d7800b86e05214effc29,research-lab/experiments/registered-workflow/extensions/jiim_2026_major_revision/candidate_indices/final_objective_v0.6/mura_dataset_index.csv,21397d3465aa89fe4b6b8b7e48471bfe781282b331817c4ad621d674fe46f1c5,research-lab/experiments/registered-workflow/extensions/jiim_2026_major_revision/runs/jiim_ext_mura_split_08_seed_52_resnet18_A
jiim_ext_mura_split_08_seed_62_resnet18_A,mura,resnet18,shared,split_08,62,research-lab/experiments/registered-workflow/extensions/jiim_2026_major_revision/formal_splits_v0.6/mura/split_08.csv,a6185707fc3bc27da285cfcf187bf3ce66d6bf730ae5d7800b86e05214effc29,research-lab/experiments/registered-workflow/extensions/jiim_2026_major_revision/candidate_indices/final_objective_v0.6/mura_dataset_index.csv,21397d3465aa89fe4b6b8b7e48471bfe781282b331817c4ad621d674fe46f1c5,research-lab/experiments/registered-workflow/extensions/jiim_2026_major_revision/runs/jiim_ext_mura_split_08_seed_62_resnet18_A
jiim_ext_mura_split_08_seed_42_resnet50_A,mura,resnet50,shared,split_08,42,research-lab/experiments/registered-workflow/extensions/jiim_2026_major_revision/formal_splits_v0.6/mura/split_08.csv,a6185707fc3bc27da285cfcf187bf3ce66d6bf730ae5d7800b86e05214effc29,research-lab/experiments/registered-workflow/extensions/jiim_2026_major_revision/candidate_indices/final_objective_v0.6/mura_dataset_index.csv,21397d3465aa89fe4b6b8b7e48471bfe781282b331817c4ad621d674fe46f1c5,research-lab/experiments/registered-workflow/extensions/jiim_2026_major_revision/runs/jiim_ext_mura_split_08_seed_42_resnet50_A
jiim_ext_mura_split_08_seed_52_resnet50_A,mura,resnet50,shared,split_08,52,research-lab/experiments/registered-workflow/extensions/jiim_2026_major_revision/formal_splits_v0.6/mura/split_08.csv,a6185707fc3bc27da285cfcf187bf3ce66d6bf730ae5d7800b86e05214effc29,research-lab/experiments/registered-workflow/extensions/jiim_2026_major_revision/candidate_indices/final_objective_v0.6/mura_dataset_index.csv,21397d3465aa89fe4b6b8b7e48471bfe781282b331817c4ad621d674fe46f1c5,research-lab/experiments/registered-workflow/extensions/jiim_2026_major_revision/runs/jiim_ext_mura_split_08_seed_52_resnet50_A
jiim_ext_mura_split_08_seed_62_resnet50_A,mura,resnet50,shared,split_08,62,research-lab/experiments/registered-workflow/extensions/jiim_2026_major_revision/formal_splits_v0.6/mura/split_08.csv,a6185707fc3bc27da285cfcf187bf3ce66d6bf730ae5d7800b86e05214effc29,research-lab/experiments/registered-workflow/extensions/jiim_2026_major_revision/candidate_indices/final_objective_v0.6/mura_dataset_index.csv,21397d3465aa89fe4b6b8b7e48471bfe781282b331817c4ad621d674fe46f1c5,research-lab/experiments/registered-workflow/extensions/jiim_2026_major_revision/runs/jiim_ext_mura_split_08_seed_62_resnet50_A
jiim_ext_mura_split_08_seed_42_densenet121_A,mura,densenet121,shared,split_08,42,research-lab/experiments/registered-workflow/extensions/jiim_2026_major_revision/formal_splits_v0.6/mura/split_08.csv,a6185707fc3bc27da285cfcf187bf3ce66d6bf730ae5d7800b86e05214effc29,research-lab/experiments/registered-workflow/extensions/jiim_2026_major_revision/candidate_indices/final_objective_v0.6/mura_dataset_index.csv,21397d3465aa89fe4b6b8b7e48471bfe781282b331817c4ad621d674fe46f1c5,research-lab/experiments/registered-workflow/extensions/jiim_2026_major_revision/runs/jiim_ext_mura_split_08_seed_42_densenet121_A
jiim_ext_mura_split_08_seed_52_densenet121_A,mura,densenet121,shared,split_08,52,research-lab/experiments/registered-workflow/extensions/jiim_2026_major_revision/formal_splits_v0.6/mura/split_08.csv,a6185707fc3bc27da285cfcf187bf3ce66d6bf730ae5d7800b86e05214effc29,research-lab/experiments/registered-workflow/extensions/jiim_2026_major_revision/candidate_indices/final_objective_v0.6/mura_dataset_index.csv,21397d3465aa89fe4b6b8b7e48471bfe781282b331817c4ad621d674fe46f1c5,research-lab/experiments/registered-workflow/extensions/jiim_2026_major_revision/runs/jiim_ext_mura_split_08_seed_52_densenet121_A
jiim_ext_mura_split_08_seed_62_densenet121_A,mura,densenet121,shared,split_08,62,research-lab/experiments/registered-workflow/extensions/jiim_2026_major_revision/formal_splits_v0.6/mura/split_08.csv,a6185707fc3bc27da285cfcf187bf3ce66d6bf730ae5d7800b86e05214effc29,research-lab/experiments/registered-workflow/extensions/jiim_2026_major_revision/candidate_indices/final_objective_v0.6/mura_dataset_index.csv,21397d3465aa89fe4b6b8b7e48471bfe781282b331817c4ad621d674fe46f1c5,research-lab/experiments/registered-workflow/extensions/jiim_2026_major_revision/runs/jiim_ext_mura_split_08_seed_62_densenet121_A
jiim_ext_mura_split_08_seed_42_efficientnet_b0_A,mura,efficientnet_b0,shared,split_08,42,research-lab/experiments/registered-workflow/extensions/jiim_2026_major_revision/formal_splits_v0.6/mura/split_08.csv,a6185707fc3bc27da285cfcf187bf3ce66d6bf730ae5d7800b86e05214effc29,research-lab/experiments/registered-workflow/extensions/jiim_2026_major_revision/candidate_indices/final_objective_v0.6/mura_dataset_index.csv,21397d3465aa89fe4b6b8b7e48471bfe781282b331817c4ad621d674fe46f1c5,research-lab/experiments/registered-workflow/extensions/jiim_2026_major_revision/runs/jiim_ext_mura_split_08_seed_42_efficientnet_b0_A
jiim_ext_mura_split_08_seed_52_efficientnet_b0_A,mura,efficientnet_b0,shared,split_08,52,research-lab/experiments/registered-workflow/extensions/jiim_2026_major_revision/formal_splits_v0.6/mura/split_08.csv,a6185707fc3bc27da285cfcf187bf3ce66d6bf730ae5d7800b86e05214effc29,research-lab/experiments/registered-workflow/extensions/jiim_2026_major_revision/candidate_indices/final_objective_v0.6/mura_dataset_index.csv,21397d3465aa89fe4b6b8b7e48471bfe781282b331817c4ad621d674fe46f1c5,research-lab/experiments/registered-workflow/extensions/jiim_2026_major_revision/runs/jiim_ext_mura_split_08_seed_52_efficientnet_b0_A
jiim_ext_mura_split_08_seed_62_efficientnet_b0_A,mura,efficientnet_b0,shared,split_08,62,research-lab/experiments/registered-workflow/extensions/jiim_2026_major_revision/formal_splits_v0.6/mura/split_08.csv,a6185707fc3bc27da285cfcf187bf3ce66d6bf730ae5d7800b86e05214effc29,research-lab/experiments/registered-workflow/extensions/jiim_2026_major_revision/candidate_indices/final_objective_v0.6/mura_dataset_index.csv,21397d3465aa89fe4b6b8b7e48471bfe781282b331817c4ad621d674fe46f1c5,research-lab/experiments/registered-workflow/extensions/jiim_2026_major_revision/runs/jiim_ext_mura_split_08_seed_62_efficientnet_b0_A
jiim_ext_mura_split_09_seed_42_resnet18_A,mura,resnet18,shared,split_09,42,research-lab/experiments/registered-workflow/extensions/jiim_2026_major_revision/formal_splits_v0.6/mura/split_09.csv,4b9e641218fae7e66e46fe64f0a56410a39f230fd0bd2620e8c44ff7aff49d30,research-lab/experiments/registered-workflow/extensions/jiim_2026_major_revision/candidate_indices/final_objective_v0.6/mura_dataset_index.csv,21397d3465aa89fe4b6b8b7e48471bfe781282b331817c4ad621d674fe46f1c5,research-lab/experiments/registered-workflow/extensions/jiim_2026_major_revision/runs/jiim_ext_mura_split_09_seed_42_resnet18_A
jiim_ext_mura_split_09_seed_52_resnet18_A,mura,resnet18,shared,split_09,52,research-lab/experiments/registered-workflow/extensions/jiim_2026_major_revision/formal_splits_v0.6/mura/split_09.csv,4b9e641218fae7e66e46fe64f0a56410a39f230fd0bd2620e8c44ff7aff49d30,research-lab/experiments/registered-workflow/extensions/jiim_2026_major_revision/candidate_indices/final_objective_v0.6/mura_dataset_index.csv,21397d3465aa89fe4b6b8b7e48471bfe781282b331817c4ad621d674fe46f1c5,research-lab/experiments/registered-workflow/extensions/jiim_2026_major_revision/runs/jiim_ext_mura_split_09_seed_52_resnet18_A
jiim_ext_mura_split_09_seed_62_resnet18_A,mura,resnet18,shared,split_09,62,research-lab/experiments/registered-workflow/extensions/jiim_2026_major_revision/formal_splits_v0.6/mura/split_09.csv,4b9e641218fae7e66e46fe64f0a56410a39f230fd0bd2620e8c44ff7aff49d30,research-lab/experiments/registered-workflow/extensions/jiim_2026_major_revision/candidate_indices/final_objective_v0.6/mura_dataset_index.csv,21397d3465aa89fe4b6b8b7e48471bfe781282b331817c4ad621d674fe46f1c5,research-lab/experiments/registered-workflow/extensions/jiim_2026_major_revision/runs/jiim_ext_mura_split_09_seed_62_resnet18_A
jiim_ext_mura_split_09_seed_42_resnet50_A,mura,resnet50,shared,split_09,42,research-lab/experiments/registered-workflow/extensions/jiim_2026_major_revision/formal_splits_v0.6/mura/split_09.csv,4b9e641218fae7e66e46fe64f0a56410a39f230fd0bd2620e8c44ff7aff49d30,research-lab/experiments/registered-workflow/extensions/jiim_2026_major_revision/candidate_indices/final_objective_v0.6/mura_dataset_index.csv,21397d3465aa89fe4b6b8b7e48471bfe781282b331817c4ad621d674fe46f1c5,research-lab/experiments/registered-workflow/extensions/jiim_2026_major_revision/runs/jiim_ext_mura_split_09_seed_42_resnet50_A
jiim_ext_mura_split_09_seed_52_resnet50_A,mura,resnet50,shared,split_09,52,research-lab/experiments/registered-workflow/extensions/jiim_2026_major_revision/formal_splits_v0.6/mura/split_09.csv,4b9e641218fae7e66e46fe64f0a56410a39f230fd0bd2620e8c44ff7aff49d30,research-lab/experiments/registered-workflow/extensions/jiim_2026_major_revision/candidate_indices/final_objective_v0.6/mura_dataset_index.csv,21397d3465aa89fe4b6b8b7e48471bfe781282b331817c4ad621d674fe46f1c5,research-lab/experiments/registered-workflow/extensions/jiim_2026_major_revision/runs/jiim_ext_mura_split_09_seed_52_resnet50_A
jiim_ext_mura_split_09_seed_62_resnet50_A,mura,resnet50,shared,split_09,62,research-lab/experiments/registered-workflow/extensions/jiim_2026_major_revision/formal_splits_v0.6/mura/split_09.csv,4b9e641218fae7e66e46fe64f0a56410a39f230fd0bd2620e8c44ff7aff49d30,research-lab/experiments/registered-workflow/extensions/jiim_2026_major_revision/candidate_indices/final_objective_v0.6/mura_dataset_index.csv,21397d3465aa89fe4b6b8b7e48471bfe781282b331817c4ad621d674fe46f1c5,research-lab/experiments/registered-workflow/extensions/jiim_2026_major_revision/runs/jiim_ext_mura_split_09_seed_62_resnet50_A
jiim_ext_mura_split_09_seed_42_densenet121_A,mura,densenet121,shared,split_09,42,research-lab/experiments/registered-workflow/extensions/jiim_2026_major_revision/formal_splits_v0.6/mura/split_09.csv,4b9e641218fae7e66e46fe64f0a56410a39f230fd0bd2620e8c44ff7aff49d30,research-lab/experiments/registered-workflow/extensions/jiim_2026_major_revision/candidate_indices/final_objective_v0.6/mura_dataset_index.csv,21397d3465aa89fe4b6b8b7e48471bfe781282b331817c4ad621d674fe46f1c5,research-lab/experiments/registered-workflow/extensions/jiim_2026_major_revision/runs/jiim_ext_mura_split_09_seed_42_densenet121_A
jiim_ext_mura_split_09_seed_52_densenet121_A,mura,densenet121,shared,split_09,52,research-lab/experiments/registered-workflow/extensions/jiim_2026_major_revision/formal_splits_v0.6/mura/split_09.csv,4b9e641218fae7e66e46fe64f0a56410a39f230fd0bd2620e8c44ff7aff49d30,research-lab/experiments/registered-workflow/extensions/jiim_2026_major_revision/candidate_indices/final_objective_v0.6/mura_dataset_index.csv,21397d3465aa89fe4b6b8b7e48471bfe781282b331817c4ad621d674fe46f1c5,research-lab/experiments/registered-workflow/extensions/jiim_2026_major_revision/runs/jiim_ext_mura_split_09_seed_52_densenet121_A
jiim_ext_mura_split_09_seed_62_densenet121_A,mura,densenet121,shared,split_09,62,research-lab/experiments/registered-workflow/extensions/jiim_2026_major_revision/formal_splits_v0.6/mura/split_09.csv,4b9e641218fae7e66e46fe64f0a56410a39f230fd0bd2620e8c44ff7aff49d30,research-lab/experiments/registered-workflow/extensions/jiim_2026_major_revision/candidate_indices/final_objective_v0.6/mura_dataset_index.csv,21397d3465aa89fe4b6b8b7e48471bfe781282b331817c4ad621d674fe46f1c5,research-lab/experiments/registered-workflow/extensions/jiim_2026_major_revision/runs/jiim_ext_mura_split_09_seed_62_densenet121_A
jiim_ext_mura_split_09_seed_42_efficientnet_b0_A,mura,efficientnet_b0,shared,split_09,42,research-lab/experiments/registered-workflow/extensions/jiim_2026_major_revision/formal_splits_v0.6/mura/split_09.csv,4b9e641218fae7e66e46fe64f0a56410a39f230fd0bd2620e8c44ff7aff49d30,research-lab/experiments/registered-workflow/extensions/jiim_2026_major_revision/candidate_indices/final_objective_v0.6/mura_dataset_index.csv,21397d3465aa89fe4b6b8b7e48471bfe781282b331817c4ad621d674fe46f1c5,research-lab/experiments/registered-workflow/extensions/jiim_2026_major_revision/runs/jiim_ext_mura_split_09_seed_42_efficientnet_b0_A
jiim_ext_mura_split_09_seed_52_efficientnet_b0_A,mura,efficientnet_b0,shared,split_09,52,research-lab/experiments/registered-workflow/extensions/jiim_2026_major_revision/formal_splits_v0.6/mura/split_09.csv,4b9e641218fae7e66e46fe64f0a56410a39f230fd0bd2620e8c44ff7aff49d30,research-lab/experiments/registered-workflow/extensions/jiim_2026_major_revision/candidate_indices/final_objective_v0.6/mura_dataset_index.csv,21397d3465aa89fe4b6b8b7e48471bfe781282b331817c4ad621d674fe46f1c5,research-lab/experiments/registered-workflow/extensions/jiim_2026_major_revision/runs/jiim_ext_mura_split_09_seed_52_efficientnet_b0_A
jiim_ext_mura_split_09_seed_62_efficientnet_b0_A,mura,efficientnet_b0,shared,split_09,62,research-lab/experiments/registered-workflow/extensions/jiim_2026_major_revision/formal_splits_v0.6/mura/split_09.csv,4b9e641218fae7e66e46fe64f0a56410a39f230fd0bd2620e8c44ff7aff49d30,research-lab/experiments/registered-workflow/extensions/jiim_2026_major_revision/candidate_indices/final_objective_v0.6/mura_dataset_index.csv,21397d3465aa89fe4b6b8b7e48471bfe781282b331817c4ad621d674fe46f1c5,research-lab/experiments/registered-workflow/extensions/jiim_2026_major_revision/runs/jiim_ext_mura_split_09_seed_62_efficientnet_b0_A
jiim_ext_mura_split_10_seed_42_resnet18_A,mura,resnet18,shared,split_10,42,research-lab/experiments/registered-workflow/extensions/jiim_2026_major_revision/formal_splits_v0.6/mura/split_10.csv,7524ee2626ac4a24bd3b5ce8a188076a13f9b970c8a8f0fe7f0578c11530dff8,research-lab/experiments/registered-workflow/extensions/jiim_2026_major_revision/candidate_indices/final_objective_v0.6/mura_dataset_index.csv,21397d3465aa89fe4b6b8b7e48471bfe781282b331817c4ad621d674fe46f1c5,research-lab/experiments/registered-workflow/extensions/jiim_2026_major_revision/runs/jiim_ext_mura_split_10_seed_42_resnet18_A
jiim_ext_mura_split_10_seed_52_resnet18_A,mura,resnet18,shared,split_10,52,research-lab/experiments/registered-workflow/extensions/jiim_2026_major_revision/formal_splits_v0.6/mura/split_10.csv,7524ee2626ac4a24bd3b5ce8a188076a13f9b970c8a8f0fe7f0578c11530dff8,research-lab/experiments/registered-workflow/extensions/jiim_2026_major_revision/candidate_indices/final_objective_v0.6/mura_dataset_index.csv,21397d3465aa89fe4b6b8b7e48471bfe781282b331817c4ad621d674fe46f1c5,research-lab/experiments/registered-workflow/extensions/jiim_2026_major_revision/runs/jiim_ext_mura_split_10_seed_52_resnet18_A
jiim_ext_mura_split_10_seed_62_resnet18_A,mura,resnet18,shared,split_10,62,research-lab/experiments/registered-workflow/extensions/jiim_2026_major_revision/formal_splits_v0.6/mura/split_10.csv,7524ee2626ac4a24bd3b5ce8a188076a13f9b970c8a8f0fe7f0578c11530dff8,research-lab/experiments/registered-workflow/extensions/jiim_2026_major_revision/candidate_indices/final_objective_v0.6/mura_dataset_index.csv,21397d3465aa89fe4b6b8b7e48471bfe781282b331817c4ad621d674fe46f1c5,research-lab/experiments/registered-workflow/extensions/jiim_2026_major_revision/runs/jiim_ext_mura_split_10_seed_62_resnet18_A
jiim_ext_mura_split_10_seed_42_resnet50_A,mura,resnet50,shared,split_10,42,research-lab/experiments/registered-workflow/extensions/jiim_2026_major_revision/formal_splits_v0.6/mura/split_10.csv,7524ee2626ac4a24bd3b5ce8a188076a13f9b970c8a8f0fe7f0578c11530dff8,research-lab/experiments/registered-workflow/extensions/jiim_2026_major_revision/candidate_indices/final_objective_v0.6/mura_dataset_index.csv,21397d3465aa89fe4b6b8b7e48471bfe781282b331817c4ad621d674fe46f1c5,research-lab/experiments/registered-workflow/extensions/jiim_2026_major_revision/runs/jiim_ext_mura_split_10_seed_42_resnet50_A
jiim_ext_mura_split_10_seed_52_resnet50_A,mura,resnet50,shared,split_10,52,research-lab/experiments/registered-workflow/extensions/jiim_2026_major_revision/formal_splits_v0.6/mura/split_10.csv,7524ee2626ac4a24bd3b5ce8a188076a13f9b970c8a8f0fe7f0578c11530dff8,research-lab/experiments/registered-workflow/extensions/jiim_2026_major_revision/candidate_indices/final_objective_v0.6/mura_dataset_index.csv,21397d3465aa89fe4b6b8b7e48471bfe781282b331817c4ad621d674fe46f1c5,research-lab/experiments/registered-workflow/extensions/jiim_2026_major_revision/runs/jiim_ext_mura_split_10_seed_52_resnet50_A
jiim_ext_mura_split_10_seed_62_resnet50_A,mura,resnet50,shared,split_10,62,research-lab/experiments/registered-workflow/extensions/jiim_2026_major_revision/formal_splits_v0.6/mura/split_10.csv,7524ee2626ac4a24bd3b5ce8a188076a13f9b970c8a8f0fe7f0578c11530dff8,research-lab/experiments/registered-workflow/extensions/jiim_2026_major_revision/candidate_indices/final_objective_v0.6/mura_dataset_index.csv,21397d3465aa89fe4b6b8b7e48471bfe781282b331817c4ad621d674fe46f1c5,research-lab/experiments/registered-workflow/extensions/jiim_2026_major_revision/runs/jiim_ext_mura_split_10_seed_62_resnet50_A
jiim_ext_mura_split_10_seed_42_densenet121_A,mura,densenet121,shared,split_10,42,research-lab/experiments/registered-workflow/extensions/jiim_2026_major_revision/formal_splits_v0.6/mura/split_10.csv,7524ee2626ac4a24bd3b5ce8a188076a13f9b970c8a8f0fe7f0578c11530dff8,research-lab/experiments/registered-workflow/extensions/jiim_2026_major_revision/candidate_indices/final_objective_v0.6/mura_dataset_index.csv,21397d3465aa89fe4b6b8b7e48471bfe781282b331817c4ad621d674fe46f1c5,research-lab/experiments/registered-workflow/extensions/jiim_2026_major_revision/runs/jiim_ext_mura_split_10_seed_42_densenet121_A
jiim_ext_mura_split_10_seed_52_densenet121_A,mura,densenet121,shared,split_10,52,research-lab/experiments/registered-workflow/extensions/jiim_2026_major_revision/formal_splits_v0.6/mura/split_10.csv,7524ee2626ac4a24bd3b5ce8a188076a13f9b970c8a8f0fe7f0578c11530dff8,research-lab/experiments/registered-workflow/extensions/jiim_2026_major_revision/candidate_indices/final_objective_v0.6/mura_dataset_index.csv,21397d3465aa89fe4b6b8b7e48471bfe781282b331817c4ad621d674fe46f1c5,research-lab/experiments/registered-workflow/extensions/jiim_2026_major_revision/runs/jiim_ext_mura_split_10_seed_52_densenet121_A
jiim_ext_mura_split_10_seed_62_densenet121_A,mura,densenet121,shared,split_10,62,research-lab/experiments/registered-workflow/extensions/jiim_2026_major_revision/formal_splits_v0.6/mura/split_10.csv,7524ee2626ac4a24bd3b5ce8a188076a13f9b970c8a8f0fe7f0578c11530dff8,research-lab/experiments/registered-workflow/extensions/jiim_2026_major_revision/candidate_indices/final_objective_v0.6/mura_dataset_index.csv,21397d3465aa89fe4b6b8b7e48471bfe781282b331817c4ad621d674fe46f1c5,research-lab/experiments/registered-workflow/extensions/jiim_2026_major_revision/runs/jiim_ext_mura_split_10_seed_62_densenet121_A
jiim_ext_mura_split_10_seed_42_efficientnet_b0_A,mura,efficientnet_b0,shared,split_10,42,research-lab/experiments/registered-workflow/extensions/jiim_2026_major_revision/formal_splits_v0.6/mura/split_10.csv,7524ee2626ac4a24bd3b5ce8a188076a13f9b970c8a8f0fe7f0578c11530dff8,research-lab/experiments/registered-workflow/extensions/jiim_2026_major_revision/candidate_indices/final_objective_v0.6/mura_dataset_index.csv,21397d3465aa89fe4b6b8b7e48471bfe781282b331817c4ad621d674fe46f1c5,research-lab/experiments/registered-workflow/extensions/jiim_2026_major_revision/runs/jiim_ext_mura_split_10_seed_42_efficientnet_b0_A
jiim_ext_mura_split_10_seed_52_efficientnet_b0_A,mura,efficientnet_b0,shared,split_10,52,research-lab/experiments/registered-workflow/extensions/jiim_2026_major_revision/formal_splits_v0.6/mura/split_10.csv,7524ee2626ac4a24bd3b5ce8a188076a13f9b970c8a8f0fe7f0578c11530dff8,research-lab/experiments/registered-workflow/extensions/jiim_2026_major_revision/candidate_indices/final_objective_v0.6/mura_dataset_index.csv,21397d3465aa89fe4b6b8b7e48471bfe781282b331817c4ad621d674fe46f1c5,research-lab/experiments/registered-workflow/extensions/jiim_2026_major_revision/runs/jiim_ext_mura_split_10_seed_52_efficientnet_b0_A
jiim_ext_mura_split_10_seed_62_efficientnet_b0_A,mura,efficientnet_b0,shared,split_10,62,research-lab/experiments/registered-workflow/extensions/jiim_2026_major_revision/formal_splits_v0.6/mura/split_10.csv,7524ee2626ac4a24bd3b5ce8a188076a13f9b970c8a8f0fe7f0578c11530dff8,research-lab/experiments/registered-workflow/extensions/jiim_2026_major_revision/candidate_indices/final_objective_v0.6/mura_dataset_index.csv,21397d3465aa89fe4b6b8b7e48471bfe781282b331817c4ad621d674fe46f1c5,research-lab/experiments/registered-workflow/extensions/jiim_2026_major_revision/runs/jiim_ext_mura_split_10_seed_62_efficientnet_b0_A
