relative_path,sha256
research-lab/data/sipakmed/raw/im_Dyskeratotic/CROPPED/001_01.bmp,5843e96a9d12d0f3ffe23a910ec888ac3c058a2a25d7ef809dd8fbe883a80906
research-lab/data/sipakmed/raw/im_Dyskeratotic/CROPPED/001_02.bmp,9ce55ee723cbba50d9f1160a057ae93f849c2f660d9b52c1ec09bced394e9155
research-lab/data/sipakmed/raw/im_Dyskeratotic/CROPPED/001_03.bmp,5e7764471748255c7231d1e33ab0b45c83ddd6a42fdaf7ada6fe6c3f870199fb
research-lab/data/sipakmed/raw/im_Dyskeratotic/CROPPED/001_04.bmp,801c163f1ba043e15f2c0a16ab1ac498cefb915c77fd18098a7d5598dc28df76
research-lab/data/sipakmed/raw/im_Dyskeratotic/CROPPED/001_05.bmp,54c47da850faf286da1ab09aa370aec47fa54cfe1b048b126600809fc95c712b
research-lab/data/sipakmed/raw/im_Dyskeratotic/CROPPED/002_01.bmp,82c0ab819f8a58ca46ed07455dc9d036483e80310d9ff9a249889c741c422870
research-lab/data/sipakmed/raw/im_Dyskeratotic/CROPPED/002_02.bmp,661114fcb983ae737c7bdc2039c83f6c485100c874c174a10823f7d16d04c773
research-lab/data/sipakmed/raw/im_Dyskeratotic/CROPPED/002_03.bmp,b80091f89c1c9da7d9d8021f14e29c419d7294c60d6c9f34fda113f1f608520f
research-lab/data/sipakmed/raw/im_Dyskeratotic/CROPPED/002_04.bmp,86a8f81c69551dbf9c08712a54671f93b734f46ff7f6ad4b3777624695430667
research-lab/data/sipakmed/raw/im_Dyskeratotic/CROPPED/002_05.bmp,35ee574bc14a44a887fcda811c61b9166b051651930a4e24c76efb462387ce31
research-lab/data/sipakmed/raw/im_Dyskeratotic/CROPPED/002_06.bmp,aef85176c9cf8b6fc501f171f6443b2aeaefd23ae310c185ebca1b7cf5530f24
research-lab/data/sipakmed/raw/im_Dyskeratotic/CROPPED/002_07.bmp,2a8928c9d16c2cce0cf3f21719c9aa199d5c6211527e4e2c9c69586a0b60ad22
research-lab/data/sipakmed/raw/im_Dyskeratotic/CROPPED/002_08.bmp,767202dcdefd4d668bb5ac62d19ec3817f47bfc3f809cd7b8bbdce6afd7f831f
research-lab/data/sipakmed/raw/im_Dyskeratotic/CROPPED/002_09.bmp,51be3da7a057d1ebce4bf6777888aedd6e45cc7de3cf063e5020b404215f5c49
research-lab/data/sipakmed/raw/im_Dyskeratotic/CROPPED/002_10.bmp,a81cc81d36b8bd7995a0c336c85a2155fb98e54e9d618bf876a840fe9682aaba
research-lab/data/sipakmed/raw/im_Dyskeratotic/CROPPED/003_01.bmp,a0d0b267932c0f4009dcf34a48840d60ccbaf013b402ab60ad244b876d037fed
research-lab/data/sipakmed/raw/im_Dyskeratotic/CROPPED/003_02.bmp,fedb85aaa33c7d23b5390b73cfd5d5c274165803ce46f80288f418fae6def715
research-lab/data/sipakmed/raw/im_Dyskeratotic/CROPPED/003_03.bmp,e9f7bf11c7db3f5520e1d44e54fa8e5d9ceafe80a47f23907b7cfa8523b2be7c
research-lab/data/sipakmed/raw/im_Dyskeratotic/CROPPED/003_04.bmp,17f8a0d049b120a7f4c023b29ec81ec7d9a8ab84d443444111d083f99909959e
research-lab/data/sipakmed/raw/im_Dyskeratotic/CROPPED/003_05.bmp,59a91e70709488ec684a59e48a7bb9162469f0e8d07709ab1ba3e5d45bb91a9d
research-lab/data/sipakmed/raw/im_Dyskeratotic/CROPPED/003_06.bmp,b16d4fba124e3d5ede28a5cf6fcfa855e793f43d6513e50bb16eee76d7e6efbd
research-lab/data/sipakmed/raw/im_Dyskeratotic/CROPPED/003_07.bmp,afdac8dac8c22c1840f6ffd309cbbdd60739544aec9c707d07b2c788f067ea20
research-lab/data/sipakmed/raw/im_Dyskeratotic/CROPPED/003_08.bmp,8396e421b1722ff156e6ed376b6131b14f2bf6fc906a6416eca2458ec08e555c
research-lab/data/sipakmed/raw/im_Dyskeratotic/CROPPED/003_09.bmp,71ba4bed40764cea234154b366ebe89b5514f18edd3c2fee9d4e2ae27f691d65
research-lab/data/sipakmed/raw/im_Dyskeratotic/CROPPED/003_10.bmp,0113b12cc97c6082b5d3de10b04687d650006bc3fc397613343e354e9af09130
research-lab/data/sipakmed/raw/im_Dyskeratotic/CROPPED/003_11.bmp,e860030f98418012f495d081738e55079ee66786b001aa4c711cdff04c17b2ec
research-lab/data/sipakmed/raw/im_Dyskeratotic/CROPPED/003_12.bmp,fee22144ae37515fd145c698f9cf2719c9c3a942ac9157016f20eeea8fcb9598
research-lab/data/sipakmed/raw/im_Dyskeratotic/CROPPED/004_01.bmp,d0921e4049d4159121cb411acc55af1eb7a7bc823c9dd6922e8273b179e6d094
research-lab/data/sipakmed/raw/im_Dyskeratotic/CROPPED/004_02.bmp,aaa92c5d6c963022d3ec9dcae7a6646b79cb8947e68c2d728ae0124e8356b6db
research-lab/data/sipakmed/raw/im_Dyskeratotic/CROPPED/004_03.bmp,32ba3082f696d55a1581b34f56974456507642304d72efa0b4ad963cfab4c104
research-lab/data/sipakmed/raw/im_Dyskeratotic/CROPPED/005_01.bmp,8b20e31eb1dec7710fa01cd51734ee0f179d5d05ef09c2bb9ac0d9469e73140f
research-lab/data/sipakmed/raw/im_Dyskeratotic/CROPPED/005_02.bmp,c9a23a334e887e333aa5a49573368ec5b0d2a600e0d7fc63973a4bc4799843a8
research-lab/data/sipakmed/raw/im_Dyskeratotic/CROPPED/005_03.bmp,86c9b9ebcfd24c8272681cebe9d9b63d86b6c1238dc7e0555181ca78e82e8e67
research-lab/data/sipakmed/raw/im_Dyskeratotic/CROPPED/005_04.bmp,d5fcf04315e139320943b91dbae5ee2f00db2ebbafe220c72d678f03b899256f
research-lab/data/sipakmed/raw/im_Dyskeratotic/CROPPED/005_05.bmp,5cead3e7215ab7dd92579f6184a8bfaafde520e7c0f5531370009de65a1e0cf9
research-lab/data/sipakmed/raw/im_Dyskeratotic/CROPPED/005_06.bmp,524e44cf260b54f300f4d7af64fdacdc085e8fc28ee45e777f1c283a0a530427
research-lab/data/sipakmed/raw/im_Dyskeratotic/CROPPED/005_07.bmp,985a34855422b6daea066553554386adc5da1c043047fe3133b06e25c08ae000
research-lab/data/sipakmed/raw/im_Dyskeratotic/CROPPED/006_01.bmp,7bee2fe49c709f5ed91f7110532e89fd6016df3c8ed415ac0da5ab37ccb7e923
research-lab/data/sipakmed/raw/im_Dyskeratotic/CROPPED/006_02.bmp,23c107899a18f8672719c91b8d3681ce254a445f6925f3228e0431bd51e3e6e9
research-lab/data/sipakmed/raw/im_Dyskeratotic/CROPPED/006_03.bmp,1cf72e9027b127efc3d4f4920cd74a7ef4600f1272e4aa8c576543c5fcf3dc48
research-lab/data/sipakmed/raw/im_Dyskeratotic/CROPPED/006_04.bmp,522ac5667358ab003fc240e92b610f8e399a9d238a494bc068b79dec9ccb208b
research-lab/data/sipakmed/raw/im_Dyskeratotic/CROPPED/006_05.bmp,ee2a83ef9a1ced7b6284af146e7c0867e2959bb047eefaaa9ccc181804dba558
research-lab/data/sipakmed/raw/im_Dyskeratotic/CROPPED/006_06.bmp,19872d9a03ecba10a66406264b3bb9047aefdbc04b9d0482977cc27c21a5f808
research-lab/data/sipakmed/raw/im_Dyskeratotic/CROPPED/007_01.bmp,3b44dd87b373a2cfdcc079bf2c80cd6119e81e1946f54b323d9a9c37e33a5379
research-lab/data/sipakmed/raw/im_Dyskeratotic/CROPPED/007_02.bmp,23415bfcad6c54076f3238fced92a3fc4d8ac08f76ad406aad2115183cc97a29
research-lab/data/sipakmed/raw/im_Dyskeratotic/CROPPED/007_03.bmp,4c6f38b648fed5ad89d0906ef4752ca30725528801b0407e581f350083fbe5b0
research-lab/data/sipakmed/raw/im_Dyskeratotic/CROPPED/007_04.bmp,5f5b1b5e647f524be1ff91309edda4d282a4e03500cd39b58837f50978af6a1b
research-lab/data/sipakmed/raw/im_Dyskeratotic/CROPPED/008_01.bmp,1c4733486b12aeecd84b83857b6e71e2812fa16f6bcf530a1245365c27a30695
research-lab/data/sipakmed/raw/im_Dyskeratotic/CROPPED/008_02.bmp,2b2d96d05b6098e5c94465b8ddce557b337d8fef7eca178a1f194322b487ca24
research-lab/data/sipakmed/raw/im_Dyskeratotic/CROPPED/008_03.bmp,f406d097819567126935fd738b6bafb50a849166da687bc76b66997982a3ba4d
research-lab/data/sipakmed/raw/im_Dyskeratotic/CROPPED/008_04.bmp,2597ac423bf58d34f093bd9fd1b88a97c33117de5a708ab92bd7244ca8b6db5e
research-lab/data/sipakmed/raw/im_Dyskeratotic/CROPPED/008_05.bmp,696d80e08448688e8d1a2c50cc2bdecba0cb9d05e3c331bbb4818a6d39a624a1
research-lab/data/sipakmed/raw/im_Dyskeratotic/CROPPED/008_06.bmp,bd99c09d14f7854ee1fddf34241704958dd969ed87accaec8bee58549aff6b05
research-lab/data/sipakmed/raw/im_Dyskeratotic/CROPPED/008_07.bmp,ac7b597ad29e728023e869d58cdf58c3e12b3559e9d78ae89cd8f71960852dc7
research-lab/data/sipakmed/raw/im_Dyskeratotic/CROPPED/009_01.bmp,df903c2ecca0522c8aa604654784e17d968f0bdbbded1903318de545fada2ee5
research-lab/data/sipakmed/raw/im_Dyskeratotic/CROPPED/009_02.bmp,0c00ee9cf8ec071461fda5ad940cb5ddca08b06be1fbdc45dde9bc6214380ec4
research-lab/data/sipakmed/raw/im_Dyskeratotic/CROPPED/009_03.bmp,e4746c715e05f272ac49308e346edca8971a66602f5882967e49ce6eccb1ee2d
research-lab/data/sipakmed/raw/im_Dyskeratotic/CROPPED/009_04.bmp,a38069fe86d441d14afa7bf54db8df4d000bf67360824a80a52218d8f332d92b
research-lab/data/sipakmed/raw/im_Dyskeratotic/CROPPED/009_05.bmp,d11e7236caef17dabb23e7dd3c7b0268f7aed16eec3fff5f5ab50424dc0471d0
research-lab/data/sipakmed/raw/im_Dyskeratotic/CROPPED/009_06.bmp,3f7d52c8a80f45d8534e36c4528e4bc897d67eaf1d807fee031f9beebca2a03d
research-lab/data/sipakmed/raw/im_Dyskeratotic/CROPPED/009_07.bmp,b6ec51535f4338f70e6e470fe4e8a532e14ad1d844329d47dcd643a71bdad38f
research-lab/data/sipakmed/raw/im_Dyskeratotic/CROPPED/009_08.bmp,e7d2714788c89dc0891ca71e2ab1522d728d5f7f46b51cc12f1a3bffa94fa5e4
research-lab/data/sipakmed/raw/im_Dyskeratotic/CROPPED/009_09.bmp,8c6bf27b1e6433d59cfc83c059bd3b0139a0840aeed17bf208b4ee6fda159bb3
research-lab/data/sipakmed/raw/im_Dyskeratotic/CROPPED/010_01.bmp,780ef8a24c2f227c77c02022b7bbfce8ad1a6825fa2191db44259032bead4816
research-lab/data/sipakmed/raw/im_Dyskeratotic/CROPPED/010_02.bmp,acf158fd646a4e5fa1cbbd320e8a21a2ce5d9dffd08b118dcde230afef201c26
research-lab/data/sipakmed/raw/im_Dyskeratotic/CROPPED/010_03.bmp,b5657afb71ee80e52a88a9e9f81e386945b09ff644a6f63a17dbfd4ed64e5279
research-lab/data/sipakmed/raw/im_Dyskeratotic/CROPPED/010_04.bmp,4ece318cef98614ec40040650c788bd0c5e33bde43c35b6d8bb4f5235dd8fcc0
research-lab/data/sipakmed/raw/im_Dyskeratotic/CROPPED/010_05.bmp,1bee6a08fee72a16ba62bd88f4e571d059675ee978fcfeb63784e3bbbb767837
research-lab/data/sipakmed/raw/im_Dyskeratotic/CROPPED/010_06.bmp,09ad6961d7eeb8518fd300074fe6830bfdd6d94411e4976cc1b9a246bd1912b2
research-lab/data/sipakmed/raw/im_Dyskeratotic/CROPPED/010_07.bmp,426ae9bda845e5434c19f72b8f458393dbe76e670df0db2bf65b5827760fa118
research-lab/data/sipakmed/raw/im_Dyskeratotic/CROPPED/011_01.bmp,572bc4ecd51c7d3148bb5c99393c442e82644469bf3b15e79157e24c3bb8c727
research-lab/data/sipakmed/raw/im_Dyskeratotic/CROPPED/011_02.bmp,ee13c29df57a78217802b5fa074708a076f795f254c644a452dde02dddb02b57
research-lab/data/sipakmed/raw/im_Dyskeratotic/CROPPED/011_03.bmp,fe5a5b0438314882db42f184c05b68063fc6103bb27ea320f9c7f8b637ab9ff2
research-lab/data/sipakmed/raw/im_Dyskeratotic/CROPPED/011_04.bmp,486e040ff8021b8a7c96edb9220ee3d14fb868b8a669e23844b1f7e3453787e6
research-lab/data/sipakmed/raw/im_Dyskeratotic/CROPPED/011_05.bmp,1531e5f2f49dd6583bd7a005ebe0e3202aa061a1277d37a4807266a58382418c
research-lab/data/sipakmed/raw/im_Dyskeratotic/CROPPED/011_06.bmp,3776c0f6bd230a5b20efd56e9461d4a2579cdcd22ce4a6dd870918840cb868d2
research-lab/data/sipakmed/raw/im_Dyskeratotic/CROPPED/011_07.bmp,4f81b49593c12d4ef03c369a5b0355b4c4bfec4444f6fa887443de17a5fbd6ef
research-lab/data/sipakmed/raw/im_Dyskeratotic/CROPPED/011_08.bmp,d51438ddc4fae2fb87488916bed4b0cdb3a9f328c78d9e6a4f73ab0b05b21835
research-lab/data/sipakmed/raw/im_Dyskeratotic/CROPPED/011_09.bmp,0c15ff672cf966d532093e89f7af169303862635bf8ed2de60c3aa5a63ab908e
research-lab/data/sipakmed/raw/im_Dyskeratotic/CROPPED/011_10.bmp,22c25c7f37272ba087dc70ee94f2b33f17ad14cb67fc97eb458c81354bbed192
research-lab/data/sipakmed/raw/im_Dyskeratotic/CROPPED/011_11.bmp,1757e1db615f052fb2da940d59cf604dec0a2e3536035d320dc3119cffcb7a42
research-lab/data/sipakmed/raw/im_Dyskeratotic/CROPPED/012_01.bmp,75576a4f8a722b132dafa46feb02ca8be325414d332c4d7be862dab09cc6ef8c
research-lab/data/sipakmed/raw/im_Dyskeratotic/CROPPED/012_02.bmp,3c8e0743f35a9fd1a1f38a81f668aafe7d93a109a81253a1d3a94d7937c1e08c
research-lab/data/sipakmed/raw/im_Dyskeratotic/CROPPED/012_03.bmp,d05a2e1fcc522e26fc96a43d2f76fc799bb02f7319a676b27cfca7931374ac48
research-lab/data/sipakmed/raw/im_Dyskeratotic/CROPPED/012_04.bmp,0b26d1d3bbca047034f29435105486fa9b2351ce5ebbe74084bf0c2865e84f80
research-lab/data/sipakmed/raw/im_Dyskeratotic/CROPPED/012_05.bmp,328b846e18d9ea20ad76b296c01e60d92e2f14ee27685c4b8bf218f788dd1f7d
research-lab/data/sipakmed/raw/im_Dyskeratotic/CROPPED/013_01.bmp,2beb8768f6577509be61f882d2870fe3685592f917a73fc9adc7b966852cdd56
research-lab/data/sipakmed/raw/im_Dyskeratotic/CROPPED/013_02.bmp,4e34550af751d069ff19a35f50ff595ffe959c258307fe676c4244123a40ae66
research-lab/data/sipakmed/raw/im_Dyskeratotic/CROPPED/013_03.bmp,9fd38d440c7008df35d23efef56e07356fe6cdb2bf35ef6967a61f1400714cbd
research-lab/data/sipakmed/raw/im_Dyskeratotic/CROPPED/013_04.bmp,62f92a8f0028b4831c0f761928947c258213ab8625f795914fb0b2d0d0dc9397
research-lab/data/sipakmed/raw/im_Dyskeratotic/CROPPED/013_05.bmp,218758758f8966196e143940dbf0dd264052fc47fc70829a6a663662cecd6138
research-lab/data/sipakmed/raw/im_Dyskeratotic/CROPPED/013_06.bmp,e5f052430e353350f1eac7b2acb3cdf2a18e2826207800cba4cacb16bd47a04f
research-lab/data/sipakmed/raw/im_Dyskeratotic/CROPPED/014_01.bmp,ac5c20b58011301579229c9328fda7e208408a863ce8027f4a320456be5ab29f
research-lab/data/sipakmed/raw/im_Dyskeratotic/CROPPED/014_02.bmp,bedf251b6f34f260449099bb5be7f747ecb6336d85c9ec65ef699f4720caef7f
research-lab/data/sipakmed/raw/im_Dyskeratotic/CROPPED/014_03.bmp,f2342ff7b821fb4e29e5cc2da4f9e59ac88c8da08cec3f86d837980011b7e860
research-lab/data/sipakmed/raw/im_Dyskeratotic/CROPPED/014_04.bmp,6f11aa4cd37b84bfd33482556d727028a4a1a2b613b71bef67a1aca4a3b1597a
research-lab/data/sipakmed/raw/im_Dyskeratotic/CROPPED/015_01.bmp,dc3aca0c93805444d6aa1458c669dec44fd3967c3016cd9e614ef9f56659f94c
research-lab/data/sipakmed/raw/im_Dyskeratotic/CROPPED/015_02.bmp,4fa12c1944becefbcba6940924e20bfa0f5ae435fef5c504593edc4be0cb55c0
research-lab/data/sipakmed/raw/im_Dyskeratotic/CROPPED/015_03.bmp,82280871f2841837ce37fd17f5e8a368c119a74cc0490513cd2bd8dce1e0ae3a
research-lab/data/sipakmed/raw/im_Dyskeratotic/CROPPED/015_04.bmp,d85114bd8bfc7cc74f6f48e770f3de6f47f5a89f1db93e8c22aa4b3559df4cf0
research-lab/data/sipakmed/raw/im_Dyskeratotic/CROPPED/015_05.bmp,a58e79fd7dc2df7273f1ecdc5f7a022c85376653bf888a749dc260963a350e2c
research-lab/data/sipakmed/raw/im_Dyskeratotic/CROPPED/016_01.bmp,713ee72ce2bef602a6bdc43dad1be4aa484883d8a9cfeca6a7924ee74232a5c9
research-lab/data/sipakmed/raw/im_Dyskeratotic/CROPPED/016_02.bmp,bd8bee0491546e7e762a83a3d41879b839ffffb0eb8601b7e837b270a771dea6
research-lab/data/sipakmed/raw/im_Dyskeratotic/CROPPED/016_03.bmp,1f106d8d6aa5b0400947537fda6d24cb9f043132c26ba64ddaf98f8b51a8974c
research-lab/data/sipakmed/raw/im_Dyskeratotic/CROPPED/016_04.bmp,44252c3d107dcfce302fffdda0efec02ea24ae931311f1e0587332d813038e95
research-lab/data/sipakmed/raw/im_Dyskeratotic/CROPPED/017_01.bmp,d032998560e9b7f6b2c14136d6a6012b679cb68eedc8a890151d36d399d6c2e4
research-lab/data/sipakmed/raw/im_Dyskeratotic/CROPPED/018_01.bmp,e131ffaf6759c6691f85acde45038a95bfb863bd6c8c3c1e70d1db14e03ab713
research-lab/data/sipakmed/raw/im_Dyskeratotic/CROPPED/018_02.bmp,5c6d5976336b7a44c175cc28d3e59b7c6749b0cc28e5dca9aa254f90e422674c
research-lab/data/sipakmed/raw/im_Dyskeratotic/CROPPED/018_03.bmp,6861ca13b1e37d2a8c4844bbc7dbeb3b8c954fce3977d33de3577c186114ba7c
research-lab/data/sipakmed/raw/im_Dyskeratotic/CROPPED/019_01.bmp,dc728f198cf3ad85e60910834c2f1635989473c15175730edf8fe6fcedc0fbb6
research-lab/data/sipakmed/raw/im_Dyskeratotic/CROPPED/019_02.bmp,68d1ea54a6237ebd802266d280c321386cbded8e0b0390a8d0940e91b578ce39
research-lab/data/sipakmed/raw/im_Dyskeratotic/CROPPED/019_03.bmp,1d8eefcf2c8df9c9e09bb2639014d98bc01721d6c3f25140eb6f04d003ba7f17
research-lab/data/sipakmed/raw/im_Dyskeratotic/CROPPED/019_04.bmp,247ac697d32f100c0df0ce45d136dbf8406491d63905045aab35da8e1017db16
research-lab/data/sipakmed/raw/im_Dyskeratotic/CROPPED/019_05.bmp,a3871cdc22816c8d9868b04c9c7118da44848fb46b846cb3485ebeac819dd907
research-lab/data/sipakmed/raw/im_Dyskeratotic/CROPPED/019_06.bmp,becc32e3edeb7f0e47857c74efd815babf9df9c3189b86e46a3558f6758bf89b
research-lab/data/sipakmed/raw/im_Dyskeratotic/CROPPED/019_07.bmp,f3f8d4a11997afd6e2137dbfa0e83284d6822e99c10a14ca629863fab021a872
research-lab/data/sipakmed/raw/im_Dyskeratotic/CROPPED/020_01.bmp,39677dc3437978a4ee775cc478911a0dfaf10801cf14f0a77d4c3d9bee59eeca
research-lab/data/sipakmed/raw/im_Dyskeratotic/CROPPED/020_02.bmp,3e6e4f72ea5490c5ef3b7218be29ff66bc434a52abd1d7914f01d8e4ad738278
research-lab/data/sipakmed/raw/im_Dyskeratotic/CROPPED/020_03.bmp,0f438d2d842b5bae13990d3b7d4103ec6462619e6a3abc9036b416ec680ce759
research-lab/data/sipakmed/raw/im_Dyskeratotic/CROPPED/021_01.bmp,18e0629da4638d4a6183a8688c333ba68b27fa9c12158a7ccba9ea8936893fa3
research-lab/data/sipakmed/raw/im_Dyskeratotic/CROPPED/021_02.bmp,0115763df60fd92c9236b61cc9575565f021820863419cd82b7ad9f4487e49e1
research-lab/data/sipakmed/raw/im_Dyskeratotic/CROPPED/022_01.bmp,677908b5fc2abb584ad0e7c8edf7f675e13462f4c91714c5be211cc09988826a
research-lab/data/sipakmed/raw/im_Dyskeratotic/CROPPED/022_02.bmp,8a4f952f0ac5b8bcb9776384b5fe6d470b1cf870d33e0f9ab685982555b3b14e
research-lab/data/sipakmed/raw/im_Dyskeratotic/CROPPED/022_03.bmp,7b07624b66b22623aad48fc5963562a45adccaa4d0602134bfa484924312d36f
research-lab/data/sipakmed/raw/im_Dyskeratotic/CROPPED/022_04.bmp,e3c5aa4d24711be3fa426012689394411b261ad11ba9feb37a200cc916826689
research-lab/data/sipakmed/raw/im_Dyskeratotic/CROPPED/023_01.bmp,e76efb9ecdb640684f8fa391e89e902a6cb5dfe79e4e558cebe6b9dbe8f2b39b
research-lab/data/sipakmed/raw/im_Dyskeratotic/CROPPED/023_02.bmp,20cec5ddc0804e8dc7a0aa0a5d6901a8cfa34c58d2da439ede31ccbfe01846cf
research-lab/data/sipakmed/raw/im_Dyskeratotic/CROPPED/023_03.bmp,1898198754b5210ffaf5051f5fae9ba17cc12040a68bf360bda0c5f6c23bfd56
research-lab/data/sipakmed/raw/im_Dyskeratotic/CROPPED/023_04.bmp,3db3adc977d262758565a3de8d16fa53cc1cd6ef67b62918781373a33e85fee5
research-lab/data/sipakmed/raw/im_Dyskeratotic/CROPPED/023_05.bmp,83dffe166d16e31d6ff1a78822a4083f55b747328e107a5f666abd38c8fc154c
research-lab/data/sipakmed/raw/im_Dyskeratotic/CROPPED/024_01.bmp,38166b758d25b9e4adfa3f7c0f8a5fa602bd57ecc2004b257bccd9d398577be0
research-lab/data/sipakmed/raw/im_Dyskeratotic/CROPPED/024_02.bmp,afa6a45f65652353456d0550200b397e4c271f4d4c723ee48a81ab7b12619af9
research-lab/data/sipakmed/raw/im_Dyskeratotic/CROPPED/024_03.bmp,160d6fc036af19e512e65d5a4a178350c109b0a21bfb9d85e55d90a26ca7a10b
research-lab/data/sipakmed/raw/im_Dyskeratotic/CROPPED/024_04.bmp,61e2888cac74b072a524f5d9ed1c0e5978c270806a26f7d36be5876152495b73
research-lab/data/sipakmed/raw/im_Dyskeratotic/CROPPED/024_05.bmp,f7d3f25924676b6c0e7d249b3aae251d1fe567edde8e5abae3bac1b0718843ef
research-lab/data/sipakmed/raw/im_Dyskeratotic/CROPPED/024_06.bmp,e71a72115a129502ceb879dc6220fde621db5b88cad72fd822efb424e26c7f78
research-lab/data/sipakmed/raw/im_Dyskeratotic/CROPPED/024_07.bmp,4b403ef20ef3bb596b92c47349db0a38545dd049a672466f6ea50ac026c43804
research-lab/data/sipakmed/raw/im_Dyskeratotic/CROPPED/024_08.bmp,ef675e92fbf6c20aa85f7dab0520aa599af4a12bbd2e6713bc47fe2d8b097310
research-lab/data/sipakmed/raw/im_Dyskeratotic/CROPPED/025_01.bmp,08c8efefdbef9f22ede20a740f9db346714d4b2d2002bdfc7e927369819c7a15
research-lab/data/sipakmed/raw/im_Dyskeratotic/CROPPED/025_02.bmp,306968b1007f060d036072f2f0cd558e18ec5be6dfbb9fe9438498cb3ad9099b
research-lab/data/sipakmed/raw/im_Dyskeratotic/CROPPED/025_03.bmp,e5c549457d843c33279e0b1ffe3ca23671526b94d6c78ca19ba0a6de20814d01
research-lab/data/sipakmed/raw/im_Dyskeratotic/CROPPED/025_04.bmp,6a0bebc326f41f93fa9918f1b95120644371faf3c1e4d3987940140e4cba9053
research-lab/data/sipakmed/raw/im_Dyskeratotic/CROPPED/025_05.bmp,7af098a66e1a3c03cb3cdf778cfa0fb2e724859253d9a51964a6ffca605d0599
research-lab/data/sipakmed/raw/im_Dyskeratotic/CROPPED/026_01.bmp,261e7a9d3b0306d125ad313b615a2056b9ce37f3a92dd3424acf220080076282
research-lab/data/sipakmed/raw/im_Dyskeratotic/CROPPED/026_02.bmp,bb11bb7087fc8c1b32d9e86146272837282cff34ecc72ef188881c1328379164
research-lab/data/sipakmed/raw/im_Dyskeratotic/CROPPED/026_03.bmp,b09684a28170cd64e46de594de765f6b50b059dd11e1558c39d04353312a4653
research-lab/data/sipakmed/raw/im_Dyskeratotic/CROPPED/027_01.bmp,9a2b541658bf86e340fe36eb11e01858ad732b061424be182ef880a63a8c4344
research-lab/data/sipakmed/raw/im_Dyskeratotic/CROPPED/027_02.bmp,d0ab9b50f9a8d510ce11bb47a306205f3df9ef29f304c142567ef86f31e05c60
research-lab/data/sipakmed/raw/im_Dyskeratotic/CROPPED/027_03.bmp,59b7aac9b59fc0205226a6b83b2728f3cc7f4e07934fe5a0fc01017289b4eec6
research-lab/data/sipakmed/raw/im_Dyskeratotic/CROPPED/027_04.bmp,9dc1318349c76495475a35ee1d5c9a1b09c8c08db62263c77c79c77e78e1d711
research-lab/data/sipakmed/raw/im_Dyskeratotic/CROPPED/028_01.bmp,dc897eb823f4bcab0b6550bae6806ef53a732ae1a859649347154f16c6304f33
research-lab/data/sipakmed/raw/im_Dyskeratotic/CROPPED/028_02.bmp,7ace244933cadbb6f4c277c8365b32429506f440147d874b3c2f2a3f7e52ecc0
research-lab/data/sipakmed/raw/im_Dyskeratotic/CROPPED/028_03.bmp,4a4b1544fa92361eb09e146ab48291053ab6557bd53945f6748377abce683cbb
research-lab/data/sipakmed/raw/im_Dyskeratotic/CROPPED/029_01.bmp,3e176a8ef7e097d628a5b106ff7739f51e7daf8599222619a98e045785ed4d73
research-lab/data/sipakmed/raw/im_Dyskeratotic/CROPPED/029_02.bmp,2fb3dd691d2260f583852c63926c69aa41935a35e428d1aa7fafa577f86ee6af
research-lab/data/sipakmed/raw/im_Dyskeratotic/CROPPED/029_03.bmp,b7612b027d69426e6dfcbb84282bd2c8ac9f3507a60d94c72c1a70932424abc2
research-lab/data/sipakmed/raw/im_Dyskeratotic/CROPPED/029_04.bmp,783aea4ba1ce4f4a99813ee7caca249b6ce783e75077b695febc0d60fa2b94dd
research-lab/data/sipakmed/raw/im_Dyskeratotic/CROPPED/030_01.bmp,de8d2b2595e56c1be6894baaef733837324d090e4c9bc1d9777ca92c9b47a3bf
research-lab/data/sipakmed/raw/im_Dyskeratotic/CROPPED/030_02.bmp,ba2f97f791dd93a074ef109a79bf7fbedcd537f1231f27297dd9d55ffd71d08b
research-lab/data/sipakmed/raw/im_Dyskeratotic/CROPPED/030_03.bmp,14ebd384c50930a0705b764e3b9694696c056f5a8f06c27ab61380991397712f
research-lab/data/sipakmed/raw/im_Dyskeratotic/CROPPED/030_04.bmp,1c0ede96895a502320e84a03bdbce88da8d67b6e67dfbdf4eb94f2537faccb39
research-lab/data/sipakmed/raw/im_Dyskeratotic/CROPPED/031_01.bmp,d95bbf20c8bb4898bc434dbda8db119dc6c394aba4dabab96f6e970d68c70543
research-lab/data/sipakmed/raw/im_Dyskeratotic/CROPPED/031_02.bmp,ecbb5be17689983fe4c4d2c6fc840baaa59fccf0cc86b2e1d517118920cc81f6
research-lab/data/sipakmed/raw/im_Dyskeratotic/CROPPED/031_03.bmp,2764d18dd09acab2db89a58501fd4f5b9755aabc773eb1c84f32f30d1717d527
research-lab/data/sipakmed/raw/im_Dyskeratotic/CROPPED/031_04.bmp,760a897c5091a43579ad6af0b6a51dd954467a53f4485b597e6ae2b849da2e61
research-lab/data/sipakmed/raw/im_Dyskeratotic/CROPPED/031_05.bmp,549678af16c9a53a679984257e15cf4cd8c4cb0f985391af04a09833e47b3e14
research-lab/data/sipakmed/raw/im_Dyskeratotic/CROPPED/031_06.bmp,6d3557d2420ce74a3605d1616ffc3d1c4a6f782f6c2bae16a1a5977496a6800c
research-lab/data/sipakmed/raw/im_Dyskeratotic/CROPPED/031_07.bmp,4bea356b7e1ab06f5e92b4696c53b6fd6800255c333024bc0d6736f04e73c93b
research-lab/data/sipakmed/raw/im_Dyskeratotic/CROPPED/031_08.bmp,f3e96596dbd3406634f221eafad3a21499e275ec0e30f89e8f0a48380aadc219
research-lab/data/sipakmed/raw/im_Dyskeratotic/CROPPED/031_09.bmp,15cce2f53b6c55a2fc921fc7a30d30421457c575120f8e2cc6d17fde236d8207
research-lab/data/sipakmed/raw/im_Dyskeratotic/CROPPED/032_01.bmp,6a35a7374b338c4f0f1c9fe30689c8af42e95666ff3262a5e4a1734f5983c853
research-lab/data/sipakmed/raw/im_Dyskeratotic/CROPPED/032_02.bmp,ab8b7ab48e3fdf32ac14fee802993483efb77fd12653a6def0d26e1ce93309d5
research-lab/data/sipakmed/raw/im_Dyskeratotic/CROPPED/033_01.bmp,bfc53fc538ae31186c826020a56cbc12630be4530cf4615f62462cc3b1f970e4
research-lab/data/sipakmed/raw/im_Dyskeratotic/CROPPED/033_02.bmp,217c8900b517355264a8a4957f0d758bb07e111e3b045ae58e3e809727533c86
research-lab/data/sipakmed/raw/im_Dyskeratotic/CROPPED/034_01.bmp,61fd0f1a595cab40b2f11ef4cce6c4a62681dd54487a4062b5a9e3968fa25260
research-lab/data/sipakmed/raw/im_Dyskeratotic/CROPPED/034_02.bmp,c0ede6cd6feee826c6817e7739d466e9d09a76412bee6b0d21856973c2dffc88
research-lab/data/sipakmed/raw/im_Dyskeratotic/CROPPED/035_01.bmp,733cc524c2405672fb91553a33f8d709bb24a7f15e4072d5da66e65e2fb4b86c
research-lab/data/sipakmed/raw/im_Dyskeratotic/CROPPED/035_02.bmp,bfd3ad1af87ced06a76ffed262bf77d882c97eecb7af9fbca7a9bc0aaf12b2ce
research-lab/data/sipakmed/raw/im_Dyskeratotic/CROPPED/036_01.bmp,96711413e1bd3e35d3ef8f1386a0b71e22af4fb15a5020faae402bcaa5b6771f
research-lab/data/sipakmed/raw/im_Dyskeratotic/CROPPED/036_02.bmp,249210833dd24a7a7bfc4e77f67d6d77d37a5fd53a23cd7fd4c505458830bd81
research-lab/data/sipakmed/raw/im_Dyskeratotic/CROPPED/036_03.bmp,1de14524527e88c65869bece6e3bac8cb4cd9c8a2c95730d5c373189004dddaa
research-lab/data/sipakmed/raw/im_Dyskeratotic/CROPPED/036_04.bmp,b7ee45224e25eb90c20b9801c9c2f15ff3c5906e113037d79ae5aa0071a02ebd
research-lab/data/sipakmed/raw/im_Dyskeratotic/CROPPED/037_01.bmp,765ff0e7b678ebbc27bd287f35dcdca6d86cb6429bdfdf1dcd09d26794810f3e
research-lab/data/sipakmed/raw/im_Dyskeratotic/CROPPED/037_02.bmp,7db98c7f58860ff6cdd27e12dac0858a4e9c2b1cd3dbdebd9067b6ac29ea23be
research-lab/data/sipakmed/raw/im_Dyskeratotic/CROPPED/037_03.bmp,982c30f6a731a89afa48328bab5551c15d8140ba348f4dcfb697e06728fa1196
research-lab/data/sipakmed/raw/im_Dyskeratotic/CROPPED/037_04.bmp,38ab3982b69512e19c14d45b4e5d21d0ce2aa05b4b43b55864fec99a0f798adf
research-lab/data/sipakmed/raw/im_Dyskeratotic/CROPPED/037_05.bmp,c3cb64ab3d6c824e0d1e61686d743199edb597cc99778b8b889614f14bf3a683
research-lab/data/sipakmed/raw/im_Dyskeratotic/CROPPED/037_06.bmp,5796222887ba18525f581f8931b5a151b7a85a41ade1f44ab38f473db89bd50f
research-lab/data/sipakmed/raw/im_Dyskeratotic/CROPPED/037_07.bmp,e1afd6f1a4c9d0c4e72d56f47f13c8bad475539107cb86753d03bcee7bec5739
research-lab/data/sipakmed/raw/im_Dyskeratotic/CROPPED/037_08.bmp,c5ec698d8be0f4d3e2051f8a8e6f1dedd35211872cd1450492d3d970e48215cf
research-lab/data/sipakmed/raw/im_Dyskeratotic/CROPPED/038_01.bmp,bea85719b5db0b9aaa1f5676ef554de877863726c979b400f3f535be334ca81b
research-lab/data/sipakmed/raw/im_Dyskeratotic/CROPPED/038_02.bmp,e10fb0b6428e469321cad3d78fe25175c55e9b1f7dfd26148ed04a86d243593d
research-lab/data/sipakmed/raw/im_Dyskeratotic/CROPPED/038_03.bmp,3f77d8edc94ecdebeb388143c0f9b21ad234d989daf88761a7d362433becc2a1
research-lab/data/sipakmed/raw/im_Dyskeratotic/CROPPED/038_04.bmp,27378c10520131c796c2e4eaf2c52e7464b30138bfe9dc22c7968188a2ead781
research-lab/data/sipakmed/raw/im_Dyskeratotic/CROPPED/038_05.bmp,598705b61308c212d061c05d326f450ba253c0255c1f00a0792a3d489ac6a320
research-lab/data/sipakmed/raw/im_Dyskeratotic/CROPPED/038_06.bmp,a2d4cf88cbd9a7bab6966762110d3057b151657138ab0c315f4d35fd79a8950f
research-lab/data/sipakmed/raw/im_Dyskeratotic/CROPPED/039_01.bmp,6d0e467e63b6b9ef580bd63d374fc5b0073e074f4b106d1c2becf89d52621daf
research-lab/data/sipakmed/raw/im_Dyskeratotic/CROPPED/039_02.bmp,b6119b7f47f18942e5fd5f81addc1c31068cae6474b68f5f7aa4e1d3aef7ab47
research-lab/data/sipakmed/raw/im_Dyskeratotic/CROPPED/039_03.bmp,d78cdf51ff60ed7ad80d5e097064c603c31c661d0d47f1d772ffa69b9cda4781
research-lab/data/sipakmed/raw/im_Dyskeratotic/CROPPED/039_04.bmp,8ada2f140d174b53ee0db4b07ead944235c45355ab271cea5224f8f173a5c398
research-lab/data/sipakmed/raw/im_Dyskeratotic/CROPPED/040_01.bmp,59e5a3f2e309851fd185850e1ca7a3e1c8fe4fc841b93037f4d4c898087e2467
research-lab/data/sipakmed/raw/im_Dyskeratotic/CROPPED/040_02.bmp,94914ace5c5365140cb1bb445b0f98bce20b47e9ad95215c8da57b04ca364124
research-lab/data/sipakmed/raw/im_Dyskeratotic/CROPPED/040_03.bmp,fa0c31dd4267b3222ce993cac2b98b070a7cc73de7b6cab43b3d44979fac7f98
research-lab/data/sipakmed/raw/im_Dyskeratotic/CROPPED/041_01.bmp,c93cec450156cce119df80e3b8287bb39dfa31022b762ea5e1f96b5976340674
research-lab/data/sipakmed/raw/im_Dyskeratotic/CROPPED/041_02.bmp,2735872837606a42c428f6146f330419153526f711449210c6bb865fcfcb93f0
research-lab/data/sipakmed/raw/im_Dyskeratotic/CROPPED/041_03.bmp,e364631aa4f7ae98c56275bd9185b58583101c45241bf36cb9f79036c356eee8
research-lab/data/sipakmed/raw/im_Dyskeratotic/CROPPED/041_04.bmp,0ad1d4cde679af9e69c8a54cf56e9d44b9003d09ad8af0a960db43127e4a9c5c
research-lab/data/sipakmed/raw/im_Dyskeratotic/CROPPED/041_05.bmp,3b317df736fc1e9bffe028b944d994ec0e494838995e65cee578ca249aa15fbb
research-lab/data/sipakmed/raw/im_Dyskeratotic/CROPPED/041_06.bmp,18f918d32e16dc277db189750cea4fd24d30a98c0228781442a244ea9d5de6e7
research-lab/data/sipakmed/raw/im_Dyskeratotic/CROPPED/041_07.bmp,92e07cdf8e53dcf9ad19e3d35f705942a4e3dcccb2c1e18720e9d26d29f57c7d
research-lab/data/sipakmed/raw/im_Dyskeratotic/CROPPED/042_01.bmp,bc0b6f23c951f3a52abcad96089432c7de3e08a3e3d93900b622f1f4b05be8aa
research-lab/data/sipakmed/raw/im_Dyskeratotic/CROPPED/042_02.bmp,a50b5cefdb8d93d2d3ae092e654e4d394576936380c20f1bf030830ec1209939
research-lab/data/sipakmed/raw/im_Dyskeratotic/CROPPED/043_01.bmp,0fe1cbb640c3f7be558c4bb4ec3859d9bbb67f1a4771b9e6f09acb94f73d61df
research-lab/data/sipakmed/raw/im_Dyskeratotic/CROPPED/043_02.bmp,c4d16dd72592a7d2dd62867d1fcd11648de47121f064a55beda725b89f62e630
research-lab/data/sipakmed/raw/im_Dyskeratotic/CROPPED/044_01.bmp,7970ec2347158fc3b0ac906f01b48bc9723cde5cebef5fd90e69d1e99eca9661
research-lab/data/sipakmed/raw/im_Dyskeratotic/CROPPED/044_02.bmp,1d380d28b99cade9cb23087ba275f4b68f3ab47d6b5022311ec2ac8e525f1caa
research-lab/data/sipakmed/raw/im_Dyskeratotic/CROPPED/045_01.bmp,67c4cf6f6a2ecbda29f9bb827771d5e744d7f2021f6fa2693598d4c99c529d01
research-lab/data/sipakmed/raw/im_Dyskeratotic/CROPPED/045_02.bmp,a4cbac36eee8216b5bfbcd4b99d882731205086eed139848d718ba56cd5add1f
research-lab/data/sipakmed/raw/im_Dyskeratotic/CROPPED/046_01.bmp,97eb71305c842c700742cf0e80db8faf83f86a241487230b9301888b02f885b4
research-lab/data/sipakmed/raw/im_Dyskeratotic/CROPPED/047_01.bmp,54aa64e861a528a2f8adb13ab1c488099019edc004b227bca3d6a99b2a25b7b9
research-lab/data/sipakmed/raw/im_Dyskeratotic/CROPPED/047_02.bmp,725675240243ffb6ccaf5d03490e148a52436e69a5a282ef2cb2c41bf4daacdb
research-lab/data/sipakmed/raw/im_Dyskeratotic/CROPPED/048_01.bmp,4be967e279b4d0ddddd2cbe908c1091afaf5e0295a13efb495e0f2a805ad2405
research-lab/data/sipakmed/raw/im_Dyskeratotic/CROPPED/048_02.bmp,b58eb2d5ede200b5b1889abc0527dd4448e49bdae8c87f1aa7bc012a4defce06
research-lab/data/sipakmed/raw/im_Dyskeratotic/CROPPED/049_01.bmp,7125d7b67a838ec73ccc854aa7c35051752fc4ff6c4287f408b1aaba383bb4df
research-lab/data/sipakmed/raw/im_Dyskeratotic/CROPPED/049_02.bmp,ea6377db4f8802a79dfc53e34fd625cbb76f2f947ed12879c24a9048c5bfd886
research-lab/data/sipakmed/raw/im_Dyskeratotic/CROPPED/050_01.bmp,a08603c2237b69b4f9a5d1f71c55024bd0b1cae5f257510f545465ad9b7744cf
research-lab/data/sipakmed/raw/im_Dyskeratotic/CROPPED/051_01.bmp,e6f6668d231c8fe5f82f9a8e15848809a69ec3e2493e1d5b3cc3e7eaf807e903
research-lab/data/sipakmed/raw/im_Dyskeratotic/CROPPED/052_01.bmp,4b80f29a028f3aae5d6ed28833442e8351dbdc5689ddc173daffb216cef5be5f
research-lab/data/sipakmed/raw/im_Dyskeratotic/CROPPED/052_02.bmp,5029c13eaffea2f7bc61db3b7aacf72e1d52ddf5cbb1aa473fa58a7443407eb0
research-lab/data/sipakmed/raw/im_Dyskeratotic/CROPPED/053_01.bmp,33a74931cb6ddc794c6d3adbfc1c9a7e83ff71fb1ff6fff7c40635fd52d68622
research-lab/data/sipakmed/raw/im_Dyskeratotic/CROPPED/053_02.bmp,4b095d8cd8ab1086589f7b955d6793a968c845c843ab520e592e0b8a8deee655
research-lab/data/sipakmed/raw/im_Dyskeratotic/CROPPED/054_01.bmp,e884e27b6bdc68a2004c52d86b6f4d23f1adca94a79c1948d9ec09c4d9dd3048
research-lab/data/sipakmed/raw/im_Dyskeratotic/CROPPED/055_01.bmp,c22bc4debd5423053f5df0c4395986523bb7839386bd7ee9dfb2b38b97522203
research-lab/data/sipakmed/raw/im_Dyskeratotic/CROPPED/056_01.bmp,8fbf5cf896b6b040568939bb9a26503e4fde48657947a34da4ac2e4c55a30220
research-lab/data/sipakmed/raw/im_Dyskeratotic/CROPPED/057_01.bmp,3f988f91dbe994e8407f959377b8fa17df8af42a05c527bcac25c08c86a92f8f
research-lab/data/sipakmed/raw/im_Dyskeratotic/CROPPED/058_01.bmp,e6253f71167476c639ff5711b0a4eec3390d136cdf06ca71538af79c8dbe69aa
research-lab/data/sipakmed/raw/im_Dyskeratotic/CROPPED/058_02.bmp,92c179bdd457c01d8ee99008c0bbd9e0dd0181b61ed043f3f25beca0bcee76e3
research-lab/data/sipakmed/raw/im_Dyskeratotic/CROPPED/059_01.bmp,e344f3206b44d15d43b11ac3f7f847ffa599cf4b2967da58a08551384e64a4d3
research-lab/data/sipakmed/raw/im_Dyskeratotic/CROPPED/059_02.bmp,a93ff6ebae9eb2c8d307fd82b0792c5688cfff40d30c37dd6a95eeb3e6fb6da2
research-lab/data/sipakmed/raw/im_Dyskeratotic/CROPPED/059_03.bmp,5f7f43462c0c93af90082f6e9e512a2bc97175b9922171a4abe1c0f2216d03df
research-lab/data/sipakmed/raw/im_Dyskeratotic/CROPPED/059_04.bmp,47ce2f202458f8a2f1988c2703e98af01b08b4c0915745f590b6e4549df725d3
research-lab/data/sipakmed/raw/im_Dyskeratotic/CROPPED/059_05.bmp,55ed62d7e636434e6ace9a59bd44e382e8870fa23fec65e6947d4125e25694b1
research-lab/data/sipakmed/raw/im_Dyskeratotic/CROPPED/059_06.bmp,212a4ed0d7329d64e7e89ddd69783dbd6973319a9d0ad1a62f9718ec9b3f995f
research-lab/data/sipakmed/raw/im_Dyskeratotic/CROPPED/059_07.bmp,93403bf43c0f59e726b113a1cdef5471ae941e6889373f3af0bc8a0be05cc1b0
research-lab/data/sipakmed/raw/im_Dyskeratotic/CROPPED/059_08.bmp,7788111348377a568d1e2f3a5b8240d6b75ee09b26d1366ae76a74080355ea74
research-lab/data/sipakmed/raw/im_Dyskeratotic/CROPPED/059_09.bmp,e6d3e1095fecc80e121695134e178f5aeeba9fecea98fe09460c46ef59c80056
research-lab/data/sipakmed/raw/im_Dyskeratotic/CROPPED/059_10.bmp,fb4d974c8a2070d50cc4df9ba2faab0ed2af69f207199ce9649f72f159d131ff
research-lab/data/sipakmed/raw/im_Dyskeratotic/CROPPED/059_11.bmp,29a9456e1dd98e32fc378a1948a1e7f679907bbe92116e6fb1c824b42c90edfc
research-lab/data/sipakmed/raw/im_Dyskeratotic/CROPPED/059_12.bmp,36c5ef53a63d35ef42cbf5d701ed0bc2d054c34e095a2bdd4c943916f8811d9d
research-lab/data/sipakmed/raw/im_Dyskeratotic/CROPPED/059_13.bmp,17c67ba07b02023e0a0f27e40f892691686a48f02a6dbb8acbe71b4992796168
research-lab/data/sipakmed/raw/im_Dyskeratotic/CROPPED/059_14.bmp,c50c9660be59fdf5d03a955ba0e017e095e0b1bfe0e08bb793b843444f0d6e3a
research-lab/data/sipakmed/raw/im_Dyskeratotic/CROPPED/060_01.bmp,460767b07e2ac9d610e16a735811b4540acfac8f40d2971cca3474222596e52b
research-lab/data/sipakmed/raw/im_Dyskeratotic/CROPPED/060_02.bmp,290129c961d7a00394ca9295a2a7fff7f9f73db8b833dc182cabfc0eb9bd9b8d
research-lab/data/sipakmed/raw/im_Dyskeratotic/CROPPED/060_03.bmp,0dc5d5ca9e3843799ba3b3f4fa2883bc64ae1095e88e268ccb40e0fa1786394b
research-lab/data/sipakmed/raw/im_Dyskeratotic/CROPPED/061_01.bmp,deefb761cbc49eddff742444556f93d35039f73ef132a57b6f43ea1db20827b0
research-lab/data/sipakmed/raw/im_Dyskeratotic/CROPPED/061_02.bmp,414caa8b3a1c9bf0e81f0c83f1ec3839543834ca90b71dab8a86c736af38cf50
research-lab/data/sipakmed/raw/im_Dyskeratotic/CROPPED/062_01.bmp,8b81174f4db92d54cfc9251ada2bac86438a0dd56ace8cdb67103760f6f22d94
research-lab/data/sipakmed/raw/im_Dyskeratotic/CROPPED/062_02.bmp,86ce731df082d52158a90cc6d0983173d728bc4d002c0bf7583461bab344f980
research-lab/data/sipakmed/raw/im_Dyskeratotic/CROPPED/062_03.bmp,9e16df2977b8cc3d4a1fc7b1f74d4cf0468ad5042bbb3415319c142efb61f2f1
research-lab/data/sipakmed/raw/im_Dyskeratotic/CROPPED/062_04.bmp,b0062aebd652bfce198c37c3647c5bbf632955fdecd2d9b36a2e5d7c581ce97b
research-lab/data/sipakmed/raw/im_Dyskeratotic/CROPPED/062_05.bmp,8cb0a978eea655f7c8f4e5648b0c5f9d11ca2d84963cac6912056b9def9cbaca
research-lab/data/sipakmed/raw/im_Dyskeratotic/CROPPED/062_06.bmp,80f8e65a1fa9a72f9dba84340fafd230c234d8a08edc68cf62f35ed66a353762
research-lab/data/sipakmed/raw/im_Dyskeratotic/CROPPED/063_01.bmp,1135cab0fcce36e0973eabfefce9473881466ff928f1a550a90c1cdc787c3e59
research-lab/data/sipakmed/raw/im_Dyskeratotic/CROPPED/063_02.bmp,dc2d8ab28b1a5b04e5713a859c8b79212d00657ae36fdf310aa816d2ae14e732
research-lab/data/sipakmed/raw/im_Dyskeratotic/CROPPED/063_03.bmp,fbb0c9d6ccf9eafcae5dd8a67c7c50f778e3d8c8dec8a3f412971017ac878a41
research-lab/data/sipakmed/raw/im_Dyskeratotic/CROPPED/064_01.bmp,97048b9afc2ef3d12c543a1859702ec6cabba0990f68509d2af78588c2f28e01
research-lab/data/sipakmed/raw/im_Dyskeratotic/CROPPED/064_02.bmp,79918b852a66162451d71a4f09a3a19e4e21915deca8d0f01fd46859f5bf12d1
research-lab/data/sipakmed/raw/im_Dyskeratotic/CROPPED/064_03.bmp,4427536fab3c69475556e37d3d99bd490bb8ba3725d482c2fc1ef55a53dd6a70
research-lab/data/sipakmed/raw/im_Dyskeratotic/CROPPED/064_04.bmp,c8233e834b30745c5f10a69db1a05815df6f63dfb04bd5e0337cf27940973781
research-lab/data/sipakmed/raw/im_Dyskeratotic/CROPPED/065_01.bmp,74f6a64ef71cb79a9e1d0e7a5f803fdaa253be3139a019dbdb60307554ef5095
research-lab/data/sipakmed/raw/im_Dyskeratotic/CROPPED/065_02.bmp,1c986296df985e50c23e04b77de2267e272135cb3baed76a4154d97d355209a2
research-lab/data/sipakmed/raw/im_Dyskeratotic/CROPPED/065_03.bmp,a7466088d8927f0839c6eb599238104f517f8ce3827a9e5131d672a58a9936fa
research-lab/data/sipakmed/raw/im_Dyskeratotic/CROPPED/065_04.bmp,59a601373cc98399813b9bf35466b2d71bd3c590a4f1adf63ad69b1b0ac17e1a
research-lab/data/sipakmed/raw/im_Dyskeratotic/CROPPED/066_01.bmp,21cbf4e9aaa30210079cdfdb4a496d67faf8a9f53f4409cbbecd408154f83e05
research-lab/data/sipakmed/raw/im_Dyskeratotic/CROPPED/066_02.bmp,c1a351a565f5787ba4b01c617ae26460bc8da1cac93bb541dbe4c25846deaff6
research-lab/data/sipakmed/raw/im_Dyskeratotic/CROPPED/066_03.bmp,f7ef19664b6ab979e7a11ca8ce499a15671ea2e5e135e46e905aaa15226be8e4
research-lab/data/sipakmed/raw/im_Dyskeratotic/CROPPED/066_04.bmp,dd7728be989b8f162eda5f733f121bfed2f6a1f139b3c0b0fc932db5e23b8536
research-lab/data/sipakmed/raw/im_Dyskeratotic/CROPPED/066_05.bmp,4d82007ec7003a0219d04bfd44d8e0b9a7a572ef3950cb7fe373898b7d02d8c4
research-lab/data/sipakmed/raw/im_Dyskeratotic/CROPPED/066_06.bmp,f5c13cf8635e27a882c777574c6d1401f27376d0ddde9cba89180343b3700b77
research-lab/data/sipakmed/raw/im_Dyskeratotic/CROPPED/066_07.bmp,ec76a1021d0646ef77e48bdc0895f0c95fe3cbf5f76c88ea32dc12cf36cb04ba
research-lab/data/sipakmed/raw/im_Dyskeratotic/CROPPED/066_08.bmp,2a5c3c4653a70f2448afc5a6509bd3ccafbf6c1bec6948f96c8823959fa4d861
research-lab/data/sipakmed/raw/im_Dyskeratotic/CROPPED/066_09.bmp,2067593c738cfbb2d982029f910bda37936cbe4a7737540c65e44f6f4c82b307
research-lab/data/sipakmed/raw/im_Dyskeratotic/CROPPED/066_10.bmp,1e44a5cc71d5a0c5f2e66c1d8767e17db7f2c1c8e8523984ac8b45db43b7d7ad
research-lab/data/sipakmed/raw/im_Dyskeratotic/CROPPED/066_11.bmp,4d1be90c5211f5c6b95576011cd552a439074fd287a18d4438112337a065b96f
research-lab/data/sipakmed/raw/im_Dyskeratotic/CROPPED/066_12.bmp,a66109fa02554b4e16577dbcf5582f27bf376f394fdca5dbd2a88629a66b7b4e
research-lab/data/sipakmed/raw/im_Dyskeratotic/CROPPED/066_13.bmp,6901dc1cbfff4fc95310bc935e0e194285a60f884e1e644a4273494f7634a190
research-lab/data/sipakmed/raw/im_Dyskeratotic/CROPPED/066_14.bmp,77206b0fd4dfe1d1fa5100a00fa7a34f888f11f7be12b2f2c218b641804461bc
research-lab/data/sipakmed/raw/im_Dyskeratotic/CROPPED/067_01.bmp,1869ce65a54bdb161d9a5eacff238cd64ed5c606777d48c1c4222dc1434ebb2f
research-lab/data/sipakmed/raw/im_Dyskeratotic/CROPPED/067_02.bmp,277ea84b505f60c6742cbf8350fd193f69ebbc58f46cfc11dbc8c623235db863
research-lab/data/sipakmed/raw/im_Dyskeratotic/CROPPED/067_03.bmp,431994240b4bded608ec017b0e36ef29be94781fb8000657fbb4b8308990734b
research-lab/data/sipakmed/raw/im_Dyskeratotic/CROPPED/067_04.bmp,23bcb8e045c81baadb94f326cb9a6d50e8bc3255b14c1c3dbaa6194073fab0b6
research-lab/data/sipakmed/raw/im_Dyskeratotic/CROPPED/067_05.bmp,4a2a9a91ca165410370074a04167da918e814ea0460ed59cc6a839723bc919e7
research-lab/data/sipakmed/raw/im_Dyskeratotic/CROPPED/067_06.bmp,ed8a8d793e5477b5b0381374db84892df74d67fbe7a9ffdbfb74040cdced8829
research-lab/data/sipakmed/raw/im_Dyskeratotic/CROPPED/067_07.bmp,7c42a5d1519dc221dc28ca0c9defac9f6dd224e66e9836bd39eb7e96e24d4f69
research-lab/data/sipakmed/raw/im_Dyskeratotic/CROPPED/067_08.bmp,22d702b04d9878c2cbb5dafa6ad6a840c0b9946d8eab723b266d6112cb61f1d3
research-lab/data/sipakmed/raw/im_Dyskeratotic/CROPPED/067_09.bmp,e16a2cde423015a530518b3780274f492f875e64b318cf19a4ec837a57e1af10
research-lab/data/sipakmed/raw/im_Dyskeratotic/CROPPED/067_10.bmp,c6b0794fdfe3e5f7f1bf1d5051f41725ed343ac03b783004c097969aa4fe2db9
research-lab/data/sipakmed/raw/im_Dyskeratotic/CROPPED/067_11.bmp,3c6f731f5dbf3f418f0f6d6775e4464a69eae83504ca1c064920b2a8b193130a
research-lab/data/sipakmed/raw/im_Dyskeratotic/CROPPED/067_12.bmp,ee8bbc28a6efdb599e53ff85e7d6e12e75d7d18c65951e817d19c20d0357966f
research-lab/data/sipakmed/raw/im_Dyskeratotic/CROPPED/067_13.bmp,1a0a4a7ab93b9501dc7581fac9409d1c55370d6bce2950c9716e2344ff598b2b
research-lab/data/sipakmed/raw/im_Dyskeratotic/CROPPED/067_14.bmp,765bdbfbc3a2aea786bd80934db302a4a83419cafa34a3c64ef9f56d8e2e10ea
research-lab/data/sipakmed/raw/im_Dyskeratotic/CROPPED/067_15.bmp,b6817abd36d1659287d51752668e98668ec59c055aae7f71c59209d3914b4f5b
research-lab/data/sipakmed/raw/im_Dyskeratotic/CROPPED/067_16.bmp,f4d3e467f8701d01027b3f082b70a01d3a5482819278ca6bbfd6543315e481c1
research-lab/data/sipakmed/raw/im_Dyskeratotic/CROPPED/067_17.bmp,dd3e5d08ec76fdb77f964c331896291a7b170fe9ff41e8ef0a91c35ba95eaba1
research-lab/data/sipakmed/raw/im_Dyskeratotic/CROPPED/067_18.bmp,888b1148c98ee074eb96e3538d0854086759780953d86fd63a813ca6f136b94c
research-lab/data/sipakmed/raw/im_Dyskeratotic/CROPPED/067_19.bmp,fddd8881ae5bb8156cbae5843283dbbc58c063da7f5a6305af8dc80a25bc2c14
research-lab/data/sipakmed/raw/im_Dyskeratotic/CROPPED/067_20.bmp,da4c2b34c51c1693f466311afe9cc0bae7aa3d25bc16006107f2e20e671f37c4
research-lab/data/sipakmed/raw/im_Dyskeratotic/CROPPED/067_21.bmp,fc36f1711ccaad6c3af228d1c48378e1add0bc210c0d823c8223148d10eb06f3
research-lab/data/sipakmed/raw/im_Dyskeratotic/CROPPED/068_01.bmp,4d9acc68c97ff23dc99ada65f23ce1639329a05f3f0fbd92227a77910f589e75
research-lab/data/sipakmed/raw/im_Dyskeratotic/CROPPED/068_02.bmp,054a5daf076e5f26adc2bded074c556f4b2f4abc6d62b2d9a5678eae4e7955af
research-lab/data/sipakmed/raw/im_Dyskeratotic/CROPPED/068_03.bmp,a3c760b713d9d82750edbf964c9261d0cc3f4890e13f72ea84fdeff6a431fe65
research-lab/data/sipakmed/raw/im_Dyskeratotic/CROPPED/068_04.bmp,130ce98284049908227489039b22cc3ff211a93ddb3672198453f5a1ab6cd963
research-lab/data/sipakmed/raw/im_Dyskeratotic/CROPPED/069_01.bmp,2f87d405adfdc2dc9a791e20a11474d9a41249ce3607a358ad382b3bbfd9683b
research-lab/data/sipakmed/raw/im_Dyskeratotic/CROPPED/069_02.bmp,3df2c01306bb29ef8b85e70280968df5a5dffa840bd69345cb9320cfa449e6cf
research-lab/data/sipakmed/raw/im_Dyskeratotic/CROPPED/069_03.bmp,8ea1a0c94e648f3d7b70b4db4de9da465e799c52e4129c61cb7ea21e05c807d3
research-lab/data/sipakmed/raw/im_Dyskeratotic/CROPPED/069_04.bmp,9f552e647b664412ad223e30b2ba2c1c17f719f5e4b99302c49e3acda248164c
research-lab/data/sipakmed/raw/im_Dyskeratotic/CROPPED/069_05.bmp,c8dad8349c464b193b242c95b2052bf74da5e1e8605d5e4919f1673db973651b
research-lab/data/sipakmed/raw/im_Dyskeratotic/CROPPED/069_06.bmp,c886e8dbd173d3fb6fffe04701365ac05cd00d987d8547e0a8add76da828339e
research-lab/data/sipakmed/raw/im_Dyskeratotic/CROPPED/070_01.bmp,fa67da23abb04bb6ea739fa1ad5d5ba19e1ec2cc02e2f7bf9436ad04aaf85189
research-lab/data/sipakmed/raw/im_Dyskeratotic/CROPPED/071_01.bmp,427c418b29579d32d7f54fab4367163339ddb59d19348b192a641598c30f1d45
research-lab/data/sipakmed/raw/im_Dyskeratotic/CROPPED/071_02.bmp,79c6bb62eeb52e9891e8a61a3b55b8a06c6de9ac8e9b1b63cfcde4bfdc8d9225
research-lab/data/sipakmed/raw/im_Dyskeratotic/CROPPED/071_03.bmp,319626e2896d21fc8d52537292204368eaf46a1e595bd046a97ad703636eb729
research-lab/data/sipakmed/raw/im_Dyskeratotic/CROPPED/071_04.bmp,6926d1d08c61800764750d1cdc637d3d0f5f2374ebc9aa0b015ba26592fc8773
research-lab/data/sipakmed/raw/im_Dyskeratotic/CROPPED/071_05.bmp,5a9ffbbb87a03a9f3a25368e95360b372d6ebefd32397010be2965b17a8e615d
research-lab/data/sipakmed/raw/im_Dyskeratotic/CROPPED/071_06.bmp,528a862e9f3bf2a9be6d999af2372e9e16ce393919a8035c9620de2a76edadae
research-lab/data/sipakmed/raw/im_Dyskeratotic/CROPPED/072_01.bmp,25ad08339e1ae0512998c41a849fbaa01bdd0ce577ed15d764ecdb06aaf317ef
research-lab/data/sipakmed/raw/im_Dyskeratotic/CROPPED/072_02.bmp,d5201ae0f325cf9f796e05f0c9eda533d3744d1ff566b29ba7f9dd31ec1e2bde
research-lab/data/sipakmed/raw/im_Dyskeratotic/CROPPED/072_03.bmp,ae6c290555875e2685f563b9ba49012d57885570ddfd2a49b904536b9e5de17a
research-lab/data/sipakmed/raw/im_Dyskeratotic/CROPPED/072_04.bmp,559319aa8513cc26900a2b261d60718182324f1551a798eb6a9c6e12eef8b007
research-lab/data/sipakmed/raw/im_Dyskeratotic/CROPPED/072_05.bmp,665e08ff100be111373b4bf527dec87bdc6bd0457d0a02cf170b97f8fba3e57d
research-lab/data/sipakmed/raw/im_Dyskeratotic/CROPPED/072_06.bmp,7c16bc418d1612b8fe857eaa0b016e398aecf0375be71cdef6c02b09f62a062b
research-lab/data/sipakmed/raw/im_Dyskeratotic/CROPPED/072_07.bmp,c5c3aa502efe2a2572add6b72875bf4e4d3841cdbe7bab9289e5b65976229fd0
research-lab/data/sipakmed/raw/im_Dyskeratotic/CROPPED/072_08.bmp,7bc80d9d62ef62f48aafd55a4cc39263e91df9ee519ed4b7d09ce45d7f037f5c
research-lab/data/sipakmed/raw/im_Dyskeratotic/CROPPED/072_09.bmp,bc43f45a6dc6f6aebe4bdf21df93842d6b705830efab8856dea14f1e58c9ae01
research-lab/data/sipakmed/raw/im_Dyskeratotic/CROPPED/072_10.bmp,b2e94d9f6316215c6f7159922c1a8d58946804d3622794348cd8a08b9380a625
research-lab/data/sipakmed/raw/im_Dyskeratotic/CROPPED/072_11.bmp,2473ec107729a9c31d8a6523b6e5e99f86658b2afd9590995be71bbbd5683770
research-lab/data/sipakmed/raw/im_Dyskeratotic/CROPPED/072_12.bmp,b88462582edd976fde75ec67b9668e7967b51539b23f8a066ebd533bcb98e62e
research-lab/data/sipakmed/raw/im_Dyskeratotic/CROPPED/072_13.bmp,42e13f9ea992ceea82f875cad133a6efa110a58e68db03d8ce66b549c55f1fd4
research-lab/data/sipakmed/raw/im_Dyskeratotic/CROPPED/072_14.bmp,1725cfff79c9127c847e09357111871c41fc193d129ff117496eca250f93f039
research-lab/data/sipakmed/raw/im_Dyskeratotic/CROPPED/072_15.bmp,3392d9d4eed62fa1dad5dad858e69f2976aa9029b4d2ce0efea62a59275df130
research-lab/data/sipakmed/raw/im_Dyskeratotic/CROPPED/073_01.bmp,c74c9f1329851924081ad1856a126923c816fe4e369af7421c719721cedbe1b6
research-lab/data/sipakmed/raw/im_Dyskeratotic/CROPPED/073_02.bmp,884cf842ba56c3f36a44b99f4a1d35721a27d32589a92155ea7cf5c1ba092b44
research-lab/data/sipakmed/raw/im_Dyskeratotic/CROPPED/073_03.bmp,1d105c0fcaa9ce42d792abb56430591fdff95372039566fe343016917e03bfdd
research-lab/data/sipakmed/raw/im_Dyskeratotic/CROPPED/073_04.bmp,ec6a23c9fab1122fced2a11253fdae522bb0c009053b79bab51465af51be797c
research-lab/data/sipakmed/raw/im_Dyskeratotic/CROPPED/073_05.bmp,1424b615622a130fbb658c8854e79f86a1913068cdbf34ee48ab335a1dd603dd
research-lab/data/sipakmed/raw/im_Dyskeratotic/CROPPED/074_01.bmp,96bf9980f5741fd2f23d906c288d14bf959e821acb4db316b0f37760579bfd19
research-lab/data/sipakmed/raw/im_Dyskeratotic/CROPPED/074_02.bmp,287fcb56bdbb701ebd3afa96e27c345824aa4d6e4af997a55f935181baf0135c
research-lab/data/sipakmed/raw/im_Dyskeratotic/CROPPED/074_03.bmp,15b266c0036bd032197d686484c99c1679ab47f8900303ccdedbcffa285bc494
research-lab/data/sipakmed/raw/im_Dyskeratotic/CROPPED/074_04.bmp,7feab1e11bf94f89286218639adf64ec1b3afb08590496b7e610697f753cb1d7
research-lab/data/sipakmed/raw/im_Dyskeratotic/CROPPED/074_05.bmp,91e2e9718325970308504ac2c52f84e7c0aa78ee8b8fb3316d5558936ef33814
research-lab/data/sipakmed/raw/im_Dyskeratotic/CROPPED/075_01.bmp,437c7c1f35269729643dfca883959d1b271182818fb85d690cf563e1d812257b
research-lab/data/sipakmed/raw/im_Dyskeratotic/CROPPED/075_02.bmp,f158b94ac9f9287bf090b2b6ca4715af9095cd43329e641b35a2a8b422a71a03
research-lab/data/sipakmed/raw/im_Dyskeratotic/CROPPED/076_01.bmp,39b86c4a8e410532a3d04c5c2df4448700d6bdd4b93ed7d3c10b67915576ca1d
research-lab/data/sipakmed/raw/im_Dyskeratotic/CROPPED/076_02.bmp,9a3bcda6e57cde6e8262e48fcb43e488b6504a98602cecea74379cb25d166dcb
research-lab/data/sipakmed/raw/im_Dyskeratotic/CROPPED/077_01.bmp,4d458d94e4b2d8b9829b246ae3e24a8e06e3934aae9bc2b045efd3c064522b2a
research-lab/data/sipakmed/raw/im_Dyskeratotic/CROPPED/077_02.bmp,b2142947e9e3dfe34fd0129fda9beab4ae1514a997b7a49fc7a967c9fa5bff7b
research-lab/data/sipakmed/raw/im_Dyskeratotic/CROPPED/078_01.bmp,cb62b38e803d65a5c15f365755005168a5ae19617e173bc25e3e84f2122f28ff
research-lab/data/sipakmed/raw/im_Dyskeratotic/CROPPED/079_01.bmp,9703cf587c4f9d79829d35b02ac308446e3504db3eff6eaee73a032515c21b67
research-lab/data/sipakmed/raw/im_Dyskeratotic/CROPPED/080_01.bmp,cad8a787eef6457d0601ccaba22acbfa34cb87966910a9fadd16c79ee867891c
research-lab/data/sipakmed/raw/im_Dyskeratotic/CROPPED/081_01.bmp,2a7095eec99da2eb5fb55f32d02dd0cdf37b56c93aeea360065b419497174cf1
research-lab/data/sipakmed/raw/im_Dyskeratotic/CROPPED/081_02.bmp,05d17a56a23fdc3a794139d0938cae445066d13d24e924ecd8d031b64fad5459
research-lab/data/sipakmed/raw/im_Dyskeratotic/CROPPED/081_03.bmp,ddeebce02a088aa1b420d5e025dc0b7f2ba1988fd446ab38e3e0168691915c31
research-lab/data/sipakmed/raw/im_Dyskeratotic/CROPPED/081_04.bmp,ebd333bb073d575561250338eeabe38e3ee002acaba1de1bdfdf32594a6d4dd8
research-lab/data/sipakmed/raw/im_Dyskeratotic/CROPPED/081_05.bmp,d4aa3ddb609cb11e5183ed13d71050f1defb0f737b65f3de92615277e8b92233
research-lab/data/sipakmed/raw/im_Dyskeratotic/CROPPED/082_01.bmp,95a8aa72b51b12d274ac180b96035d5584d563cbb376af9da6677e2aa774ea75
research-lab/data/sipakmed/raw/im_Dyskeratotic/CROPPED/083_01.bmp,d71d2eb59d0449b163b9b9645be7c4e2c4476ee785d174503cdbfaa7e9d2340b
research-lab/data/sipakmed/raw/im_Dyskeratotic/CROPPED/083_02.bmp,9a121342f663127b66d044a0042c0edfeceeffc9c6116400eaedf58f35be0666
research-lab/data/sipakmed/raw/im_Dyskeratotic/CROPPED/083_03.bmp,3fc23e695c1904d08b13e67b09d451653c58bb315fd7c78bd67b1471494d8e7d
research-lab/data/sipakmed/raw/im_Dyskeratotic/CROPPED/084_01.bmp,4b1168499bda4d48fdd668e7416d4148710f44a83cfaa9fd9153560b95c05511
research-lab/data/sipakmed/raw/im_Dyskeratotic/CROPPED/085_01.bmp,4bace29715b540f1b96db07b71fde83f4448cf257877ca04d3d78322339d350b
research-lab/data/sipakmed/raw/im_Dyskeratotic/CROPPED/086_01.bmp,75f1897fee7f5649b4d259a1d69f4bd6a247327d1b016ad51ea753068d966131
research-lab/data/sipakmed/raw/im_Dyskeratotic/CROPPED/087_01.bmp,50aa6e35e8499e03e9a8ab55b61b5370c50274e5abac969b7c16e62c093d2a14
research-lab/data/sipakmed/raw/im_Dyskeratotic/CROPPED/088_01.bmp,be8434244ef46edb8662e7e3e9ce5c2edc44e62a21bf45020ee214dccd2751bc
research-lab/data/sipakmed/raw/im_Dyskeratotic/CROPPED/088_02.bmp,489ea09917131afe5c2ca484b470cab8b4b17389c2792871deef896136196184
research-lab/data/sipakmed/raw/im_Dyskeratotic/CROPPED/088_03.bmp,f3781ef895ef99744e50eba09a3ca68221326ab2cd0813e89d790f72c3912363
research-lab/data/sipakmed/raw/im_Dyskeratotic/CROPPED/089_01.bmp,fdc5536e0def1092d2dac85fba757a35f647dbc84b84eee2e7534a4c0bcb5c36
research-lab/data/sipakmed/raw/im_Dyskeratotic/CROPPED/090_01.bmp,dfa81b46da3e99107e2923abb182f1de1cbd7929f0364875818fcd3508ce3797
research-lab/data/sipakmed/raw/im_Dyskeratotic/CROPPED/090_02.bmp,ab805d6872f661336596b466d9410955884cc45d7735555e2f77fe0e67434e2a
research-lab/data/sipakmed/raw/im_Dyskeratotic/CROPPED/090_03.bmp,e0ab324b75ca5ff454b791440a784a7b3dc69c9a4ec4e389b3ef807a1ce54760
research-lab/data/sipakmed/raw/im_Dyskeratotic/CROPPED/090_04.bmp,082e2c2cea35af6f5815dae740d3072d26960b82b853a5ac943ed183f03e611f
research-lab/data/sipakmed/raw/im_Dyskeratotic/CROPPED/091_01.bmp,aa1b6378333d75c9d21ec1a96512db41bd1d6fb0080e103fc0aeb31916fdd7f3
research-lab/data/sipakmed/raw/im_Dyskeratotic/CROPPED/092_01.bmp,3dbce273b1660c26745ef61d04df6a491c927fc1a248eb7a33aa049923f14e2b
research-lab/data/sipakmed/raw/im_Dyskeratotic/CROPPED/092_02.bmp,fcce30f2c11dfce90e82cb30d742c8da782aad42fab1b49afd29fb5bbbb7e2ce
research-lab/data/sipakmed/raw/im_Dyskeratotic/CROPPED/092_03.bmp,c275b2f70fc7432b7563ccc958c6463b39b3122cd4cce0ddc018b63a1f58ffaf
research-lab/data/sipakmed/raw/im_Dyskeratotic/CROPPED/092_04.bmp,499a9a389c29d21e3756cc85fd517f12feb1e05cfbfcbf8455581806f7bbaabd
research-lab/data/sipakmed/raw/im_Dyskeratotic/CROPPED/093_01.bmp,6f8e4f4299352387c0ee7db7ad643dbbf56e773ed9c5081d43cf48db35c2228b
research-lab/data/sipakmed/raw/im_Dyskeratotic/CROPPED/093_02.bmp,b1da1bba4167680c44fec8d3458ba90b42377991758b14dfed559f1282e19225
research-lab/data/sipakmed/raw/im_Dyskeratotic/CROPPED/093_03.bmp,0b10dd79d247323fc11aa3deb68eceea5c040dea8bfee44f662c1e70dda94015
research-lab/data/sipakmed/raw/im_Dyskeratotic/CROPPED/093_04.bmp,6bb39f765a00538f80646c84ee4dbbc50eb5fd099b953315832fa142c2ee4148
research-lab/data/sipakmed/raw/im_Dyskeratotic/CROPPED/094_01.bmp,035d1f72fab03bcc22d5c43a2ceecd263cf273ab1680c7a03b6b9d5c03539f46
research-lab/data/sipakmed/raw/im_Dyskeratotic/CROPPED/094_02.bmp,885f36286a507297872edb8fa0d9652c4da32e5c4dbe1a7dafff5de8c4de2db9
research-lab/data/sipakmed/raw/im_Dyskeratotic/CROPPED/095_01.bmp,130a617b8875419eb57530c4dea47695aa1bc6f2475ce153b7b5b9b52ecd9206
research-lab/data/sipakmed/raw/im_Dyskeratotic/CROPPED/095_02.bmp,27b9b59772b7eb244afd9f7d31537fba8d5e469707668ee94ded41f41091ff0a
research-lab/data/sipakmed/raw/im_Dyskeratotic/CROPPED/096_01.bmp,e2552bea101ca05211e1bedba484b76bd1f98cded614844b460fcd11f7821c66
research-lab/data/sipakmed/raw/im_Dyskeratotic/CROPPED/097_01.bmp,02850ca9d7b1b55526242a4ad798b45cb9c31e6857cbcb4d3e5bc3b5071e428a
research-lab/data/sipakmed/raw/im_Dyskeratotic/CROPPED/097_02.bmp,eb72c88208c192ca9e29fb56347ded622631d40380ffca5f8274dff32a725b3f
research-lab/data/sipakmed/raw/im_Dyskeratotic/CROPPED/097_03.bmp,dd27f79a6e6b0c2c96a09585f731660ffa8d092ff0af7c86be9261051b6ceffb
research-lab/data/sipakmed/raw/im_Dyskeratotic/CROPPED/097_04.bmp,2ba49ded2bfc1eaf8fb29811a132fac5bc7520014505bd446c6e786086208b1d
research-lab/data/sipakmed/raw/im_Dyskeratotic/CROPPED/097_05.bmp,2d085ef4f93e421b53a41bf569fc47cbb896d04983c92b5f3a41c27f370eb8dc
research-lab/data/sipakmed/raw/im_Dyskeratotic/CROPPED/098_01.bmp,12436e81ab2e34fea2a223278cf11f723edf408a93a2bcbe6acf25f34033a077
research-lab/data/sipakmed/raw/im_Dyskeratotic/CROPPED/099_01.bmp,571f97a093bac2d6f6253cce1ab5d8fd1379456b90f2d752515206fbfd5bf191
research-lab/data/sipakmed/raw/im_Dyskeratotic/CROPPED/099_02.bmp,1769761c50d3abe7b11bdca67a8f9329f0d007113d7d5fc2244713e5d61c6398
research-lab/data/sipakmed/raw/im_Dyskeratotic/CROPPED/099_03.bmp,8071f0917d49648f80ceaeef6b753d1cd9490ab26d0d12fc81e6a93652e7eee5
research-lab/data/sipakmed/raw/im_Dyskeratotic/CROPPED/100_01.bmp,0705f532a0ce016cabb5577335aae8330d00624e3c9300fa704cf9e3a2392b87
research-lab/data/sipakmed/raw/im_Dyskeratotic/CROPPED/100_02.bmp,65bdf98750d06bab38582e591caecc441610361e6b2fd99f5bbdbba34d04c4ff
research-lab/data/sipakmed/raw/im_Dyskeratotic/CROPPED/100_03.bmp,a617588437a764b1fa800a2f3a7435914feb48f9c75e42fa4e057f7564fc1058
research-lab/data/sipakmed/raw/im_Dyskeratotic/CROPPED/100_04.bmp,e0b4559e716450b9077f8326ffdeb4ef54d7e72628cbbef3a8c8b78826f8f3ac
research-lab/data/sipakmed/raw/im_Dyskeratotic/CROPPED/100_05.bmp,02cdcf983c7f815ee7da9423e827a031daa2b469fd7044fdcd5c311b37377d47
research-lab/data/sipakmed/raw/im_Dyskeratotic/CROPPED/100_06.bmp,d9746e669e12c5aae82d9ef49ba8a8774d99c08cee46712027c318d1232551fa
research-lab/data/sipakmed/raw/im_Dyskeratotic/CROPPED/100_07.bmp,1d60d6600656a5f3833a6d4b77fc79ff800063cbd238fb8c15ae8b88ee006d08
research-lab/data/sipakmed/raw/im_Dyskeratotic/CROPPED/100_08.bmp,63591dade14e613689b3b26edc7946410f4d92b531987329e85c0b83fb322fe8
research-lab/data/sipakmed/raw/im_Dyskeratotic/CROPPED/101_01.bmp,a161fcf3237b28924fbeb78d24ddf91d1bed5b5353a042a740f235d505f3e268
research-lab/data/sipakmed/raw/im_Dyskeratotic/CROPPED/101_02.bmp,20877c2eb39ec53948202b3932e4cb5941c77ed11fe5fb436c731a92e933d0f9
research-lab/data/sipakmed/raw/im_Dyskeratotic/CROPPED/101_03.bmp,1f8c7da6e203de92f48a8c2b06fb606578bcc8659aca94d4aa759066f55af1c7
research-lab/data/sipakmed/raw/im_Dyskeratotic/CROPPED/101_04.bmp,7cb3d31273e4df11eaca9ab3b558e953f72ba9ee8343fb91b8c6eacbaa192415
research-lab/data/sipakmed/raw/im_Dyskeratotic/CROPPED/101_05.bmp,c0dc6648856c5622e395144a7df48276bee0807fa1d999dc6063255685333353
research-lab/data/sipakmed/raw/im_Dyskeratotic/CROPPED/101_06.bmp,06126f56d9924e15433e1fbe4aac3604cc98289e26b38c732bc7556e49325c71
research-lab/data/sipakmed/raw/im_Dyskeratotic/CROPPED/101_07.bmp,89a961fc353bba605e1d12c45cddcdb71b73718d87ebf2e5ccfc5c11b892ab56
research-lab/data/sipakmed/raw/im_Dyskeratotic/CROPPED/101_08.bmp,88bbcfb1a9a4d3dbbfc3f682b4c489770f3f065b726ace253e7346ca974c943e
research-lab/data/sipakmed/raw/im_Dyskeratotic/CROPPED/101_09.bmp,1d896217f7d602ea3abcce55bc671306e03e35eaf6397038ef59ffa12be624bd
research-lab/data/sipakmed/raw/im_Dyskeratotic/CROPPED/101_10.bmp,1e76e604519f8d9fc2f42ceef87057aed088404c0453d053fdf082d04b5d4c81
research-lab/data/sipakmed/raw/im_Dyskeratotic/CROPPED/101_11.bmp,2d7bfc4833f59fd64e58aa0310044b4ebecdff7da2615beb7ddce7d397a5272e
research-lab/data/sipakmed/raw/im_Dyskeratotic/CROPPED/101_12.bmp,4870db4c60e11a5156bddb30c79e0dd8a552c2863a1334ab14c3e2d628ed593e
research-lab/data/sipakmed/raw/im_Dyskeratotic/CROPPED/101_13.bmp,6ca53ad707a2402f15e8b8afe75b71fd1017ae1bbbd3a0945bf132c95d4eba53
research-lab/data/sipakmed/raw/im_Dyskeratotic/CROPPED/101_14.bmp,07ac4e496791aae6b3f251dd14c07e7b482f23b6f15e84863b0cc1fb18b80d47
research-lab/data/sipakmed/raw/im_Dyskeratotic/CROPPED/101_15.bmp,ee438b50778efd38377215148e197d850537578dd3d195adb8ee82480795363a
research-lab/data/sipakmed/raw/im_Dyskeratotic/CROPPED/101_16.bmp,1eb8150023fb2e5dc0bbe1a1f427b594fd7bf926824b5cb69ad94e184af17f28
research-lab/data/sipakmed/raw/im_Dyskeratotic/CROPPED/102_01.bmp,d18592d31bc4932413cbaee81a88a0f39b3f7d4e43bb0f2720800c7d21170d72
research-lab/data/sipakmed/raw/im_Dyskeratotic/CROPPED/102_02.bmp,2128131702399774c1b28b902afec4abf4be24254423a6fd526afbba7ffd8e98
research-lab/data/sipakmed/raw/im_Dyskeratotic/CROPPED/102_03.bmp,68875e32a467a1c2284cf59271319e684361fefbd7e91f744062f4e91f608b11
research-lab/data/sipakmed/raw/im_Dyskeratotic/CROPPED/102_04.bmp,f5a46e8c0b8ac8865ec400ffd0a28e285f444d74661f15e816278cd63beb53bb
research-lab/data/sipakmed/raw/im_Dyskeratotic/CROPPED/102_05.bmp,457c1f5f2f035a7fda4de692a40cbc35acceae2d437d5f91ded6b2d4d12fd51a
research-lab/data/sipakmed/raw/im_Dyskeratotic/CROPPED/102_06.bmp,47cb6c5b39742d0d354f8f1a6fbedbee904200a0d4a043b5dcd77233690fe03d
research-lab/data/sipakmed/raw/im_Dyskeratotic/CROPPED/102_07.bmp,f522becf8aa70562196558f536a24ab3dca011feb0deee3af4bb337a0d0a2acb
research-lab/data/sipakmed/raw/im_Dyskeratotic/CROPPED/102_08.bmp,89e99711c881dbfaf2238238f47763503db8ba9f14beab73a4221b6d92f3a347
research-lab/data/sipakmed/raw/im_Dyskeratotic/CROPPED/102_09.bmp,5c8a962772edbee1647b65c6db1e8c37cd7661a647ed4d54b9752403be6c3bad
research-lab/data/sipakmed/raw/im_Dyskeratotic/CROPPED/102_10.bmp,645d33700c6f792295033e2dc7541dc8fc6f8518381af6eb2feee9702fd810c1
research-lab/data/sipakmed/raw/im_Dyskeratotic/CROPPED/103_01.bmp,b6c1f39913830fa61815a837b0c8a9b37d6a1ec6fb50d88f6ecc3253d3222353
research-lab/data/sipakmed/raw/im_Dyskeratotic/CROPPED/103_02.bmp,bfb606e4e14cd1d4dde353cee04e626263824ef2a0571fe6436ed3301b32473c
research-lab/data/sipakmed/raw/im_Dyskeratotic/CROPPED/103_03.bmp,53560f7fe958bfd264bb1c0abf39a17691fab674c4aa18032b6bd3fcc46500cd
research-lab/data/sipakmed/raw/im_Dyskeratotic/CROPPED/103_04.bmp,5b193160819c27114bd4ce013c9b098b624bb03e5c18bfdf16beaba076d20364
research-lab/data/sipakmed/raw/im_Dyskeratotic/CROPPED/103_05.bmp,9efd25020754232ff45c5004ca587ae44927737419e8c3060f61a9eb6eac2389
research-lab/data/sipakmed/raw/im_Dyskeratotic/CROPPED/104_01.bmp,ccc537b58b300f555c2628d79dce97443943c315a7aba0948df90a61b4f9edfa
research-lab/data/sipakmed/raw/im_Dyskeratotic/CROPPED/104_02.bmp,e868c45810120ebdc98f1224316ad4413dacbc26a19150047f003f5ac9345bb4
research-lab/data/sipakmed/raw/im_Dyskeratotic/CROPPED/104_03.bmp,3f9699a486081dd8a7c924889659f2ed472f76677d5a6631c274ced6cae407f3
research-lab/data/sipakmed/raw/im_Dyskeratotic/CROPPED/104_04.bmp,9f1f7bb1fed96cdeb0d3ed0289dc59ddcf80880c2c1b17291a78cb663f395940
research-lab/data/sipakmed/raw/im_Dyskeratotic/CROPPED/104_05.bmp,f771595b30d9f365ae0a219ad5eaba1d1bf431119bbeac46a7a09556e9a87c30
research-lab/data/sipakmed/raw/im_Dyskeratotic/CROPPED/104_06.bmp,555781bfc0a30dbb511ce82ab44d00ea3e979683db212704b7c5eeb6bf676fdf
research-lab/data/sipakmed/raw/im_Dyskeratotic/CROPPED/104_07.bmp,efbceb52565725340809545bf67be34083deed13890ccb1821d1d3fe79e58d5a
research-lab/data/sipakmed/raw/im_Dyskeratotic/CROPPED/104_08.bmp,2d12761c808ee7e3604e30a71e35e0f0453ef34f714d2929c55a8be9549521ff
research-lab/data/sipakmed/raw/im_Dyskeratotic/CROPPED/104_09.bmp,30b97120c97d4fd94e79ef587d4ecb838f9bf5d8e6caac56ee77b6d592b24815
research-lab/data/sipakmed/raw/im_Dyskeratotic/CROPPED/104_10.bmp,2fb78c7c56c51801fcf6e74a8f3d7871416c966255d289be271dee282fce91aa
research-lab/data/sipakmed/raw/im_Dyskeratotic/CROPPED/105_01.bmp,230f1902aeb4bd70b7337cabe1c2c904d14f24d82e50b8391cfddcb6eea0e228
research-lab/data/sipakmed/raw/im_Dyskeratotic/CROPPED/105_02.bmp,3a20be3fb7e8505148a824753751c6d92c4c9b69ddc738ccfca8125ac746464d
research-lab/data/sipakmed/raw/im_Dyskeratotic/CROPPED/105_03.bmp,792370a54cf08994e063fbc4b15785837740c2fa5d99f58f298083aa7f0595f9
research-lab/data/sipakmed/raw/im_Dyskeratotic/CROPPED/105_04.bmp,87861105a435f83f2a00209b053cf34ae820f2b8373ea94a961308c56a4004da
research-lab/data/sipakmed/raw/im_Dyskeratotic/CROPPED/106_01.bmp,86107709ea1407030259473bbeea4dabdcee1c3ed9c77a134ce4a8eff4a4f746
research-lab/data/sipakmed/raw/im_Dyskeratotic/CROPPED/107_01.bmp,c63dfb65279d725ad9a74e8c6fe16a2e3a899f341c8afb30a9bb124b0c788a47
research-lab/data/sipakmed/raw/im_Dyskeratotic/CROPPED/107_02.bmp,34e9cb761d49ca2e012eb37c535873e64b3564df18816dc579ce85ff53c6e255
research-lab/data/sipakmed/raw/im_Dyskeratotic/CROPPED/108_01.bmp,2cf8545abd17b89ea78cc29c6bb693200f83c59b3ccf33c241a17d4708612b77
research-lab/data/sipakmed/raw/im_Dyskeratotic/CROPPED/109_01.bmp,01d05db5683fe8e6b0273146133968efeb9c342bad020514294f9c3ca42edec8
research-lab/data/sipakmed/raw/im_Dyskeratotic/CROPPED/109_02.bmp,2866d7093d2e1d53d1be590fa1d1ce49ad36ff65b404aec2355358276ecb843b
research-lab/data/sipakmed/raw/im_Dyskeratotic/CROPPED/110_01.bmp,4114f031a052076b807a7024199fd305f4831d66eb6d45cef6ca2aca3e5d1713
research-lab/data/sipakmed/raw/im_Dyskeratotic/CROPPED/110_02.bmp,1187e9dd4d3306abdcb77f2ac588797580a197711176fc0df07233c06f987754
research-lab/data/sipakmed/raw/im_Dyskeratotic/CROPPED/110_03.bmp,4e34e929073db98767d41779ef387ffcddb071ec0d35ac483fb4522c2fbd5451
research-lab/data/sipakmed/raw/im_Dyskeratotic/CROPPED/110_04.bmp,487c9d9c722c633bb8bdc72a11ac01fceda542fcf630f01da856b9277775c4f8
research-lab/data/sipakmed/raw/im_Dyskeratotic/CROPPED/111_01.bmp,8fb35f1b659d872927f63b1978dbc48b91613b3e59bd2a44194c3e3e04612de5
research-lab/data/sipakmed/raw/im_Dyskeratotic/CROPPED/111_02.bmp,9eec960f7b18db2cd062b78740036fe7084e46c4134758c6a8b12b9a02df9510
research-lab/data/sipakmed/raw/im_Dyskeratotic/CROPPED/111_03.bmp,d7205791d2b69e99141b993468a11d368aa884dfa96e639876e71e821fd27927
research-lab/data/sipakmed/raw/im_Dyskeratotic/CROPPED/111_04.bmp,1e3c2d9fccda5f62e3928e7edf2d0ec5596036e0c681648dd8cf42f1590459dd
research-lab/data/sipakmed/raw/im_Dyskeratotic/CROPPED/111_05.bmp,e8e4f4b3f6e500633cb078a262b3a0730d8142d01c9822ff41017d338abec99d
research-lab/data/sipakmed/raw/im_Dyskeratotic/CROPPED/111_06.bmp,f013ba7aca0deb6e5dd574031fd808abdc382d179eb2c33d8f8c206ffbcffe72
research-lab/data/sipakmed/raw/im_Dyskeratotic/CROPPED/111_07.bmp,0f1907592c8a4f3b0f633b97011ae16be6c697c2182233b7a1031f34efaf46eb
research-lab/data/sipakmed/raw/im_Dyskeratotic/CROPPED/112_01.bmp,90c8c9e911c405316d39de3445daee95517422108cd6a18afb16d804a8aa0bee
research-lab/data/sipakmed/raw/im_Dyskeratotic/CROPPED/112_02.bmp,0bfe98a32e9e8b3527983ed9e4c15d6404d67c0134447a2d8230edce12bd35f0
research-lab/data/sipakmed/raw/im_Dyskeratotic/CROPPED/112_03.bmp,f4175e9a750742aaf735a18e9d955a17203875f9764d541abf533476ac4420fd
research-lab/data/sipakmed/raw/im_Dyskeratotic/CROPPED/112_04.bmp,66919d4546a6ce17940120f94cbcb41a800178ea2271b2d14e587e7c62a203cc
research-lab/data/sipakmed/raw/im_Dyskeratotic/CROPPED/112_05.bmp,5e07d8535abe73fc7a4d6b5051ca5911b92bbbc5b4f01e202f567f3bf8212cb0
research-lab/data/sipakmed/raw/im_Dyskeratotic/CROPPED/112_06.bmp,df7614d7208cb6ab7a73feb9bba88e0f30af4cda95bab651d8a7d95e5af3d19c
research-lab/data/sipakmed/raw/im_Dyskeratotic/CROPPED/112_07.bmp,23695306db502e859f3b7ad33b8ef3ead98011d61bc641f8805fc0b3597962b5
research-lab/data/sipakmed/raw/im_Dyskeratotic/CROPPED/112_08.bmp,6c9bd3354b644558818c3f680a1e0d19668c23973f01b512ab046574675ddb9e
research-lab/data/sipakmed/raw/im_Dyskeratotic/CROPPED/112_09.bmp,39e9a09b302a416a307b00b7c1ae66c1cf88ce1697b50277c8ad926bac9b941f
research-lab/data/sipakmed/raw/im_Dyskeratotic/CROPPED/113_01.bmp,543f5da6cc2ca533884ccbe3634a6057226ac7467d4de90db604634229af4540
research-lab/data/sipakmed/raw/im_Dyskeratotic/CROPPED/113_02.bmp,8b24f8d8bc66e7733e96bbb8ab093c2efb73559be15bc79beef907203d47cc80
research-lab/data/sipakmed/raw/im_Dyskeratotic/CROPPED/113_03.bmp,3faf9183a82631bb03f909289d9285c9f808c7231cb29256b4b2994598a2baf5
research-lab/data/sipakmed/raw/im_Dyskeratotic/CROPPED/113_04.bmp,35fe281d01f6c8d20a2cc02d817cc9769b62eb478e449bf111682f87443258e5
research-lab/data/sipakmed/raw/im_Dyskeratotic/CROPPED/113_05.bmp,064459ccb623b8fa7eb1ed3bbbf82d70aecbecf0a2bfca7f65ea250fc011f02a
research-lab/data/sipakmed/raw/im_Dyskeratotic/CROPPED/114_01.bmp,f22a526cedc9ce25e94719589a460debfdc4c5d711f8e998260dfa79129f996a
research-lab/data/sipakmed/raw/im_Dyskeratotic/CROPPED/114_02.bmp,9bd9e40d2992598436b8b8b6c194f83ea8e5663c6a9e247601606c726fae5287
research-lab/data/sipakmed/raw/im_Dyskeratotic/CROPPED/114_03.bmp,998db7f6704b85eb2a57b7fa107e4e9cc43719fb7d52c5e863fc4b202dbe99d9
research-lab/data/sipakmed/raw/im_Dyskeratotic/CROPPED/114_04.bmp,3dc09f65a2ba0cf6f60af157120457319c9b77de4be03d0463d7cf9fe99e6c05
research-lab/data/sipakmed/raw/im_Dyskeratotic/CROPPED/114_05.bmp,f10c1d5fd5aebb092327f3293f340a133ddcae3d18e9aa576713814e84d6ee28
research-lab/data/sipakmed/raw/im_Dyskeratotic/CROPPED/114_06.bmp,cc13b88490372d7af5ef2d4e76ed3789c582fa3dc215955794edf109a9814349
research-lab/data/sipakmed/raw/im_Dyskeratotic/CROPPED/114_07.bmp,39821b8b7a0294106f443f46b7fae769d5ac864951abe713ad44d646a5db6713
research-lab/data/sipakmed/raw/im_Dyskeratotic/CROPPED/114_08.bmp,b9026337f030d0f14578c7e32d3c7288b7c12d48217e2da6e66f0705adf0faf0
research-lab/data/sipakmed/raw/im_Dyskeratotic/CROPPED/114_09.bmp,62de2e08770ccdd1b7aff2a5648cfa437519bc721583ae0275d043b0a141e27b
research-lab/data/sipakmed/raw/im_Dyskeratotic/CROPPED/114_10.bmp,596e4ae20d55ee931aa21b2d089a12c7afdefdf83dcef37e2d1a68c0faef91af
research-lab/data/sipakmed/raw/im_Dyskeratotic/CROPPED/114_11.bmp,7e839862a00c2e3d4425a023aa43ff7703315a945d5eb68033ad7d8cfcdddf32
research-lab/data/sipakmed/raw/im_Dyskeratotic/CROPPED/114_12.bmp,16f2884ea2e75da813237dc1e9a190457f7c29d37471adc3b03cf096f3cd8459
research-lab/data/sipakmed/raw/im_Dyskeratotic/CROPPED/114_13.bmp,1e870f1c2927d9427b3930b2d0c8fe4509ac12a8eb9ee3b9dbacb11597dc3fcc
research-lab/data/sipakmed/raw/im_Dyskeratotic/CROPPED/114_14.bmp,1f963eb5907267b7b09d9f06546714f78bce3bfed23d87f1f7459928ef788cd9
research-lab/data/sipakmed/raw/im_Dyskeratotic/CROPPED/115_01.bmp,2ed34aae27f5aa621def9d90d1cff0eb62807d94a035579a2aafb968a1353f7b
research-lab/data/sipakmed/raw/im_Dyskeratotic/CROPPED/115_02.bmp,a1aa8b6d708715b3b13afd74975d7aa6f55e9a03c6951aa75d9ff1c034c00aec
research-lab/data/sipakmed/raw/im_Dyskeratotic/CROPPED/115_03.bmp,3c514aa20f6100a46b6a2aa1e33ea082acd24a2b7f6761d90fe0de9283ca3a63
research-lab/data/sipakmed/raw/im_Dyskeratotic/CROPPED/115_04.bmp,9b403abc9ce6e141fa051b94aa65ada534b79755431f446580f8bb3e279505f3
research-lab/data/sipakmed/raw/im_Dyskeratotic/CROPPED/115_05.bmp,5b52fe653bd6772b15c431c0163d955fce17d43d51ba90ae073c8ae341791b2a
research-lab/data/sipakmed/raw/im_Dyskeratotic/CROPPED/116_01.bmp,773cf658bc0d856765d6db360e8f31fcbb958704d11b0f119103aabe8010c6bb
research-lab/data/sipakmed/raw/im_Dyskeratotic/CROPPED/116_02.bmp,af5086f137d1ed858dd054ecd50d02ba3be416b644b4e62c81d412f42879ad7b
research-lab/data/sipakmed/raw/im_Dyskeratotic/CROPPED/116_03.bmp,0e33883b018c29a0b4df9adb4ebad8df8f3c568a1b52705ce03c0f2b0d700b04
research-lab/data/sipakmed/raw/im_Dyskeratotic/CROPPED/117_01.bmp,66b7e8ab504f6cce559009011beeb675fd5aba3137f7d718452ded958ef80433
research-lab/data/sipakmed/raw/im_Dyskeratotic/CROPPED/117_02.bmp,c7a4085f8a0126cee7f6abf006460f09504d882d156e71a17902b78f37527f0c
research-lab/data/sipakmed/raw/im_Dyskeratotic/CROPPED/117_03.bmp,8859a5bc1880e19ac7daf00cd68613d8dbe04d265e63bfcb42e0c3f19d169ea4
research-lab/data/sipakmed/raw/im_Dyskeratotic/CROPPED/117_04.bmp,d716b1144854dc44f2484ea48c27bf9e21703c9a3fd41b33cb59b07d8ae1ceb0
research-lab/data/sipakmed/raw/im_Dyskeratotic/CROPPED/117_05.bmp,7ef9107f1504ed4df1a4394997638d574e2a21b346524e97e63c082d029de5dc
research-lab/data/sipakmed/raw/im_Dyskeratotic/CROPPED/118_01.bmp,dae7596da6a4587714aa50e38760f6054b400693da935eab294bf06614789b8c
research-lab/data/sipakmed/raw/im_Dyskeratotic/CROPPED/119_01.bmp,e5c21841b30a5f0a288c8f842a2bac51459eccb466fa583348c5cc7fb5c0c5ce
research-lab/data/sipakmed/raw/im_Dyskeratotic/CROPPED/119_02.bmp,047f25dab0af0b1d9ff72f3cc68245eeff2129d1910b018a7d93ff040d0c9d49
research-lab/data/sipakmed/raw/im_Dyskeratotic/CROPPED/120_01.bmp,15dcc9683c3e2c50a34642f1c0b40fa6a63903bcbbbb993929d5c4b6060bcaa9
research-lab/data/sipakmed/raw/im_Dyskeratotic/CROPPED/120_02.bmp,d4be71bd47c85b4c91748e3ff82c02c795243c23a6c457a3c73026b45eba078a
research-lab/data/sipakmed/raw/im_Dyskeratotic/CROPPED/121_01.bmp,a59da3e5ab359ccf65dd1c155f33f2ca91172b77181182836d44fdced295f83a
research-lab/data/sipakmed/raw/im_Dyskeratotic/CROPPED/121_02.bmp,e45b2a446db76f4f961f24602d0efa16cac567ac2e978fa23549326e9552c574
research-lab/data/sipakmed/raw/im_Dyskeratotic/CROPPED/122_01.bmp,ea6bdf3002eae1816413906cf24b07a7bc5b4f90f0377a0875e5d7ef7386e6ee
research-lab/data/sipakmed/raw/im_Dyskeratotic/CROPPED/122_02.bmp,e42e7400b6e6f9aaace6e64a2fda8456993226a4388b434c49266ce001c92621
research-lab/data/sipakmed/raw/im_Dyskeratotic/CROPPED/123_01.bmp,eef97d30009bbaed1999b514ef6973750224d163f495797bd7f8f8f716f6815e
research-lab/data/sipakmed/raw/im_Dyskeratotic/CROPPED/124_01.bmp,e24e58745bd8197d189684094159c8b4b63acd6d466306bb58966dd528b0025e
research-lab/data/sipakmed/raw/im_Dyskeratotic/CROPPED/124_02.bmp,090cb695ee2dc10f059dd084f404dfb02863b78ba687d793f7454af95d9fd2c3
research-lab/data/sipakmed/raw/im_Dyskeratotic/CROPPED/124_03.bmp,0a83578add4638bb9cb27ba9bde713f24c202d245bb80c2e2cea30484d9abfaf
research-lab/data/sipakmed/raw/im_Dyskeratotic/CROPPED/124_04.bmp,f3a431b82b0bf1a53313e26b7a090a5de2c152305454436e9ebfa95addc05960
research-lab/data/sipakmed/raw/im_Dyskeratotic/CROPPED/125_01.bmp,649b724425bac171efbbc18ce2fb524ac5230db0d72428b827c75fbbae4a54ff
research-lab/data/sipakmed/raw/im_Dyskeratotic/CROPPED/125_02.bmp,ec1935ddb6cf123d39a40aa316f1521d2ac8de6c73f46461bc99fd7e4bb25ee5
research-lab/data/sipakmed/raw/im_Dyskeratotic/CROPPED/125_03.bmp,4ee3fdc5e17735faa1a0fde5dcfdc23f637c79e686b6d05012d81182f2e2c21e
research-lab/data/sipakmed/raw/im_Dyskeratotic/CROPPED/125_04.bmp,bf322da63f5abc5329d1dddc22e8e81729556424c696bace9ea0a1ebcdb6da4f
research-lab/data/sipakmed/raw/im_Dyskeratotic/CROPPED/126_01.bmp,07666e0f4560bab198714d2e25a19a01b0b1bc64d476e9ace5186ef94045d79a
research-lab/data/sipakmed/raw/im_Dyskeratotic/CROPPED/126_02.bmp,36fa760387046bfa93ab8b68f696d99dab111d5ff95061102ac123e0ac3ed510
research-lab/data/sipakmed/raw/im_Dyskeratotic/CROPPED/127_01.bmp,860d28d64b5119907495d6ad78dd12f18b512231da98c37bbdfc62751b24bc0c
research-lab/data/sipakmed/raw/im_Dyskeratotic/CROPPED/127_02.bmp,3ab08c0fbf442484fe7930553472f6bdfebf579be6a096582c12247cfa98e976
research-lab/data/sipakmed/raw/im_Dyskeratotic/CROPPED/127_03.bmp,ddd0a0a7b8c1981964fcf28e3c454bc3a91d0b43ef72625ef146355f1bcbbc58
research-lab/data/sipakmed/raw/im_Dyskeratotic/CROPPED/128_01.bmp,d8467307c36c723cef6d2b913aed716de610968be1a2392867cb7855b6db2cb0
research-lab/data/sipakmed/raw/im_Dyskeratotic/CROPPED/129_01.bmp,4fbbf0cf240a5570fe35978787554d7151827165774785cefd7525f8ea933782
research-lab/data/sipakmed/raw/im_Dyskeratotic/CROPPED/129_02.bmp,8b33e802797aca08b0abad56df03d8558475f1091aecc90cb4f43e9365253e3c
research-lab/data/sipakmed/raw/im_Dyskeratotic/CROPPED/130_01.bmp,d18a9a776d9ecfc624f635c04c4437bda4eb38d7113f5abaa3f0ce5ec1f65160
research-lab/data/sipakmed/raw/im_Dyskeratotic/CROPPED/130_02.bmp,8ef1a05337051472b543eb059df3534c9bc58f8b05fc297c52e798b97792e173
research-lab/data/sipakmed/raw/im_Dyskeratotic/CROPPED/131_01.bmp,4ca4e2eb412914e2249dabf30f6ebabccc5eca7bddb6e5d6efacc8dc5c0706e4
research-lab/data/sipakmed/raw/im_Dyskeratotic/CROPPED/131_02.bmp,639f3548ac0f0a0c5bc61827b30a5377b88c1ad4c1d830beac4245ffcf43fc5c
research-lab/data/sipakmed/raw/im_Dyskeratotic/CROPPED/132_01.bmp,60c0e0c13397fc2d8cb8f3d010109ad273c9af361af7a9633eab7961b9a1129f
research-lab/data/sipakmed/raw/im_Dyskeratotic/CROPPED/132_02.bmp,ee6c0b5c246029f1af9fb1b35e2016fc5902f57b30e535c7654613cf57d6c958
research-lab/data/sipakmed/raw/im_Dyskeratotic/CROPPED/133_01.bmp,26688fa993c95de404dbb3bfafdfaa3d72c4981f00356b2d4b7aedea351e0778
research-lab/data/sipakmed/raw/im_Dyskeratotic/CROPPED/133_02.bmp,f34c26e2f45146b8424e0b0146f14e05690bbccfa87cb22ff411511c16d00a7d
research-lab/data/sipakmed/raw/im_Dyskeratotic/CROPPED/134_01.bmp,91dfa854bdfea1da61a495e30b7db5099613d4f3dfe11f9198013635234611f1
research-lab/data/sipakmed/raw/im_Dyskeratotic/CROPPED/134_02.bmp,ca8654dfb79afd4f955d3a65b3a884835916afd60a3103e93f087b9828f629b0
research-lab/data/sipakmed/raw/im_Dyskeratotic/CROPPED/134_03.bmp,8f24b37d9a881be049fbe8817aeeea04a69758b08eb81a0d7ddd84548f21cdb7
research-lab/data/sipakmed/raw/im_Dyskeratotic/CROPPED/135_01.bmp,488f0de0fa31ab845b2ef5ac8a6e7972a7229a9c5cbff236302c2c31625447ea
research-lab/data/sipakmed/raw/im_Dyskeratotic/CROPPED/135_02.bmp,6471535f7c5d2abad12dd20271b78d655fac63c5f27fd39551815a950db286d2
research-lab/data/sipakmed/raw/im_Dyskeratotic/CROPPED/135_03.bmp,a76ed9ea42be5109baa1cec29c13cfee92f657883d7aa7bb35fc441ab262ab3a
research-lab/data/sipakmed/raw/im_Dyskeratotic/CROPPED/135_04.bmp,354c916c4721fc978cca20219348fea41263406dfd0696ba88c6a5f9e3949f81
research-lab/data/sipakmed/raw/im_Dyskeratotic/CROPPED/136_01.bmp,7b051cc4568352262c1e34425c86b1e18312a72343e4bf260b1047e594dcbf3a
research-lab/data/sipakmed/raw/im_Dyskeratotic/CROPPED/136_02.bmp,74cedd1af1a9da1f92aa84949b615cef005eb22383e482791d86dd162c54ba11
research-lab/data/sipakmed/raw/im_Dyskeratotic/CROPPED/136_03.bmp,9be80e2e4c7a50c09823f0b972d1a8770e303c196bd88709e7031cb7f4dbe70d
research-lab/data/sipakmed/raw/im_Dyskeratotic/CROPPED/137_01.bmp,665bf3bd3d46ba77dc038173d45c30619a8ad77eee80dbc465ea7794ec63b66f
research-lab/data/sipakmed/raw/im_Dyskeratotic/CROPPED/137_02.bmp,e98d8246ff05198cf1652fe4541a586810fb67d30f3521d344b9075d5428e487
research-lab/data/sipakmed/raw/im_Dyskeratotic/CROPPED/138_01.bmp,3a9f754de838eef8bfaffe49dc7eb8446da6340e40fb925e8bf4be46368a8e60
research-lab/data/sipakmed/raw/im_Dyskeratotic/CROPPED/138_02.bmp,a1f29b25d3169cd5d8c1da5211ec6235ec71a58992f31c5a79bd590b91fcb747
research-lab/data/sipakmed/raw/im_Dyskeratotic/CROPPED/138_03.bmp,1d23c5f7775dff6b9a32d4997d3c2546f7defc322f9194be5ea7eef1a3bee4d4
research-lab/data/sipakmed/raw/im_Dyskeratotic/CROPPED/138_04.bmp,abae564c0650cd955fef9dd77c54f0dfc088ac7460baa37488fcd88597e03550
research-lab/data/sipakmed/raw/im_Dyskeratotic/CROPPED/138_05.bmp,d0494e4be7238dcd6df126ddc01251e0adac2ef31fdbf64a1a58ddfd502e7b0b
research-lab/data/sipakmed/raw/im_Dyskeratotic/CROPPED/138_06.bmp,653f182fe4f24af031da428497f33a41c7359d43ccecbc02c0bebdbedaf28f40
research-lab/data/sipakmed/raw/im_Dyskeratotic/CROPPED/139_01.bmp,966709927bc54fe264ea843bf82d036f4bbda4fa667c08a61d26f6cd4bb0981c
research-lab/data/sipakmed/raw/im_Dyskeratotic/CROPPED/139_02.bmp,f55b44e69aad3c396ad112cf6485014cb1174ec39bff5929aeeb33d7bad77a91
research-lab/data/sipakmed/raw/im_Dyskeratotic/CROPPED/139_03.bmp,b5552e635d98b1d427c16b376aa88b51d3b23326ac460600484335e37350cbef
research-lab/data/sipakmed/raw/im_Dyskeratotic/CROPPED/139_04.bmp,22b70cee26dcab2eed3fc56ad74462a005ebe48dbf947461050b5b13b885577a
research-lab/data/sipakmed/raw/im_Dyskeratotic/CROPPED/140_01.bmp,123afef952519468c51a09115930fffa7db6541d2c5a9b1e6e9a93c4031a2931
research-lab/data/sipakmed/raw/im_Dyskeratotic/CROPPED/141_01.bmp,e8062ad134e73e3b4b7033da19340e0ac0c8be2075c0e95a98213eeed7ab1e11
research-lab/data/sipakmed/raw/im_Dyskeratotic/CROPPED/141_02.bmp,90b6f131e9d790c863fae7a0981bd3af4cfe1925f575f3c16797f5293891b553
research-lab/data/sipakmed/raw/im_Dyskeratotic/CROPPED/141_03.bmp,8bd6261e899da5f63cdc636423d4e9cc5d071d2218f19face08a081c6559bcea
research-lab/data/sipakmed/raw/im_Dyskeratotic/CROPPED/141_04.bmp,535de56afe95420d3aa9cd05a88c1f67c82dd206259c17acacd3021f5e3cc5f2
research-lab/data/sipakmed/raw/im_Dyskeratotic/CROPPED/141_05.bmp,da4aa55db3073dcde7211457617c2b3e2d6b37cf720a79920bf62279b551ed4d
research-lab/data/sipakmed/raw/im_Dyskeratotic/CROPPED/141_06.bmp,d708f58ea37b85a9743e8ab3fdc3cad2a0f9e6e76c8f22f24d21b87249ea09ca
research-lab/data/sipakmed/raw/im_Dyskeratotic/CROPPED/141_07.bmp,67b0d2349de99718d74fc38cac980c4df801e55fec8cd963b022d0cda632bcfe
research-lab/data/sipakmed/raw/im_Dyskeratotic/CROPPED/141_08.bmp,1342b6e43e9c79bdc142b369d80c088e8806b60ef7dde3037e816ce246810ff5
research-lab/data/sipakmed/raw/im_Dyskeratotic/CROPPED/141_09.bmp,8c2d194292a55e92fe6aae5bfb1c34e668322f3254feb18c685cca1b098b9fe4
research-lab/data/sipakmed/raw/im_Dyskeratotic/CROPPED/141_10.bmp,578a27b1b6317b205015c455f4f0020cf391e410860b067bdef092a232de281d
research-lab/data/sipakmed/raw/im_Dyskeratotic/CROPPED/141_11.bmp,d8a479147f0d710d46dd7131253c59e0baabe3c1b7cb091d1ad1c64f3acc46f0
research-lab/data/sipakmed/raw/im_Dyskeratotic/CROPPED/142_01.bmp,8848c23face0621f5146c46e53afa3072cf858fc1b9c56476febd187d800b071
research-lab/data/sipakmed/raw/im_Dyskeratotic/CROPPED/142_02.bmp,28c3c485df1ab82461b4a742ad43092014b2326ea0051525a9ff23ce2465fd39
research-lab/data/sipakmed/raw/im_Dyskeratotic/CROPPED/142_03.bmp,330e1a4d46f98eaeb6e2c9c3c2df0ef1a2059b338918513a1326ef462d19a47f
research-lab/data/sipakmed/raw/im_Dyskeratotic/CROPPED/142_04.bmp,02d2e75ad4ee6ee6bb0579ba40e6bb1b0a0abeebb2bb408665a19bf019b747bf
research-lab/data/sipakmed/raw/im_Dyskeratotic/CROPPED/143_01.bmp,9f0452b3622c257866c58b0ced6e386c7894dbaa9a82cc7d2abe47d0a4aa0a18
research-lab/data/sipakmed/raw/im_Dyskeratotic/CROPPED/144_01.bmp,df33b02c47bd94f8df068d6cf64013ac9c658b3a1d3ff6d7c584bee6b6c8cd42
research-lab/data/sipakmed/raw/im_Dyskeratotic/CROPPED/145_01.bmp,e940e5fc7193aa299ad480838c53e41b06b860298a3d26cac725d10635136df9
research-lab/data/sipakmed/raw/im_Dyskeratotic/CROPPED/145_02.bmp,b767227e66875ace64262b5fe2aee4a1a4dfb3013a4324ab83b61a5efbabda4c
research-lab/data/sipakmed/raw/im_Dyskeratotic/CROPPED/146_01.bmp,07f8e6bdf8b4d4042096b629a26c283e8f2b6bf61c94c14a191987f925d3f8cb
research-lab/data/sipakmed/raw/im_Dyskeratotic/CROPPED/146_02.bmp,b8f902f5142bc747d769eb6bec7367d1fd8520d62f70d5f2ef259bf976b99235
research-lab/data/sipakmed/raw/im_Dyskeratotic/CROPPED/146_03.bmp,0a85779818b760f9f8a13fd66e1dd8031dccae9dfaf43fbe76ded3164516c09a
research-lab/data/sipakmed/raw/im_Dyskeratotic/CROPPED/146_04.bmp,7b903a2b53f5efbfd64ba57836cfa1ca975978fd1079df8798faa8ccbc4daa60
research-lab/data/sipakmed/raw/im_Dyskeratotic/CROPPED/147_01.bmp,48f7a7001cd1e81cbe57ef9c4e64900cba5bb1d49468e1bfe206281a9b749184
research-lab/data/sipakmed/raw/im_Dyskeratotic/CROPPED/147_02.bmp,0b0edabb96eb9f158616a4e14ca6cd79915b853ac431d4a2fe7fa54c182cea00
research-lab/data/sipakmed/raw/im_Dyskeratotic/CROPPED/147_03.bmp,412cb555e87a21aea7faefb0f1938135c40fa534d57b7cadea99e2dd2bc878e5
research-lab/data/sipakmed/raw/im_Dyskeratotic/CROPPED/147_04.bmp,fde3ffda55a936c20b4ee37a17f3470bc8d87c831e0b8d33aa8aa69f4d1f639e
research-lab/data/sipakmed/raw/im_Dyskeratotic/CROPPED/148_01.bmp,cea23ebcd787bbee4699fc91de507672cbf12d4ae43997473dc892ca9d550a09
research-lab/data/sipakmed/raw/im_Dyskeratotic/CROPPED/149_01.bmp,64a373c1d39f3690206967bde4726ad105f4ce2259aa869fd9cda25390829d7c
research-lab/data/sipakmed/raw/im_Dyskeratotic/CROPPED/150_01.bmp,011c3893a98b0620e268c3872c4f20c36d95a33f25d7e970e5a7d94f09dc61f4
research-lab/data/sipakmed/raw/im_Dyskeratotic/CROPPED/150_02.bmp,99f3d46fc6338988eb390e3e6e5dfe3f00d7f8c457e55ad9aa274560c674cb8a
research-lab/data/sipakmed/raw/im_Dyskeratotic/CROPPED/150_03.bmp,5e071e63d9379f59809442bb71e12da2905861c93963bebd1c2710844f19788e
research-lab/data/sipakmed/raw/im_Dyskeratotic/CROPPED/151_01.bmp,662d65434b340aceeabe15d9c87b6dcfcbc41b233e8ed3873fe8aa1f69c7dc57
research-lab/data/sipakmed/raw/im_Dyskeratotic/CROPPED/152_01.bmp,4146b25e09572b6f9cc10001761f1e7ffcbe1238f4eb67adf7d12e5caefbb192
research-lab/data/sipakmed/raw/im_Dyskeratotic/CROPPED/153_01.bmp,84f65b223bf936a69a4ef1037d35a801ccd9025b1d202e2eb122db7d44305fcd
research-lab/data/sipakmed/raw/im_Dyskeratotic/CROPPED/154_01.bmp,375403d686d4d379faf54ff40edf2c9b0eaa2078f8a1add6cd71cf2000016440
research-lab/data/sipakmed/raw/im_Dyskeratotic/CROPPED/155_01.bmp,452c3a9370e5306010d21d2240c7962951e72eb4fccabedaa40bf66e9bc87246
research-lab/data/sipakmed/raw/im_Dyskeratotic/CROPPED/155_02.bmp,7100aca8d4b791939ec973a8017ca54a3107d60d03b4e82902a3248175616508
research-lab/data/sipakmed/raw/im_Dyskeratotic/CROPPED/156_01.bmp,996bf84797ea890cd62559ac6774e2537c73bd4ad51c3ff93079b813ccaa98b2
research-lab/data/sipakmed/raw/im_Dyskeratotic/CROPPED/156_02.bmp,e4d242a3e21f8f661248aaa078bb00ac59080318e95200d906f805a42bd64743
research-lab/data/sipakmed/raw/im_Dyskeratotic/CROPPED/156_03.bmp,8f884a6cf91c067becb835bc51e28531e3486529ef45739a3227ff6a6410fdc9
research-lab/data/sipakmed/raw/im_Dyskeratotic/CROPPED/156_04.bmp,9a599d7fc268906ce65b6c7f9a37acd379fd20adf630dcdaaa78c77bfd094a45
research-lab/data/sipakmed/raw/im_Dyskeratotic/CROPPED/157_01.bmp,705ba9fa9d8db37cf18531fbc2a4f34236e12904552e9c5ee07bf0c7a3a6006d
research-lab/data/sipakmed/raw/im_Dyskeratotic/CROPPED/157_02.bmp,52b20a3892236bd1e9186474f671d078bb8bda58b362b4b4f8c252a58a9a5163
research-lab/data/sipakmed/raw/im_Dyskeratotic/CROPPED/158_01.bmp,51071a30d48730bc56aa5827a25a2e42b7bb59f9301596128a1c8bfc9a3ba13b
research-lab/data/sipakmed/raw/im_Dyskeratotic/CROPPED/159_01.bmp,7039c7cc39ba333cc195b1661a7bf24e81a6650228d3d1b84cf7330f8049d2ae
research-lab/data/sipakmed/raw/im_Dyskeratotic/CROPPED/160_01.bmp,a27201b2d366c1f886077d5e4e7fcf37d51d4a4ed7f1f35db8cb96f7e2048d2b
research-lab/data/sipakmed/raw/im_Dyskeratotic/CROPPED/160_02.bmp,9f206dbb5720824e244baa451d3be536ae085c867821ded32387cf709bd009ff
research-lab/data/sipakmed/raw/im_Dyskeratotic/CROPPED/160_03.bmp,dbfba68edca3a4181d601fee64db3487bba3f3fe0ec1e076930163ed382bbdf8
research-lab/data/sipakmed/raw/im_Dyskeratotic/CROPPED/161_01.bmp,23666fd2d4fda4eb512d6dc936c52a2c105642d2b1b85352835d4fca5afb6a37
research-lab/data/sipakmed/raw/im_Dyskeratotic/CROPPED/162_01.bmp,abb47678a83d28472ecc0b34d9340bfbbede698358640475f5c0b26d6dc98432
research-lab/data/sipakmed/raw/im_Dyskeratotic/CROPPED/163_01.bmp,e8aeafb9aa599cbb6da7242644c325087c42ab8d979324dcd52373f7dab24edd
research-lab/data/sipakmed/raw/im_Dyskeratotic/CROPPED/163_02.bmp,553cc3efe29c07ab65f7333422c17223af57491a38a7835e747030466d04e0f7
research-lab/data/sipakmed/raw/im_Dyskeratotic/CROPPED/163_03.bmp,65a1110ef24080b7ba7e564f6cb6e2bc1bee1c672791f8d58151a74565d9a1d6
research-lab/data/sipakmed/raw/im_Dyskeratotic/CROPPED/163_04.bmp,8d76c453e8f28f35305e371795adb777bee1d8ac85d8a2672f64aa6ff1336d22
research-lab/data/sipakmed/raw/im_Dyskeratotic/CROPPED/163_05.bmp,8b0f140ab8b4174e1f26f08fba988e49f945c0f9384e52f176d42fce94f61d7a
research-lab/data/sipakmed/raw/im_Dyskeratotic/CROPPED/164_01.bmp,d8ad8825dc4820e864fd410d1992ac8c207d2bd4e7d8d958fbc3011fbef065d8
research-lab/data/sipakmed/raw/im_Dyskeratotic/CROPPED/164_02.bmp,0bd2e5c846f22759488ef288eb9164cf9ea4491e1eb395c9fd6f56eb4b7f0e55
research-lab/data/sipakmed/raw/im_Dyskeratotic/CROPPED/164_03.bmp,865139edb85665d2bce0fafe80835e9e74cca607c8e32d37b33af08e36a18a18
research-lab/data/sipakmed/raw/im_Dyskeratotic/CROPPED/164_04.bmp,84e0585906eebd2aa15e4839f9ff725cfd29c7858492d9e4f4c6e41333344a74
research-lab/data/sipakmed/raw/im_Dyskeratotic/CROPPED/164_05.bmp,9056fcd834f5f41288b63a7a18435c6de9f736004eb8c9764ccb965a109d3850
research-lab/data/sipakmed/raw/im_Dyskeratotic/CROPPED/164_06.bmp,85beaeaa8d1affb4bcaccd5bc40a1e8276e72b2a44d658bda87fb0f12d5cf609
research-lab/data/sipakmed/raw/im_Dyskeratotic/CROPPED/164_07.bmp,cc8d2eacea7d1915b7a998ae15c0625ae18c81a1fa35a6129b51ff61185bc186
research-lab/data/sipakmed/raw/im_Dyskeratotic/CROPPED/164_08.bmp,bde99b91e7478746aea1350ebe459ba4ac031b97c72c5b2eff96271690bd635b
research-lab/data/sipakmed/raw/im_Dyskeratotic/CROPPED/164_09.bmp,81fc88f7e3a060e1433f611f7303004b9db81b2f29271127894eedb09968cd6a
research-lab/data/sipakmed/raw/im_Dyskeratotic/CROPPED/164_10.bmp,27fb2e63fcc74d5318ced67a531ae66eb733581f8988b19499488807f42f1c9b
research-lab/data/sipakmed/raw/im_Dyskeratotic/CROPPED/164_11.bmp,af5be56b1de49e843d91cf071e38e62f9f57d5c63667ac4ec56336acb02d3077
research-lab/data/sipakmed/raw/im_Dyskeratotic/CROPPED/164_12.bmp,184cbbf84f0b2a8c2a88de3aced0d6d90afbcb951ad5147cdffbf566f9bee535
research-lab/data/sipakmed/raw/im_Dyskeratotic/CROPPED/164_13.bmp,1f8907fcc3b29b8c38cef970ed141c6d3bb175515dd9c6dfe39a0103b989c9ce
research-lab/data/sipakmed/raw/im_Dyskeratotic/CROPPED/164_14.bmp,c017fb1482baed217e6433d8946899d91e26fdf703d7323e4d007c16967782f1
research-lab/data/sipakmed/raw/im_Dyskeratotic/CROPPED/164_15.bmp,75b6eac0ab9331043357576a266b14999118c5dbba6353536a8a43269e5ab1d9
research-lab/data/sipakmed/raw/im_Dyskeratotic/CROPPED/164_16.bmp,5b96dad681b3f0e00268add118e8772baeda7b4c47b88ca1abe6e503892225b3
research-lab/data/sipakmed/raw/im_Dyskeratotic/CROPPED/164_17.bmp,114d602ec917e48dcfd8efc24549515c7e0a0890240540b25570d2b022030ea5
research-lab/data/sipakmed/raw/im_Dyskeratotic/CROPPED/164_18.bmp,03cf945561b749c1b316af65209ec83d5a75a2d5ac04209f101b3f9dea473da6
research-lab/data/sipakmed/raw/im_Dyskeratotic/CROPPED/164_19.bmp,419d6bc14feb103b75055f0e6e3ea80d68b4803e1096d3094395de243c4708e3
research-lab/data/sipakmed/raw/im_Dyskeratotic/CROPPED/164_20.bmp,b157fc71e795c8a5908e65804e4df706e2ce2f4cd57e205f18a4d4058408fcc2
research-lab/data/sipakmed/raw/im_Dyskeratotic/CROPPED/164_21.bmp,4ad739774c91da2447fd1268a6c8c73ca265065132ad2c74965efcb0f29e9d3d
research-lab/data/sipakmed/raw/im_Dyskeratotic/CROPPED/164_22.bmp,ee1b1123bf114e9072c986f87a9533785c50bbf5dc2c74ae3388f63bb19e0a52
research-lab/data/sipakmed/raw/im_Dyskeratotic/CROPPED/164_23.bmp,0f4d0fda2ad521c8a1c3275b31d6b27f415b19ca2c401a93a133876cdce999d0
research-lab/data/sipakmed/raw/im_Dyskeratotic/CROPPED/164_24.bmp,37317a16e7cae9b9e6feb001900ad8ef0206a115497380f7d1202895de7c6040
research-lab/data/sipakmed/raw/im_Dyskeratotic/CROPPED/165_01.bmp,4ee0c1afa17dcedafcdb399dd3fc5d30f07e4e8f6c096661b82f78dec773efef
research-lab/data/sipakmed/raw/im_Dyskeratotic/CROPPED/165_02.bmp,d8464ae49637c14a2ed9753279e60b10dc2155161610dcf208e72d0c02bb3184
research-lab/data/sipakmed/raw/im_Dyskeratotic/CROPPED/166_01.bmp,1f83f1dedf5fc514c62b6f5b819d5f2d1242a44e8e39b1d5250447e664de4edb
research-lab/data/sipakmed/raw/im_Dyskeratotic/CROPPED/166_02.bmp,8fe7136a726bcfbb9d26bd94b9a69b0f2ec0c9034b18035af3fd7e38fae10b73
research-lab/data/sipakmed/raw/im_Dyskeratotic/CROPPED/166_03.bmp,d53acfa28f11b86fa2fa8fd21a863d8aedfc0e9ffc722dbc3acac6ec4842ed6f
research-lab/data/sipakmed/raw/im_Dyskeratotic/CROPPED/166_04.bmp,5b4b80ec5cab05a3b5a1a1657d12b4e6ff392ea3274fc5dec70c43a7428792e7
research-lab/data/sipakmed/raw/im_Dyskeratotic/CROPPED/166_05.bmp,a5f6f809b5e0e4c5a04d31200cc32d749ecd9c0af92d3cde788e1c5c670e2318
research-lab/data/sipakmed/raw/im_Dyskeratotic/CROPPED/166_06.bmp,59bada659990bffee6f3b98a1cd487c606d096ff5782531c687e3ae20c3ef10f
research-lab/data/sipakmed/raw/im_Dyskeratotic/CROPPED/166_07.bmp,488d01fc84045c059a3e67b8498d82946cadb7ea552c6c73c6dc41f5e69bed3f
research-lab/data/sipakmed/raw/im_Dyskeratotic/CROPPED/167_01.bmp,c84037479557220f1fe1e8f714d46e71469b2c4cb56c400885d4020f2171b996
research-lab/data/sipakmed/raw/im_Dyskeratotic/CROPPED/167_02.bmp,3ea6b3f2f28b28f0970ed8fc92db6898f6091a57f00fdc1d9f110aeb870fc515
research-lab/data/sipakmed/raw/im_Dyskeratotic/CROPPED/167_03.bmp,a65f4ed55cc9592ab5c65f12a55fc5078a7a71756ace7afcd80be26ba2f496f5
research-lab/data/sipakmed/raw/im_Dyskeratotic/CROPPED/168_01.bmp,7c52efe581c3468c2d3ed99e353cc1f18029df3a09821eec404b735a0191cc55
research-lab/data/sipakmed/raw/im_Dyskeratotic/CROPPED/168_02.bmp,f34479c31f154f05f8785e00ed9dff8f982eaf4f7eed4474f2c18af56dee3f4f
research-lab/data/sipakmed/raw/im_Dyskeratotic/CROPPED/168_03.bmp,2c26d879af11d62f8806e40c55e35713747ed5e33da02c2751681bb024c4710a
research-lab/data/sipakmed/raw/im_Dyskeratotic/CROPPED/169_01.bmp,be3e7da095dd68fe7b8236eec8ee01dd29ee719a97b9a80dd904afaffb75db33
research-lab/data/sipakmed/raw/im_Dyskeratotic/CROPPED/170_01.bmp,1b48c26138bd1d06c54531d062f4bc985de9f8ede3d03441bcbd74e34732de9f
research-lab/data/sipakmed/raw/im_Dyskeratotic/CROPPED/170_02.bmp,9f24f3b4501500437f1276384e2bb579b2ba138891b31b8580c32ba602e493dd
research-lab/data/sipakmed/raw/im_Dyskeratotic/CROPPED/171_01.bmp,5962beb9f4b9f3a614fe036bda0442d00221b915acb9c250583770b18510bffb
research-lab/data/sipakmed/raw/im_Dyskeratotic/CROPPED/171_02.bmp,f11bed445539c654d12edcca59483791158d4db1e0cce448cd8db7e6ebed001d
research-lab/data/sipakmed/raw/im_Dyskeratotic/CROPPED/172_01.bmp,942ba6e1086750c9d41ef5ce7fdc023754551bda677454fb1caa03b4f7b2f91d
research-lab/data/sipakmed/raw/im_Dyskeratotic/CROPPED/173_01.bmp,683fbccb822e4ad1e6406d50d3c846e73baf7f80572ea25da11bff71841423e4
research-lab/data/sipakmed/raw/im_Dyskeratotic/CROPPED/173_02.bmp,30dd7a4081efbf3a78f0608b715e684e9ac265a8f5d7eced5e8a83a79c81257a
research-lab/data/sipakmed/raw/im_Dyskeratotic/CROPPED/173_03.bmp,b8f62d9ae035c9d388b14cafb4fc49ddcd7b1d08ed3e7cdd10187b1382f36528
research-lab/data/sipakmed/raw/im_Dyskeratotic/CROPPED/173_04.bmp,5943fb3d9a7a516accc3d07523f9bb8cd7cc8258d3dc2cc6d6977d6f79009f9a
research-lab/data/sipakmed/raw/im_Dyskeratotic/CROPPED/173_05.bmp,7f3820755b0d453a89e0c0caf57b915d5512178e8672d633ac54092e32a5d847
research-lab/data/sipakmed/raw/im_Dyskeratotic/CROPPED/173_06.bmp,62ae52de7ecf64fe253b18d87823a2e452fc8f4ea07681a1c09465026aa9f818
research-lab/data/sipakmed/raw/im_Dyskeratotic/CROPPED/173_07.bmp,7567a66f43095f9730182df1c863d9128b0273a59ca8dee6fa89b9b36c44ba83
research-lab/data/sipakmed/raw/im_Dyskeratotic/CROPPED/174_01.bmp,d44badb376dcd9cede829b6300e59731304c14441a30d9bd910e45b67278811d
research-lab/data/sipakmed/raw/im_Dyskeratotic/CROPPED/174_02.bmp,2e803b9dcc982cc78b1c4eb6523afbce194450a35c0bbaaacb0041ceacabf48b
research-lab/data/sipakmed/raw/im_Dyskeratotic/CROPPED/174_03.bmp,1766ebbd0b439c13fea5e6761b8bab97182f5b5146d225d4ada26dac2b6f1b25
research-lab/data/sipakmed/raw/im_Dyskeratotic/CROPPED/175_01.bmp,eb54cc77f674430f3ed56572733b01d1f4f0d2fbd992ccea49377e4e5ac814ea
research-lab/data/sipakmed/raw/im_Dyskeratotic/CROPPED/176_01.bmp,a312a975d12518b6b6f271d93df20441b87fb9b8154d6b1af22d6d1a03f6d091
research-lab/data/sipakmed/raw/im_Dyskeratotic/CROPPED/177_01.bmp,faf04efd57dd20ab36245c34520cfdf43be93bc5a1e205e99f7c3270edba10a6
research-lab/data/sipakmed/raw/im_Dyskeratotic/CROPPED/178_01.bmp,6048b10301c51c96dd042618f2460c4c59231a08354e84b1d9e4faf90a186848
research-lab/data/sipakmed/raw/im_Dyskeratotic/CROPPED/179_01.bmp,6870c62f8d2ff3cb69eae8a622ee0a7ede737648ddf13daf1a8aefa02819da48
research-lab/data/sipakmed/raw/im_Dyskeratotic/CROPPED/180_01.bmp,23aa82990c113b67d46a559339a14765c146dc878f34e4fbcea10582da5def03
research-lab/data/sipakmed/raw/im_Dyskeratotic/CROPPED/181_01.bmp,76876f529bf63b69f971d93cd536071eab748a27845ea9563191113eeda3d9e0
research-lab/data/sipakmed/raw/im_Dyskeratotic/CROPPED/182_01.bmp,5c76e010ee796402432e4e7cb430db1bfb76ff189fc20d13fe5a2c6c41507cc9
research-lab/data/sipakmed/raw/im_Dyskeratotic/CROPPED/183_01.bmp,89300bc05ed4092c460165e633b86ed6c5cbc7545fdb46b06bc3d5655d3671fb
research-lab/data/sipakmed/raw/im_Dyskeratotic/CROPPED/184_01.bmp,056bd2c27fcfc6d3682d2ba126887a06b412d979acd066f9e6f8ec4a73c2bc57
research-lab/data/sipakmed/raw/im_Dyskeratotic/CROPPED/184_02.bmp,dddacd66147420933dd7163bbd74f1e2a83e080789d4c88c6c37d3864d1defb6
research-lab/data/sipakmed/raw/im_Dyskeratotic/CROPPED/184_03.bmp,607a01037884a20446beab15b8dd45a9774082fa6117c4aaf1c49cb6dff6aa8b
research-lab/data/sipakmed/raw/im_Dyskeratotic/CROPPED/184_04.bmp,4f053cb5c920aca2134edef9a30be4f7bd589eee08b029d14481446684443f0f
research-lab/data/sipakmed/raw/im_Dyskeratotic/CROPPED/184_05.bmp,4dccf565c04531ad610f8061038a4d0bbec7d13149fb564aa9885c3da4eedfd0
research-lab/data/sipakmed/raw/im_Dyskeratotic/CROPPED/184_06.bmp,608a24f6ef1c112025ef89bd0535bb68dc9493bb22678657d2376fce141cdffd
research-lab/data/sipakmed/raw/im_Dyskeratotic/CROPPED/185_01.bmp,7eb84848fd0ddb1e11bff119e7bef49c9413d60a399cc14a41bf3b8ae21115da
research-lab/data/sipakmed/raw/im_Dyskeratotic/CROPPED/185_02.bmp,2fb73f2a32bde2ba75e9c6ae1bd5e77aab2f774b93cf969f481a567641dc4629
research-lab/data/sipakmed/raw/im_Dyskeratotic/CROPPED/186_01.bmp,059ed17090813b6a59d57413a7aba6f0a6725ebe42d8f831e662d65250c38872
research-lab/data/sipakmed/raw/im_Dyskeratotic/CROPPED/186_02.bmp,ac0bfc6836eac5255c8d59e0ca852febe9cec0c52b867015c2e506ebb0469a81
research-lab/data/sipakmed/raw/im_Dyskeratotic/CROPPED/187_01.bmp,b7825d2b113c4fe15d886ff196c75f93f36137220f2b73c48626ba6fec213b93
research-lab/data/sipakmed/raw/im_Dyskeratotic/CROPPED/188_01.bmp,12b25a4cc60caeb690ba7881de73c31de1c410bfb29c3bbc3d4d7ef6babaa955
research-lab/data/sipakmed/raw/im_Dyskeratotic/CROPPED/189_01.bmp,0b17907c02f2f7a79c65d6cee231cbba836400269d1f982faccaf145988c2166
research-lab/data/sipakmed/raw/im_Dyskeratotic/CROPPED/189_02.bmp,f80544b231dd3569bdb111307c3fc88f3f12cd0423209f24574b396d3ac64bd1
research-lab/data/sipakmed/raw/im_Dyskeratotic/CROPPED/189_03.bmp,7463dfdf295c4e53758461e2a27be83a587f340e89ca2c5be1cc1cd0ef0c8784
research-lab/data/sipakmed/raw/im_Dyskeratotic/CROPPED/190_01.bmp,bd158d7d94e9a7a7fd7f38189c3b2aa877cdb347cab82863236eba54dad9e865
research-lab/data/sipakmed/raw/im_Dyskeratotic/CROPPED/191_01.bmp,5d99928c11af9ca1523f2c922f2b6c10b6bed8988cd595125fe2a0b2afdfc5e2
research-lab/data/sipakmed/raw/im_Dyskeratotic/CROPPED/192_01.bmp,79d003f619ab9321a09cc23dce319abfbcb73a46fd1688eacd106987a6578c8f
research-lab/data/sipakmed/raw/im_Dyskeratotic/CROPPED/192_02.bmp,72c312acc62284a1acad3e9c42acfc2d63f2173a3479819e128683999e18a53c
research-lab/data/sipakmed/raw/im_Dyskeratotic/CROPPED/193_01.bmp,d427e5eb866f10eaa8b4526e5d9a28d63326089a7efcc719f2c0b4a04bef63dc
research-lab/data/sipakmed/raw/im_Dyskeratotic/CROPPED/194_01.bmp,e4ed0cbc6c841e203e2eaf08dc4cddbc4327a5de014ad9e6fa1d945b6d59c20b
research-lab/data/sipakmed/raw/im_Dyskeratotic/CROPPED/194_02.bmp,756639af6352276ec293e5ccb7bcab5a2a661bb333e47f3719ebc3035dfab30c
research-lab/data/sipakmed/raw/im_Dyskeratotic/CROPPED/194_03.bmp,82088e723739d77cf283b6bdb79ca7ba24602dbeaf0d53cb0fbd98e419286f0d
research-lab/data/sipakmed/raw/im_Dyskeratotic/CROPPED/194_04.bmp,b1c9831c91f5faf3b8dd02a3051abd25b87f33d901469271c21ca6961393db8e
research-lab/data/sipakmed/raw/im_Dyskeratotic/CROPPED/195_01.bmp,b2f1ff68e5972df38e169b67b22b9c72d7d3bfe2bed097d7c82309c87b4a3b0d
research-lab/data/sipakmed/raw/im_Dyskeratotic/CROPPED/195_02.bmp,7bf98b9b5025b1891e88183a8298da59b7aa2834716fb726df782552bfd0de8a
research-lab/data/sipakmed/raw/im_Dyskeratotic/CROPPED/196_01.bmp,3b7c193ca4713f386df92bdc3e9f6d433065edbf949f91536f14053d692476cb
research-lab/data/sipakmed/raw/im_Dyskeratotic/CROPPED/197_01.bmp,1cbd2221e9b9c042a03aae863571ac313094e6ee82bf880ce1f777f6470f2478
research-lab/data/sipakmed/raw/im_Dyskeratotic/CROPPED/198_01.bmp,8db6e38ce5e680fd1450e9ed83f66221022b1e815025d30e69f0d43adacb4836
research-lab/data/sipakmed/raw/im_Dyskeratotic/CROPPED/198_02.bmp,c8396e2c26b76a8aefa6820bedd5eeed4129a9fb4c5735cf06341e96911e727b
research-lab/data/sipakmed/raw/im_Dyskeratotic/CROPPED/198_03.bmp,51e23aba16d57c2cddf5a1af03b3e263f13dd95756ed477c1e51921d291dcf5c
research-lab/data/sipakmed/raw/im_Dyskeratotic/CROPPED/198_04.bmp,6556740ad25404a531e9ebe03d2a90cdbaeaddf73ef2303989c0b63c78077feb
research-lab/data/sipakmed/raw/im_Dyskeratotic/CROPPED/198_05.bmp,fade2266e249c58e3c7186b453659b8a5213811bf272b9ef1698855f4ecf6bf6
research-lab/data/sipakmed/raw/im_Dyskeratotic/CROPPED/199_01.bmp,102fd6b6514a86a34652234d246fc10efaa8c8a9b2dc69993e87436150f89d2d
research-lab/data/sipakmed/raw/im_Dyskeratotic/CROPPED/199_02.bmp,4668a935ae420ad0ef24db1eb99f7450453483bc5bfda64a23c425aac514995f
research-lab/data/sipakmed/raw/im_Dyskeratotic/CROPPED/199_03.bmp,f5cb25c99919cbe04da8c7ea0ecf8405746bf8077a3ffe494fb489bcc9ceaf3e
research-lab/data/sipakmed/raw/im_Dyskeratotic/CROPPED/199_04.bmp,2ae05ef57bb3399f9730a8acf551cf3b6dc69bffcbf0d73f50eff179e6a7b1ec
research-lab/data/sipakmed/raw/im_Dyskeratotic/CROPPED/199_05.bmp,5f903d0292c2be1492854745b5d2fd8beb58a40eb58efee18087fe87cb352ee3
research-lab/data/sipakmed/raw/im_Dyskeratotic/CROPPED/199_06.bmp,a1cb84f6080e035f1361bdd332f588d22e68606166b0675ecd2f5ab302f08977
research-lab/data/sipakmed/raw/im_Dyskeratotic/CROPPED/199_07.bmp,4cc1c796529e590f1fd504e652d5046e1f72091a28df1151ab317a2aa7548b1a
research-lab/data/sipakmed/raw/im_Dyskeratotic/CROPPED/200_01.bmp,22efc5dc1baab0da48f4d9d58ee59ec99f16639a84fd2032312ea8ea802a50b4
research-lab/data/sipakmed/raw/im_Dyskeratotic/CROPPED/201_01.bmp,6007aab8643707a74ef4ffc8930277e8d00119662562fa8aa0acfeb17868791e
research-lab/data/sipakmed/raw/im_Dyskeratotic/CROPPED/202_01.bmp,57fbfd92e1b0c36b9aa871b834b879c71ba1ce7944d90fe93bb14abfd09fa965
research-lab/data/sipakmed/raw/im_Dyskeratotic/CROPPED/202_02.bmp,5aaeff5b7a128bca3084969ab7564ff37727d25d7e7836d64cbfc14eb95912be
research-lab/data/sipakmed/raw/im_Dyskeratotic/CROPPED/203_01.bmp,ea69652036d6c132cf4568fee402e996e8a7ccec50d2699c26e9e2909679421d
research-lab/data/sipakmed/raw/im_Dyskeratotic/CROPPED/203_02.bmp,eab3fc5f2545f166bddf82cf53596c06e93f84471f70c7970907f391be25a6c9
research-lab/data/sipakmed/raw/im_Dyskeratotic/CROPPED/203_03.bmp,85c9cb881b8bf2908ee1a7aad06d745dcd56545e59d9b20adf8b8e4fffc5860a
research-lab/data/sipakmed/raw/im_Dyskeratotic/CROPPED/203_04.bmp,5043b75a2514de7ed4edb5e314cbd900d5ede1d3fe5176f396affaa0f9d28c9c
research-lab/data/sipakmed/raw/im_Dyskeratotic/CROPPED/203_05.bmp,6c1111aab7d760857d9dcc65949bc019e68b317ecc837726bbddd893420119ef
research-lab/data/sipakmed/raw/im_Dyskeratotic/CROPPED/204_01.bmp,b29df00b9534075739a65379f295edff9904a758bd2d9dd90c96d3e1d0e3dd68
research-lab/data/sipakmed/raw/im_Dyskeratotic/CROPPED/204_02.bmp,a274da76e441fb6237e10d66ed121697a4af6b8988560e1297388ca0d0def805
research-lab/data/sipakmed/raw/im_Dyskeratotic/CROPPED/205_01.bmp,cac98eabc39a45abe2a35cb0077fb93728e8cd2ca736ad365e0dc08a7307d244
research-lab/data/sipakmed/raw/im_Dyskeratotic/CROPPED/205_02.bmp,e21937144f59df13d2f543d5aa66e3d20fcb0853b44361aa772b5b233d0a00d3
research-lab/data/sipakmed/raw/im_Dyskeratotic/CROPPED/206_01.bmp,e71dcc7ae7ec1256adc4744c4291942735fae057e7cb64e592cea97fb8e94d6b
research-lab/data/sipakmed/raw/im_Dyskeratotic/CROPPED/207_01.bmp,a3fb63eb58949a00db7e5afcd9ecdbdba29b475e068da01776dc355c7296ca54
research-lab/data/sipakmed/raw/im_Dyskeratotic/CROPPED/208_01.bmp,5e43ab022f4a7f50670b446b7b682742f1d4ff81d24be949f8d3b684c13c63e2
research-lab/data/sipakmed/raw/im_Dyskeratotic/CROPPED/208_02.bmp,ad80bf7126bf956dceff23b0b7403513cb2bd5429088acc8c697bc51d29ba164
research-lab/data/sipakmed/raw/im_Dyskeratotic/CROPPED/209_01.bmp,247fa4d9c5d2a911669b6d16837464390abc22ec53ce691daf2f5f6ba8ca238f
research-lab/data/sipakmed/raw/im_Dyskeratotic/CROPPED/209_02.bmp,8990167a1e222b9258c9d1e9583fc309890480d522d10a6afa3d4aedf584d61b
research-lab/data/sipakmed/raw/im_Dyskeratotic/CROPPED/209_03.bmp,49500615f39e06f09333e277641c5282e1dce51580842fa340bf43824568b631
research-lab/data/sipakmed/raw/im_Dyskeratotic/CROPPED/210_01.bmp,aa4e0f4f5a25a1a1bb00dc4bba408e41ceb91d4ea22d9de7caec580b4a16942b
research-lab/data/sipakmed/raw/im_Dyskeratotic/CROPPED/210_02.bmp,1f22da8864012f0c8bdc161cfeee410bd7218773ed11754db0a239571bb0419f
research-lab/data/sipakmed/raw/im_Dyskeratotic/CROPPED/210_03.bmp,ad5f5c1fe2320a3bb836e0e9fca246c117353d312a5c733cf9dff155901b1954
research-lab/data/sipakmed/raw/im_Dyskeratotic/CROPPED/211_01.bmp,7195a702ceb9e32df0e09de19dd37731c681a09f75aeb269c203a2208b4fbdb5
research-lab/data/sipakmed/raw/im_Dyskeratotic/CROPPED/211_02.bmp,222470db3cf15337ab01a682aca5e89464ce055b94f5e119e3426103e8a64710
research-lab/data/sipakmed/raw/im_Dyskeratotic/CROPPED/211_03.bmp,f213e9a8972599d6bfaeda0f3487fdfb695beffdf10fcb5f525d2d9083c12f52
research-lab/data/sipakmed/raw/im_Dyskeratotic/CROPPED/211_04.bmp,cc005518f98dd2e8bd8cfd2ef972ce50fdaf7bf1932e181bc65a30ce6c2346b3
research-lab/data/sipakmed/raw/im_Dyskeratotic/CROPPED/211_05.bmp,165614a34614d2eb6514f1732c72798cc2a846ad720afee797bd293577a14fbe
research-lab/data/sipakmed/raw/im_Dyskeratotic/CROPPED/211_06.bmp,f9218e711a0c341ca13f68454bdec7932f762549b4d3520607bcaa378687dbff
research-lab/data/sipakmed/raw/im_Dyskeratotic/CROPPED/211_07.bmp,e29d097fea8d40114706cb203f479e278b08dca18cd625c618ab5f611ca9ed66
research-lab/data/sipakmed/raw/im_Dyskeratotic/CROPPED/212_01.bmp,f7afa3b14385fbd1454aaacd1970b6b76b971ada608dd702680b00076987c7b6
research-lab/data/sipakmed/raw/im_Dyskeratotic/CROPPED/212_02.bmp,65fdd0eac5314a0a1e1b74ee7fd33839a104f89d65cd788e7e883ba59b1333ea
research-lab/data/sipakmed/raw/im_Dyskeratotic/CROPPED/213_01.bmp,d8117ddb683291af6c8f57f06a12cf1233b3f54471669facb72728089aed157e
research-lab/data/sipakmed/raw/im_Dyskeratotic/CROPPED/213_02.bmp,7f46ce5fe783cac9d221bc8e1f475379f98bcfa85f9230fe84349699c681ddd3
research-lab/data/sipakmed/raw/im_Dyskeratotic/CROPPED/214_01.bmp,a98050bcfa86d3ba0093848eb3ddd3260135771cbd1b7b21690f84e9c2ee0a80
research-lab/data/sipakmed/raw/im_Dyskeratotic/CROPPED/214_02.bmp,d30af8d983da48292744cb784b031f089fb7be94e70906d93131f3bf198e49dd
research-lab/data/sipakmed/raw/im_Dyskeratotic/CROPPED/214_03.bmp,a30a6da8274622ccabc0cbf8d1aa407d4b12af63702da0c050ce1ab3cd1cd74e
research-lab/data/sipakmed/raw/im_Dyskeratotic/CROPPED/214_04.bmp,aab9a24b7e4001e0fcabb64e3671a2410b67bf6f7832a2db42f3cf350cbe216a
research-lab/data/sipakmed/raw/im_Dyskeratotic/CROPPED/215_01.bmp,f843dd08f3ce00d4ba2cf8f8fa3516db87c01eb6f0e636a06d020c764cc1c5e5
research-lab/data/sipakmed/raw/im_Dyskeratotic/CROPPED/215_02.bmp,fa3350f75fc4c888c3c7657e39a255ae24903f27902dc98eb5043e06847c9a50
research-lab/data/sipakmed/raw/im_Dyskeratotic/CROPPED/215_03.bmp,919a4730a68746a8b511161b84c8a9eca0a8cca21a9618bb4843cc8c0504526b
research-lab/data/sipakmed/raw/im_Dyskeratotic/CROPPED/216_01.bmp,2db59893019336c9d732fcefff4e03b1fa2bde3cf4ca8cecbd66e144a00923a5
research-lab/data/sipakmed/raw/im_Dyskeratotic/CROPPED/216_02.bmp,a83c4e8889cbaea8dbd2598230b6598a356fd0db6274801b97d161a8c70f7957
research-lab/data/sipakmed/raw/im_Dyskeratotic/CROPPED/216_03.bmp,6d1bce756b75ebfa618aeb7b2b83cad1a5080653ab7ccace63565fb064aa7562
research-lab/data/sipakmed/raw/im_Dyskeratotic/CROPPED/217_01.bmp,f6a3bbe06f3393ed1ae0a4f4a43272af7165f282f47189e13e8c17d4496e970b
research-lab/data/sipakmed/raw/im_Dyskeratotic/CROPPED/217_02.bmp,f939ba074578bde24af26811e58b1524629a9f8b6d1d6a01b63919c31d0d0bce
research-lab/data/sipakmed/raw/im_Dyskeratotic/CROPPED/217_03.bmp,ab2e2384ecbbd074665ae47ed02cdb0824a1d5358533f43f37789f2a52486584
research-lab/data/sipakmed/raw/im_Dyskeratotic/CROPPED/217_04.bmp,79008a43d82439481701a163bec0c04da42ab03474d5059bc53ca5ff442d9295
research-lab/data/sipakmed/raw/im_Dyskeratotic/CROPPED/217_05.bmp,b85a95bcfbba9bb3fccb6eff065799264a14835c82910ab3a5f2e688f8f8788e
research-lab/data/sipakmed/raw/im_Dyskeratotic/CROPPED/217_06.bmp,9c449354d49b5d7b7ba58e2e8efe78f268ea6aedec2c7c95613b071b6e607437
research-lab/data/sipakmed/raw/im_Dyskeratotic/CROPPED/218_01.bmp,03e9595f8f1eb615081f14148ebc062d6497bbe985083835aba428d2cf53c780
research-lab/data/sipakmed/raw/im_Dyskeratotic/CROPPED/218_02.bmp,dabe696c1d6ab99060f1ad9d6853853ab3bf382f4e0225dd9a56037b4459d63b
research-lab/data/sipakmed/raw/im_Dyskeratotic/CROPPED/218_03.bmp,38388a601fdec9def524fac9b22aca0fbb7d7fa88ac76fa8284eb6dc5ee25e61
research-lab/data/sipakmed/raw/im_Dyskeratotic/CROPPED/218_04.bmp,7546081b472c2c0f31f7e4d7daf0d6b6a51452183283e0ea13c4858a61b84330
research-lab/data/sipakmed/raw/im_Dyskeratotic/CROPPED/219_01.bmp,e2ff9053538ab50c2804153b1880a9ac9b345bb54964c7d1187a569c28b90014
research-lab/data/sipakmed/raw/im_Dyskeratotic/CROPPED/219_02.bmp,9345352b39c09e4d0ee541972f6a7cb24768ce9de7e1e0dd1565068c654515fd
research-lab/data/sipakmed/raw/im_Dyskeratotic/CROPPED/219_03.bmp,f8d484753f8d897b712fe905b9c309f49febb4e1dd116fc5929902ebdd82487c
research-lab/data/sipakmed/raw/im_Dyskeratotic/CROPPED/219_04.bmp,b400826f400341ecd0bdb98c75a28fe23c4c2b76139acc2d47d5714fc0966591
research-lab/data/sipakmed/raw/im_Dyskeratotic/CROPPED/219_05.bmp,dc45d2c0ae5656bfc64070cdd3e05d8c79ad27d54fac6a4ce93b58853f211028
research-lab/data/sipakmed/raw/im_Dyskeratotic/CROPPED/219_06.bmp,c5e91ba9e3d977d8050773d07c198bdff5fc0546958985bcb4020b1b68132c18
research-lab/data/sipakmed/raw/im_Dyskeratotic/CROPPED/219_07.bmp,aad64fe3173ab5531758c2609e5ecbeca17e8577cabd9c49aed9f477124add2d
research-lab/data/sipakmed/raw/im_Dyskeratotic/CROPPED/219_08.bmp,6d96998c527d06445f57cf2ce8021c689cfdeaeb7aa79e2024557f9a2753595d
research-lab/data/sipakmed/raw/im_Dyskeratotic/CROPPED/219_09.bmp,e03b36a3e6546d61a7521620e899d4d12a181307e5a74f28d9169a1e94c3e55a
research-lab/data/sipakmed/raw/im_Dyskeratotic/CROPPED/219_10.bmp,e296032e48c360c50ab10bcc45978411d6d7fbd987f60bbfee9319fa99a461dc
research-lab/data/sipakmed/raw/im_Dyskeratotic/CROPPED/220_01.bmp,f28314418464d3208acbcb1d4790b923e83c5113ff2a39fac6e154003cc01acf
research-lab/data/sipakmed/raw/im_Dyskeratotic/CROPPED/220_02.bmp,b523f437092075bf6d3645da5abb7b73288f66c7491396370c0004061f0fdcf4
research-lab/data/sipakmed/raw/im_Dyskeratotic/CROPPED/220_03.bmp,3bc35fe869f0387412dbbcc67bcdf851e6e3f9ee7aac24b9310c1953745ee64a
research-lab/data/sipakmed/raw/im_Dyskeratotic/CROPPED/220_04.bmp,023da050157145fe398854c069cf96397826da1a6f9d8f74e4aba793c9f5a22e
research-lab/data/sipakmed/raw/im_Dyskeratotic/CROPPED/220_05.bmp,83885f0f5bb661fa651c3e20412e092b8007cbdfe2c48a046dadbb392b25d771
research-lab/data/sipakmed/raw/im_Dyskeratotic/CROPPED/220_06.bmp,337bdf87d47af9fe8097e8495b9351087dc0ad506835984c9319df058f13c41e
research-lab/data/sipakmed/raw/im_Dyskeratotic/CROPPED/221_01.bmp,e5c1cad8189805b61f317ae55d5dfb205dbfa37e5df5ce187bf4ce06b4808f33
research-lab/data/sipakmed/raw/im_Dyskeratotic/CROPPED/221_02.bmp,7333f0e54504d97fe1c77d1c61f58e0849c91430b3b50ed230a89628913f336c
research-lab/data/sipakmed/raw/im_Dyskeratotic/CROPPED/221_03.bmp,eba6e5c8676e11a61c83af316082ba6f6fe625824f2d049c05e20f3766c469e0
research-lab/data/sipakmed/raw/im_Dyskeratotic/CROPPED/221_04.bmp,a31417d2f89a6f20c224bc5601d0c3777823a4ddff0224547d22a5a6929c0ef7
research-lab/data/sipakmed/raw/im_Dyskeratotic/CROPPED/221_05.bmp,8f8c74a041e09d659642237b3cd6006661e38398017813133880e6fc60aeab86
research-lab/data/sipakmed/raw/im_Dyskeratotic/CROPPED/221_06.bmp,775a64d053c668518824dfb8b06f7264d43cff48920930c105896a1d607fc7ff
research-lab/data/sipakmed/raw/im_Dyskeratotic/CROPPED/221_07.bmp,0c515ba85a4c9ca2e93efd6aca7aee9b6747e0e282573ed42dec32c65cc609f9
research-lab/data/sipakmed/raw/im_Dyskeratotic/CROPPED/221_08.bmp,c26be79171f8705e705a69fd4a1812f04fdaedf846154f0046ef1e9c00177b9e
research-lab/data/sipakmed/raw/im_Dyskeratotic/CROPPED/222_01.bmp,f5d6aa8e56761931cc9dec0ceb49872caa117be160a19aab6af99a0fd45e74f2
research-lab/data/sipakmed/raw/im_Dyskeratotic/CROPPED/223_01.bmp,5fd771680842ffb92f000366dd43551fcf74a2c86e71a30e529b331fc13060f0
research-lab/data/sipakmed/raw/im_Dyskeratotic/CROPPED/223_02.bmp,f569e4f2090ab82264ca4d08cd2d8d5202a3ec912e615ce34f7d0a73ed689379
research-lab/data/sipakmed/raw/im_Dyskeratotic/CROPPED/223_03.bmp,ac529addcc33120dbb9898710f74a8c8d18224b67a40685ecf8c503e1a1dd70c
research-lab/data/sipakmed/raw/im_Koilocytotic/CROPPED/001_01.bmp,39dfd49760694fb50e586be01a3c06d93b00aff6710623e773283f6bd8fd3855
research-lab/data/sipakmed/raw/im_Koilocytotic/CROPPED/002_01.bmp,317be092507558726c404ff77ed4aaac6dd02fd864254eaf051f43dc982cc817
research-lab/data/sipakmed/raw/im_Koilocytotic/CROPPED/003_01.bmp,bdefb40f3ebd64791eb13c73eb3330c857548da6f0fc6b0bb250a693554ce52d
research-lab/data/sipakmed/raw/im_Koilocytotic/CROPPED/004_01.bmp,d54150b0648bf29e3a0b86530c93bd615ab8e64000229d6a1364c77b02717a63
research-lab/data/sipakmed/raw/im_Koilocytotic/CROPPED/005_01.bmp,587786a808ab5d90db8a72251b01ae9eda71f26d151f20246a5c7572c48f6d50
research-lab/data/sipakmed/raw/im_Koilocytotic/CROPPED/005_02.bmp,8f60bf97fce49cc9e51f56cd012da68bf8eae163ee058c570ab1d7dab17a67c9
research-lab/data/sipakmed/raw/im_Koilocytotic/CROPPED/006_01.bmp,98ae24c1badb4d4b3ab2d9b5adba9ece36d732b6b3c34d3ab1d5d258b28e517e
research-lab/data/sipakmed/raw/im_Koilocytotic/CROPPED/006_02.bmp,56dfc09f5a379a23bfcfe895f86d3a1a38f6f613e1d6e8534c2caf65208e681e
research-lab/data/sipakmed/raw/im_Koilocytotic/CROPPED/007_01.bmp,2512d6a9fbc35668c4f74bfdfa0bf782ad315f4f2b057fd6fa896e71b372eecc
research-lab/data/sipakmed/raw/im_Koilocytotic/CROPPED/007_02.bmp,cf62e2210b3b5639bcb824ee596d1b409d042f46b482af505c0f2ab6eb765090
research-lab/data/sipakmed/raw/im_Koilocytotic/CROPPED/007_03.bmp,9fbf86fc63a11702b4943261901b5e60e879e347ad0d855536cce4f3f283928e
research-lab/data/sipakmed/raw/im_Koilocytotic/CROPPED/008_01.bmp,b8c644997b75f41e0fc1280218db1d0c0f76f3d49e5a682b9c8b1593aa687017
research-lab/data/sipakmed/raw/im_Koilocytotic/CROPPED/009_01.bmp,aaee542a9536467f5607ec1f11670f27f393c571df9ca54628d4357b172afa52
research-lab/data/sipakmed/raw/im_Koilocytotic/CROPPED/010_01.bmp,f36da513a8ce927ad1fa85448f627b5e4d1ea8b01b3d4073f8bf8887c92ab3b8
research-lab/data/sipakmed/raw/im_Koilocytotic/CROPPED/011_01.bmp,99b821f1d3e72f1b4718f30f4a8aee4cd4a6d01f404a57db4baf81b88b6a1f12
research-lab/data/sipakmed/raw/im_Koilocytotic/CROPPED/011_02.bmp,1f618195c1f39a09b62e221380dda8e06debe92ea5f292293909d76969526b05
research-lab/data/sipakmed/raw/im_Koilocytotic/CROPPED/011_03.bmp,b4e1c7df557675b0797ab193c2ca4ce219bc5f8064701916c72b0f8f84674d26
research-lab/data/sipakmed/raw/im_Koilocytotic/CROPPED/011_04.bmp,e4f54bf2e59c00ea3c71d1e874803cadce6b3e4ab91df4ca6317237920fe1092
research-lab/data/sipakmed/raw/im_Koilocytotic/CROPPED/011_05.bmp,20d69ba3470413ccc0d9f51c2f605324a8e5820c702f87371bda08584855bcef
research-lab/data/sipakmed/raw/im_Koilocytotic/CROPPED/011_06.bmp,a8a7662d727417cf0fa889bfb5babe4f429fb96206de50699cf610e15f9407b3
research-lab/data/sipakmed/raw/im_Koilocytotic/CROPPED/012_01.bmp,26d6e2eb5802f2f6f434c67ddcb41dfa282b7cf007d10fb26b371df89c594fd9
research-lab/data/sipakmed/raw/im_Koilocytotic/CROPPED/012_02.bmp,8d6b8586db63dec3b48cf3221cd3fb625a64cc9167a9419dc329559329fc1202
research-lab/data/sipakmed/raw/im_Koilocytotic/CROPPED/013_01.bmp,4429d5f8a959c1e9ffb05d9edc19cec369402ccf7ad75c61b94c05772df781da
research-lab/data/sipakmed/raw/im_Koilocytotic/CROPPED/013_02.bmp,03b5ab5eff653443419cfd740d9f7d2fc3bbb1449aa3cabcb86bd3517c7bb997
research-lab/data/sipakmed/raw/im_Koilocytotic/CROPPED/013_03.bmp,82a009b43c330c7638ba4db3632380579e2d38184b8e0937662e770edbf3f1ac
research-lab/data/sipakmed/raw/im_Koilocytotic/CROPPED/013_04.bmp,f47221605d6d50f86a1a2e4f702c3125e9de12ab3504f432034ea7132a627619
research-lab/data/sipakmed/raw/im_Koilocytotic/CROPPED/014_01.bmp,eb1dc0f1121f345aa6a1106085db09b3ad968943a9f50d6732f19fda43b2dba6
research-lab/data/sipakmed/raw/im_Koilocytotic/CROPPED/015_01.bmp,d11f439d2ef7e42e9f4dbe2bde7a3494f1a82c6364246801a0b3bdbfe7355c6f
research-lab/data/sipakmed/raw/im_Koilocytotic/CROPPED/015_02.bmp,9121a696caf667093f361fca2160de9ac410d57ed500be1ed7fd881446702340
research-lab/data/sipakmed/raw/im_Koilocytotic/CROPPED/015_03.bmp,4b0598eccf53299f85941d6f791547ceb5583b3959221009aeaabc4577eec021
research-lab/data/sipakmed/raw/im_Koilocytotic/CROPPED/015_04.bmp,b7bfbc0ed15477e5fa5bf70c3da07e540ac01d87b1b32722001acd6ca6ff8dc7
research-lab/data/sipakmed/raw/im_Koilocytotic/CROPPED/015_05.bmp,220c72af5a2462a1cc29016806a6cb3676c281a98716b3b4a07d475ab242f797
research-lab/data/sipakmed/raw/im_Koilocytotic/CROPPED/015_06.bmp,dc3ae8ed47a74ebecaf42a56dafef50cd7cd74bd6e3c78592fedd0d59bbe194d
research-lab/data/sipakmed/raw/im_Koilocytotic/CROPPED/015_07.bmp,d3a77fed192195ad0e3f71b37dc495a2b2e55ddb82fe96618f3ad82c61dd98be
research-lab/data/sipakmed/raw/im_Koilocytotic/CROPPED/015_08.bmp,f902df3876e0d223c8a3c049fc7440e17bdb8b973d34acafb89be1a0f80a6536
research-lab/data/sipakmed/raw/im_Koilocytotic/CROPPED/016_01.bmp,8919d4a5b01db955f164dec66d07ad299ccc37a0d9eb81cef5c020ab462627a8
research-lab/data/sipakmed/raw/im_Koilocytotic/CROPPED/016_02.bmp,56e8335a7d1c89f51859ebc80a342f5f9aabd1e1d0b3feb34528094228c6d773
research-lab/data/sipakmed/raw/im_Koilocytotic/CROPPED/016_03.bmp,1e9cb94d1d5138d2b39f3cafa16991a32102b18de4a96bd3521738caab014d10
research-lab/data/sipakmed/raw/im_Koilocytotic/CROPPED/016_04.bmp,74cc1168c9558d2fdffa6dcddc8e6f402d89c23206815ce06f09c01608c430c0
research-lab/data/sipakmed/raw/im_Koilocytotic/CROPPED/017_01.bmp,358a0f3ba595d789fecba58f3648ff3ea934a5806719bbaa4415a9d5413081bc
research-lab/data/sipakmed/raw/im_Koilocytotic/CROPPED/017_02.bmp,7ddb316a43b424817342959bf8110f5f7cd32a3af789c56f3f45d6e25fb33448
research-lab/data/sipakmed/raw/im_Koilocytotic/CROPPED/017_03.bmp,ec352a323a41b53fe940264b9a275a8e5e4cba3612b645a4d9506231ad084dce
research-lab/data/sipakmed/raw/im_Koilocytotic/CROPPED/017_04.bmp,fd177713666ee24131ca982a8ecbe8cd1d3b35c8e3554ddd6389e4a4ff6ff211
research-lab/data/sipakmed/raw/im_Koilocytotic/CROPPED/017_05.bmp,7508f8313e59053350a2d825629e5c157d784753e4232f1d6ac32abac41398d3
research-lab/data/sipakmed/raw/im_Koilocytotic/CROPPED/018_01.bmp,482f638bc66341b7600ef7efe898426957b5d6bb27277a4654d253bb071c2aef
research-lab/data/sipakmed/raw/im_Koilocytotic/CROPPED/019_01.bmp,c4299b52fa2ce95633789d42e1a8212d3e133b169bf55a9b5a6e1d02845c549e
research-lab/data/sipakmed/raw/im_Koilocytotic/CROPPED/019_02.bmp,c53c9841c54f8dbe81cf6ea4f3a9e34f31b69656ef0c786b9023f420544613d4
research-lab/data/sipakmed/raw/im_Koilocytotic/CROPPED/019_03.bmp,b11165a0b5b03277a153f1769f379946dccdf0ec806da37222ed84373298a151
research-lab/data/sipakmed/raw/im_Koilocytotic/CROPPED/019_04.bmp,ac019f895d39b20592d19122d081b3e8349beff94cd3f4f51568a58db67b32af
research-lab/data/sipakmed/raw/im_Koilocytotic/CROPPED/020_01.bmp,1b58e9330207178313ee176d0fdd5ba864df041a175b89b4697af97904c1f0e0
research-lab/data/sipakmed/raw/im_Koilocytotic/CROPPED/020_02.bmp,ef2a9c454eedc3de9e28dcced7ef8c9a27ec078f85e49ffd0c3d9c25678fac09
research-lab/data/sipakmed/raw/im_Koilocytotic/CROPPED/020_03.bmp,dd1d550a2c19f54eda70a7befae46a84d767e31b6f06b3873c520fe51bc50b0e
research-lab/data/sipakmed/raw/im_Koilocytotic/CROPPED/020_04.bmp,1c078bcffd517c36ee81e733e0aa036208e0e20691e44fc4dad9bc8ff3b6da83
research-lab/data/sipakmed/raw/im_Koilocytotic/CROPPED/021_01.bmp,c6dcfbd68fd286ff30c2e4ea8aad09dd5a9e425936aa55d9e9f401057ef6f24a
research-lab/data/sipakmed/raw/im_Koilocytotic/CROPPED/021_02.bmp,785a0ca95ca0eb86dd2ccb3cde9533926b35b625836cb33f3a78c1283e39fc39
research-lab/data/sipakmed/raw/im_Koilocytotic/CROPPED/022_01.bmp,3c9baf2ef0607f2c288ca4a89b3368954240a944985c592a9f3acfff39754bed
research-lab/data/sipakmed/raw/im_Koilocytotic/CROPPED/023_01.bmp,70cdbe945fe97183bc57ad08496a76901c64c44a135bd8cfd4c340540e2b816e
research-lab/data/sipakmed/raw/im_Koilocytotic/CROPPED/023_02.bmp,43b90ce63788d3bb0af26ed6e96c7e32f3b8eeac8b58fd17c554e989b05cade1
research-lab/data/sipakmed/raw/im_Koilocytotic/CROPPED/023_03.bmp,5c80cc319a2fd66da10ccc9f06a66a0d1c7bb4ac057496dd2a65631a527da833
research-lab/data/sipakmed/raw/im_Koilocytotic/CROPPED/023_04.bmp,3a1327334d9f28ae341640659ee6a857a716d00aea5f21bbd51216275186e6ba
research-lab/data/sipakmed/raw/im_Koilocytotic/CROPPED/024_01.bmp,27da04e511aa4e4bb21e04e745ad5788471898ab074d96d2f325b0bf15788372
research-lab/data/sipakmed/raw/im_Koilocytotic/CROPPED/024_02.bmp,b192be945555dd2a77c6a06e5f64c4039534b91e29ec3069093d1eb782a7bedc
research-lab/data/sipakmed/raw/im_Koilocytotic/CROPPED/024_03.bmp,fded77d172623f63859b48fb811e822dc08f079efde4e2ad1d55dbf8a0c5f584
research-lab/data/sipakmed/raw/im_Koilocytotic/CROPPED/025_01.bmp,5b5064dbb2ffcbb88fef9ee8f50f4f1b726d0d2b2acc90cc6192e94b2168de71
research-lab/data/sipakmed/raw/im_Koilocytotic/CROPPED/025_02.bmp,f942f2dabf065f2a39e2a6ba6dd4f5e12a63d8e8436ecd06d4569359483f37fd
research-lab/data/sipakmed/raw/im_Koilocytotic/CROPPED/025_03.bmp,52b1edcd82e3efe7549ccc0032e520ad016530954b5a634a25c48292821f44d8
research-lab/data/sipakmed/raw/im_Koilocytotic/CROPPED/025_04.bmp,5fac1dc3412f75323dd823242100e7d5d0ffcaf40b37d3fea56cb9527f4a41b0
research-lab/data/sipakmed/raw/im_Koilocytotic/CROPPED/025_05.bmp,113d0275bedee6f74c7e17af3adb36dc8f0bbc74e1b5b71273080248d1b6d2fb
research-lab/data/sipakmed/raw/im_Koilocytotic/CROPPED/025_06.bmp,a66a5077f9d4b08876cf5b57a7bebd856dc0dff67c3fc3415522962aa10076a9
research-lab/data/sipakmed/raw/im_Koilocytotic/CROPPED/026_01.bmp,926f5f1bb52b034709f697c234bc48d3c390bbe99a01642bfcba879101d20ab4
research-lab/data/sipakmed/raw/im_Koilocytotic/CROPPED/026_02.bmp,ea81f3e8843a3b278db63805108bc693ac84241d1eff3ea222346f29800e55ad
research-lab/data/sipakmed/raw/im_Koilocytotic/CROPPED/026_03.bmp,f1181920b8e5b18c14ae6a6b337933f3011ef8bfbfb55abd526e4765b2de6528
research-lab/data/sipakmed/raw/im_Koilocytotic/CROPPED/026_04.bmp,945e69c83cd94775e2783e86c0eeaf7a65fd5d82240f614cbd9ff4456b57ee78
research-lab/data/sipakmed/raw/im_Koilocytotic/CROPPED/026_05.bmp,b6316e8400e66774e20323f68ef8a575753b618c8da607609e583013ac233900
research-lab/data/sipakmed/raw/im_Koilocytotic/CROPPED/027_01.bmp,7e24a961ab7def7d53ecf8db5d45e009698e2881bf904a03d8816f3d7551876a
research-lab/data/sipakmed/raw/im_Koilocytotic/CROPPED/027_02.bmp,d81cda3098f8fc430bc99e716c92d6146de9b7141efad84a98e6ec8622c84b15
research-lab/data/sipakmed/raw/im_Koilocytotic/CROPPED/028_01.bmp,0647c0dd199fe3c76f1822e0e55a770e47a4da5e7e7dae3c6d5771bce5d8cc2d
research-lab/data/sipakmed/raw/im_Koilocytotic/CROPPED/028_02.bmp,681d1ef4eb90159633f8b76c05b0dd40dbba2096bb75ce5b0fd800aacba2d04b
research-lab/data/sipakmed/raw/im_Koilocytotic/CROPPED/029_01.bmp,d1e5f7f43972235acfc46ff0d3c7f0ee944634e967d6ab200c20a2d4ec7269f5
research-lab/data/sipakmed/raw/im_Koilocytotic/CROPPED/029_02.bmp,636fb1240b4c32cb35e352b1402359277160283acd9d3e6e68a3f4dd73280325
research-lab/data/sipakmed/raw/im_Koilocytotic/CROPPED/029_03.bmp,c5c215f1cf4ed6d033debd13e8d791006192c510b246ce203698a7c272a36676
research-lab/data/sipakmed/raw/im_Koilocytotic/CROPPED/030_01.bmp,5956547f7842e88626b10df9deff4513fbdd15adb4ea09aafe7513a8055a0961
research-lab/data/sipakmed/raw/im_Koilocytotic/CROPPED/030_02.bmp,b69211d12fb5a964258bf5281af95556d113db8ba3eedaa15883cf83023f87b5
research-lab/data/sipakmed/raw/im_Koilocytotic/CROPPED/030_03.bmp,becefee4fde7d20b3ad1c673bdfbec0faab2b96480a1186817c75d161b005e01
research-lab/data/sipakmed/raw/im_Koilocytotic/CROPPED/030_04.bmp,1cf59a74ceb85ca1744f1ca4e11937a7467d8fc269ab7d35b5645ee441058f66
research-lab/data/sipakmed/raw/im_Koilocytotic/CROPPED/030_05.bmp,b3e9be5adacd4e86079f247673a32c90a0e546d5ac14cb065c9a8b2ada22be0e
research-lab/data/sipakmed/raw/im_Koilocytotic/CROPPED/030_06.bmp,0841c474ed860ecfe557db8070ad8cfeb7a638f4b0b5a9912a28799b894dc795
research-lab/data/sipakmed/raw/im_Koilocytotic/CROPPED/031_01.bmp,7fe80b534c05885db5a72806fe1d908636dfbee4adccc1842980e0944db4ef5d
research-lab/data/sipakmed/raw/im_Koilocytotic/CROPPED/032_01.bmp,548182e279a6aaefd000bfef6ec700b921614a5c778adae8a13ad81bc5c67d43
research-lab/data/sipakmed/raw/im_Koilocytotic/CROPPED/032_02.bmp,302cb96fdc8466729d2ee348703a4c0a45b7bbb213bcaba60c6ac15e1a3de347
research-lab/data/sipakmed/raw/im_Koilocytotic/CROPPED/032_03.bmp,1db2647aa65fb7bf2bba4b4a767c39c9c6c488911224f35cb512d8126368e127
research-lab/data/sipakmed/raw/im_Koilocytotic/CROPPED/033_01.bmp,3fbdf792f4012789bfe435e39915c7f615e2bd02038cb18942eed93ec5a4399b
research-lab/data/sipakmed/raw/im_Koilocytotic/CROPPED/033_02.bmp,1907b3f7935b7e09e6772d43ea6314ed82aae06128464ab513a6d42084ac52ad
research-lab/data/sipakmed/raw/im_Koilocytotic/CROPPED/033_03.bmp,ca89ad340db81c62f97a273e2d39a3dbf6369fc9adae5d4c7cde87ee5185a449
research-lab/data/sipakmed/raw/im_Koilocytotic/CROPPED/034_01.bmp,9ea63760c651ea467c5e0ee0b280198845d3f099dd354dac056812afc881c170
research-lab/data/sipakmed/raw/im_Koilocytotic/CROPPED/034_02.bmp,1731c637f0b49bee96a1d3e3e77e72984a799b6f3fb71b1bab7c6d483f47d228
research-lab/data/sipakmed/raw/im_Koilocytotic/CROPPED/034_03.bmp,df9a52ec18acd6a9b04d48069e3445f9b69d8ab30c51504025223d5129f307dc
research-lab/data/sipakmed/raw/im_Koilocytotic/CROPPED/035_01.bmp,0000ea3c281f27f5822cb6fa4584e553c2b9d687aed7689fda3c2f8a8c941293
research-lab/data/sipakmed/raw/im_Koilocytotic/CROPPED/036_01.bmp,eac2821d7a32498eae92ebaeb2f792b78eaff56b614bfb92340a6a1c6d11a91f
research-lab/data/sipakmed/raw/im_Koilocytotic/CROPPED/037_01.bmp,2638e2b141add6a676495c8837bd8a2fc6f28bba8aaa5c0c5669b9ca4cf76c10
research-lab/data/sipakmed/raw/im_Koilocytotic/CROPPED/037_02.bmp,6d1600b95e13f0f18ca00585402af8bb15d58471cde593b2dcfd50b9f005bd5f
research-lab/data/sipakmed/raw/im_Koilocytotic/CROPPED/037_03.bmp,19891aebb095d247416f0b446e72ba1a5d7a0d06e3eaeae71ecd6da6ae2aab8e
research-lab/data/sipakmed/raw/im_Koilocytotic/CROPPED/038_01.bmp,f0cfe4222eab4635ff9a0da21484c2c613ff4bfff3b4990bf9a1d9a7f343d7b3
research-lab/data/sipakmed/raw/im_Koilocytotic/CROPPED/038_02.bmp,c55e91757f86bb3fc1c309db8846cb81a3b4584993f079b5f3b60daaf48b5567
research-lab/data/sipakmed/raw/im_Koilocytotic/CROPPED/038_03.bmp,0e85435c6aafba850434f1c6859d8f7ccfcac9a7fd31a634bdbe216c000163ee
research-lab/data/sipakmed/raw/im_Koilocytotic/CROPPED/039_01.bmp,08fe45c2cffbd6ebadaee6d8cb2efc5a534ef3618b1fe10c9603c72cd287c5a6
research-lab/data/sipakmed/raw/im_Koilocytotic/CROPPED/040_01.bmp,96029d45ede0b970653d182efcd19d6511f2e677afbc6632639cd8d1c962be8d
research-lab/data/sipakmed/raw/im_Koilocytotic/CROPPED/040_02.bmp,2ad2e95eef474231f0b490d985bbcf5a11ef87dfb42108299cbf2ac78b97a0eb
research-lab/data/sipakmed/raw/im_Koilocytotic/CROPPED/041_01.bmp,23dfc53c080d7cefdc5ad7e83bfef67dc849ac147c2086a12a60b6d22f7d57e3
research-lab/data/sipakmed/raw/im_Koilocytotic/CROPPED/042_01.bmp,a46b35e4ff8b0f12b3f8c5aa551a3f833e06ec04829f6a39b565a2c49d3d94e4
research-lab/data/sipakmed/raw/im_Koilocytotic/CROPPED/042_02.bmp,ec11d102dc0667fc8c9c8eedb629f352fa53f0ca907c6427d31f7f4b8dbe8ebf
research-lab/data/sipakmed/raw/im_Koilocytotic/CROPPED/042_03.bmp,a6912dbb82f770ecd901a91a9e759fe2cbc34667b2bc0b152e3fc643722ed0d1
research-lab/data/sipakmed/raw/im_Koilocytotic/CROPPED/043_01.bmp,76366ab01cf4c5846ab8afb0c3459492dccda2f1fcf8262801691f0363d2e312
research-lab/data/sipakmed/raw/im_Koilocytotic/CROPPED/043_02.bmp,ce4b8eb78703c511325833d6d868ec3d2b58b8eea6ae058456bd2f149b0553ae
research-lab/data/sipakmed/raw/im_Koilocytotic/CROPPED/043_03.bmp,a7b09237706204d16359353bf4d56f9db0f048e2f8bbe2a78d373bc8058d891f
research-lab/data/sipakmed/raw/im_Koilocytotic/CROPPED/043_04.bmp,2d9548ed64428871dcadc802e7892f7897e06db17ac09a9772a893a45c8377ce
research-lab/data/sipakmed/raw/im_Koilocytotic/CROPPED/044_01.bmp,b3c2fd0c3c09ccb868f3800ec6a6c3566858b495a73f596bd0c8228fbcd32e0a
research-lab/data/sipakmed/raw/im_Koilocytotic/CROPPED/044_02.bmp,3e41b0ff4c1e23977c8801bb3a0fc99130723abff68f37847f827970c4232e7e
research-lab/data/sipakmed/raw/im_Koilocytotic/CROPPED/044_03.bmp,bc790dd545e01471f1a55c00ba7e1452e858d3a2a4d86543c318851f6c83093d
research-lab/data/sipakmed/raw/im_Koilocytotic/CROPPED/045_01.bmp,5e1a1f56c326b52678b3b9aea3831173354640f6b259088951569e27e23f04a7
research-lab/data/sipakmed/raw/im_Koilocytotic/CROPPED/045_02.bmp,50ba4c1fdc8c4ce066364e75d5bf756a83e3e3ed3a2669916866e1c7eccbf7c6
research-lab/data/sipakmed/raw/im_Koilocytotic/CROPPED/045_03.bmp,c77ec2527008a9223a798450283dd3eca2a71da266abce6198ec3b61d697faee
research-lab/data/sipakmed/raw/im_Koilocytotic/CROPPED/046_01.bmp,ce4b7807d35c2f9575cd6abc17e354744e6a050b9ebaa5b72c59ca4a3901a17b
research-lab/data/sipakmed/raw/im_Koilocytotic/CROPPED/046_02.bmp,7e8b51252c036162916b92cfe9c96ba08381b5efe7b85bf8dc6f5be96bf5c7d1
research-lab/data/sipakmed/raw/im_Koilocytotic/CROPPED/046_03.bmp,00cacb540dce5ea24da3762ed74894e257a7806fc494fca31fe8df9443034bfc
research-lab/data/sipakmed/raw/im_Koilocytotic/CROPPED/047_01.bmp,ad46a4ed37250b789db45551f585d02f9e18badb549c95d0f3513c33cdaa395c
research-lab/data/sipakmed/raw/im_Koilocytotic/CROPPED/047_02.bmp,00415acead0f9d3ef6f39cf2ad5b1a57e4833b48e7ddbb14fddba223670999ec
research-lab/data/sipakmed/raw/im_Koilocytotic/CROPPED/048_01.bmp,1e22d64ccdf594c4bed429263fda079e710b8ee772ad70f9d3534a05cb6b44da
research-lab/data/sipakmed/raw/im_Koilocytotic/CROPPED/049_01.bmp,728eee0c03548b9ab6296e0dfc7420af24076f21e9597b8d2e6d25d118480fbc
research-lab/data/sipakmed/raw/im_Koilocytotic/CROPPED/049_02.bmp,459d9e7ed183ee6b7c932c7d7e4926bd89ea8412b5e1b541992d979db5a45cca
research-lab/data/sipakmed/raw/im_Koilocytotic/CROPPED/049_03.bmp,6605d21243b3e86635fea4b5d17b9d0eef14682d91abb7f1b41648b1eae91a05
research-lab/data/sipakmed/raw/im_Koilocytotic/CROPPED/049_04.bmp,0aa1cd8b707d0e5de754d8483901adcbe1be5648e70bf077ed62daec6f1e21ac
research-lab/data/sipakmed/raw/im_Koilocytotic/CROPPED/050_01.bmp,cfae436872f3eb3d6b155e2b8cf18bdcd14766b6547944cc3a258e636c752d08
research-lab/data/sipakmed/raw/im_Koilocytotic/CROPPED/050_02.bmp,37989fdde5e35f1bd0f14d740c91dd9531530754490f15da72c5cb8726c775ea
research-lab/data/sipakmed/raw/im_Koilocytotic/CROPPED/051_01.bmp,b64db20db6c24be3c71d22a01a73c9884cae646f035d8792fb4392b25efdfc96
research-lab/data/sipakmed/raw/im_Koilocytotic/CROPPED/051_02.bmp,3cf5924c5853629666c8d8b8416b1a79b4f8ca12bdc85ebfa32c25eae81f29e7
research-lab/data/sipakmed/raw/im_Koilocytotic/CROPPED/051_03.bmp,bc11182c8507cdec71143f2514d7f205e8850af543ad67e78bcfc7988852b9df
research-lab/data/sipakmed/raw/im_Koilocytotic/CROPPED/051_04.bmp,328ab199ee80d5f57eb1a43a61aaa94ce1b92f5a9fb95cb216e4049f3c057904
research-lab/data/sipakmed/raw/im_Koilocytotic/CROPPED/052_01.bmp,72aed5ea465a15e3cd80a22476f4afe3252623c0cd6468de0dda8fa12cc8d61c
research-lab/data/sipakmed/raw/im_Koilocytotic/CROPPED/052_02.bmp,4ff8fd529613cfabc724bf17a156f25c5f34eec4718da14b742561db96081970
research-lab/data/sipakmed/raw/im_Koilocytotic/CROPPED/052_03.bmp,05c439e901196a3dfcac72c794a7d3ca2a8ac608f0b3db1df6a2fd2ea203e39a
research-lab/data/sipakmed/raw/im_Koilocytotic/CROPPED/052_04.bmp,0da658f919d013f0e24cf1fcf775ad092833137ee5bf0e3db0eb04da2acc66e4
research-lab/data/sipakmed/raw/im_Koilocytotic/CROPPED/053_01.bmp,e22b4c6ab542996f12b7b0ad99ba544dc98e2cacc7ee405776c512bb565410fa
research-lab/data/sipakmed/raw/im_Koilocytotic/CROPPED/053_02.bmp,86e0c415f84107623a159a6963217765340b9972db4446d2dc420a0ea73b7955
research-lab/data/sipakmed/raw/im_Koilocytotic/CROPPED/054_01.bmp,5a24b2836941d5a4d7f30bac9d370b990855a660dbb0b7daa0be0b3482396c6d
research-lab/data/sipakmed/raw/im_Koilocytotic/CROPPED/054_02.bmp,96358a040c330e54af62dd8855f590b36094cb5d4c4eb12bb53a9484ca4e952a
research-lab/data/sipakmed/raw/im_Koilocytotic/CROPPED/055_01.bmp,fbb821dd8aa955c32693a6d00a0f29b5ee5b9f0247b2cd368d7cdabcd0a71483
research-lab/data/sipakmed/raw/im_Koilocytotic/CROPPED/055_02.bmp,09bed6153111b3cd8a74c5d5b74c9647ac89fe6ff2dae1b57ee411207fc9cab6
research-lab/data/sipakmed/raw/im_Koilocytotic/CROPPED/056_01.bmp,b47e693f8f21e8b4e74e1c6a938cb10cfc5528473e7d96984496a6e3c0255dc5
research-lab/data/sipakmed/raw/im_Koilocytotic/CROPPED/057_01.bmp,499f38e209a9b489f39b69271bf74ef797c517d5ee9a82d570356568af4e2d21
research-lab/data/sipakmed/raw/im_Koilocytotic/CROPPED/058_01.bmp,7bee6c277bf4f76a423e600c095e56d398ac713d435aa53553a5f39af5ed5733
research-lab/data/sipakmed/raw/im_Koilocytotic/CROPPED/058_02.bmp,c017bcbd6fc075c75e1681ec7e9bddcad79fe7bc189468ab6d0cc970da1de8c9
research-lab/data/sipakmed/raw/im_Koilocytotic/CROPPED/059_01.bmp,0774a5f3412bed4c704fed3733b40463993cc49baa741d40c032c988e1f83d43
research-lab/data/sipakmed/raw/im_Koilocytotic/CROPPED/059_02.bmp,789b75a41738a0eddbd01503f04e16b18d8ba931a4ad05377f804acdd869052e
research-lab/data/sipakmed/raw/im_Koilocytotic/CROPPED/059_03.bmp,4c7c4c1bd96ee245d40e1f7b21be53d85f11de0a492720ca0e44fb0f891dcdda
research-lab/data/sipakmed/raw/im_Koilocytotic/CROPPED/060_01.bmp,ad4fb6eb165ea1e4c0b94b1251bb8c541c4de0abc83e33b99f88e1dcf58f3494
research-lab/data/sipakmed/raw/im_Koilocytotic/CROPPED/061_01.bmp,00ee72133d6228c0f40fc59ce0f322adc0424592e3beeca1a8a460d15f603a8a
research-lab/data/sipakmed/raw/im_Koilocytotic/CROPPED/062_01.bmp,b330b77f86dd3b41b1c845b00716f75e1c6010ff7083095b66f567e0fbbc9f77
research-lab/data/sipakmed/raw/im_Koilocytotic/CROPPED/063_01.bmp,61f89af9b83cf2a58ff402376942b726505a5271dbd41821bb1d7fa8c4eac57e
research-lab/data/sipakmed/raw/im_Koilocytotic/CROPPED/064_01.bmp,b24070bbb6885ae89ef79d7a1b5954ad4863f3aac5307847aa02414d1ee7fd5e
research-lab/data/sipakmed/raw/im_Koilocytotic/CROPPED/064_02.bmp,72aec040035586df738e67c8e360aa1e3e63a3c7b0c22158373efd1a5c11490c
research-lab/data/sipakmed/raw/im_Koilocytotic/CROPPED/065_01.bmp,7c4ac23b619d95916026f1c26b043318e95f556a7ce5ffe1fdd720d636a16c2a
research-lab/data/sipakmed/raw/im_Koilocytotic/CROPPED/065_02.bmp,27996c559740792e6db39889793e04d6278cc32f597b87caf112185367063889
research-lab/data/sipakmed/raw/im_Koilocytotic/CROPPED/065_03.bmp,87800c49b60897e7b6eb456a832d73ee4f8b0b74e1260e574dfe236253dec953
research-lab/data/sipakmed/raw/im_Koilocytotic/CROPPED/066_01.bmp,596ceaf4c47ef40caafd259c9551eb5aee09dc3588e906641216fd35c9abd196
research-lab/data/sipakmed/raw/im_Koilocytotic/CROPPED/066_02.bmp,e6f76ee2021c9340c1b58f1fab874f33a9f012d1f10f2740103efce608aada93
research-lab/data/sipakmed/raw/im_Koilocytotic/CROPPED/067_01.bmp,a59fbddb5c4258eae5c60beb64aa5338eb1878015d88e9e0d489739eb9002ec9
research-lab/data/sipakmed/raw/im_Koilocytotic/CROPPED/067_02.bmp,577f71c00beeddb4950fc20fb5387f57e647479f6839e4c7c98c71c6b7bba5de
research-lab/data/sipakmed/raw/im_Koilocytotic/CROPPED/068_01.bmp,cd16aabfb844bb3cc8591886ce8cb992df95727f003f81bf3e99303300815937
research-lab/data/sipakmed/raw/im_Koilocytotic/CROPPED/069_01.bmp,0de0261fed88a6637248d6953dbb3c87460611807968ff18ffb928aea9996967
research-lab/data/sipakmed/raw/im_Koilocytotic/CROPPED/069_02.bmp,f845146547b0bc414de52347c419ea7a157db41aee26660204509a4b8ae8b258
research-lab/data/sipakmed/raw/im_Koilocytotic/CROPPED/070_01.bmp,8b89cac21767a2efe0704325f1a72fa913784fb51c5841cda25b4c2fe6c62751
research-lab/data/sipakmed/raw/im_Koilocytotic/CROPPED/070_02.bmp,f33cb5cbdfc134baf98736cb19656ba546672181c942494b41876958684fb6dd
research-lab/data/sipakmed/raw/im_Koilocytotic/CROPPED/071_01.bmp,80aa3c1fe5ebb26078fd64fe192ca58b0bd16b412e7fc5ea21f4f17514c61ed7
research-lab/data/sipakmed/raw/im_Koilocytotic/CROPPED/071_02.bmp,ddf965be89c9e02516e9f58e0d6e4186289a9efb9bdcc678f63d729e896bc12f
research-lab/data/sipakmed/raw/im_Koilocytotic/CROPPED/072_01.bmp,be8dcca76de7ba163f150616df3f7a60f513d7e8726ff6c702b82c74c0705037
research-lab/data/sipakmed/raw/im_Koilocytotic/CROPPED/072_02.bmp,135d373cebf3e27889cc18c4ef3ede38e10ff5d0c0fc9d4d526cc0e8d45a0035
research-lab/data/sipakmed/raw/im_Koilocytotic/CROPPED/072_03.bmp,8296005e32784b3ff2be396c08ae8c84b87327f98efaa33ee09e1b4ffe167001
research-lab/data/sipakmed/raw/im_Koilocytotic/CROPPED/072_04.bmp,b9548bb0acf7327708d3e4d8c885a82b60d3cea46f62e7b34de13600081fb9d3
research-lab/data/sipakmed/raw/im_Koilocytotic/CROPPED/072_05.bmp,e0822249a687f0fd867f7f72caf959042e5c3fd0c3ffa42b6d20da80b4ae91e3
research-lab/data/sipakmed/raw/im_Koilocytotic/CROPPED/072_06.bmp,f03882c41f42a4068f6238fd202d84f82fac4858dd4cae2e808b6163a39fcbac
research-lab/data/sipakmed/raw/im_Koilocytotic/CROPPED/072_07.bmp,a578f88ebf5c6c59ab92f1cb781ae76aa91505a01c34bc46744476b736c73ba0
research-lab/data/sipakmed/raw/im_Koilocytotic/CROPPED/073_01.bmp,dc6e9419d9b412a130cf4c93cba423f38b9e8c5bce74a71e335eecfc65a3d5d6
research-lab/data/sipakmed/raw/im_Koilocytotic/CROPPED/073_02.bmp,1d901435a7eca55cd62a2e4dd7fd5c8b39b295f92133f7f14479ff5aea079c4e
research-lab/data/sipakmed/raw/im_Koilocytotic/CROPPED/074_01.bmp,8cfe9be9e7f8067ca3d1d4bdce8b6750847b263a2c8b7362a255c81c5dfb00b9
research-lab/data/sipakmed/raw/im_Koilocytotic/CROPPED/074_02.bmp,cacf6ab597f2b2914a30c22da638fe97bc81c77bbee670b12b085b5895eb7426
research-lab/data/sipakmed/raw/im_Koilocytotic/CROPPED/075_01.bmp,cb315781d8cff1c21158147431301510642720ff58a65ceece470ae3d4bd9beb
research-lab/data/sipakmed/raw/im_Koilocytotic/CROPPED/076_01.bmp,295fa42daa1e00c25ffd60d69830e8c9cf971bf1afbfb3e816f312d283b078d9
research-lab/data/sipakmed/raw/im_Koilocytotic/CROPPED/077_01.bmp,9c3a32c09a586370085813a6f386bc8cb6d4b01cd031595bbbf0635f118f9265
research-lab/data/sipakmed/raw/im_Koilocytotic/CROPPED/077_02.bmp,0c6df3b3973811149df94a7c083e2baef5af86976a89430daa7c6cbc638740fa
research-lab/data/sipakmed/raw/im_Koilocytotic/CROPPED/077_03.bmp,a091d9fa6f9763f1a56b7ba4ce209a8806fa00ecc45e61313a35bdcb81cc5a40
research-lab/data/sipakmed/raw/im_Koilocytotic/CROPPED/077_04.bmp,71788c26f0ac3f84aca678aa0627d2342049757d30142e9d16e3d0f803226d0e
research-lab/data/sipakmed/raw/im_Koilocytotic/CROPPED/077_05.bmp,d9ccfb1c226730c6effc16fde55c02992f62cea52ddcf554733ce80b869ff4ee
research-lab/data/sipakmed/raw/im_Koilocytotic/CROPPED/077_06.bmp,547f1d89632702b45d493fe667e6069a4b489dba8faceb1fb57bde406dbc8502
research-lab/data/sipakmed/raw/im_Koilocytotic/CROPPED/077_07.bmp,36746f998a347e6e8fab3ffbfa0c9ca5491096df103d838f32d631159d8b8f00
research-lab/data/sipakmed/raw/im_Koilocytotic/CROPPED/078_01.bmp,d113dc46d9ec6ec4018d9d52ec74799586e75af1f49abaabd3b86a32f97db265
research-lab/data/sipakmed/raw/im_Koilocytotic/CROPPED/078_02.bmp,99dc86e2440172db47ce09197b6c01655f1350ee84907e3e7b06adaec44d212e
research-lab/data/sipakmed/raw/im_Koilocytotic/CROPPED/079_01.bmp,987b6f0084e396d0e906c18bf7ab5a23c589a004c9fb26e3201e11b591b9177e
research-lab/data/sipakmed/raw/im_Koilocytotic/CROPPED/080_01.bmp,04d9570cf6114161629f80bb86be0638722947e4eff927af14ed89f27920e448
research-lab/data/sipakmed/raw/im_Koilocytotic/CROPPED/080_02.bmp,42d92f2830714dd57125584fb8fb43f4e268603f959fb66442ac5865a85f9970
research-lab/data/sipakmed/raw/im_Koilocytotic/CROPPED/081_01.bmp,441da6161268a215ae24033e624b623f6d3b3e34872c0ced3db7267e6a83da30
research-lab/data/sipakmed/raw/im_Koilocytotic/CROPPED/081_02.bmp,08ba3455e2db00630a9dacafc865310442e44415d6be7d297bc8cfab75f4e445
research-lab/data/sipakmed/raw/im_Koilocytotic/CROPPED/082_01.bmp,80ab129c91645f3a3ea7ffeb098fa3c53d449f5703ec6e06b8552a2d1a89b66e
research-lab/data/sipakmed/raw/im_Koilocytotic/CROPPED/082_02.bmp,0fad2ac0f0e8c236a99ef0120e0e8d2c377a6ff2f9d96553ce204c009c96315f
research-lab/data/sipakmed/raw/im_Koilocytotic/CROPPED/082_03.bmp,32a29ece5d2bb1cf369ab931ca770d6acad104acefeb5016083586bece27b9ad
research-lab/data/sipakmed/raw/im_Koilocytotic/CROPPED/082_04.bmp,a27170c353519c3a89bc0f854019d9186e569018d1c950ad4819b6599223f46e
research-lab/data/sipakmed/raw/im_Koilocytotic/CROPPED/082_05.bmp,08cb181c8f374f057b5af493e888b8dd80deed88b1062c9c6b8681e5b844b5e8
research-lab/data/sipakmed/raw/im_Koilocytotic/CROPPED/082_06.bmp,120ff13a8720b8cb5d36d733eaddf0661a31c854f043631f6b5e40236d369a01
research-lab/data/sipakmed/raw/im_Koilocytotic/CROPPED/083_01.bmp,2b0ab7922908c82db28a7ed89b5f163be3ebdbcf88c06dd9eb58583b6f8fb2f7
research-lab/data/sipakmed/raw/im_Koilocytotic/CROPPED/083_02.bmp,7a6f5772ec93bececfe2a0628515fc91f1b5149bb31ffaa49d8373d03f59b3b5
research-lab/data/sipakmed/raw/im_Koilocytotic/CROPPED/083_03.bmp,a5d2e7879395ca0d6f17756358837be18cc2cd5afbf97238000d5b194340bf86
research-lab/data/sipakmed/raw/im_Koilocytotic/CROPPED/083_04.bmp,8af285f4f3777b6c13a59b06c96aa6a9b87f569024b9755d73e5ee7c9513d779
research-lab/data/sipakmed/raw/im_Koilocytotic/CROPPED/083_05.bmp,5a75d0b0a1af9998da578ee92211a9394a8282b3acf8f8d7634bd3e11401fb07
research-lab/data/sipakmed/raw/im_Koilocytotic/CROPPED/084_01.bmp,303a535137906e2aa39512b9cd3932098ac4157738b8df897e0095ac9dc1a222
research-lab/data/sipakmed/raw/im_Koilocytotic/CROPPED/084_02.bmp,9e2d277dce68ea0ef08b7541599f6337b7b7911cd7032291916d65e531fb4eb3
research-lab/data/sipakmed/raw/im_Koilocytotic/CROPPED/084_03.bmp,acc12b6c194f3a21c554ffe17c630c0fb81d4d7622d874484858ec1d1daec5d4
research-lab/data/sipakmed/raw/im_Koilocytotic/CROPPED/084_04.bmp,ab294b57ca1c534c860c04bf436fdc969a6698d04bc8bbf566f4a58cd1e1acda
research-lab/data/sipakmed/raw/im_Koilocytotic/CROPPED/084_05.bmp,63c586e2569dff164a1d236d669452435e8e1c86e67e05511be5b7e9c4975732
research-lab/data/sipakmed/raw/im_Koilocytotic/CROPPED/084_06.bmp,e3af7b11568aa14468b1d5c8d909d7dbf08cfa9e555c9a811221eefb6a0b14cf
research-lab/data/sipakmed/raw/im_Koilocytotic/CROPPED/085_01.bmp,ad3bdd68f7471415b20ed2b53b963ed9c5b152740cd8d6be8f247c71309ca609
research-lab/data/sipakmed/raw/im_Koilocytotic/CROPPED/085_02.bmp,66ce5f4f13d78527438cea3b4ae269aef41bb580a28bc601a5582dcc88d543cf
research-lab/data/sipakmed/raw/im_Koilocytotic/CROPPED/085_03.bmp,bf18b3c0e91efae7996d3dc7076582de0dd69d2e7003ef75b81b8066500c0524
research-lab/data/sipakmed/raw/im_Koilocytotic/CROPPED/085_04.bmp,d57e8b780a84d5a178058f48922530e3f63b5651f887f9cdc9c2c111342c5a0a
research-lab/data/sipakmed/raw/im_Koilocytotic/CROPPED/085_05.bmp,2f3d5c54f3076cbc6336824d79e78533dc21548c0dcc47a8ce521e28c62dedee
research-lab/data/sipakmed/raw/im_Koilocytotic/CROPPED/086_01.bmp,59f8029ce181afd9adf98f7661ebd61fc62e60ade03f4cafb3b96d839256af72
research-lab/data/sipakmed/raw/im_Koilocytotic/CROPPED/086_02.bmp,be08b8201697f11ace1f594f73db4d6c554ceba09c95545d536d68faf409e206
research-lab/data/sipakmed/raw/im_Koilocytotic/CROPPED/086_03.bmp,91421702841dc78dd3a9ff713618b2387e9a31b57c2b7410f163b3063e599dc7
research-lab/data/sipakmed/raw/im_Koilocytotic/CROPPED/086_04.bmp,0b04cf91598cbc9f73db02e11905d8d2d06e3fb716b791b3a361ce3c8fbca0df
research-lab/data/sipakmed/raw/im_Koilocytotic/CROPPED/086_05.bmp,f94b89911596e56f9983f2b86aa11fe83d009cee425f952f25ca5874b5c1f6e7
research-lab/data/sipakmed/raw/im_Koilocytotic/CROPPED/087_01.bmp,2f08995c9e4b8ec76d5c220a2ae0d1129abf417a53c7327cba7b3927257e1e12
research-lab/data/sipakmed/raw/im_Koilocytotic/CROPPED/087_02.bmp,58f0236d881bf663ae8744ea8072c1d757cf13408692644fa534dbe9ccd8d36e
research-lab/data/sipakmed/raw/im_Koilocytotic/CROPPED/087_03.bmp,fd5781d9847b73c902872aee3e32f2ebb3fd6ecb8026a523a806248702cb4dd8
research-lab/data/sipakmed/raw/im_Koilocytotic/CROPPED/087_04.bmp,4674372746dc222a82cc0cbdaeab630737346aa1ebbfa740ad01e80e7f944d3c
research-lab/data/sipakmed/raw/im_Koilocytotic/CROPPED/087_05.bmp,8c3018d3023b8b60d689dc207160845857dc5bf5976f71757f2f50d40adee718
research-lab/data/sipakmed/raw/im_Koilocytotic/CROPPED/087_06.bmp,f994ab121afdc81cf2b868424d6d3aa981ae5faaabcc7cb6fd3de8760ab1db77
research-lab/data/sipakmed/raw/im_Koilocytotic/CROPPED/087_07.bmp,0eedff5db1ebffb774cf022447b476adeebf581793d5a76b42b23a2619f9cde6
research-lab/data/sipakmed/raw/im_Koilocytotic/CROPPED/087_08.bmp,7f223bd476ec2e189e2252434162c1d0f6a583559725a5c92c96b57607fa3d5f
research-lab/data/sipakmed/raw/im_Koilocytotic/CROPPED/087_09.bmp,a9c4cbe47db0d8e04396d10b87b19735b2ca53ed0cc2eaa6fed950660dd609bb
research-lab/data/sipakmed/raw/im_Koilocytotic/CROPPED/087_10.bmp,f746debf1d590e83579db51c9c79ff88370ba2b2ddd5f9efc86989da6e74ada7
research-lab/data/sipakmed/raw/im_Koilocytotic/CROPPED/087_11.bmp,bfd5df05c890a4632e1278ba483af6b720d2348cbcb25de89a1ec29bcd19f544
research-lab/data/sipakmed/raw/im_Koilocytotic/CROPPED/087_12.bmp,8663c87f162c8f756e2369e7330b7f9aced046e6b19b39ea1c74a59903efcbef
research-lab/data/sipakmed/raw/im_Koilocytotic/CROPPED/087_13.bmp,219bf9b5ffdc6c693fac5c46eddeacf6bd4da086031b37fbed8c951ecdaed3f2
research-lab/data/sipakmed/raw/im_Koilocytotic/CROPPED/087_14.bmp,f26cf84ca289110e871c64608f6540703cd34000a162f7f56fade7e8fddc4342
research-lab/data/sipakmed/raw/im_Koilocytotic/CROPPED/087_15.bmp,a64c2ea0f9b5249fb1c088c5fc43c09f08a54a9a3c58d2b5b83909a612eb367f
research-lab/data/sipakmed/raw/im_Koilocytotic/CROPPED/088_01.bmp,24ffb1f445bf04e2803b02efb8e5f2d9ca691097df7e6f4e643224cfb89f028f
research-lab/data/sipakmed/raw/im_Koilocytotic/CROPPED/088_02.bmp,0ac51f591e6c4233ba08f437da7a849c937cb6b9a4750e58f49964bd21560705
research-lab/data/sipakmed/raw/im_Koilocytotic/CROPPED/088_03.bmp,785dd65b3149ed57cf7956ffb7ac9d705e9ca1c980ef21adafa785d928e4df4c
research-lab/data/sipakmed/raw/im_Koilocytotic/CROPPED/088_04.bmp,ba00fe122a6c92b3934b48d51faa91331f3bd2653b9eedfb7b1f02f4d9f8a53a
research-lab/data/sipakmed/raw/im_Koilocytotic/CROPPED/088_05.bmp,d100f8866be706ebc990830fe4acc374164654897a783fc56b75c4b12ff5951c
research-lab/data/sipakmed/raw/im_Koilocytotic/CROPPED/088_06.bmp,4e0148a4cfc36237efaec360d0c4755beaad85987f3d7509ab565d2fa31449b6
research-lab/data/sipakmed/raw/im_Koilocytotic/CROPPED/088_07.bmp,e860b5ef5f8075f1579af932b416374df73e6c9d6e55cd69035d4b1b80901e36
research-lab/data/sipakmed/raw/im_Koilocytotic/CROPPED/088_08.bmp,6c00d9df426ff5e4650629916a3f1744ca844c8ed0da930a482c46f225e6721e
research-lab/data/sipakmed/raw/im_Koilocytotic/CROPPED/088_09.bmp,b0c6280b7d32991fd3c9ac6b50a209c8348038095061d14d7392c6a75e88ad44
research-lab/data/sipakmed/raw/im_Koilocytotic/CROPPED/088_10.bmp,c83af04d351593b14dd7e2582ac936f203cdc5850b838bc9b1658bffc846b199
research-lab/data/sipakmed/raw/im_Koilocytotic/CROPPED/088_11.bmp,3f14165dcb0815e1459852f75a2341125d64757c7f4c51d4d6e13fd2cb1ce357
research-lab/data/sipakmed/raw/im_Koilocytotic/CROPPED/089_01.bmp,d4ffdcafa012a2fa05f8c7c0d6cfac17848f93f0944e11844040caa9b356e6a8
research-lab/data/sipakmed/raw/im_Koilocytotic/CROPPED/089_02.bmp,f4df5e9cf46a22a1f8cd16b1885cbf9d2590c7352982dda59e87679d27891802
research-lab/data/sipakmed/raw/im_Koilocytotic/CROPPED/089_03.bmp,53c5c8ae9d846e8e9667c0e043986aa24a245a096e0b818e4aa23c9392cae8a4
research-lab/data/sipakmed/raw/im_Koilocytotic/CROPPED/089_04.bmp,3e614cef64922b28dd9419e3d4c543595dc68feb06a4bc98a096a4b4ea4ef771
research-lab/data/sipakmed/raw/im_Koilocytotic/CROPPED/089_05.bmp,cf4a00b71bf0f69b59794bf9f24d1ae71a0f2634551e7626ceaae8b06d1a7ca0
research-lab/data/sipakmed/raw/im_Koilocytotic/CROPPED/089_06.bmp,4f7c2240741739f6c7db08c37dd43aecec80f32fa765e696a0e5482dd9442f62
research-lab/data/sipakmed/raw/im_Koilocytotic/CROPPED/090_01.bmp,233c8260e065420e408c35bad020571f746f650c37f4f17242445c75307704f6
research-lab/data/sipakmed/raw/im_Koilocytotic/CROPPED/090_02.bmp,525c0e734a8079e6d300bfd2f6cbfdb524a199354deb4b9c320319496fea165f
research-lab/data/sipakmed/raw/im_Koilocytotic/CROPPED/090_03.bmp,25853b03c8ef6a5abbb98baf5f779b16763e09f7b590fe6f1ea1018508ea22dd
research-lab/data/sipakmed/raw/im_Koilocytotic/CROPPED/090_04.bmp,d6ad9e9f874940d7d251e7ad5112e1cbbebb19c17f0908cec1f40245c8abc05d
research-lab/data/sipakmed/raw/im_Koilocytotic/CROPPED/090_05.bmp,9a9d3bbe334394fd11d1dde6f5d92ec78cd95e46f1326b883a090c2fc5376179
research-lab/data/sipakmed/raw/im_Koilocytotic/CROPPED/090_06.bmp,e0cbf80d5f630b4258d3734cc3ce5b60b0f517aa44189bff03f1374500e0bb57
research-lab/data/sipakmed/raw/im_Koilocytotic/CROPPED/090_07.bmp,650e8557a69913cd2a0c42bf161a9dc46759c4bb77f12910e7197489f03a341c
research-lab/data/sipakmed/raw/im_Koilocytotic/CROPPED/090_08.bmp,59c13eb1038afd4b85e863b599f2d3b103cdf55fe90d9170c31fb2b92a99b045
research-lab/data/sipakmed/raw/im_Koilocytotic/CROPPED/091_01.bmp,f58eedc5ba0389bb8043d41103308fb1cba22d1b13ee64b485fb248fce35d85b
research-lab/data/sipakmed/raw/im_Koilocytotic/CROPPED/091_02.bmp,d37e6e32753d3fd19b2bb60ef510ce94d9a8d3cc4e28f3a79915338f3d48f32f
research-lab/data/sipakmed/raw/im_Koilocytotic/CROPPED/091_03.bmp,109f2f414d9207d65b6655e0c9592d40c94b3495508c4c16ccedf70dbc23fcc8
research-lab/data/sipakmed/raw/im_Koilocytotic/CROPPED/091_04.bmp,c77d61fcd684a82f5da98e5e732b7b473fb7225091ec5955a24af4c5d52d2261
research-lab/data/sipakmed/raw/im_Koilocytotic/CROPPED/092_01.bmp,69f11f5d08786e33c7ae2c47b85adbcd14f9ede17941466cdfae0b4aed87e914
research-lab/data/sipakmed/raw/im_Koilocytotic/CROPPED/092_02.bmp,cabcad2caca0219e6b85e76056648234345026a0289290f894db963db800882d
research-lab/data/sipakmed/raw/im_Koilocytotic/CROPPED/092_03.bmp,79ee3fa00c81f4fa3ec1c26f88e22488f9c59fa5ac0457a8e71af201b0647ab8
research-lab/data/sipakmed/raw/im_Koilocytotic/CROPPED/093_01.bmp,848846e0a53d741488a9adaf180a0b603a4cca79ce6abb601584ae5a7b4b2e21
research-lab/data/sipakmed/raw/im_Koilocytotic/CROPPED/093_02.bmp,eec995f51ec66ddee8f91becef33365bdc80511d4fb10d6b06c2b144023d7757
research-lab/data/sipakmed/raw/im_Koilocytotic/CROPPED/093_03.bmp,726f094bc230c060e5155eea274496db7f4abb200c281f7164bfbc752ef94201
research-lab/data/sipakmed/raw/im_Koilocytotic/CROPPED/093_04.bmp,95b492cfe19e8039e33287ed743a5515d242b4f16fa0626e205ebd5a057c0872
research-lab/data/sipakmed/raw/im_Koilocytotic/CROPPED/093_05.bmp,3bf906052ce0f0c121bd416ecbf294cd60724229e84cffdedd9e8435561fbc60
research-lab/data/sipakmed/raw/im_Koilocytotic/CROPPED/093_06.bmp,23eaf4d63da0521c3a57c5bffe8cfa5dcd6a4d693d29f20b478969a5189fdb8d
research-lab/data/sipakmed/raw/im_Koilocytotic/CROPPED/093_07.bmp,3218d4d10e0fd6aada28ac7ae49a27452a24cb4ae94f67d4eaa5814ca087b4c3
research-lab/data/sipakmed/raw/im_Koilocytotic/CROPPED/093_08.bmp,dc42f6134742dcf4050faf7797af02f272e70bba0623fdf088f46c354feb8ff5
research-lab/data/sipakmed/raw/im_Koilocytotic/CROPPED/093_09.bmp,7701eb936e96c28eec0c3c690f950acd85ab137512d33c32ea1d2006ffc3239c
research-lab/data/sipakmed/raw/im_Koilocytotic/CROPPED/093_10.bmp,4087e5a40011806d41ab70ed7da2dfd0fb0ff5d7f661f62b3de26450f0001c4b
research-lab/data/sipakmed/raw/im_Koilocytotic/CROPPED/094_01.bmp,c1a0dd48b213cfea123ec72769da1b14f7179e2ed513fa13e8379e9ca49d3b96
research-lab/data/sipakmed/raw/im_Koilocytotic/CROPPED/094_02.bmp,b8192247d3b53b8c2dcc52c0aa16e89eec7a2491323519e39d2900eef3a38759
research-lab/data/sipakmed/raw/im_Koilocytotic/CROPPED/094_03.bmp,b9d388d6e50fe26d5d83adc0bdde7468c1f7667634408478d0bc940f909e9ce6
research-lab/data/sipakmed/raw/im_Koilocytotic/CROPPED/094_04.bmp,dc42f5f98239525a240572c10081fe178e584b272fee6457a526a79035859893
research-lab/data/sipakmed/raw/im_Koilocytotic/CROPPED/094_05.bmp,ee65c402d34fd1073535bed30def18768291150527536c3640b2c658b91a4e52
research-lab/data/sipakmed/raw/im_Koilocytotic/CROPPED/094_06.bmp,9bdc9d07388b67f9eaeb26295eeedfdfad47b44398a21bea3969671a68b13bdb
research-lab/data/sipakmed/raw/im_Koilocytotic/CROPPED/094_07.bmp,b7e4fca69324106cc26a045ab13b4cb54c9bada2d5f4e735c640816cd1018601
research-lab/data/sipakmed/raw/im_Koilocytotic/CROPPED/094_08.bmp,786d98a6cff527ec154376d3e22dc53a8761ca61336d27c3fe010ecaae9344a8
research-lab/data/sipakmed/raw/im_Koilocytotic/CROPPED/094_09.bmp,59c46505c6090c74fc72a86639a1bdb2aacd3d8294cf06764f15447e91e26bbd
research-lab/data/sipakmed/raw/im_Koilocytotic/CROPPED/094_10.bmp,12748975a33146fc385ad195ea513f63c2c85c7632afd8f2594e9acff643ffbf
research-lab/data/sipakmed/raw/im_Koilocytotic/CROPPED/094_11.bmp,dde89d18879a7e488cfce2d944ce054f2e5cc16b0e640c8d698065d390c91474
research-lab/data/sipakmed/raw/im_Koilocytotic/CROPPED/095_01.bmp,1df589bcc2b6bfa4ea104adf5c982621fcb90f1085301c565f523b6ac47dff03
research-lab/data/sipakmed/raw/im_Koilocytotic/CROPPED/095_02.bmp,602803b79bd91efcd45e4cd54bc64ca957e866e62dc278ccebf8393b9bac45a0
research-lab/data/sipakmed/raw/im_Koilocytotic/CROPPED/095_03.bmp,fd6e628ee4e3dc9157c7b8e85fa7fdf7b9ad71204127bc4ba981edc13933db6e
research-lab/data/sipakmed/raw/im_Koilocytotic/CROPPED/095_04.bmp,c7d2bea8f238a595180be7b05a26b7f2d7c66fe4d9108046a0311c89790d7bde
research-lab/data/sipakmed/raw/im_Koilocytotic/CROPPED/095_05.bmp,c4a5a1340e01b13da915a34dcf18dd7df3c0bd08573b0894aeb4fa8e24834cce
research-lab/data/sipakmed/raw/im_Koilocytotic/CROPPED/095_06.bmp,61e7fc64e18455a54ec434a58e0fdcd512d519c5ae4e11efe25fa5ee699de704
research-lab/data/sipakmed/raw/im_Koilocytotic/CROPPED/095_07.bmp,28f7029f39bb0b640dcc8a737086bda7f1dbfc65de699ec65e60f8bdd4bc5e8e
research-lab/data/sipakmed/raw/im_Koilocytotic/CROPPED/095_08.bmp,ea82c9f0ca8d28d31e968d8e9ea258633cd912599ca2ea962f7cef915d7da9a6
research-lab/data/sipakmed/raw/im_Koilocytotic/CROPPED/095_09.bmp,a12b7eee260d3bd19f7d0ea3429f8e8ed67bb7b7679e05f8952c2bb08d1c1927
research-lab/data/sipakmed/raw/im_Koilocytotic/CROPPED/095_10.bmp,b67dd521133a6579a9cbddb8d069a80ba72e29b6662f5c1acbcb6eee3dcaa170
research-lab/data/sipakmed/raw/im_Koilocytotic/CROPPED/095_11.bmp,4b066410d78e4c157d4b466a8811e15bb629b33185ac978c6894158d9f4aa33f
research-lab/data/sipakmed/raw/im_Koilocytotic/CROPPED/095_12.bmp,27b892ed6af75274c28370d4a864b754860e206d681543bf0c2b31354ded9e77
research-lab/data/sipakmed/raw/im_Koilocytotic/CROPPED/095_13.bmp,b687c2ac29e1796b99ae3e707e53d64e3399b09a904b11300c413b3603648a14
research-lab/data/sipakmed/raw/im_Koilocytotic/CROPPED/095_14.bmp,93a3e15b603871e21a24da175ddccc382d28acaff60c7c376ea1acb6aa68ab93
research-lab/data/sipakmed/raw/im_Koilocytotic/CROPPED/095_15.bmp,2401a2cf59ad240e5c0b8587f27cadd24fc54026e7265798771116a1e5cb8725
research-lab/data/sipakmed/raw/im_Koilocytotic/CROPPED/095_16.bmp,6515da83b8cecb871a009ecf6be3ffdf32a76319c77acd85181065ec67e81555
research-lab/data/sipakmed/raw/im_Koilocytotic/CROPPED/095_17.bmp,a6c6c13aeeeef8da1a270b211a042ab6efbd7fda937c7fba6ef87f912452a459
research-lab/data/sipakmed/raw/im_Koilocytotic/CROPPED/095_18.bmp,a971e96e51906b30aedb4e10d51de686c7adc9178fa0784a4a471af2d94576fa
research-lab/data/sipakmed/raw/im_Koilocytotic/CROPPED/095_19.bmp,3daf948363b627db203640e4d9e35b22f1e9cabfbb976a7cd0efb6e0e5f1ad96
research-lab/data/sipakmed/raw/im_Koilocytotic/CROPPED/096_01.bmp,e4fd7731ae331bcbbb53125baa91f9203951507a7d40e0e15bbd759f18677763
research-lab/data/sipakmed/raw/im_Koilocytotic/CROPPED/096_02.bmp,ee4357099149b5ca75f444d5c4e3c88b1dcda3a39c7fdcb330b8d5b03cf2ecef
research-lab/data/sipakmed/raw/im_Koilocytotic/CROPPED/096_03.bmp,244a3ced0bd7ff9c94bf66ea1f6ab7a38498e8913fe2f156cc995f6b0bd7e130
research-lab/data/sipakmed/raw/im_Koilocytotic/CROPPED/097_01.bmp,1d70622de78398f2f4c8db056f44d9ecd8c980f7e0daf9bc38e2bd9ed0ffe01b
research-lab/data/sipakmed/raw/im_Koilocytotic/CROPPED/097_02.bmp,ed941657d67beb4a92b30efb754bb73a456581d6a6db223ac499c941012c6d84
research-lab/data/sipakmed/raw/im_Koilocytotic/CROPPED/097_03.bmp,05a830bf88176b98d0835f0129f76d56ea87a42ddf0256a58d3135c026d4402d
research-lab/data/sipakmed/raw/im_Koilocytotic/CROPPED/097_04.bmp,fcf3df2c02dc5b2ba9e654400c28e5b546c4c4b336705c4a48c255ab91d5b3e0
research-lab/data/sipakmed/raw/im_Koilocytotic/CROPPED/097_05.bmp,f74e535ab8364796d2dc2d5f4fef99ad693370ff5e9c9a92e04ded8ce7fc0dc3
research-lab/data/sipakmed/raw/im_Koilocytotic/CROPPED/097_06.bmp,410be7a60f75455db3e986baff03f6cf5ebf8d9eefec036c953989a33f2a6179
research-lab/data/sipakmed/raw/im_Koilocytotic/CROPPED/097_07.bmp,49a8d38334c3e30fff8b85feaf81ac8264711c7c8f93826b6eddcf04db907017
research-lab/data/sipakmed/raw/im_Koilocytotic/CROPPED/097_08.bmp,c38173f6130a835551017c51c9a43ef17aef1693dcbb3c448e3ff8dd3e735b28
research-lab/data/sipakmed/raw/im_Koilocytotic/CROPPED/097_09.bmp,634d59398587670b42c8c2bbbe98d33cd6b31b5625b95c5753562d3250070d33
research-lab/data/sipakmed/raw/im_Koilocytotic/CROPPED/097_10.bmp,6d4b5d7243b6b810a2d9cb5ecb6db9875b438e60c4624c8399cf61beb0e6a7f0
research-lab/data/sipakmed/raw/im_Koilocytotic/CROPPED/097_11.bmp,d105cae21a51dbecbb9491704692e122043b4f29f457494dbe0420fd65513404
research-lab/data/sipakmed/raw/im_Koilocytotic/CROPPED/098_01.bmp,5a0feb70ee784306cd4bdaf106c367d89877f67dfc8a28d52cf9a42dd4aecd0c
research-lab/data/sipakmed/raw/im_Koilocytotic/CROPPED/098_02.bmp,5fccbea0c33a8bf97a529d73961e1b457b354944da5b0461c9d899873c94bc96
research-lab/data/sipakmed/raw/im_Koilocytotic/CROPPED/098_03.bmp,c737b06c94520e9f8d76f12e75b8778b2f6f8ecc44984a8f945f651292f2eb50
research-lab/data/sipakmed/raw/im_Koilocytotic/CROPPED/098_04.bmp,beb654b51e0125425b3d75545bee2c93846c63fc4a09928a041af5f1369736d9
research-lab/data/sipakmed/raw/im_Koilocytotic/CROPPED/098_05.bmp,fb7bbffc68c470ae83da63a950d355013d0cbf83ad79c777b14f3645dffb148a
research-lab/data/sipakmed/raw/im_Koilocytotic/CROPPED/099_01.bmp,729d9d9729b859c0370aec8d4abb7dca6d5f1c5e34b961366dc7755e671f82a2
research-lab/data/sipakmed/raw/im_Koilocytotic/CROPPED/099_02.bmp,2e7b4a8cd90fb4542adbcbf610ab2a3cee750c7e9cf6347b37b8a8f31ee5d29a
research-lab/data/sipakmed/raw/im_Koilocytotic/CROPPED/099_03.bmp,1b2b6d0eea9791b289dddb4e59c964ebcee6ab6e680fe5c70dd1d2ee8c2ba65e
research-lab/data/sipakmed/raw/im_Koilocytotic/CROPPED/099_04.bmp,f868d196b74907ac0754f8c30b5bf8385997ba011dad73bfa3fd797d5596e9a0
research-lab/data/sipakmed/raw/im_Koilocytotic/CROPPED/099_05.bmp,a02aa159ff9eb2f1f5bbcc8277a79eb9272ff3ec7a8084a75bd572c99472c3f1
research-lab/data/sipakmed/raw/im_Koilocytotic/CROPPED/099_06.bmp,9d32d9d46465ee6136bb90c62930b916400fffbcd47f67ac18899479611c8932
research-lab/data/sipakmed/raw/im_Koilocytotic/CROPPED/099_07.bmp,be586c1b0f65ce7d3c1ac007dddd21b322444bf902bc8a7e93bf58b642e77546
research-lab/data/sipakmed/raw/im_Koilocytotic/CROPPED/099_08.bmp,c090abf8d1bf26673b9ab6fe0a1cf446e9b93ba9388b4d4967d6a191817e644a
research-lab/data/sipakmed/raw/im_Koilocytotic/CROPPED/099_09.bmp,65f8ba638996c89c2ab8d581cf8d5c44dd2d338548b6f9f5d2b247aa933e506b
research-lab/data/sipakmed/raw/im_Koilocytotic/CROPPED/099_10.bmp,899d2af9e84fbe859fff0187127c7edc1854ff5aaf930b45e3c500d6154971cc
research-lab/data/sipakmed/raw/im_Koilocytotic/CROPPED/099_11.bmp,86013090203d0fb7fc8b8bf5f72ad404e1e00fc9350a3c0f3b304f0ecad63512
research-lab/data/sipakmed/raw/im_Koilocytotic/CROPPED/099_12.bmp,25994c0e986367b36a9b43d04a0ff45a675fda2e0215ad9d82d8d88766f9110c
research-lab/data/sipakmed/raw/im_Koilocytotic/CROPPED/099_13.bmp,f5a99cc2d4b37cce4532a839f17583f2b43b55eb8edb0a808fb0c7f242ee6ab3
research-lab/data/sipakmed/raw/im_Koilocytotic/CROPPED/099_14.bmp,ce6f5e059fc0e40906fe7e44f97a5a9acd609c471da4c420294260fde91a55dc
research-lab/data/sipakmed/raw/im_Koilocytotic/CROPPED/099_15.bmp,3773cbb7d7b50ed24e9beb170b482c18f353b9c2836b607a02a2c3136cdc4294
research-lab/data/sipakmed/raw/im_Koilocytotic/CROPPED/100_01.bmp,e55e739fd205c505f691a195bfea6bdef8c2e3d7ce4432299a52cac3532600cc
research-lab/data/sipakmed/raw/im_Koilocytotic/CROPPED/100_02.bmp,d33d03d200dc3b0974332b67c863140199abef9183c8b45c0028c4f390fcbabf
research-lab/data/sipakmed/raw/im_Koilocytotic/CROPPED/100_03.bmp,b42b8a4614940e8535b8aa8d0cacabe0f4a44fc00c0f847621e1315ff72ce2da
research-lab/data/sipakmed/raw/im_Koilocytotic/CROPPED/101_01.bmp,39ae840179cff0a4012b3a5f8a6089df0472027272cbe0bd678d7de64b7d7167
research-lab/data/sipakmed/raw/im_Koilocytotic/CROPPED/101_02.bmp,c0bab756155dc559553221f8608820222b49151a91ee694f17362b6c57d480a4
research-lab/data/sipakmed/raw/im_Koilocytotic/CROPPED/101_03.bmp,363ff3983540ceea1113b51fa45db15154ab4e8bb3abeb2f5c7a8d2a55dea079
research-lab/data/sipakmed/raw/im_Koilocytotic/CROPPED/102_01.bmp,1131793224a4547a8aab690f4becfb64706860e9bcf725d7fc508eb1203a7739
research-lab/data/sipakmed/raw/im_Koilocytotic/CROPPED/102_02.bmp,a3ce2e53ede4182787144250037e91ae0963a33bdf766bdda6d0288d18a1c20f
research-lab/data/sipakmed/raw/im_Koilocytotic/CROPPED/102_03.bmp,f0537922caa00d19d7ba66de269fb2a1bc2054bbc1f735fbd4413d2252cca54b
research-lab/data/sipakmed/raw/im_Koilocytotic/CROPPED/102_04.bmp,3296d2a9a4240e1e181b216392166739cbe8dde69f4f85196715566854ea9034
research-lab/data/sipakmed/raw/im_Koilocytotic/CROPPED/102_05.bmp,6748ffc902c8e5f092fa544922968b699ab29b193dd06b45041bf5130c1f590c
research-lab/data/sipakmed/raw/im_Koilocytotic/CROPPED/102_06.bmp,374e1defcda45e90b53ced65abfb5f844a6bce8108892f8c6679e13b82ad5aaa
research-lab/data/sipakmed/raw/im_Koilocytotic/CROPPED/102_07.bmp,80b2be16b32deacf501512341177dcec91ce173e73425bbd14a717d49f91717f
research-lab/data/sipakmed/raw/im_Koilocytotic/CROPPED/103_01.bmp,2394a1a6c8d34853b094468f3bbd6939ad0096e0f7a6aa1d66e117a6482e930f
research-lab/data/sipakmed/raw/im_Koilocytotic/CROPPED/103_02.bmp,8e94e024fcb0fa44ef7b340d837526b2a949e0845d692a112f90b281b29c1833
research-lab/data/sipakmed/raw/im_Koilocytotic/CROPPED/104_01.bmp,19011bc10806cba8c3fd8af49a07abdac1ecf0591b2dc6b4984f87978e6c3d99
research-lab/data/sipakmed/raw/im_Koilocytotic/CROPPED/104_02.bmp,483677a0cecfb308b2bf69ad04baa76cd75256e8f0af4450334bac09fb05d1a4
research-lab/data/sipakmed/raw/im_Koilocytotic/CROPPED/104_03.bmp,a5a4770c785de6b4464ab4bceca3d0d229f1cb02b981c8e9d3f45e43bf27b670
research-lab/data/sipakmed/raw/im_Koilocytotic/CROPPED/104_04.bmp,e1d5d674e4a93b5f91378098569b0d2ec8849d5b4d127ea6cd8065f2d789bdf9
research-lab/data/sipakmed/raw/im_Koilocytotic/CROPPED/104_05.bmp,3e19043080e631a4aaa05192ed34b4d3cdce677f52c4c84914b69a4f884009da
research-lab/data/sipakmed/raw/im_Koilocytotic/CROPPED/104_06.bmp,874dc4ce16ca0e440ed450b6349068ac575b9b6df34a90466769c1cdc5cb4087
research-lab/data/sipakmed/raw/im_Koilocytotic/CROPPED/104_07.bmp,120ac0709ba884fa3dddf19ac43e3e12890d6b716e6d4df0967aa01dcd629284
research-lab/data/sipakmed/raw/im_Koilocytotic/CROPPED/104_08.bmp,879a4c2e239beb1386ee4a41c26fa0e06f2450b988f90cc1be9b14d405bac11e
research-lab/data/sipakmed/raw/im_Koilocytotic/CROPPED/105_01.bmp,13a1a853bc3ae558858c0a0bc092836128b55a2af9d7d1abdb1326880b5ef5b5
research-lab/data/sipakmed/raw/im_Koilocytotic/CROPPED/105_02.bmp,1c7bb23b003805a383501de9de51597e8b584a339497da1b25c5caa5b67a15d9
research-lab/data/sipakmed/raw/im_Koilocytotic/CROPPED/105_03.bmp,742d1e67452275b5691021035f4f6dfb24899898083fabed88de0f8fef81fd08
research-lab/data/sipakmed/raw/im_Koilocytotic/CROPPED/105_04.bmp,0d5635d2ead4245b98744925c3bed8368a5589bf00e8ea6bc4446e716fbf9d44
research-lab/data/sipakmed/raw/im_Koilocytotic/CROPPED/105_05.bmp,a0646a0f6a20d9ead4412ca89f2aacc98c61935173fc53a82bc0a98bf6c654b2
research-lab/data/sipakmed/raw/im_Koilocytotic/CROPPED/105_06.bmp,77f08bbf95f2973ebfaf55cf0ffa2deb0827c98206cf668bfb7c6aa3f30e0d3c
research-lab/data/sipakmed/raw/im_Koilocytotic/CROPPED/105_07.bmp,db377c7416d623b07d2f6e99c4f749fdc7bb9662655e8bfa891fff1f943f1a1c
research-lab/data/sipakmed/raw/im_Koilocytotic/CROPPED/105_08.bmp,1af680880032f1044f8bc438b0999d6522aaea1967b3475948b1e47e2114f5f0
research-lab/data/sipakmed/raw/im_Koilocytotic/CROPPED/105_09.bmp,a13f5d12a0abe363e7081b93eaa939ef3f338694dcc830d89c6076b6dc898086
research-lab/data/sipakmed/raw/im_Koilocytotic/CROPPED/105_10.bmp,f116c55a37c17018f3930e5e5a211f65989a9e8393be8789a2f06d0591ca3ace
research-lab/data/sipakmed/raw/im_Koilocytotic/CROPPED/105_11.bmp,8055b21b4e23c0bc5a7b052817df114418cba16e32b2699313d43210b27d9d6f
research-lab/data/sipakmed/raw/im_Koilocytotic/CROPPED/105_12.bmp,f079a1487d52106bf322ae9530cb71a05c7fdf520f51186ec870573e2f373a17
research-lab/data/sipakmed/raw/im_Koilocytotic/CROPPED/105_13.bmp,312968a7218cb1bef5c82d9d2496e03ec2bc5d2f75bf340a1fc2611439b7bfcb
research-lab/data/sipakmed/raw/im_Koilocytotic/CROPPED/105_14.bmp,d9c2b9192be5725bfebc4b4fadde95bc0f8d54c494a88fea8070c0b4640f27bf
research-lab/data/sipakmed/raw/im_Koilocytotic/CROPPED/105_15.bmp,43cdf59bd904d03f37f37ff0705db67327ea250308eae9464bf0b626bd2d16f6
research-lab/data/sipakmed/raw/im_Koilocytotic/CROPPED/105_16.bmp,747ce7b8184a03df6139dc91f7ffda9b563c150193ac98f6259573c5e05c083e
research-lab/data/sipakmed/raw/im_Koilocytotic/CROPPED/105_17.bmp,80552ed499c2d806d8c6ada7830338326626149a947709023f99ab594aa05781
research-lab/data/sipakmed/raw/im_Koilocytotic/CROPPED/105_18.bmp,c3e04af87aa59590d383386735ea8263fd8ed92d9f3464b0a458fb1393ae5117
research-lab/data/sipakmed/raw/im_Koilocytotic/CROPPED/105_19.bmp,03d2e7988689ec3ed018363e2eeb0c30a827d1f3db704f5103843a164842a224
research-lab/data/sipakmed/raw/im_Koilocytotic/CROPPED/105_20.bmp,65ed77f91ac90ec3a3725c4561c67e36a5b8fb7fe1cd533220b015b9a9a21b46
research-lab/data/sipakmed/raw/im_Koilocytotic/CROPPED/105_21.bmp,3d3aac5e2d8e1c65c1092041a130820c1d82c5e8e9bfa9dda5b79a3ef3a86401
research-lab/data/sipakmed/raw/im_Koilocytotic/CROPPED/105_22.bmp,19479fdeaa85285214bf87f296579dd56cb0a6cf2ed5b71afbbfc1d935b326ef
research-lab/data/sipakmed/raw/im_Koilocytotic/CROPPED/105_23.bmp,5c0aa63c8db61b1977dd68107c222ad7ab046ed9d08bcb376876da7b160de892
research-lab/data/sipakmed/raw/im_Koilocytotic/CROPPED/105_24.bmp,b9edfd3909f6c2274eecfb250069ccd8f1f042c82e55fc11e3e41cd80c1ce2ac
research-lab/data/sipakmed/raw/im_Koilocytotic/CROPPED/105_25.bmp,14fcae232282da557e84e500cb358029b5c1bab817a2a0b47efec66953d2cee8
research-lab/data/sipakmed/raw/im_Koilocytotic/CROPPED/106_01.bmp,0d002689f100ab0ea498650c985468c492e5b19ef6bc558543cb33c3b9a1aae2
research-lab/data/sipakmed/raw/im_Koilocytotic/CROPPED/106_02.bmp,4e3cfdff5ff80ed44394c026d0b74630ffa9ccdb3208d78d2bdc4ca1665ae162
research-lab/data/sipakmed/raw/im_Koilocytotic/CROPPED/107_01.bmp,55ed4d8529e33e9f85275d2f1dfb2ecc5534075348b7c3858d98d05f5977316c
research-lab/data/sipakmed/raw/im_Koilocytotic/CROPPED/107_02.bmp,7e121356f7efe6a51c677a4d4f788959271abcaa5202b280c6baf1baf2ca7966
research-lab/data/sipakmed/raw/im_Koilocytotic/CROPPED/107_03.bmp,f2ca4581676330e4db9fbf7eb05fd86be8101a1dd52edbcac3c1df6453cf4db4
research-lab/data/sipakmed/raw/im_Koilocytotic/CROPPED/107_04.bmp,68682bc52556c4f9efadd5fdc00616cb63a3db0c5d5553cdac6e8e1acd621670
research-lab/data/sipakmed/raw/im_Koilocytotic/CROPPED/107_05.bmp,7f9dd4666badd83fe6b38904938a102bdb01124351fdb03bedd4e3318f6a6cd9
research-lab/data/sipakmed/raw/im_Koilocytotic/CROPPED/107_06.bmp,6022167e8dde24f229453c46876d7a70318dddc70ca4c88883b3f9a946d554fa
research-lab/data/sipakmed/raw/im_Koilocytotic/CROPPED/107_07.bmp,eeff3610d689f95580b8f7088ebefe330dbb7b6b828bc26fb76ca4e7285f03bd
research-lab/data/sipakmed/raw/im_Koilocytotic/CROPPED/107_08.bmp,9619425d8506818a026e6cf3ff1352aace048cec78a61a184d8bf8e4ce368cc0
research-lab/data/sipakmed/raw/im_Koilocytotic/CROPPED/107_09.bmp,db2ed66f67e33a2e6fa796458160b792006350028e98933a4a1ba3347dae7535
research-lab/data/sipakmed/raw/im_Koilocytotic/CROPPED/108_01.bmp,ae66a0f88d8fd0ae5e9f45b09e6097587bdcade5c08f57bb74a50f060f6368fe
research-lab/data/sipakmed/raw/im_Koilocytotic/CROPPED/108_02.bmp,eca2f7d6750e3f383c2886f2cc709a01514eb95fc10cf8acbe7ca7701fb0d8e3
research-lab/data/sipakmed/raw/im_Koilocytotic/CROPPED/108_03.bmp,927662d0274c52315cca7f7e942194fbd67f1a55e8a065fbb5d48e4a58e83755
research-lab/data/sipakmed/raw/im_Koilocytotic/CROPPED/108_04.bmp,f0036e6ce33c69183ff127ae68d1b9e5c2db87fc5c7b8acb98c52b9ee43a6f51
research-lab/data/sipakmed/raw/im_Koilocytotic/CROPPED/108_05.bmp,194d978eaccb89de6d385ded9c1068353c4e3f4e971e36d593491a16a9e2a576
research-lab/data/sipakmed/raw/im_Koilocytotic/CROPPED/108_06.bmp,13ec0b3a0f3aa655a5069ec1f0137ae83f021a06335a26e95a25b8980313dafc
research-lab/data/sipakmed/raw/im_Koilocytotic/CROPPED/108_07.bmp,83ca517d6fe7e8bf693d6396bcedfe67e45f1c70eef659bba411590a44102467
research-lab/data/sipakmed/raw/im_Koilocytotic/CROPPED/108_08.bmp,32ba6ec1c71f4f4f4f6eb9b165880de69c119bd1d458f8de78fdd27b012725e2
research-lab/data/sipakmed/raw/im_Koilocytotic/CROPPED/108_09.bmp,533608a78eeb01f4ed80264a8c08e235088a8126693dbada6ea1834339700742
research-lab/data/sipakmed/raw/im_Koilocytotic/CROPPED/108_10.bmp,f6fcec256935e7f040d5cb8599d4f689268affc7fce52d7039233efc813aad25
research-lab/data/sipakmed/raw/im_Koilocytotic/CROPPED/108_11.bmp,39aed0c8adcf67b903c977e9490b424b68d6bc813c87995dc510e74caf2c2188
research-lab/data/sipakmed/raw/im_Koilocytotic/CROPPED/108_12.bmp,d7f1e6af96845bacb2c6a798ecbf36afa444cfa34ea1846ce8b64ed8b82a6cd1
research-lab/data/sipakmed/raw/im_Koilocytotic/CROPPED/109_01.bmp,8206b6653a7ad0357517d18ea41da33cf1101875a12b810f7a45f618461ea380
research-lab/data/sipakmed/raw/im_Koilocytotic/CROPPED/109_02.bmp,adbb53fa1e6833a3bc5bc30117813459ec84a8d8be1c62c0cb97f333234f684d
research-lab/data/sipakmed/raw/im_Koilocytotic/CROPPED/109_03.bmp,a839ada4ddd282b582957489374121e620fcd21324c422c901419b740923b678
research-lab/data/sipakmed/raw/im_Koilocytotic/CROPPED/109_04.bmp,5e6dc57471bbe71a89ec0748b4c68a93989fed63698516ad598633115f5a3836
research-lab/data/sipakmed/raw/im_Koilocytotic/CROPPED/109_05.bmp,412057f396da590d0a8bbac6ea2aee384173771e8ef4d73d4aabf513d3685611
research-lab/data/sipakmed/raw/im_Koilocytotic/CROPPED/109_06.bmp,ce107de460a966a3285d520501b45a9e43fa4fef24cdd66d958099e217133f92
research-lab/data/sipakmed/raw/im_Koilocytotic/CROPPED/110_01.bmp,838febf365870c06b7c83d5aed08089a7e768e18fc0112b58d3851ea1a252177
research-lab/data/sipakmed/raw/im_Koilocytotic/CROPPED/110_02.bmp,efe40042424965bc54d4a53851942008b4c0924ebbc61498a82427604eb0f13d
research-lab/data/sipakmed/raw/im_Koilocytotic/CROPPED/110_03.bmp,29666fdc5b0906365ee3614b0b3590bf71a126684506f11764f73786abddf1d2
research-lab/data/sipakmed/raw/im_Koilocytotic/CROPPED/111_01.bmp,5fbdebc55f6c2e86e55eac8b6bdaa9409a223fa2eff9043206c565dcdea9f61e
research-lab/data/sipakmed/raw/im_Koilocytotic/CROPPED/111_02.bmp,38ab3ccbf112e569bf2becb0527e43eebcd7c9646366475bad6c02aa7a95dc06
research-lab/data/sipakmed/raw/im_Koilocytotic/CROPPED/111_03.bmp,43c0f4f5d84d94171ad59e974f33eaa5dccb0498f1a289cc04a855144f49cda7
research-lab/data/sipakmed/raw/im_Koilocytotic/CROPPED/111_04.bmp,6ee59ae0035eb59140f2806c1c54290fd2ec5bba76675f527e4e808dc4ad95eb
research-lab/data/sipakmed/raw/im_Koilocytotic/CROPPED/111_05.bmp,315952c210f3d43e7b97f81d5b14eb0bfe2d01bfe33e537f2e006aa44a572345
research-lab/data/sipakmed/raw/im_Koilocytotic/CROPPED/111_06.bmp,f1f4f5da5e1422fffcf93cd960bd772456e5bc78b9a512dfc89d982c01a4d600
research-lab/data/sipakmed/raw/im_Koilocytotic/CROPPED/111_07.bmp,343db2edffef41553a799e2d038a83a05420e8419132021d16b923082fe43bda
research-lab/data/sipakmed/raw/im_Koilocytotic/CROPPED/111_08.bmp,6f3043c43e2f8447f8cb17ce535449e7bc3e2829336bb6359e26dd44e0e30449
research-lab/data/sipakmed/raw/im_Koilocytotic/CROPPED/111_09.bmp,f2f6607046b9b75a2908dc4dcf1bf23109e8a132d7ff4a429141053e62768363
research-lab/data/sipakmed/raw/im_Koilocytotic/CROPPED/112_01.bmp,f259bf99b8fb976ce3d2c5d57f90e4b6973e53ad96fffef4cee01dc32bfb5607
research-lab/data/sipakmed/raw/im_Koilocytotic/CROPPED/112_02.bmp,9bd118cb0560fb1a87737cc7d4e5e15d5adf8150e14c57820f3c8cd102e9e4fd
research-lab/data/sipakmed/raw/im_Koilocytotic/CROPPED/113_01.bmp,c9f5c55c38bb6e0682d187f1dbb5016e99c8b2cf0f8b626f9cff88ef30a17cae
research-lab/data/sipakmed/raw/im_Koilocytotic/CROPPED/113_02.bmp,a90597e1e31b1136037b3bcc9f8b95a0b6a0524f0ff908d6a163a45355998b92
research-lab/data/sipakmed/raw/im_Koilocytotic/CROPPED/113_03.bmp,98e0fe78477aef22e007d160bef3dd3290122427abe4c90de2442f9c3931d1f2
research-lab/data/sipakmed/raw/im_Koilocytotic/CROPPED/113_04.bmp,e9d3d6b38014cb52af06519fca2f6a7082c580c857184d7b85c7a181d60df9fd
research-lab/data/sipakmed/raw/im_Koilocytotic/CROPPED/113_05.bmp,61a0de02f372fb4e48e0541f43c9f32832428730a9975452c40f2a5791fd6484
research-lab/data/sipakmed/raw/im_Koilocytotic/CROPPED/113_06.bmp,bd47809e46cf82764d518be57c4e5d0c6535fc331b1497dceff57d7046df52bd
research-lab/data/sipakmed/raw/im_Koilocytotic/CROPPED/113_07.bmp,0bafb2290b13391226e79a05940163a9228e6a29c5e35fd5be323e9d3bea0c4c
research-lab/data/sipakmed/raw/im_Koilocytotic/CROPPED/113_08.bmp,ae3959b14854be248a2e714d1ced86134d80b28c1a42390ffe63283a8cf7a097
research-lab/data/sipakmed/raw/im_Koilocytotic/CROPPED/113_09.bmp,1f36074e3d9a17fd4f44bfbf30da5239d4ab41299e732f9e17b5d60bfee20a30
research-lab/data/sipakmed/raw/im_Koilocytotic/CROPPED/114_01.bmp,74fe0b35fcaa5f453c327cfcd45b1cb2370e92ef2fb8dc9181ac081ffa54ec2c
research-lab/data/sipakmed/raw/im_Koilocytotic/CROPPED/114_02.bmp,d89b8999574810cc45479773b6afd9efbeb8003702c96e1958ea63034f06ca8e
research-lab/data/sipakmed/raw/im_Koilocytotic/CROPPED/114_03.bmp,2c019782cdc73bf018d1783beac2a7f281931ac9b9efa47e68fe366b2c620835
research-lab/data/sipakmed/raw/im_Koilocytotic/CROPPED/114_04.bmp,5fc8f3379ccb14f95d64f88b94df7f27c319993d04aa9e68966236b15d8130ab
research-lab/data/sipakmed/raw/im_Koilocytotic/CROPPED/114_05.bmp,f0095f4d1f303492d5b11187216ae1e947963917d8d6b2ef9e1508c7d218bf79
research-lab/data/sipakmed/raw/im_Koilocytotic/CROPPED/114_06.bmp,473cc27cf1bff919e6778464dafb1d87ccd0a02f1ae0526b30ed168005ca3627
research-lab/data/sipakmed/raw/im_Koilocytotic/CROPPED/114_07.bmp,543b028b9b831b5dada443a71d33bc64216287c6ff6bb8a4a2cfa3d368fdbdde
research-lab/data/sipakmed/raw/im_Koilocytotic/CROPPED/114_08.bmp,048dffc00ef4d8006998262b964b432503e48a038206dd266fe319e952b676a9
research-lab/data/sipakmed/raw/im_Koilocytotic/CROPPED/114_09.bmp,43417c3bb4f4cbb24e8757fde5863393b325baa3c5d31477280bf522f67a5d53
research-lab/data/sipakmed/raw/im_Koilocytotic/CROPPED/114_10.bmp,1dcf76f8ba67fb3d22d5a6271d840b6a685fd05a6752ca7613f2545a51dd55cd
research-lab/data/sipakmed/raw/im_Koilocytotic/CROPPED/114_11.bmp,103c640f9520f202082494d5710b54cd456be1bc12f0ff9079de938a9b0f2998
research-lab/data/sipakmed/raw/im_Koilocytotic/CROPPED/114_12.bmp,20040b88a5defb1d06fc5bc60352fe7553f1163ba7003f13c400de8eeaec0c84
research-lab/data/sipakmed/raw/im_Koilocytotic/CROPPED/114_13.bmp,f6ce96f2fb05002776c64bc6742d43a9eb29a12d8e7036d6e6fbd65a7e5ed757
research-lab/data/sipakmed/raw/im_Koilocytotic/CROPPED/114_14.bmp,ef81cddc642484b6d84b778e27554533131f59176222b0263d2683a9ab8300a9
research-lab/data/sipakmed/raw/im_Koilocytotic/CROPPED/115_01.bmp,039e20c6b8a1e8b5ef0ab9552e3ee326b7deb3d2c821ddc9e90ce1920995df3f
research-lab/data/sipakmed/raw/im_Koilocytotic/CROPPED/115_02.bmp,4677a5d38e7dc88597e3723abe1b384c6345ea09948afccc794cf4a51b3a8c9c
research-lab/data/sipakmed/raw/im_Koilocytotic/CROPPED/115_03.bmp,88086b1d88d94f17ccead2b0d3f2fb529e2bc5d413989b4276b39ee32dbeb1e8
research-lab/data/sipakmed/raw/im_Koilocytotic/CROPPED/116_01.bmp,4cf2022f6f2b9a31bd2dc6804adca760e4d1a6868874c135f7b416ee0c2eb60f
research-lab/data/sipakmed/raw/im_Koilocytotic/CROPPED/117_01.bmp,a319edabb897a44181e04c2a9b9801ac5569e637ef249884ddeb9eb067299bb7
research-lab/data/sipakmed/raw/im_Koilocytotic/CROPPED/117_02.bmp,989ffd047c7c80754bf1fbdfddd8a4e0121c34352b7e9598aaa059aea9cc0cd0
research-lab/data/sipakmed/raw/im_Koilocytotic/CROPPED/117_03.bmp,6b847174af86904edd54b5f386f8fc8b19e4117487d73dd252afc419fd601b92
research-lab/data/sipakmed/raw/im_Koilocytotic/CROPPED/117_04.bmp,aaba0f28e5acf9eddceeaadbb40ed818899aaef4f119db985a7260af502d4c79
research-lab/data/sipakmed/raw/im_Koilocytotic/CROPPED/117_05.bmp,028bb161ae838b08f86d57bf6d50ac8771f888cd803f812003092a001a733774
research-lab/data/sipakmed/raw/im_Koilocytotic/CROPPED/117_06.bmp,24f86c7fcce8b42cce7176b5e5f04d6523cf00a2ae4ffee657adb4b6d95e324a
research-lab/data/sipakmed/raw/im_Koilocytotic/CROPPED/117_07.bmp,15edbd3ff95bc55fda230d8aadb54cf2ca58068d560b33948716a818c8b89fee
research-lab/data/sipakmed/raw/im_Koilocytotic/CROPPED/117_08.bmp,b701a7cfbefb8e2313f888e1b1846370bdf89ec72a6b8e3cc93381e15a63f542
research-lab/data/sipakmed/raw/im_Koilocytotic/CROPPED/117_09.bmp,7b85cc08d48ed52b46e3bef53784b30f5a4790078a26f08bd70f2a8f370036eb
research-lab/data/sipakmed/raw/im_Koilocytotic/CROPPED/118_01.bmp,9599a06f950425d7f70bc3f46ec1271ffb324ffd75bcfaf9586d884366bae5cb
research-lab/data/sipakmed/raw/im_Koilocytotic/CROPPED/118_02.bmp,10803349d49118ada9fe6dd2667ea62a4701253a43d579e76b4c4ac18a268c0a
research-lab/data/sipakmed/raw/im_Koilocytotic/CROPPED/118_03.bmp,7aa744b5fad4bad35b652d6195d50a293ed6e77917bde9c6acde03fad9bf5e31
research-lab/data/sipakmed/raw/im_Koilocytotic/CROPPED/118_04.bmp,39ea234b90bb9e38e7988fa56ea89c5ee58265745bdbeb3aa38e5378fc386d36
research-lab/data/sipakmed/raw/im_Koilocytotic/CROPPED/118_05.bmp,589cf82ad2b9fc1da1fa38e0f5932a6be76f3cd54cc5653caf07b0c88a068115
research-lab/data/sipakmed/raw/im_Koilocytotic/CROPPED/119_01.bmp,abd4a89141e27aed41290b09e3253f1ffaa834ba2b7823ae2036a2c34bd8c358
research-lab/data/sipakmed/raw/im_Koilocytotic/CROPPED/119_02.bmp,5a580e60dd0844ce7d68455d386421ba5aa688f682b762b5cb5d4f07362ef52a
research-lab/data/sipakmed/raw/im_Koilocytotic/CROPPED/119_03.bmp,9aab8be84493ab15f5b939bc20e86bc323270a9580d08cb6b638e53272a59b49
research-lab/data/sipakmed/raw/im_Koilocytotic/CROPPED/119_04.bmp,003a1438c548420f733565b5e2136203b8bc2b220464cb16603dbcaff3efaea5
research-lab/data/sipakmed/raw/im_Koilocytotic/CROPPED/119_05.bmp,059f3fae7dcbb357e5dcc07cb383d5922db6f31668b294ba29a28aca93e4f2aa
research-lab/data/sipakmed/raw/im_Koilocytotic/CROPPED/119_06.bmp,9ba3c22e70dda10f2c42855cd029aea30c690edb10bb592016317cb0f51d573c
research-lab/data/sipakmed/raw/im_Koilocytotic/CROPPED/119_07.bmp,161ce680a04dc8737a6453c232bb462f6cd4bd96c663f496fc1baf175a185854
research-lab/data/sipakmed/raw/im_Koilocytotic/CROPPED/119_08.bmp,131033696a941f13f13b306b5832598b8b572b8488d6b5b5a51c0226ab24d1cc
research-lab/data/sipakmed/raw/im_Koilocytotic/CROPPED/119_09.bmp,f7d78a7f5f2f8bf1d9deb61613942fb384d3caadbec42b79ce651a91a769f403
research-lab/data/sipakmed/raw/im_Koilocytotic/CROPPED/120_01.bmp,c520aa7deab52f9e4af142a471f6d90653b91d2726d1110d3215b9fdb3d66b8f
research-lab/data/sipakmed/raw/im_Koilocytotic/CROPPED/120_02.bmp,fb60dd52b04c5e3654c89d0cd854160cc836b1e11bd11747d196057ecdee3d11
research-lab/data/sipakmed/raw/im_Koilocytotic/CROPPED/121_01.bmp,d196452eb08a1d6a62486af48b849ba6a9ddaa50e9be10c26a4c6005b9961eb0
research-lab/data/sipakmed/raw/im_Koilocytotic/CROPPED/121_02.bmp,0b13966bdd1e56952de9b2e4ebe1830f7fdbf53ca2cbe4617e434e5a10f9388f
research-lab/data/sipakmed/raw/im_Koilocytotic/CROPPED/121_03.bmp,c547223f8f0efe383c7b1f8f53b2a6434e12f4c29e989f08cb23093b01a17f56
research-lab/data/sipakmed/raw/im_Koilocytotic/CROPPED/121_04.bmp,7d791a273f0d3ef0d4354ca6bbbd5a0ec7893f0e4e5c9517152a36d284fd3c0a
research-lab/data/sipakmed/raw/im_Koilocytotic/CROPPED/121_05.bmp,4f6ad2d1200d9f2c94b05d2b79cc0895356899c7e4982faf2b37cd24f5775dfa
research-lab/data/sipakmed/raw/im_Koilocytotic/CROPPED/121_06.bmp,743b0cabb69c947d242bb6d91216b6d0d5c0854fb71b8cf6d60e1f1e2865594c
research-lab/data/sipakmed/raw/im_Koilocytotic/CROPPED/121_07.bmp,02c72e672ad2b242b2e27ad100503eed3bf2eaeb11c9c57e953364737087d1cb
research-lab/data/sipakmed/raw/im_Koilocytotic/CROPPED/121_08.bmp,2824e986904a1da4d49b669f5e9019aacccb50a6d5211414293e7e93decbb4a7
research-lab/data/sipakmed/raw/im_Koilocytotic/CROPPED/121_09.bmp,09a69f41b5cfaf959f0e997cb101455a4c16465036c403c57c82e002e133a290
research-lab/data/sipakmed/raw/im_Koilocytotic/CROPPED/121_10.bmp,3e2f3a1a09df3fe381aa6f699ac1510a9f8906ca3a269a33882e7ccb9b55fe38
research-lab/data/sipakmed/raw/im_Koilocytotic/CROPPED/121_11.bmp,42ea3c09eda0f33dbf41b37ed9c5bd06752c8ef55ed10fb3a62d259f3d2dcaa3
research-lab/data/sipakmed/raw/im_Koilocytotic/CROPPED/121_12.bmp,93b215cfe3c1091a9f7f4b5fcfc495990ff20f76b343fa8229de35307adae6b9
research-lab/data/sipakmed/raw/im_Koilocytotic/CROPPED/121_13.bmp,85ae6b70419e0064e4e7e414f4307cd07e5bd13562498e4053affbb7151cdcc4
research-lab/data/sipakmed/raw/im_Koilocytotic/CROPPED/121_14.bmp,38eae7489ddb4787de0cfb7a6af0ccbf5a9bfd884c3b9cc19096ac4df5196535
research-lab/data/sipakmed/raw/im_Koilocytotic/CROPPED/122_01.bmp,f842e7dece654285ac19cbbfbb3c7a8debd74dd446a1f156d08458b9e8a5d5f5
research-lab/data/sipakmed/raw/im_Koilocytotic/CROPPED/122_02.bmp,7792d79d13ca0e0627533171378ae0bd8e8297b6b46273e39d4013d9a8e3320f
research-lab/data/sipakmed/raw/im_Koilocytotic/CROPPED/122_03.bmp,a7e29049678c20bc583ddfff3b0c326d42bca192795062980d17af3ceb3a8d82
research-lab/data/sipakmed/raw/im_Koilocytotic/CROPPED/122_04.bmp,dc92f251da587809be6dd70247ac5d3b3f4f38bc912dd63dd7b242b1811d38c8
research-lab/data/sipakmed/raw/im_Koilocytotic/CROPPED/122_05.bmp,2a37bfd76afb29a3c3e8fb3d22e65641bff8872c63a6888467d583b188efebe4
research-lab/data/sipakmed/raw/im_Koilocytotic/CROPPED/122_06.bmp,6dcde734648ea7e23f8cb9718a24e6347fd2c0a55018233d86c3bdfce9d8b695
research-lab/data/sipakmed/raw/im_Koilocytotic/CROPPED/122_07.bmp,680a0f35749145464dce93d8be4a6a7a89eef8736cb6d99e17a8ed61afdf2380
research-lab/data/sipakmed/raw/im_Koilocytotic/CROPPED/122_08.bmp,73f706b61de89b77399286710e9b992631f8b2beeb12a9e7643b49a8dd36b3aa
research-lab/data/sipakmed/raw/im_Koilocytotic/CROPPED/122_09.bmp,a9e50a6d30c4f796fd54683f0da24a03f716e5ae2d0290ac70f87edc773db963
research-lab/data/sipakmed/raw/im_Koilocytotic/CROPPED/122_10.bmp,3ec206817279c8b0019aca5703ab86c5438f655073477801f07ba2d3e5a3149a
research-lab/data/sipakmed/raw/im_Koilocytotic/CROPPED/122_11.bmp,d003c92352204c934e0dd5383d6e69e3ede362bf706fae7b6d387f1e0de27541
research-lab/data/sipakmed/raw/im_Koilocytotic/CROPPED/122_12.bmp,73ecccf8e422a2d30ca3ac8e221048fd012e250a637f4a5ac4cb4f6386c41cd8
research-lab/data/sipakmed/raw/im_Koilocytotic/CROPPED/122_13.bmp,34db333db4a886eec27a65bf747990f1510cbef9da59d0f2629fa1fff63a521f
research-lab/data/sipakmed/raw/im_Koilocytotic/CROPPED/122_14.bmp,ea0b3e0db698b04b248d3b0a839b9f48ccad32f5a526ce1397e8c1e9003431a3
research-lab/data/sipakmed/raw/im_Koilocytotic/CROPPED/122_15.bmp,aa690bb962d4e2c39ff06c9b8fb1a03cc6ed8e9c10a9242f0e924b1beae8c005
research-lab/data/sipakmed/raw/im_Koilocytotic/CROPPED/122_16.bmp,580b4d57ff9d287ba9e25260806985ffc64d038d8fbd8064d46c2743ef191a15
research-lab/data/sipakmed/raw/im_Koilocytotic/CROPPED/123_01.bmp,12da97b6dec3541dbcdd1460253f4c75619b9307fad61cb6d7c47d3b8f5d4d44
research-lab/data/sipakmed/raw/im_Koilocytotic/CROPPED/123_02.bmp,fe9b62564bcacb700e84ea0c4f9a0e98d0d5f085a420087b46b909d4edf1e23b
research-lab/data/sipakmed/raw/im_Koilocytotic/CROPPED/123_03.bmp,28021393263706e60a2d63f97703c58ad8e69f8163dd6b0ace0aa73413ad4c12
research-lab/data/sipakmed/raw/im_Koilocytotic/CROPPED/123_04.bmp,ceadc0c54c2dfcf3ef36b4a5121579544ad15d0f63ac6b4249feb01f79ec4ef8
research-lab/data/sipakmed/raw/im_Koilocytotic/CROPPED/123_05.bmp,8a418051533c1ea49a5a5d84ddcfd2d658c85133c8a8cc89a9712223d8153936
research-lab/data/sipakmed/raw/im_Koilocytotic/CROPPED/123_06.bmp,4d78bb29d5d271e64d924f0353f42229b11be1d16c0b2368ce2b4e2f3e233799
research-lab/data/sipakmed/raw/im_Koilocytotic/CROPPED/123_07.bmp,8699679b109461cca03b6522a27a9e7d948cc8f815a75835b72f4eb31d3321f9
research-lab/data/sipakmed/raw/im_Koilocytotic/CROPPED/123_08.bmp,12a951f858e9b7a424cf3237cfbea4e89d0306ba3f8f4ed67235af5d48a49f69
research-lab/data/sipakmed/raw/im_Koilocytotic/CROPPED/123_09.bmp,bb6b2269a09459b073e7a6ff8f234aaefd8235f5bd147b3ad996ecfc12702b77
research-lab/data/sipakmed/raw/im_Koilocytotic/CROPPED/123_10.bmp,0195961e645357b2397f4f643f3f500be429a9fb01de79ed7eff29802fd2a3ee
research-lab/data/sipakmed/raw/im_Koilocytotic/CROPPED/123_11.bmp,57615ccefdccb45a685f808fd3f17b86558dc31698a78ea2e340fa24b20b88b5
research-lab/data/sipakmed/raw/im_Koilocytotic/CROPPED/123_12.bmp,237496178a7bbfb9cc4d43f2cf02bf77a094629cdea3e420587ce4b3b6cfcb65
research-lab/data/sipakmed/raw/im_Koilocytotic/CROPPED/123_13.bmp,33e88425105a75a04758b44846bd44dc939513938ad123f445c7ec86bf1daffd
research-lab/data/sipakmed/raw/im_Koilocytotic/CROPPED/123_14.bmp,ce7897cea9b4528f911e4844652f059ff9c4bd34fedf488ced6687ecbc0204c4
research-lab/data/sipakmed/raw/im_Koilocytotic/CROPPED/123_15.bmp,f78254b01581f20ccd78ebf6a59fe5646a44b9d0edcd23d2a664bdb602330124
research-lab/data/sipakmed/raw/im_Koilocytotic/CROPPED/124_01.bmp,b845b204e9a09f0f6cf02b5374a0877605e680870fcca466bdc028794078c84c
research-lab/data/sipakmed/raw/im_Koilocytotic/CROPPED/124_02.bmp,cb1899016fc00a021f0ca4d227f38a55621961322ae1334cc30ad8525e748117
research-lab/data/sipakmed/raw/im_Koilocytotic/CROPPED/124_03.bmp,726aaf2202f86b3bdfa8ccd50d043d1239e1d22f6930adca4417b4ed8b78c172
research-lab/data/sipakmed/raw/im_Koilocytotic/CROPPED/124_04.bmp,6d42fcd5d69a9796cd3bc2aef66abea47df78b9f6d8be42eae424c973b2a7781
research-lab/data/sipakmed/raw/im_Koilocytotic/CROPPED/124_05.bmp,e5c074784fe3462f6aec93996c1dc6e7d152cca1e779702c72296a16b93d7f0f
research-lab/data/sipakmed/raw/im_Koilocytotic/CROPPED/124_06.bmp,a59249ed45ebc5d8069f8fcb13dfaafb4a69f322a4ac4d77a443dba7ae37b50b
research-lab/data/sipakmed/raw/im_Koilocytotic/CROPPED/125_01.bmp,d58d7f34680473e661093b363c97abe8a078b2133ff05b21497288bfba3feef1
research-lab/data/sipakmed/raw/im_Koilocytotic/CROPPED/126_01.bmp,bd7824888950e3eac402670a3b350f5db7312dd689b95a524a07edb73c517059
research-lab/data/sipakmed/raw/im_Koilocytotic/CROPPED/126_02.bmp,8cea6866bd8e1a9b48877e8a8e231cc101b17efe031251d115c437ab2ec487a1
research-lab/data/sipakmed/raw/im_Koilocytotic/CROPPED/126_03.bmp,e90a0bc3d7fbc8f66de402db1cb8a68c1a00a61c285f604a7a96bfee1c14a73c
research-lab/data/sipakmed/raw/im_Koilocytotic/CROPPED/126_04.bmp,342aa7c5ee538eeb95c497c2cba371e38571197366908de98cd361fbfb5e6487
research-lab/data/sipakmed/raw/im_Koilocytotic/CROPPED/127_01.bmp,a2d0cd6620293b0e0e46e41a9af102f3d9f77d75525662272eaecdd437890cbf
research-lab/data/sipakmed/raw/im_Koilocytotic/CROPPED/127_02.bmp,a8af5f2a64070821573c0d3d9fb8ec798dbecb115a78e7c36b80a77cea016436
research-lab/data/sipakmed/raw/im_Koilocytotic/CROPPED/128_01.bmp,ca65cf1ce6520be252a5ec7012517b3c1383060f02923ed8770c2efcd3f94b5c
research-lab/data/sipakmed/raw/im_Koilocytotic/CROPPED/128_02.bmp,e47c044d4a352fde2a0676903f37a282dd01c27af1d14c560d35471865b7c25d
research-lab/data/sipakmed/raw/im_Koilocytotic/CROPPED/128_03.bmp,2fc9d60f8294647329baddcabdb36b698f9e64739b1e9bc7197161e2a20cc7dd
research-lab/data/sipakmed/raw/im_Koilocytotic/CROPPED/128_04.bmp,4776e5ed4e1c2e8160d27b817895d9e7cf44177172370bb2f782704dee5627d8
research-lab/data/sipakmed/raw/im_Koilocytotic/CROPPED/128_05.bmp,5ddeef1e6d6aa021cd04b46fd7ff28c0ffcbf7fe2c77d0ff688fbd6b1f4f0bc1
research-lab/data/sipakmed/raw/im_Koilocytotic/CROPPED/128_06.bmp,d09a797ffa2fb4cb3e47d1cac4871e4d3a8d66e392a77537c4da38c54a9fae12
research-lab/data/sipakmed/raw/im_Koilocytotic/CROPPED/128_07.bmp,a9272cdf1da9051e1bc2a673eff147d0c1046c1cf038e49c7b08910e48d40632
research-lab/data/sipakmed/raw/im_Koilocytotic/CROPPED/128_08.bmp,54e3e2aa723de89136ea982c8f7942b52bfa573ae847930bb5b1d93fb6884e63
research-lab/data/sipakmed/raw/im_Koilocytotic/CROPPED/129_01.bmp,ffb0800581a8e67829c37b693314aba257df50778d2582aef0e1468df1279ed7
research-lab/data/sipakmed/raw/im_Koilocytotic/CROPPED/129_02.bmp,80eecd77bc388fec112eb19ced6f2876717fb95b303aed8f1784c24730f1042f
research-lab/data/sipakmed/raw/im_Koilocytotic/CROPPED/129_03.bmp,58b840930c2eca3f02b764987edc0930001179a78a425024503870fd9d7b054a
research-lab/data/sipakmed/raw/im_Koilocytotic/CROPPED/129_04.bmp,a062b92ae184702a0a5c9e0575ff2e110da2e9ed42e2f4a865bc2e310f0e9aab
research-lab/data/sipakmed/raw/im_Koilocytotic/CROPPED/130_01.bmp,d2ba41087aca9c0eb088bf0bf4cb617cf9285d67ca9fc96157719e9f2576c0ee
research-lab/data/sipakmed/raw/im_Koilocytotic/CROPPED/130_02.bmp,9539679e0b3aee59ed136bb6df5b50d36df8337aac29854a8f0289039c1159b6
research-lab/data/sipakmed/raw/im_Koilocytotic/CROPPED/130_03.bmp,80a945977b241efd56adeb4efc66a86d527fd6d027bb6b498cab38eead6e0033
research-lab/data/sipakmed/raw/im_Koilocytotic/CROPPED/130_04.bmp,e870323402042b5b8960f5927a75e7844f3d20cd82644cf611ad22399e0ad314
research-lab/data/sipakmed/raw/im_Koilocytotic/CROPPED/130_05.bmp,4f352152802bed0df91a5901f20ff3f172737e0a0a872e55b9af9449a812de2f
research-lab/data/sipakmed/raw/im_Koilocytotic/CROPPED/130_06.bmp,a8b1c81dca4c1087220379a665f4a060a604bd29de5e693adcc772cf5dd23e3b
research-lab/data/sipakmed/raw/im_Koilocytotic/CROPPED/130_07.bmp,d950866041473ced1f41970952c111c0789ea9dd03b5b1d6300640a50aa8373f
research-lab/data/sipakmed/raw/im_Koilocytotic/CROPPED/130_08.bmp,0f62d8b089de4afafb941412050bd687db011e0e4fb1d89eeb2182fff3ec36ec
research-lab/data/sipakmed/raw/im_Koilocytotic/CROPPED/130_09.bmp,efe27564d28430dd21ae5d581cf9d6522af8e2764420654f04b2cb3a5b31e35e
research-lab/data/sipakmed/raw/im_Koilocytotic/CROPPED/130_10.bmp,11152c33dab52305b9beb0fe7312083fb56eed13a608eb344c95bdc3cff996ec
research-lab/data/sipakmed/raw/im_Koilocytotic/CROPPED/130_11.bmp,8bf249221a958027854a6cef78eae6173945a1ac04f4b749b9ac75d015de9ce7
research-lab/data/sipakmed/raw/im_Koilocytotic/CROPPED/130_12.bmp,44cd1ed12691922ea4156418f3f3dd5c94901323932f0b2ac5272eb9b762ac7a
research-lab/data/sipakmed/raw/im_Koilocytotic/CROPPED/130_13.bmp,80c2075481752303de224e0a9406d8861021ad1760d8a8cbffff653acf9d8520
research-lab/data/sipakmed/raw/im_Koilocytotic/CROPPED/130_14.bmp,8751da94e8e60a78bc36c75703056e93891631aee746a0c882cc199a6e3fda4f
research-lab/data/sipakmed/raw/im_Koilocytotic/CROPPED/131_01.bmp,d4080a72ba78cd9d690eaed76294bda5ca47527a115d96bb4c64d70498c3cca6
research-lab/data/sipakmed/raw/im_Koilocytotic/CROPPED/131_02.bmp,1736078a7b419ae4889adb0d4f6f0b68b7ce5ef842659f0f4ee0e44c11ad3dac
research-lab/data/sipakmed/raw/im_Koilocytotic/CROPPED/131_03.bmp,cea4b42184baa41dd54d204bc6ccb295135c90dbecad7493599cd7d2e8fb1009
research-lab/data/sipakmed/raw/im_Koilocytotic/CROPPED/131_04.bmp,a812afb861c3d10dd7b0bac440ffc5e81b733d2e4d347634a668a98008d83f09
research-lab/data/sipakmed/raw/im_Koilocytotic/CROPPED/132_01.bmp,5a7ea05a158a527dcf9222a3417f957d039043263561b6b7941c21558df15817
research-lab/data/sipakmed/raw/im_Koilocytotic/CROPPED/132_02.bmp,6d9fcdf4f6b19c9c40dfac923950c5009c33f3d6a024c1a45c6646f68f051f76
research-lab/data/sipakmed/raw/im_Koilocytotic/CROPPED/132_03.bmp,674b46d13f6bdbebe4659bc0f12348f274232fcb59e7405c88cd746a9723c3d6
research-lab/data/sipakmed/raw/im_Koilocytotic/CROPPED/132_04.bmp,78d9b549ea5bf71b50617dd310e4a26b90ee91ce968f0311edbd2b02f7077a14
research-lab/data/sipakmed/raw/im_Koilocytotic/CROPPED/132_05.bmp,67c5b0cc5c3aed4b2b753cc811246d3ddb639127916d6ab3b42bc6305326e97e
research-lab/data/sipakmed/raw/im_Koilocytotic/CROPPED/133_01.bmp,ac145e981a211c518220f5b58ec4ca637a988a01ec7a3596d5f7e65d530fbe27
research-lab/data/sipakmed/raw/im_Koilocytotic/CROPPED/133_02.bmp,a0acb753d14558b9ed55b10a6281eebd174babe12e313f6609f51fe640a3989e
research-lab/data/sipakmed/raw/im_Koilocytotic/CROPPED/133_03.bmp,1fd09225aaa9b1037f6d6077b9930db572247e6464418caba07a9318e50699c0
research-lab/data/sipakmed/raw/im_Koilocytotic/CROPPED/133_04.bmp,6306482ebcf527e34625c3b93d38709f4438faf5b00b19a63b48e521269bb0e0
research-lab/data/sipakmed/raw/im_Koilocytotic/CROPPED/133_05.bmp,83bd41a784f7024074fb5439a566d84aace5ebe8dd7e12a8d702da67f7406827
research-lab/data/sipakmed/raw/im_Koilocytotic/CROPPED/133_06.bmp,e128412c76b68d4a8af1d1b5ed1abfd189895bec92ae5ebf50b4d776a141fbf0
research-lab/data/sipakmed/raw/im_Koilocytotic/CROPPED/133_07.bmp,e68996b40fed809f50006398fee2dfb2902611ec66649b484f45d6e2f57f243f
research-lab/data/sipakmed/raw/im_Koilocytotic/CROPPED/134_01.bmp,dc5893616a3c1395a00baed4e0a589c1525a03036e46227b34817f43882c3f6a
research-lab/data/sipakmed/raw/im_Koilocytotic/CROPPED/134_02.bmp,99f460457e7992a65ee15521fe15af3457631f39e5188a3dc66df59515aad11c
research-lab/data/sipakmed/raw/im_Koilocytotic/CROPPED/134_03.bmp,e68265fdb396a0061d5313dea7e5a62e2715d9f6ff6ecba6f9830d4f89c31aac
research-lab/data/sipakmed/raw/im_Koilocytotic/CROPPED/134_04.bmp,a00d77a57e170b733bd781e4b09a773fd03645e715f73ed75ff0ac1e7054c69e
research-lab/data/sipakmed/raw/im_Koilocytotic/CROPPED/134_05.bmp,5b8e782e76551a778d3d7cbc4dde309bef2b75026603a4b3d3bf1e6fc95afd36
research-lab/data/sipakmed/raw/im_Koilocytotic/CROPPED/134_06.bmp,545dbfbafe9f1eacde2c859a1a3ab88970e6d135086600dee51249aeec8fa464
research-lab/data/sipakmed/raw/im_Koilocytotic/CROPPED/135_01.bmp,bd3cc7c186ee99d4702fca05be6f1da9c1233a926d56f548996655eb357a3ea3
research-lab/data/sipakmed/raw/im_Koilocytotic/CROPPED/136_01.bmp,a4353c422393adcf7a7149026ca7b8b836bee0a114077c06a24df16d8b2130ca
research-lab/data/sipakmed/raw/im_Koilocytotic/CROPPED/137_01.bmp,e58e42ead54933f9743fa35a2656b9336a4fd14f0ebf9bcbfbbaf4768146fa11
research-lab/data/sipakmed/raw/im_Koilocytotic/CROPPED/137_02.bmp,9cccf711cc4997503485089abc22ed22dca2885777320480263287de81a6faf5
research-lab/data/sipakmed/raw/im_Koilocytotic/CROPPED/138_01.bmp,b6ed1a61ca1aa3b0ce31df9b900881ebf1f719de2459f55f54fa61a1a6ca2eed
research-lab/data/sipakmed/raw/im_Koilocytotic/CROPPED/138_02.bmp,127c7e94f40f4a1a7c6c4a2c7ead4c5670fae5d868e695fcfc5d1536dfd25d40
research-lab/data/sipakmed/raw/im_Koilocytotic/CROPPED/139_01.bmp,7ab5fadef1ec526cbb35534f2ea4902ac801ccd6a0fb6f23a25e55d57633af3e
research-lab/data/sipakmed/raw/im_Koilocytotic/CROPPED/139_02.bmp,264ad55c07fdd4daf2489d7158432df7fcdd6885778c02787186742da17f03dc
research-lab/data/sipakmed/raw/im_Koilocytotic/CROPPED/139_03.bmp,9f8c5a0d5c04d6244c1b7395b81416dad19b6bae67e6b98aead131f5198fe5aa
research-lab/data/sipakmed/raw/im_Koilocytotic/CROPPED/139_04.bmp,2d59eef088bb9982e1ccc63fb2533d145b8e4e2e7272879757a93096a734bb2d
research-lab/data/sipakmed/raw/im_Koilocytotic/CROPPED/139_05.bmp,77ec7c2cab9111f354bc1a1a7968245cb294619e69761ac42025ee07100979b2
research-lab/data/sipakmed/raw/im_Koilocytotic/CROPPED/139_06.bmp,4fc538d05d524c7ed2e2627c3233bc7252bcef70b5c051a9478e5a6ba6ecb89e
research-lab/data/sipakmed/raw/im_Koilocytotic/CROPPED/140_01.bmp,d2843e09b0854b899a9dc2b05cb45e41fca859ecd7f598e36dbf1f0f1d5d6d4d
research-lab/data/sipakmed/raw/im_Koilocytotic/CROPPED/140_02.bmp,d345848a9f296d4c9eb264d5842f61b3b2106a4fc25529e1aa45454a669be36f
research-lab/data/sipakmed/raw/im_Koilocytotic/CROPPED/140_03.bmp,984729ef709c58dc2d08282065ff22179eaebe4908d3cd80b2373d538b1a6df0
research-lab/data/sipakmed/raw/im_Koilocytotic/CROPPED/140_04.bmp,35093d87cd6c3e07810221828e00a4d6ba155b0cc11510a6e47d6ce9446deb2f
research-lab/data/sipakmed/raw/im_Koilocytotic/CROPPED/140_05.bmp,eff60e7875c2cff141a5b1728e05316a70baac2f474c9751d85da8c0672910e2
research-lab/data/sipakmed/raw/im_Koilocytotic/CROPPED/140_06.bmp,d63485422d72853e50cb0e27f5619f46acfbd051ebb98bc97d3c2f4adf351911
research-lab/data/sipakmed/raw/im_Koilocytotic/CROPPED/140_07.bmp,a91b9ddbad905a183f70e02ffa506f5ab9a1473281e7b060ebf439f92f7ae101
research-lab/data/sipakmed/raw/im_Koilocytotic/CROPPED/140_08.bmp,4f8daf7f6629974c1e96728e1db7c7e33407a98ad91f553b1df8ab680899e722
research-lab/data/sipakmed/raw/im_Koilocytotic/CROPPED/140_09.bmp,49422c92724d60e1702dbc3e08e5cecab5cd856adc75b3c9b985600d17238c18
research-lab/data/sipakmed/raw/im_Koilocytotic/CROPPED/140_10.bmp,5dad710759175e4f8096014e36370571abf88a7953b117a988a3d3a3c562665f
research-lab/data/sipakmed/raw/im_Koilocytotic/CROPPED/140_11.bmp,13d6d71a0e55199d8d1dd1c4df06ded83bff75741e4a1b1f4cb6f5ec4998d7e2
research-lab/data/sipakmed/raw/im_Koilocytotic/CROPPED/140_12.bmp,c9cc0ed5a0077b7b7ccf6085c1a90ce25fa8efcbfec6a906577009b585483924
research-lab/data/sipakmed/raw/im_Koilocytotic/CROPPED/140_13.bmp,7cebc97caf484113dfda7d9b6f526204d468d7dec35cd63f8e758bae1a8391b4
research-lab/data/sipakmed/raw/im_Koilocytotic/CROPPED/141_01.bmp,2a74a19ede88340ed6f216c4b5eff3720c4f86496bd23aebe01588d905c9510c
research-lab/data/sipakmed/raw/im_Koilocytotic/CROPPED/141_02.bmp,8b40fb96f3d7228450a3aeaa26be07114e4be6f568f845d69f17a275187abf09
research-lab/data/sipakmed/raw/im_Koilocytotic/CROPPED/141_03.bmp,f654c35f80faa41f316d451220223486acd24c5715582dffc6c7ad6e8d8155b2
research-lab/data/sipakmed/raw/im_Koilocytotic/CROPPED/141_04.bmp,dcdf71f5c8e7f0b04bb6a3211b9a140248f99310c10d5288872aa4f91f8dd5b1
research-lab/data/sipakmed/raw/im_Koilocytotic/CROPPED/141_05.bmp,6a8802af7be0838838b122a4de3650ada1fea766ae3090e232d81e8fc0230c2d
research-lab/data/sipakmed/raw/im_Koilocytotic/CROPPED/142_01.bmp,a5d84f004358dc0e08407499a47597bb5227e2928051d237906628e661a1bc84
research-lab/data/sipakmed/raw/im_Koilocytotic/CROPPED/142_02.bmp,f485f5b41ff4e513e1414eaae0ec98f536c7e3555637c93814cdce9f91cdf6bf
research-lab/data/sipakmed/raw/im_Koilocytotic/CROPPED/142_03.bmp,3d18fef3a058c501fe2dbb947a6cf879760068a11e08b1ec1af566da35f0b55d
research-lab/data/sipakmed/raw/im_Koilocytotic/CROPPED/142_04.bmp,e06ed7836f90fb339b2e872e660a669cb1299967005eee85b6f46b490ff25d75
research-lab/data/sipakmed/raw/im_Koilocytotic/CROPPED/143_01.bmp,28503440e739b242aea170c65b0b53f80c653e02f1575ee0ebc9a33b533310a4
research-lab/data/sipakmed/raw/im_Koilocytotic/CROPPED/143_02.bmp,035d38eb363c72f1e2a0ed06c5969eedea65e95c1a7067a58716db078c71f7fc
research-lab/data/sipakmed/raw/im_Koilocytotic/CROPPED/143_03.bmp,6fae5ed5823851db8f6d0756f279877e5b2847d8516a4a3fe34c755548ff3b60
research-lab/data/sipakmed/raw/im_Koilocytotic/CROPPED/143_04.bmp,b6366968e0a4bbdcc5dcfa2d7547477a110803e7dbff9f303e670e6132632d4c
research-lab/data/sipakmed/raw/im_Koilocytotic/CROPPED/143_05.bmp,0712fe30dd0237ff36a9eaabab9722fcd270438821a51094c94b5dedbf292341
research-lab/data/sipakmed/raw/im_Koilocytotic/CROPPED/144_01.bmp,20fc32f266fe33f542c285c6941f905c38a5460a6a9befaceded07cb60905812
research-lab/data/sipakmed/raw/im_Koilocytotic/CROPPED/144_02.bmp,941a4f3caa8cba69ea088ecc9df5f724bb03dbdb20feac59d50afafa8f44d44a
research-lab/data/sipakmed/raw/im_Koilocytotic/CROPPED/144_03.bmp,847fbaa854a41673d241a87ee4247aa110de95a95fec7be60aee62fa84db8dc1
research-lab/data/sipakmed/raw/im_Koilocytotic/CROPPED/144_04.bmp,201bd749697e10d1fd980a3570c4e0542be6f9ca69a210c4d91093a591a85382
research-lab/data/sipakmed/raw/im_Koilocytotic/CROPPED/145_01.bmp,2bceb666e15f7b61c2e1181c6d226197aebace2f81b19d65b2e3ea4110e53099
research-lab/data/sipakmed/raw/im_Koilocytotic/CROPPED/145_02.bmp,303cd3bf0bd74d3f2efd0e7cdf19f245352da3253969d612937d0da44c41b041
research-lab/data/sipakmed/raw/im_Koilocytotic/CROPPED/145_03.bmp,9a15d510b7e8094739d0d0e7c08dd77c95fafc01e7a5d6af5f57eac34e99bfdd
research-lab/data/sipakmed/raw/im_Koilocytotic/CROPPED/146_01.bmp,39d33b6cf9322b84cf0179c78be1b8af2d3df316cba8c3bc61847411fd7c54dd
research-lab/data/sipakmed/raw/im_Koilocytotic/CROPPED/146_02.bmp,02612cb3fbf0e7c81c5fc124f6196daebc8f2d7cd28d071dc6f8126f73807ee9
research-lab/data/sipakmed/raw/im_Koilocytotic/CROPPED/146_03.bmp,6f1ba918d7ee5ca88f7af02637d7719b615506374e6084fb0fd564521f46fa14
research-lab/data/sipakmed/raw/im_Koilocytotic/CROPPED/146_04.bmp,9fd7fc6febefb6901c65d6c880d10f2d6706fac4068ae565993bbdf55bab78be
research-lab/data/sipakmed/raw/im_Koilocytotic/CROPPED/146_05.bmp,dc21a0cd9c53b5f55180792725afa899ec52266c4926b4f939280f21b5293735
research-lab/data/sipakmed/raw/im_Koilocytotic/CROPPED/146_06.bmp,3fb905cf284aca1372407ea496d832a150e8d1dffbc913b2478b5cb7a36109ae
research-lab/data/sipakmed/raw/im_Koilocytotic/CROPPED/146_07.bmp,b3a8d9e119dc6c3777be66000781d3b8e829580c7aa1ea3dd4bdad8424afbe33
research-lab/data/sipakmed/raw/im_Koilocytotic/CROPPED/146_08.bmp,45251a28e3309cf4428d7a248c16e80cdfa1765f035f6f831b58cf3f8dd647d0
research-lab/data/sipakmed/raw/im_Koilocytotic/CROPPED/147_01.bmp,db22da1cf035e1545239690cdc95a3275e7556074d8a253fcecbcf2290f971ab
research-lab/data/sipakmed/raw/im_Koilocytotic/CROPPED/147_02.bmp,967ef880a84fbebd1243e22dc0d07d46e71423cfeec729c9cb3dac4144d5be99
research-lab/data/sipakmed/raw/im_Koilocytotic/CROPPED/147_03.bmp,dc4cd256d91a1f13f8c70cae14e5e79bac86b2a72f7ebf11d4e7e1a70e79f07c
research-lab/data/sipakmed/raw/im_Koilocytotic/CROPPED/147_04.bmp,edb024f23d2c340a63b6955074f5b513dcfd6936fb9df1b5472c63d58e075b6c
research-lab/data/sipakmed/raw/im_Koilocytotic/CROPPED/147_05.bmp,f2ddf4715b2037b7ae7fd18a1bdfbb27ad5bbe42ef35ebb933a2d967465cc2ec
research-lab/data/sipakmed/raw/im_Koilocytotic/CROPPED/148_01.bmp,17e965e677b1c135aded72f9bcb732c0a75bfe6a74b00e6cd39fdec58f85d7cb
research-lab/data/sipakmed/raw/im_Koilocytotic/CROPPED/148_02.bmp,cb0a9c2d1e056b8a1a45f43d255f8e63857a259df34cfd8805f816ef9c1e4b8d
research-lab/data/sipakmed/raw/im_Koilocytotic/CROPPED/148_03.bmp,0eb955c8760d1e53ce70505d9d437702a6aace127425ed0ccc7c9a99a29ea02c
research-lab/data/sipakmed/raw/im_Koilocytotic/CROPPED/149_01.bmp,e01c5074c691869dd2476773067d67ab46d0adcb12257fbb668a1ce28640c650
research-lab/data/sipakmed/raw/im_Koilocytotic/CROPPED/149_02.bmp,b5aa77e34d45e0b2968c14fb933e813080485bc68f1254050eb17924d5679689
research-lab/data/sipakmed/raw/im_Koilocytotic/CROPPED/149_03.bmp,706634b9de8a0845cd2ae09693818525f9b80da1b88c57b2bb57aef3edd3aaf6
research-lab/data/sipakmed/raw/im_Koilocytotic/CROPPED/149_04.bmp,90f40814201df16201cda41934c8c36408f7716d37da2f5c87bd3e5923ade8a8
research-lab/data/sipakmed/raw/im_Koilocytotic/CROPPED/150_01.bmp,1570a1ff6922551a0bb83590cd763539bd04dacb25e1c6e7490691420cd18531
research-lab/data/sipakmed/raw/im_Koilocytotic/CROPPED/150_02.bmp,eeecbbaf75328c6f50d764409774cb99328e776de5fa54370b8defb9e36e87cd
research-lab/data/sipakmed/raw/im_Koilocytotic/CROPPED/150_03.bmp,e2ac997023c1f3abfaf65e81b3d7963acc501f5d5c9bb067f216712b8777d16b
research-lab/data/sipakmed/raw/im_Koilocytotic/CROPPED/150_04.bmp,8db999982efb1ef898e057fb7e1ec0c565950b03b68c93d1ec6031e0d2bc4f8b
research-lab/data/sipakmed/raw/im_Koilocytotic/CROPPED/151_01.bmp,18819739fe43dec1a7b725ca86f0f06f2b6da4dab78535e0be5de307533056ea
research-lab/data/sipakmed/raw/im_Koilocytotic/CROPPED/151_02.bmp,a2b250e82ebe7a77213f85599ee2e9393027fee8851204ae8679f54efff4bc32
research-lab/data/sipakmed/raw/im_Koilocytotic/CROPPED/151_03.bmp,0adbfc2a56cf9117994d25f50900ce6b8e119813ebb948a1f5b260824e6cac62
research-lab/data/sipakmed/raw/im_Koilocytotic/CROPPED/151_04.bmp,f7991db1ae57d7e99f97a599b7f3a4625de6d03438c8533b5b41631209b28df4
research-lab/data/sipakmed/raw/im_Koilocytotic/CROPPED/151_05.bmp,df4ee5e4c10c557e852c9046d33d2ad54e04f84a0ada9a85e8071f53fb026e48
research-lab/data/sipakmed/raw/im_Koilocytotic/CROPPED/152_01.bmp,3b596b6792bd8c4739f71637f9f490fe16709e3b527268dc1181004f510da4fc
research-lab/data/sipakmed/raw/im_Koilocytotic/CROPPED/152_02.bmp,ff810b4d9d65fbcc3b85b91ec66c929b5d7a8f42697ba8adddc33f6054b60910
research-lab/data/sipakmed/raw/im_Koilocytotic/CROPPED/152_03.bmp,89bbc103c4cf1592d4160175be3c24c0b6c200696ead4c19afa659559628172d
research-lab/data/sipakmed/raw/im_Koilocytotic/CROPPED/153_01.bmp,8e30492349da4df24b965efc743c9d844abed508f20707c30ec26e6e899b7c8b
research-lab/data/sipakmed/raw/im_Koilocytotic/CROPPED/153_02.bmp,9e26dfdabcfe7af277a53673536dcbe549d3af76f0fdb8ae314ee601c30218f9
research-lab/data/sipakmed/raw/im_Koilocytotic/CROPPED/154_01.bmp,8d18135c88e1c267d52eeb3b9405f4f5aea316588b27473a125b7b3203ef7189
research-lab/data/sipakmed/raw/im_Koilocytotic/CROPPED/154_02.bmp,990817cb337500bc73a10d60c70178b8566ee3ab30a307a8e8ad284d4f520567
research-lab/data/sipakmed/raw/im_Koilocytotic/CROPPED/154_03.bmp,ded5561ddc7562891c9af9903c5bedbadcefbe6f2f824220ee6c815d082228b2
research-lab/data/sipakmed/raw/im_Koilocytotic/CROPPED/154_04.bmp,e776e1d6c2a06fc6127c090139c18ebe12d12d2b158ba33090076d88fa3dc365
research-lab/data/sipakmed/raw/im_Koilocytotic/CROPPED/154_05.bmp,feda506a120070b506cc184a6710907705f36e40e45039b645a36891cdf3f4ab
research-lab/data/sipakmed/raw/im_Koilocytotic/CROPPED/155_01.bmp,99bdaf48034260be380cdc9bdcd27e3935848e62c1f2082faa75020dafb9b106
research-lab/data/sipakmed/raw/im_Koilocytotic/CROPPED/155_02.bmp,b652c2da13b3df83f7f0dc3fff259259399511bfd6b23f307ff893247a6195f7
research-lab/data/sipakmed/raw/im_Koilocytotic/CROPPED/155_03.bmp,968e126de2cca698f500c7ebc82baf32b17fa4a5a713bd590ec1ba043f51ae69
research-lab/data/sipakmed/raw/im_Koilocytotic/CROPPED/156_01.bmp,e491682b53da68d9e71094dce316beceb2700cc82bfd0b43cb05f537dbf82662
research-lab/data/sipakmed/raw/im_Koilocytotic/CROPPED/156_02.bmp,bffb280ec6aede1d21ca2fa27f5fb2b46328dc422c9acf0afd6a0959d42a7220
research-lab/data/sipakmed/raw/im_Koilocytotic/CROPPED/156_03.bmp,c33c29aa17d0728b7dd34edc9c827279fe9d8cf04e748a9da9d31c9b620e3b86
research-lab/data/sipakmed/raw/im_Koilocytotic/CROPPED/156_04.bmp,5c5d8321c89cd4b60218db554ef67f10cd364a5a88c1e9686e919dcb3b81f8e0
research-lab/data/sipakmed/raw/im_Koilocytotic/CROPPED/157_01.bmp,3365ba85d9906f1f3b842d3c1e3c7a2df2cd658a0912b3ddb61a9fa63d4783c7
research-lab/data/sipakmed/raw/im_Koilocytotic/CROPPED/157_02.bmp,75ba42b0b7b56f91551cb5be79c7e2d3dd94b8f1c6abb19ed8dd771cafad2bd5
research-lab/data/sipakmed/raw/im_Koilocytotic/CROPPED/157_03.bmp,1496e8cf73d4852a79f2bdefcb77ed1f85e90ade2f4950525d1f0331ecc868c8
research-lab/data/sipakmed/raw/im_Koilocytotic/CROPPED/157_04.bmp,6dbc2bec7f1ac851ecd39e59dd5a2ab86fac9fb61aff9466ae99af190ac6fd95
research-lab/data/sipakmed/raw/im_Koilocytotic/CROPPED/157_05.bmp,5820bc7d3356bb53b399d022a4580d2d8eda4c221194c59f65fdd6454e1a9549
research-lab/data/sipakmed/raw/im_Koilocytotic/CROPPED/157_06.bmp,95f3287d9bbcc49bb9251b246cf7024db29da23fff878c8256a58304fd33b25f
research-lab/data/sipakmed/raw/im_Koilocytotic/CROPPED/158_01.bmp,5acb083172f28e703bd4aedea4a5668b843a98695d9dd9595cfd9d6845e14e29
research-lab/data/sipakmed/raw/im_Koilocytotic/CROPPED/158_02.bmp,d5ba1a5675e49d48bb59a7f337580fa87358f7d1e34d6501072f375500d54a28
research-lab/data/sipakmed/raw/im_Koilocytotic/CROPPED/159_01.bmp,674c3f938e634859178c2e4b9827fcc4a10a0719972f28b143019ae8204a872e
research-lab/data/sipakmed/raw/im_Koilocytotic/CROPPED/159_02.bmp,196f07c9b01143cd085111dff1ef9098a58288f45db18288b0c41b30a95ce54a
research-lab/data/sipakmed/raw/im_Koilocytotic/CROPPED/159_03.bmp,7d60e4d513401a83d95d4f1a0945e6c648b4c5e105e23c92eff1162393b76f62
research-lab/data/sipakmed/raw/im_Koilocytotic/CROPPED/160_01.bmp,89c0dc7a4b0650a3a30bc9f643df11d78e5d3a40618b5afc58b9c20caf72ff6b
research-lab/data/sipakmed/raw/im_Koilocytotic/CROPPED/160_02.bmp,5489ac8f25db67e440da318d283f01ba2d604a8a3fc2683aefc057853b28f154
research-lab/data/sipakmed/raw/im_Koilocytotic/CROPPED/160_03.bmp,8a1fb6c4c2d285fed5cdc4184f256849281e56ada8a8e0c5b7ecc5ed449f5be1
research-lab/data/sipakmed/raw/im_Koilocytotic/CROPPED/160_04.bmp,5f4f1eb47fa9ef97b9978e011fea0629541c0f31f285b7db5189ae40cc22b8b4
research-lab/data/sipakmed/raw/im_Koilocytotic/CROPPED/160_05.bmp,27e95644b2d6e148b4e4891d636146be5b03cd404b00e5937d9dff1023629052
research-lab/data/sipakmed/raw/im_Koilocytotic/CROPPED/161_01.bmp,e03f47b2a9f023dd5808ace02905869cef976f4b52fca14ea58fe1ad35808a90
research-lab/data/sipakmed/raw/im_Koilocytotic/CROPPED/161_02.bmp,33d99a5526f42661943cd0e7cb1f6bbb73e80444c2e3035933759d0f0db9e0af
research-lab/data/sipakmed/raw/im_Koilocytotic/CROPPED/161_03.bmp,29009fbc5609d30da2a42bade5474855c15877987afbefa2a0b9267e638193ae
research-lab/data/sipakmed/raw/im_Koilocytotic/CROPPED/161_04.bmp,72d3aa45e7064f8abf65bb100f1eba680304158c2d9e408325df57381da143bf
research-lab/data/sipakmed/raw/im_Koilocytotic/CROPPED/161_05.bmp,de72049ab78e74e7da4f8b9e63c0d547dd4a156336197eb474ed87634cc94bc2
research-lab/data/sipakmed/raw/im_Koilocytotic/CROPPED/162_01.bmp,c7dc298b1c1694914c49a801df3ba7e6e8c3d13f61c66c98304cba328e36c7ff
research-lab/data/sipakmed/raw/im_Koilocytotic/CROPPED/162_02.bmp,de62e2c007c91a449612a47c288064bf906e223b4e0a2df2bf5a98a8b886242c
research-lab/data/sipakmed/raw/im_Koilocytotic/CROPPED/163_01.bmp,ae5064c242f8d1a3cdae4755ea6a28cba8aa6783bfd693391e8ae6a3e163c95f
research-lab/data/sipakmed/raw/im_Koilocytotic/CROPPED/163_02.bmp,56e9f670e2fa1e8a38d56ff15009a4ded38b9985ade6521410cd83f29704c8c6
research-lab/data/sipakmed/raw/im_Koilocytotic/CROPPED/163_03.bmp,e5582426355fde63a2833355c3d52aea80d4a37f7f43113f025feda02ea7ce11
research-lab/data/sipakmed/raw/im_Koilocytotic/CROPPED/163_04.bmp,945902c06e61d3b8468e2eb6c64ade97d3f39f40f90b55675c58541e7d08cb88
research-lab/data/sipakmed/raw/im_Koilocytotic/CROPPED/163_05.bmp,b679f2108feb3818747fdbac987440dd184344f7d8cf98f068d96fc7960ef80e
research-lab/data/sipakmed/raw/im_Koilocytotic/CROPPED/163_06.bmp,b2f78c0cefa1a398a500a3a57892606dc243f825de5b8f6ce7621683525f7db8
research-lab/data/sipakmed/raw/im_Koilocytotic/CROPPED/164_01.bmp,26809ab2fd88fbe5c9193bae1676d46ec330b383408687edb29f8be2c0a6fb10
research-lab/data/sipakmed/raw/im_Koilocytotic/CROPPED/164_02.bmp,950477881f2420111681a6bdd5a423216208713d1e542ecfe88c3c462b3c76cd
research-lab/data/sipakmed/raw/im_Koilocytotic/CROPPED/165_01.bmp,1e492d0e8940bc9b24f74f4d58854e3592c0fe95da72fff2b00021312b297e91
research-lab/data/sipakmed/raw/im_Koilocytotic/CROPPED/166_01.bmp,f3fe348a7d9b5b55095269c4296134c00b540b63ed92f20fa65a7b555e843597
research-lab/data/sipakmed/raw/im_Koilocytotic/CROPPED/167_01.bmp,4c8b0e552f2e5f1075281e6756308ee98a4ec12de4391feabf7c8a5dd1a07746
research-lab/data/sipakmed/raw/im_Koilocytotic/CROPPED/168_01.bmp,5ee88feaa6c5fbd2888db5737076f152645c512ba7c9e7558d53e7fb8c775940
research-lab/data/sipakmed/raw/im_Koilocytotic/CROPPED/169_01.bmp,afbaff2fef766b9a4126fc7cd83f450eadecc51a42cba3eb3403a8f81104e1a9
research-lab/data/sipakmed/raw/im_Koilocytotic/CROPPED/170_01.bmp,73aa7d8e93d2795642e86d83de3de1951ae343f0fb3eecb42c27da762cd3ae08
research-lab/data/sipakmed/raw/im_Koilocytotic/CROPPED/171_01.bmp,529bf4ffee8dc19674def21883bcc710057cbc8bb4fbddaa162bfd3973d668ec
research-lab/data/sipakmed/raw/im_Koilocytotic/CROPPED/171_02.bmp,c501d10b94b46038dd3f43aac8443f577ce89234b4cad919176910de061e79a1
research-lab/data/sipakmed/raw/im_Koilocytotic/CROPPED/172_01.bmp,3e4176f6fef55c8116eef10d8cca26d140c8fc49d387b8363eb11428a30771b8
research-lab/data/sipakmed/raw/im_Koilocytotic/CROPPED/172_02.bmp,8fed2bd6bc192145fec4732e271011058e8e39385c46be76e968995d53d09949
research-lab/data/sipakmed/raw/im_Koilocytotic/CROPPED/173_01.bmp,cbe22ebc909568e530318bb22691a1afc6049ea3dd2a8a1bc95d7d2c49a47d1c
research-lab/data/sipakmed/raw/im_Koilocytotic/CROPPED/173_02.bmp,aad4659089297cf4bafcd6dd5ccbae5a2219d40b9e08d96e60cde753260fc7d6
research-lab/data/sipakmed/raw/im_Koilocytotic/CROPPED/174_01.bmp,7210211764c1a1df4d22ce351ae1ffb8b42e45076c98e7fba1718ccefb25f893
research-lab/data/sipakmed/raw/im_Koilocytotic/CROPPED/174_02.bmp,85b7e96b5e03adf66001fd7a6e7c25c12bffdeb20d8eead70005e3c56d7a1154
research-lab/data/sipakmed/raw/im_Koilocytotic/CROPPED/175_01.bmp,f1ebd7fa15c2d6dfcab12bfa600d33728e8e12eab28daeff9e80e999994b3fa4
research-lab/data/sipakmed/raw/im_Koilocytotic/CROPPED/176_01.bmp,778853f9a10fea9a9167ddd28bd025a566111816969ab650accb62178e372aa7
research-lab/data/sipakmed/raw/im_Koilocytotic/CROPPED/177_01.bmp,caa90b5bf9fa70956487a986130edf1f2dbaf2445835f71a5da471fa2a60d448
research-lab/data/sipakmed/raw/im_Koilocytotic/CROPPED/178_01.bmp,a959eb84d69b7ef892676bce77aec07c8eccf4029fd3fe6f4dda084549697a4e
research-lab/data/sipakmed/raw/im_Koilocytotic/CROPPED/178_02.bmp,c9491cfa7f56db0101f1d755598c92e7ce995a6745d976d6738b3d7019daaa34
research-lab/data/sipakmed/raw/im_Koilocytotic/CROPPED/178_03.bmp,0dbefdf1a2575b851ed40892dd2e697d4459d967982af95b1baa03b6f500e293
research-lab/data/sipakmed/raw/im_Koilocytotic/CROPPED/179_01.bmp,632c6ec0371fc235034caff2bcb0ffaf381f9ef54c9ff685993082ca2fcb6194
research-lab/data/sipakmed/raw/im_Koilocytotic/CROPPED/180_01.bmp,24597813d21bab8eb7a4cc2d2423c680b0fb5fefd0fd92d2ab0e59831ecdd40d
research-lab/data/sipakmed/raw/im_Koilocytotic/CROPPED/180_02.bmp,79663c6193be3cea93a286c77a1cef128abe22c2b2ced9db33cdb331eeb31e48
research-lab/data/sipakmed/raw/im_Koilocytotic/CROPPED/181_01.bmp,037848f302109527ce03bfca342d6371f9a48b241052c1937a591f3fd4d850bb
research-lab/data/sipakmed/raw/im_Koilocytotic/CROPPED/182_01.bmp,611f8492f1dbd17ae1fd74e2947d14bf75de25f6d20a7b87260fe81826de9a6e
research-lab/data/sipakmed/raw/im_Koilocytotic/CROPPED/183_01.bmp,8ca12dbc7a7321a368591c834882f8876a95118b9dd57ce6bf71ab15eaa052fe
research-lab/data/sipakmed/raw/im_Koilocytotic/CROPPED/184_01.bmp,4c5358193785d0c5caeddc5771e24b17d283e2501a12a1df0917384efda0333c
research-lab/data/sipakmed/raw/im_Koilocytotic/CROPPED/185_01.bmp,14500a8e94e6e3f41c74ad806ab247485afdcf24368ba74dbc999257e5fddd58
research-lab/data/sipakmed/raw/im_Koilocytotic/CROPPED/186_01.bmp,c325b2feed3ac95e9c0fae4d89f64df4051a62c2f3f5fc2bc8ee38b0cedd3b30
research-lab/data/sipakmed/raw/im_Koilocytotic/CROPPED/187_01.bmp,6a76ced08cf34f21049ec09cbcd9c6eb15dc3455f498a0384eb1d828d2a130c7
research-lab/data/sipakmed/raw/im_Koilocytotic/CROPPED/188_01.bmp,57f43873cc2715400fb757160fbc496c177747a51cf4f9fb479b0c6a4da519fe
research-lab/data/sipakmed/raw/im_Koilocytotic/CROPPED/189_01.bmp,83db622ad6390475881756b8e72f5be733326ceb86847f89eb390d992d7df568
research-lab/data/sipakmed/raw/im_Koilocytotic/CROPPED/190_01.bmp,20abf5713bcb1dfd5b8d9e2c9dc524960c9aa92d89b63fdf310184d7347ecf99
research-lab/data/sipakmed/raw/im_Koilocytotic/CROPPED/191_01.bmp,926614966c8acfdbd74a97a197b8d932a9f88cd471d5a8b153eaa9d662777c69
research-lab/data/sipakmed/raw/im_Koilocytotic/CROPPED/191_02.bmp,5296a69c33479edf981d3d967beae1a5306a92a18c3206f06105d120929fe913
research-lab/data/sipakmed/raw/im_Koilocytotic/CROPPED/192_01.bmp,e4d48211b3e3490ebe56662902cfcea5b7b1cbab0805c20e6eaca9dc3f2290c2
research-lab/data/sipakmed/raw/im_Koilocytotic/CROPPED/192_02.bmp,cfbaeea6dd2351af9cabfe31a12c4c37f0f04bb937c7f5932237d9cf03aeeb83
research-lab/data/sipakmed/raw/im_Koilocytotic/CROPPED/193_01.bmp,208abb454d83824a7eb8d24a8cc4c76af8fc7cce2772d0fb6be0544ece037df0
research-lab/data/sipakmed/raw/im_Koilocytotic/CROPPED/194_01.bmp,7fc3b2c26b908f19145d819256409cc2316edbbad4bd5b173fc8e3fcd5f87ac9
research-lab/data/sipakmed/raw/im_Koilocytotic/CROPPED/194_02.bmp,7541aff4475f136c1f74bb06d24bef004f8ccba10252ff5bcb76082e02d57df5
research-lab/data/sipakmed/raw/im_Koilocytotic/CROPPED/195_01.bmp,64d9b4e1f0abd1432a5de8570de2a0b8e5d2b1c882a93aea1202bcb75f4de6f4
research-lab/data/sipakmed/raw/im_Koilocytotic/CROPPED/195_02.bmp,3d0478e9db5d1a2e24f3e1097cd775990025cb801f4afcdcb26bc0af9accb642
research-lab/data/sipakmed/raw/im_Koilocytotic/CROPPED/196_01.bmp,62745c1f9f7e414a8542a6a891f150de24c63eabfb2e36bf683163864e1722b9
research-lab/data/sipakmed/raw/im_Koilocytotic/CROPPED/196_02.bmp,696e0e1c318e24855155b4a971293c147a3351daa5081aa1784ec1a11099728a
research-lab/data/sipakmed/raw/im_Koilocytotic/CROPPED/197_01.bmp,67d7ecb7b524e0ad3e0947da85b9a21d993feef1a1bf50e11241a28f551f8496
research-lab/data/sipakmed/raw/im_Koilocytotic/CROPPED/198_01.bmp,59ec0a28f50b8c4fc21454f93fa64496aa25a9bdb0db237f71862f1f936bd53d
research-lab/data/sipakmed/raw/im_Koilocytotic/CROPPED/199_01.bmp,7e79b876965b1917f6bbf6415fc6d0d2723fdeacc3b7c0b2b4106bd11e72bdb2
research-lab/data/sipakmed/raw/im_Koilocytotic/CROPPED/200_01.bmp,a286f43bea71b2c177080000ec2c4876b6d6cce9868ebd3b06adff89d330d2d8
research-lab/data/sipakmed/raw/im_Koilocytotic/CROPPED/201_01.bmp,e8bca255b5db8d052ba251323d34ac57e9ec4f89dd5e348771bf595949d9d56b
research-lab/data/sipakmed/raw/im_Koilocytotic/CROPPED/201_02.bmp,c747bd15432f20f374594fe235df975358ede15d85f8a9215a13d9160e0c52fa
research-lab/data/sipakmed/raw/im_Koilocytotic/CROPPED/202_01.bmp,0ab51453ecaf884844ddba2a53b3b56f75aff23e10f71c58e5a6def13439fb1b
research-lab/data/sipakmed/raw/im_Koilocytotic/CROPPED/203_01.bmp,e7673073fe8a39284645ca3bd1ed280acb2c5817606f35b9536d1e7b97ff0335
research-lab/data/sipakmed/raw/im_Koilocytotic/CROPPED/204_01.bmp,4083613d821546f6714bbd39f87f66fd31ea6f8e890aa6daffa32ccbb6db88be
research-lab/data/sipakmed/raw/im_Koilocytotic/CROPPED/204_02.bmp,8e93844c94b305592994df9e3c4dc4376f89ae3bcaec7e60056b8b0a195a26cf
research-lab/data/sipakmed/raw/im_Koilocytotic/CROPPED/205_01.bmp,a7f499affeed350587b1895ac92b2f987043f8916a249fff347a28c2fd384ed2
research-lab/data/sipakmed/raw/im_Koilocytotic/CROPPED/206_01.bmp,17bece8331e2b2767280973bad28c28faa339ea13ba76e62216fe66e62523654
research-lab/data/sipakmed/raw/im_Koilocytotic/CROPPED/207_01.bmp,c6ee4588eec685727dc1401b3e37e2996d0a6cab31df701aeabd6a9ccdcb4e04
research-lab/data/sipakmed/raw/im_Koilocytotic/CROPPED/208_01.bmp,f24522b61ec5cc52ccb470450afbfb085456e3002e08c7f49f38a5c398089a0d
research-lab/data/sipakmed/raw/im_Koilocytotic/CROPPED/209_01.bmp,f97fa63aab4791a8e6b3609baa9e65b9fdc7ae502d870e55f0710af24c6550ec
research-lab/data/sipakmed/raw/im_Koilocytotic/CROPPED/210_01.bmp,d088681488c641e358b22ca6206cac986c23c59f8424f8645c4fd51586b2bb4e
research-lab/data/sipakmed/raw/im_Koilocytotic/CROPPED/211_01.bmp,1b51b88342fd064ed0f38d560eca1a4b6f95afb824b9dbf361c424e27d37aad6
research-lab/data/sipakmed/raw/im_Koilocytotic/CROPPED/211_02.bmp,9863fef0054e6fa9a3dce8be7546995ecd81b058620b5322737297bb0601f72f
research-lab/data/sipakmed/raw/im_Koilocytotic/CROPPED/212_01.bmp,ca597c5fb8aaf0b85225be7d8f60279b8c65b2dcca148ea025ecee44fb716f48
research-lab/data/sipakmed/raw/im_Koilocytotic/CROPPED/213_01.bmp,f1440dc312520913c1f89f5d834ce73395e5302a719093e9de43cacde50090d3
research-lab/data/sipakmed/raw/im_Koilocytotic/CROPPED/214_01.bmp,0e2afbc42da9a5b0665ec1615235228761f91b808b1b8fd09d04ee25d6c3e206
research-lab/data/sipakmed/raw/im_Koilocytotic/CROPPED/215_01.bmp,83f6c59e9096b25cd07fad087a3f7d18c5154ac9a8692ece14bcaea5270e9b08
research-lab/data/sipakmed/raw/im_Koilocytotic/CROPPED/216_01.bmp,659e48e02fa109abd0b440ddafeda0fb455f1e78509768f0168468ef56336638
research-lab/data/sipakmed/raw/im_Koilocytotic/CROPPED/217_01.bmp,e0c3178159516ea53c7503e07d50dae8e68cb79fcb8bea8134618c98199e453c
research-lab/data/sipakmed/raw/im_Koilocytotic/CROPPED/217_02.bmp,cac012e013a538f82582f9257b2852b8f5a1b55a50cefe3fef4dee041317793f
research-lab/data/sipakmed/raw/im_Koilocytotic/CROPPED/217_03.bmp,3c04caa19caa9272ebb824f62d31179b7861e6435127cbedbba989491b66929c
research-lab/data/sipakmed/raw/im_Koilocytotic/CROPPED/218_01.bmp,c424de7d34e5c04f429968fa1ff634f1fc4f628aeaff77d03ede786fe0770c6b
research-lab/data/sipakmed/raw/im_Koilocytotic/CROPPED/218_02.bmp,74e3df700083c1bf214bf16032224621bfbdba09a17e6b79935110b8f235ba1f
research-lab/data/sipakmed/raw/im_Koilocytotic/CROPPED/219_01.bmp,3e62fd868fba589a54ec6b95b180e90d12be876011ecd79cfe014aeb81a53b1c
research-lab/data/sipakmed/raw/im_Koilocytotic/CROPPED/220_01.bmp,bb7d27a23d994275066621ebe63cd6521c64a688fb06ac8f21e75b2630a1ad48
research-lab/data/sipakmed/raw/im_Koilocytotic/CROPPED/220_02.bmp,6f25e35d22f7ee0c8ef3f7b90e6131eff8e6409c4ad359c59774c2498d01aba2
research-lab/data/sipakmed/raw/im_Koilocytotic/CROPPED/220_03.bmp,4332dd84d2dead6c7dfb7c83a1d32ef1de62451c14b7df2f59a50818dd831907
research-lab/data/sipakmed/raw/im_Koilocytotic/CROPPED/221_01.bmp,22e9c8e01d6282e27cf77f8242068f3279515b0c64d2c117c00feb7bc48bf3ca
research-lab/data/sipakmed/raw/im_Koilocytotic/CROPPED/221_02.bmp,e5a8f067df93a16fb38b44d00fb16c83d320660f6d3279d0701cdf8f9deb8e3e
research-lab/data/sipakmed/raw/im_Koilocytotic/CROPPED/222_01.bmp,13edf92bcee7908bb62d113116fd1defb0ae7d3bfa4eb5a690098b1655fa38af
research-lab/data/sipakmed/raw/im_Koilocytotic/CROPPED/222_02.bmp,a7a828d46e6008488e97d89dbd264878f9226e2326177aef3da51730b8a241c2
research-lab/data/sipakmed/raw/im_Koilocytotic/CROPPED/223_01.bmp,5705afd6543c7e437b0b36e58d510956ef15a53834018f9fd82c01a0d70ce533
research-lab/data/sipakmed/raw/im_Koilocytotic/CROPPED/223_02.bmp,c3b201d41d538ffa81cf64b9ec1980c4c9f57a264f89adb5114d701f2a36cbbd
research-lab/data/sipakmed/raw/im_Koilocytotic/CROPPED/224_01.bmp,16f54655a5ffc350230baadd786487ad317c4defd0198c829bb03c741de81e9f
research-lab/data/sipakmed/raw/im_Koilocytotic/CROPPED/225_01.bmp,acb4e1e2f643001b1cf300109f6579d1a52e9479b69c8ddbb178c7e8e9120cef
research-lab/data/sipakmed/raw/im_Koilocytotic/CROPPED/225_02.bmp,24d90cd02460ebf62a23faa52418f669878a2c1ba49ef67bfe761611b690231d
research-lab/data/sipakmed/raw/im_Koilocytotic/CROPPED/226_01.bmp,c31f15f280f4917ead0cea1b50c36e0bd6871693509566e4cec635c51ecc0ae9
research-lab/data/sipakmed/raw/im_Koilocytotic/CROPPED/227_01.bmp,b2a2c68d67319c12ba848a34bb88eaf68db2569a9da8bf182df635b582939d21
research-lab/data/sipakmed/raw/im_Koilocytotic/CROPPED/228_01.bmp,b226772e2dbadaa306dcd09e8fb7020b613ab84a2118d6622e05bd71dea6a3c1
research-lab/data/sipakmed/raw/im_Koilocytotic/CROPPED/229_01.bmp,74757b94236c7ce8f19616df3ab30850fd317ce716a9927d49f8f883f1e85b87
research-lab/data/sipakmed/raw/im_Koilocytotic/CROPPED/230_01.bmp,4d2d0e746f079f6a45e966595c6eac24bd1d3c3c8532cf125b91a8d0da372dc4
research-lab/data/sipakmed/raw/im_Koilocytotic/CROPPED/231_01.bmp,c470857068d659d4aa51d3ea4c122756a758c0a33ad5226ee8c565b299b41506
research-lab/data/sipakmed/raw/im_Koilocytotic/CROPPED/232_01.bmp,9fc318bbfa4aad564dd2dde839d735d6f4170f8747d95a20d8c3bdd4fcbb08dc
research-lab/data/sipakmed/raw/im_Koilocytotic/CROPPED/232_02.bmp,249f6de693cb8e792f8e57c242378b0fb98d87fe545ce0cb757607d192fb43f0
research-lab/data/sipakmed/raw/im_Koilocytotic/CROPPED/232_03.bmp,c8a1b7348e2a5134e3db557dce358c469bc1644bd0d6ba77d92ec75c3f052a12
research-lab/data/sipakmed/raw/im_Koilocytotic/CROPPED/232_04.bmp,0c59f954327c5d3e0e7b4e35d532b0d1185477743fcc5aa6a03bd5a9dca49f6a
research-lab/data/sipakmed/raw/im_Koilocytotic/CROPPED/233_01.bmp,05df0b77b5a2c2b862c28392ea1c4416614fc5f8656d7ebd00074aa9b52ecca5
research-lab/data/sipakmed/raw/im_Koilocytotic/CROPPED/234_01.bmp,d7523dd5d51df79ae4326da4e3c94b19bcb411cd3f58b93f611b2aa87c4e7a4e
research-lab/data/sipakmed/raw/im_Koilocytotic/CROPPED/234_02.bmp,ad3e2015ac97f4a24759b23bb3b9e1a4315b64e2bee0f75827b6af5ea2b2e628
research-lab/data/sipakmed/raw/im_Koilocytotic/CROPPED/235_01.bmp,de0706d80f60971e44964085efa94a268c363bf55f127eb47e01d260938afd3a
research-lab/data/sipakmed/raw/im_Koilocytotic/CROPPED/236_01.bmp,8fe876593472e76f33491036d32afcc916e3ac798f819f2316ea65f26dddaa72
research-lab/data/sipakmed/raw/im_Koilocytotic/CROPPED/237_01.bmp,06798fd4f3974d848fa4cca93fbc0b3c5899fd16bac2dbd1f9c4989d5dede580
research-lab/data/sipakmed/raw/im_Koilocytotic/CROPPED/238_01.bmp,501611be141a6e66c607b81aa5f04c6cd82a5dffca92e7aa07cc39af6fcc6a60
research-lab/data/sipakmed/raw/im_Koilocytotic/CROPPED/238_02.bmp,f9773003663a79249b47eeacdd892d35f662475cabbeb43743b54934b8e7a437
research-lab/data/sipakmed/raw/im_Metaplastic/CROPPED/001_01.bmp,86a4c73f0fd3c121334b905a17045fbdb244f8b3df74f28775730ee0674b1cb5
research-lab/data/sipakmed/raw/im_Metaplastic/CROPPED/001_02.bmp,06c40358a14f3cb19ded9f3f844f912006cbc3bfc021230e5d6bbee8b0886e3b
research-lab/data/sipakmed/raw/im_Metaplastic/CROPPED/001_03.bmp,c69c0f6b1ce3dcb215136d31fd46e40ebf4f4eec7cf4c6a70d53572aaa9f354f
research-lab/data/sipakmed/raw/im_Metaplastic/CROPPED/001_04.bmp,ac8f05c065e241939b0256fab71ffe9e68fdea64c4ac87ab5eb41635d15a2ce7
research-lab/data/sipakmed/raw/im_Metaplastic/CROPPED/001_05.bmp,7cecf28cbb7500ea657f1d21f0f112355d6aeb142009716ba8249a2d8cac6187
research-lab/data/sipakmed/raw/im_Metaplastic/CROPPED/001_06.bmp,8e5a2d6212e936f5c5aba0260f719f8e2d63f5aea9e2892633aeda2220a77670
research-lab/data/sipakmed/raw/im_Metaplastic/CROPPED/001_07.bmp,8f31382d569e920a66acd370e6192e8b141b9a4f9b41d20f6da30c979d946a56
research-lab/data/sipakmed/raw/im_Metaplastic/CROPPED/001_08.bmp,76ba53df26dd4ceedd435bf5c9b22d2d0d7818b94b81b072b7f3e3272b3a4161
research-lab/data/sipakmed/raw/im_Metaplastic/CROPPED/001_09.bmp,3d3639be518c00ea6d1a9838020afe0cb36b16c6b3313bb2029e0614e5c888ab
research-lab/data/sipakmed/raw/im_Metaplastic/CROPPED/001_10.bmp,da72afd4fbd21568305e88a6964f693bdbcdd04a6eaaa4a1155201de7a514fb9
research-lab/data/sipakmed/raw/im_Metaplastic/CROPPED/001_11.bmp,a972c9436aeac57917e8e7295378969a82f070ad61003196b5a06b1d376f1150
research-lab/data/sipakmed/raw/im_Metaplastic/CROPPED/001_12.bmp,002b226c3180f221279b2ee5b174e9a810e9eb81c6ae109150eac9ab15e7f8b0
research-lab/data/sipakmed/raw/im_Metaplastic/CROPPED/001_13.bmp,3cb4f07aeba19e1355a64e8777868ffaea54bbf0bac2ac6ca88a279e63565c99
research-lab/data/sipakmed/raw/im_Metaplastic/CROPPED/002_01.bmp,a7fa5d969aad94f0486fc8434e7d7001d672784c5491e8b4f31147788827f5c5
research-lab/data/sipakmed/raw/im_Metaplastic/CROPPED/002_02.bmp,7760b9d7cc8b641f61fa92b1b4bc582108d46cd41b7c6b43aa20d8fa6a4a923a
research-lab/data/sipakmed/raw/im_Metaplastic/CROPPED/002_03.bmp,33ac6f437e714fc944cfafde20e1dfb4549072165d96ea94dd272676fcf683f5
research-lab/data/sipakmed/raw/im_Metaplastic/CROPPED/002_04.bmp,6b0841be35fc0a1e81eb78d3f60f947be73de90444979e4a7888ba1a6adbbdcb
research-lab/data/sipakmed/raw/im_Metaplastic/CROPPED/002_05.bmp,7b51355b0d2dfd24237b4facec4a0440361c90ec9532afcb6d90aabf52613098
research-lab/data/sipakmed/raw/im_Metaplastic/CROPPED/002_06.bmp,c72f6da5b3f17b6f828a48977f7e37f540c836fde26565279d63b99e523c77c7
research-lab/data/sipakmed/raw/im_Metaplastic/CROPPED/002_07.bmp,45ee6c75cebb3993731e1501d541afbb1255a8b7ca8fab8c53be84c42a288ea9
research-lab/data/sipakmed/raw/im_Metaplastic/CROPPED/002_08.bmp,18ca06be0208eabc3c67b2dccefad25999190c5d4bff4a111ec7d145c7df129a
research-lab/data/sipakmed/raw/im_Metaplastic/CROPPED/002_09.bmp,8b692ad373cbf5d6fcbf08c8ce02fc48234d8bbbf80bc639782c9c9c13bec462
research-lab/data/sipakmed/raw/im_Metaplastic/CROPPED/002_10.bmp,d94041910040dbe1cce8c837e707ca9eed0113939f1e70d90c4c957c22638044
research-lab/data/sipakmed/raw/im_Metaplastic/CROPPED/002_11.bmp,3fca46cd22ef0c37b3f4abd0c22f098761b61f8ee2a7af89e3ecaecfe8ee77c5
research-lab/data/sipakmed/raw/im_Metaplastic/CROPPED/002_12.bmp,a335175fe212771584f7eeb583392426a5691c837596deb8fe58d35da555029f
research-lab/data/sipakmed/raw/im_Metaplastic/CROPPED/002_13.bmp,8a0d80c51721fc5fb9b298ff63ef751c28459700805ede6b93f221b78f53d0bb
research-lab/data/sipakmed/raw/im_Metaplastic/CROPPED/002_14.bmp,ec78d6cb29be95ec16667482b49f318180c06cf6aaa435a0c2b80d313821e4f4
research-lab/data/sipakmed/raw/im_Metaplastic/CROPPED/002_15.bmp,857aa07a53d182fbdcdadcea5eb9bd2c11a102903ce83387f37874371e5ab51a
research-lab/data/sipakmed/raw/im_Metaplastic/CROPPED/003_01.bmp,d5c3b78dce295a9f317bef77636c9e0fe06b2f51c34bc2c20ecb7267fb2f54bd
research-lab/data/sipakmed/raw/im_Metaplastic/CROPPED/004_01.bmp,da2b7945d0b5c3dc6a356b959abf6db051397999488f866f68bf709769ca9a05
research-lab/data/sipakmed/raw/im_Metaplastic/CROPPED/005_01.bmp,846a1aa74ca61d4e18cf82ebf3657feb7a36d330a430de9ecdc5b8720ec466c6
research-lab/data/sipakmed/raw/im_Metaplastic/CROPPED/006_01.bmp,d384de7eb8a424c9ee4e13c5e30745c8debdfa1d47ba0f52551649b5e869e9cf
research-lab/data/sipakmed/raw/im_Metaplastic/CROPPED/006_02.bmp,a57f2a56ad96a3cde0f8ba911bc12489b9afd739f275aa9c3e2a162c8ce9103a
research-lab/data/sipakmed/raw/im_Metaplastic/CROPPED/006_03.bmp,86d1ef8e10b0920563951b7d3f66a76855562cbcb087490cbeaffec03fdf56c1
research-lab/data/sipakmed/raw/im_Metaplastic/CROPPED/006_04.bmp,8e4a7e016f79ca70714a7a785037b51f1789fb6a893cd2e28ffc88d0f1895cdb
research-lab/data/sipakmed/raw/im_Metaplastic/CROPPED/007_01.bmp,fbac7b7ca799a0ec7c3ce7669284be7b22ec62260e7bc9ba0bf6409f796aa980
research-lab/data/sipakmed/raw/im_Metaplastic/CROPPED/007_02.bmp,52450ef842b1a4ab6f20cc007708036697b0754292d012134c7203a3c50e741f
research-lab/data/sipakmed/raw/im_Metaplastic/CROPPED/007_03.bmp,1285855b3c5c105be1c82a05f43689a7133bb0ca1b9f7e221d2df14bea8f4391
research-lab/data/sipakmed/raw/im_Metaplastic/CROPPED/007_04.bmp,445ccefefc51555e445bb0a18e91541a413b7c92708b02fe219db8d9c0bc08ac
research-lab/data/sipakmed/raw/im_Metaplastic/CROPPED/008_01.bmp,2e17b132aeeac810d042db94613c2c0a60bd736e4c8ffefeeced57d7d5bb1148
research-lab/data/sipakmed/raw/im_Metaplastic/CROPPED/008_02.bmp,438a8be77ea9c69d9b884db986c324fd17dc987cab8ff6ecf0d88e5b7eeeaa5f
research-lab/data/sipakmed/raw/im_Metaplastic/CROPPED/009_01.bmp,88012f9cf4ca6b541a57f3890ef4bad2479701ff264e30f5dfcec05e9f4161c7
research-lab/data/sipakmed/raw/im_Metaplastic/CROPPED/009_02.bmp,784b6216c968b9ac0d69254fef10e5b87bf7352e10c184774801d521dbc51f47
research-lab/data/sipakmed/raw/im_Metaplastic/CROPPED/010_01.bmp,519e508059478df84bc109d175bdbe7796ed3fc41170742cc3d83857b12130f4
research-lab/data/sipakmed/raw/im_Metaplastic/CROPPED/010_02.bmp,fe986065582246de33ed22d36bf7af5f2e2ba953b304a9b5a0027d6d06cc0b8d
research-lab/data/sipakmed/raw/im_Metaplastic/CROPPED/010_03.bmp,99b0db4d0caed53736b9bda05d28cc5aac46eff6ff960aa617a128611af20c3e
research-lab/data/sipakmed/raw/im_Metaplastic/CROPPED/011_01.bmp,565131608b3b46f20be874e7321100a282daa3073d461d93b51abb8071e49286
research-lab/data/sipakmed/raw/im_Metaplastic/CROPPED/011_02.bmp,02e235cd61ddaddbaae4274459582a7973118ae389a77adf3313ebf88fbf301e
research-lab/data/sipakmed/raw/im_Metaplastic/CROPPED/012_01.bmp,60062b17f9db2de3ab17e004405074bd7ea7cd4fd626e1ab79238b9bcaa32f84
research-lab/data/sipakmed/raw/im_Metaplastic/CROPPED/013_01.bmp,5cb4b854142057296436f21480b689f4348530d6133b898f5bc7d47d5e9183c9
research-lab/data/sipakmed/raw/im_Metaplastic/CROPPED/013_02.bmp,bd7b3b06879db76e1d767d5cb28368ba41487889f2bd6dcc9eaad7bb70a620fa
research-lab/data/sipakmed/raw/im_Metaplastic/CROPPED/013_03.bmp,1830e946d7afb33279c2338c43e4490338957c2ec278edd76ee0555b92d68435
research-lab/data/sipakmed/raw/im_Metaplastic/CROPPED/013_04.bmp,60226c204cb9395172930573ab8c6f204678cffea107d471e6ffacd2b5c24d7a
research-lab/data/sipakmed/raw/im_Metaplastic/CROPPED/014_01.bmp,4bada921795e75c562ab54e504cdde30b2a2b80c1d2a03eac8a7aa63d549a049
research-lab/data/sipakmed/raw/im_Metaplastic/CROPPED/014_02.bmp,d27bfea16ec6cb01c9e4dbc8e258a048e9fe1536800f74c11ac7d360ea706a44
research-lab/data/sipakmed/raw/im_Metaplastic/CROPPED/015_01.bmp,a84dac7471074ce1f5f9a184ef9a84e07aaede92f17e8101c23d29020bb6197b
research-lab/data/sipakmed/raw/im_Metaplastic/CROPPED/015_02.bmp,ba42fa896c7679a6c62685211b254d3e421927a60835221d38ab4b669d5c8cfa
research-lab/data/sipakmed/raw/im_Metaplastic/CROPPED/015_03.bmp,61ae3d1ba3b224142fff377400e46c2794f216cd4f78b2183471076074208f3d
research-lab/data/sipakmed/raw/im_Metaplastic/CROPPED/016_01.bmp,58665352ecb5495e89737352349e542e36e55a1e056d4037b723c8e605d04e63
research-lab/data/sipakmed/raw/im_Metaplastic/CROPPED/016_02.bmp,ee66f9ee79da924977319164c7f25d93376df75fb54eb222c43eed7d14c1286f
research-lab/data/sipakmed/raw/im_Metaplastic/CROPPED/016_03.bmp,21b2fe0d21e9f1c5c193706ef968b7afb9d57706742db513d88830f628bec9f8
research-lab/data/sipakmed/raw/im_Metaplastic/CROPPED/016_04.bmp,7a114dc093f924adcd38ea3212e177be8f2c4f130177833da7f30d2f8dcac1dc
research-lab/data/sipakmed/raw/im_Metaplastic/CROPPED/016_05.bmp,748ac0441a17b7309fac3226129e41f2fbbe9471ee348cd164981053d085e3b4
research-lab/data/sipakmed/raw/im_Metaplastic/CROPPED/017_01.bmp,80cb0f496d9cc666f443eb45a94f16b9e4ab6c3ba143af03e63823f6381e2fde
research-lab/data/sipakmed/raw/im_Metaplastic/CROPPED/017_02.bmp,e20e213aa87df03cf784d728bf8b5088d7140cf28e78763184575611a590a7d7
research-lab/data/sipakmed/raw/im_Metaplastic/CROPPED/018_01.bmp,3091b53b84ce4ffe140a4fa86e11d231b4bf8b823ef127c277ce309e5ccad0c4
research-lab/data/sipakmed/raw/im_Metaplastic/CROPPED/018_02.bmp,26894fb098272bf6cf8630150aa615b8f79dad53236b8bc90399676a9e546e6c
research-lab/data/sipakmed/raw/im_Metaplastic/CROPPED/018_03.bmp,bf9ba5e1c32f04d31b70486e461024752b3b8c0513dc9bc310dc3cc15fe17a15
research-lab/data/sipakmed/raw/im_Metaplastic/CROPPED/018_04.bmp,745b2a78e2029c330d9e7b5deb79fae5724f0147eab933bdcbbde31a51cdaa7e
research-lab/data/sipakmed/raw/im_Metaplastic/CROPPED/019_01.bmp,8e0c317dbdbff440324da1089267055e607dcc7e3abceb6f81271f40a988530d
research-lab/data/sipakmed/raw/im_Metaplastic/CROPPED/019_02.bmp,7caf056267179b2138ac0db040e4cdd900d00bc0ec7b0f677f0914e0c11fe76d
research-lab/data/sipakmed/raw/im_Metaplastic/CROPPED/020_01.bmp,354a95d20868c144b218f3950a8cc70d63dd2324e897798e0ba2267ff2104a4b
research-lab/data/sipakmed/raw/im_Metaplastic/CROPPED/021_01.bmp,48167182fc0153c9bba40fc48d8e1faaf3d9acd4ffdfcf3134fab4f08db17c2b
research-lab/data/sipakmed/raw/im_Metaplastic/CROPPED/022_01.bmp,5103393b3906dbf07c1f33c333868b0ee26f891901a4ee5d92da7bcee9f9f068
research-lab/data/sipakmed/raw/im_Metaplastic/CROPPED/023_01.bmp,854ed920d7ab59cd0b6b127d07b9c2652b2e876025adcca9bbe1b6ea875125fe
research-lab/data/sipakmed/raw/im_Metaplastic/CROPPED/023_02.bmp,7a55c7597a0de28fad0dc7453c589cefa106029e92b52b4da6118646706a8b63
research-lab/data/sipakmed/raw/im_Metaplastic/CROPPED/023_03.bmp,b5b2ef987bc392c14169f95f4bc2f4c595929ed0ebc715f426bf3e2ffcfd74cc
research-lab/data/sipakmed/raw/im_Metaplastic/CROPPED/023_04.bmp,a9b85959c0a2fb4b335660454481ee63378dc4ecf1184b6bec5da30d2ddc8030
research-lab/data/sipakmed/raw/im_Metaplastic/CROPPED/023_05.bmp,ad0e09d60c84162dc5a272e127b21e6e7da01f534bc84ed2ba53d4978c57177d
research-lab/data/sipakmed/raw/im_Metaplastic/CROPPED/023_06.bmp,78928791482d65ea4df9ff928af32d61d213792bed5b5faf5411c160179a4409
research-lab/data/sipakmed/raw/im_Metaplastic/CROPPED/023_07.bmp,af4c14dde0b01beb9a002ee01664e5750a604b9eddba042ba2ef5d96a0e88c3a
research-lab/data/sipakmed/raw/im_Metaplastic/CROPPED/023_08.bmp,c3c91a5637dbfb97420ac9ea7991c29c7aefdf780bccd12ebe76c3da628e5eda
research-lab/data/sipakmed/raw/im_Metaplastic/CROPPED/024_01.bmp,6a7f4bfc7c49dbbf6978de8ec06966f636fde9aad1341ab31266576cc06462a9
research-lab/data/sipakmed/raw/im_Metaplastic/CROPPED/024_02.bmp,c534879c50c3157e10e86849b0a1023faf92ce7c8af87e40a5d9d2d21c66fb0e
research-lab/data/sipakmed/raw/im_Metaplastic/CROPPED/024_03.bmp,b6adb670091282640fbb469b3f63dcabad3e931181c00c799d331762c5f77123
research-lab/data/sipakmed/raw/im_Metaplastic/CROPPED/024_04.bmp,ab2c11ebc2e87024fcaa61a1f757ecfafa739696a1727b6345ad0992da82f33b
research-lab/data/sipakmed/raw/im_Metaplastic/CROPPED/024_05.bmp,3d7be044b734320d1fad0d90ea470170c5cc589f5f10df40a8099ef57fb07199
research-lab/data/sipakmed/raw/im_Metaplastic/CROPPED/024_06.bmp,5c83c4fa7e6472ccb33d0a38ef1f5e5711521a56469096d241e5be884e0e09ae
research-lab/data/sipakmed/raw/im_Metaplastic/CROPPED/024_07.bmp,fadf253b8acf57c5f83b98bf6311577d30eb5cb6c6796d9acb79e70becec4144
research-lab/data/sipakmed/raw/im_Metaplastic/CROPPED/024_08.bmp,dc50f8a46d06499bc487b9a29bb57322d9c6cb4ebae14ae76d512cf34903b15e
research-lab/data/sipakmed/raw/im_Metaplastic/CROPPED/024_09.bmp,1c424863ae2b80cf5af789968d43e96de828330610b3afe337eff9e17aafb5cb
research-lab/data/sipakmed/raw/im_Metaplastic/CROPPED/025_01.bmp,08b2bb6753a2f023f628f30687ebb98fe5868fcab4a9ba6bdadf7af0f59b4d94
research-lab/data/sipakmed/raw/im_Metaplastic/CROPPED/025_02.bmp,dfd197d5aa20d411103a418dd389fd1f06ea6c02907ccce3dd02db2ad0904c5f
research-lab/data/sipakmed/raw/im_Metaplastic/CROPPED/025_03.bmp,c842d0b87f68289a52b02d3f7ea2a3bffe4aed8eeb6d67596024e756434c43c3
research-lab/data/sipakmed/raw/im_Metaplastic/CROPPED/025_04.bmp,2f1cd6bb16983191c2110297da1c8f1fe8b84ea34cb395f34384749227ecaa18
research-lab/data/sipakmed/raw/im_Metaplastic/CROPPED/025_05.bmp,2ff9060344f5ae47768f9a97905ac85b738639c6c4e3360e1a4b435de1dab2d3
research-lab/data/sipakmed/raw/im_Metaplastic/CROPPED/025_06.bmp,198666c9d5b1a6a3087a5ed8b32d2b2f952ca1094b763119486ec618fea2a2b4
research-lab/data/sipakmed/raw/im_Metaplastic/CROPPED/025_07.bmp,3f1bf278520bd5962b2a82f98cf060285d5539762645c2170382c8d7e9cd860a
research-lab/data/sipakmed/raw/im_Metaplastic/CROPPED/025_08.bmp,724debec0264c48451403eebf4ba34087aea08e08a07ceb5241ccd0109146492
research-lab/data/sipakmed/raw/im_Metaplastic/CROPPED/025_09.bmp,30be4652bd3ff023d9d3d7f667fd12e199cd0565fecbd5c8601520fdbe66c3d1
research-lab/data/sipakmed/raw/im_Metaplastic/CROPPED/025_10.bmp,0882c67ad17be180daabce4590596ea0c3c378357b2d1e916cf8a4193689b9e5
research-lab/data/sipakmed/raw/im_Metaplastic/CROPPED/025_11.bmp,b06ea6ec644403c1b216f8a94fc96e7900cf5b3a2b5fb8df93a97280e9a6074a
research-lab/data/sipakmed/raw/im_Metaplastic/CROPPED/025_12.bmp,62ed347100607a918d02837ca6f64aaed41949ec5597bfa6b897cd6627109dec
research-lab/data/sipakmed/raw/im_Metaplastic/CROPPED/025_13.bmp,ef78c9aebc3b82ecdfe7cbf362c918721fa9b3b3a0d3e67ada07f39f3160cf35
research-lab/data/sipakmed/raw/im_Metaplastic/CROPPED/025_14.bmp,0017e877676a66778f9c20450ea335a3211106cfac29437900eff62f2f5d0200
research-lab/data/sipakmed/raw/im_Metaplastic/CROPPED/026_01.bmp,ad344c8f22291e7f81a30b65630fc1864b14b61e47c54e52e1956fc197453891
research-lab/data/sipakmed/raw/im_Metaplastic/CROPPED/027_01.bmp,376e67b9f75fa0d5592ffdf46d646eb3bf7e0da8ace6e45ce147da760a94c03e
research-lab/data/sipakmed/raw/im_Metaplastic/CROPPED/027_02.bmp,b53e80a05f4a59c12c9d745f99a9ce99f6edeb4e37e91cd70bf405deb95c9644
research-lab/data/sipakmed/raw/im_Metaplastic/CROPPED/027_03.bmp,c893b2a1f28ee91f294f9c6c5d7663062e762525a1d658c85c5ede3c17bd3868
research-lab/data/sipakmed/raw/im_Metaplastic/CROPPED/027_04.bmp,cddc9b069b66149778f41d67b73a4dfa187dd738b81e13a873c593323704b065
research-lab/data/sipakmed/raw/im_Metaplastic/CROPPED/027_05.bmp,3090d7709e687d00360613250041865c2d35f27b696c0086e1597dfda60ac6a3
research-lab/data/sipakmed/raw/im_Metaplastic/CROPPED/028_01.bmp,01c74b4df5473966c3f02d3fda428d54dfeec70ced425949e4328d31c4db6f60
research-lab/data/sipakmed/raw/im_Metaplastic/CROPPED/028_02.bmp,662000c8454e3eb791c16850cacdfeee119142642bb513e4296fef2f6084c1f9
research-lab/data/sipakmed/raw/im_Metaplastic/CROPPED/029_01.bmp,91420deb440c1db772971d10cf03215d0de3be2713336706411a6bd86afe8061
research-lab/data/sipakmed/raw/im_Metaplastic/CROPPED/030_01.bmp,ff54705dd2d1bbba4a8a729e874a7611d20f8f8f1429a476d5dd09b5ebd30766
research-lab/data/sipakmed/raw/im_Metaplastic/CROPPED/031_01.bmp,4a6514464146f227aedaa1e1ca67dab07d0b2d473383469c7061569703d9e089
research-lab/data/sipakmed/raw/im_Metaplastic/CROPPED/032_01.bmp,ffecd0eba196e0a94c6856058e5ddf0135eb45a09e6a444ddeaec4430fdb48bd
research-lab/data/sipakmed/raw/im_Metaplastic/CROPPED/033_01.bmp,87c8548fdb155d6e2435c04edd6a8b940a14d4660296a3161c1a343e37536311
research-lab/data/sipakmed/raw/im_Metaplastic/CROPPED/033_02.bmp,3c83c8e7198b10a985d21c768f6740cbdea5d9e88c1269ec21c4acac6e5b47f9
research-lab/data/sipakmed/raw/im_Metaplastic/CROPPED/034_01.bmp,84548bd489f746039fb6d2aca69344bcd65094d24d83476af0afc4ab80525c51
research-lab/data/sipakmed/raw/im_Metaplastic/CROPPED/035_01.bmp,b91482ef881a7443fa7cfdb363ed09bfd7a4b4d5d7a56884f0c3390d61dfdd52
research-lab/data/sipakmed/raw/im_Metaplastic/CROPPED/035_02.bmp,df8035914b1025c0f5fdab580820cd1fbd94a708605dc4f5bea54ae25bbd2504
research-lab/data/sipakmed/raw/im_Metaplastic/CROPPED/036_01.bmp,b5a8c989088ec15de12a605af8b41372d485048b80b8f87fa2d1cb3deb9bf07c
research-lab/data/sipakmed/raw/im_Metaplastic/CROPPED/037_01.bmp,fae50118a5ea332bd6ad852dc5bf1a1bf5bd91836715137eb23aaa5af4b7db98
research-lab/data/sipakmed/raw/im_Metaplastic/CROPPED/037_02.bmp,9b6d4ae4e1932c18c279b7bc999218da565dab00e03edcfb5e37e3d543e7e05d
research-lab/data/sipakmed/raw/im_Metaplastic/CROPPED/038_01.bmp,fa286138759afab0d0328b38800819c71544804dedd85ecc17de94e05ec82505
research-lab/data/sipakmed/raw/im_Metaplastic/CROPPED/039_01.bmp,36a9325f20c3fe6e6dec37accfac3e498e2e03731d74def1c31e65be9d524d26
research-lab/data/sipakmed/raw/im_Metaplastic/CROPPED/039_02.bmp,956fdbc1ba550b5640bdb7fedb71bae7710624f0b11ad5912755c3e175f63be6
research-lab/data/sipakmed/raw/im_Metaplastic/CROPPED/040_01.bmp,2c8308b1ce6a57e07b9d81d060c7686682daa69cbfd9d63f993a90e1bac7aef4
research-lab/data/sipakmed/raw/im_Metaplastic/CROPPED/040_02.bmp,240254f80fdbe4f88c53fac4c27119901c1348f60234912ba04d1337bc248dee
research-lab/data/sipakmed/raw/im_Metaplastic/CROPPED/041_01.bmp,f32ed7d80c5eed0fd65158ea6a23599cc88e03f352f44ca3a97f286d9e50fa66
research-lab/data/sipakmed/raw/im_Metaplastic/CROPPED/042_01.bmp,6df39457597e40eac5d3cddd1c99f1cb13925763d6f422dbca87300c43b5ed81
research-lab/data/sipakmed/raw/im_Metaplastic/CROPPED/042_02.bmp,6487c23bc7f7abde9503eb535a226570101218d528ad8225393f0545abc56e45
research-lab/data/sipakmed/raw/im_Metaplastic/CROPPED/043_01.bmp,f25075f82f3a5340ccf8fe43063b70a8fff647e5d964b7a5b0d3e52f80f12fed
research-lab/data/sipakmed/raw/im_Metaplastic/CROPPED/044_01.bmp,299dc5529e58f5cd68045befb522c0e8bef9bd52b6b6b3284621b210203c4bcf
research-lab/data/sipakmed/raw/im_Metaplastic/CROPPED/045_01.bmp,592c1a1f111ebf854553e6e814e67a8adcdb1aa14db673d12ed9ee1ca6c757c9
research-lab/data/sipakmed/raw/im_Metaplastic/CROPPED/045_02.bmp,cc7861718f06d459a7b567448996b8830bf35ea537b70e089c8a90939fc4cbe4
research-lab/data/sipakmed/raw/im_Metaplastic/CROPPED/046_01.bmp,6581f5a7099fbf91163015ebd29b211f5f76e8dda4f00a99e193a2e75f801411
research-lab/data/sipakmed/raw/im_Metaplastic/CROPPED/046_02.bmp,2f7c587363e5197eda87f11a949d1134a765ce0eab702684451cfd07422707b0
research-lab/data/sipakmed/raw/im_Metaplastic/CROPPED/047_01.bmp,30e2c26be628e313039fa73a8bfd7678387d1bde7a562723e1b7bcbfff1071de
research-lab/data/sipakmed/raw/im_Metaplastic/CROPPED/047_02.bmp,6f40c9099659b8c5ae4355b5fda1345b8e41420869d16058abb0a67beb4a4406
research-lab/data/sipakmed/raw/im_Metaplastic/CROPPED/047_03.bmp,05566f7fe68140571d7e328300fbb99befd54a06b0b55d1e2230cda15f2b6a88
research-lab/data/sipakmed/raw/im_Metaplastic/CROPPED/048_01.bmp,226a019ecad4e467588cdf6b3bf346a94b8f750ddc5008393198a1befe0c3acc
research-lab/data/sipakmed/raw/im_Metaplastic/CROPPED/049_01.bmp,c64be8a219ad1177cbba376d8157ac634fd4bd2afdd0b64a025476425b18bbab
research-lab/data/sipakmed/raw/im_Metaplastic/CROPPED/050_01.bmp,66a72cfde6bbcb7ba7a47e7595f1d327b7ed04416bc94f07d94bbf6a416940ac
research-lab/data/sipakmed/raw/im_Metaplastic/CROPPED/051_01.bmp,cb48a2cffca354eea04d3454b65cb1a5dc7845aa97ecd774bd95a50c0db9bd5d
research-lab/data/sipakmed/raw/im_Metaplastic/CROPPED/052_01.bmp,e0e2cc5fe42c4e4d2bfb13bb24822b5d08e45fc802405e63394ac4292bcc74fb
research-lab/data/sipakmed/raw/im_Metaplastic/CROPPED/052_02.bmp,0ff00c18a6e5e726baa06e8d5d3a6354358d5c86addbde0f4f7fe3f2075ca1ad
research-lab/data/sipakmed/raw/im_Metaplastic/CROPPED/053_01.bmp,55155856f1cc9dbb53813093ae66be3c234b1dcd206888677c1edfd122d7f7d9
research-lab/data/sipakmed/raw/im_Metaplastic/CROPPED/053_02.bmp,cf59b815315d33556d7f03cbb0d49858f1131a3b074c306288101ae99e12d1cf
research-lab/data/sipakmed/raw/im_Metaplastic/CROPPED/054_01.bmp,36a9f6c45cbf31a6fdb4a7e79d706706b1fe4d58527f4587a4057b01c65ad99b
research-lab/data/sipakmed/raw/im_Metaplastic/CROPPED/055_01.bmp,396dfc4d67b926ac19cbf3ef8495c596023f1bf666711d360f09eb4ae7e686ed
research-lab/data/sipakmed/raw/im_Metaplastic/CROPPED/055_02.bmp,b8fff0071ac8e66b6d46a1e37ef4768af27b986af81126e2b9ef3bf704f39473
research-lab/data/sipakmed/raw/im_Metaplastic/CROPPED/056_01.bmp,6a8c0ed06ea95323143c613f4ebe8dd323515522ece637ed6f1c556674849718
research-lab/data/sipakmed/raw/im_Metaplastic/CROPPED/057_01.bmp,a6afc46e2a9bb691fdd41d47ee9f3988c98b22265eaa6e4b94162c55688c490f
research-lab/data/sipakmed/raw/im_Metaplastic/CROPPED/057_02.bmp,a2976dc928af54dbe140be8adc8f9166909d0540e44311383db1e17ff5a6f405
research-lab/data/sipakmed/raw/im_Metaplastic/CROPPED/057_03.bmp,475bac0a56a835ef00b067fd3c672daff34e531fd8e6db728ed446b3e65d025a
research-lab/data/sipakmed/raw/im_Metaplastic/CROPPED/058_01.bmp,5d81ca342cf50da1629adc14fc19f619b2dce5596e1ea5c95542d5bda1311552
research-lab/data/sipakmed/raw/im_Metaplastic/CROPPED/059_01.bmp,3a4e8005a398bffea5758aee04d93618ee1b03e2e6388e7e72ac5f82d6c5f99f
research-lab/data/sipakmed/raw/im_Metaplastic/CROPPED/060_01.bmp,641633473a38adc1d9ebe781b36b8c2d0f9b2028a030646bc5e4d6c4af03b8f1
research-lab/data/sipakmed/raw/im_Metaplastic/CROPPED/061_01.bmp,d0f4fcd4a0bc4f8e23b60981e5e0f7cc6aba2fff1c7f2f954aceaa311c30781a
research-lab/data/sipakmed/raw/im_Metaplastic/CROPPED/062_01.bmp,1c0465642e606b102fdcc5ee64af36606e484ee3e543559db93896480de38c72
research-lab/data/sipakmed/raw/im_Metaplastic/CROPPED/063_01.bmp,232040ea8f5f0976e461005e5fb0d837f911c303c0d58f04d97e377bfdc1ed31
research-lab/data/sipakmed/raw/im_Metaplastic/CROPPED/064_01.bmp,2cdef8e62fbb3344aa71fca0cfba577e6e83b85b19481e6a36316fb2a3dae5c0
research-lab/data/sipakmed/raw/im_Metaplastic/CROPPED/064_02.bmp,a3d56d1804eada34751e0129a8d8054d5ea83c6fe61250f5f7d20fa190eb02b9
research-lab/data/sipakmed/raw/im_Metaplastic/CROPPED/064_03.bmp,32a1b1ff04c773f8d7f551dd4ae3863712acfc3eb5738244804e318e5c205e63
research-lab/data/sipakmed/raw/im_Metaplastic/CROPPED/065_01.bmp,8f9a9f167d229a1576edb2a1e9298a5968c6f91546c13ad6e0e9e8bfbe69b5c1
research-lab/data/sipakmed/raw/im_Metaplastic/CROPPED/065_02.bmp,9f5c38f9e73e6cec74428ee22f278f457c7b547bc4a8f10246904a2ac0719074
research-lab/data/sipakmed/raw/im_Metaplastic/CROPPED/066_01.bmp,d0b6f92229fe5d52fd772f08c947df509c39b70ad13342860f71ce6b9e4cfaf8
research-lab/data/sipakmed/raw/im_Metaplastic/CROPPED/066_02.bmp,a8b3ed4210b24b486ec855ef849370f39c66fc30589a309cde4c21c8eb57e46f
research-lab/data/sipakmed/raw/im_Metaplastic/CROPPED/067_01.bmp,fbcce6fbee5dbe1fef4b69a3c795a340617d17fb318dea888652fe15eac8ce5d
research-lab/data/sipakmed/raw/im_Metaplastic/CROPPED/067_02.bmp,52b73ebed50f1e046c2bdf3f24ea921a20a758630bb7882381fecde9fe7a1d65
research-lab/data/sipakmed/raw/im_Metaplastic/CROPPED/067_03.bmp,c1afbcb4ee9ea4c028cbeb17901588c4e22e57183760cdf8accff99e1a8e2c82
research-lab/data/sipakmed/raw/im_Metaplastic/CROPPED/067_04.bmp,43d527c900b19ac60f47b4caab72fba55e673d117b62bd130b0c41003ceeb528
research-lab/data/sipakmed/raw/im_Metaplastic/CROPPED/067_05.bmp,e95b5eecc3ea9a563c3ee758ff24a385b1af7bb1f4a1eff68cf1f622ac516885
research-lab/data/sipakmed/raw/im_Metaplastic/CROPPED/068_01.bmp,4381ce409dfb6fc759bc4a76d74793e2b8669261bd4a120bbb35e35164f658b4
research-lab/data/sipakmed/raw/im_Metaplastic/CROPPED/068_02.bmp,460a523e5779dee9b400ea4268b1ed7589bbb38840bbc8431707a0383a149a99
research-lab/data/sipakmed/raw/im_Metaplastic/CROPPED/068_03.bmp,6e9d1e181ee34ff902f35654ab064781fc5904a5ddfb2bcce5376111201813cb
research-lab/data/sipakmed/raw/im_Metaplastic/CROPPED/068_04.bmp,2f577163dbef4520ad701a2ae297b5133034f0ae4ade83d7ef68985596d9511b
research-lab/data/sipakmed/raw/im_Metaplastic/CROPPED/068_05.bmp,7b5957e82a1dc106092a28234ab5f1ed64d3699d3ddf75df7dcde5109195a095
research-lab/data/sipakmed/raw/im_Metaplastic/CROPPED/068_06.bmp,7f2e72dfe3dc4daa4f8ba18d2c7b0688e52427c0b1b11ba2e1b034c7b8bfda8a
research-lab/data/sipakmed/raw/im_Metaplastic/CROPPED/068_07.bmp,cc43c4ee28c769bc54de43c2d08a73e0b8d99b1b63973a178fbe5e2feae348d4
research-lab/data/sipakmed/raw/im_Metaplastic/CROPPED/068_08.bmp,6f5ce6e6d22dd52bd9cd577222c4ab469b55115cf0a8dadcf57495e03e823dd3
research-lab/data/sipakmed/raw/im_Metaplastic/CROPPED/068_09.bmp,713ef592b6beab043cb6c9deb73e301eb60cfcc780e617dfd11e04ac32433dc7
research-lab/data/sipakmed/raw/im_Metaplastic/CROPPED/068_10.bmp,3ec9cbcf11babce984370632b40b203b125a17e974c5f0a474e78a784d5ebb2d
research-lab/data/sipakmed/raw/im_Metaplastic/CROPPED/068_11.bmp,d84b62b1c98de0fd527d163d64b8bd79640358cec931f3e0b1d30a52bbf520e3
research-lab/data/sipakmed/raw/im_Metaplastic/CROPPED/069_01.bmp,ea3a16c0726a7e8d20b961606e82e780fe0111e19ab85a928f27bcbdc831c1b1
research-lab/data/sipakmed/raw/im_Metaplastic/CROPPED/069_02.bmp,6044eaf0cc34964529cff07c7ec0fe4f13fd5a7b68d4000ff4eea04620497c5a
research-lab/data/sipakmed/raw/im_Metaplastic/CROPPED/069_03.bmp,9b7ca7536bc5b0137cdf304776f8a3f0d59c9c6721b15e6cc724ad3973ddbd92
research-lab/data/sipakmed/raw/im_Metaplastic/CROPPED/069_04.bmp,fce11cb4932088801cfdaa394da42677d75035a344e91d277cdb7e80adecfb5c
research-lab/data/sipakmed/raw/im_Metaplastic/CROPPED/069_05.bmp,69ec3d1e98e5f04de3976a1ae5e4ceea52bdb7dffc40f0b36169b683b2bb5e3e
research-lab/data/sipakmed/raw/im_Metaplastic/CROPPED/069_06.bmp,da39255ffef588502d0904ad899c741ada618f9697b61057af7b83d8eb1dd43c
research-lab/data/sipakmed/raw/im_Metaplastic/CROPPED/069_07.bmp,24b1b5dfe6d3dadd7a7d18bf4101e46f8451fa530ac5e989653200e0ba724a01
research-lab/data/sipakmed/raw/im_Metaplastic/CROPPED/070_01.bmp,ad7b33aec10119a1f25d3fc427fa08ac43a5f73745af44aa27a37cf6847e8297
research-lab/data/sipakmed/raw/im_Metaplastic/CROPPED/071_01.bmp,a1a108c154599a7ceaea4edcb6b85241fa82be3e42a26349f9acb5d90da4daa7
research-lab/data/sipakmed/raw/im_Metaplastic/CROPPED/071_02.bmp,d5fb523ac847057ac3ba3d6ad31a0486dcfe2e30a0ed567d09ce751e9f1f0ed1
research-lab/data/sipakmed/raw/im_Metaplastic/CROPPED/072_01.bmp,be7152805d78e4571251e04a42bf5edb85adba2780a8ed077549910e6e5447ea
research-lab/data/sipakmed/raw/im_Metaplastic/CROPPED/072_02.bmp,9a924951c305bed3e0ad92a417e7aa297360ee9fa24b6549ac605db10f977617
research-lab/data/sipakmed/raw/im_Metaplastic/CROPPED/072_03.bmp,b10ef7f299fbb2c7b43c0f67f9bac67534aa1908c58a8ea992157d9e4d48c14f
research-lab/data/sipakmed/raw/im_Metaplastic/CROPPED/072_04.bmp,4123b19ef1894022becbafd6b3c4ed385af8db6539f058400d00e784a2e36820
research-lab/data/sipakmed/raw/im_Metaplastic/CROPPED/072_05.bmp,49aa1547e9b1e8b1e2a57c8395d69761f3d219457c1a5c7b84c98de225d21f20
research-lab/data/sipakmed/raw/im_Metaplastic/CROPPED/072_06.bmp,620639940a6f0af56a46943736dcf5960ceecfbc904c2b36eed5d9cea154b54c
research-lab/data/sipakmed/raw/im_Metaplastic/CROPPED/072_07.bmp,3a293a0f48cbec1409cc17a22da3f86d234c2c97e28e06ad816bb9c151864ca2
research-lab/data/sipakmed/raw/im_Metaplastic/CROPPED/072_08.bmp,178b1d0037e524fa5f0617e4727983b25302b6318c0a2e617b3287555171b681
research-lab/data/sipakmed/raw/im_Metaplastic/CROPPED/072_09.bmp,8c7ef48e2f221f8e5cef43f9fe7ae847a99e641ae2537b9f8fefe9bb68cc0fc3
research-lab/data/sipakmed/raw/im_Metaplastic/CROPPED/072_10.bmp,899ed01565244ea4822e04c674090361d4b8630af1cbf4d3082c101bbd7c8eac
research-lab/data/sipakmed/raw/im_Metaplastic/CROPPED/072_11.bmp,fc12eacd54d8b3eb03f18f2fc158f5f89717703ea09bb39997a57d7d6725dc3d
research-lab/data/sipakmed/raw/im_Metaplastic/CROPPED/072_12.bmp,6e873fb5a7e6a1bffc6f815c2b0c0aac22af03bef805ba48fb100fe7e7a2af31
research-lab/data/sipakmed/raw/im_Metaplastic/CROPPED/072_13.bmp,987ea067791f044a254babe19b38e4f615b9d14dcee589f2eab90a6527754855
research-lab/data/sipakmed/raw/im_Metaplastic/CROPPED/072_14.bmp,4f2568cc5cb995b6ae8890ccd475994813b9341bae892abb4264a73b5dd0ee27
research-lab/data/sipakmed/raw/im_Metaplastic/CROPPED/072_15.bmp,d07fc0ef083bb15ecd7e99bde2332cef4f926cacee34b861b5e8e9bc2b3bf746
research-lab/data/sipakmed/raw/im_Metaplastic/CROPPED/073_01.bmp,5e81cc258a66baef334f826df3a5278fb95affb0a8ced0493cae51e5c4e4b5ce
research-lab/data/sipakmed/raw/im_Metaplastic/CROPPED/073_02.bmp,939ed9ba326a2395a04f8f79230a6f3e1532335e1252538545bf60782cb0b407
research-lab/data/sipakmed/raw/im_Metaplastic/CROPPED/073_03.bmp,1feee66b4d4c6789087dc08f7b45e1ab07d5cde391125a65ccff84459fb2b67c
research-lab/data/sipakmed/raw/im_Metaplastic/CROPPED/073_04.bmp,59d8bd9a58a664c436e684d2f348a8f46ffdc4062e4ab6b257db9860c9d546fd
research-lab/data/sipakmed/raw/im_Metaplastic/CROPPED/073_05.bmp,26d8cb6d2fd533b21e31bd488a5b3e7c04a94c5747113c23c9a52f512575e5d2
research-lab/data/sipakmed/raw/im_Metaplastic/CROPPED/073_06.bmp,256f8bfcb9fcdd3dae8d2a424ed3f1052a1514d5f572b7d0f9094cfad8b8d08a
research-lab/data/sipakmed/raw/im_Metaplastic/CROPPED/073_07.bmp,5c51ece3b01f7ad252035d8dc6528af2c95fb61a3ceef0b62d71b5ff513ba658
research-lab/data/sipakmed/raw/im_Metaplastic/CROPPED/074_01.bmp,6af98bbc1fdfc64d379ba7864c1b9630b0d51cfcfb7dce37271d9abd9ea846e6
research-lab/data/sipakmed/raw/im_Metaplastic/CROPPED/074_02.bmp,e19452eef99868bdfda03ffab9ea170b36448c6c1f8aafce43b78ee031a79a65
research-lab/data/sipakmed/raw/im_Metaplastic/CROPPED/074_03.bmp,5539e8b6448c30db1ceb631214f2ab7376d451a1704650237f02b465a5f61cf3
research-lab/data/sipakmed/raw/im_Metaplastic/CROPPED/074_04.bmp,4e09986acb986d31b72cf08d52c1f26b1b9fca66c3fc790203c1c74287a6a4a7
research-lab/data/sipakmed/raw/im_Metaplastic/CROPPED/074_05.bmp,2a6581348d8d2565d016931ce1245f9e9c53e087dcfba42058f73f6067c3b5cb
research-lab/data/sipakmed/raw/im_Metaplastic/CROPPED/074_06.bmp,12971c9a885b4e523beed05dd96d5c9fb03a965845d44db465aa7e8cc95ae042
research-lab/data/sipakmed/raw/im_Metaplastic/CROPPED/074_07.bmp,580dc49359ad443ee806c7e1142d92165131d46dccfaadf38af86ae135f50705
research-lab/data/sipakmed/raw/im_Metaplastic/CROPPED/074_08.bmp,880f96edc13cd40af0a05b0001da716161113e372eb1412e03843a7a02e373e8
research-lab/data/sipakmed/raw/im_Metaplastic/CROPPED/074_09.bmp,389b3645f8163520603e431254c33f6764b209e5f5ae26519a356394f03a27ed
research-lab/data/sipakmed/raw/im_Metaplastic/CROPPED/074_10.bmp,a27b83e7d6527a4f71a833f4049f9f6f0d1af16b26c094fa5ee138b2d7313949
research-lab/data/sipakmed/raw/im_Metaplastic/CROPPED/074_11.bmp,af2170137dc71d48b2779ed578de1a0f53838070c10b6f045474b7d816842dbd
research-lab/data/sipakmed/raw/im_Metaplastic/CROPPED/075_01.bmp,17eed87494147b9430ef33c7312c95ec6e968e6a34ef978f0aebefa5081c9240
research-lab/data/sipakmed/raw/im_Metaplastic/CROPPED/076_01.bmp,f61e775aa93971eea0f1f5cd57bd8f47ffc7d9ec1dd2721d9dffb4916ad94973
research-lab/data/sipakmed/raw/im_Metaplastic/CROPPED/076_02.bmp,be4c27b4912c37b223e4f17836c268b8d55472679101f0eec7b3cafc78b40e48
research-lab/data/sipakmed/raw/im_Metaplastic/CROPPED/077_01.bmp,9411a6365f56fd2b0df4a8b5588e925bb13496b1a80eb081546ee8a7a16b5bbd
research-lab/data/sipakmed/raw/im_Metaplastic/CROPPED/077_02.bmp,64f5bb113058c4d18655ffe824e00f543264613b65326732a9d81d7113310a53
research-lab/data/sipakmed/raw/im_Metaplastic/CROPPED/077_03.bmp,f5be7c745f5b7d522fd0b7178bffce0df7c25460ab50202dd94d2aaef0a10878
research-lab/data/sipakmed/raw/im_Metaplastic/CROPPED/077_04.bmp,ea87cb5dfa7e09884167d2c8b38ab50f3fefe6ce384029b6f8424b846cc752fa
research-lab/data/sipakmed/raw/im_Metaplastic/CROPPED/077_05.bmp,7bb03aaeefde570f69565a43d8d1ed0e5f3a44abf4d8ec8555410b1bca17e243
research-lab/data/sipakmed/raw/im_Metaplastic/CROPPED/077_06.bmp,dfda5202373f178c734697c54e2641a476e43d9465dd097ed8ad05de096d54f4
research-lab/data/sipakmed/raw/im_Metaplastic/CROPPED/077_07.bmp,3714f7c0dc9baccb2ecdc60f0d659985c87bfafc157ddf7b6d1c625373f5c958
research-lab/data/sipakmed/raw/im_Metaplastic/CROPPED/077_08.bmp,28fa1664a1596cb78c78ae8e74c2be0204c3910c09c9c92052d0bf25ae22819f
research-lab/data/sipakmed/raw/im_Metaplastic/CROPPED/077_09.bmp,5961818622a56e045b7e71fda5839eaef8c3272b24f08085b317530c2f3261b3
research-lab/data/sipakmed/raw/im_Metaplastic/CROPPED/077_10.bmp,1ec2e67b4265918aceffcd1fd615b2b202fa57157d4fd89c1dbf0c18e5cdb1f3
research-lab/data/sipakmed/raw/im_Metaplastic/CROPPED/078_01.bmp,1a6766dbdebf8184e0052d321027609718795d1d6779660e4c03f70a1298b1be
research-lab/data/sipakmed/raw/im_Metaplastic/CROPPED/078_02.bmp,f1a4bf3fdfe5d0df1c75856034fdb928d3fbbf3405ea035bd0c6e549741bafec
research-lab/data/sipakmed/raw/im_Metaplastic/CROPPED/078_03.bmp,f0a4e21fe4ae30a6943f3a423a8cb7965baefc4a2e7273672e0bb6156ac92120
research-lab/data/sipakmed/raw/im_Metaplastic/CROPPED/079_01.bmp,57ac3fdb048907f9e4868efd027bcd6f6bfe21e7b44e13aa86df999c447fc8c5
research-lab/data/sipakmed/raw/im_Metaplastic/CROPPED/079_02.bmp,74da4e7b2b12ac87b6355d11a8836753185302743b6e4d5d2bfcdecfe8eb0704
research-lab/data/sipakmed/raw/im_Metaplastic/CROPPED/079_03.bmp,1aa7476a13193d3cbcb237a3a710a5d11f6ef1fe55a3552b08f3c0dd7603a2cd
research-lab/data/sipakmed/raw/im_Metaplastic/CROPPED/079_04.bmp,5b1537545ce491aaf500a0c1ed8d4297e10ed0440e3815d22a72053f1431159c
research-lab/data/sipakmed/raw/im_Metaplastic/CROPPED/080_01.bmp,689e576503197c1335ab3a99aa5a861b701441986749725baa6616b4f4228179
research-lab/data/sipakmed/raw/im_Metaplastic/CROPPED/080_02.bmp,0dbc47e3169e4e5f200ca79429fba76d24c915b6cb726a13f871d46235c36ec4
research-lab/data/sipakmed/raw/im_Metaplastic/CROPPED/080_03.bmp,aef6d18d3336e62aa3aca0cf1274e82713420869a9fd1e2ec98a7a5f50fc2a1d
research-lab/data/sipakmed/raw/im_Metaplastic/CROPPED/080_04.bmp,8e868a20a696821e06bd1e59c31101c89c16cadb9bd9ea05a020c3f79c7e61ee
research-lab/data/sipakmed/raw/im_Metaplastic/CROPPED/080_05.bmp,c0ea2cce0951c87a62e4cc0d900e90ec9c2b974831919866f8ad866cd4f2a2fc
research-lab/data/sipakmed/raw/im_Metaplastic/CROPPED/080_06.bmp,d4006ff9bb95dff311c94b0238fce35738e22d2c22da0e6606696a2422093fb8
research-lab/data/sipakmed/raw/im_Metaplastic/CROPPED/081_01.bmp,b2801629421e29b69d46ba32921912501b18c8f12289425694502b6b50a03e31
research-lab/data/sipakmed/raw/im_Metaplastic/CROPPED/081_02.bmp,70f189b3216706a8189eb584195d283f78809080f0ce6f709c2ae220fbfbaba0
research-lab/data/sipakmed/raw/im_Metaplastic/CROPPED/081_03.bmp,b95d9c13c28eec8eada35e87d11c115b4793f0b55d65a9f6a359388f54961b35
research-lab/data/sipakmed/raw/im_Metaplastic/CROPPED/081_04.bmp,8f14b201063cce1e7b1e577c8051247501318b89b707295c2964cf4d6aeca809
research-lab/data/sipakmed/raw/im_Metaplastic/CROPPED/081_05.bmp,b06930b491e931547ef2de320b36ff60d55bf54054d8dec20498a4ad3c8df82d
research-lab/data/sipakmed/raw/im_Metaplastic/CROPPED/081_06.bmp,e049aa333c68de26de2638640472b2b28415bfdd68bf8f9185d02df25628869a
research-lab/data/sipakmed/raw/im_Metaplastic/CROPPED/081_07.bmp,d4d2b7f45647a0cfafe4f3036f5c7c4617e6616f7a94e4e1eb34c6e15190561f
research-lab/data/sipakmed/raw/im_Metaplastic/CROPPED/081_08.bmp,861670b74adf8094d9d503a7071a67c76638c5406b77f0379ebe83a63d621087
research-lab/data/sipakmed/raw/im_Metaplastic/CROPPED/082_01.bmp,5c5d4def22c454a4774ffa751d79eecde9afcb768a60c200e04601679c5b3793
research-lab/data/sipakmed/raw/im_Metaplastic/CROPPED/082_02.bmp,e570df1b5a2c6f1578f577d347bd9fe3709870e796958854b711eeef8cd54349
research-lab/data/sipakmed/raw/im_Metaplastic/CROPPED/082_03.bmp,585a90ccf96fda7747f02fa30de8d6246c8c531d9e4488366fbba9c83b8d75e9
research-lab/data/sipakmed/raw/im_Metaplastic/CROPPED/082_04.bmp,b33b937c640c262e0db69ccdea5b0b1f99c3f0ddf90e2059a62bb3d4d085f932
research-lab/data/sipakmed/raw/im_Metaplastic/CROPPED/082_05.bmp,f534e09b510253ca1c94ade034d3504460070f11851ec7b31dbb6218b597245a
research-lab/data/sipakmed/raw/im_Metaplastic/CROPPED/082_06.bmp,ca2472782dddc30f1be7cb7f428adf3bdc99d75830956226fc657c219b2b06b0
research-lab/data/sipakmed/raw/im_Metaplastic/CROPPED/082_07.bmp,12a64ef23ca8240f3a34f552b401eb60904e9fa55834ee89829b57df8b757925
research-lab/data/sipakmed/raw/im_Metaplastic/CROPPED/082_08.bmp,36b6827532dc51e3b369a865fb2569bf2754ad797a7f1143c6df08e74fb0be39
research-lab/data/sipakmed/raw/im_Metaplastic/CROPPED/082_09.bmp,56ea9c9199ea0233248469e4509f0f42bfbc176c2ea1019a739777f302a092f5
research-lab/data/sipakmed/raw/im_Metaplastic/CROPPED/082_10.bmp,4413c695ad2e34fd12891c8d9faa7150abcb10138e88e6508cacf6dea78549cb
research-lab/data/sipakmed/raw/im_Metaplastic/CROPPED/083_01.bmp,43f88234f2b94b24bba4c5ebd874e5c8993f11cca04ccf1a90c3717bd101c8d1
research-lab/data/sipakmed/raw/im_Metaplastic/CROPPED/083_02.bmp,8535d05a26056844faa4504ca8677e12c04d9d595a2b8111efe166b54425a6fe
research-lab/data/sipakmed/raw/im_Metaplastic/CROPPED/083_03.bmp,892cc8d6107439fd2136bc1ec13fc8fcb917eb4a3ba5a40c1adc92bbb2b760b7
research-lab/data/sipakmed/raw/im_Metaplastic/CROPPED/083_04.bmp,fac8983e4c9b01c14be7ac154cbba8f053db91b7fb3a59681008fd8d47728d34
research-lab/data/sipakmed/raw/im_Metaplastic/CROPPED/083_05.bmp,0dcbf800d2b2d9698f732059b1bcb87cedd9ed9f7c4c5bf55c60350c03523c92
research-lab/data/sipakmed/raw/im_Metaplastic/CROPPED/083_06.bmp,4e500eaca9f00165b0f2b41d48ad2b605e369808f5ea48b42761070419dc2a13
research-lab/data/sipakmed/raw/im_Metaplastic/CROPPED/083_07.bmp,8b3d054188d7deec8ff50e00465fee90f5f75fb6e20a98006b8c1510bbd11a1d
research-lab/data/sipakmed/raw/im_Metaplastic/CROPPED/084_01.bmp,9e0eb245d6079be005c72d165c4adc1b9ab370f6fc351762e0f4d4f346731a84
research-lab/data/sipakmed/raw/im_Metaplastic/CROPPED/085_01.bmp,0a67ac1ae0e73babe93cf884edb550fc1836ff31b4d36aabbe59bb4c74235e94
research-lab/data/sipakmed/raw/im_Metaplastic/CROPPED/085_02.bmp,5e20a2b06fff30161c2a6381e11e9677ef031aa4ed4cb9b4b2ed754903fa0ff4
research-lab/data/sipakmed/raw/im_Metaplastic/CROPPED/085_03.bmp,1b8361a6df4eb1d4f01def30557b849c96e79cfe916e6f42676e8dc3146f0f5b
research-lab/data/sipakmed/raw/im_Metaplastic/CROPPED/086_01.bmp,441bf98c2617b09a0248b31cd278a1f1004c72caa82e8b57d4da1d952320632e
research-lab/data/sipakmed/raw/im_Metaplastic/CROPPED/086_02.bmp,5a8fd26f3ca3b68a19aadd774b017f29872ebbfcd2bb58b0f10b3d9eed67fb3c
research-lab/data/sipakmed/raw/im_Metaplastic/CROPPED/087_01.bmp,a1ab8ff143f063245d3406c6ce1145e4537f3d99d03230bf38259c21eda7edb6
research-lab/data/sipakmed/raw/im_Metaplastic/CROPPED/088_01.bmp,c57463b73ac61fbfeac1a4f7d4dd08af9f821ef8efcc2aa19286e689f0d41c8e
research-lab/data/sipakmed/raw/im_Metaplastic/CROPPED/088_02.bmp,1d6d2a57d9be5237d1b13f3ba3baee961abc3538989ca1f139ad4f9dfae39a48
research-lab/data/sipakmed/raw/im_Metaplastic/CROPPED/088_03.bmp,dfc637a2b9ed8a89cc8ef9aad20a97004c18bacfb11d8e24e4b67700d3cae116
research-lab/data/sipakmed/raw/im_Metaplastic/CROPPED/088_04.bmp,77df91f3e3fef1a08bea49dc68bebfa8eb95cb2ff8d22957cbe446f12a1e84b7
research-lab/data/sipakmed/raw/im_Metaplastic/CROPPED/088_05.bmp,b32df2b0ed8908fc25adb78a3f71df24cbd5fea783897cc2142b5d16bf8e2810
research-lab/data/sipakmed/raw/im_Metaplastic/CROPPED/088_06.bmp,a5f950a58e72ad5888d5ff775aa8365ae5c097de2d7f3f5421bed60293d7fb09
research-lab/data/sipakmed/raw/im_Metaplastic/CROPPED/089_01.bmp,675d5b8bd66bbebc4d38cd03d9975b82dd6f6060030b263b2a0ce7f08ff76bfb
research-lab/data/sipakmed/raw/im_Metaplastic/CROPPED/089_02.bmp,80b2bb8f5d5974baaac50564c7b52f4454962cb0922ebd7f5042c46cacf0d871
research-lab/data/sipakmed/raw/im_Metaplastic/CROPPED/090_01.bmp,e25a847755f01ec46a847b5f67756a5b8c85a459a6828eaa95972f3447f923e9
research-lab/data/sipakmed/raw/im_Metaplastic/CROPPED/090_02.bmp,0278532e46a3848269eebbff50c9fd3ea37d29a4c791d229d17c44a32dad8559
research-lab/data/sipakmed/raw/im_Metaplastic/CROPPED/090_03.bmp,98f67836db029af505c844571c91aa0ca1de27fd92a182a17828805e5d5e4d5d
research-lab/data/sipakmed/raw/im_Metaplastic/CROPPED/091_01.bmp,18caac20f65e9a07e46b53cfa40338923d647c69379d0e12f700db1353597d47
research-lab/data/sipakmed/raw/im_Metaplastic/CROPPED/091_02.bmp,314e4dec846b29ed8252b94b423d21f4f37db7df28697e26c74e9a43338e6300
research-lab/data/sipakmed/raw/im_Metaplastic/CROPPED/091_03.bmp,e9db94f7a778fdacf2176c75a9daa836856c9543e072cde226dde6653d5c4114
research-lab/data/sipakmed/raw/im_Metaplastic/CROPPED/091_04.bmp,bbeed87990fbf6021169974efb21174970759b8ec30207180a3558d388bdff45
research-lab/data/sipakmed/raw/im_Metaplastic/CROPPED/092_01.bmp,2f90d8e86abf7c053dfe5edee2602148558bb3e16fe297f0d13b611c6689adfa
research-lab/data/sipakmed/raw/im_Metaplastic/CROPPED/092_02.bmp,028bd315f0d5af58c52133eba3f2651230e20e51e511ae37dc51e28bd4a003f7
research-lab/data/sipakmed/raw/im_Metaplastic/CROPPED/092_03.bmp,b3daa4f7879cf7eae6202e08ce7138e93971e527799b0db45a4221c6fc037637
research-lab/data/sipakmed/raw/im_Metaplastic/CROPPED/092_04.bmp,6e12fc7f12c695c169ccb2fe1e67020de7f1f560e3f43b5ce47919b5068562cf
research-lab/data/sipakmed/raw/im_Metaplastic/CROPPED/092_05.bmp,81667263318026e2489ba3af05aef01969457175590cabd5be03c04e2a947a4d
research-lab/data/sipakmed/raw/im_Metaplastic/CROPPED/092_06.bmp,3f548515d19efdeeae45d68af4d526f9048201124d6c97a949a9905dd0cb71e0
research-lab/data/sipakmed/raw/im_Metaplastic/CROPPED/092_07.bmp,2e57c4c85b4461297fe2965c5072b67fc51f9b695939d278f8d877c84524ea56
research-lab/data/sipakmed/raw/im_Metaplastic/CROPPED/092_08.bmp,a03de98ed35f6be8b919a3a547ceed6c0e654d65deb840e900cf63ad0ceae21c
research-lab/data/sipakmed/raw/im_Metaplastic/CROPPED/093_01.bmp,16e885d21eddfd93a5723d81be7f2732e9efaa6beccf33c75d85746e4484c5a5
research-lab/data/sipakmed/raw/im_Metaplastic/CROPPED/093_02.bmp,03e09a82faee27143c3cd6ad6a468a93a7eb7c441df3e55bfcbf3085add91823
research-lab/data/sipakmed/raw/im_Metaplastic/CROPPED/094_01.bmp,c4176721e7b5b315f8cd82626330a70a758fbfcc5333fd9f5f96edf266b69ace
research-lab/data/sipakmed/raw/im_Metaplastic/CROPPED/094_02.bmp,09be7dd28c0e7cee25d965191f4565c8c42dc8226fe2013d94d34a40806d0624
research-lab/data/sipakmed/raw/im_Metaplastic/CROPPED/094_03.bmp,85bbedf74cac48a5cb1bb7a8f043a61da14e0d8cf8610d9337963987caeb7ed4
research-lab/data/sipakmed/raw/im_Metaplastic/CROPPED/094_04.bmp,cae5be3c9fc59c4f417426bd7ef19eeb1d2f2fa4aa5c5b0b41a02072d58258e2
research-lab/data/sipakmed/raw/im_Metaplastic/CROPPED/095_01.bmp,e141feb6e5acc0f57cd5117897c0dbc6fe3b5586da58e75deb515d837aedd233
research-lab/data/sipakmed/raw/im_Metaplastic/CROPPED/095_02.bmp,14ec4a77ece9ea6f23659fb56400ced78759ed181bdde7ccd1fffce74f19bfae
research-lab/data/sipakmed/raw/im_Metaplastic/CROPPED/095_03.bmp,016b141d83d74114b5e0f70378822850d55677f95ed5e758cd221a4978aba58e
research-lab/data/sipakmed/raw/im_Metaplastic/CROPPED/096_01.bmp,329ca9da00a6389e4af93b3104824bf90197443587cd0b3e5f1fdcc7bc2076f8
research-lab/data/sipakmed/raw/im_Metaplastic/CROPPED/096_02.bmp,8b269d11d787b760b1b55ffb47ad82808abab9e0a7f7e6cf43b13081601fbd25
research-lab/data/sipakmed/raw/im_Metaplastic/CROPPED/096_03.bmp,d54d708da491ed32eb7cf0d8cd4fda54c71d4fb703874373ca830dc584e33226
research-lab/data/sipakmed/raw/im_Metaplastic/CROPPED/096_04.bmp,7663eaa19752c0476655edb8e49902f94296f3ec26b9de1989712ff261ec1d6d
research-lab/data/sipakmed/raw/im_Metaplastic/CROPPED/096_05.bmp,02e5903d6095faf0f67fd3029c93267a5ff21cbd72a417f27aa6948757ff1937
research-lab/data/sipakmed/raw/im_Metaplastic/CROPPED/097_01.bmp,465912d9c1b4e67abf925092a1f69bb0c2398a5e2eb895017cf2ac1ac04bd19b
research-lab/data/sipakmed/raw/im_Metaplastic/CROPPED/097_02.bmp,2246c0a94f7ded16502bc5d1d9ed90ecc45dd4d4350e0ce0537112943f9a81f2
research-lab/data/sipakmed/raw/im_Metaplastic/CROPPED/097_03.bmp,7db1a7e50d64ca060cdaea194fbbc1381eec015532d53b1e3bc007b2c86ec064
research-lab/data/sipakmed/raw/im_Metaplastic/CROPPED/097_04.bmp,5cf55f8ad71df1cf88ba2c63957e1d758a323ffa965a8d18d50aa0fca3f31a95
research-lab/data/sipakmed/raw/im_Metaplastic/CROPPED/097_05.bmp,338a40a0739cbebeadf8c8248dc6cc421bbc8f13e2ff8102be047805532fdb53
research-lab/data/sipakmed/raw/im_Metaplastic/CROPPED/097_06.bmp,6f7e81ac682d981004a45e08ccedda8a55e584ba50407abca8babfa33e1d7d3d
research-lab/data/sipakmed/raw/im_Metaplastic/CROPPED/098_01.bmp,f1ceafb3365bc7437de1afc5de07df958b8ee240b318f80f461f665d55427e78
research-lab/data/sipakmed/raw/im_Metaplastic/CROPPED/099_01.bmp,9f372944569ec1a0f9275713feb200c1d4fb03076380dc0379023bb2e7a09256
research-lab/data/sipakmed/raw/im_Metaplastic/CROPPED/100_01.bmp,24719c00a25c4549927cb4bdb4a220901768cb54cb4854260c08b7af110ffe52
research-lab/data/sipakmed/raw/im_Metaplastic/CROPPED/100_02.bmp,707b002fd01f96334cdbd95130a5a1073ee52610522005f73a164be300fa0c66
research-lab/data/sipakmed/raw/im_Metaplastic/CROPPED/100_03.bmp,d2dd7187f84a1c3c33c62efc581aeebb53a3b5e36749bac877572403db5bc0cf
research-lab/data/sipakmed/raw/im_Metaplastic/CROPPED/100_04.bmp,ff4f5c92f060665fe2ee6f884c76e8888fbe358c86ab76fca556b6ad2bf88f80
research-lab/data/sipakmed/raw/im_Metaplastic/CROPPED/101_01.bmp,0fea0f518f9d22abf3e5f516a0ff66539a0f5a6cbbf0ffb7e691f6a174626927
research-lab/data/sipakmed/raw/im_Metaplastic/CROPPED/101_02.bmp,b0aab7ad7d2fa8921c64a4b1543396ec8efa89bac4ef488f7f140b43fa2ed5cf
research-lab/data/sipakmed/raw/im_Metaplastic/CROPPED/101_03.bmp,dccfde6c95aecddc33d0bb25fc962785011fa7facc5a698e73829779c81b82c8
research-lab/data/sipakmed/raw/im_Metaplastic/CROPPED/101_04.bmp,e2472d996601931630db1622981ecf6bb601612f408bf84081db0fdfc7c3aa9c
research-lab/data/sipakmed/raw/im_Metaplastic/CROPPED/101_05.bmp,fc6e7f4f4519309dc1bf4fa779b188e25ccb560dffe3e696414d8b09703f0f2a
research-lab/data/sipakmed/raw/im_Metaplastic/CROPPED/102_01.bmp,1917b7ab5cb5c0bfabf72eb4590b063c010bf6e21bb58d63bde687ad47afb84c
research-lab/data/sipakmed/raw/im_Metaplastic/CROPPED/102_02.bmp,71a575dfabe64b44fd48baa9125c00afea4f04baacff7b0ab9d6345316a10c7b
research-lab/data/sipakmed/raw/im_Metaplastic/CROPPED/102_03.bmp,dfea2b4a5a0c6a14f27d302ab85b6ea50a38a752de9433b78677f9811e49a3be
research-lab/data/sipakmed/raw/im_Metaplastic/CROPPED/102_04.bmp,fc950e4da96b981d2077692b902d2e67e9f143ba54ff9134a2ca79bbbca48bef
research-lab/data/sipakmed/raw/im_Metaplastic/CROPPED/102_05.bmp,a125c180a701fc0a85592c693a113a82c507c0b760a3112498c358cb3bfc9daa
research-lab/data/sipakmed/raw/im_Metaplastic/CROPPED/102_06.bmp,9ff6c7ea6d890a6b44aa307154832232e0d64272626fd156f9f423b88298b939
research-lab/data/sipakmed/raw/im_Metaplastic/CROPPED/102_07.bmp,54ebcb460ffe32ee498c90042d48b96973f31e350d791dd5e7ecf1ef709e0175
research-lab/data/sipakmed/raw/im_Metaplastic/CROPPED/102_08.bmp,1b1b14cbbd26d961144f3e59e39758a390c5cb8b6a96dde1563a2dcf4691a587
research-lab/data/sipakmed/raw/im_Metaplastic/CROPPED/103_01.bmp,7846b277f3186ff150df8eb6f9d837509697a89db8e0f3132b79ef4323880554
research-lab/data/sipakmed/raw/im_Metaplastic/CROPPED/104_01.bmp,850ecbaa101f8a5259c43c03fcaa53e9710aa6f7fc33bac94b0b3221ab0d5888
research-lab/data/sipakmed/raw/im_Metaplastic/CROPPED/105_01.bmp,4d1ac8383f521b9457eef8cec24964d534225224af842fa807d1e87ba9ad0f13
research-lab/data/sipakmed/raw/im_Metaplastic/CROPPED/106_01.bmp,4d15dea2de51358ffd9de1159327b228721c1d89322f93cebe6b0ba705e2ee00
research-lab/data/sipakmed/raw/im_Metaplastic/CROPPED/107_01.bmp,a58254d1f8b05c92e494d8fba823e244bbfbc39206e9030d36d74d7f8a3c558f
research-lab/data/sipakmed/raw/im_Metaplastic/CROPPED/107_02.bmp,557e3b9f22e9d8b140f2958fa3cbf07bb34945722854517d003ed6cf1f786bcc
research-lab/data/sipakmed/raw/im_Metaplastic/CROPPED/108_01.bmp,2f775008c807072e29fda512164fcfb616cbb98edfbbb13df2ae270c5cf6c4b0
research-lab/data/sipakmed/raw/im_Metaplastic/CROPPED/109_01.bmp,b1f4433c8fa8c1de280c1709bd636a4722e82a2ca4e227557a79d83d87ece7be
research-lab/data/sipakmed/raw/im_Metaplastic/CROPPED/110_01.bmp,e3680bba066ab00d05aea0d1ed149ef15126d6361fa43527a5b3de6e65d37465
research-lab/data/sipakmed/raw/im_Metaplastic/CROPPED/111_01.bmp,ca95a18ae645ad758f317cb05cd7c32292ac3cb1a07b47a638c3569f81803465
research-lab/data/sipakmed/raw/im_Metaplastic/CROPPED/112_01.bmp,9d14ab01b5f74b5383e1e4e48fd71cdb9a7ed9b4a98c85dd2f5c965054fca62d
research-lab/data/sipakmed/raw/im_Metaplastic/CROPPED/113_01.bmp,0b68a2b35acf78d7cf7a8d41497a85ce5a807d8f0f145e6ecddc5fcad8434a8b
research-lab/data/sipakmed/raw/im_Metaplastic/CROPPED/114_01.bmp,8c29ad6628fe89acab95f0540f103d7decd69b4130705a7ad35cf6ee2c7a067a
research-lab/data/sipakmed/raw/im_Metaplastic/CROPPED/114_02.bmp,89b344ed5fddb0eaba422b8b67d78b0ab654899b654c3e6e436f4c4d61100a9b
research-lab/data/sipakmed/raw/im_Metaplastic/CROPPED/115_01.bmp,91e9f099a8a9fc54b08d75e512923fe92dea4bd7acd6d9ad79a3945909395a6c
research-lab/data/sipakmed/raw/im_Metaplastic/CROPPED/116_01.bmp,5caf295e5a650956c988a6f16463939806ffe799c51d375b7a67694d44026896
research-lab/data/sipakmed/raw/im_Metaplastic/CROPPED/116_02.bmp,6555f60a7969dab085150831843bec1ac77cbc95bb2a881dfe50315612d32667
research-lab/data/sipakmed/raw/im_Metaplastic/CROPPED/116_03.bmp,1da7ccabe399c19ce8e9bece0fd76686691962f45c7ab43e3bfce15a94088bef
research-lab/data/sipakmed/raw/im_Metaplastic/CROPPED/116_04.bmp,4dedb685e99c11efb1a5e7160bc1f0371231e33cf870d8244abb345e8eb904a4
research-lab/data/sipakmed/raw/im_Metaplastic/CROPPED/116_05.bmp,3620451d9bde923bf3e9d791b4cda08a0fa02d70ccb3f1ddeb557bc1821cbb39
research-lab/data/sipakmed/raw/im_Metaplastic/CROPPED/117_01.bmp,bf9c6d58b8c9e1252e7c47080205bd69be6fe4cab582fa36dc85a4ff14a00204
research-lab/data/sipakmed/raw/im_Metaplastic/CROPPED/117_02.bmp,90bdf39a60cfe768eb2fe9c395baa8af191fb7d95474699045fca0da39119b5e
research-lab/data/sipakmed/raw/im_Metaplastic/CROPPED/118_01.bmp,1c1bad123aa12d652f0b709b05a4c4062ee33c102d858f2eb30b873f51240df3
research-lab/data/sipakmed/raw/im_Metaplastic/CROPPED/118_02.bmp,0d07c66ced5c2a1646efd77eba5dc5e687806bcce4d21456330dd029668d3c29
research-lab/data/sipakmed/raw/im_Metaplastic/CROPPED/118_03.bmp,383c5096f317afc695ad952c9ab42ff6b0a52e456a0cf6694e4cb2c778bc6a92
research-lab/data/sipakmed/raw/im_Metaplastic/CROPPED/118_04.bmp,834d5886f2a7d96efd6f333e88cc5ef0b3bdfc510359704ae9fb1bb70002e3c2
research-lab/data/sipakmed/raw/im_Metaplastic/CROPPED/119_01.bmp,4bfa9a8a70704fe7183a0727291ca7f4481c36bc7c8afa08ad8cf995c77c9f37
research-lab/data/sipakmed/raw/im_Metaplastic/CROPPED/119_02.bmp,c6424f3742e5554322f315ba859853f2547f101e1227ae83e6a27e97cdfdf96d
research-lab/data/sipakmed/raw/im_Metaplastic/CROPPED/120_01.bmp,8c841ee8294136e7e9b24d98a15ae1330d06309855fc5e99df1a9866b76d345b
research-lab/data/sipakmed/raw/im_Metaplastic/CROPPED/121_01.bmp,7a2ffb1670bd0650a6cbf49528e4b6e9ec6282d8c30ed1cbcca71302e9150a70
research-lab/data/sipakmed/raw/im_Metaplastic/CROPPED/122_01.bmp,b11f56565f4d19db0efae1d6508293fa5a0bb3817a71bb20021cbb2555d1d611
research-lab/data/sipakmed/raw/im_Metaplastic/CROPPED/122_02.bmp,2ddb406241be5c773471841ccc3c997cea3974e78651c89ea492c5dc6e5f0f6a
research-lab/data/sipakmed/raw/im_Metaplastic/CROPPED/123_01.bmp,9810a80c3b9dc93ec564c1a1b1114945818ab593a60eef988ff7319db02fc582
research-lab/data/sipakmed/raw/im_Metaplastic/CROPPED/123_02.bmp,d08ae59dfbfd49755607f948046834d195c080064c766cd95990e4a84d7f229a
research-lab/data/sipakmed/raw/im_Metaplastic/CROPPED/124_01.bmp,8e4c63e4c69a60cf268842a466d0f11dfac66e43367baa902ee189e42e54f06f
research-lab/data/sipakmed/raw/im_Metaplastic/CROPPED/124_02.bmp,3cdf1212f25805b80db8f37d66dc08c1177e29532b55cba5b2dbddee29b34d80
research-lab/data/sipakmed/raw/im_Metaplastic/CROPPED/124_03.bmp,ef1caa383ee662ca584bfd202b123c5d1cbaec553c84306c5548674ac3e64215
research-lab/data/sipakmed/raw/im_Metaplastic/CROPPED/124_04.bmp,8821dfc6a5f85a88f4084bd9328ca5a0638438e28f112885fcfaf1ad8501b628
research-lab/data/sipakmed/raw/im_Metaplastic/CROPPED/125_01.bmp,f1b71b33abc9a6d35bb6897766d79e5c695d142247bae9443589f378c2f28cb3
research-lab/data/sipakmed/raw/im_Metaplastic/CROPPED/126_01.bmp,028e9dddc6b488d23359e706c2b4407b2094de501b78842653db42d640ec6984
research-lab/data/sipakmed/raw/im_Metaplastic/CROPPED/126_02.bmp,c1aa8e1c8a8795561430b746782b8d116eca0e5dd9a8630eddb4ac9b627877c7
research-lab/data/sipakmed/raw/im_Metaplastic/CROPPED/127_01.bmp,3f55267886033b30aea3752ea021f3e15b1d4d5532c304cbed067cea3c3e1740
research-lab/data/sipakmed/raw/im_Metaplastic/CROPPED/128_01.bmp,486d0410bce8bb6ff9651bfb328990d23e9072bae28d0ac26099ab412c05e4af
research-lab/data/sipakmed/raw/im_Metaplastic/CROPPED/129_01.bmp,ad90c2a7a829d6758af91c631aa1c54b1ce9c7b63eeedea61bf2ce89e89038f7
research-lab/data/sipakmed/raw/im_Metaplastic/CROPPED/129_02.bmp,5e58439ef71c4c6fb02176922e6c0a731ce84ed451a8a8164fddbe9edd05a207
research-lab/data/sipakmed/raw/im_Metaplastic/CROPPED/129_03.bmp,d682ae47b24244c035e65e8d19597dd4d7d1d5ee07b088c48eb22a84371841e7
research-lab/data/sipakmed/raw/im_Metaplastic/CROPPED/130_01.bmp,7263a52549a43801b8a470cc62cd49fee168999e65a124d7e81d7ce156743555
research-lab/data/sipakmed/raw/im_Metaplastic/CROPPED/131_01.bmp,2340df5a1eafe90732840baf995d7f88412598aeb8c4e6decdde1af433fcf94e
research-lab/data/sipakmed/raw/im_Metaplastic/CROPPED/132_01.bmp,3575ca9c2d382bd4e19ae045c9239f549c83c1758098780f39cf364424e56d07
research-lab/data/sipakmed/raw/im_Metaplastic/CROPPED/132_02.bmp,bbb64fed6deac58a9a57c4369027bc5225a98b59f152462687e390935de12c4f
research-lab/data/sipakmed/raw/im_Metaplastic/CROPPED/132_03.bmp,769767867e4e91514cfc8fc7614505304be8a15f156b3426b776db0cf14d8c5d
research-lab/data/sipakmed/raw/im_Metaplastic/CROPPED/132_04.bmp,ceb3ac71e9a31d7b6f2d27f628d3af04c7bf4290b546afae323b3c1612fc6b90
research-lab/data/sipakmed/raw/im_Metaplastic/CROPPED/132_05.bmp,735ccc211f9805781503efc37ee119ea0dd4a51b23025ce0a7a717df47a8f7f4
research-lab/data/sipakmed/raw/im_Metaplastic/CROPPED/133_01.bmp,f8c48ced9eab6a5ed4c39da06bfc61e641bfe416216a83da4a9310eeabe6c11a
research-lab/data/sipakmed/raw/im_Metaplastic/CROPPED/134_01.bmp,9dcfb6a3401092ceedf2169d7656ddf06190ed93c604a7d5150a8a75c1c7af4f
research-lab/data/sipakmed/raw/im_Metaplastic/CROPPED/134_02.bmp,e6a76d7c0bff021c16dbbeb03c7afe3d6f0e4a1f85e4c7a0961e3268c9d01808
research-lab/data/sipakmed/raw/im_Metaplastic/CROPPED/135_01.bmp,359022541c1c37279b2d8310e929cfa0b756ea5be75f8f3b7f736bc712385af8
research-lab/data/sipakmed/raw/im_Metaplastic/CROPPED/136_01.bmp,1959298ed81a702814aab1280c3123036a8c693f17b2d4aa54bd4b39fb1afa33
research-lab/data/sipakmed/raw/im_Metaplastic/CROPPED/137_01.bmp,28f4a72017ed7775aabfa8d6f432bb8335dc50d2ed029c6c2068589ef8b6ca07
research-lab/data/sipakmed/raw/im_Metaplastic/CROPPED/138_01.bmp,f35ec9151d59af999012bee1a0a511cb5ee9e0df53ebcc6441478044af4cda72
research-lab/data/sipakmed/raw/im_Metaplastic/CROPPED/138_02.bmp,f74be1b11f601a84ce502f471fb3552cc030956175fc83b97c7296ec246caba8
research-lab/data/sipakmed/raw/im_Metaplastic/CROPPED/138_03.bmp,0fd72928568bbfff51595a84de0d721ce5044a832bcc195926534841c775115d
research-lab/data/sipakmed/raw/im_Metaplastic/CROPPED/138_04.bmp,ace14250fb9cbee9375b2c604b2232169b3f0deb6eef5a0fc25f2a44764f6fce
research-lab/data/sipakmed/raw/im_Metaplastic/CROPPED/138_05.bmp,3ce48ca94ff406131afe02c78beb4354029307212f38e2a6ccd93075ea31fb06
research-lab/data/sipakmed/raw/im_Metaplastic/CROPPED/139_01.bmp,1b874286bcb5ee6d51efae6279ead162bc9873c9c9c3a9b852bf96be6a81217c
research-lab/data/sipakmed/raw/im_Metaplastic/CROPPED/139_02.bmp,85b0ee76d68bd19a894c3a5109e64045e4909a7d769a64eaf9d28fc2e0c7dc68
research-lab/data/sipakmed/raw/im_Metaplastic/CROPPED/139_03.bmp,1700dc1c3fced0c941e50f532c391e053dc609ec10cbe1d87c365aedfabd331c
research-lab/data/sipakmed/raw/im_Metaplastic/CROPPED/139_04.bmp,0f2687fb49b6cdf5afc035a6163473d50af5c77a0e02b97af5e742eba659bf7e
research-lab/data/sipakmed/raw/im_Metaplastic/CROPPED/139_05.bmp,4171e1f68dfe6bfb88c526722e3aeed0c821d89e7989ccc8170c3ea0de9dc1c8
research-lab/data/sipakmed/raw/im_Metaplastic/CROPPED/139_06.bmp,460f3878e1061259a0c7b86dca79b331a1c5f0d0386ed1d3a17da9b1296db024
research-lab/data/sipakmed/raw/im_Metaplastic/CROPPED/140_01.bmp,72eff9a4c86f351f1cd4dbb462bc5c53942f8a60124428d4551d5b1bcf6dc26a
research-lab/data/sipakmed/raw/im_Metaplastic/CROPPED/140_02.bmp,cf0a517a4a06c01b9d66c4c089d3f3c68609b5f0daf62e58155a72cc9b307b6a
research-lab/data/sipakmed/raw/im_Metaplastic/CROPPED/140_03.bmp,4db7031d0ee9cc60df30762b9e66532b6b8475bd0ad044b633dfedbe9ab63d47
research-lab/data/sipakmed/raw/im_Metaplastic/CROPPED/140_04.bmp,621736e9f2e5927dbc79bb984a5f0b95ba26b752d5bdcbd9ef4ec253f404eef8
research-lab/data/sipakmed/raw/im_Metaplastic/CROPPED/141_01.bmp,c245304d0b6fdf21c3903b167be1aa2601c993245eafbe6a4724b1666338f31e
research-lab/data/sipakmed/raw/im_Metaplastic/CROPPED/141_02.bmp,716cbad2a00da26f66afa003408d5ac8413f1735efd877c0948afbd466b93cd9
research-lab/data/sipakmed/raw/im_Metaplastic/CROPPED/141_03.bmp,03bb3999da0be104b494b73c3b42d2daae78671077f9e1b2b084ae6551d06f8d
research-lab/data/sipakmed/raw/im_Metaplastic/CROPPED/141_04.bmp,22cde2d19452026153519998eaa562bfe1f0e0676afa0d8d731a254f362e10d6
research-lab/data/sipakmed/raw/im_Metaplastic/CROPPED/141_05.bmp,20a7669be9b66b85c170b476d799457d3820ea17268e25843753d4998ce01bfe
research-lab/data/sipakmed/raw/im_Metaplastic/CROPPED/141_06.bmp,ef2fd7814d302d2b6c22b91966dc8528037d1876f83fa8e3d6c99d03feff9e27
research-lab/data/sipakmed/raw/im_Metaplastic/CROPPED/141_07.bmp,6e960299fc2f2fb4645cd68592562961b6df0347031eb423a463c96f681909be
research-lab/data/sipakmed/raw/im_Metaplastic/CROPPED/141_08.bmp,e32f1e660170e2ade638f8fcbe5b8aa3ea3c9913c3e0efece5fe0f609e3a29ac
research-lab/data/sipakmed/raw/im_Metaplastic/CROPPED/142_01.bmp,f01288bfc68d02b59ad1e4bf60039687cfd458e60ec8fab7e2fd5381deaf485d
research-lab/data/sipakmed/raw/im_Metaplastic/CROPPED/143_01.bmp,3b3b5b3533328da9693d47191074c39ce699793c87485d2eefe240447e5347de
research-lab/data/sipakmed/raw/im_Metaplastic/CROPPED/143_02.bmp,1ed3277c9f3d93f45189dbee85fea366ee9a9a27a61123384240fa334b05bad7
research-lab/data/sipakmed/raw/im_Metaplastic/CROPPED/143_03.bmp,1b91b97846f2a2ded066acf530433f8326484a66db100e2141d99fc29bf7fd76
research-lab/data/sipakmed/raw/im_Metaplastic/CROPPED/144_01.bmp,7addc6e7f6ae3f6970b9e29dad5a1412bae0d42f906d510a254e8bb825b9ed2a
research-lab/data/sipakmed/raw/im_Metaplastic/CROPPED/144_02.bmp,7b9ed8bb402317883bed4876f3adade5ea62d8d9043b34c88488a4dabaaf5462
research-lab/data/sipakmed/raw/im_Metaplastic/CROPPED/144_03.bmp,64791b7c328f334be262f3ef610c1afa3f1b681d944dab9ed236b9497e837af0
research-lab/data/sipakmed/raw/im_Metaplastic/CROPPED/145_01.bmp,740c0bd6b5657bcf476bd4781892f6089e508e740cc3525e4c12dfe951095ae2
research-lab/data/sipakmed/raw/im_Metaplastic/CROPPED/145_02.bmp,aeb033c1d7d50cb6edf791340aacaa930d810cad9568e2493ef85f840dd3bd13
research-lab/data/sipakmed/raw/im_Metaplastic/CROPPED/145_03.bmp,3a792a103ddd1c3f269424e7a836fce023390edf83312023b98d52fee4a9d494
research-lab/data/sipakmed/raw/im_Metaplastic/CROPPED/146_01.bmp,dc67c49b6c8ed8af2b89b4a799ea8bb44ff2b68206d0d0f048eb0047ca2e70ab
research-lab/data/sipakmed/raw/im_Metaplastic/CROPPED/146_02.bmp,ffddea2dbdaf7b3fcb8ed2018a5980be8666d005b36a218e183e2c442e3730b1
research-lab/data/sipakmed/raw/im_Metaplastic/CROPPED/146_03.bmp,b328bd6081cc8e832f5b055c3330cfada71a5e7146c4fa38722af1834f6ac0f0
research-lab/data/sipakmed/raw/im_Metaplastic/CROPPED/146_04.bmp,1a3f1ebf441f6789a680171f3484cf413156c980169195e981fd4366d5d49cb7
research-lab/data/sipakmed/raw/im_Metaplastic/CROPPED/147_01.bmp,6ad3819df7f3afd41fef8728eb5c6d30923318b0a8b5b09d207e671668d997eb
research-lab/data/sipakmed/raw/im_Metaplastic/CROPPED/147_02.bmp,1203923eeac1e38da236b9195bea4706cc91fd1432a4d02da70711a6e349b7d1
research-lab/data/sipakmed/raw/im_Metaplastic/CROPPED/148_01.bmp,3dff8e2125b1e9cfd2b3af84623f6933418274e38d9f7aa73dfebdc48029b121
research-lab/data/sipakmed/raw/im_Metaplastic/CROPPED/148_02.bmp,160266431553c16cb9292099baf50d53bf8a917b0fd2ef3a6664c0a91fde3361
research-lab/data/sipakmed/raw/im_Metaplastic/CROPPED/148_03.bmp,2067fb6ebc76ccc5d735387226e71d55ca57ecf9ea6e3edeb8fc47a525109ef2
research-lab/data/sipakmed/raw/im_Metaplastic/CROPPED/148_04.bmp,cf184e62fd9308b6537f25e14db0c33e1c15f156b60ad5ab8137e98d1a1a1167
research-lab/data/sipakmed/raw/im_Metaplastic/CROPPED/148_05.bmp,9e5cb2c992467613f05bca304bc4806319c0948520acabb0cc2ebd14161f9df8
research-lab/data/sipakmed/raw/im_Metaplastic/CROPPED/148_06.bmp,7ffcb04d5b73d633a1bd7493e0bc9130a68639b4420735ca0f66f9dd7c255a50
research-lab/data/sipakmed/raw/im_Metaplastic/CROPPED/148_07.bmp,48bdc339d705971a1d7ac8ddad6dce562a6c633066abfb844e81fa40308d1275
research-lab/data/sipakmed/raw/im_Metaplastic/CROPPED/148_08.bmp,c3c0200620aa94d625aa273dee799b1262975e3413003c0a0f95438d5e54fcc5
research-lab/data/sipakmed/raw/im_Metaplastic/CROPPED/148_09.bmp,d52c2dcb419c7721a2610a83fb9f662c65ef5a6aade2ec8b8a77fee1bc67667d
research-lab/data/sipakmed/raw/im_Metaplastic/CROPPED/149_01.bmp,c636dd5297c6b33f024ff9dae31070e7054a83bd715c724edc70f53b6a37c6fa
research-lab/data/sipakmed/raw/im_Metaplastic/CROPPED/149_02.bmp,12ccc422fd9f37b07e0753bcee492cf9cbd09243e6d85d82a1c53c75bc85ef3c
research-lab/data/sipakmed/raw/im_Metaplastic/CROPPED/150_01.bmp,7c443c5f70f5178df484c6d28d71bc1a09f83ff0f8f6c5fa5084bd675f475935
research-lab/data/sipakmed/raw/im_Metaplastic/CROPPED/150_02.bmp,c392a198fd1a52984cc86793d24c45153320e8bd85b89c4a3000c75919855bce
research-lab/data/sipakmed/raw/im_Metaplastic/CROPPED/151_01.bmp,f03d9d998d70f0efdf0fb017b9ea876cef7c427e795a3c32886e0790512ffec4
research-lab/data/sipakmed/raw/im_Metaplastic/CROPPED/151_02.bmp,7193c53218a096f6ecbd254acca2b819d15bedd9d65fce5e28399adf087d5f04
research-lab/data/sipakmed/raw/im_Metaplastic/CROPPED/151_03.bmp,9e9bbf914a6e49c37e68fc5ed584a2596a2664b6c0863225175c121bfbe9a0a3
research-lab/data/sipakmed/raw/im_Metaplastic/CROPPED/152_01.bmp,87925dd9ed51e849c30147a6a098a30472dcf20aa3b59608e1c3a19525fc9c89
research-lab/data/sipakmed/raw/im_Metaplastic/CROPPED/152_02.bmp,fc9302a1a00e7c4f8957cf931b0110885432d968f928abd5508b093448bb288c
research-lab/data/sipakmed/raw/im_Metaplastic/CROPPED/152_03.bmp,67112e1964343ae34a461a70699b39626832a75c93e64e567f37c02ef3940f54
research-lab/data/sipakmed/raw/im_Metaplastic/CROPPED/153_01.bmp,1add1260496bb3a50efc93a958ec49d6d6afcf9c1013d6b35297982e4de7bf53
research-lab/data/sipakmed/raw/im_Metaplastic/CROPPED/153_02.bmp,091fffd6df014ee0c36131deb62dd790d535923bfb15840b7a3af93148851f65
research-lab/data/sipakmed/raw/im_Metaplastic/CROPPED/154_01.bmp,565fe992357db6928bfd18f68835875e9800bcf8ec2d0d6ffd9d97ce4a3f9c27
research-lab/data/sipakmed/raw/im_Metaplastic/CROPPED/155_01.bmp,d01e2431b7a34a4d517bd87658f1bea5b6a36b8757b9b42b75bc6d4eda09e850
research-lab/data/sipakmed/raw/im_Metaplastic/CROPPED/155_02.bmp,c38e3a1b7a4edde74fc1976a2d5a661ba4e30fb52b0af25132ec44615e6f9bec
research-lab/data/sipakmed/raw/im_Metaplastic/CROPPED/156_01.bmp,3a74c16c5e057883126ea5d359a36db4c3eb74ca60d96aa9f4a9f134ac796bcb
research-lab/data/sipakmed/raw/im_Metaplastic/CROPPED/156_02.bmp,c49ee264cf7a43b1eab17aab1226d3e29a85b04e2cf2227077c9254d05da6e0a
research-lab/data/sipakmed/raw/im_Metaplastic/CROPPED/157_01.bmp,1a89555c51c9e4056f23f140e2b98086a5d4dfbb1ad9f903db675a2db2290c21
research-lab/data/sipakmed/raw/im_Metaplastic/CROPPED/158_01.bmp,a45d2bf2a7828939cd93a1522aeec12a7664302f1e2bf0f285e2f0d42c9b0868
research-lab/data/sipakmed/raw/im_Metaplastic/CROPPED/159_01.bmp,d8e255c9e44af267275c44e789aeb20f40bf02bbe3488aea5761ce32a0ccf930
research-lab/data/sipakmed/raw/im_Metaplastic/CROPPED/159_02.bmp,f4e22311c03181628b7c3a7e2edc017a97c93977b4b48b973bd908e92210c701
research-lab/data/sipakmed/raw/im_Metaplastic/CROPPED/159_03.bmp,a04b8c9f5ff651071b4586a66764f3084f7dc19c2f9950f7d6ae675c9a0a5268
research-lab/data/sipakmed/raw/im_Metaplastic/CROPPED/160_01.bmp,f4a2fd3004428b10f0aea530e718c79894c2fba38517bab8c92b796bf4442d37
research-lab/data/sipakmed/raw/im_Metaplastic/CROPPED/160_02.bmp,68ede6dde682381c283b0f4734659f65b530045384c44b44279e6d5ce8021821
research-lab/data/sipakmed/raw/im_Metaplastic/CROPPED/161_01.bmp,e1a3615ca7e5dc341a57bff9763e45ee8d9d3623aa572643f140857e1f33164b
research-lab/data/sipakmed/raw/im_Metaplastic/CROPPED/162_01.bmp,c26ef9440d5bacbda600c6280e05081e9917314c730229923ad084645be4eed3
research-lab/data/sipakmed/raw/im_Metaplastic/CROPPED/163_01.bmp,00909f5a4aa8d2f90cf44616f9bdb7e19c25fe439d602baf0576d96016d8564c
research-lab/data/sipakmed/raw/im_Metaplastic/CROPPED/164_01.bmp,586d183a1d7dde774172232cf77a97d174cf1852a48c47e4762cddfe5dae5a75
research-lab/data/sipakmed/raw/im_Metaplastic/CROPPED/164_02.bmp,233e1e0284a519586b3a0ab63e6d1e85be16bbb29f613c2d9d5692f0c4ea50c8
research-lab/data/sipakmed/raw/im_Metaplastic/CROPPED/164_03.bmp,9c61452417ed65762685e21843af8a7ac1c1cb33a0106fe6c5dbedd451ab82e6
research-lab/data/sipakmed/raw/im_Metaplastic/CROPPED/164_04.bmp,f3f4351c3369a725a3553b96e5f540dc7a729a55c78f5748a8a77e7b4c7fd235
research-lab/data/sipakmed/raw/im_Metaplastic/CROPPED/164_05.bmp,aace0f0a17e1f61f5bfec5420efe443995b9931f3c8cd299c076501cf163cc44
research-lab/data/sipakmed/raw/im_Metaplastic/CROPPED/164_06.bmp,e32756b3d6b639081682ff95f4b3c87d44b4a5b25d5ca9224d7bbf4ed384b13c
research-lab/data/sipakmed/raw/im_Metaplastic/CROPPED/164_07.bmp,d4772f9a46aed2ea2a4d0ea6c4937c4b4166c35bfec9561f77755e573e7d9b9c
research-lab/data/sipakmed/raw/im_Metaplastic/CROPPED/165_01.bmp,9c90808922c659f578bce749d1c803bffe4f40515b335c0a3eba573db2a9d23c
research-lab/data/sipakmed/raw/im_Metaplastic/CROPPED/166_01.bmp,edbdd23415236cd4efe38547a941db27abd8f3e5f937081310d1f2f95628a808
research-lab/data/sipakmed/raw/im_Metaplastic/CROPPED/166_02.bmp,68d20fd28fa12d478c27bcc96b2e8f84471ad1749d591ec3533d03cc26acd76d
research-lab/data/sipakmed/raw/im_Metaplastic/CROPPED/166_03.bmp,8473a276b4e8c2520fd331623692d193709a392bab01b8d4dde81945d5e35652
research-lab/data/sipakmed/raw/im_Metaplastic/CROPPED/167_01.bmp,717e046b9f080b0e13b106599e070ceeae480d171977e5d28f617f32db468e44
research-lab/data/sipakmed/raw/im_Metaplastic/CROPPED/167_02.bmp,09484173fe38de4643214c69ce9675e5c70cbec6543c110c75fa3601d03474d8
research-lab/data/sipakmed/raw/im_Metaplastic/CROPPED/167_03.bmp,44ba652a3ce171237eb0cc1efd9542484abe7d9ebeff0fb5d6e54453c046a628
research-lab/data/sipakmed/raw/im_Metaplastic/CROPPED/167_04.bmp,430854b27ee3b600645ed5763b42c5b52de3e31935f01d591250374c2c44ada8
research-lab/data/sipakmed/raw/im_Metaplastic/CROPPED/167_05.bmp,d5dc069341c18d04abdaeae1a48b2fc374ac5186e14265e63464b1364113a603
research-lab/data/sipakmed/raw/im_Metaplastic/CROPPED/167_06.bmp,7c576cb77b21bf64b2d22f1de2db0c42cbd1dd35cf7d9d1618030873e58e566a
research-lab/data/sipakmed/raw/im_Metaplastic/CROPPED/168_01.bmp,7eb280439dfd4ae976a43bd7af137c8b5a6b6008b63a9ba53e14edf5378fd0e0
research-lab/data/sipakmed/raw/im_Metaplastic/CROPPED/169_01.bmp,286608bdf70e8120d940bd672400ae2bba964c3c1e6ca3cf881874a008a0b4f0
research-lab/data/sipakmed/raw/im_Metaplastic/CROPPED/169_02.bmp,638eb12ebfc3e550ebc9bd803558c1048217de5162b97eb9b08af9bbdbfc48b4
research-lab/data/sipakmed/raw/im_Metaplastic/CROPPED/170_01.bmp,6c7b7a8f96c48ba38a467bc09b6d029559a3b34cbfb57b3a70a1b8fd85e88abd
research-lab/data/sipakmed/raw/im_Metaplastic/CROPPED/170_02.bmp,a57a2f0faa1d34a1b0c133b56d8a0b93932c316afac88687a4f613d839eebee2
research-lab/data/sipakmed/raw/im_Metaplastic/CROPPED/170_03.bmp,108ad274550412c050764dfe488dbe41be867192cb1b099ed844a7aa18c290f2
research-lab/data/sipakmed/raw/im_Metaplastic/CROPPED/170_04.bmp,1dde2750fd5636d948718abf5b2706c17f513f96ee41acfa1853d35d39986d59
research-lab/data/sipakmed/raw/im_Metaplastic/CROPPED/170_05.bmp,f540a1696463dc0cd3ffe93dc6a27e9733b2e7e43ed9f05e3fd8d84416d13cfd
research-lab/data/sipakmed/raw/im_Metaplastic/CROPPED/171_01.bmp,ea2a4c1173b95246d7b332eb5e9f2c8228396ee6c8bad4a48e56d27d5c484a74
research-lab/data/sipakmed/raw/im_Metaplastic/CROPPED/171_02.bmp,bbd434e33b5e912ab441ef7556464f7c651fcc13d6086bc4a24d00744ff90978
research-lab/data/sipakmed/raw/im_Metaplastic/CROPPED/171_03.bmp,078252372d5af12ceedfcc18e83b6fb9b2a61388ebc8a4485856acc45c9edfa0
research-lab/data/sipakmed/raw/im_Metaplastic/CROPPED/171_04.bmp,41bd6eba984c5e1802b270a64ca4f2b47c62c93048fd6cb7a661bf65f2c7ee90
research-lab/data/sipakmed/raw/im_Metaplastic/CROPPED/172_01.bmp,6b2475f968626139c0f7c366b3bd4c972dc48226e966e350e02f044247df7788
research-lab/data/sipakmed/raw/im_Metaplastic/CROPPED/173_01.bmp,e845840ceabb93a42c7ba6934333848d33753a22463e60a8e12eccf0d4545b88
research-lab/data/sipakmed/raw/im_Metaplastic/CROPPED/174_01.bmp,d50036b72820d5154e39c04d986d8c962bdc132a07b5e1a03eef14f4eec5056e
research-lab/data/sipakmed/raw/im_Metaplastic/CROPPED/174_02.bmp,3eb64938db9f8bb855745180741da9719ea98289ca610eb32eacf8b0755d4276
research-lab/data/sipakmed/raw/im_Metaplastic/CROPPED/175_01.bmp,07e88366a80dc7cd5e0beef527936ded6bc19e51be919d7d8db0b602eac1e0a3
research-lab/data/sipakmed/raw/im_Metaplastic/CROPPED/175_02.bmp,dffea7efbd809812f7674c0f1757386a07a222d87600fb33918691795d275089
research-lab/data/sipakmed/raw/im_Metaplastic/CROPPED/176_01.bmp,ebb8bcccdf57930b77ed7a6c61c47359ea7d21bae43af43d26ca3feb975d9319
research-lab/data/sipakmed/raw/im_Metaplastic/CROPPED/176_02.bmp,5ed14d516cbb5bd9696a6b02b85c010144d8e53bae68868788657d7eef72a0d7
research-lab/data/sipakmed/raw/im_Metaplastic/CROPPED/176_03.bmp,36b07303c15c904a9769751f4729c21eae23d124d8d330cee5299340594a757f
research-lab/data/sipakmed/raw/im_Metaplastic/CROPPED/177_01.bmp,4231a9c332ba4519d8e027951bc795b4bb9bd126cdb809aa50a776448bd9f89b
research-lab/data/sipakmed/raw/im_Metaplastic/CROPPED/178_01.bmp,9ef8e5b32d393da827752dd7a0a19904a8863dae68251387f53496bb33686299
research-lab/data/sipakmed/raw/im_Metaplastic/CROPPED/179_01.bmp,38808726f49db9e372493139a872d4ed37e8192783cac3aa69235e74423b7590
research-lab/data/sipakmed/raw/im_Metaplastic/CROPPED/180_01.bmp,feb4f7839bc5e780376e0224cac58d7c1a4f771918103e576b6d1a9b74706671
research-lab/data/sipakmed/raw/im_Metaplastic/CROPPED/180_02.bmp,01a2a4e95ca97ec25e74e4716e2ee2e796be66e6f3fda639c6d11a5476c98b38
research-lab/data/sipakmed/raw/im_Metaplastic/CROPPED/181_01.bmp,8adaebf614332fd49340ea9be6a5f150ead547986e985791f8ec59be8eaababc
research-lab/data/sipakmed/raw/im_Metaplastic/CROPPED/182_01.bmp,20603be3a43fb9a8ae69ad75f07f699d33cf9a44c9d5c19ec9922929fa34ab73
research-lab/data/sipakmed/raw/im_Metaplastic/CROPPED/183_01.bmp,b2a0902c9abe5f7c068ed0e3ab8a66ed99ec8c99876962f4ec0e5391694a6b11
research-lab/data/sipakmed/raw/im_Metaplastic/CROPPED/184_01.bmp,872bebc72dd9203a6d4a6bfb95d60439c964ba628ad4702aa709b08051ebd84d
research-lab/data/sipakmed/raw/im_Metaplastic/CROPPED/184_02.bmp,16594676a60182088ac52314be60cf84865a772aa767f1cc9b88ce557c160ef5
research-lab/data/sipakmed/raw/im_Metaplastic/CROPPED/184_03.bmp,cb8d5d589a98b1d47b3581c35510ff8b4db4a2be57e69db70e1673f7bf8e2e50
research-lab/data/sipakmed/raw/im_Metaplastic/CROPPED/184_04.bmp,6631cc422fbf2a6b0252e86b5393af97c9a68d66614c65f99be478c532496e74
research-lab/data/sipakmed/raw/im_Metaplastic/CROPPED/185_01.bmp,3a75d76670cb16758cf20f3aebf4d5bd8da1e6a14b96b46fc8968fd097ba37a5
research-lab/data/sipakmed/raw/im_Metaplastic/CROPPED/185_02.bmp,1fda49125ae83f0d1492294b62648790f82e4f1ce8e5a66c8d0f2e4c160326b4
research-lab/data/sipakmed/raw/im_Metaplastic/CROPPED/185_03.bmp,5b12e5cb4385ef4b2bfac7a68970dffa252994f33327a32f6fcbb52ee03c1e9a
research-lab/data/sipakmed/raw/im_Metaplastic/CROPPED/185_04.bmp,142f1b87beb8d1ef14c6c80fbf01783526f2ee667487c2c50cd78f4a929fea24
research-lab/data/sipakmed/raw/im_Metaplastic/CROPPED/185_05.bmp,af225bf07225bcf49117183a1bacf65859716d76364946fb9b1805e54a42d005
research-lab/data/sipakmed/raw/im_Metaplastic/CROPPED/186_01.bmp,4012faaaefec8f8579e47d73e08e8710cf7cd51ca55af8588ce870e57d7937ff
research-lab/data/sipakmed/raw/im_Metaplastic/CROPPED/187_01.bmp,4303102676d853e9ee16a2478605d1b48249aa1427fff70dd5c0a8bfb2bf7226
research-lab/data/sipakmed/raw/im_Metaplastic/CROPPED/188_01.bmp,c44214ddf667c258ad61692e7f3dad87bbdffbc177b10275b509a90c8e89c419
research-lab/data/sipakmed/raw/im_Metaplastic/CROPPED/188_02.bmp,3f3e1c9f811f63aaf98da846ae85d9d015060cf0f3fd5e2035dc9fad4f2d69ad
research-lab/data/sipakmed/raw/im_Metaplastic/CROPPED/188_03.bmp,57e37ca89e40cbf0071ac83eeb79f76ebcbae217f7c2321d753ca692ddc42ad5
research-lab/data/sipakmed/raw/im_Metaplastic/CROPPED/189_01.bmp,8517ddef34c9bf69e518a3e5624abc26e8d2ed4f735bb44bc234ea3bc8e5aa2b
research-lab/data/sipakmed/raw/im_Metaplastic/CROPPED/189_02.bmp,4e8794d85a4daaba5744bf343d8d7c2ce194b1a6105ca35ff558000b4143a7cc
research-lab/data/sipakmed/raw/im_Metaplastic/CROPPED/190_01.bmp,a23d934797ceb7890ec6fe2eaaabe13cb2ad7208ea83c507e25a2dcdcd61dfbc
research-lab/data/sipakmed/raw/im_Metaplastic/CROPPED/191_01.bmp,02a8debb2ca12f939ec7d9f064b829e8fbfc373006414f80f52821480a2b97de
research-lab/data/sipakmed/raw/im_Metaplastic/CROPPED/192_01.bmp,6f136a3c1d4d74af8aecb82cf13a69f5d3897a0ac4240026aee0e7f5f2bc25f9
research-lab/data/sipakmed/raw/im_Metaplastic/CROPPED/193_01.bmp,18657489361a23837aaa5234ce954421eac5d06c353da5f099d2fc9cd1483f5f
research-lab/data/sipakmed/raw/im_Metaplastic/CROPPED/193_02.bmp,62799f3328fee00286e1b8d049380ca4a3d37528e1d2b8fb2682c6d21c24ef4a
research-lab/data/sipakmed/raw/im_Metaplastic/CROPPED/193_03.bmp,290ee0e86a55cd71a1545acd1a7700c0f57106d58c7a63cb29dfdf72885da334
research-lab/data/sipakmed/raw/im_Metaplastic/CROPPED/193_04.bmp,9e982efce3a484303b63bf01ac7cb83f219f6709a7608acbb273a803f5adc118
research-lab/data/sipakmed/raw/im_Metaplastic/CROPPED/193_05.bmp,2c143891701c36934f0a1e910f86bb65d5ac329beb743de876f93b3061c311c8
research-lab/data/sipakmed/raw/im_Metaplastic/CROPPED/193_06.bmp,51dc2fe7fb86f4685a440bef971bac5e312beb93c8f73f06f11ca920951ceef4
research-lab/data/sipakmed/raw/im_Metaplastic/CROPPED/193_07.bmp,9ce9d6245b428350646149ffa12ececc7a82ca063ba1244b8623f8d028efac56
research-lab/data/sipakmed/raw/im_Metaplastic/CROPPED/194_01.bmp,8e5b03616975c3f1f58b843ec01d07dde6473676295a7ddf24a076551ee358a4
research-lab/data/sipakmed/raw/im_Metaplastic/CROPPED/194_02.bmp,f4f2288872e8c0f1f12b64334ca53f886d89f61b301899baebb0a8fc82ae77fe
research-lab/data/sipakmed/raw/im_Metaplastic/CROPPED/195_01.bmp,969abe92d3a2c4040c44081472d4cd9fa262e3cd4d3e29c3f95e72a2d0ddbdf5
research-lab/data/sipakmed/raw/im_Metaplastic/CROPPED/196_01.bmp,7804dab90dfaaa6a17fc4e4ef6e4bdb393b203c745b1d0cb50600a5626f01a81
research-lab/data/sipakmed/raw/im_Metaplastic/CROPPED/196_02.bmp,760808fcc54754e38bc164f8685da711244e493a991d22b2c144669d6e9f536f
research-lab/data/sipakmed/raw/im_Metaplastic/CROPPED/197_01.bmp,a481e4c210ccd02fed1c9d085f2dbd73bdbba70a96d643e4d5e3ee48bdc52525
research-lab/data/sipakmed/raw/im_Metaplastic/CROPPED/197_02.bmp,3bdca2c2ae773d141d3ef932562e39654178c3845f5290b0fff3b08235df7abd
research-lab/data/sipakmed/raw/im_Metaplastic/CROPPED/197_03.bmp,671816e3f5de57743ed16b885ecdcddf30ce0ef32f8880ab8fb4003d8af4f89f
research-lab/data/sipakmed/raw/im_Metaplastic/CROPPED/197_04.bmp,109d2ee205b8d5d86de430ff0a04dd4850ac8d77dbb8d1f205d7bee97e8e7165
research-lab/data/sipakmed/raw/im_Metaplastic/CROPPED/198_01.bmp,a953b80910a8c48f0ac0208fa839e7747442aeddf23cd76128d6dad41497501f
research-lab/data/sipakmed/raw/im_Metaplastic/CROPPED/198_02.bmp,dc263b35c940633c40d1a17647c810316da0337412df4577c06bdaabeff1f389
research-lab/data/sipakmed/raw/im_Metaplastic/CROPPED/198_03.bmp,bcbb70c38a35bd77a11b491f5aa443d892612e13e99cfcab2fbe9c4a348a105a
research-lab/data/sipakmed/raw/im_Metaplastic/CROPPED/198_04.bmp,b7806d71c17f927f7658c4828b0b63f7bcf0cab618870fafc17876d089d0f531
research-lab/data/sipakmed/raw/im_Metaplastic/CROPPED/199_01.bmp,85d0386e5ddf284a9cedc45033ccf51915ab495c8f6ac44a60d39dd81e312c7e
research-lab/data/sipakmed/raw/im_Metaplastic/CROPPED/199_02.bmp,3f7687d34ba869aa9a9c5b283839bf32412810327e272b4171366059cb666867
research-lab/data/sipakmed/raw/im_Metaplastic/CROPPED/199_03.bmp,e2644c624b774d0cf4975d790f9e510eb4a07f789db706ab9e69493d919b8c7e
research-lab/data/sipakmed/raw/im_Metaplastic/CROPPED/200_01.bmp,3bb6d2bfc055d1aa45eb825b26dc87025d6d785c2c97fa011357c7102b275a10
research-lab/data/sipakmed/raw/im_Metaplastic/CROPPED/200_02.bmp,45914fc3baf6f3b8c126eeee353f5f3587522d75faaeff79977b28dcbafa6e13
research-lab/data/sipakmed/raw/im_Metaplastic/CROPPED/200_03.bmp,608df05b2aa1610882d2769e50149e430228f4edbc154da750d07255b85fd3cd
research-lab/data/sipakmed/raw/im_Metaplastic/CROPPED/201_01.bmp,897c70b770ccefd6773474ac9f1b1a12e22634d925a6758e0bff542c8fdf95a4
research-lab/data/sipakmed/raw/im_Metaplastic/CROPPED/201_02.bmp,bc3aaa41d6db9b5cb137cfebad54536aabee53b0278f9e55029335764e7f83db
research-lab/data/sipakmed/raw/im_Metaplastic/CROPPED/201_03.bmp,fce3aa33434e8989007c16e9f753daa788375c1891f852c8b7ea7235efa700d7
research-lab/data/sipakmed/raw/im_Metaplastic/CROPPED/201_04.bmp,479f970ae315f66bd713c1c9068280ec344939bac1dd8ecd9f1a4eadbf525aa7
research-lab/data/sipakmed/raw/im_Metaplastic/CROPPED/201_05.bmp,bce2997746c3f173b072fe58f53f814fd90514f5351ebb856bc0d07fd915849b
research-lab/data/sipakmed/raw/im_Metaplastic/CROPPED/201_06.bmp,f2ee0235b875d0c0a9bdc8eb655d0ce99da8a7875568e3c86df487d19d392cee
research-lab/data/sipakmed/raw/im_Metaplastic/CROPPED/201_07.bmp,a7eb460dbbebccab7cfe6852cb2847729b6fc418287002153080b5872918f419
research-lab/data/sipakmed/raw/im_Metaplastic/CROPPED/201_08.bmp,bfabd6cb63f3f3ad51424a1263cf8386037cd2a41fface7bec34e5cb9783a6e5
research-lab/data/sipakmed/raw/im_Metaplastic/CROPPED/202_01.bmp,3e96dc8c195e90030378136a0ec39f5764da0a00edaed41d0cd4989c2f1271dc
research-lab/data/sipakmed/raw/im_Metaplastic/CROPPED/202_02.bmp,4baf53f905f4911040899566395b8c9dc3b84498e1277d8d26bb09ff0ac47cf6
research-lab/data/sipakmed/raw/im_Metaplastic/CROPPED/202_03.bmp,0a0b4700fb9c4405360b3a18db2d3af819409582c771a87485f5eaddc37a3114
research-lab/data/sipakmed/raw/im_Metaplastic/CROPPED/202_04.bmp,11dc58a511b1c9dba4c708336588188198afd70224f4ee821db6b95b93a3b2f6
research-lab/data/sipakmed/raw/im_Metaplastic/CROPPED/202_05.bmp,7483fe64e82a08185264486b58a73b63618f094143eb2afde193c914b23c22e2
research-lab/data/sipakmed/raw/im_Metaplastic/CROPPED/202_06.bmp,2b7973b3e3ef866762bbd1a1c340f18df8520d88d506667df1467d4ff8da9bf9
research-lab/data/sipakmed/raw/im_Metaplastic/CROPPED/202_07.bmp,f090e7ccd4cbbc29e69ae6f903b6828eb3c267456aef6ba5586bc2ed977838b1
research-lab/data/sipakmed/raw/im_Metaplastic/CROPPED/202_08.bmp,94536fd89778452d46216e997e909faab3611fb71a81a487a711130ef7055477
research-lab/data/sipakmed/raw/im_Metaplastic/CROPPED/202_09.bmp,32869633fba0a7223381e2dc238a22d6fd8873d88b953f112da6945a4dd4f3fa
research-lab/data/sipakmed/raw/im_Metaplastic/CROPPED/203_01.bmp,fd4759b929bc6ac81521a29c5e0bb96903814da82a801fde2eee167a3fc3de10
research-lab/data/sipakmed/raw/im_Metaplastic/CROPPED/203_02.bmp,3b518c2f9a03544e6d35864befca3f998e216a27dac21581ae56fe3260cae353
research-lab/data/sipakmed/raw/im_Metaplastic/CROPPED/203_03.bmp,e2c502625e738513f2c256b984584948b8cc19155fdcaead5aacd922a2ac5329
research-lab/data/sipakmed/raw/im_Metaplastic/CROPPED/203_04.bmp,6921526ffee0bb1001751291d2811ce471c997c79b6f83ddc21283930a38e0c4
research-lab/data/sipakmed/raw/im_Metaplastic/CROPPED/204_01.bmp,7aeba7d6344e00b4db0ebbf1d7401f89c2b4bbfd778fd04aa113db2edd344493
research-lab/data/sipakmed/raw/im_Metaplastic/CROPPED/204_02.bmp,dd028ed1abab0bc21b60a505b2e4e25747c971be0731852ee34bb5cca7cb3472
research-lab/data/sipakmed/raw/im_Metaplastic/CROPPED/204_03.bmp,d36a8c4c0d0ac32469ab21a04cce45b36bbbf7735fe2b59549ee032275d83059
research-lab/data/sipakmed/raw/im_Metaplastic/CROPPED/204_04.bmp,9283ad19bc2d179352c8c9ea9c90f4ad710444b9a6a48207bcad737a5281836f
research-lab/data/sipakmed/raw/im_Metaplastic/CROPPED/205_01.bmp,fb28691a87da4743074b4e7450aa78e327539500c99fa9d424153cb7a7eebb21
research-lab/data/sipakmed/raw/im_Metaplastic/CROPPED/205_02.bmp,a0ce756d19e158d7727aefc1b671723cf50b567ea1489d7643c87cdc3f0319c4
research-lab/data/sipakmed/raw/im_Metaplastic/CROPPED/205_03.bmp,23461be301a0ec80efb0c7226d9d9113f67eeae86838a139a6e40a14b3d63efc
research-lab/data/sipakmed/raw/im_Metaplastic/CROPPED/206_01.bmp,694bceba5c74195d9262c7d9c9e1060279a576c2a21992d583f055fe14037148
research-lab/data/sipakmed/raw/im_Metaplastic/CROPPED/206_02.bmp,ca6530a6c29d8e5ac0e0f2a1d4224b276238735220e5784d8742b9e112ff93dc
research-lab/data/sipakmed/raw/im_Metaplastic/CROPPED/207_01.bmp,0df212c09e3bac62aabc54a6ccda7c5578b5dd7fe39219a92c3e9ae58117c250
research-lab/data/sipakmed/raw/im_Metaplastic/CROPPED/207_02.bmp,5c9db4e87f60971c8cd2a37391323d3419dc43e766631de1b9cc00e2ffd75ba2
research-lab/data/sipakmed/raw/im_Metaplastic/CROPPED/207_03.bmp,6948b56a50c08fcc825219e72bf1fa5441b5ebfd9de19083a263ea364be7cddc
research-lab/data/sipakmed/raw/im_Metaplastic/CROPPED/208_01.bmp,b36d79db3bd9ff2bda52694a898046da7bff2187e0975a6daa353514e8ea1ba6
research-lab/data/sipakmed/raw/im_Metaplastic/CROPPED/208_02.bmp,db8b9c0fd7c14e5399c25253db64004cf2a963d2b04809c5e423e69b276d6f2f
research-lab/data/sipakmed/raw/im_Metaplastic/CROPPED/208_03.bmp,4d674c3a221aca1f329beda6db4c2480ee73b598676523088df67487d18c7c7e
research-lab/data/sipakmed/raw/im_Metaplastic/CROPPED/209_01.bmp,7a59a3505ea9cfe67d10a7edf5cd6205117e3b5aaa418506eeacca4b1609b5ee
research-lab/data/sipakmed/raw/im_Metaplastic/CROPPED/209_02.bmp,445748e0640a9758ed300d3f1d09f15040dfdaff8e2566648ccbb68e39110758
research-lab/data/sipakmed/raw/im_Metaplastic/CROPPED/209_03.bmp,784c337d217c4fb453329c45f579e347e4caac17e8262a747618862eefb49e6c
research-lab/data/sipakmed/raw/im_Metaplastic/CROPPED/210_01.bmp,383c1ab90c47d85c9b94b8b2c773c4b55b50aa6ebcd9a6b34325bb5107968172
research-lab/data/sipakmed/raw/im_Metaplastic/CROPPED/210_02.bmp,69a0dbc28931c7a3e86cff0094fea5976032d87d5d74ac723ca6b89c50193d70
research-lab/data/sipakmed/raw/im_Metaplastic/CROPPED/210_03.bmp,4189b651c8513d3e1e1e9c318e133a8aa62f8c3094b3b8180fe490200d97a41b
research-lab/data/sipakmed/raw/im_Metaplastic/CROPPED/210_04.bmp,79607c78b2513aaa6fa48870ab08772f427e1a41e8a8dc3680aab5c751998a78
research-lab/data/sipakmed/raw/im_Metaplastic/CROPPED/211_01.bmp,d427df63f27f4c2267f8097257e4257b84d10f4b0c39c5cb9f148b56dc2bf757
research-lab/data/sipakmed/raw/im_Metaplastic/CROPPED/211_02.bmp,44a85880f813ae1f0854377e68672f12e294cb72f7a1c1f687793f0fc0fc6ac0
research-lab/data/sipakmed/raw/im_Metaplastic/CROPPED/212_01.bmp,7a2ab8a6d44028cb998691a864922bc2385717053b6d8bbed49bdd6d19b533c5
research-lab/data/sipakmed/raw/im_Metaplastic/CROPPED/212_02.bmp,a015914cdae2c598769b68a99d04e097489d8088e1cc40bdecc48f91ba319e30
research-lab/data/sipakmed/raw/im_Metaplastic/CROPPED/212_03.bmp,8bbbd986ba1f338637f104a28fd4fc3e2b13af6c37b53c279739695091b264a0
research-lab/data/sipakmed/raw/im_Metaplastic/CROPPED/212_04.bmp,0a39d3c2ef836f6894275f7a6c89fddc75e1e7be4e5c55bbc91b15f883f02598
research-lab/data/sipakmed/raw/im_Metaplastic/CROPPED/213_01.bmp,8066a325e318a57da72b7a702b7e47dc7773c846ec614f961d789d399863f0aa
research-lab/data/sipakmed/raw/im_Metaplastic/CROPPED/213_02.bmp,9710ed895a898f806258ebde446732d157ce101de2540e5941f8f188f61dca1d
research-lab/data/sipakmed/raw/im_Metaplastic/CROPPED/214_01.bmp,786c2c823fc4c31b3b92baf75ddc9bcc96f2db39f3f450c68c38fd7f61ad08a8
research-lab/data/sipakmed/raw/im_Metaplastic/CROPPED/215_01.bmp,2642e53551b7012f44dc6c71edfa6a1efc413a8034225e5937976e2bea5ac170
research-lab/data/sipakmed/raw/im_Metaplastic/CROPPED/216_01.bmp,917fefb442076cfdac07b96075c4e371434051544b17d974f9b4c59b51a93f0b
research-lab/data/sipakmed/raw/im_Metaplastic/CROPPED/216_02.bmp,681ce2f3ff3dc616e8b5951658b062a9c7b80f2b04731fe6b91758f4c8169ec7
research-lab/data/sipakmed/raw/im_Metaplastic/CROPPED/217_01.bmp,ab60c8eb0b6346c7a8acb0146bd0085ba12872a4612a89e0f2542d7aaf9723e1
research-lab/data/sipakmed/raw/im_Metaplastic/CROPPED/217_02.bmp,ebec72d99faa0a708aaf4f8e18d7955541bc7645a3a52dd5230514ba5fa33468
research-lab/data/sipakmed/raw/im_Metaplastic/CROPPED/217_03.bmp,4722eb1a6d715b968e748778600ff13f4812107ab13f52b7381c8552138cf1e8
research-lab/data/sipakmed/raw/im_Metaplastic/CROPPED/217_04.bmp,7c66a30a43b63ee5c3d2f18be64b69002cb448f296c3662cb4c388e82d7a3498
research-lab/data/sipakmed/raw/im_Metaplastic/CROPPED/217_05.bmp,ad0ab2119930224a32fdddba63a08a4bbabab956b62cfc0c8f32e8e843036dbd
research-lab/data/sipakmed/raw/im_Metaplastic/CROPPED/217_06.bmp,305e6fbfdf041b7c0a6baf4052805229dcf58d663f730cd07a79cea84cd13325
research-lab/data/sipakmed/raw/im_Metaplastic/CROPPED/217_07.bmp,3719b80c0f07a9adc4d3b3e6c9c123dbaec649dd72341e7bae603ff53b7cfb9a
research-lab/data/sipakmed/raw/im_Metaplastic/CROPPED/217_08.bmp,466f2737f26f80f404bb88d40f91d4234779c49658ee4ba12bd70a506fbf5c88
research-lab/data/sipakmed/raw/im_Metaplastic/CROPPED/217_09.bmp,2b16802ac5c49e5788c0c3a5ef94ba7e43d57b7b05ef8d3c77d9afa61ddfe98e
research-lab/data/sipakmed/raw/im_Metaplastic/CROPPED/218_01.bmp,4e1e72f6d3e5cf363865cbacc06196a301c05eacc30ed9b2f53d5ff5eab85752
research-lab/data/sipakmed/raw/im_Metaplastic/CROPPED/218_02.bmp,5cc7b93c2f5957aaeb7d1cc42a434782811a2e89881209c0318ec3d02145edb5
research-lab/data/sipakmed/raw/im_Metaplastic/CROPPED/218_03.bmp,cffa4a24b27783afd8c2843c113f553d50660a93043ce225bcf758af07757bb4
research-lab/data/sipakmed/raw/im_Metaplastic/CROPPED/218_04.bmp,92acee8e8c87bf4b08ae0ba4c2a11efac738e7c790e60cd90551bb1aef2435a7
research-lab/data/sipakmed/raw/im_Metaplastic/CROPPED/218_05.bmp,8afb24469f3412ace0d082d427fbecc764b4f3f0a1a18ed15c752e98f9360d28
research-lab/data/sipakmed/raw/im_Metaplastic/CROPPED/218_06.bmp,97a244000c3213a646ea76c17d46efec8ff2c2779b0d98946af96266a4c2be17
research-lab/data/sipakmed/raw/im_Metaplastic/CROPPED/219_01.bmp,e2bb8dc22f703bebdf3b4e345cc9e8e427ede30fb1fb0a821fd0c17f446076d1
research-lab/data/sipakmed/raw/im_Metaplastic/CROPPED/220_01.bmp,1f65d0649d7f364f6d91f08e303a5cdb60f1edb6803640bd192d51c95aa9dd54
research-lab/data/sipakmed/raw/im_Metaplastic/CROPPED/221_01.bmp,94d414e060bb747de64e086a18da954a92a6ab155f7c4f6fde6f8479f0b1e280
research-lab/data/sipakmed/raw/im_Metaplastic/CROPPED/221_02.bmp,4a42c3b8dbbc1c25afe150138870313eff85c8475c42bba5cbd08adad0c0c192
research-lab/data/sipakmed/raw/im_Metaplastic/CROPPED/221_03.bmp,9f4c12b31b95caa8dc685e437bf1b2c306e3892416406cb8492b7f97d020e381
research-lab/data/sipakmed/raw/im_Metaplastic/CROPPED/221_04.bmp,3f0e52a3cd74946705b9c656a3d0be177aa354f3ca5e3322bab7d40259575cb1
research-lab/data/sipakmed/raw/im_Metaplastic/CROPPED/222_01.bmp,be67711376ea2b1d021d5d4f1966f93c12b4d0520c406d5915402b843d39271b
research-lab/data/sipakmed/raw/im_Metaplastic/CROPPED/222_02.bmp,023c61cb7a326df70cf8cfc948cf14c3a78dff4f7f26a40953b9215f53a49eba
research-lab/data/sipakmed/raw/im_Metaplastic/CROPPED/223_01.bmp,5e8a36f2ef9fbdec50f5512fd01d6615008d96009a9b0c95d2a3e229de7a7e99
research-lab/data/sipakmed/raw/im_Metaplastic/CROPPED/223_02.bmp,57d72f1b95bf72a836627bc81cb3c3e6203d858c1141d4de0b28135c56d9aee7
research-lab/data/sipakmed/raw/im_Metaplastic/CROPPED/223_03.bmp,4820d68b40c415fc52613ce9713ca5a143708e18463edaefe5e49149cf5672f7
research-lab/data/sipakmed/raw/im_Metaplastic/CROPPED/224_01.bmp,85dc899f8d7d7b1fe29dab6b14e20067f5a612e810a01e758359c3f03c6a55f7
research-lab/data/sipakmed/raw/im_Metaplastic/CROPPED/224_02.bmp,bd9dc768ad3b1b47de7586d9e9d4b70d1c8597be4c53cad6eec65c22be182edc
research-lab/data/sipakmed/raw/im_Metaplastic/CROPPED/225_01.bmp,71756863bfbf16cedfc1053109ef97b00a0dd123d7b495e3666283213c7d8ce0
research-lab/data/sipakmed/raw/im_Metaplastic/CROPPED/225_02.bmp,0235faded9b7356a510e776a4985001531a267dd02bec8f208c4b432b7ada286
research-lab/data/sipakmed/raw/im_Metaplastic/CROPPED/225_03.bmp,d8f617eba4e4523a6e80a4f7be10548dbcc68eb12e816a1a23881ef560ee1796
research-lab/data/sipakmed/raw/im_Metaplastic/CROPPED/225_04.bmp,2107501d97c6a14dcf8fe238e18ab2b35adc9030e9160ae8b3c7999e236b42f7
research-lab/data/sipakmed/raw/im_Metaplastic/CROPPED/225_05.bmp,763886b8756c5fdf3d59f13f85a7af1b01261dd8d677d1143b23ffc085ad3ef0
research-lab/data/sipakmed/raw/im_Metaplastic/CROPPED/226_01.bmp,b494ba5a35ce4ee1244e405b65139179df2334e61a4070d95d06dc773f9c2b0b
research-lab/data/sipakmed/raw/im_Metaplastic/CROPPED/227_01.bmp,e9c4ce9c6cc44252a9ecfc0b41da393bbdea387419144676255f42c2de6e6621
research-lab/data/sipakmed/raw/im_Metaplastic/CROPPED/227_02.bmp,09017844ab79c3bc2f61d138058b1dfd590be4a3ac9f48a803140039b186afdb
research-lab/data/sipakmed/raw/im_Metaplastic/CROPPED/227_03.bmp,fa498aea98071d8cc051c359ce8457da32375441baf40f6563e1f006ee49f595
research-lab/data/sipakmed/raw/im_Metaplastic/CROPPED/227_04.bmp,76f7b7be379b400115a869ee2115eeb71f1b91c1a2221def2ac5a99252fa4ff3
research-lab/data/sipakmed/raw/im_Metaplastic/CROPPED/227_05.bmp,4165cd4cde7d932d30c2ec9a130e8a77858e62580e180ba30add07e05fc07cc1
research-lab/data/sipakmed/raw/im_Metaplastic/CROPPED/228_01.bmp,80cbfc7a4d2d43a52ad356fa511fe01ac79b12f667c1449d7a2dace85c3d17c8
research-lab/data/sipakmed/raw/im_Metaplastic/CROPPED/228_02.bmp,b5d3d1cfa2f367d251e0b8212f9d18f78412413a9f0472d73143d7223e1a6344
research-lab/data/sipakmed/raw/im_Metaplastic/CROPPED/228_03.bmp,10164fd2a29af3deb21d6f1af329b338f223102ce60aa1190e7ec5954c7a1d80
research-lab/data/sipakmed/raw/im_Metaplastic/CROPPED/229_01.bmp,3d701759848784330c8d56b1a4280648517472af44b20f08c5c6923f96bc71e3
research-lab/data/sipakmed/raw/im_Metaplastic/CROPPED/230_01.bmp,3d3b66d6fad1e735d53227a215bbc0f605a94d4b641649f007f8439ddd3aedf4
research-lab/data/sipakmed/raw/im_Metaplastic/CROPPED/230_02.bmp,13461c0f1dfa95a24b653d13abf7278c2c4ff31267c4e34191fcbb4d23869479
research-lab/data/sipakmed/raw/im_Metaplastic/CROPPED/230_03.bmp,ea49c10f2440a98dd564936c909abce3d9f3e9100370e2759d1bbbe40066d13d
research-lab/data/sipakmed/raw/im_Metaplastic/CROPPED/231_01.bmp,04117a2f9030e78ecf63f6c08f82a07c4b8561d84994b050c5a0a4afcedf15da
research-lab/data/sipakmed/raw/im_Metaplastic/CROPPED/231_02.bmp,dc686885ccf5ad321d5ea6a350772369995b433670ea87485a5152073afcef3b
research-lab/data/sipakmed/raw/im_Metaplastic/CROPPED/232_01.bmp,35d088dfdd9413f52bcc3b0dbfc13f242edbd4ca574c6ba2bc1a21cec5695882
research-lab/data/sipakmed/raw/im_Metaplastic/CROPPED/233_01.bmp,92233f3d00cd8fbbd3570f23b3d2f91206b287aaeb7745102a32d7c29c3932ac
research-lab/data/sipakmed/raw/im_Metaplastic/CROPPED/234_01.bmp,5687c5ddc86d33874476b51abab8b713bb461dfb02d2efea7d82d3af01c7cc30
research-lab/data/sipakmed/raw/im_Metaplastic/CROPPED/234_02.bmp,d6926e575d07f8e93161d23022bee98b16880f07f5462fa331215851117c7b5b
research-lab/data/sipakmed/raw/im_Metaplastic/CROPPED/235_01.bmp,ec5d2f13d4298d6050aeda784761cad91b8c1e0266c8d4f3feca1b4a54612a1d
research-lab/data/sipakmed/raw/im_Metaplastic/CROPPED/235_02.bmp,f25aef6f2f18eebd7e2ba52961c3071b476cc725d50477c1070877675cfdcc62
research-lab/data/sipakmed/raw/im_Metaplastic/CROPPED/236_01.bmp,6d7d879c8db23d7368cda4092728fdc71894a88c077ec248cad759d9b496d78b
research-lab/data/sipakmed/raw/im_Metaplastic/CROPPED/236_02.bmp,09a24f39a0f496504e78852c8be481282adb43d55726a01d12b34996d724a649
research-lab/data/sipakmed/raw/im_Metaplastic/CROPPED/237_01.bmp,162878fd61c00d80134797894a54e8bbab88bd99f4a9a47d0c79cb42c074d3fb
research-lab/data/sipakmed/raw/im_Metaplastic/CROPPED/238_01.bmp,ad022a3affb174da0f7b348e0888047b047a12cfe3ce4676bc6e31e4bad4ad76
research-lab/data/sipakmed/raw/im_Metaplastic/CROPPED/238_02.bmp,5337e9d43249e2a7a33e6c5df1b77e777bfb773637ac78910364c583db430bb0
research-lab/data/sipakmed/raw/im_Metaplastic/CROPPED/239_01.bmp,6f665297f3e1bba9acdce317087585bff5ad7cd78ad2d049eff53fe9b2c49bba
research-lab/data/sipakmed/raw/im_Metaplastic/CROPPED/239_02.bmp,75366faa9385abb14c620628382af79ba80fdf97e1c25ff71c373cbd4bc5418d
research-lab/data/sipakmed/raw/im_Metaplastic/CROPPED/239_03.bmp,b34aba92afa99a486e82f0918809f83bf8714855129badbe0de086975ded127f
research-lab/data/sipakmed/raw/im_Metaplastic/CROPPED/239_04.bmp,a2e0784c3b6e0d6892c2d8df9d7032c087bf2b293e68920cdc1136dc5962231c
research-lab/data/sipakmed/raw/im_Metaplastic/CROPPED/239_05.bmp,fd3f34dfe1e3ea81c78996129080215e3f56eb647c9a094124e3dd268c84b69b
research-lab/data/sipakmed/raw/im_Metaplastic/CROPPED/240_01.bmp,9aa0c4454d5218b735bb70f4b833c4a9659c8fcd3dc9fb101342ac98874e81f5
research-lab/data/sipakmed/raw/im_Metaplastic/CROPPED/240_02.bmp,6f3f0371d42c6566ddc6f9517c297d0545a01ab55aaced34ab7e52d4423c47cc
research-lab/data/sipakmed/raw/im_Metaplastic/CROPPED/241_01.bmp,ebc41b46b706f595c246e407fca909e976577a2ff848e3d865c2c4f961a373de
research-lab/data/sipakmed/raw/im_Metaplastic/CROPPED/242_01.bmp,3b39cac2977a2158b4256e6b9019efea3d9b3e04852dc9af3fadac887da3ebdb
research-lab/data/sipakmed/raw/im_Metaplastic/CROPPED/242_02.bmp,e795f144b58da10f292079a4fc94a8efa55994da4432369d79228c93da2e20a2
research-lab/data/sipakmed/raw/im_Metaplastic/CROPPED/243_01.bmp,72d99ca133cee00cf5c6848ff14c928e0cf2321d0d77b48801ba33c83dba6759
research-lab/data/sipakmed/raw/im_Metaplastic/CROPPED/243_02.bmp,368aba1fcaeeb1403fd1e1d91a801255c6464b3f647ba4a5d44b9810d61a89b7
research-lab/data/sipakmed/raw/im_Metaplastic/CROPPED/244_01.bmp,ab6ce68c9b581eb8c921561d76574fec43c873ef9d70a614f1f7b82d87d7a6ba
research-lab/data/sipakmed/raw/im_Metaplastic/CROPPED/244_02.bmp,e79512c68defdb628b4111b1d2de885909c09d9de066f64b05e81b4a7d3caee5
research-lab/data/sipakmed/raw/im_Metaplastic/CROPPED/245_01.bmp,1960201fdb2cdd96bd7e6437bca608a0340359118487719083d90c1896725fed
research-lab/data/sipakmed/raw/im_Metaplastic/CROPPED/245_02.bmp,7029558f14e4101cce0ccc15a6753e0c10ae6a72a143d66c2a6831f57c7140a4
research-lab/data/sipakmed/raw/im_Metaplastic/CROPPED/245_03.bmp,e9005e03a45372e1e709b00ac396e65b198a3b252b9733b0e8b86662ddca27e9
research-lab/data/sipakmed/raw/im_Metaplastic/CROPPED/246_01.bmp,6e94f03da26ff9a3a28b4f62ff2b9a4afd480ac179bd4a10a1c2863f5dfbfb05
research-lab/data/sipakmed/raw/im_Metaplastic/CROPPED/246_02.bmp,763c136cc9c7d4b140786d9fee6d351ffe8e66c8c0513ac680f35d38ad45ec61
research-lab/data/sipakmed/raw/im_Metaplastic/CROPPED/246_03.bmp,99cc1e2417d758e90ca5d2743d9708e1570bb852bcaae031902f531b8d853ac0
research-lab/data/sipakmed/raw/im_Metaplastic/CROPPED/247_01.bmp,6b7b4239792019a8eaef64d4a5135f0f4e68aca99754667e50c6c15933678889
research-lab/data/sipakmed/raw/im_Metaplastic/CROPPED/247_02.bmp,d9e34b7217e62155a49ca4aff088a586ec104e1d6aa774198ea053bc982c7a03
research-lab/data/sipakmed/raw/im_Metaplastic/CROPPED/248_01.bmp,442ac1f1a51ef5a342113e00b91a3be3f6281f569eb7061c066123314b3066f6
research-lab/data/sipakmed/raw/im_Metaplastic/CROPPED/249_01.bmp,db25aff8e2c4ec45235b9ed045589dc352575ebc5f80d6b75b2f54b7d24c274c
research-lab/data/sipakmed/raw/im_Metaplastic/CROPPED/249_02.bmp,ad1f7b74c3bd30f696ef209fcf115880f4d0fce3aea0e5cbf08c8fe06475e48d
research-lab/data/sipakmed/raw/im_Metaplastic/CROPPED/250_01.bmp,a3956319cd6e58ba00b3a3f91d60c6e84fb4f0ff328cd0d87d844560c1973a59
research-lab/data/sipakmed/raw/im_Metaplastic/CROPPED/250_02.bmp,6a4d135a9b38fdd774fc514917396510b430e4750297ee76c689a07bff2bfd23
research-lab/data/sipakmed/raw/im_Metaplastic/CROPPED/250_03.bmp,73191db2885e8c8ca313fb36d140e7fea1ab2ebe88877034bd3153bee35e9726
research-lab/data/sipakmed/raw/im_Metaplastic/CROPPED/251_01.bmp,465956748b0da79f22711031d6cb785d25b1dcbfa946f3010f8ed283809fc0c2
research-lab/data/sipakmed/raw/im_Metaplastic/CROPPED/251_02.bmp,668f42452d8bae8c98d39b32b864dd97cdf82649d2a31df7d1fd06d7432bb7a9
research-lab/data/sipakmed/raw/im_Metaplastic/CROPPED/252_01.bmp,6df16c16a2a62aafc1d3c7af79f4436bea472b557e03b6d6ba0855c8a38597e4
research-lab/data/sipakmed/raw/im_Metaplastic/CROPPED/252_02.bmp,ba05eada05b6690e8c20935a38937e05631eef5465a173cbd3e6047b8c6ce0c4
research-lab/data/sipakmed/raw/im_Metaplastic/CROPPED/253_01.bmp,81eaa6c874c86afe065fb87d4a24563418658740a056e5583e98b7f138d1647c
research-lab/data/sipakmed/raw/im_Metaplastic/CROPPED/253_02.bmp,ab55f742537b4ddaecfe4eeb0b7a0aff2287e8c102a2e93553756838bb3de4df
research-lab/data/sipakmed/raw/im_Metaplastic/CROPPED/253_03.bmp,bf6476dbad6b11ece7f7d5abb3109219b55d074b0fce613816887313dcf50501
research-lab/data/sipakmed/raw/im_Metaplastic/CROPPED/253_04.bmp,ce7b485ae8647a373aa6e0a444c12895374f2db2f153fbb48edb35f2e9c998aa
research-lab/data/sipakmed/raw/im_Metaplastic/CROPPED/253_05.bmp,753e1b00acd093220e3f767298689adb7b92c27e4bb28724421c6a0dcb91a94f
research-lab/data/sipakmed/raw/im_Metaplastic/CROPPED/253_06.bmp,468e68d19cb4abd8d92b73d4c47a05e1b88c8a5814d296b4feeacd97efc84b2f
research-lab/data/sipakmed/raw/im_Metaplastic/CROPPED/253_07.bmp,d68e195d4d7fb3e74f08262a5f4cfa6c908bd4e7d6ded8a9556a0c8faa4c2e05
research-lab/data/sipakmed/raw/im_Metaplastic/CROPPED/254_01.bmp,f53f13680eb80b54e6e149e1addb147a2e52c766bfca5c66eeb1c1ee2af421f1
research-lab/data/sipakmed/raw/im_Metaplastic/CROPPED/254_02.bmp,b092e499ff91108f8314f18ef01fc19013dff70ba47fa4e0b739b06fc6a1e8fd
research-lab/data/sipakmed/raw/im_Metaplastic/CROPPED/254_03.bmp,9a345478f6f543ca9bc9028dd8a6e2311016208a10e0a29b90b04987c292c4ad
research-lab/data/sipakmed/raw/im_Metaplastic/CROPPED/254_04.bmp,39a0c24a13eb109764ac4bc53da6fe38525b099b3f4ea2b28b92073fce53ef68
research-lab/data/sipakmed/raw/im_Metaplastic/CROPPED/255_01.bmp,eaf366acd0eb014b91cec0772b0c16248777d2f0ef38f7c1097bf1ddcedc1da5
research-lab/data/sipakmed/raw/im_Metaplastic/CROPPED/255_02.bmp,cc2b03f8f44b0927625d3e71b83078b47deb1d17d8987d917a771d1d40277ff4
research-lab/data/sipakmed/raw/im_Metaplastic/CROPPED/256_01.bmp,2827c6019095ceff9d8e2ce791eca3ae9dc103c3554076ebf758df4c209b810a
research-lab/data/sipakmed/raw/im_Metaplastic/CROPPED/256_02.bmp,d62ef8933758edc5a3a4e8a02b7ff48200acf73068b30c4f3f8e373565401ae2
research-lab/data/sipakmed/raw/im_Metaplastic/CROPPED/256_03.bmp,0ccd9050d4be3bb0810fcbe0945563911dc41a63a3dd0ec050d9ff5bd6204051
research-lab/data/sipakmed/raw/im_Metaplastic/CROPPED/256_04.bmp,5e6bbbf7f9281e8ac25fa4993ad2b00dc50803c5452e19f7a6ea8b565d69eb44
research-lab/data/sipakmed/raw/im_Metaplastic/CROPPED/257_01.bmp,e6c99a524faad47dbcbdece2a3e0a7383ab50bfe93d576d942baf2e5fd99c780
research-lab/data/sipakmed/raw/im_Metaplastic/CROPPED/257_02.bmp,0dedb8945ee6821b3aba388a4294ef9cdb5d04adeb779cf6a811264ce0c8880d
research-lab/data/sipakmed/raw/im_Metaplastic/CROPPED/258_01.bmp,3e2eebf6bc6bf8457664ec6315c39f7256bcacdbcf99f3ce7f3ad82c3b6da714
research-lab/data/sipakmed/raw/im_Metaplastic/CROPPED/258_02.bmp,e9d4475a8438513f9b4c8b6babe65de71a7c98f1a2f34ba5f9643cb9087a44aa
research-lab/data/sipakmed/raw/im_Metaplastic/CROPPED/259_01.bmp,26fc22f3336bddf604b5368ecb57f1e493b7575fec4d6159663f871934cd1be8
research-lab/data/sipakmed/raw/im_Metaplastic/CROPPED/259_02.bmp,a2d73c9a2348033eda18a1438a42e704d3d111db36414e039b6f56eaf896fc07
research-lab/data/sipakmed/raw/im_Metaplastic/CROPPED/259_03.bmp,14c3999bbbe6df5387b1998a7327a450cf06e98397ef4ce69204d04a1460cd6f
research-lab/data/sipakmed/raw/im_Metaplastic/CROPPED/260_01.bmp,d03104300909c529dbff95a3d6a1a706935c67c8a19e99fc88a05935ea08613a
research-lab/data/sipakmed/raw/im_Metaplastic/CROPPED/260_02.bmp,81d19d3029adf8829fb772eec58195669ca27fbf7e71d52097b5dcbd68e888a1
research-lab/data/sipakmed/raw/im_Metaplastic/CROPPED/261_01.bmp,2f79c2c83ac070cb3a6616b7b5f5065ffd47727d9a5a916622b394dd4397f4a3
research-lab/data/sipakmed/raw/im_Metaplastic/CROPPED/261_02.bmp,ebe4fa274b3e4c5fd8efa28e0a35bde8baadc674e06e1760e6b7074881f6a7f9
research-lab/data/sipakmed/raw/im_Metaplastic/CROPPED/261_03.bmp,819e9770a0fce6271cf7dec7b202e786b84ca3c860a2661228217b2a5c70ca69
research-lab/data/sipakmed/raw/im_Metaplastic/CROPPED/261_04.bmp,80ebcb11081ac25ed2e71d81a7acf08ce283643158ff6ec5fb4a110f239f66c0
research-lab/data/sipakmed/raw/im_Metaplastic/CROPPED/261_05.bmp,f032afd1f5df9b93da87ca59da12cd02707b770108071de66b61fd071f302d22
research-lab/data/sipakmed/raw/im_Metaplastic/CROPPED/261_06.bmp,bad1a3a0ca330cb69d10a9d8685911cd6b99115013d67e4abb517f6e9614955e
research-lab/data/sipakmed/raw/im_Metaplastic/CROPPED/261_07.bmp,6a67c172df13ee641e27b4c0201b6cc3284de068a781d33f33c132ab8eb46fa9
research-lab/data/sipakmed/raw/im_Metaplastic/CROPPED/261_08.bmp,a5ac854f01b6999cb8a6aedb92e385fb0a3f8fa0efcaa62c51f689c33e83902d
research-lab/data/sipakmed/raw/im_Metaplastic/CROPPED/261_09.bmp,4c6876f9c2bfef6dbf135b4a0dedda29d5f68698cb61884d5733f1d4446cd216
research-lab/data/sipakmed/raw/im_Metaplastic/CROPPED/261_10.bmp,72745891bd597c31e83b0b289e2fa6958d68f21b4b574d44412f9c54f76d40c6
research-lab/data/sipakmed/raw/im_Metaplastic/CROPPED/261_11.bmp,b98bfd7db03076b1251c8fb3457f37717623841f36c517b424f25191cfbce32d
research-lab/data/sipakmed/raw/im_Metaplastic/CROPPED/262_01.bmp,dcb9ca9df12163261c8e46043ed171092639622475b7ae05ebee4bcc0931176e
research-lab/data/sipakmed/raw/im_Metaplastic/CROPPED/262_02.bmp,f00a380adb4a86df777e68469d02e8f33c4d599e3e36357411480484796fa1d7
research-lab/data/sipakmed/raw/im_Metaplastic/CROPPED/262_03.bmp,bc1006b98729e18bbe1dd5067fef3e8b10eba91cb3adb9c4770ead830030bf23
research-lab/data/sipakmed/raw/im_Metaplastic/CROPPED/262_04.bmp,236ae92f98ed8ad47153b56ca15b8ba39a0b99f09496c5abac254d7b8a86dab5
research-lab/data/sipakmed/raw/im_Metaplastic/CROPPED/262_05.bmp,553965b8bd7a13c6949e64e845a53a20c95ae06757adde2f1fb281da270ccf43
research-lab/data/sipakmed/raw/im_Metaplastic/CROPPED/263_01.bmp,7d7e70a5347f846859cb7c020bc213a0a50edf6dbacc00b3e6a52f9b551e2013
research-lab/data/sipakmed/raw/im_Metaplastic/CROPPED/263_02.bmp,caad4153c1546b8ca9010e71df7e712d9c7ec699ec6f96fb577d982f02f899cd
research-lab/data/sipakmed/raw/im_Metaplastic/CROPPED/264_01.bmp,79eb8457a37b6a5dce54caa5db1c695a17d0e0fba0bfe6db63ff591f0dbd41db
research-lab/data/sipakmed/raw/im_Metaplastic/CROPPED/264_02.bmp,b359634a2733a16384324f07f880ea0f03f34065b1600d3c6ec678d809464d3d
research-lab/data/sipakmed/raw/im_Metaplastic/CROPPED/264_03.bmp,d58ce3282bc51ff467ec8645f2c50633fa5416c90191e1462a05c343ab70747a
research-lab/data/sipakmed/raw/im_Metaplastic/CROPPED/264_04.bmp,9a4cf3329b7162596b87d2694cf5244e7674541a9c69b99d6c9669c258705678
research-lab/data/sipakmed/raw/im_Metaplastic/CROPPED/264_05.bmp,0fc9a95f08056d55c435e04c175d804c07e539bb239f35703a4754740518c3a6
research-lab/data/sipakmed/raw/im_Metaplastic/CROPPED/264_06.bmp,5d593b8d3b83eeaea78792f04b3f7be54e9ed17cba58e086b0d877ec78d24683
research-lab/data/sipakmed/raw/im_Metaplastic/CROPPED/264_07.bmp,c77186cff137575d4f8565a71f6aa20b44c98387067504d76473b2084cc720fb
research-lab/data/sipakmed/raw/im_Metaplastic/CROPPED/264_08.bmp,b386f9c64d8849e19fe4fe21af37c7596b3bc57615f0960fb29dd138b2b0f75e
research-lab/data/sipakmed/raw/im_Metaplastic/CROPPED/264_09.bmp,c945412c689e5d2fe94914de5a356258dd987234e5e2092e434c4f9bb3324943
research-lab/data/sipakmed/raw/im_Metaplastic/CROPPED/265_01.bmp,d282dbc7f69cb2d531f21acd8cf7109f4a26ff6097190952d1085fb5603f1a72
research-lab/data/sipakmed/raw/im_Metaplastic/CROPPED/265_02.bmp,809b6a6f62bfba03dbef4fb7bdf845c4b789fc55f879eab7d9e15f6eb0e7ce60
research-lab/data/sipakmed/raw/im_Metaplastic/CROPPED/265_03.bmp,bf2d9e9cbc00415f988a53ad32fa6d11a8ef9ff199f2d426c183bde0e05bd8b8
research-lab/data/sipakmed/raw/im_Metaplastic/CROPPED/266_01.bmp,e744bc49b5eff853ad7fa308ac5a2a0c4a43cc768e7c7282c7f281dd9ed07584
research-lab/data/sipakmed/raw/im_Metaplastic/CROPPED/267_01.bmp,d3d66a1ffde5ba28412a1b562c5e8210fbc0a76a52c644983115207a2008e2ed
research-lab/data/sipakmed/raw/im_Metaplastic/CROPPED/267_02.bmp,4e8aaba90f151d8c81f0b4df267b1a307e0de1661f5f289cf1e0e97b290edc51
research-lab/data/sipakmed/raw/im_Metaplastic/CROPPED/268_01.bmp,5e55c54af3ca4330c26495a69748298810a477326ba7758b8d45d7ae83e2e555
research-lab/data/sipakmed/raw/im_Metaplastic/CROPPED/268_02.bmp,67a00cb173c5be8e81dd656c4a0c19d7a162d03c4a2580f3f2147bd9b1ba446d
research-lab/data/sipakmed/raw/im_Metaplastic/CROPPED/268_03.bmp,858176fa7b4cfff2b1e42f3b1b39b386f4a742b85554e48f2c68b2ae2abf5a37
research-lab/data/sipakmed/raw/im_Metaplastic/CROPPED/268_04.bmp,3826c8a2d3283d64db40df92bf106c42eff11bbe0f64865d89fefe3f6336de7e
research-lab/data/sipakmed/raw/im_Metaplastic/CROPPED/268_05.bmp,cffd26d5abc26e4042c98f649987844cefbee82824b7d59750a09778c9c5f8ff
research-lab/data/sipakmed/raw/im_Metaplastic/CROPPED/269_01.bmp,645de075e46d0b1ded32e40b20966de3b565e86347a5041e816c3f81fc90dce8
research-lab/data/sipakmed/raw/im_Metaplastic/CROPPED/269_02.bmp,38b38d314f2f5058fd9fd913b0c1d316b13fa2a1695bdbdacc0d7f74c58a3e5f
research-lab/data/sipakmed/raw/im_Metaplastic/CROPPED/269_03.bmp,ede49589b9df8ae6ddf446a4ce2e49859dc5872e9fb0b00fc964652c47c612f0
research-lab/data/sipakmed/raw/im_Metaplastic/CROPPED/270_01.bmp,d2c9470226e60408e34749e1a4a8094b4626fe30456bdde14f70d86ca5273e44
research-lab/data/sipakmed/raw/im_Metaplastic/CROPPED/270_02.bmp,2f296a14867c4ad999de01f879bc5fd8dce5aa70770d6cdfd8d0d7027adb91c5
research-lab/data/sipakmed/raw/im_Metaplastic/CROPPED/271_01.bmp,0549a3f19c4d4d648445527db2665b8a2f8b3f03c0a74731ab971c7ea6183c5e
research-lab/data/sipakmed/raw/im_Metaplastic/CROPPED/271_02.bmp,ba98e7efd49830c2522514f4978bbe4e7b09db092983f6f493ddbfcbf1f38a46
research-lab/data/sipakmed/raw/im_Metaplastic/CROPPED/271_03.bmp,26a430213cde312d2ab8df56f93d8f37bbe76896aa8d80edd4a43f357dff93e3
research-lab/data/sipakmed/raw/im_Metaplastic/CROPPED/271_04.bmp,d952a556123f650f2df360a2fbd1ccc0d26163855b3836f07f08b806016432a8
research-lab/data/sipakmed/raw/im_Parabasal/CROPPED/001_01.bmp,148a22e52504907a42860cb747bb8b884a31c805eae4cb353167bd51795d443b
research-lab/data/sipakmed/raw/im_Parabasal/CROPPED/001_02.bmp,28641a6612d0d9c5b64bb1a4eebe0778b49fa77606932ee9c9c66210a314333b
research-lab/data/sipakmed/raw/im_Parabasal/CROPPED/001_03.bmp,014bc68ec5121e869791e457a348c98bd260cc5a3c3b80e01e89d7475718651f
research-lab/data/sipakmed/raw/im_Parabasal/CROPPED/001_04.bmp,b5b59c75e26829c9bf502ae3113259a06d3d3389cd08dcc9135358ce683b7413
research-lab/data/sipakmed/raw/im_Parabasal/CROPPED/001_05.bmp,36aed46abd94ac8555644114e8bd5645963bcee4d8f561a290ea905bc49252ef
research-lab/data/sipakmed/raw/im_Parabasal/CROPPED/001_06.bmp,9addd703861ea271640be2ece9f3441b9e34dc5a230980a6d4432fe645b3293b
research-lab/data/sipakmed/raw/im_Parabasal/CROPPED/001_07.bmp,b90929d3a66c09906c25aa9e3fd595df9fbc63896855b71aedf00e1084ddc473
research-lab/data/sipakmed/raw/im_Parabasal/CROPPED/001_08.bmp,11a8d8f301b4f6d00219bae086ee929087eccd39153e202e5c5103c32060337c
research-lab/data/sipakmed/raw/im_Parabasal/CROPPED/001_09.bmp,b2c2b5f7eb41f80df1477716126bdf960ac7c36f8fc4e127e8e06f238711e7e6
research-lab/data/sipakmed/raw/im_Parabasal/CROPPED/001_10.bmp,9f645f5e032e7862bc9a9f361770bead9014a44a48374d64e2ae13aa1f5c2a9a
research-lab/data/sipakmed/raw/im_Parabasal/CROPPED/001_11.bmp,29b07bd88fc56277e03de6d2a8d9136f2dde2b13c384718a70ef8384161c37a5
research-lab/data/sipakmed/raw/im_Parabasal/CROPPED/001_12.bmp,16e27846a79059064579c4d927ed1e27bf782ed410dcb65ac71f2a8e0208d557
research-lab/data/sipakmed/raw/im_Parabasal/CROPPED/001_13.bmp,e31ac3bcaccad387234d7a15e4aaf78ea40dc0b84e1dd83131ce02a3c80471fa
research-lab/data/sipakmed/raw/im_Parabasal/CROPPED/002_01.bmp,803c572229d77129a07a383da0ce9b21080f1e648b5b5030ae387ad4b245af76
research-lab/data/sipakmed/raw/im_Parabasal/CROPPED/002_02.bmp,f456c32909b4bfa67fa888f166ae72c973729b18e85e1b6f487159483b6dc88c
research-lab/data/sipakmed/raw/im_Parabasal/CROPPED/002_03.bmp,97445181ea9dbe8b386ed4482f8fceb4c0ae83153f86fb01796e09e720d55556
research-lab/data/sipakmed/raw/im_Parabasal/CROPPED/002_04.bmp,55fd76636cd2b5c1c959b804bea9b81401ef8867a676064666fa2961a5081784
research-lab/data/sipakmed/raw/im_Parabasal/CROPPED/003_01.bmp,8c00aefca41e77b27b4b8cc914eb9b1b5c73ba134c501df84d339f17d5e54dc6
research-lab/data/sipakmed/raw/im_Parabasal/CROPPED/003_02.bmp,9d4750288ea3e242e736bfaec7aa92af981a27fbe9f7250b8a86b3feef01703b
research-lab/data/sipakmed/raw/im_Parabasal/CROPPED/003_03.bmp,a223c9917b0e221400bd2fb9ffb348feb643a7077f4ea72d190311428ff2b555
research-lab/data/sipakmed/raw/im_Parabasal/CROPPED/003_04.bmp,62aad9218a5090c7f2d37c1f753fc5017e7bf960ef7086ffb6a8a7574437408c
research-lab/data/sipakmed/raw/im_Parabasal/CROPPED/003_05.bmp,bfabe715fea7ea0845e2fbe8315a76ad9e05aa2fa3f87eb9ba5002beff46f53d
research-lab/data/sipakmed/raw/im_Parabasal/CROPPED/003_06.bmp,189b8bc63ac08a2cc861314a2ef48a81803def0c47d861581d0fd41df9fa27f2
research-lab/data/sipakmed/raw/im_Parabasal/CROPPED/003_07.bmp,5e6fd639a4011966915175424fbbc282a7e85daa5431e3de24df39572a8a2f53
research-lab/data/sipakmed/raw/im_Parabasal/CROPPED/003_08.bmp,217d32df67e89f1b74fe38195e9238574ae819309438ab2d5d5c905f84e75282
research-lab/data/sipakmed/raw/im_Parabasal/CROPPED/003_09.bmp,58c4f8053558c76b93c7ab2e7eeabe8aa3abbe6fa63b1664e794e80700059702
research-lab/data/sipakmed/raw/im_Parabasal/CROPPED/003_10.bmp,21f78236f0b842dfcbf60141163af62a33fe73f0acb297d9c808c0c49a9468a6
research-lab/data/sipakmed/raw/im_Parabasal/CROPPED/003_11.bmp,a63c70ad54d122a1dde830b84b3cf90940ac1397b9f58714d7d9f888e7fb97a1
research-lab/data/sipakmed/raw/im_Parabasal/CROPPED/003_12.bmp,0d7d82adbddc51ca6531d4f285e6fc82cf60180efbfe1db9a58490f96a9aeebd
research-lab/data/sipakmed/raw/im_Parabasal/CROPPED/003_13.bmp,52ff5c1a0742be81ff409949d5fdaa3a1bcec548602dfb0d6d360b8964bf6958
research-lab/data/sipakmed/raw/im_Parabasal/CROPPED/004_01.bmp,991783cbb8fc9d2d758d6c98a43b0fbfb5894a254a273b941f50886c18c9fdc7
research-lab/data/sipakmed/raw/im_Parabasal/CROPPED/004_02.bmp,414a2c1721b5a9678382b401fdd5672be2e4ff293a91952038fd0876c26fa467
research-lab/data/sipakmed/raw/im_Parabasal/CROPPED/004_03.bmp,7b3bf9bda0be3f28e260b7b6e04f7e25e638bb0cf8ff7efc22ccd3e3b0eb7925
research-lab/data/sipakmed/raw/im_Parabasal/CROPPED/004_04.bmp,404f9dbd14046811af11b8141ad5b679cfa6110e566776551580856b1fb5a215
research-lab/data/sipakmed/raw/im_Parabasal/CROPPED/004_05.bmp,66d363b4d766f4ce4c1de12d5b3bc8ad8f25bbd9a3a501ff7215fe1188c9d2a5
research-lab/data/sipakmed/raw/im_Parabasal/CROPPED/004_06.bmp,46f8c38266d23e0e3da5143f8f44241a77c913d52ae278bd33b415d12c0b51da
research-lab/data/sipakmed/raw/im_Parabasal/CROPPED/004_07.bmp,4e881f0a6cf49c2b4ddcbc792828d60f4a16a07a661f76068c48aea4afb1b1c9
research-lab/data/sipakmed/raw/im_Parabasal/CROPPED/004_08.bmp,e939391bee6471b629befc0ecac89b8cca3ae58e22c701cfafb09a65bb2c45b1
research-lab/data/sipakmed/raw/im_Parabasal/CROPPED/004_09.bmp,3f6d65159ed3821e44a0a7e9a477b12fa2eadb868deb99d6ef20ecc3eee6ecd9
research-lab/data/sipakmed/raw/im_Parabasal/CROPPED/004_10.bmp,c32c0f4f364483f0e04ef13f08aa1ea319bf191a10b1aa6cddb2d38a4e3600bf
research-lab/data/sipakmed/raw/im_Parabasal/CROPPED/004_11.bmp,6fd0184c3bc5a09747d41fb503e0ebeab1200229d633132bd5477c02b68a70ed
research-lab/data/sipakmed/raw/im_Parabasal/CROPPED/004_12.bmp,772d2c5ebc505c81212cee7385bd5ab1d019bb23ecebc6d2b7d35c57441f0520
research-lab/data/sipakmed/raw/im_Parabasal/CROPPED/004_13.bmp,eab93f77a824b66669e82f9af91fc980ef79952285dc0203d4a4e44c6086ba21
research-lab/data/sipakmed/raw/im_Parabasal/CROPPED/005_01.bmp,fb1278c994327f1aca76ee42cdacd05de98fc1521947f70def042c159cc373bd
research-lab/data/sipakmed/raw/im_Parabasal/CROPPED/005_02.bmp,113fd7e5c741b7244b19d63399bccc1d8d5e0b762a52c103b571314ee6676cdd
research-lab/data/sipakmed/raw/im_Parabasal/CROPPED/005_03.bmp,41e7de045b3ce346192c6e1995cf7e468a076091e88c218a35037e63913c764a
research-lab/data/sipakmed/raw/im_Parabasal/CROPPED/005_04.bmp,21838db45f91d75915763b6ba1e651f52831a6b41d468510ff3fa389c8c2ae49
research-lab/data/sipakmed/raw/im_Parabasal/CROPPED/005_05.bmp,f5e37ebebd62302244b60c87d413b6684996da98eef939c989ce99894dda5c52
research-lab/data/sipakmed/raw/im_Parabasal/CROPPED/005_06.bmp,3e9514e51691bfce86fa6c5738ee5df086a15163ba32ea0d775976828305c32e
research-lab/data/sipakmed/raw/im_Parabasal/CROPPED/006_01.bmp,1126cddc3d9540e8061d4ea5f7228e9b90faceafd9380f0a5d5779738fe4ec7f
research-lab/data/sipakmed/raw/im_Parabasal/CROPPED/006_02.bmp,959cf71d326c88ba6706a04aedc0240419e698e2b30191bacc00bbe4bea0b976
research-lab/data/sipakmed/raw/im_Parabasal/CROPPED/006_03.bmp,7cee23647aad170743a4bea6312ba6be3a4470cf10a248113a2f1ce8f45a8392
research-lab/data/sipakmed/raw/im_Parabasal/CROPPED/006_04.bmp,637279d562a73e77beaff759158e23c9baa97ff80698afb67ba149eb4245ec19
research-lab/data/sipakmed/raw/im_Parabasal/CROPPED/006_05.bmp,d634719f69a4f9e5a23c214faad86156a98f73bf7c7253a63d8137f234373ac8
research-lab/data/sipakmed/raw/im_Parabasal/CROPPED/006_06.bmp,1eac7a3d48449363c0815b75a0796add5f8a8e6b23697dbfc9a4bc3b165be6f1
research-lab/data/sipakmed/raw/im_Parabasal/CROPPED/006_07.bmp,d1088882de3e7ce89702bf84ae3469b83747acfeddafd71d644d676a8af47043
research-lab/data/sipakmed/raw/im_Parabasal/CROPPED/006_08.bmp,dd06306c77dc8f020e7c8dded093a5cc0d152b94b0a5ecc52636bd2f956efd14
research-lab/data/sipakmed/raw/im_Parabasal/CROPPED/007_01.bmp,2f24a23095a352e11d148a25b742ec00113bc77d402a5c86c8709dca2a765ddd
research-lab/data/sipakmed/raw/im_Parabasal/CROPPED/008_01.bmp,c5e1d8b2ef7e405ec7f10481d3390e84c76b10b8a578a6eb007078e6cd7beccb
research-lab/data/sipakmed/raw/im_Parabasal/CROPPED/008_02.bmp,c22e54bf7d39f4f749e81e59911006e5508666e1bc24b4b9a7095d305e746cdf
research-lab/data/sipakmed/raw/im_Parabasal/CROPPED/008_03.bmp,441a11db8d4d358dd8a019848a95cb89931e0ea5c80781aa376463f4d68cbef7
research-lab/data/sipakmed/raw/im_Parabasal/CROPPED/008_04.bmp,380a9572fe893a71220e6b561e4189676eef9abf2f02cb827cf933f599a9f141
research-lab/data/sipakmed/raw/im_Parabasal/CROPPED/008_05.bmp,28630b43feaece2f657a6034b15d38161ee2b8e429daa8341f46731d5e214cb4
research-lab/data/sipakmed/raw/im_Parabasal/CROPPED/008_06.bmp,3c0e273d2c570f34ce8fd809bcf4fd1f4e600befa940bc2905dcf86d5d78336f
research-lab/data/sipakmed/raw/im_Parabasal/CROPPED/008_07.bmp,40de1c610dcaee5a8500f37c356df1d8c74d0b78cfa13e332ed7e080333101f9
research-lab/data/sipakmed/raw/im_Parabasal/CROPPED/008_08.bmp,ce46f1ec8ecac5ec8c15da23426560e1d5072669d5ce81c7eb3ba75b99ccd59c
research-lab/data/sipakmed/raw/im_Parabasal/CROPPED/008_09.bmp,d508b79b43e2ae797dcf9eec2012bfb2e78f95ea813b1b3cb6101c2f8fd90142
research-lab/data/sipakmed/raw/im_Parabasal/CROPPED/008_10.bmp,199c6b567bbe686d0244ee112d663cf19666f0c762794807debf8d5b947a954b
research-lab/data/sipakmed/raw/im_Parabasal/CROPPED/008_11.bmp,baee5ee4b22b08376fba81c2d871616396d6f2fb4e98f5f3fb91ca47b7b705d3
research-lab/data/sipakmed/raw/im_Parabasal/CROPPED/009_01.bmp,c2855caf6325e27d18bc747a6bf79a242a0b8ff693bc0b2a68dc0c6579af0417
research-lab/data/sipakmed/raw/im_Parabasal/CROPPED/009_02.bmp,65de6318d5c110ee602802e0800a00dd641ae5c6ffdb2d7834481cb5b0fbe094
research-lab/data/sipakmed/raw/im_Parabasal/CROPPED/009_03.bmp,1fcd1853d7210c444f7aa8309ac4978d6a1d7e69f6a99d35852fdb1dd610b777
research-lab/data/sipakmed/raw/im_Parabasal/CROPPED/009_04.bmp,904a4a9014d123762a44e23f5b1abfa00271670993eccfb5996960e34d73d082
research-lab/data/sipakmed/raw/im_Parabasal/CROPPED/009_05.bmp,cae6c4018df5c6f2dc61987956f6c790487bc4da62a9bc67212e57c089fc55a3
research-lab/data/sipakmed/raw/im_Parabasal/CROPPED/009_06.bmp,c77f27da828d010fb93ababbd8dbc822878e78e3f283c42d5c66a02712d480f8
research-lab/data/sipakmed/raw/im_Parabasal/CROPPED/010_01.bmp,97a2d8cca37105f8662fa689abb08fc1baa7c998cd4349fe5602a3783f9665dd
research-lab/data/sipakmed/raw/im_Parabasal/CROPPED/010_02.bmp,4ae63472b03cc858d28a7813dbfcfd2ab55d97381f26c0aad5d287ffcdb2778c
research-lab/data/sipakmed/raw/im_Parabasal/CROPPED/010_03.bmp,1f25809074eb92f85b8eb651761e79a45c2e47e585cff1389a13952b4f4d38c9
research-lab/data/sipakmed/raw/im_Parabasal/CROPPED/010_04.bmp,e8f780c78c1711ef88ead5ff7b435a428cfafbc85cc7b585db7ab211e3dc3183
research-lab/data/sipakmed/raw/im_Parabasal/CROPPED/010_05.bmp,01a8eafb69bd0bd84ff3b2ec213307004d788bbcaf7f39248106379c0e3526ea
research-lab/data/sipakmed/raw/im_Parabasal/CROPPED/010_06.bmp,896c7ea41d60bd04765dc36efbec0c9747adf186b07baeabb857942491ba99b5
research-lab/data/sipakmed/raw/im_Parabasal/CROPPED/010_07.bmp,02988d488b8b986d4d1bbc66ff623056368dde2b75416562c96d8d6b86f089f3
research-lab/data/sipakmed/raw/im_Parabasal/CROPPED/010_08.bmp,0ca06e9284dcb7ea932e62c9b0d9828204bb7cc2ed494da2bc2df22c1134ce94
research-lab/data/sipakmed/raw/im_Parabasal/CROPPED/010_09.bmp,7ac00335103713e1eadf69d558dc59e3546cbdff5de9165f5c72a87ef70ca7a4
research-lab/data/sipakmed/raw/im_Parabasal/CROPPED/010_10.bmp,090e4048b489418c6dfc105bc927403de40eac565015f80a2836a0311cd89b4e
research-lab/data/sipakmed/raw/im_Parabasal/CROPPED/011_01.bmp,f7b5b86d5b8379918091c8b02a0f3fd1837f0fad17e1ce43db6c89736b3456bb
research-lab/data/sipakmed/raw/im_Parabasal/CROPPED/011_02.bmp,f13057839530fb7750f0a1281590b35dfe1ac4113801bf3cd553663217c7658b
research-lab/data/sipakmed/raw/im_Parabasal/CROPPED/011_03.bmp,1fdb26d9bba8fe47c1436d1b90a98467d4ac0e2bab8c737972c35777e0164742
research-lab/data/sipakmed/raw/im_Parabasal/CROPPED/011_04.bmp,6f347ec3138bbc1008595b44fdab781056cf97dff52ec8305dfc2996914dc441
research-lab/data/sipakmed/raw/im_Parabasal/CROPPED/011_05.bmp,f2041399b00144199cbea5ed77ff02771fd7e3decd958124e5acd284df36e6b7
research-lab/data/sipakmed/raw/im_Parabasal/CROPPED/011_06.bmp,3c5c2d5e9a82d4f0fceaf7b5e71ffd9b9fcfbe64e31e79f789347c5f6193e38d
research-lab/data/sipakmed/raw/im_Parabasal/CROPPED/011_07.bmp,42eefc998530a57e6187c24102a688c5ee3c318546afc6a4e26709a62169609b
research-lab/data/sipakmed/raw/im_Parabasal/CROPPED/011_08.bmp,e925ae040a54c521cf3989caec4fb60bf8361c6b247de2b8d34dea94b37626ba
research-lab/data/sipakmed/raw/im_Parabasal/CROPPED/011_09.bmp,b2abda2b284452d4265852a7e0d9e0b437df69a1d88a0d0656b2140d1918b32c
research-lab/data/sipakmed/raw/im_Parabasal/CROPPED/011_10.bmp,97503410dc70044f5cc2b71d3aeb4f3e65796d0b4014a17ac1d0e8956416ebf7
research-lab/data/sipakmed/raw/im_Parabasal/CROPPED/011_11.bmp,242f110cca18b9839825543c34317f845abcbe83cfe75d1a19a186f059379d15
research-lab/data/sipakmed/raw/im_Parabasal/CROPPED/011_12.bmp,818416174a17bd8d2d2686a37ea2f911f1f4cbbee4c77dd87de355e909720741
research-lab/data/sipakmed/raw/im_Parabasal/CROPPED/011_13.bmp,4c32a8bf1cf2ea10cad072a6c0952c666330442fef83696dbbba6f90316d5e75
research-lab/data/sipakmed/raw/im_Parabasal/CROPPED/012_01.bmp,9baf7da2348a3e726ae6d857775aa49e7b3cce0fa050741fd7016cfd14a62ef8
research-lab/data/sipakmed/raw/im_Parabasal/CROPPED/012_02.bmp,c81fe21ee7e07ea81a06d6d66d963ca0e2605da4eb3285baec63a8e36b5d4a9f
research-lab/data/sipakmed/raw/im_Parabasal/CROPPED/012_03.bmp,83156f782263c43114f26232f678458a12ce1219f7a2f0b4a7e729fb7552bf7a
research-lab/data/sipakmed/raw/im_Parabasal/CROPPED/012_04.bmp,1fa412b4ff311df08608ea4d27a45345cf47a3d426a9428a5d1476b355655784
research-lab/data/sipakmed/raw/im_Parabasal/CROPPED/012_05.bmp,99e5b49796096499c2093e422ac75c5515952651f7c7c16c3610ef114499067e
research-lab/data/sipakmed/raw/im_Parabasal/CROPPED/012_06.bmp,b874b823e2bdb27f562fcdd867cf788919e56b7332362ee48fb504523ad44e60
research-lab/data/sipakmed/raw/im_Parabasal/CROPPED/012_07.bmp,d68278de26085905e4f13ba07e539a904467140c7dec75c0fa5378cd7c727252
research-lab/data/sipakmed/raw/im_Parabasal/CROPPED/013_01.bmp,f3dd8383227dbccdc0e9f4ff52eea85f73a8218fca5854583dee0cb49f96d69d
research-lab/data/sipakmed/raw/im_Parabasal/CROPPED/013_02.bmp,6c65abbafe2ea23f5afa213fea9fa3bcef9105ad95e0bc359cad19a0d44fa8a1
research-lab/data/sipakmed/raw/im_Parabasal/CROPPED/013_03.bmp,66e0d37c49338218b15a946c8f52451cb136fc38f426cc5625197301561e88bc
research-lab/data/sipakmed/raw/im_Parabasal/CROPPED/014_01.bmp,9e7256d771e3ee8810efe95c7e14a289bdadb9347353f8b1a645bd2e1770d18d
research-lab/data/sipakmed/raw/im_Parabasal/CROPPED/014_02.bmp,17325a0a04aad110276cbcafc8c9cab35783b2f7c35c07616725d458c2371720
research-lab/data/sipakmed/raw/im_Parabasal/CROPPED/014_03.bmp,dc226fa4174d6a0e9ed6a38b49c0b57eee03a74a9079e4be210d134751892085
research-lab/data/sipakmed/raw/im_Parabasal/CROPPED/014_04.bmp,fd06c43db37aceb53b6243cbd29800c5a3fe70f1836957d74107d8f280d5ff56
research-lab/data/sipakmed/raw/im_Parabasal/CROPPED/014_05.bmp,37862459047f8cc20dd01f6880efbae4cebf9b81c6b4ce2d6781b093bc193917
research-lab/data/sipakmed/raw/im_Parabasal/CROPPED/014_06.bmp,fd2f98c8c92994dfcdb613590b6506be21a68d94d5353ca4a249595cd0c94ff5
research-lab/data/sipakmed/raw/im_Parabasal/CROPPED/014_07.bmp,062f17c021cb25bf7c5bf2f395f5e6417a1e813057a1a1598c1c059f64b860f1
research-lab/data/sipakmed/raw/im_Parabasal/CROPPED/014_08.bmp,824c929b16d2c9be8ffb9738ddc782bb122f5634b55bd5b08206a776fc08291f
research-lab/data/sipakmed/raw/im_Parabasal/CROPPED/014_09.bmp,fbfbee63f9b9d38d1f2078f225fe49dcaa45efef879eb76af27ee76f0fc08943
research-lab/data/sipakmed/raw/im_Parabasal/CROPPED/014_10.bmp,69e9eab2c3b09798f25947912f4ab0a1f386e5fffc5bc210d6b4612903f30c83
research-lab/data/sipakmed/raw/im_Parabasal/CROPPED/015_01.bmp,9c4219e6869530088928c13ea387d7abf537abd069309cfad0fcb4ba042e8715
research-lab/data/sipakmed/raw/im_Parabasal/CROPPED/015_02.bmp,e9a5c54144235e264c675312c27b7d154df35666bbdd59e1e51c2e8467f923dd
research-lab/data/sipakmed/raw/im_Parabasal/CROPPED/015_03.bmp,24808490063d0b14e29f9118d839ba573db73c9c802bdcfa37099a0df417b58c
research-lab/data/sipakmed/raw/im_Parabasal/CROPPED/015_04.bmp,fc9982f4a50eed28815c5da1974a6868efeabb9ff603a3561809a4efb6a95771
research-lab/data/sipakmed/raw/im_Parabasal/CROPPED/015_05.bmp,be8463305ee8dded217ccee48ce6f1b135a1d05f2033e451cf61fe7ebca18b59
research-lab/data/sipakmed/raw/im_Parabasal/CROPPED/015_06.bmp,09ef70f0c7bcbe361142244cd208e4589126f086515fbffd6df6d5c649434402
research-lab/data/sipakmed/raw/im_Parabasal/CROPPED/016_01.bmp,52032af293ed3b155fcfc6f3cdc70bdb967b3d60d347aa8b92793d996c90e2ba
research-lab/data/sipakmed/raw/im_Parabasal/CROPPED/016_02.bmp,a6487b6cf7a4598f0a0b7d1119d73310ba1e96b88f9990eb21b3a5662de2be55
research-lab/data/sipakmed/raw/im_Parabasal/CROPPED/016_03.bmp,95a934f6f94b9d279f366182ee9ac9efcb20d7f9fdec32a13e8f13187df8bcac
research-lab/data/sipakmed/raw/im_Parabasal/CROPPED/016_04.bmp,c1fdeb96a81d65855576ef4dca49e6c7fe252b64c4546c48b06fb56b9c27e818
research-lab/data/sipakmed/raw/im_Parabasal/CROPPED/016_05.bmp,403d55b2e9f0ef579f7d0d3e02817e79d18fb5f56267060de45cf377d90cd61a
research-lab/data/sipakmed/raw/im_Parabasal/CROPPED/016_06.bmp,6c3d09b9e261e44d613412525d08a51fc9cbaec6080920a69e6d5b475a539887
research-lab/data/sipakmed/raw/im_Parabasal/CROPPED/016_07.bmp,65062cc4e8c95b9098c3df0da6240e7cb1f1d83010603ca6e06927402b93ce35
research-lab/data/sipakmed/raw/im_Parabasal/CROPPED/016_08.bmp,7ea5dc41bee9b548bfb7a252eee6832af2a6bb915be33528ea07c6ecb311fdbd
research-lab/data/sipakmed/raw/im_Parabasal/CROPPED/016_09.bmp,0de2540a50f8457cbe5860737c97599de805890130d010657f61509084516b15
research-lab/data/sipakmed/raw/im_Parabasal/CROPPED/016_10.bmp,79f802fb3a5564c471a27de5eec2255b6f0f415b2bf149bbe19959ca2455d243
research-lab/data/sipakmed/raw/im_Parabasal/CROPPED/016_11.bmp,289e68db4d33b003fd176c58ea1d9ced3753a2b113bc239406b9a3e44928a527
research-lab/data/sipakmed/raw/im_Parabasal/CROPPED/016_12.bmp,ac0b569a415b8783520eee8a80eaa2c8bc58c60f7c75b3a7f1b4866f88d9d38b
research-lab/data/sipakmed/raw/im_Parabasal/CROPPED/017_01.bmp,e768bb5e5b55e0641925bf5f794024fdbcc6f1ab633a827c76dbd4d3bd801c6c
research-lab/data/sipakmed/raw/im_Parabasal/CROPPED/017_02.bmp,92f2ea1e022d82b52d330c1037fde53f0c11abbf0c0830e241d37821ba14ad02
research-lab/data/sipakmed/raw/im_Parabasal/CROPPED/018_01.bmp,9d8a4f716244b8e8a3d2a15f9d32a9214990953e77b433bbcdd27cc9da8cb876
research-lab/data/sipakmed/raw/im_Parabasal/CROPPED/018_02.bmp,b52dfa1b4bba284c968db0943ae6e807b7c881dac87f8902a1e9707f49a0623e
research-lab/data/sipakmed/raw/im_Parabasal/CROPPED/018_03.bmp,35c467c78ea13e58fa7c7ae7e62198a81ce19c7502cdbb8da317afd866479d96
research-lab/data/sipakmed/raw/im_Parabasal/CROPPED/018_04.bmp,3abc812c449a908705b2b912f6fca30394d5433709c3a0c69d8a0564e92bba28
research-lab/data/sipakmed/raw/im_Parabasal/CROPPED/018_05.bmp,17ff5b66b9b7c9d7fa8e2a02849e73f67091b6a2f61f204f57fabd0407740bc2
research-lab/data/sipakmed/raw/im_Parabasal/CROPPED/018_06.bmp,e46d535b338d4eb7a0c36dfd6a5ec6701a985feb6a969d027b684a0a85ab16a9
research-lab/data/sipakmed/raw/im_Parabasal/CROPPED/019_01.bmp,d28891dce084657c4ea33ec6885b9190d309a73d668755c24277dabdeee19fe5
research-lab/data/sipakmed/raw/im_Parabasal/CROPPED/019_02.bmp,442dc9b58e025ace758bcd982108d2c98dfec324977fdf0e1a0614ae4dccb0b2
research-lab/data/sipakmed/raw/im_Parabasal/CROPPED/019_03.bmp,66fcc42a536b0bf5f4ac11749abdcc806cab7b257b9bb90509f23f2a3ac1a6d2
research-lab/data/sipakmed/raw/im_Parabasal/CROPPED/019_04.bmp,542f6232ac707afadfe94d7a5081c9994a20f77e1fc6adaf60c1e5f62da7db7a
research-lab/data/sipakmed/raw/im_Parabasal/CROPPED/019_05.bmp,8730fcf8044159f335967caf492cf5c48e7acb2d113b6910a1eee6385ef5134b
research-lab/data/sipakmed/raw/im_Parabasal/CROPPED/019_06.bmp,e26633f52873965d8a2629816f08edaa4423b8749bebd94fcdebe8cf2b24f2c9
research-lab/data/sipakmed/raw/im_Parabasal/CROPPED/019_07.bmp,2d3d7d3c84f8f334884e168365175fe8eb384b95278b079cd97038844dce5126
research-lab/data/sipakmed/raw/im_Parabasal/CROPPED/019_08.bmp,753915c4767be761b4c5f4b734680f9760a573d882dc9976dc52860d0adbd582
research-lab/data/sipakmed/raw/im_Parabasal/CROPPED/019_09.bmp,95c5935e2abe9456433f26a75fc50d455c38ce65895b688aa13013bf19bf819b
research-lab/data/sipakmed/raw/im_Parabasal/CROPPED/019_10.bmp,94419982dcd46edd4454993648e20f77e7dfefeda25b46d7a38a9395c860e790
research-lab/data/sipakmed/raw/im_Parabasal/CROPPED/019_11.bmp,266aadd2468b6059ef6c403f5526a8584199e634d82af42cf59025b350ff31fd
research-lab/data/sipakmed/raw/im_Parabasal/CROPPED/020_01.bmp,1eaef4ae7111279b582a07a5adc8b57f8096873d125289edb27910c743dc91a2
research-lab/data/sipakmed/raw/im_Parabasal/CROPPED/020_02.bmp,63170c707b58070a9e529eb498a90177fd18d00994859d5f3f90f479e479461a
research-lab/data/sipakmed/raw/im_Parabasal/CROPPED/020_03.bmp,d48f2b4d1835862862a56ba7b3df5ae4e80f308620ffd212f6768dcf49f5dc7f
research-lab/data/sipakmed/raw/im_Parabasal/CROPPED/020_04.bmp,5d4e0a53a708230c0ab7e9752554b1ae91f8304d6e72d65b9061798d8d862480
research-lab/data/sipakmed/raw/im_Parabasal/CROPPED/020_05.bmp,8c0efb1bfe457b013066543e8841474df0be3b730499abaee4edf1b6786a7221
research-lab/data/sipakmed/raw/im_Parabasal/CROPPED/021_01.bmp,68533da7fe9b536dcb12eb1a888313eb17c1a7cea75705bee5819a12d199863f
research-lab/data/sipakmed/raw/im_Parabasal/CROPPED/021_02.bmp,48b4573201198c9122687d090c9749a9b892da9fc313fa853522120539409144
research-lab/data/sipakmed/raw/im_Parabasal/CROPPED/021_03.bmp,2bcd04e30c517286d8a0cf4c514807f7f106b9a4fe128973546ee3596591055f
research-lab/data/sipakmed/raw/im_Parabasal/CROPPED/021_04.bmp,52a931d8f6d3546111785026b8bf6b37ab6b9454052978ba1734f070f8b59b46
research-lab/data/sipakmed/raw/im_Parabasal/CROPPED/021_05.bmp,8c46beab0bf2685f97d54a1ae6e740f3b08c14b711e47af30d58e183f6637786
research-lab/data/sipakmed/raw/im_Parabasal/CROPPED/021_06.bmp,49074ec28941c255dd22e4d6c4ea0de1bd02d0abc12000036bafbb1d7cd662f7
research-lab/data/sipakmed/raw/im_Parabasal/CROPPED/021_07.bmp,075bac9f1cf3fe101cf6de71f2ab15d9b93bc95df3e415da6dd2891fbc8efafd
research-lab/data/sipakmed/raw/im_Parabasal/CROPPED/021_08.bmp,417ccbccc9c5da4afe6f7fbdc05cce8fdec42df356ece5259449827ee589269d
research-lab/data/sipakmed/raw/im_Parabasal/CROPPED/022_01.bmp,7ebce99fc4586a2a5468342fbb7bf62058ba5fbb2b6ee3441cb50136c73ce7df
research-lab/data/sipakmed/raw/im_Parabasal/CROPPED/022_02.bmp,4e6b0fecaa41ef42fecbaf306c686f87a99a76b3b9cabf203af8ef68c625cd99
research-lab/data/sipakmed/raw/im_Parabasal/CROPPED/022_03.bmp,c3a2d0b0abb585766734a20d4b3a37b863b034d223989f326400f6e28845c114
research-lab/data/sipakmed/raw/im_Parabasal/CROPPED/022_04.bmp,8658274ca8bf46422f69a32222906fac56d1b4e31eff985909d9a0b9148f4524
research-lab/data/sipakmed/raw/im_Parabasal/CROPPED/022_05.bmp,aa6b2fbf1ffd42fc850eebb78ca9756c4072746d4a81fa2f39f06de3beece926
research-lab/data/sipakmed/raw/im_Parabasal/CROPPED/022_06.bmp,ee8965ea114d236564b4195f3703ffd52f89889d2cec9726557849ea077ef6ed
research-lab/data/sipakmed/raw/im_Parabasal/CROPPED/022_07.bmp,c42748d090659f7098af8c5c0ed9c572b7b1c2f9f1be3d73e02cf0e5b583f9a4
research-lab/data/sipakmed/raw/im_Parabasal/CROPPED/022_08.bmp,76bf19477170e4d5d335f7e3a4684baf931044ee7e1e25f075e819e8c9704d21
research-lab/data/sipakmed/raw/im_Parabasal/CROPPED/022_09.bmp,afa434d108f88bfc6b3e0a32a4186c351ec70061793f713b86cf9400229a1bcf
research-lab/data/sipakmed/raw/im_Parabasal/CROPPED/023_01.bmp,8707a5fccc005f8e8a7b5998ad70145efce9d3e69c649412cde1e1f24bdfb69e
research-lab/data/sipakmed/raw/im_Parabasal/CROPPED/023_02.bmp,f2e772f1ae75c8f372d529fc891fcfc3fc15a45b3c7c08db453a7fd673f732ca
research-lab/data/sipakmed/raw/im_Parabasal/CROPPED/023_03.bmp,0340095a796d023564f8da7844115fb6c07abaa5addff774cbc8785a2ff47b67
research-lab/data/sipakmed/raw/im_Parabasal/CROPPED/023_04.bmp,fccc4c44c23d40d1a35ace21ac39579595cd3786e1f07a17678084f7035034cb
research-lab/data/sipakmed/raw/im_Parabasal/CROPPED/024_01.bmp,1050410333a0560b38aff7a421b5be8a5fc30a8c42528cd8d5548791b7e91f47
research-lab/data/sipakmed/raw/im_Parabasal/CROPPED/024_02.bmp,e23277f80512b33e4bc525cfc15e10f651c1574fb3c6f81139e7b5357b4ba98a
research-lab/data/sipakmed/raw/im_Parabasal/CROPPED/024_03.bmp,af6b04dbc2c25476469aac6acd18a6eec7121c20679eb5c8f3096a8c3e014f0d
research-lab/data/sipakmed/raw/im_Parabasal/CROPPED/024_04.bmp,77ad64f584c8d2ba633bc43bfe071fe80426e754a6bf61e24450f5f7bebc106c
research-lab/data/sipakmed/raw/im_Parabasal/CROPPED/024_05.bmp,68604b7e5423ffd26a5e92216ea1ecf3a6372f08bbaadc5eedaed820b4546381
research-lab/data/sipakmed/raw/im_Parabasal/CROPPED/025_01.bmp,4ed499a66435a71e72cf68aba393155c08fd9987735de64de66a40217dfc53f5
research-lab/data/sipakmed/raw/im_Parabasal/CROPPED/025_02.bmp,af1766d5438c99a59e08bfbea7a3731b11499dbf13867f4bd0161fea7b84bb96
research-lab/data/sipakmed/raw/im_Parabasal/CROPPED/025_03.bmp,958078c74ed8de5f90b336328960dc01aa48f5b6f4c914269b22d7c7a9297d50
research-lab/data/sipakmed/raw/im_Parabasal/CROPPED/025_04.bmp,f19398466325154afcc02aa2fc756a0df2daccceaad832c3371440e407cb3b2a
research-lab/data/sipakmed/raw/im_Parabasal/CROPPED/025_05.bmp,e270abac3a6b23d1baa40bd05aba0c9d5d65f43995aeb8e9c956d9a6905106d3
research-lab/data/sipakmed/raw/im_Parabasal/CROPPED/025_06.bmp,bb0944f8c9297c12a2ccbec959a01075392b6986affa3e66df783dd539502023
research-lab/data/sipakmed/raw/im_Parabasal/CROPPED/026_01.bmp,5bbf5746b106af825c721fa2d4c419e4bf1bae2782f19d70ae8a1aa1940f0dd6
research-lab/data/sipakmed/raw/im_Parabasal/CROPPED/026_02.bmp,a029bd759adc3f0159487fde3bcd7027b9f1963fc4c629e3c18cae67972679c3
research-lab/data/sipakmed/raw/im_Parabasal/CROPPED/026_03.bmp,d2196761dd7c06592858517e9081f418161780d746f29935cfcce5f8809edcb0
research-lab/data/sipakmed/raw/im_Parabasal/CROPPED/026_04.bmp,3e4af7feae3300ec49d638d6ea9659de0039861df68586bc02cd4633dfafc257
research-lab/data/sipakmed/raw/im_Parabasal/CROPPED/026_05.bmp,4eae900403751b5d843b0e6173de9ac7c78ebb75ba7ccadaf68921fe4057cba0
research-lab/data/sipakmed/raw/im_Parabasal/CROPPED/026_06.bmp,692a02059243c33833153449711ad5ff2104432f78d7e3d9d4f98a878e448247
research-lab/data/sipakmed/raw/im_Parabasal/CROPPED/026_07.bmp,c2feaf4e6e7041c36e105eee7f036d25c3fddcd4db16b4f87a944aba07161883
research-lab/data/sipakmed/raw/im_Parabasal/CROPPED/027_01.bmp,5f0f50f6f9bb6b5cb9518554fbd6e2f657868ad386a6c4fd83191cef14adbdf8
research-lab/data/sipakmed/raw/im_Parabasal/CROPPED/027_02.bmp,db27f0ceb901a2cf18d8b278e78bda771f7bcdd80092c1f15df36212cea6e7e0
research-lab/data/sipakmed/raw/im_Parabasal/CROPPED/027_03.bmp,b7506c6729e634e8be319d49a21ca3a16b0daccd7a92362678acfaa1009e9c5a
research-lab/data/sipakmed/raw/im_Parabasal/CROPPED/027_04.bmp,5b8c49b3926a5bfcf7b4a87c0bb3f8ab2c53784f3a97d2c20d800e4af721f725
research-lab/data/sipakmed/raw/im_Parabasal/CROPPED/027_05.bmp,59ece63eee9a7806eaa9924eb5586468087c6972b5ae86f0243be77494cbd08f
research-lab/data/sipakmed/raw/im_Parabasal/CROPPED/027_06.bmp,78419adeb35f62058449ae6f089cb0298a1de847e2f9e87387bbcfffaaf9364c
research-lab/data/sipakmed/raw/im_Parabasal/CROPPED/027_07.bmp,500373e031476560187c5cf203eaf944f1e35a8525934aa8061b74a0070f0869
research-lab/data/sipakmed/raw/im_Parabasal/CROPPED/027_08.bmp,0b270028d7e23e5554584f281ec35cf95d8fae6d0d470e042d661b3cb95da2d9
research-lab/data/sipakmed/raw/im_Parabasal/CROPPED/028_01.bmp,a12c4c28bc90c56e83a9b7d3bd7305eabb7475405eaba9f17e7641eacd117106
research-lab/data/sipakmed/raw/im_Parabasal/CROPPED/028_02.bmp,f5e7b33c295fe230b4541af919565fca8ce5cd1c73bba588cd4f593c6177253e
research-lab/data/sipakmed/raw/im_Parabasal/CROPPED/028_03.bmp,bb026980efbb91e7239b7bc1473b70be41b9f91fdf8494065b6012104b063d7d
research-lab/data/sipakmed/raw/im_Parabasal/CROPPED/028_04.bmp,999521feb949908dd94c5bd7055a37e675a9a4c7269f77a575e8e67789c1c06c
research-lab/data/sipakmed/raw/im_Parabasal/CROPPED/028_05.bmp,401aa22bd01bceb1b8478d2ec361032bbbdd4826f40439dc8391b5f8ee087784
research-lab/data/sipakmed/raw/im_Parabasal/CROPPED/028_06.bmp,dcf577a5f5fbc24b476565a0a458bc44c81295dda7f92518787721d383af1c8f
research-lab/data/sipakmed/raw/im_Parabasal/CROPPED/028_07.bmp,6595862778c48c51bc9e5915e092185f5c4807f6cac0f2df4229038e5f3d58bd
research-lab/data/sipakmed/raw/im_Parabasal/CROPPED/028_08.bmp,b7bd191a68f1a2aa6032679d09a5dfc4565ec64c31e803065053463296ab73c4
research-lab/data/sipakmed/raw/im_Parabasal/CROPPED/029_01.bmp,3440db6f1bd502b85e29578e16c8c1298da8adae11b43bbcfb69928405d9c386
research-lab/data/sipakmed/raw/im_Parabasal/CROPPED/029_02.bmp,740df5a4c36e2ae00b9b508ba765dca92fa51dc153cd70933b46f3d3a57fd613
research-lab/data/sipakmed/raw/im_Parabasal/CROPPED/029_03.bmp,279e546102ecdb473724f4cb1fc020392a2dec429b2f4f768476908166d46e3e
research-lab/data/sipakmed/raw/im_Parabasal/CROPPED/029_04.bmp,69fdc4494692fd6bc9f6504acb7feba49014210a1a1ccf1d4060ed44d2d78bb6
research-lab/data/sipakmed/raw/im_Parabasal/CROPPED/029_05.bmp,e3c22a0153455e8d55ae30ec91f3ae3704d81043c5ef3c9e63307ab64af338ae
research-lab/data/sipakmed/raw/im_Parabasal/CROPPED/030_01.bmp,e0500d2f20d46a690e93fa28dee31e2d2d51a8b55e94487c6aa7c13e62a33303
research-lab/data/sipakmed/raw/im_Parabasal/CROPPED/030_02.bmp,0a61207edc565740d080fe6e2b879a1aaaa67c36ee0537c6cb8651e9f8445598
research-lab/data/sipakmed/raw/im_Parabasal/CROPPED/030_03.bmp,b9eb0ee5630b43fa15694bc1eace6117614abb0ff6e0ff47052619ebd0b3302c
research-lab/data/sipakmed/raw/im_Parabasal/CROPPED/030_04.bmp,520d20f5085d599cfacaf9e4f17a8d4760eac1f29ff8df4d8e62136bd43d9ca3
research-lab/data/sipakmed/raw/im_Parabasal/CROPPED/031_01.bmp,b671ce8aa8104797adf71c1a57fcec10786453f2221dec091870e00aa1611a14
research-lab/data/sipakmed/raw/im_Parabasal/CROPPED/031_02.bmp,1b786fadbf41ee3c28b9ca3195b2e0962a9fd6f3a7fe4fd191a888bc5b6b7b93
research-lab/data/sipakmed/raw/im_Parabasal/CROPPED/031_03.bmp,dffee3bfb204fef849110dbe475bd8992dcb440d54130ca864bb5ef4b4fa3da6
research-lab/data/sipakmed/raw/im_Parabasal/CROPPED/031_04.bmp,846f9cd335242b132808280cc5e144815e2041073e1dabec634f84f6d7f1ae66
research-lab/data/sipakmed/raw/im_Parabasal/CROPPED/031_05.bmp,73c3caf9bc5806ed624b884a24c3cf25fcf238427df2857a50e053b8e7af9fbe
research-lab/data/sipakmed/raw/im_Parabasal/CROPPED/031_06.bmp,cfa88304a6126f4e72b883ed8baa50d110a55b32cedccaaf7cba0e5fb8dcfed9
research-lab/data/sipakmed/raw/im_Parabasal/CROPPED/031_07.bmp,b6d86d3d99ce53c287ba366fff77ddfc46814b1ba31b7844d1ae65c701b677dd
research-lab/data/sipakmed/raw/im_Parabasal/CROPPED/031_08.bmp,253d00bca0cf98420cd82a39e41167f386bcc7d0a95ca9145004a60798b6ff4e
research-lab/data/sipakmed/raw/im_Parabasal/CROPPED/031_09.bmp,6b1cc943ae07010a0484eba70dd496ae92b15b1ef720b3a0afe2a69055006612
research-lab/data/sipakmed/raw/im_Parabasal/CROPPED/032_01.bmp,79d0d0db30ca9277b13c5a5581abaac07737ee7f0697cbffa5caa6400ff2ed5c
research-lab/data/sipakmed/raw/im_Parabasal/CROPPED/032_02.bmp,2d1b68ac2b440b147d37f246fbc6697d8b7e27daff5ef7e74b55eda8730f3820
research-lab/data/sipakmed/raw/im_Parabasal/CROPPED/032_03.bmp,12c768f1489839dccfd52623426e3d54556241588711b245ebbc28e92506741c
research-lab/data/sipakmed/raw/im_Parabasal/CROPPED/032_04.bmp,8c01d8252ba03791ff31e1995c6cca2579001c94770715be91e10ee5e285c2d5
research-lab/data/sipakmed/raw/im_Parabasal/CROPPED/032_05.bmp,b1e07e376fc1d742d99cb9e6f820315002d5468beb74338bc7865e47140cf81d
research-lab/data/sipakmed/raw/im_Parabasal/CROPPED/032_06.bmp,fe4c5b707e7bd3b85acdfaeacc7ed3f8094e700bec1e93ecb549046d05947a0c
research-lab/data/sipakmed/raw/im_Parabasal/CROPPED/032_07.bmp,5308793e9f8cd58d882d338377a2ae49a63510b9fb22aeabf258f96ac63669a4
research-lab/data/sipakmed/raw/im_Parabasal/CROPPED/032_08.bmp,3b7d92d47229ab12db6f1aab61d701d74318754f2fe30497b2e21a2f64ef4e3e
research-lab/data/sipakmed/raw/im_Parabasal/CROPPED/032_09.bmp,cb57eda65f068bad7168f022e85a6491dde4037f4ec87ae60888a71ce2901170
research-lab/data/sipakmed/raw/im_Parabasal/CROPPED/033_01.bmp,6e435869bc84f57c68c1ed08bc09a866916ed832c7251ff484a937605abe3247
research-lab/data/sipakmed/raw/im_Parabasal/CROPPED/033_02.bmp,90fcc4b1c63aaa291a70cdd5d5ec0b05bf8f3c68e930dffa34d6db4815d85b84
research-lab/data/sipakmed/raw/im_Parabasal/CROPPED/033_03.bmp,28abb1ca4009dd6495ce9a77e292a9875cc3862979dd97e493c361e139cab9ee
research-lab/data/sipakmed/raw/im_Parabasal/CROPPED/034_01.bmp,16a79a47b6be9853c61bf226c773bc635fe36c3c7465032cedfc22dfd81e8e84
research-lab/data/sipakmed/raw/im_Parabasal/CROPPED/034_02.bmp,2aedba5b5c1a543642ae0362967749175361189db0da88662de598efa2fa6949
research-lab/data/sipakmed/raw/im_Parabasal/CROPPED/034_03.bmp,3d6d451dfc2877fd5f897cad24274d437ce212b653e6e5a1495558f0ef4c6e4b
research-lab/data/sipakmed/raw/im_Parabasal/CROPPED/034_04.bmp,3c4e483337da8fc192d06cd1febb24f7943fc9c6762d2a8261f6efa77c65b79f
research-lab/data/sipakmed/raw/im_Parabasal/CROPPED/034_05.bmp,5e08043cbcb67651c37b9e9ef19a9c9a0a0e882e98c1abbfeda7b36236f7e241
research-lab/data/sipakmed/raw/im_Parabasal/CROPPED/034_06.bmp,bafc9a85ab87f10563f8ce40374598d6fde24c4f37379790b707e304dd7a15e6
research-lab/data/sipakmed/raw/im_Parabasal/CROPPED/034_07.bmp,ba0428ce59ad4362fb3697e7723677e45b0dc491cd76ce4145dcc28ad03b8a7a
research-lab/data/sipakmed/raw/im_Parabasal/CROPPED/035_01.bmp,553689a8cbd6876d150c4685803553c5b5c8fbab0cd9e70da11949e4b83c2787
research-lab/data/sipakmed/raw/im_Parabasal/CROPPED/035_02.bmp,0c69541357620e7114b2ecf359854bf5676fe26de7acd6cec26ea6c7cf0f0e77
research-lab/data/sipakmed/raw/im_Parabasal/CROPPED/035_03.bmp,890eca732c04734a5b918ccdc833fe2b27e6070f3c378cd4e01e72c39b93bdec
research-lab/data/sipakmed/raw/im_Parabasal/CROPPED/036_01.bmp,3526df29090a7f1d956c274d6da6e6d16ae795d717817d96e5603f0f869f9377
research-lab/data/sipakmed/raw/im_Parabasal/CROPPED/036_02.bmp,56f61e497e5145e925a47893499f050dfa6a8db4de921ee2ac42570c37e1a375
research-lab/data/sipakmed/raw/im_Parabasal/CROPPED/036_03.bmp,5af3153c249d8113fe414d1efe5617679f6ed0cf5c75f53ea6d8c5443354e1d9
research-lab/data/sipakmed/raw/im_Parabasal/CROPPED/036_04.bmp,469cae1e04450014cde3afd5950ff4fdb90c641b726cdee8da1b2657abaaaa5d
research-lab/data/sipakmed/raw/im_Parabasal/CROPPED/037_01.bmp,e837f853c0b7be6a2dd273f9c48f10f4d097b764b7c458aa7a35755f8200d8f4
research-lab/data/sipakmed/raw/im_Parabasal/CROPPED/037_02.bmp,e6478da6f16967469f3d3e0e42108920a68e676735d02fc1852ae389e31ac340
research-lab/data/sipakmed/raw/im_Parabasal/CROPPED/037_03.bmp,4851f74c202addbcae9be24218a464e2fa9d7e6c1f21eb5f862bf020e5e97ef8
research-lab/data/sipakmed/raw/im_Parabasal/CROPPED/037_04.bmp,682e9eea9143025761c89535b777b25688e7b78f5ba983c23bcef7f29dc493ff
research-lab/data/sipakmed/raw/im_Parabasal/CROPPED/037_05.bmp,f22bcaf5daaf894606ca37bf039440325c49d8e34d2e1ae96421546682387d0f
research-lab/data/sipakmed/raw/im_Parabasal/CROPPED/037_06.bmp,4d5c7c2209251005f5124729abd063d8349cb547c5db8ee333978d8115d77595
research-lab/data/sipakmed/raw/im_Parabasal/CROPPED/037_07.bmp,90a48a8813bb2bbf0250753a5d8338c695dbc277e746d2803295e72591c2996f
research-lab/data/sipakmed/raw/im_Parabasal/CROPPED/038_01.bmp,87e14406be4b01107a218de00a99f0d114532014da449b6abab471e887cf8293
research-lab/data/sipakmed/raw/im_Parabasal/CROPPED/038_02.bmp,0f6cc125abda8034c91f07f711c4b7616b86db8ec6cf8f7a6fc83ee0355f2d99
research-lab/data/sipakmed/raw/im_Parabasal/CROPPED/038_03.bmp,6a4947ea88a254e9a8e54407f2302628b9841cfd1679fe7274f5231a6a4648d1
research-lab/data/sipakmed/raw/im_Parabasal/CROPPED/038_04.bmp,af0e1c61be4cdc6845805c9153501ca7d74944353bd81e69bfbb48408d129be6
research-lab/data/sipakmed/raw/im_Parabasal/CROPPED/038_05.bmp,acdf98b7e0514e678bbb6f66e6a2958b1f40bf7082e6f57cfa8d16700322b817
research-lab/data/sipakmed/raw/im_Parabasal/CROPPED/038_06.bmp,e12ddc9330a99f79e412b98f01771acf63f8e75fd7bf2636060b4350c88c0243
research-lab/data/sipakmed/raw/im_Parabasal/CROPPED/038_07.bmp,afd2bf70471321091543fdb3863a51ebef81cf0b9139d49c22e6e8ca9ac1bc4e
research-lab/data/sipakmed/raw/im_Parabasal/CROPPED/039_01.bmp,0b274bd2abc9c8c2e491d8b825e45c2614558898e156fdcb8af927cbd3fd8b36
research-lab/data/sipakmed/raw/im_Parabasal/CROPPED/039_02.bmp,b59f0d86a6186887ea76ea63d283138d89cecff90e81abae9eae355bae8338fd
research-lab/data/sipakmed/raw/im_Parabasal/CROPPED/040_01.bmp,287fcd1030ec1a4a78f430e87470cc7bc660b64e75bdf50852189fc322ec80c1
research-lab/data/sipakmed/raw/im_Parabasal/CROPPED/040_02.bmp,9533a606623c01db1710c6063853b02a5cd345700677a851fe072f6521c7f613
research-lab/data/sipakmed/raw/im_Parabasal/CROPPED/040_03.bmp,15707639551f60176f1f7531362159c378731fb1a61ba594d47d368f83b4f374
research-lab/data/sipakmed/raw/im_Parabasal/CROPPED/041_01.bmp,f7e27d9a413b53a4f28e4d3718de8eaa53a5cd1d37fbe9b6ddcf71b6b452aeb3
research-lab/data/sipakmed/raw/im_Parabasal/CROPPED/041_02.bmp,612b85161ff018ce33e1e86bb5b98c1bf4e78aa91c7a1d65dd9a8c6df561daeb
research-lab/data/sipakmed/raw/im_Parabasal/CROPPED/041_03.bmp,6b8639d8715649fa079810a9c05b22c32496c04d6f2779153926629ced748a73
research-lab/data/sipakmed/raw/im_Parabasal/CROPPED/041_04.bmp,050b869d9e06a3b559d49d3c45337dce1a4a98929f2d4f6a286ec601ebbaefb4
research-lab/data/sipakmed/raw/im_Parabasal/CROPPED/041_05.bmp,9da102449b162bce7933137084dbb6c49b400a2ea803680fb5463d2b26996d72
research-lab/data/sipakmed/raw/im_Parabasal/CROPPED/042_01.bmp,8d7a98fbaf1094cd22e0bc32faa8a04e7001d76873e96bc84a32d836485a7bd4
research-lab/data/sipakmed/raw/im_Parabasal/CROPPED/042_02.bmp,a87e041c8fa8c2b1f243eb67fe61080acc6484be525ae5cfbecd61000513ba4d
research-lab/data/sipakmed/raw/im_Parabasal/CROPPED/042_03.bmp,da4c30d7feb3d78d32b68ce07c52c7808ca1e86a0dc5846988b0b13dafdc090f
research-lab/data/sipakmed/raw/im_Parabasal/CROPPED/042_04.bmp,8355b664cda8d628838e569d03b64d7eed97b46ec292c33d4d08e724152d85d9
research-lab/data/sipakmed/raw/im_Parabasal/CROPPED/042_05.bmp,143957cc5f071bb0d12671e48207791b1a9951962b67fb8edc6e6ddcae12183c
research-lab/data/sipakmed/raw/im_Parabasal/CROPPED/042_06.bmp,ac05f14967fd9406d65b4306a6a5c4dedaa8b4f59ddc339c8e2be3a6f8f5d1b0
research-lab/data/sipakmed/raw/im_Parabasal/CROPPED/042_07.bmp,b41a9df818c3bfa7dd8f270b8d9e9d6a5ac9c857cb0ff6302ed66a2d33843fb9
research-lab/data/sipakmed/raw/im_Parabasal/CROPPED/042_08.bmp,b8d84b906df4e0634c07027848a2db705b237c60a4f73348f5f5c9c66f71f777
research-lab/data/sipakmed/raw/im_Parabasal/CROPPED/042_09.bmp,a4691bc35a3b644dd7e2734021e10d07360027af9a2f327eb1113eda7b43d96c
research-lab/data/sipakmed/raw/im_Parabasal/CROPPED/042_10.bmp,7f36ab78da5d17558b0daf7d1c6ec0ed43f0c57083e056c6655ce69748cf2f89
research-lab/data/sipakmed/raw/im_Parabasal/CROPPED/042_11.bmp,41947cf5d60564cfc9bf83a06aa599888ab03010f222beb98d571f3fac2e538a
research-lab/data/sipakmed/raw/im_Parabasal/CROPPED/042_12.bmp,138529323a6e8e4b12e82642c2ce4f60d4b1b9bd602b78069c6ee99125eab69a
research-lab/data/sipakmed/raw/im_Parabasal/CROPPED/042_13.bmp,9aeeb5c4b7ac4f12ac47d9e62585451c88f19449e86f6983e7fc06c498cadd5d
research-lab/data/sipakmed/raw/im_Parabasal/CROPPED/043_01.bmp,2462d1c370f69e97a980f41013a338aa96ddc9c82095065184454b3438da5b77
research-lab/data/sipakmed/raw/im_Parabasal/CROPPED/043_02.bmp,0a2ab84400a2337c6e020b9d646871b1ecdf97434bc7ae642196911f42c03119
research-lab/data/sipakmed/raw/im_Parabasal/CROPPED/043_03.bmp,b17d438ff58063e8334fb4f4b0c4d01261e7219e023318666696f3f988ee1111
research-lab/data/sipakmed/raw/im_Parabasal/CROPPED/043_04.bmp,cee63aab9c966364f6b55e90e4ee0748da9edb612566b76a600e7a2b7bf6e1d1
research-lab/data/sipakmed/raw/im_Parabasal/CROPPED/044_01.bmp,f0cf035121b3227c59edb2ef2018c8c3a8738d8d95bf7d97b859c10ba1171844
research-lab/data/sipakmed/raw/im_Parabasal/CROPPED/044_02.bmp,e42775e30a06c1e43d3d5d8edee1452a66a944c955985332a266eb5e4557a2f6
research-lab/data/sipakmed/raw/im_Parabasal/CROPPED/044_03.bmp,7036482c31d12e6619905747023802a754bca2cb58f00d80c6fd44ba7338a921
research-lab/data/sipakmed/raw/im_Parabasal/CROPPED/044_04.bmp,e890f7e9d3e222a6017cb21de87d584a7703b81ab5fa2b849a0efb1873233da6
research-lab/data/sipakmed/raw/im_Parabasal/CROPPED/044_05.bmp,c6f847157fbc9eb0f0f8ffd8ff34a71f3861fdef63942b5be9d51932edc08a68
research-lab/data/sipakmed/raw/im_Parabasal/CROPPED/044_06.bmp,7f6f963b31af19b0eda48d16d8227f948e3ceaf16627c107d8e718b76ee6e8d2
research-lab/data/sipakmed/raw/im_Parabasal/CROPPED/044_07.bmp,d4c0d89f907cdb0cece65ee9e2e4eb64a38215c3405310f79b69502e8cc05699
research-lab/data/sipakmed/raw/im_Parabasal/CROPPED/044_08.bmp,d1a6ad12d3a505893210c01246def6d2791f03c0d24b2cdef6c82437a84aa11c
research-lab/data/sipakmed/raw/im_Parabasal/CROPPED/044_09.bmp,7145e2fa7442464e82c5c3b621bb7014aa7085c34291ca5e3c82d2ccb1bbba67
research-lab/data/sipakmed/raw/im_Parabasal/CROPPED/044_10.bmp,deb12b08723f36a46d0e5eead1350a65cf713d0459bd7994ecf01fb19b4a5411
research-lab/data/sipakmed/raw/im_Parabasal/CROPPED/044_11.bmp,dac0a65f31152c31d105550fae3b972766d5eaabffa4e8b602bc73335117269b
research-lab/data/sipakmed/raw/im_Parabasal/CROPPED/045_01.bmp,e9bc093eea000c441c627029457e82db267e5861d9b56b435d96de75d3a76992
research-lab/data/sipakmed/raw/im_Parabasal/CROPPED/045_02.bmp,7beebaf27879b26ef30d36d4aadafc8042e97a7b236137312be6e23f0621d14e
research-lab/data/sipakmed/raw/im_Parabasal/CROPPED/045_03.bmp,a08b08e9eacfcfaf3ceb111d5d8e6f8d895f379268aef9607334b60233e44494
research-lab/data/sipakmed/raw/im_Parabasal/CROPPED/045_04.bmp,f109f0856b4d4a0033b47592fdef8e1e77f2079f42bbfdab52580d12c060c944
research-lab/data/sipakmed/raw/im_Parabasal/CROPPED/045_05.bmp,4ec863b9199afcbf094fc4d817e34309a6b77155bfbca4c50cab59e3ff4fc59d
research-lab/data/sipakmed/raw/im_Parabasal/CROPPED/045_06.bmp,4302945db0b3ec3c5ce634717b21bb2e16420570c1a5aeaa7e73d4a9dd6c4c40
research-lab/data/sipakmed/raw/im_Parabasal/CROPPED/045_07.bmp,ff58a726d1d0f4eeab1b194ad06992142cb5e3ecf35b438159184abb02363b51
research-lab/data/sipakmed/raw/im_Parabasal/CROPPED/045_08.bmp,39c4b325f80bda1ab90065bdb8063aa84b7b82b8f58bf93e074b68de7641f11d
research-lab/data/sipakmed/raw/im_Parabasal/CROPPED/046_01.bmp,6ae0be06ac7c163073f88f27ab1979ca89e7516031432db97fa2a8620e076a86
research-lab/data/sipakmed/raw/im_Parabasal/CROPPED/046_02.bmp,46f4fd6842bdbb14c9486b67bba5694be711d492af287e941e64581a683c46c7
research-lab/data/sipakmed/raw/im_Parabasal/CROPPED/046_03.bmp,e89cd1a61ca493291d5e20438aef91045995cd746220b1dcaa333db8f173d97c
research-lab/data/sipakmed/raw/im_Parabasal/CROPPED/047_01.bmp,4e2ff9755a19512a291c91b8a09e29c9d4b60817f073c5ff1e864473fe886678
research-lab/data/sipakmed/raw/im_Parabasal/CROPPED/047_02.bmp,6e4e518b71729b5b93d4667009860dd565517dfdec8fd7b604ef3065c7f0d835
research-lab/data/sipakmed/raw/im_Parabasal/CROPPED/047_03.bmp,cc539743aec9850c0adc765349bbea8ffeb950f3a8ca1a7e17fbd967d994cdad
research-lab/data/sipakmed/raw/im_Parabasal/CROPPED/047_04.bmp,19d3a72a05b703115ccfa1f24a1716a8aa61522c0cd377eba2faa4014e8d0981
research-lab/data/sipakmed/raw/im_Parabasal/CROPPED/047_05.bmp,6564c94d5e389e4b214f5ac80f0598219b66b8b2d3ad398e6c75c3c358eb3f93
research-lab/data/sipakmed/raw/im_Parabasal/CROPPED/047_06.bmp,9c6ef14ce8db130270ce9a47a76f606e824385d5dff94c3d5d11bf8ff6a995dd
research-lab/data/sipakmed/raw/im_Parabasal/CROPPED/047_07.bmp,9a48f7fcfa8b53271b34ab5a983264dad6ed1682665eca8dc7b1d3a2f74418c9
research-lab/data/sipakmed/raw/im_Parabasal/CROPPED/047_08.bmp,50481f103dffd8474b019d15873db2e1e6b74e4ab8faa887349ea4c438a6e1b3
research-lab/data/sipakmed/raw/im_Parabasal/CROPPED/047_09.bmp,5ac4c72252f1b333363d163225131985f9da1fa589197c301bf5638323db8f5f
research-lab/data/sipakmed/raw/im_Parabasal/CROPPED/047_10.bmp,1c0e31bcb921d5ffd2363f085f883f4d22366c9e2383c1ea5cac478c66213299
research-lab/data/sipakmed/raw/im_Parabasal/CROPPED/048_01.bmp,e04f2dfc1c38531bdb8a8350d9ec40ee98875d15848e5a0f657ac95acb119ff1
research-lab/data/sipakmed/raw/im_Parabasal/CROPPED/048_02.bmp,b115976e884d4d22e392ab45eba201bc2b8813e47e878b06023f42f6e42b7599
research-lab/data/sipakmed/raw/im_Parabasal/CROPPED/048_03.bmp,58cea17d0b35a6b3c60ed660a0b060b796d2ca2b736b53806f4f1e2eeadb3d96
research-lab/data/sipakmed/raw/im_Parabasal/CROPPED/048_04.bmp,5a1fe2f72a727818be71be5888b8a1746222daf1b8d886be3c13fb496b7d8d5b
research-lab/data/sipakmed/raw/im_Parabasal/CROPPED/048_05.bmp,6ab2ac3fd2a8ef8e03b9b1f53e7143393ba32208b99cb75e0b3327a8f8fbbb88
research-lab/data/sipakmed/raw/im_Parabasal/CROPPED/048_06.bmp,707d54a7290a66b0efcdfa234ed2c7ee709cc978080a9195d629cca00de211d2
research-lab/data/sipakmed/raw/im_Parabasal/CROPPED/048_07.bmp,2191686f1fffc06d172eb42178ca5580eeeb7a5ecca581cf3d10607b2a6d76b9
research-lab/data/sipakmed/raw/im_Parabasal/CROPPED/048_08.bmp,e08df56dd3180fba2d6383891a5ea0d9ce2f4df74f10ad6cb11d2ac5c6ff2fb6
research-lab/data/sipakmed/raw/im_Parabasal/CROPPED/048_09.bmp,55e43d6e591ff68a9f811f3b4ac9575cbb2a6a349d457e4e294968df91154290
research-lab/data/sipakmed/raw/im_Parabasal/CROPPED/049_01.bmp,15299b2b219b3e9116cca9a6f401b6c2e629b44f65734e1b656f3bafe7fa3f92
research-lab/data/sipakmed/raw/im_Parabasal/CROPPED/049_02.bmp,9469b4d68f26d7a916c20bb34fe81b29d474065a4f42bacc51f33ff6170c6688
research-lab/data/sipakmed/raw/im_Parabasal/CROPPED/049_03.bmp,ec314e1e705e87a14a5d822dbb9caa35b897f5cee9641738e839eda627f340d3
research-lab/data/sipakmed/raw/im_Parabasal/CROPPED/049_04.bmp,03dbbf82d35396d3a6a0f3b83f1e67f809c163b2bcc4bb0dd61be3ff6e94b589
research-lab/data/sipakmed/raw/im_Parabasal/CROPPED/049_05.bmp,561a8fff7c7409847a207ba9891d37335383c85bb435d3a5ef6f0c9b23511cb6
research-lab/data/sipakmed/raw/im_Parabasal/CROPPED/049_06.bmp,26104a16594b7ba440c419074aab3a70e649085b1ac34dd5f663b59783f5b1a5
research-lab/data/sipakmed/raw/im_Parabasal/CROPPED/049_07.bmp,532bec007f56e72240b1fdc449e72a1a25cf746a1c49a96945a97ea368e67ebf
research-lab/data/sipakmed/raw/im_Parabasal/CROPPED/049_08.bmp,34bb8305d29f9ea24f28481265f96b5f1c60447cbbe2933908d03205bb737ecf
research-lab/data/sipakmed/raw/im_Parabasal/CROPPED/049_09.bmp,56020be61293104773bae3fa8ae8f8cd1dfa4b7e5c4941a2c94e997f4970e836
research-lab/data/sipakmed/raw/im_Parabasal/CROPPED/049_10.bmp,3240fbe07b4b4f5c43707e51962872ed800f9b15a15fa0d5fe308f4563acedd9
research-lab/data/sipakmed/raw/im_Parabasal/CROPPED/049_11.bmp,e10d992ca8a12810ed203820f573c1ae81d7b17aa1aef9e1b802fae151524792
research-lab/data/sipakmed/raw/im_Parabasal/CROPPED/049_12.bmp,65f8bd05de10f4687f4b7cbab6b0af45d028db6d254ca2ccbf5d528caa291f26
research-lab/data/sipakmed/raw/im_Parabasal/CROPPED/050_01.bmp,655f4c659e359fd86ce8f91734248b7a9be3d33a18fb33c89da123cecef4529b
research-lab/data/sipakmed/raw/im_Parabasal/CROPPED/050_02.bmp,6bd361fa9e19bb17389b9be23ebe0c1ea6886337c57642fd16a80a512d0f03aa
research-lab/data/sipakmed/raw/im_Parabasal/CROPPED/050_03.bmp,fc48eb4035fdc7ebd4af0c7a53e363b34680e20068f8c06092d004c7bf67b5f5
research-lab/data/sipakmed/raw/im_Parabasal/CROPPED/050_04.bmp,7e6129a81e0f12accb8a547203d0ccf151e66f93f0d5cdedb1c2867ee751a0e8
research-lab/data/sipakmed/raw/im_Parabasal/CROPPED/050_05.bmp,5b0e6ccb87de82baeef6e11726d8cbfdde274a6fa989f23ae4900affe5e7c567
research-lab/data/sipakmed/raw/im_Parabasal/CROPPED/050_06.bmp,4ff1e73d12d5f470a45638c6a19683449cadd06a1580704e4cba938cd8904451
research-lab/data/sipakmed/raw/im_Parabasal/CROPPED/050_07.bmp,cf1e1f5d4637102bac3afa557562f9007f9c35808c87db95c2ab113ce0a5c900
research-lab/data/sipakmed/raw/im_Parabasal/CROPPED/050_08.bmp,f9f1e6cff7ff8e736e3714bc3b4d42de8087506812f6f3f73748742784eab941
research-lab/data/sipakmed/raw/im_Parabasal/CROPPED/051_01.bmp,03ff5b3970c78a5885faf152a9bc1faae44140510d73f6d338c02610f2ebc2b8
research-lab/data/sipakmed/raw/im_Parabasal/CROPPED/051_02.bmp,30698794505d345230d6216322a64f5b12057c15dc98d6a7c484122ea5399103
research-lab/data/sipakmed/raw/im_Parabasal/CROPPED/051_03.bmp,d2e64a449a6a6c42eaffa245a7ac1a97f0a38a405c26c1ba0beb4143e34e3f09
research-lab/data/sipakmed/raw/im_Parabasal/CROPPED/051_04.bmp,287c1f82e7ce02e1c1555505c48b18923e01c673970c701a62822f0d4186baa3
research-lab/data/sipakmed/raw/im_Parabasal/CROPPED/052_01.bmp,6f054dc4660aea8212ea09b7cfcc340a724e332dd77c62b3e737e7764747a21d
research-lab/data/sipakmed/raw/im_Parabasal/CROPPED/052_02.bmp,6908b8ee566e2e8b1af812acc2f44f42410b135e21dd2d4945de644e282312da
research-lab/data/sipakmed/raw/im_Parabasal/CROPPED/052_03.bmp,2e2a0bec1abdcdf0871e3352238d4d014e06d8ceba797dc925dd9ddf8e2795f9
research-lab/data/sipakmed/raw/im_Parabasal/CROPPED/052_04.bmp,7c764ef3787d9a38d1cb83abf1878270a12b91e99567cedeb11723d0627ea4c3
research-lab/data/sipakmed/raw/im_Parabasal/CROPPED/052_05.bmp,9d7baf1e38342a02b6fa98c75b7aac3f37703202be4e9024c3393d6b365f7583
research-lab/data/sipakmed/raw/im_Parabasal/CROPPED/052_06.bmp,c25cb98bf30c2b2d1448621e44eb88af9995192bd2cf9d689de8a48b5d71ecdd
research-lab/data/sipakmed/raw/im_Parabasal/CROPPED/052_07.bmp,38b740ae0036c417932cf556ac947591bfef75ed827161ea91d2806b3ecbb076
research-lab/data/sipakmed/raw/im_Parabasal/CROPPED/052_08.bmp,938faf4214fde5c1f862fb80c2af5adb56aa1b4f008af033c400ce10ca66d456
research-lab/data/sipakmed/raw/im_Parabasal/CROPPED/052_09.bmp,425d69c322aef6558e6fa6d15bf78f3fa567278be063f8fb2ef6152dce3bbf67
research-lab/data/sipakmed/raw/im_Parabasal/CROPPED/052_10.bmp,37772fc6d5341d9478fcfcb551bbf25142ae21a4515cded9e822525ad123f94c
research-lab/data/sipakmed/raw/im_Parabasal/CROPPED/053_01.bmp,a201b8436321cf1fe0055cd81ca367f03e2a83ed296a468e7dd3072f2d4256ae
research-lab/data/sipakmed/raw/im_Parabasal/CROPPED/053_02.bmp,461a97245ed07950f8095e737021c0736c47e2462746c8d2ba838609ed9ef3b2
research-lab/data/sipakmed/raw/im_Parabasal/CROPPED/053_03.bmp,dc8cfaa93bc51487555b85ce6fb13d531c22a537c671c2391ffd2c6d95530802
research-lab/data/sipakmed/raw/im_Parabasal/CROPPED/053_04.bmp,b139ef5739505f56ffb081469c28e876e251de6191a5d3d45926be38445dcf75
research-lab/data/sipakmed/raw/im_Parabasal/CROPPED/053_05.bmp,a9e3b3a4c06a9aaf1f442ed009e01c767b48c2dd3cc5097e418dfac4a8177856
research-lab/data/sipakmed/raw/im_Parabasal/CROPPED/053_06.bmp,fd124f163a31fcaba8fa268fe92dba50ac6d88bdb7f04c5fbc3850e40507225a
research-lab/data/sipakmed/raw/im_Parabasal/CROPPED/053_07.bmp,b2490a64793ed271a535589096eeab8911267e88b4c63af437b5e9d7c041285b
research-lab/data/sipakmed/raw/im_Parabasal/CROPPED/054_01.bmp,328d5f282dbd59fca2fe485cdc4183009e83655ac31827ff8e1cae79e481bb2d
research-lab/data/sipakmed/raw/im_Parabasal/CROPPED/054_02.bmp,5c9246ad96c4150c17f53decb3b853f5ce3427af14d74aee77f0a6953d7fc021
research-lab/data/sipakmed/raw/im_Parabasal/CROPPED/054_03.bmp,d695aeb7d25e08b722e70f3032df5529520f41ec39479fbd77f1ae15ef67638e
research-lab/data/sipakmed/raw/im_Parabasal/CROPPED/054_04.bmp,f2c3730381118fa33fe0313dd2e87e34610d204671909669ac4481974e31eb91
research-lab/data/sipakmed/raw/im_Parabasal/CROPPED/054_05.bmp,66d75dec3cccfbde1dfdc2fbe9635d885bd0c590b1560747763b36d1ace4d883
research-lab/data/sipakmed/raw/im_Parabasal/CROPPED/054_06.bmp,2e8be3c8b636d1a693b4a0852bb8a20cd42499babfe0a851ad15e7b19e9c6fdb
research-lab/data/sipakmed/raw/im_Parabasal/CROPPED/054_07.bmp,73f1cc03fc4383e6ee9db4bbb62a2d1a4c2ac0a77a72b3b0fbba327777c84431
research-lab/data/sipakmed/raw/im_Parabasal/CROPPED/054_08.bmp,82e9a16ebaf5b9ac3bdbc91facc00020f216fd2efa73ee22ed30ebed052080ab
research-lab/data/sipakmed/raw/im_Parabasal/CROPPED/055_01.bmp,8d8f38c6b67edab1b2e9fb35de5b390a14bc933557da3e42d09ecb8b46fabc17
research-lab/data/sipakmed/raw/im_Parabasal/CROPPED/055_02.bmp,8178855ee5b4cc318e3f4e771fca358afc6110f8438bcc09d9e5c3ac72940c55
research-lab/data/sipakmed/raw/im_Parabasal/CROPPED/055_03.bmp,98d77370e4d47f3c2182f4eaac0440b549331c6f725bb5dc95e72c2e5c231205
research-lab/data/sipakmed/raw/im_Parabasal/CROPPED/055_04.bmp,966d709454ebc0e46a3f7445f4c9090fb878de37400ef5fec8344883d43c2ca1
research-lab/data/sipakmed/raw/im_Parabasal/CROPPED/055_05.bmp,4d2eba9d2c92cd8067da2fb832452ac97b8aea03333809ad447c3da3aa73654f
research-lab/data/sipakmed/raw/im_Parabasal/CROPPED/055_06.bmp,4d5287560638e0bc624736ff3e695cbb848393d65676d0cc3961a0b67b3458f2
research-lab/data/sipakmed/raw/im_Parabasal/CROPPED/056_01.bmp,a0689eb4657cf9ebc8e533a4feb4e44409cdbcb20f0ff456041dd6acbebae1be
research-lab/data/sipakmed/raw/im_Parabasal/CROPPED/056_02.bmp,1302c57e154a66f74b565217dc409b7b4fccb41f192cb42488e4afe1e203b0cb
research-lab/data/sipakmed/raw/im_Parabasal/CROPPED/056_03.bmp,5ff7af7d735c8e90c1c47c7da5c608b9cbed5daf922ff2ca4124e69b5362501a
research-lab/data/sipakmed/raw/im_Parabasal/CROPPED/056_04.bmp,3790f0f4769be475f0d78173ac089cd2de325c632405644d7b9ce9f31b5225d7
research-lab/data/sipakmed/raw/im_Parabasal/CROPPED/056_05.bmp,0637a75c515de45071f808151c9965f32d87f034649970dce2aa737badb8a24a
research-lab/data/sipakmed/raw/im_Parabasal/CROPPED/056_06.bmp,45910557052c8f1a3a3e023998b9d527f853747fa242954c2bdf0871a0068030
research-lab/data/sipakmed/raw/im_Parabasal/CROPPED/057_01.bmp,4d98cd0a2c2de13f7fb16d2aebef3bfa32ce641df469741b47b48d303743e50d
research-lab/data/sipakmed/raw/im_Parabasal/CROPPED/057_02.bmp,81194e384600aedbaf8ce248f724963e70b05c272d4d5b87e4c0f4507d19d466
research-lab/data/sipakmed/raw/im_Parabasal/CROPPED/057_03.bmp,70949ef7fd2009b71e3fc4a85c6758bcb383f0a45d79401837376bea637028e6
research-lab/data/sipakmed/raw/im_Parabasal/CROPPED/057_04.bmp,259ac2c34479b58c63da53a65a6dc9544ea4e3238d16b8bd7de4590a4052b768
research-lab/data/sipakmed/raw/im_Parabasal/CROPPED/057_05.bmp,6fb33d5f9c99e9092f0ec105c1756c50426f211d81dfdf682b0bd595b2c19a22
research-lab/data/sipakmed/raw/im_Parabasal/CROPPED/057_06.bmp,5721c44f4c7a0ab7e99ac562f0e857698f3a9423f25cf59f049cc6dc88e65656
research-lab/data/sipakmed/raw/im_Parabasal/CROPPED/057_07.bmp,c32ad5ce37a858c31783e27bac8bf66c230bd848eea71ddf6433da4967ff9ce2
research-lab/data/sipakmed/raw/im_Parabasal/CROPPED/057_08.bmp,7d14ccb5bae9dc94f9d20a3fefc4a6923d72c34d73a2691ac87b2055cbdb6825
research-lab/data/sipakmed/raw/im_Parabasal/CROPPED/057_09.bmp,678238c3a3144a70531b1a284d7610f53f58554ee5403d9beb65874368840304
research-lab/data/sipakmed/raw/im_Parabasal/CROPPED/057_10.bmp,bd473a1f4d8fddc8dbbd3f68bd51f2c2a873d6b23d9ac2cefac6c332d2ac66e0
research-lab/data/sipakmed/raw/im_Parabasal/CROPPED/057_11.bmp,8977989899ad18539ace5b7bec8eb30caf36eb9ea970fa490bc90db6da82a25c
research-lab/data/sipakmed/raw/im_Parabasal/CROPPED/057_12.bmp,385743b50acf164985f0cc0082c3b160218fe7af0eea012904e4a531d79d668b
research-lab/data/sipakmed/raw/im_Parabasal/CROPPED/057_13.bmp,228edd2a31ba0e8ab680a743e55023300be815191028640538d6b156066942ea
research-lab/data/sipakmed/raw/im_Parabasal/CROPPED/057_14.bmp,df72e223923f446c5f9e20631823a19d6707077db0747e19557d2b5327311af7
research-lab/data/sipakmed/raw/im_Parabasal/CROPPED/057_15.bmp,87fa3d9ee03f6ce1d0900bd80cff41f3b47e26d575f403d7c66a434f74ab1a87
research-lab/data/sipakmed/raw/im_Parabasal/CROPPED/058_01.bmp,9cdd19457831e5b7ba614bf3ce98171c8926f178a7ead9119cf052791e194bb1
research-lab/data/sipakmed/raw/im_Parabasal/CROPPED/058_02.bmp,be343f8c5d2514aaa62c97af4d4f6654b4e54540fdd4832777ea3bb521a6e588
research-lab/data/sipakmed/raw/im_Parabasal/CROPPED/058_03.bmp,7884b1ad15ea3ac845196fe6301d0b4d5fa017004433c3687be5b87e0ea54dda
research-lab/data/sipakmed/raw/im_Parabasal/CROPPED/058_04.bmp,3df4e27d62831f9eeb73aab02347db5ebf5d52bb0153d42e4cc405fc84ed236e
research-lab/data/sipakmed/raw/im_Parabasal/CROPPED/058_05.bmp,2ab0d8cf43c465db6d8fc8834950730bb322bbcce6ec4fdc717911bdaddddf64
research-lab/data/sipakmed/raw/im_Parabasal/CROPPED/059_01.bmp,2a927ed17f1210ac3f868ec7e07fded8232c2a6e8d469327c00b757ffdc31c88
research-lab/data/sipakmed/raw/im_Parabasal/CROPPED/059_02.bmp,67534841c1e983b1d54307dbe8032e840ca404c4d4dea47d0dc461f85a9a46c4
research-lab/data/sipakmed/raw/im_Parabasal/CROPPED/059_03.bmp,855e1e7d77a3155efefedaadfb3d0418a26a8f9946f78559c1aadfc5a1c292b7
research-lab/data/sipakmed/raw/im_Parabasal/CROPPED/060_01.bmp,25c10bf6ab2f0c20e590d373db1ea9b66e93dafbeb16e3bf9a50f21a70eec3eb
research-lab/data/sipakmed/raw/im_Parabasal/CROPPED/060_02.bmp,08541013c910b13575da4374368adea2e612f7533b953b87c673e304b0463d7a
research-lab/data/sipakmed/raw/im_Parabasal/CROPPED/060_03.bmp,a02c208fcf0d7d22633816c269cb637cb4f87146e4be10f3930b0736aae6a87b
research-lab/data/sipakmed/raw/im_Parabasal/CROPPED/060_04.bmp,dd0bf08a805831847c768f24c1077304d96984e74b75219fe23564c353bc206d
research-lab/data/sipakmed/raw/im_Parabasal/CROPPED/060_05.bmp,fdcd012e3cc27ef8847503ad4bbe56305928bfbf621f3639ebf2b14829c09b1f
research-lab/data/sipakmed/raw/im_Parabasal/CROPPED/060_06.bmp,b3995da259653a73c6925a62010ff1bd3b00e762029d2a9d745479e1f09253a6
research-lab/data/sipakmed/raw/im_Parabasal/CROPPED/060_07.bmp,2db308af7cdfcc270657d7860af0e63c5caf875c38f188c77bf5277779c2a216
research-lab/data/sipakmed/raw/im_Parabasal/CROPPED/061_01.bmp,1db9cf398bc0fd0f1dac1d11a14e24534283941bb082a6bdcbe692c26b41ab37
research-lab/data/sipakmed/raw/im_Parabasal/CROPPED/061_02.bmp,59a93780ad8b9889beb31b50b34fbc511b5d8c092f418a8226c827d4a8df662e
research-lab/data/sipakmed/raw/im_Parabasal/CROPPED/061_03.bmp,5ee2dc2585de20b35eb076451a5228e6f72d84ecdb1d454545ae54f6271c4209
research-lab/data/sipakmed/raw/im_Parabasal/CROPPED/061_04.bmp,f06f253ee1c66dd90e22197ea526d91ac9ff3a1b336c04d623900d308d9d2d73
research-lab/data/sipakmed/raw/im_Parabasal/CROPPED/062_01.bmp,7005c9344e561f1e965e6963cb1e17d9ae974afdd963e8fa79a87c5c6efde68b
research-lab/data/sipakmed/raw/im_Parabasal/CROPPED/062_02.bmp,c2f106dc35d6b7dcd55ae6cf5cfbc7fcf5d0c9ee4e285d12f1f75d2b49419edd
research-lab/data/sipakmed/raw/im_Parabasal/CROPPED/062_03.bmp,44055df760de1e2561f6f45455aff438ecd792c3ac722d941373f1ac00522f63
research-lab/data/sipakmed/raw/im_Parabasal/CROPPED/062_04.bmp,27b08ad75a87d78158feebb33115330fd42a077e5c9629a14da67bbc8718e0d8
research-lab/data/sipakmed/raw/im_Parabasal/CROPPED/062_05.bmp,988cb1dd5ad77160b9fcaef9a87c4cc11929aa78385c945e15187fcb88e5a54c
research-lab/data/sipakmed/raw/im_Parabasal/CROPPED/062_06.bmp,0e068fc13a411e613eff405f10c40549dba3559e000116cb7d6dd0bf2239c928
research-lab/data/sipakmed/raw/im_Parabasal/CROPPED/062_07.bmp,6ac72d89ee88247fc53c4ac414391a3c2d86482ce2a8c6cd94675877188f1c7c
research-lab/data/sipakmed/raw/im_Parabasal/CROPPED/062_08.bmp,b21f46c9ab015b93e6950700a4cc3472173059e6f653817574b723aded3d7148
research-lab/data/sipakmed/raw/im_Parabasal/CROPPED/062_09.bmp,9fd752e16ec47c54b1afbecd694b89080c3d6e9a603205ff580df7a13e95780b
research-lab/data/sipakmed/raw/im_Parabasal/CROPPED/062_10.bmp,d378184d9bdd1889042afca67fe846dfa3627145e7435dcfe9a824e4f416c631
research-lab/data/sipakmed/raw/im_Parabasal/CROPPED/062_11.bmp,c38544d126dca17db87495e1ff1226a409233f6a648fac8e0d7b4d51e161de42
research-lab/data/sipakmed/raw/im_Parabasal/CROPPED/062_12.bmp,481b9c0312414b1b6471d1caf8c606d2c184732980d797342b19d824e8aefe3e
research-lab/data/sipakmed/raw/im_Parabasal/CROPPED/063_01.bmp,97d44a49daed4e6d7c73dfc20ae53c94b2954d6cad8cd0baa04bbb40ab99abcf
research-lab/data/sipakmed/raw/im_Parabasal/CROPPED/063_02.bmp,a3a5496145f6aacf90dea234bbcdd61f11e3ba69d5f703a4da7543f6fdac09f7
research-lab/data/sipakmed/raw/im_Parabasal/CROPPED/063_03.bmp,b65a53ff68c647135e6419d17a904db66ec4cbd7fb2c1fc770c3fb3e018eda60
research-lab/data/sipakmed/raw/im_Parabasal/CROPPED/063_04.bmp,67f2f34ac0687f08989080b94fccc7b2c0e52cd338723afe749c7b88c72b56b2
research-lab/data/sipakmed/raw/im_Parabasal/CROPPED/063_05.bmp,9663b45b6ff641504bada3fc86eeed3cc34907646a0a73fc1014e73af20c22e7
research-lab/data/sipakmed/raw/im_Parabasal/CROPPED/064_01.bmp,3f918e7ced54e5c4325538b4ff249edea65ba488acf2e3c5000ef909886ad9d9
research-lab/data/sipakmed/raw/im_Parabasal/CROPPED/064_02.bmp,9860a091715bb44682820c6f670846b59ea838aaaf24b682f90a838b342b1f39
research-lab/data/sipakmed/raw/im_Parabasal/CROPPED/064_03.bmp,8ff58347810b9de4a8db46fa1f330ac72c4fb4be1de9da1c4977761899b9d096
research-lab/data/sipakmed/raw/im_Parabasal/CROPPED/064_04.bmp,7b84cd6e5ab6a6d45d9d7d867aa8c3478b4f0154b0fe46d0ebed89758ef1ca14
research-lab/data/sipakmed/raw/im_Parabasal/CROPPED/064_05.bmp,cf7a03cca7f3529c485f9d2b1a6af36098a59c74c0dfa881ee56d9bdff3b90c2
research-lab/data/sipakmed/raw/im_Parabasal/CROPPED/064_06.bmp,773a037e334312f50899f5226b41d4315548318614151f857f0e4efbb5770459
research-lab/data/sipakmed/raw/im_Parabasal/CROPPED/065_01.bmp,6eb6807f53c3c645d14d844b576e4874c226bfd23f731092f97c51bbc1f469d3
research-lab/data/sipakmed/raw/im_Parabasal/CROPPED/065_02.bmp,b68e89e401b3fa675aaceb669265d53dfaae47df0b220393c2db3f2b994dcc7d
research-lab/data/sipakmed/raw/im_Parabasal/CROPPED/065_03.bmp,4d5791f1134ccc9e0d7e4d897e2867ca7d59d761232e0a6d27098419c9ec6222
research-lab/data/sipakmed/raw/im_Parabasal/CROPPED/065_04.bmp,6bb89e92353628958c3c2253c616f9c65c8cb9e24baec4492d299fae50d8f934
research-lab/data/sipakmed/raw/im_Parabasal/CROPPED/065_05.bmp,51c5c54e4707f9d8b02b83bb2ae402a3b096feada0b9a20f09731eb18a073859
research-lab/data/sipakmed/raw/im_Parabasal/CROPPED/065_06.bmp,ab9287047f0c9c0e7944c9edb7f942e2c91e8d05490f7188a883eae405615b02
research-lab/data/sipakmed/raw/im_Parabasal/CROPPED/065_07.bmp,fffa6c73a05cf5abec0cb45b78a891370e5e728c7a601a64f4ef284febfbbf90
research-lab/data/sipakmed/raw/im_Parabasal/CROPPED/066_01.bmp,969d6a7b2871e49d4abcb1ca8490863fa972de80bf0aba1135def1443a73c0d8
research-lab/data/sipakmed/raw/im_Parabasal/CROPPED/066_02.bmp,18813a5ed10a35ed8c3b36c74cc1f400b932c297bfbb58d48e56add6bdb89059
research-lab/data/sipakmed/raw/im_Parabasal/CROPPED/066_03.bmp,7b8ea83ea29727d79faf8e5c967e4cb87a2c154de1ce13fab0b786014ca9666d
research-lab/data/sipakmed/raw/im_Parabasal/CROPPED/066_04.bmp,00d5c7adeb6a1a8167a5aea16aea219aa83ab0507e9dd00372f0745e921d89d8
research-lab/data/sipakmed/raw/im_Parabasal/CROPPED/066_05.bmp,bfa7bc0516f387a1f7fe3cebb4191959161d5342bfeaac0c1912be67b40ccb16
research-lab/data/sipakmed/raw/im_Parabasal/CROPPED/066_06.bmp,3cd5b65084a5baa59be5783f1817b0bfc0ed63c5e9fd77edd00ec7ee23aae3e0
research-lab/data/sipakmed/raw/im_Parabasal/CROPPED/066_07.bmp,9fef89b12d829ceb266f2232a1ca573ae1dd38ee3a64f6f86e86a0ad9e1f8ef0
research-lab/data/sipakmed/raw/im_Parabasal/CROPPED/067_01.bmp,0f0ab2f4f486e92d0ba54cc1a3ebf682ddc1e8bc2da6bbaf7c1d65c03c43a6e3
research-lab/data/sipakmed/raw/im_Parabasal/CROPPED/067_02.bmp,31fff6579b8d8e405a44bea7f2e144979660b7c90eadd9bba64ee5b28280a53c
research-lab/data/sipakmed/raw/im_Parabasal/CROPPED/067_03.bmp,6eaec775c640bdbc5b203bd2a8bddcd85d756a84da24381351e4cfbe7e0436cb
research-lab/data/sipakmed/raw/im_Parabasal/CROPPED/067_04.bmp,a29b4f6d344685a1d87635120cc3b1b25afc8a6f0284acc9ae0719847d6cd7cb
research-lab/data/sipakmed/raw/im_Parabasal/CROPPED/067_05.bmp,6e0aa9e5325a11b8b8fd7e8833900d823f52bfcae42db78fca89d9d7ecc625a5
research-lab/data/sipakmed/raw/im_Parabasal/CROPPED/067_06.bmp,1d4d747261d1dabf6feddad7fc3d5f18a473b1a095ebb2f84796f9f1609d046b
research-lab/data/sipakmed/raw/im_Parabasal/CROPPED/067_07.bmp,e38be5caff85739873d8d2fa653759cc02dff614fe63b85c0c6dd664c37d9ae9
research-lab/data/sipakmed/raw/im_Parabasal/CROPPED/068_01.bmp,98d9eb0b06ac7243a2129a0b77cfe94251d3b2cd575f0eba4c0d403e5fc8437d
research-lab/data/sipakmed/raw/im_Parabasal/CROPPED/068_02.bmp,2539aba677a176276931f62b53286358ec89118f2b29b464e8ccd9da54cd2c98
research-lab/data/sipakmed/raw/im_Parabasal/CROPPED/068_03.bmp,7be157abc83572df46b203f2f88429ecc5b520c5bfe8bd1f695527f836b35cfd
research-lab/data/sipakmed/raw/im_Parabasal/CROPPED/068_04.bmp,88eb8397d56837f511f140d1dd533ed5903c5e19e1962d9091fa3d2806612b41
research-lab/data/sipakmed/raw/im_Parabasal/CROPPED/069_01.bmp,7581575505f593f65ad3fcc6a6f7a5589d011d0265649894c165d6b0ef6ddf66
research-lab/data/sipakmed/raw/im_Parabasal/CROPPED/069_02.bmp,11198ab01eceae67d92825cf384fe7ead87ab2f91f6f64774db64e65ee1275a1
research-lab/data/sipakmed/raw/im_Parabasal/CROPPED/069_03.bmp,7f2aa12bab23a625ed66c2c9cd1c2f05160c0207c901418c4a2b141f5623b7d7
research-lab/data/sipakmed/raw/im_Parabasal/CROPPED/069_04.bmp,321a5177550eaf2beca3c79dd1c626074dbbd9d34103df31bdc056eb08185c62
research-lab/data/sipakmed/raw/im_Parabasal/CROPPED/069_05.bmp,bca3832ee00a2e2842225aaa939d119f4e46c27780028650073ff91567a5808d
research-lab/data/sipakmed/raw/im_Parabasal/CROPPED/069_06.bmp,a4ba310cb606860e4fc99c8d53408f82ab3abe7715647645a5fe6ebc3f46e9f1
research-lab/data/sipakmed/raw/im_Parabasal/CROPPED/069_07.bmp,7895d75352ff7dd1c52eb54562bf8cbe54a361f9194ca066f8cea61898598151
research-lab/data/sipakmed/raw/im_Parabasal/CROPPED/069_08.bmp,d20aeeb14c2ab1c92083e11f770cfa719079f62ee5d78439062657042ab72eee
research-lab/data/sipakmed/raw/im_Parabasal/CROPPED/069_09.bmp,b4517449434d81ccc202d494f2f7b87eff5d418d94854bc4288eaf9a5bcd295b
research-lab/data/sipakmed/raw/im_Parabasal/CROPPED/069_10.bmp,460208d386ca94c960904c9e62b09af1ffad280a3b2c2f917cb00dadd6edaaf8
research-lab/data/sipakmed/raw/im_Parabasal/CROPPED/069_11.bmp,1390c719ed9b75bb622962078ca02de6c71a533dc8b9358999eb8de0884f54f3
research-lab/data/sipakmed/raw/im_Parabasal/CROPPED/069_12.bmp,9eedd7f3e3f74a13a33ac78f88dbe7bc2073a2767e44e5c06668c4ab55e31b08
research-lab/data/sipakmed/raw/im_Parabasal/CROPPED/069_13.bmp,b4ab06fc8a903bdb92f1bd1e37fb96e8f8748bd87c50865200591db53ca13906
research-lab/data/sipakmed/raw/im_Parabasal/CROPPED/070_01.bmp,715f71855714ddc16f5ad067b5e0b4dcc19d23fc0e03261d43969eb7faadaefe
research-lab/data/sipakmed/raw/im_Parabasal/CROPPED/070_02.bmp,a1124e6ccb4bbceb70d32db24935d9e45b94da05410723b2e1ef3e2deb7d1e0b
research-lab/data/sipakmed/raw/im_Parabasal/CROPPED/070_03.bmp,12f9e9f9c5186b7cb52cee72cc137b0a42ef0ca58511154f952f225666f7efce
research-lab/data/sipakmed/raw/im_Parabasal/CROPPED/070_04.bmp,543ecab9f73e7e211c0c59f8135d6f79ac67e567201b345bd91a79c819d87907
research-lab/data/sipakmed/raw/im_Parabasal/CROPPED/070_05.bmp,992934bf07fa4da7ef3cf4491d1db6a38ad91a897452d05fe6179bc996af1bde
research-lab/data/sipakmed/raw/im_Parabasal/CROPPED/070_06.bmp,e98f2725f33c0b40ba52998e471c2ce937300b6feea8abadb0713d8ec7e1686c
research-lab/data/sipakmed/raw/im_Parabasal/CROPPED/070_07.bmp,461211ed6a7f0d21683c066a9f9ab0957269cfc67f702b73d57b30cd42c61bc3
research-lab/data/sipakmed/raw/im_Parabasal/CROPPED/070_08.bmp,59abbd8a1bbe206f8eaa39a8223142dff57e0ce89e4e74e94d906f920c1c30cb
research-lab/data/sipakmed/raw/im_Parabasal/CROPPED/070_09.bmp,c3b47d27bd143c572efe04a3b74b22f20392c5bfa52b00d4cdbafcfb4d36c7cf
research-lab/data/sipakmed/raw/im_Parabasal/CROPPED/070_10.bmp,7a449f1a0614ff2087b9fe15b6606f86797bc3d4cc2e0690ae27b72d399ae2f9
research-lab/data/sipakmed/raw/im_Parabasal/CROPPED/070_11.bmp,d6ee9f13d6ebb3f8da53861c619cedf26551d1038ff388f358a08dcb946e221e
research-lab/data/sipakmed/raw/im_Parabasal/CROPPED/070_12.bmp,d5acaf2a76bf953f756e8e16425098f8ea0c46a40c753d3d872016b3f263d8f5
research-lab/data/sipakmed/raw/im_Parabasal/CROPPED/070_13.bmp,f63eae7f03321145aef97c1bd34b9bea5ddd147823fd7913afda73ca2b7250ce
research-lab/data/sipakmed/raw/im_Parabasal/CROPPED/070_14.bmp,a1a5f9c90f85a4439af97f9bcd71444bceab778f482aa4c60b7514e6942ccde1
research-lab/data/sipakmed/raw/im_Parabasal/CROPPED/071_01.bmp,28608f086804f6f19b5eb3e04e429bff24c09111e2dc543e7ead8aea8019e5cc
research-lab/data/sipakmed/raw/im_Parabasal/CROPPED/071_02.bmp,eb7b759ce6734aa67be980755febeecc2d6ea8eb3baadd0d0f12c534d42d0f36
research-lab/data/sipakmed/raw/im_Parabasal/CROPPED/071_03.bmp,da01974a6eba1b5641bdc698ef59444067957949a07b9278c313cb267f010151
research-lab/data/sipakmed/raw/im_Parabasal/CROPPED/071_04.bmp,7d504c3e7f721203b3945667fca8fb54dcad58b6eaac8ddb4f1f86cbaa662d27
research-lab/data/sipakmed/raw/im_Parabasal/CROPPED/071_05.bmp,b50c5cb1f271a4198ecc1d7448220451809435dd6956c64828242f75f9934850
research-lab/data/sipakmed/raw/im_Parabasal/CROPPED/071_06.bmp,35508c8db4678de1aac5c26edd4b8efc82a73d6b8c88dbf51beca533aa2d6964
research-lab/data/sipakmed/raw/im_Parabasal/CROPPED/071_07.bmp,0e6302f13a29b5fd6becb36e669cdce9f4067bbe4c579438840c7afbb565a882
research-lab/data/sipakmed/raw/im_Parabasal/CROPPED/071_08.bmp,1f583938f636f01e6abca6cff55d2fb89671b0e5dad1c5e7dfca4e641388ca35
research-lab/data/sipakmed/raw/im_Parabasal/CROPPED/072_01.bmp,703959ffc0037df3816f7e533d5a08d9247cd27f0cda76916ad082953d8d4fee
research-lab/data/sipakmed/raw/im_Parabasal/CROPPED/072_02.bmp,31435dd732267ff605f34a06be64b259842e049c94118d5cbb48f745d1417570
research-lab/data/sipakmed/raw/im_Parabasal/CROPPED/072_03.bmp,4595f4f72b2f8d46868504d26260cfb6c93864952448e4fdee4f460c4398aae4
research-lab/data/sipakmed/raw/im_Parabasal/CROPPED/072_04.bmp,2bd2a8c656442d2050ae7fd1478591f967133721bac5593e227662b1dd00b844
research-lab/data/sipakmed/raw/im_Parabasal/CROPPED/072_05.bmp,995e66d76679ed1e76797aef63e854b6494c5bd04e51fc3a306f0c190031a68c
research-lab/data/sipakmed/raw/im_Parabasal/CROPPED/072_06.bmp,0a925289feac100ff5d45ad41acd2449a12a65e3aca7594c7010f4606a5519dc
research-lab/data/sipakmed/raw/im_Parabasal/CROPPED/072_07.bmp,cfdddc5f652b3c6cac7d279994b8c04cb836ab13d37ad66d0aad0319ab95feb6
research-lab/data/sipakmed/raw/im_Parabasal/CROPPED/072_08.bmp,f7941c34ea82e5f470be2410b52c3d8888938728b149728815508be19525d646
research-lab/data/sipakmed/raw/im_Parabasal/CROPPED/073_01.bmp,7ae98d6aaa4a2b1e459587dc47ddbb43273fd51a47c3e6e1f1e65ddd4b0c34b4
research-lab/data/sipakmed/raw/im_Parabasal/CROPPED/073_02.bmp,c409311c785cd70bd2fbd9cf96f39792eb55a2f3895db6e351af38ff9aa0a038
research-lab/data/sipakmed/raw/im_Parabasal/CROPPED/073_03.bmp,cabb3e7b0ee968e8e7b873e67f2b222930cf21d04a466b035721e1b12f887c2a
research-lab/data/sipakmed/raw/im_Parabasal/CROPPED/073_04.bmp,6f76f5d9edff24c2972c0c34f5066ecf1e1fc012d91945229b167680c3928f72
research-lab/data/sipakmed/raw/im_Parabasal/CROPPED/074_01.bmp,fd2481d43c936fe3e6d8de6714d011f57051111db1f456d26467bf2e667555ee
research-lab/data/sipakmed/raw/im_Parabasal/CROPPED/074_02.bmp,d97d457125dbc59d8d1e199169a5c3d5677191aa063426e3b98136c890bb1947
research-lab/data/sipakmed/raw/im_Parabasal/CROPPED/074_03.bmp,e227288448b302de4ee1645b3cd10b70f61015f3c506d2582c0dd74193bf7821
research-lab/data/sipakmed/raw/im_Parabasal/CROPPED/074_04.bmp,35ad17b1f8c64a794142fedf7d5d699b9e08aae8ed33a6efdfba31fce9cb020f
research-lab/data/sipakmed/raw/im_Parabasal/CROPPED/074_05.bmp,29bd7cb1875964b7d88db673edc251e62d7e3e2ac3eaf0983ea318839b8c2df4
research-lab/data/sipakmed/raw/im_Parabasal/CROPPED/075_01.bmp,03590e63b8670e435b5ba4d2a233c1f7363548c95f877384dd7a33f6e4916570
research-lab/data/sipakmed/raw/im_Parabasal/CROPPED/075_02.bmp,ff74b11719246fa0b8b6f3e4ac9f218371bb6a5dbba2f102931fda444d7e611b
research-lab/data/sipakmed/raw/im_Parabasal/CROPPED/075_03.bmp,b28b62e0fb737c48a30eac989029e0f923e1b63ff3d1d1d203dffea76e993fee
research-lab/data/sipakmed/raw/im_Parabasal/CROPPED/075_04.bmp,365684a7758543baf69e76697e41d0029d0e7311346e6e3c126766bceb5618e6
research-lab/data/sipakmed/raw/im_Parabasal/CROPPED/075_05.bmp,aa4d9ac6ed657e3ef8a99a83182f386a830775d6c7131064fe76530b95e589b0
research-lab/data/sipakmed/raw/im_Parabasal/CROPPED/075_06.bmp,f4a943f614d04f3f148e110cd518f2331575ea4bcd00d42ee16f902dbf84d84d
research-lab/data/sipakmed/raw/im_Parabasal/CROPPED/075_07.bmp,130ba6081d4b505e94a56a6015fba588c4a3e05c940a5818fd001d501044ddca
research-lab/data/sipakmed/raw/im_Parabasal/CROPPED/075_08.bmp,ce7f2ab6e8d9b0081d3fe2a472643b5ec068ecf9d369dde9a9d3cdd0c1cde35f
research-lab/data/sipakmed/raw/im_Parabasal/CROPPED/075_09.bmp,a162912d1e8841924f1ceea12ad3defef45352ce4afee6b728c67c40f2f617fd
research-lab/data/sipakmed/raw/im_Parabasal/CROPPED/075_10.bmp,0d1266ab1902f5748a8528f139da97c684c1d659292e76846801606fa3f48899
research-lab/data/sipakmed/raw/im_Parabasal/CROPPED/075_11.bmp,c23266d5bf012b3b3238950e6b6d04aada8b76bf8ed2e94360be6d5d8163af0e
research-lab/data/sipakmed/raw/im_Parabasal/CROPPED/075_12.bmp,23d861c1b0f83d646e01e72c73c38160607895849f99282268bc86a8beab0b3a
research-lab/data/sipakmed/raw/im_Parabasal/CROPPED/075_13.bmp,92a38e14c4cea2b13cc314add69991c2102e1a5ef08ea24cb7c3bae4ac906afa
research-lab/data/sipakmed/raw/im_Parabasal/CROPPED/075_14.bmp,59339fcf9330a9a7f5a4c0185093e58b61125b6c6a5f7105494e1a4598730a8f
research-lab/data/sipakmed/raw/im_Parabasal/CROPPED/076_01.bmp,9672c4df370094043a0dbd94ff0bd5b4bbb88f9f0302ee7e0fb4c0bdb74772af
research-lab/data/sipakmed/raw/im_Parabasal/CROPPED/076_02.bmp,e6a3c7be2e209bf2995660aa7f80fc571fdad66c4f3c3915203b47a8b977bd9d
research-lab/data/sipakmed/raw/im_Parabasal/CROPPED/076_03.bmp,639cbc4721ac4797b9663e7e8ed99d673c031357df8222ca38fd8f02892612c7
research-lab/data/sipakmed/raw/im_Parabasal/CROPPED/076_04.bmp,d2429611e4f0f25d7db603fdbd6f3bedddb1ed2e53cf9b111cf3ca45c4cc7ab1
research-lab/data/sipakmed/raw/im_Parabasal/CROPPED/076_05.bmp,ea72657e1c2530158a1164e7b2a7427b8c3e75c03998fefec704d46a09cb1f26
research-lab/data/sipakmed/raw/im_Parabasal/CROPPED/076_06.bmp,59e7750fc633cf96d5cdeae4e2d21dc1989c66040081de5135b3ffa722105a65
research-lab/data/sipakmed/raw/im_Parabasal/CROPPED/077_01.bmp,2c87beaee0322c9c9e80d6034a241b5997877f6a02265f0905c3272985f215c4
research-lab/data/sipakmed/raw/im_Parabasal/CROPPED/077_02.bmp,e78ffc316793796898dc42f5c65a9e55e090cbc8c5131281701a71a888c67d84
research-lab/data/sipakmed/raw/im_Parabasal/CROPPED/077_03.bmp,3acaecd6a45cb8317e3db62e67a7ccf53e61a58797fc7159b708b139d891cb46
research-lab/data/sipakmed/raw/im_Parabasal/CROPPED/077_04.bmp,7d1bf9efaff28cbfc52b009e8cf6a5e729dcb3025ab607197d85018d7f29bff3
research-lab/data/sipakmed/raw/im_Parabasal/CROPPED/077_05.bmp,b1ea994eb765d73539d27d1564e14b9d67554692c56e3415c18dcbc2078b63db
research-lab/data/sipakmed/raw/im_Parabasal/CROPPED/078_01.bmp,fb225de391f4ceb8f9b1a98b14100e1e9b3704efe2e26a887d1e1cf1dc9e38e6
research-lab/data/sipakmed/raw/im_Parabasal/CROPPED/078_02.bmp,1b0a9ff5ba86b5faf201764d3f7e5e15aa80ec79307b00f309357c695b437cda
research-lab/data/sipakmed/raw/im_Parabasal/CROPPED/078_03.bmp,450d6e3781cfa1fbae94ea07ee8a2c42c0802165ae05511255c070d4a01831d5
research-lab/data/sipakmed/raw/im_Parabasal/CROPPED/078_04.bmp,9fa132c6ae69d3de4be2c198df96a8e22da7c7dd1628422e4981f6f061255137
research-lab/data/sipakmed/raw/im_Parabasal/CROPPED/078_05.bmp,6a7d0aded300c1b46f70bb04c4e7c7868f6e9d5ab4e196182eab9fc2328e72b7
research-lab/data/sipakmed/raw/im_Parabasal/CROPPED/078_06.bmp,815ed1ffe6e68453bc1777bc7c972eb906c74ef7064d7744134479207d44f4b3
research-lab/data/sipakmed/raw/im_Parabasal/CROPPED/078_07.bmp,04dd6c903449e92694917bc4bf82ba32674a93e51d5ec13bd9e249c2844c5f81
research-lab/data/sipakmed/raw/im_Parabasal/CROPPED/078_08.bmp,7a0169b55ddf500b7c866b477ff4ea92900342d00d6c7d284f49e8ffd0a2f97a
research-lab/data/sipakmed/raw/im_Parabasal/CROPPED/079_01.bmp,b248151209fd72abf8e0ff970336d055472120e8131b8295ecd58e916d5b4728
research-lab/data/sipakmed/raw/im_Parabasal/CROPPED/079_02.bmp,38268a5ea5fcefc30aaf41a43082d93e979f84b2498ab22caea027e35ae84364
research-lab/data/sipakmed/raw/im_Parabasal/CROPPED/079_03.bmp,8461e49c5e5d2808ef71cd8abc260365055a36ba45af2bb10ee0b91ce297b254
research-lab/data/sipakmed/raw/im_Parabasal/CROPPED/079_04.bmp,0bb7b69415be229adc7396c3d5fe685ea7b5bcd784b0dcd7a20688a9ac0deeb8
research-lab/data/sipakmed/raw/im_Parabasal/CROPPED/080_01.bmp,0aae87ce91c5cbb6db4790a30a95451b7ad44012366162412842ca35809517c8
research-lab/data/sipakmed/raw/im_Parabasal/CROPPED/080_02.bmp,1d88a6c386c825a9babf32523549cba23bfd958a00a83cf761c4fafeac2b6825
research-lab/data/sipakmed/raw/im_Parabasal/CROPPED/080_03.bmp,90fe71558cf34ad2778fb72579de640b0d86f8f3dfb8fbc37407da45d5fb49e8
research-lab/data/sipakmed/raw/im_Parabasal/CROPPED/081_01.bmp,5c020f72a5493dcf476f77f69b7b9ed1dc92876280b13f994ee7cc17b8d90cb9
research-lab/data/sipakmed/raw/im_Parabasal/CROPPED/081_02.bmp,6ff5ae9ec43a0154436247680442a3a634b698b09ba254dc7f9c52ee23de18cc
research-lab/data/sipakmed/raw/im_Parabasal/CROPPED/081_03.bmp,d9d89665699a00e2551998c088684e216cb1aee2e465500230f23c2aaba147bb
research-lab/data/sipakmed/raw/im_Parabasal/CROPPED/081_04.bmp,fc79d5d8eb41af20ea4e30f3635e5dffb59e91598bd26cdc77de8d79e9235e00
research-lab/data/sipakmed/raw/im_Parabasal/CROPPED/081_05.bmp,43b37d92c7d5867f9e0be6611bcbbfa00b2924379c70a5f36a25318bc7bf248e
research-lab/data/sipakmed/raw/im_Parabasal/CROPPED/081_06.bmp,2f757a3fcb61c38d9ab4bb3275558e3c163fdacdf02f47b1a56b5e1dbc69f825
research-lab/data/sipakmed/raw/im_Parabasal/CROPPED/081_07.bmp,7c6ad707f539d07794b9f44e31d7a68c912541c6dc5fdc7e2deacd830c3c338e
research-lab/data/sipakmed/raw/im_Parabasal/CROPPED/082_01.bmp,1141ba6856bef8160e249c0ddcfb781e835a990c9adc8f3c6d052699f56cceef
research-lab/data/sipakmed/raw/im_Parabasal/CROPPED/082_02.bmp,0ef46448f5beb003593fc176ee8c949a1f880cbc4f92be08dc4ac48ce3884d09
research-lab/data/sipakmed/raw/im_Parabasal/CROPPED/082_03.bmp,d6ef82e9bcbd219c6bfa89855f50d7f783f9eb65d22364a54f561830e96429c3
research-lab/data/sipakmed/raw/im_Parabasal/CROPPED/083_01.bmp,083dd70757cb440bc4e0b13aa5e513ed2da294507174f4fed78ac0e7a3555d0b
research-lab/data/sipakmed/raw/im_Parabasal/CROPPED/083_02.bmp,91288340b8eff1b912f3381c5daf96203c967f4749ce859762a464eec0186cb8
research-lab/data/sipakmed/raw/im_Parabasal/CROPPED/083_03.bmp,b6b34aeb57119f4ab8ae282c6c09df674154645b5e31fe99d1f64fd2b93be95e
research-lab/data/sipakmed/raw/im_Parabasal/CROPPED/083_04.bmp,9ccb2832abb8dbd7a2ca60571d6afc2eef407115aaa6b9f0d9062bac3ef39821
research-lab/data/sipakmed/raw/im_Parabasal/CROPPED/084_01.bmp,4ee1be433113f4ca3c71ed46629dd5a806799e90b0aebdfa0eea80911867f7d9
research-lab/data/sipakmed/raw/im_Parabasal/CROPPED/084_02.bmp,edfb5d5eb6dcd284e65e9363c59d858daa0e2b1d499cb13fbcf4dfb7be20d9d3
research-lab/data/sipakmed/raw/im_Parabasal/CROPPED/084_03.bmp,3806dcfc0ff897e296cf7fc043c694b01106af80d91e6b68407567eeee3af80b
research-lab/data/sipakmed/raw/im_Parabasal/CROPPED/084_04.bmp,9cfa65a52a30c402c63d1d42f56c44fa594f6e4bc7610e16e55e9f88d327b7a5
research-lab/data/sipakmed/raw/im_Parabasal/CROPPED/085_01.bmp,605c814c6d119ea106e6053f61600eca3c647e5fd4717a112f97bcf6f97551e5
research-lab/data/sipakmed/raw/im_Parabasal/CROPPED/085_02.bmp,2577d97419cdbe43b446ef3373ec765279f6045df71e1c2d66797f6c2730e35e
research-lab/data/sipakmed/raw/im_Parabasal/CROPPED/086_01.bmp,7a382a31bd2a8dccff95f8d4bc2384527d0c1f3cf9e09e55604d6112ba212a8f
research-lab/data/sipakmed/raw/im_Parabasal/CROPPED/086_02.bmp,acbace1609eb499cb2c533b69f7b0dfadafa0bf11b16c35e141f0aebb9efd4aa
research-lab/data/sipakmed/raw/im_Parabasal/CROPPED/086_03.bmp,bf5d52bf8fd6cb29f6846a23d238a022393fed1b23df5baec5e3907fbbe0b6a7
research-lab/data/sipakmed/raw/im_Parabasal/CROPPED/086_04.bmp,6baafff00024fcbce9939e02621f18d9c3bd7209bb983a1d2622408d3dcaa8ed
research-lab/data/sipakmed/raw/im_Parabasal/CROPPED/086_05.bmp,a2de4e8c72aac804127c77043b7ff4beb70dd7a1f4c9ccc9a924ea4c4fece216
research-lab/data/sipakmed/raw/im_Parabasal/CROPPED/086_06.bmp,e8991d1abb153f985d0d99e01831a10e0c68f5b913cd6fbdf40314dd08418e7e
research-lab/data/sipakmed/raw/im_Parabasal/CROPPED/086_07.bmp,6f214d19020d798194a774766592e13a1a5427fa6c2fa88bd7088bfd3edcaa3d
research-lab/data/sipakmed/raw/im_Parabasal/CROPPED/086_08.bmp,8c27ff5611a97d72e2efb77b2e889ed66f2d1a404f1ddf8fe0d772e297c196ea
research-lab/data/sipakmed/raw/im_Parabasal/CROPPED/086_09.bmp,13f23d8e49898f7e113623779755bd5005868cb74a238ac047ff115442e1ab9a
research-lab/data/sipakmed/raw/im_Parabasal/CROPPED/086_10.bmp,26020eb145c0c9f9bbd763fb02a357b6b2382d57abe6145bb6cb202dd9c71e15
research-lab/data/sipakmed/raw/im_Parabasal/CROPPED/086_11.bmp,248ea94cb3936c0719a711acf15a43622bb2fdd69b39cb4631e949650b18d825
research-lab/data/sipakmed/raw/im_Parabasal/CROPPED/087_01.bmp,08cc4bdc4de6e52aadbe0d426d4d3d71872f069d12f2cbae699560abc7ca6d73
research-lab/data/sipakmed/raw/im_Parabasal/CROPPED/088_01.bmp,5fe4b09ac38ab7317ef205ca996db9755a455898250895f07d55f7c49f0bc744
research-lab/data/sipakmed/raw/im_Parabasal/CROPPED/089_01.bmp,ec5b6004ef4f6c741959f10e5bdd297f17df25932646cb7c29c64983a863c2f5
research-lab/data/sipakmed/raw/im_Parabasal/CROPPED/089_02.bmp,b8434e1fd847f96647259aa9c1352dcb9795eb83c9ab7823c99f18906835c7f8
research-lab/data/sipakmed/raw/im_Parabasal/CROPPED/089_03.bmp,35e8da00c045653eab2f1e39b00e56d59c7b621f90f4702b185d25ea37a7e2d4
research-lab/data/sipakmed/raw/im_Parabasal/CROPPED/089_04.bmp,e29dc376c60d0836d8ba441e698b1bde70657520fb7fd80411a6102a9b3eaf7e
research-lab/data/sipakmed/raw/im_Parabasal/CROPPED/089_05.bmp,12470fc8e4e7fd9c93f98a8df143ad4610f2a0ecc54f570d94a63fa6662cf64f
research-lab/data/sipakmed/raw/im_Parabasal/CROPPED/089_06.bmp,fa5e83213d911c29950a44fe53df75aa78d25401a5797cd40b3ba3b4a687ad03
research-lab/data/sipakmed/raw/im_Parabasal/CROPPED/089_07.bmp,a5c52b45cb17c7d7cdd8f1bd176117706f78e45341ca5c88db1795b348a8f4e9
research-lab/data/sipakmed/raw/im_Parabasal/CROPPED/089_08.bmp,53c9f8e8284350e49b9576d5326eb6da9e704e2d41738217eda9ea450bb62a8c
research-lab/data/sipakmed/raw/im_Parabasal/CROPPED/089_09.bmp,10f5583a033e2dbbc35ab6b5eac6b0b464b9bf932b95497106a85e19bd7df120
research-lab/data/sipakmed/raw/im_Parabasal/CROPPED/089_10.bmp,63d2662d116759eddf4b7ff9b610d77d5218a856291da1e32b7b537a3025ffb4
research-lab/data/sipakmed/raw/im_Parabasal/CROPPED/089_11.bmp,7f00c2360a7e64203d2fbe4bc9aab0a7871400d82087858805c73dc8094198e1
research-lab/data/sipakmed/raw/im_Parabasal/CROPPED/090_01.bmp,a0686edda2ef006bb06dd753f3c101e89db693f44a9525a0e7383da3d57142d3
research-lab/data/sipakmed/raw/im_Parabasal/CROPPED/090_02.bmp,27d3b1cf91f8c1d80cb5dc7e531d312af6dd8153aa4f2b5a84d4060c41852749
research-lab/data/sipakmed/raw/im_Parabasal/CROPPED/091_01.bmp,5d63ee254738c0a9853fdc270191df2b06cc154efcade7b33b0cdd221ffcac23
research-lab/data/sipakmed/raw/im_Parabasal/CROPPED/092_01.bmp,50b5f19b24333ff253c60ab101e07328715664825ae0a6c97211cdbcf1fab3b0
research-lab/data/sipakmed/raw/im_Parabasal/CROPPED/092_02.bmp,1361a70fa405aaca4d207c19046a19d9198d7c8779cc52341920187bdd3f6745
research-lab/data/sipakmed/raw/im_Parabasal/CROPPED/092_03.bmp,906b850b5a9409573b028748d668d2b6e23535ebd012fb8f53bac3663b9dc35b
research-lab/data/sipakmed/raw/im_Parabasal/CROPPED/092_04.bmp,b1e859eee1dc8793c6b15b893d188c230def19e93d222cb4e3a215e4b842ceaa
research-lab/data/sipakmed/raw/im_Parabasal/CROPPED/093_01.bmp,c09cee242c12fd813d33a8724d9c18ad68a05ad59a17a56ebbfbc3e2877e7562
research-lab/data/sipakmed/raw/im_Parabasal/CROPPED/093_02.bmp,04c5c4beee30b12e428fcd77f1af1eca7a2b984ae2c8db7c9acc59ab90b92203
research-lab/data/sipakmed/raw/im_Parabasal/CROPPED/093_03.bmp,439abcdc94fa65440986e970545c4e362bc2764162579b8056b569b0e6a72634
research-lab/data/sipakmed/raw/im_Parabasal/CROPPED/093_04.bmp,68201627cdbf92feae56018a9778af339dcce313a39ccb9d0aea97ed216fce92
research-lab/data/sipakmed/raw/im_Parabasal/CROPPED/093_05.bmp,07f12921905fa7dda15da41bd27460fa013b522c511fe76c398d5e1a50c5d456
research-lab/data/sipakmed/raw/im_Parabasal/CROPPED/093_06.bmp,e940a7daa5ca796edf0becbefc1a7d8dbbda9b99b1082fbe17703b318e33ad74
research-lab/data/sipakmed/raw/im_Parabasal/CROPPED/093_07.bmp,1a7ec95e5dca0900daacef30d36b65583b7723bacb17cfdb12d3c9c2308f4042
research-lab/data/sipakmed/raw/im_Parabasal/CROPPED/093_08.bmp,dc035fb1ae6061e0959c8071783ae4b664f66fd99a0cd5ebf0045db57454e377
research-lab/data/sipakmed/raw/im_Parabasal/CROPPED/093_09.bmp,681d2b6901928aeb717b8f4bf287e55d1700b20622f55600e343fc1181d325a4
research-lab/data/sipakmed/raw/im_Parabasal/CROPPED/093_10.bmp,7db4d2d3f8cfe09154c96a37202d628427802af882e661009d654f448eb359e8
research-lab/data/sipakmed/raw/im_Parabasal/CROPPED/093_11.bmp,c9f1e8b6f4d84301cb5aab544c8080fc982558ab91b6979e075af8e6c74fa719
research-lab/data/sipakmed/raw/im_Parabasal/CROPPED/093_12.bmp,7ddf5ba7b26f7698fd9433ae6e345aeacf9fb81c680bcb04dadc2f45aa6e3938
research-lab/data/sipakmed/raw/im_Parabasal/CROPPED/093_13.bmp,993a766468b61dce3f03d5d852d6a2b1600fffe91b9a35ad68329527630eb2fc
research-lab/data/sipakmed/raw/im_Parabasal/CROPPED/093_14.bmp,8c7ea82f595056c854e3b00e940d3e71e5ee3c83633600a1f435907313b2a1e7
research-lab/data/sipakmed/raw/im_Parabasal/CROPPED/093_15.bmp,5d17fba009a6c4cf1b3019d0f6ab2001b49deaf05dbe207c640ac6d5a82becd0
research-lab/data/sipakmed/raw/im_Parabasal/CROPPED/093_16.bmp,c0299cfbfd33ae9c9bf274c018c338c9d804056a1bbc3b8b4c9648db60ba5a0e
research-lab/data/sipakmed/raw/im_Parabasal/CROPPED/093_17.bmp,2a2ff36ffd6996443f4ff441b4cd586766721910ce1d78b985656afe97ae6ab0
research-lab/data/sipakmed/raw/im_Parabasal/CROPPED/093_18.bmp,f121135714a4d36ebfa6e9ac0090d1351fa2334e98f02d3aabe2f48db4145cb3
research-lab/data/sipakmed/raw/im_Parabasal/CROPPED/093_19.bmp,f713e9b748f3c71b610251217787f14d5b16be54e6baf47dfbc8f40209f0d937
research-lab/data/sipakmed/raw/im_Parabasal/CROPPED/093_20.bmp,9638be559c19f8c6dc94bb59ae42ee76edb402a880bbcc3fa515ab0b97024ddd
research-lab/data/sipakmed/raw/im_Parabasal/CROPPED/093_21.bmp,c264c4dd7f6f468dbf24aebc39fcccf4f793e593d9deab0b4c411b4f569ac8f7
research-lab/data/sipakmed/raw/im_Parabasal/CROPPED/093_22.bmp,ded0bf362f2a281ae63232b06cf9ec77478da2bba3a05b01ff81d60cc86d930e
research-lab/data/sipakmed/raw/im_Parabasal/CROPPED/093_23.bmp,c2e01bf7549b092e0fe7fa05780fa8edc6ad04bd366aa2cdc680664cc8b1bb15
research-lab/data/sipakmed/raw/im_Parabasal/CROPPED/093_24.bmp,631331cb6ea3378f90403082daabdadc7b999171ac12c4f0702f9b17df8c90cb
research-lab/data/sipakmed/raw/im_Parabasal/CROPPED/093_25.bmp,6b11f37d113fd49061ad75d0145ff3f9a8f759eb0c367524532a7902efc89e84
research-lab/data/sipakmed/raw/im_Parabasal/CROPPED/093_26.bmp,9f03e06eb35a4764553566e14dc171d76a029e2e6616d3f89fa83ab40ff58f1c
research-lab/data/sipakmed/raw/im_Parabasal/CROPPED/094_01.bmp,c244b51c640a07051d50cc48dc7b066ee563dab9287acf472479ecbe5b3199ff
research-lab/data/sipakmed/raw/im_Parabasal/CROPPED/094_02.bmp,7a748601f797618df0bf3477b09d9999d9d2adab694dd1cef42ad6eaef0697fe
research-lab/data/sipakmed/raw/im_Parabasal/CROPPED/094_03.bmp,485407fc22ccc6e5a66ed619b46dad6c25f2eef84a93caaace84ce2bfad8c285
research-lab/data/sipakmed/raw/im_Parabasal/CROPPED/094_04.bmp,5d2c1f2c591ac5f680a07acbaba4da41d6f1754ddfc442408bcc1f84f15bc191
research-lab/data/sipakmed/raw/im_Parabasal/CROPPED/094_05.bmp,76af2b70742b528341a1a6dff577957e2d8d8b7a1c4b830a253273e0bb25f947
research-lab/data/sipakmed/raw/im_Parabasal/CROPPED/094_06.bmp,4b7d60b79a50b7cb0fbc9a61293493d266d95e2c44926a8ee88fb6df1d833364
research-lab/data/sipakmed/raw/im_Parabasal/CROPPED/094_07.bmp,e89cb8c8f99b3ab46a55660a5407abf8acc254ef64e61bc30fe672bfeea06635
research-lab/data/sipakmed/raw/im_Parabasal/CROPPED/094_08.bmp,8cd4abde97ba2b268fc98c43ad23976d1aed9a022b033f552bbd2ca9e1b75910
research-lab/data/sipakmed/raw/im_Parabasal/CROPPED/095_01.bmp,3357e8f2ca4c52c38af3d09b6b8a6dfe9f9d3a550d0fa01d31b667caef8898a6
research-lab/data/sipakmed/raw/im_Parabasal/CROPPED/095_02.bmp,30e94db44ceafb7f89723f54e401fd59ecfae094e59a87bcdcd6879f7d6ea99f
research-lab/data/sipakmed/raw/im_Parabasal/CROPPED/095_03.bmp,1becb53941e939ef883fe064353af3906d2b2985bfe12771e2ade61126a46645
research-lab/data/sipakmed/raw/im_Parabasal/CROPPED/095_04.bmp,1622526e51e94dc950d908dc131e7290330f6153d1a1bc2d5e8a2597de43982b
research-lab/data/sipakmed/raw/im_Parabasal/CROPPED/095_05.bmp,f8c51618bad857bee3f0ac2fabeb8815c9e97d7d202a12c9ad9333fd0cbdfb0a
research-lab/data/sipakmed/raw/im_Parabasal/CROPPED/095_06.bmp,9bdd0103d48f99a92cb7a8767d50a30f85d6e607f0e7d0b8c141584712e5c99c
research-lab/data/sipakmed/raw/im_Parabasal/CROPPED/095_07.bmp,0606339bd315be4b1d38fa5d2dee7485d01798d07bcfd9ada551f36e79d907be
research-lab/data/sipakmed/raw/im_Parabasal/CROPPED/095_08.bmp,9544d5023fa706fc604e128a72a1843cfda73e1d40346fa860b9c9d04d7ba578
research-lab/data/sipakmed/raw/im_Parabasal/CROPPED/095_09.bmp,35e29241d71ffdd805554f54ed16a9f44ef4af451854e33b61b19bfd1bdaea82
research-lab/data/sipakmed/raw/im_Parabasal/CROPPED/095_10.bmp,75ea7cbe5bb1586515099894dee8f60a465438353557f9cf39ef211601c4b431
research-lab/data/sipakmed/raw/im_Parabasal/CROPPED/095_11.bmp,01b30bedf81074bd4afc3fb943df4ecbcea74505b3033a56bef279db0d13ab4c
research-lab/data/sipakmed/raw/im_Parabasal/CROPPED/095_12.bmp,aa83a7ffd4307e2d556ae72f656983cc34911c476dd423aac8eaaea1ad212eac
research-lab/data/sipakmed/raw/im_Parabasal/CROPPED/095_13.bmp,bd51936d552a2eb10c045d0a7eae806724259bb727cb156476b922fcf15667f8
research-lab/data/sipakmed/raw/im_Parabasal/CROPPED/095_14.bmp,8b10a08a2a537d5210b2c40284ada804f1f2f298362a3434ab6e0d9b40555df1
research-lab/data/sipakmed/raw/im_Parabasal/CROPPED/095_15.bmp,ee5f50e30f5c640b0c63cee3ece8d2d1411f66ada216277734b566217cc4c3eb
research-lab/data/sipakmed/raw/im_Parabasal/CROPPED/095_16.bmp,ae8d77d0a7dbd3238d039ba0a9371f990dad5762ffb91345fec3cc1abb91981f
research-lab/data/sipakmed/raw/im_Parabasal/CROPPED/095_17.bmp,d343a8d2bb7b89fa559c19c8e426569543754f968c29e39f6e348c6b3917f971
research-lab/data/sipakmed/raw/im_Parabasal/CROPPED/096_01.bmp,0b627a83063c743b47ab1de422a404dcd3d16a58b62ea38adc1b95ae945921be
research-lab/data/sipakmed/raw/im_Parabasal/CROPPED/096_02.bmp,ec1473849bf9db065657c3e54d1ab346f7f60c801ba0b2ee538a5b4b543c5c52
research-lab/data/sipakmed/raw/im_Parabasal/CROPPED/096_03.bmp,1ec149fa56465e8a5a0075317c8335a8014281d1a324996d1fe11ba1bed32bcb
research-lab/data/sipakmed/raw/im_Parabasal/CROPPED/096_04.bmp,bb5cbb7e64a46eb5ae5435715520c46bc91881fca60634ba1dfad43ab8adec74
research-lab/data/sipakmed/raw/im_Parabasal/CROPPED/096_05.bmp,27c12ff875db1caec754453c1eb7dd1e59d8c9e61ba70fa972aaf0af7dd3d682
research-lab/data/sipakmed/raw/im_Parabasal/CROPPED/096_06.bmp,61e89f38adcb819e72a5b3231cfb8a5fe72541b79f0ebebf44017b28e218c425
research-lab/data/sipakmed/raw/im_Parabasal/CROPPED/096_07.bmp,f2a57d4d5c192bfd4698da4aab1d1988ecb0e8653214b26d13ca2b500af3cfff
research-lab/data/sipakmed/raw/im_Parabasal/CROPPED/096_08.bmp,f3042d7f06111bdc0d0d193a762cd9f1862fa58bcf38812d466bfdf0c4731f32
research-lab/data/sipakmed/raw/im_Parabasal/CROPPED/096_09.bmp,0f59a97e0b4c10c84173a09c880acd0bf41d9ad004b6d14c35fb84cfcfc5f319
research-lab/data/sipakmed/raw/im_Parabasal/CROPPED/096_10.bmp,df8b74acf7375af903c4281b7b644826d6ab026d9d5482126276e0b45896dd5b
research-lab/data/sipakmed/raw/im_Parabasal/CROPPED/097_01.bmp,f3013d32032c3a0f9441c9597c2bbb2c3a977a0574a48dc2f80b851d634c4260
research-lab/data/sipakmed/raw/im_Parabasal/CROPPED/097_02.bmp,e6ecbd39ef15cfcc62090ca6ff1c700f1e0c0692e5a6081670a8256b1e3be0d8
research-lab/data/sipakmed/raw/im_Parabasal/CROPPED/097_03.bmp,32ef38a8625ce77f46537e72bed3e6b206ac78fe74b5a28a2e8017ce303cef9d
research-lab/data/sipakmed/raw/im_Parabasal/CROPPED/097_04.bmp,6134a249783076737f741c960452608f3282efbed49764fc9db7c1c6e14b6811
research-lab/data/sipakmed/raw/im_Parabasal/CROPPED/097_05.bmp,fb58f88d9f6e3c6a413eeadb5a38d0e2433895b8b98c6888946657dba8de4888
research-lab/data/sipakmed/raw/im_Parabasal/CROPPED/097_06.bmp,89e91bcfcf0e8cf4993b7de4a07a6573e52b58506f8eb57bbd6217310a64327b
research-lab/data/sipakmed/raw/im_Parabasal/CROPPED/097_07.bmp,92b8fa298fafd8ca41fa965b39ec4b2c1e2a566703c9a6c1ea3b32e050c92528
research-lab/data/sipakmed/raw/im_Parabasal/CROPPED/097_08.bmp,fa57936cf4b458bb752346fa166c54dc51428922c2dfe3d404ec2e3e3764a891
research-lab/data/sipakmed/raw/im_Parabasal/CROPPED/097_09.bmp,99c3577061cd1de2c9289d2bb10f24e0445b7c51ef594d3a6ccc864231adf98e
research-lab/data/sipakmed/raw/im_Parabasal/CROPPED/097_10.bmp,5312ec283bc9def0ea9e28e0095628c2980a9ff2249fc09188e14f12970bf740
research-lab/data/sipakmed/raw/im_Parabasal/CROPPED/097_11.bmp,3f7b640fd94d2f2f13305581ee037d971af9b1f9f27502c44efa417acdfd2b06
research-lab/data/sipakmed/raw/im_Parabasal/CROPPED/097_12.bmp,63a7bb60519e0a3d9b6309aca5ea07e2a192276ebcd2604f168c21fc3d7fe54e
research-lab/data/sipakmed/raw/im_Parabasal/CROPPED/097_13.bmp,0f0368b8a8a559ca31930804ab27ad1c406d3cada5e89a7b8aa866825c9bf75d
research-lab/data/sipakmed/raw/im_Parabasal/CROPPED/097_14.bmp,28e9dddbda9dc3e37d3611b60e2e96231025fe8c80b4c2d3f958a055382d4080
research-lab/data/sipakmed/raw/im_Parabasal/CROPPED/097_15.bmp,51f4c8e8170af6c59e0eecf03249c3c6ae29cc3f889d43ee4b1b949356796801
research-lab/data/sipakmed/raw/im_Parabasal/CROPPED/097_16.bmp,5394fc9ad14ded9132f91f33a554ef1f022b1bdcd9b622ad80c23552da0ab563
research-lab/data/sipakmed/raw/im_Parabasal/CROPPED/098_01.bmp,9a094b98f24cded8d24488bf192f77672c878e70f90269f3527ba33f5a8dae9f
research-lab/data/sipakmed/raw/im_Parabasal/CROPPED/098_02.bmp,8c3a2b9ad4ecb91f6cfee5fd23ebd9e8376f8d112c5b08d0bed08c8e4a2c756c
research-lab/data/sipakmed/raw/im_Parabasal/CROPPED/098_03.bmp,186f998413cb021efbcdabdc7fb870067a3eba8b935b294ed19fe0c4930a3e91
research-lab/data/sipakmed/raw/im_Parabasal/CROPPED/098_04.bmp,778d775082be4776e501780bc4b248d8ba5e9ef3b7f00569d0ee3f27e3c54caf
research-lab/data/sipakmed/raw/im_Parabasal/CROPPED/098_05.bmp,bd20332e9074045e6a3a5996c9ea232f0c24a09e2d3b72281fae3e02f0f351d9
research-lab/data/sipakmed/raw/im_Parabasal/CROPPED/098_06.bmp,e8c049b9d29326e7994e3ef73135f50ac40bb34d4ce762ec0231b5a6fbc8304d
research-lab/data/sipakmed/raw/im_Parabasal/CROPPED/098_07.bmp,c162fe0cb0f8074171c99ab2114f2ca62198bba92385254fe32a11a6c9538007
research-lab/data/sipakmed/raw/im_Parabasal/CROPPED/098_08.bmp,a8b2e2d20b5bbd14f4d7366a089a743dd24de8c3620811fe99a5e09cf472474d
research-lab/data/sipakmed/raw/im_Parabasal/CROPPED/099_01.bmp,0e0002ee26c69694f77f11ac034d079137d2014beeaec84a75a7352bc1594afd
research-lab/data/sipakmed/raw/im_Parabasal/CROPPED/099_02.bmp,30c8a1a2f488a5db376f527b7665abcaec53651fd47c8c1aff1ff4e7d75a149f
research-lab/data/sipakmed/raw/im_Parabasal/CROPPED/099_03.bmp,69937622c5cb193ee65bbad480c3f4c34d3a8a18cd62462d677fe33fc9b81f1b
research-lab/data/sipakmed/raw/im_Parabasal/CROPPED/099_04.bmp,6ca19e1fd60559a052a3a7243dd7cd1301ea410a82e1653dd3f85af24d2bb1bc
research-lab/data/sipakmed/raw/im_Parabasal/CROPPED/099_05.bmp,b27eed664c011d484f5687ff0d98083dc4dc35b38af41a9b97fa82f065530969
research-lab/data/sipakmed/raw/im_Parabasal/CROPPED/099_06.bmp,9cf2c078c9ae857cb0385642a79207a5765a4b0a6f6b34ae3dd5151949b71317
research-lab/data/sipakmed/raw/im_Parabasal/CROPPED/099_07.bmp,8db0909d9d9bf3eafd85da23502b541e3c9bf7fae34d89f304f139fc8faadfa8
research-lab/data/sipakmed/raw/im_Parabasal/CROPPED/099_08.bmp,db7251591bff57f5fc97610789f77c54e108bde0e3250e91b1309bcbbb7722d0
research-lab/data/sipakmed/raw/im_Parabasal/CROPPED/099_09.bmp,340cea0e6fba4df9bccfa0cf69a966e2704baa21dd76a7fa228ece692f52126a
research-lab/data/sipakmed/raw/im_Parabasal/CROPPED/099_10.bmp,45b786d5870eb4e421ae2ff894635337a2840fd742839d66b859b6745f415a43
research-lab/data/sipakmed/raw/im_Parabasal/CROPPED/099_11.bmp,0739ce6455ae3838807f9597ce9bd1f9c8bb2100dff4146df9fd878871401a27
research-lab/data/sipakmed/raw/im_Parabasal/CROPPED/099_12.bmp,7bcd929f10ebe5123acf1a36fdfc54896eb49959abc939f9e57eccb149aff14e
research-lab/data/sipakmed/raw/im_Parabasal/CROPPED/099_13.bmp,07806438f17b05f30da91175cad9b060514ddd76984de18cee7c0c523060d886
research-lab/data/sipakmed/raw/im_Parabasal/CROPPED/099_14.bmp,e34e35195ddd008f47ca76a2bfe8156e7614891a6ae273abdf8263bc550f6277
research-lab/data/sipakmed/raw/im_Parabasal/CROPPED/099_15.bmp,c230b4752a5e0698257b601069d64a5eed5a69e4af983db7bbeb6976c955ec4e
research-lab/data/sipakmed/raw/im_Parabasal/CROPPED/100_01.bmp,30216cfb2bccd94d0f117a5b2ce8a437e34f6e7125e0dfc93d92420dcf743384
research-lab/data/sipakmed/raw/im_Parabasal/CROPPED/100_02.bmp,30a49226365dba81b37fcb691fa5fca6f7e3ac49dbdc105746d0fbb59ef2b853
research-lab/data/sipakmed/raw/im_Parabasal/CROPPED/100_03.bmp,af5746414df341b1faaf661a9f09c63453c1af8e846a44af397582e3e31ebd95
research-lab/data/sipakmed/raw/im_Parabasal/CROPPED/100_04.bmp,ff2fa39d2d6fcd1141dfad1f262ceb4071a80d4f4a005467a7626a3e1df22bd8
research-lab/data/sipakmed/raw/im_Parabasal/CROPPED/100_05.bmp,2937fd39971918ab5b9c281367cb011569f45d2e2abf139bad765e328f2c684c
research-lab/data/sipakmed/raw/im_Parabasal/CROPPED/100_06.bmp,65a09ff458c5ccd38fc24468a7012acd9468d017aff2bfd19da564080de270aa
research-lab/data/sipakmed/raw/im_Parabasal/CROPPED/100_07.bmp,d8cc0a608bbf95afbd6a32b52e71d6ac10fff2e8ef5fc182d93087bc050bf934
research-lab/data/sipakmed/raw/im_Parabasal/CROPPED/100_08.bmp,eecbb0be5760de05b10e38db73fe226ecd605c050fd48362e1360ab1a0cbdbe8
research-lab/data/sipakmed/raw/im_Parabasal/CROPPED/100_09.bmp,6a313dbfca5426fbdaf539edea37054ba9019a248f016da9b79cc52d19a799a7
research-lab/data/sipakmed/raw/im_Parabasal/CROPPED/100_10.bmp,fa1e1d34a6080e21e80065ac4a1a2456431df9aba3687a3f11aac55859d2300b
research-lab/data/sipakmed/raw/im_Parabasal/CROPPED/100_11.bmp,3bccd3fc58147c3bd0b1eb7f09eb4a4c7eccf72dc372b0dbe8e2fbda8fba4ecb
research-lab/data/sipakmed/raw/im_Parabasal/CROPPED/100_12.bmp,0180fc4d046d28a59f9df9c343811caa564de291e04dc9a12235e15694cc1a7f
research-lab/data/sipakmed/raw/im_Parabasal/CROPPED/100_13.bmp,9f0d9813739daa08ef772735ec188b9803af969c4ea0dcb43f7c535f9822ee8a
research-lab/data/sipakmed/raw/im_Parabasal/CROPPED/100_14.bmp,31a3f618cbefec81087691d146bb6bc14f5c7ae3e61157ec83f7b28f4078a654
research-lab/data/sipakmed/raw/im_Parabasal/CROPPED/100_15.bmp,f0f0d3efc106d0f20086d50e56f995d0efc63b2d8c6fc34c96ab140ab8288404
research-lab/data/sipakmed/raw/im_Parabasal/CROPPED/100_16.bmp,595864976145ecd13606c689634395b0e9c2d84740835a2dba7226d03ec3d909
research-lab/data/sipakmed/raw/im_Parabasal/CROPPED/100_17.bmp,62c3efc0d84fd20dc4e9c78bc14c97f718deeef7c64d4335ef3cd6281e8c0e54
research-lab/data/sipakmed/raw/im_Parabasal/CROPPED/101_01.bmp,d70e20f66ff5f019b45e70e304fb708c7f8d62890f4bbf3de59dae48250a29fe
research-lab/data/sipakmed/raw/im_Parabasal/CROPPED/101_02.bmp,5cfcbbd54b5aef8756b13203971b057d26bc0b7e384c25479b14a3d1b558b048
research-lab/data/sipakmed/raw/im_Parabasal/CROPPED/101_03.bmp,8f29547a197fb77b3333616731f8d6a761ba9f115acacceae08ca89a53a7d851
research-lab/data/sipakmed/raw/im_Parabasal/CROPPED/101_04.bmp,d521f6586e05a8a4352033966158ab37cf9b3756fca2b04505d4260e7e434f1c
research-lab/data/sipakmed/raw/im_Parabasal/CROPPED/101_05.bmp,12af01e705aa31311e10270bc9a9795988b4843b73598ad674ba0b921ef50b62
research-lab/data/sipakmed/raw/im_Parabasal/CROPPED/101_06.bmp,7aed2de5cbc653dccbc1c222e7a2dcbe4fbf3e1788552efecc8dcf849d16d2db
research-lab/data/sipakmed/raw/im_Parabasal/CROPPED/102_01.bmp,920ae440e8aaa362418c9c3dbb00abe8427042e0013571b4646851ef4b3402ba
research-lab/data/sipakmed/raw/im_Parabasal/CROPPED/102_02.bmp,32c2282ef2cee2ab2bb747894a84bc5fa9b5bf67898dede288ea42e26bc248e1
research-lab/data/sipakmed/raw/im_Parabasal/CROPPED/102_03.bmp,7882caf208dd857120547ba0270e5cf3836e42954eb4bfb8ccf17aca1093caf7
research-lab/data/sipakmed/raw/im_Parabasal/CROPPED/102_04.bmp,a4ed61dc5ee7f1b96cb45b1c030889523c299b40d03c1345e8fc140689fc866f
research-lab/data/sipakmed/raw/im_Parabasal/CROPPED/102_05.bmp,8bf0d5838931c631a917ea2a4324a7c9c0263a1ed3cfdaa5ea8d40c1b451ef6b
research-lab/data/sipakmed/raw/im_Parabasal/CROPPED/102_06.bmp,75d917c06fc3c30929125a61bc0ecd1543710d1a086b2080a664b5bec2a9d119
research-lab/data/sipakmed/raw/im_Parabasal/CROPPED/102_07.bmp,4274decba85780d097e65a5223c74c7eae326c8f99a732f35782cf992b5741cc
research-lab/data/sipakmed/raw/im_Parabasal/CROPPED/102_08.bmp,b975b4e8271d5f462234c3f5b909bd5d8890a1f0302701cd1b46246d530d6aa8
research-lab/data/sipakmed/raw/im_Parabasal/CROPPED/102_09.bmp,e6652d5d10d09ec53025f2a8986b068bf7aefcf00d71ac0a3fa7ffc414476ebf
research-lab/data/sipakmed/raw/im_Parabasal/CROPPED/102_10.bmp,cb538d89d23508be3da0d442179f40fc4482a8d9242e15ae8fb14afc3452015a
research-lab/data/sipakmed/raw/im_Parabasal/CROPPED/102_11.bmp,e81a0d685031cfdc4bbd25692da0a5e17cd7466abfdd34dc8d7cb8bd5c818f1a
research-lab/data/sipakmed/raw/im_Parabasal/CROPPED/102_12.bmp,0a58eed65cf3bff492e8e50ef7e336b76670762a6ac6aba16c9eb89c8726d8f8
research-lab/data/sipakmed/raw/im_Parabasal/CROPPED/102_13.bmp,a8e8b141216efd71901cff8bea72d36796cec67940ec11f7b317258e162a78bb
research-lab/data/sipakmed/raw/im_Parabasal/CROPPED/102_14.bmp,c4277e77283b47602bb4300065f8b96a52187b213f4ddad23d9c77bec011e307
research-lab/data/sipakmed/raw/im_Parabasal/CROPPED/102_15.bmp,a49f7b3313a0c74dbc333941973f6158bdde53bf73776183e2abde11cfb7f39c
research-lab/data/sipakmed/raw/im_Parabasal/CROPPED/102_16.bmp,d2c1caab71da8677a05d6d0c2c46591a4ab0de913b68c1f1f2f6124cc94ecf04
research-lab/data/sipakmed/raw/im_Parabasal/CROPPED/103_01.bmp,b3a0f453af308eb3c286d30e501e4158b8ea2203a675fc30d8d8020416032b56
research-lab/data/sipakmed/raw/im_Parabasal/CROPPED/104_01.bmp,5f542df030b00021488904c5fdac5045f8dce1d828e4d12d0efce0042de0c1de
research-lab/data/sipakmed/raw/im_Parabasal/CROPPED/104_02.bmp,f64861133ae61d431e1313bcc4ef530d474b6db9be37cd0097e762254f0f966f
research-lab/data/sipakmed/raw/im_Parabasal/CROPPED/104_03.bmp,ec71ea1556ccfcaa685c58cf8effce8bf5c9b3d314fadc4f4a0f14ee8c1fd51b
research-lab/data/sipakmed/raw/im_Parabasal/CROPPED/105_01.bmp,b87eca17d0af9c77d34a74d11a8a1f97ea83400277785d2406a99cd3dd197115
research-lab/data/sipakmed/raw/im_Parabasal/CROPPED/106_01.bmp,5f2674718e22c45fd10083a6111cdb369374522e3db784d931062f6758794d7c
research-lab/data/sipakmed/raw/im_Parabasal/CROPPED/106_02.bmp,da265ad25b19caebd19b0b7e3353bdefa6887703e71359fef0da5ce573ef4ac2
research-lab/data/sipakmed/raw/im_Parabasal/CROPPED/106_03.bmp,98fc04258493377a42b761e1a0fca5e820e6032eced695da5d2b4db1eca7640c
research-lab/data/sipakmed/raw/im_Parabasal/CROPPED/106_04.bmp,c8c5499c1debccb8d032a1ec0e766c67cfd57396f4dc9a6c9dda0293057ae6fd
research-lab/data/sipakmed/raw/im_Parabasal/CROPPED/106_05.bmp,d2bf19b10c945cac19ba075a96f165cbc1be14dd0f4b1f5ad48b66cc068478a8
research-lab/data/sipakmed/raw/im_Parabasal/CROPPED/106_06.bmp,390026b3d6001eef698b4113a939c85771c3f75711aa6b8ba149a3c8c143d767
research-lab/data/sipakmed/raw/im_Parabasal/CROPPED/106_07.bmp,5f1685b27ace1fdea341622e2879a5d2f4a21e9c479daf01d3f7fb3e15c222eb
research-lab/data/sipakmed/raw/im_Parabasal/CROPPED/106_08.bmp,d85bbece0901b9073b9e9a43606898f37dc1c6cf87f0d03f0c2fa11e030b87e1
research-lab/data/sipakmed/raw/im_Parabasal/CROPPED/106_09.bmp,60a765943e45cc24dfa7ac35758e07c92423ab466ca1a6511c0314448fc0e858
research-lab/data/sipakmed/raw/im_Parabasal/CROPPED/107_01.bmp,d7bfd1b03d8e3b78bb3843972321a40e8b01a8cef4444d02598d550a7ae9d02b
research-lab/data/sipakmed/raw/im_Parabasal/CROPPED/107_02.bmp,5c5058b026111d69ea1c4480fdd16f0901fffe6a603b06e93d3768698e2fc3b2
research-lab/data/sipakmed/raw/im_Parabasal/CROPPED/107_03.bmp,a9df160f14528b3b093ed68e5783adf538df4fd8e1f617e322c2474101a7b62b
research-lab/data/sipakmed/raw/im_Parabasal/CROPPED/107_04.bmp,1a0c8556a19c15c2741e80ea94f13b659d50ab31e722943c3bee2ab428683210
research-lab/data/sipakmed/raw/im_Parabasal/CROPPED/108_01.bmp,dc4d4a7ac08a3eea560fd43d4aa7d3fdf11a5b00e6af1e69ddd4ba694a343dae
research-lab/data/sipakmed/raw/im_Parabasal/CROPPED/108_02.bmp,14619bac9aae3f3b4eef990ff3ab48d997a064aadf8d9a596206de315b648a05
research-lab/data/sipakmed/raw/im_Parabasal/CROPPED/108_03.bmp,0a9754a8f6db396123fe6c9897850f197fc83bc0f1a5bbe94329937f9b6980c1
research-lab/data/sipakmed/raw/im_Superficial-Intermediate/CROPPED/001_01.bmp,7775898c72c8b7c54dbc7bc29683ca6e38cc72229bd01d92576120870c76ac6a
research-lab/data/sipakmed/raw/im_Superficial-Intermediate/CROPPED/001_02.bmp,7567db4fc138be3204ab055066f4aa15d11f4020c5c567fb10795ca3aec73f07
research-lab/data/sipakmed/raw/im_Superficial-Intermediate/CROPPED/001_03.bmp,b7e1a30eaf31198f07c4c7d144f83ff28c1b900c2d0ee62e4986ea4c2e2a6d15
research-lab/data/sipakmed/raw/im_Superficial-Intermediate/CROPPED/001_04.bmp,ca9be2ba61c771100a3b146bcba1a98a1dbf0fa9699e8885800e54ac0b5c8b51
research-lab/data/sipakmed/raw/im_Superficial-Intermediate/CROPPED/001_05.bmp,a23d0c4596fd5a1b080800a0bdb60f19ae75a21e0afb0c79c808c4caf84e4804
research-lab/data/sipakmed/raw/im_Superficial-Intermediate/CROPPED/002_01.bmp,07e37ea34af4a28a276159ab654ca9979a3a90423df159d4950162fe5b8099d1
research-lab/data/sipakmed/raw/im_Superficial-Intermediate/CROPPED/002_02.bmp,132d77baba3a03a2ae81c527b013e902463a1f82cfd1e99c65f0179dd861457d
research-lab/data/sipakmed/raw/im_Superficial-Intermediate/CROPPED/002_03.bmp,f2d043e4b6ec80c1a042f9aa9d4da7f9c7e0fc63eede3a81ce4383e993133304
research-lab/data/sipakmed/raw/im_Superficial-Intermediate/CROPPED/002_04.bmp,7a3f9d3580fe7edf8459aff02237338ceac8f24c1c2cbcc2395567cc0705c915
research-lab/data/sipakmed/raw/im_Superficial-Intermediate/CROPPED/002_05.bmp,28b28e157076ee0c59aaffbb691221e311efe33e7293d7a7828600c6bcca3405
research-lab/data/sipakmed/raw/im_Superficial-Intermediate/CROPPED/002_06.bmp,269f2db2414abc8220282e8306da019de625257be85d9ecb94707450e8dc13bb
research-lab/data/sipakmed/raw/im_Superficial-Intermediate/CROPPED/003_01.bmp,f700109d53f5c10322c38ce61a339cd032b8a78bb5c221e584f4b8ab0b85676f
research-lab/data/sipakmed/raw/im_Superficial-Intermediate/CROPPED/003_02.bmp,c319455fde5d37af240558982e2dca0939dd64841530186280453355c76332ce
research-lab/data/sipakmed/raw/im_Superficial-Intermediate/CROPPED/003_03.bmp,fdf1376f0f196948f46730bb282b2f842aa686b4f35ba4aad15a200aeadf4a25
research-lab/data/sipakmed/raw/im_Superficial-Intermediate/CROPPED/004_01.bmp,73c485043a36ef992ce131af4ededc7f66a87c25ac2b0373adfcfa6e3f1bdcc2
research-lab/data/sipakmed/raw/im_Superficial-Intermediate/CROPPED/004_02.bmp,c12ed44f80a343d2443360e25497a4ac67c116c0cb46d4706a6f56464dae6130
research-lab/data/sipakmed/raw/im_Superficial-Intermediate/CROPPED/004_03.bmp,761e4ef96764c8e400c3cbbf90e9265f221033f720b58ec3882c8c6f08e34539
research-lab/data/sipakmed/raw/im_Superficial-Intermediate/CROPPED/004_04.bmp,66783f5277e5724e290d112e4cf7d60506d8c582181ae10100b94248ee8c7114
research-lab/data/sipakmed/raw/im_Superficial-Intermediate/CROPPED/004_05.bmp,bebd15291586f39d464811a8d3c26d9bdba3148caaba7788e1102f557bbbdb9e
research-lab/data/sipakmed/raw/im_Superficial-Intermediate/CROPPED/004_06.bmp,17bde8f790403ff20721d59d6e70a4de150521833c310fc1d2d4b0b493c1080f
research-lab/data/sipakmed/raw/im_Superficial-Intermediate/CROPPED/004_07.bmp,df1f501e7de3089fdf7cce5df5273286d4c067190b889ba389d90e2b55ab9fbf
research-lab/data/sipakmed/raw/im_Superficial-Intermediate/CROPPED/004_08.bmp,39963ccec6c503a6162db6b4c3a1fd9e9faa7fbd1a4f6c87511780124ab250a1
research-lab/data/sipakmed/raw/im_Superficial-Intermediate/CROPPED/004_09.bmp,89e3996011cff924a71ec3d9ec394e7d2fbc20bbf9b82856e4896082190df8d2
research-lab/data/sipakmed/raw/im_Superficial-Intermediate/CROPPED/004_10.bmp,653f26a8628875d6fb1703edb5a6b80dbbc4f8c44a667631bb93971b62372240
research-lab/data/sipakmed/raw/im_Superficial-Intermediate/CROPPED/004_11.bmp,b356540de8d331565e9fa1c1e700fb66a16b6eae3b16ab587a21222750a46540
research-lab/data/sipakmed/raw/im_Superficial-Intermediate/CROPPED/004_12.bmp,74793afed85a5f7ac90aed9050f4e2e70def69a19d4e652729201754dd3b0113
research-lab/data/sipakmed/raw/im_Superficial-Intermediate/CROPPED/004_13.bmp,38e03f581f22a895e6748be5bfc44be4314d7ff2f541a1fc2897e654fae39d96
research-lab/data/sipakmed/raw/im_Superficial-Intermediate/CROPPED/005_01.bmp,1cefc591dd0837a3520dccfa43c740e45a27ffc4ae2724277a3f0ddbc6b9bded
research-lab/data/sipakmed/raw/im_Superficial-Intermediate/CROPPED/005_02.bmp,e0ba0fa7337a7f86e23e67aa3cdd448464f79ea3d66caf4ea9f7056b51712633
research-lab/data/sipakmed/raw/im_Superficial-Intermediate/CROPPED/005_03.bmp,6268092926e7f63effcde79253b274ddf0d19bc469f23f1dce4d39a4d89b5048
research-lab/data/sipakmed/raw/im_Superficial-Intermediate/CROPPED/005_04.bmp,768eb5b2f195d15f5db7dd9347f949d67ee53a10e3d6a6d5ff546c58a85ab376
research-lab/data/sipakmed/raw/im_Superficial-Intermediate/CROPPED/005_05.bmp,fe56050534374861e37ca83dc1ba938defb3b339a2495d5778297e9afc6e5d0f
research-lab/data/sipakmed/raw/im_Superficial-Intermediate/CROPPED/006_01.bmp,cb3a45817c1adba3c6969a271eb2e56501f1fcee701e4b9204ce1a77be05a189
research-lab/data/sipakmed/raw/im_Superficial-Intermediate/CROPPED/006_02.bmp,21d8abfd681fdd110b0a3acad1085d6258d4add4e58c62fa226e2cc37f28e085
research-lab/data/sipakmed/raw/im_Superficial-Intermediate/CROPPED/006_03.bmp,a6043994901270b375715a0b39540730401215e314a28c11240406731a3b94a4
research-lab/data/sipakmed/raw/im_Superficial-Intermediate/CROPPED/006_04.bmp,bbe839b939767b3e7236f9e0e6c0f89fda3919c85736c41619f68a7a23be9803
research-lab/data/sipakmed/raw/im_Superficial-Intermediate/CROPPED/006_05.bmp,4e56e75bd3c2d033aeebe0d014a8007a4d0315c2d90e4df61732f77ac6509221
research-lab/data/sipakmed/raw/im_Superficial-Intermediate/CROPPED/006_06.bmp,138d4429fee9d1d5015a24fae6ef05e7467384a51b366f889862697922f0ca35
research-lab/data/sipakmed/raw/im_Superficial-Intermediate/CROPPED/006_07.bmp,0ab990dc3517475307c098bfb59495202da172f809e5d176ce59e8abf49fa426
research-lab/data/sipakmed/raw/im_Superficial-Intermediate/CROPPED/007_01.bmp,b0ed06b357812ec4eab0d334ab49c59ef20ac2941ec127dec2232d8fa5505883
research-lab/data/sipakmed/raw/im_Superficial-Intermediate/CROPPED/007_02.bmp,b215e5647c9df7559103c148bea761de0b8a3bc1c7d82e163c2926473b2d66aa
research-lab/data/sipakmed/raw/im_Superficial-Intermediate/CROPPED/007_03.bmp,aeaf6ef368d6c5f9687e3dd3432dbe914257c8d425b7891143fdc3e4d40713db
research-lab/data/sipakmed/raw/im_Superficial-Intermediate/CROPPED/007_04.bmp,510f3c5321159800349af894d2bbd6349667bbf283a015de236a817ac0be72da
research-lab/data/sipakmed/raw/im_Superficial-Intermediate/CROPPED/007_05.bmp,47da96cc840db5536f656d70b46b485b391ba5179f00e5b1b4f31343dacccdfe
research-lab/data/sipakmed/raw/im_Superficial-Intermediate/CROPPED/007_06.bmp,31dc236b5035ee1bd47d925303da39fd57857701a9dec2e4828b4f98202d8f3a
research-lab/data/sipakmed/raw/im_Superficial-Intermediate/CROPPED/007_07.bmp,b41e57034b1af0c9c342c4aa9ba129285566ce838f26c8220e66e7e8e4541c18
research-lab/data/sipakmed/raw/im_Superficial-Intermediate/CROPPED/007_08.bmp,939cceca324cc866a792f59fb646040697eaf1be8ca960a7504c985322bf112f
research-lab/data/sipakmed/raw/im_Superficial-Intermediate/CROPPED/007_09.bmp,46a6c323fbdccf6b2aa721f2fbd8c703dbba545f2d01c1c841e7a7be1afd7ce8
research-lab/data/sipakmed/raw/im_Superficial-Intermediate/CROPPED/007_10.bmp,ae7a996f21a927532953cd53705938116004e95b67ec85c26cc038be2b3642d2
research-lab/data/sipakmed/raw/im_Superficial-Intermediate/CROPPED/007_11.bmp,6d35573c2693df670b3430e0a74d080b0080f403e96ab619fd383e902f64dc99
research-lab/data/sipakmed/raw/im_Superficial-Intermediate/CROPPED/007_12.bmp,1e36f42de94038276b8b701a00fedf248c0d473d22b009dc08c10e3069d2f0fd
research-lab/data/sipakmed/raw/im_Superficial-Intermediate/CROPPED/007_13.bmp,ba5c0f88af9fb1a001b933d9c9609b58fca4f0d325347745c4dd0542893c28b1
research-lab/data/sipakmed/raw/im_Superficial-Intermediate/CROPPED/007_14.bmp,76b263e6807ab910a8b1c6374dde34d0b82c342e182a019f263a39266dbfb904
research-lab/data/sipakmed/raw/im_Superficial-Intermediate/CROPPED/007_15.bmp,77ad1ed22defb096c2f4cb6ad8405c78314e45477aabb67c28507053f27d4c8b
research-lab/data/sipakmed/raw/im_Superficial-Intermediate/CROPPED/007_16.bmp,1b63f4461c20d415f015aa80dc2519d1a9b02b3d9fcb44f228b6144dc4f1515b
research-lab/data/sipakmed/raw/im_Superficial-Intermediate/CROPPED/008_01.bmp,a069a0780b49e9adc8e3187686df9fdc21b7a0e9df4af4d231692c71542e1a97
research-lab/data/sipakmed/raw/im_Superficial-Intermediate/CROPPED/008_02.bmp,5264e3bc3a3ad2e3d5028979ce7c08f9bc39a3117e6f928cceb9b3ed6fd316db
research-lab/data/sipakmed/raw/im_Superficial-Intermediate/CROPPED/008_03.bmp,de7879075c6c526e7cdcc67c13cf7d988c93e5c1402db02c5e49e950a3ed3416
research-lab/data/sipakmed/raw/im_Superficial-Intermediate/CROPPED/008_04.bmp,ccd75b476cf44f595621f39ccdfa907dd50ade575441c54b8e94af489a854bc9
research-lab/data/sipakmed/raw/im_Superficial-Intermediate/CROPPED/008_05.bmp,f60f10de0a30f16ba306f6d700d1b786634da819410644a92ffaf5a3a54ac5e8
research-lab/data/sipakmed/raw/im_Superficial-Intermediate/CROPPED/008_06.bmp,2b6ea643378b4b1d1ffd10c3dde86c05dd8bb818128606458d805ad999dc189c
research-lab/data/sipakmed/raw/im_Superficial-Intermediate/CROPPED/008_07.bmp,871a8b4fc39ece7eff751d1865d9a0b054f473180a25bbda72ac641972a1a817
research-lab/data/sipakmed/raw/im_Superficial-Intermediate/CROPPED/008_08.bmp,476e52045181cc8bb327e3c066632ff41ae59d2269a9a7f13d46c43bfd81c4be
research-lab/data/sipakmed/raw/im_Superficial-Intermediate/CROPPED/008_09.bmp,c5ad95c73347e272347afacacc67b70a5e0ee79266abd3192d22d152ac07bdc8
research-lab/data/sipakmed/raw/im_Superficial-Intermediate/CROPPED/009_01.bmp,3e072529117bfcc9ba165bc29a08baa80b9ee36ff3779a24a8a4e6d0c0bed681
research-lab/data/sipakmed/raw/im_Superficial-Intermediate/CROPPED/009_02.bmp,1aaad4d98f2e8de4b32ee873973e5ab84661a7eff520190c2de300fd2fc1bdea
research-lab/data/sipakmed/raw/im_Superficial-Intermediate/CROPPED/009_03.bmp,d1079f5b0ea551e7b9da243dd3629e0603dae1b318c1d22e2dd91de1a1d804a7
research-lab/data/sipakmed/raw/im_Superficial-Intermediate/CROPPED/009_04.bmp,aa20f576b3579169174d0ae115638604f20a0717dbba9099825829bae96b8aad
research-lab/data/sipakmed/raw/im_Superficial-Intermediate/CROPPED/009_05.bmp,f3bfc12fb4bab71b5eded16a68fcafa32c369915e4a9f161c08ef18eeced7993
research-lab/data/sipakmed/raw/im_Superficial-Intermediate/CROPPED/009_06.bmp,00a26725262f9d05d1d95c5f5b5f98ab46c04bb264629cfcf579216adf6e7ee9
research-lab/data/sipakmed/raw/im_Superficial-Intermediate/CROPPED/009_07.bmp,0a2a50fca7a6efee3e36141d56cc24317959bce99c146be13ca740d21794231c
research-lab/data/sipakmed/raw/im_Superficial-Intermediate/CROPPED/009_08.bmp,ae59109295e0e5bc280aa64ffcc5d174a03ac54098c5da2c54dee621f2b0fc7b
research-lab/data/sipakmed/raw/im_Superficial-Intermediate/CROPPED/009_09.bmp,354ec832f539f44c085be0bc0cc0b3d28d038158f79aa3444b4808832a24da63
research-lab/data/sipakmed/raw/im_Superficial-Intermediate/CROPPED/009_10.bmp,1a864916a4241de0e3786ae2d595d4e3876368a59b9fbf3c6b2367e930745cd0
research-lab/data/sipakmed/raw/im_Superficial-Intermediate/CROPPED/010_01.bmp,95bc9ad117e50b118511b8aa2cf66a8014df885106b12ff33f33bbade4547cfb
research-lab/data/sipakmed/raw/im_Superficial-Intermediate/CROPPED/010_02.bmp,9e568d301316c7e67049855afe76196b7297951d153d4c0e0403bf8ca323ea53
research-lab/data/sipakmed/raw/im_Superficial-Intermediate/CROPPED/010_03.bmp,cda59edc31f3b1656c12dd209e6bb2f8de62bce63796411b09230ac9c552b136
research-lab/data/sipakmed/raw/im_Superficial-Intermediate/CROPPED/010_04.bmp,4b8988f6e7ec62a87f873ef9f061c77f7b06d2c6e5c08142d1db010f96e02f10
research-lab/data/sipakmed/raw/im_Superficial-Intermediate/CROPPED/010_05.bmp,dbb2ef291236dcaccebc13aa8f4190494a4b4fc07240f48a51f276528dbf965b
research-lab/data/sipakmed/raw/im_Superficial-Intermediate/CROPPED/010_06.bmp,4f0c2c7ad83584a81cace48dde69ccda06d260373cc05e27f70eebffd824edca
research-lab/data/sipakmed/raw/im_Superficial-Intermediate/CROPPED/010_07.bmp,7b9132a190ff558f35c8d1980db6dcb20588f281e92c1e193489ce37982ab4a6
research-lab/data/sipakmed/raw/im_Superficial-Intermediate/CROPPED/010_08.bmp,ad8e93ec024b43fd411764b7518c625ed46689cf49898c325f97ec3125532b05
research-lab/data/sipakmed/raw/im_Superficial-Intermediate/CROPPED/010_09.bmp,80f478e9d9be8f98ad9b737f979b0ccb8e9a3dc56dc82bb5e4eabfda0be19fe0
research-lab/data/sipakmed/raw/im_Superficial-Intermediate/CROPPED/010_10.bmp,8fa2028dc7e800255add08c2c303fdddaa138afb141aa4ef0388c38d56814682
research-lab/data/sipakmed/raw/im_Superficial-Intermediate/CROPPED/010_11.bmp,ed71c8f6665fb836211f49ae6de141988887ff5b6a59058b80f82570f89ca219
research-lab/data/sipakmed/raw/im_Superficial-Intermediate/CROPPED/011_01.bmp,239d77110758cd99ca2f49fce4b087c0bcb35fb3259ab20fc4a62a8730788096
research-lab/data/sipakmed/raw/im_Superficial-Intermediate/CROPPED/011_02.bmp,42dc7db2dd65ccd383899bd0f4c63f4c89a5626d494d2be097fe0d7e7bd159b2
research-lab/data/sipakmed/raw/im_Superficial-Intermediate/CROPPED/011_03.bmp,effef928675bf9e7df6298926312eca9651af20417dd7c26b31887c9e5eaa3d6
research-lab/data/sipakmed/raw/im_Superficial-Intermediate/CROPPED/012_01.bmp,4099622c862020adcec0b144f8f534453ab40825e22cf11406552ecf34772a8f
research-lab/data/sipakmed/raw/im_Superficial-Intermediate/CROPPED/012_02.bmp,e3eb4a630198bb0aa6b9a4b3e5b622acb1c8ceff870795f88fc739e156340964
research-lab/data/sipakmed/raw/im_Superficial-Intermediate/CROPPED/012_03.bmp,65d4a359d35f8780e67f8489076a0bcc4d74d0225df20c9597babb2c78b41935
research-lab/data/sipakmed/raw/im_Superficial-Intermediate/CROPPED/012_04.bmp,b33f49617f2ba3a663e35bc3cb1b5436993f0dea4eaa1422585c6dbd9bbfa0eb
research-lab/data/sipakmed/raw/im_Superficial-Intermediate/CROPPED/012_05.bmp,10a925b233e68c8450e5b10f3fdd59a59f92450f2cdba82572c071c70e25e77d
research-lab/data/sipakmed/raw/im_Superficial-Intermediate/CROPPED/013_01.bmp,361944646da98fd6ab5be48368855c4bf068ed0b763e3c048b7500b93a678499
research-lab/data/sipakmed/raw/im_Superficial-Intermediate/CROPPED/013_02.bmp,dbf09d47abe9a0c115e793e3f6f835090983834f8038221b3633431c6bc0afc4
research-lab/data/sipakmed/raw/im_Superficial-Intermediate/CROPPED/013_03.bmp,dfabf1bdb8ce64d433f1b84cf566e8dbb1597100e1ffd4c2887aa184f06b29a4
research-lab/data/sipakmed/raw/im_Superficial-Intermediate/CROPPED/013_04.bmp,62e57f697861ebc2bc116a4460da98cf5c2cd481b5b0196e76e15dc8501c706c
research-lab/data/sipakmed/raw/im_Superficial-Intermediate/CROPPED/013_05.bmp,0ae3fca69ecd43eb488f9b19ec84b4ef25fdce366eaff025ad28af7f87f36956
research-lab/data/sipakmed/raw/im_Superficial-Intermediate/CROPPED/014_01.bmp,e9588546bf2ad30c491bb7bb29b7d3a44890df61e089aad1088168093a9d642e
research-lab/data/sipakmed/raw/im_Superficial-Intermediate/CROPPED/014_02.bmp,ddc213a288b48a0f2b5e60da1db835438e5186a35c10116c0c9f61bc7d49428a
research-lab/data/sipakmed/raw/im_Superficial-Intermediate/CROPPED/014_03.bmp,216c348b66ca4743029b4bec8c2b2ec3d209f37d28fc03713fb946251c87d15b
research-lab/data/sipakmed/raw/im_Superficial-Intermediate/CROPPED/014_04.bmp,5b0281f47803b9f7d7b0cdb9eee7cb8ab8b794eaff2070daa241d2022dd98a82
research-lab/data/sipakmed/raw/im_Superficial-Intermediate/CROPPED/014_05.bmp,43221f465d7460152b0457fcb0ad49f47154f243b08e76dec5074d4c161d0584
research-lab/data/sipakmed/raw/im_Superficial-Intermediate/CROPPED/014_06.bmp,d5a649df0f725e628656d22a6a55e1634b711030a4c4e04136af01dc8cc6cef8
research-lab/data/sipakmed/raw/im_Superficial-Intermediate/CROPPED/014_07.bmp,82157d017f5d8b78d21e4ccfee7646060117c79a267a30b00b8b2ef0d9c29a70
research-lab/data/sipakmed/raw/im_Superficial-Intermediate/CROPPED/014_08.bmp,67f344c72125ee8dc5fb614e132c756725df559446f24f45eea85dfd59761e3a
research-lab/data/sipakmed/raw/im_Superficial-Intermediate/CROPPED/014_09.bmp,ff926347189a9b78041e910df11dd1cd9726e95f658c34e848cd09350f0a363c
research-lab/data/sipakmed/raw/im_Superficial-Intermediate/CROPPED/015_01.bmp,d164944aeb7a991c3985717366c3ee62a651045c368ce943737b24a13ec95f5f
research-lab/data/sipakmed/raw/im_Superficial-Intermediate/CROPPED/015_02.bmp,609fba5b3fa3fa464904530e7461549e642827bb597d0952d28c593b3a3479ce
research-lab/data/sipakmed/raw/im_Superficial-Intermediate/CROPPED/015_03.bmp,87723c985719d2a6dc57ec8c2ba8987ff7dc3c8c302c196824a16372e0a5025f
research-lab/data/sipakmed/raw/im_Superficial-Intermediate/CROPPED/015_04.bmp,413e96275d841df87d058f9f7a36b59c0c9ca6604e3aa0cf8fadaf74d443e3e7
research-lab/data/sipakmed/raw/im_Superficial-Intermediate/CROPPED/016_01.bmp,aae1c060daca2487f5ad4b8a6d54c510b0ed51de3e041bc1efa58ae8031e34b9
research-lab/data/sipakmed/raw/im_Superficial-Intermediate/CROPPED/016_02.bmp,72201ab064fb9358f073faf303918368eb04bbd8aa860445eee5255c30b70348
research-lab/data/sipakmed/raw/im_Superficial-Intermediate/CROPPED/016_03.bmp,469e7ac6848c21efe8448de666e63b4a9d5909683d19117c68aaef82bba9757f
research-lab/data/sipakmed/raw/im_Superficial-Intermediate/CROPPED/016_04.bmp,4ab1cec1baee1328e9fb2321c5eb18b11448d01c127be32793131b6f2fcce30d
research-lab/data/sipakmed/raw/im_Superficial-Intermediate/CROPPED/017_01.bmp,443d2ecbc999ce5c6ce35ad0908eae1774217b12b007bdd7da08a797f2ec4bcf
research-lab/data/sipakmed/raw/im_Superficial-Intermediate/CROPPED/017_02.bmp,8420fb1def187abe77510da8b427aee7f27a54cc18db16f0fae122ab6becc1bb
research-lab/data/sipakmed/raw/im_Superficial-Intermediate/CROPPED/017_03.bmp,2699b2d0862fd22e26e33d984a018c0f6b64bc250c0f46b46a4fcef38631af42
research-lab/data/sipakmed/raw/im_Superficial-Intermediate/CROPPED/017_04.bmp,2f5fa428b47d8fcac70e48711b7bbaad70defbe406cfe0a12424f8b78241b5f5
research-lab/data/sipakmed/raw/im_Superficial-Intermediate/CROPPED/017_05.bmp,9d3a066f7c5998784130510316c0ec207631d59a14b1166dff8370e5f8515133
research-lab/data/sipakmed/raw/im_Superficial-Intermediate/CROPPED/017_06.bmp,ff5fba2d5627752c16dcc7eff1218742a9026c3aa4bca58a2e2298bf1cbbd08d
research-lab/data/sipakmed/raw/im_Superficial-Intermediate/CROPPED/017_07.bmp,5684bd9653300956bb9ea966c05859d3858a5eb8038ce0bda881bc78e86c6c47
research-lab/data/sipakmed/raw/im_Superficial-Intermediate/CROPPED/017_08.bmp,5c907a4aebe05c05b57333691173af46bc982e70c86e8f7d8069ae358576e6e0
research-lab/data/sipakmed/raw/im_Superficial-Intermediate/CROPPED/017_09.bmp,b7093330937a807feb93a5f583e6996bfdb512d8e307595078ab3b98b8850e05
research-lab/data/sipakmed/raw/im_Superficial-Intermediate/CROPPED/017_10.bmp,53cccb56b04a03273b54da83ee2ddd2cb0e5485ffbb0e153016bfbea819ee732
research-lab/data/sipakmed/raw/im_Superficial-Intermediate/CROPPED/017_11.bmp,e2d1749a0f4262f88c68ce487b82241033ef5c3ad352fa3b45af297e9df80951
research-lab/data/sipakmed/raw/im_Superficial-Intermediate/CROPPED/017_12.bmp,3875ca780b771bde6c89f17246df2deb1c877076f9898001d01dfec1660d9442
research-lab/data/sipakmed/raw/im_Superficial-Intermediate/CROPPED/017_13.bmp,73d97ac27f58d06fc4f242e68b37755911d31401bb1aadd9a30ce0edef101cf2
research-lab/data/sipakmed/raw/im_Superficial-Intermediate/CROPPED/017_14.bmp,802a95a24dada7156cdb6d129fbf30308583c4e1f700fb97a02372f4263a8ec0
research-lab/data/sipakmed/raw/im_Superficial-Intermediate/CROPPED/017_15.bmp,42de858ea97ea6e61a3c0634dadd1990cdf3e818ce9192efb8968eaae516c8b1
research-lab/data/sipakmed/raw/im_Superficial-Intermediate/CROPPED/017_16.bmp,d9256459f712026a97a92a90313c7bdbdae83621cc5274e9deb746e93535f64b
research-lab/data/sipakmed/raw/im_Superficial-Intermediate/CROPPED/017_17.bmp,c627239584536bcc6c8b3773b2dec387708bae5bd76f82d96cd1d301edc561eb
research-lab/data/sipakmed/raw/im_Superficial-Intermediate/CROPPED/017_18.bmp,48be5364c4682dc644b7877621f01632082b15e8e4a17cc0ddf29d446ceb9cd0
research-lab/data/sipakmed/raw/im_Superficial-Intermediate/CROPPED/017_19.bmp,c7231de464cecdf82aac188ce463ff6ffe9dd7e6aaea5c4be1e079b6542e6a8e
research-lab/data/sipakmed/raw/im_Superficial-Intermediate/CROPPED/017_20.bmp,b39ee53d8b8360efcfdd7e87b26072649d7ee96746dbaec8c0be2cd249863a6f
research-lab/data/sipakmed/raw/im_Superficial-Intermediate/CROPPED/017_21.bmp,86855b689b5bf90c1a63288e4adab11a4b8c65ebe0b8d4379e398651dc7dbc1c
research-lab/data/sipakmed/raw/im_Superficial-Intermediate/CROPPED/017_22.bmp,a66c7df51ddde82666ea691349fd4439c89c12acfe43dca3fbb281bb9d5790e2
research-lab/data/sipakmed/raw/im_Superficial-Intermediate/CROPPED/018_01.bmp,5151753147f884ab13ff88cdb2388b137331ee3ab34e1b0da056fdaf8460d5f6
research-lab/data/sipakmed/raw/im_Superficial-Intermediate/CROPPED/018_02.bmp,483f09b9a1613246ece2f6d9a19111a15a820dd73a4e8d06a1d68596b0d003f9
research-lab/data/sipakmed/raw/im_Superficial-Intermediate/CROPPED/018_03.bmp,1794a86de149408c737011211040ab640b5d987a38d9f1e97f770b43bd53e988
research-lab/data/sipakmed/raw/im_Superficial-Intermediate/CROPPED/018_04.bmp,358fb43e520c440c0677dca24e10a26d0349233d85af0e2cfa899f7f27438e1b
research-lab/data/sipakmed/raw/im_Superficial-Intermediate/CROPPED/018_05.bmp,2f2f784a32d6057fa3fe55fad00b5256b8e991962c58056aeb504233b87e8603
research-lab/data/sipakmed/raw/im_Superficial-Intermediate/CROPPED/018_06.bmp,f667bcfd055b274901e95d8105debfc365e0ae57215eccafbe3abf6aaf0c5119
research-lab/data/sipakmed/raw/im_Superficial-Intermediate/CROPPED/019_01.bmp,a18a6b4bedd11a346f9fb961cbb699dd1845b1a4b22268bc69c783a1926ad23f
research-lab/data/sipakmed/raw/im_Superficial-Intermediate/CROPPED/019_02.bmp,e1a3f6a09757a5e11318dc81a790fe002ad4804dba17c72ac163d4f846c4d606
research-lab/data/sipakmed/raw/im_Superficial-Intermediate/CROPPED/019_03.bmp,e8dfb804b492952f39fea56d870ce21e033d24de31ef88891d8cba0e0d2dcbcb
research-lab/data/sipakmed/raw/im_Superficial-Intermediate/CROPPED/019_04.bmp,da59a0624cdee83e2410cff5b6a3839854b5ad0a8247c3bc238af72b7314bdfd
research-lab/data/sipakmed/raw/im_Superficial-Intermediate/CROPPED/019_05.bmp,43c8be9ca1ddaa4b3833908b99f9f8515a664406604adfbb94ba357154d04437
research-lab/data/sipakmed/raw/im_Superficial-Intermediate/CROPPED/019_06.bmp,3e32ca19389e725999b37988bdb50babf7ef56243819c4a71b682db6a0109078
research-lab/data/sipakmed/raw/im_Superficial-Intermediate/CROPPED/019_07.bmp,e07ff1eaa7fde9d07eba742d12b22edbb387bb814e523eedc8e83e2fb94c5c41
research-lab/data/sipakmed/raw/im_Superficial-Intermediate/CROPPED/019_08.bmp,53d7901be06c0d97e0e43a105bd7c5fb7576c58adc26e93c8777ad37c9776809
research-lab/data/sipakmed/raw/im_Superficial-Intermediate/CROPPED/019_09.bmp,fd9f876414e9af00dbc82916c5353c8d998a970d9037aa8b7c53719116f94d45
research-lab/data/sipakmed/raw/im_Superficial-Intermediate/CROPPED/019_10.bmp,fcf69d5cfc16a063638a2f65cd480a651607213b6354df229eeff9f79f12a66d
research-lab/data/sipakmed/raw/im_Superficial-Intermediate/CROPPED/020_01.bmp,a7bf1cdbc0241b98158fb82b6462333bda1a1ddd98569b91352d78fa25ae6eb9
research-lab/data/sipakmed/raw/im_Superficial-Intermediate/CROPPED/020_02.bmp,5f74810b7128a72206a18e46f53b75016c103dc7c637d2e99b4dcfbadac44bea
research-lab/data/sipakmed/raw/im_Superficial-Intermediate/CROPPED/020_03.bmp,a56b157525f35b6447cd9e2ca3680717a0efdcb01d2b88eb1a24c64e389188c5
research-lab/data/sipakmed/raw/im_Superficial-Intermediate/CROPPED/020_04.bmp,de8247acdc36006616114a2acf5b28a237ec1062a02923cd27a57b7aed940788
research-lab/data/sipakmed/raw/im_Superficial-Intermediate/CROPPED/020_05.bmp,6f9412ee22050fa69dc4eaadaa4cb4ffe443da2e87439b4309f9b49816a4a5af
research-lab/data/sipakmed/raw/im_Superficial-Intermediate/CROPPED/020_06.bmp,0d4043b299d317998217e46b10e0cdf3a12bfb53a8a91aa7daac0322ddc6ef5c
research-lab/data/sipakmed/raw/im_Superficial-Intermediate/CROPPED/020_07.bmp,c9ed7408ac9e6665c7ecf2daa4d23e4ffa122350aec1260fe6088fa828ad15c9
research-lab/data/sipakmed/raw/im_Superficial-Intermediate/CROPPED/020_08.bmp,10560c6a2c9698fe2aa261dff1bc7f8f011066d19a62957971f54b4892b37fac
research-lab/data/sipakmed/raw/im_Superficial-Intermediate/CROPPED/020_09.bmp,2edd457c8b284391cbba3c6c00990b7c7c4f07bd9e6546e7d685676e693c6e91
research-lab/data/sipakmed/raw/im_Superficial-Intermediate/CROPPED/020_10.bmp,4462b0d070c9e2a3c7c0bd53cb2706719186d81ca2347ef4c1899f80950f1683
research-lab/data/sipakmed/raw/im_Superficial-Intermediate/CROPPED/020_11.bmp,0a5c08f5072872563b05f28620f040cb595843221fd7ca8a2502dfd5f4ae9ccf
research-lab/data/sipakmed/raw/im_Superficial-Intermediate/CROPPED/020_12.bmp,7ece2024208875c398c69364c2824494f509f497aba70a4871d8f79a7d3b3b55
research-lab/data/sipakmed/raw/im_Superficial-Intermediate/CROPPED/020_13.bmp,d9fce091a6eed2d2caf48da76b66d93acc3b3d5306faaa95c227c2e6ff23fca4
research-lab/data/sipakmed/raw/im_Superficial-Intermediate/CROPPED/021_01.bmp,cc7128c8f09eba0c4c1a78dfd2ce5ebe654e34d35eab7ea9549bc1cd56a00f6d
research-lab/data/sipakmed/raw/im_Superficial-Intermediate/CROPPED/021_02.bmp,3421a8aacaf4f9a041f0b22d8f8ed111666bd2a6899a8c3e8fb72fd7cda68147
research-lab/data/sipakmed/raw/im_Superficial-Intermediate/CROPPED/021_03.bmp,70ac8a591b31d123843803bf68e37569e475e56341b480310f0516f1c79765b3
research-lab/data/sipakmed/raw/im_Superficial-Intermediate/CROPPED/021_04.bmp,71ecfd3655021ad0c05685b0776329393bb5a574ed576dce77d1ba4ce10ea917
research-lab/data/sipakmed/raw/im_Superficial-Intermediate/CROPPED/021_05.bmp,6e21fa755ad90b09ac5635cce73f424812578a4e053c2058eaa5b93b3a494fec
research-lab/data/sipakmed/raw/im_Superficial-Intermediate/CROPPED/021_06.bmp,9bf5520fa5288042a55b2d516d882c3711b536df15b56810af74d527b43ee1ce
research-lab/data/sipakmed/raw/im_Superficial-Intermediate/CROPPED/021_07.bmp,4bd8acd0b22e59672eb99eed50c3cee9d370fbb831c845e653741195257e059a
research-lab/data/sipakmed/raw/im_Superficial-Intermediate/CROPPED/021_08.bmp,1db9f7cd54f23491adb52d17cebc4a9591ac889ca59362cb56c9f9ef387e6e3e
research-lab/data/sipakmed/raw/im_Superficial-Intermediate/CROPPED/021_09.bmp,35fc9aec00189a4a40de261adb28207c22e79ed74cd6b34df44255ae774edf4b
research-lab/data/sipakmed/raw/im_Superficial-Intermediate/CROPPED/022_01.bmp,cbbcfd811b093c3d252d40918e02d801da04cdd6abdff56d6aabec4a03fd5c7f
research-lab/data/sipakmed/raw/im_Superficial-Intermediate/CROPPED/022_02.bmp,1c37a9d70a807b9ccbc767126e548d793c5d87cb32ff1b240fddbd1388a22382
research-lab/data/sipakmed/raw/im_Superficial-Intermediate/CROPPED/023_01.bmp,67d85d9cfdbe6aab7ab58e1755909dfc00fb94d4f6ce1f8a083f22bacab5056d
research-lab/data/sipakmed/raw/im_Superficial-Intermediate/CROPPED/023_02.bmp,05ae89da7a0f794f938e566a2665bc9da325e1f57bc083015bd0622d6b38df60
research-lab/data/sipakmed/raw/im_Superficial-Intermediate/CROPPED/023_03.bmp,64c6282418399194dbe6abecdca2ed081442ae3dc2a3cd331c6e9419c6e7776b
research-lab/data/sipakmed/raw/im_Superficial-Intermediate/CROPPED/023_04.bmp,d8b7fcbfb5cdd28dca03cc2c89cde8f0069d4c2a7d407e5fa1fbf41c030efb27
research-lab/data/sipakmed/raw/im_Superficial-Intermediate/CROPPED/023_05.bmp,d5581a3ccb261f83cc2d7ab896affc5a5d3863f2b32f3cea41b248e70ddedac0
research-lab/data/sipakmed/raw/im_Superficial-Intermediate/CROPPED/023_06.bmp,e8d84d3a1881be000a00e8d2c287bda687a075fd5eb51b565c7632ff3186145f
research-lab/data/sipakmed/raw/im_Superficial-Intermediate/CROPPED/023_07.bmp,819eebd4ffa7e05e7fbf0169d1ffeb23c00b0391fd698e58da750e30c984e497
research-lab/data/sipakmed/raw/im_Superficial-Intermediate/CROPPED/023_08.bmp,b931a5640597222862ef4ce6c507214be4430a77901960c48a8b15016726fcb2
research-lab/data/sipakmed/raw/im_Superficial-Intermediate/CROPPED/023_09.bmp,f56cda8865357d3b7079d1fcdb45900c51238279388540c5b9e141fe65250d15
research-lab/data/sipakmed/raw/im_Superficial-Intermediate/CROPPED/023_10.bmp,ce008a0c8e543312cfee39384b09f0e84b3502e62e0814963544c071749f7a18
research-lab/data/sipakmed/raw/im_Superficial-Intermediate/CROPPED/023_11.bmp,d251303f017fee924d69e9f937e7fbfbe90d331037d981e0587e99696f13933b
research-lab/data/sipakmed/raw/im_Superficial-Intermediate/CROPPED/023_12.bmp,ba705dfe146488ca8ef932b87ab08168fd2d887314d719bc02d648a1f28ba7c2
research-lab/data/sipakmed/raw/im_Superficial-Intermediate/CROPPED/024_01.bmp,a79c2025a797426d94ee477a46873a4a2b2c5f3112ddd144bc061e8a0c87a999
research-lab/data/sipakmed/raw/im_Superficial-Intermediate/CROPPED/024_02.bmp,ce4df81db4f479dcacce8f9f0a9943615b81319f63823c270d93232b8f696db8
research-lab/data/sipakmed/raw/im_Superficial-Intermediate/CROPPED/024_03.bmp,accd5c0c5a11eba1d38d7bff33dc2f39f2c1d74a89daed8dfb58e200b618580a
research-lab/data/sipakmed/raw/im_Superficial-Intermediate/CROPPED/025_01.bmp,436e966b7ebae4cfd9870a573976bcf75a19f6c96ead0d8601573dd5178afd95
research-lab/data/sipakmed/raw/im_Superficial-Intermediate/CROPPED/025_02.bmp,3b05519b307be887acf5e3b093b4ba9411db5c4224daf74dabcbe25b359c0f66
research-lab/data/sipakmed/raw/im_Superficial-Intermediate/CROPPED/025_03.bmp,cdefa2315fd21f5c8397e29c089609756033b518a91ba108e630768be0acb54e
research-lab/data/sipakmed/raw/im_Superficial-Intermediate/CROPPED/025_04.bmp,a79c45b2c0c96bcafa168674afd6bf90e0c7792ef8a556dcf6d090365e435075
research-lab/data/sipakmed/raw/im_Superficial-Intermediate/CROPPED/025_05.bmp,e793957953de73cd8f8042fa5ac3a32c3ded2ee4f3e9c8876468428f39c5effc
research-lab/data/sipakmed/raw/im_Superficial-Intermediate/CROPPED/026_01.bmp,2696fdb757c19e83b8ff092bc291e4fbf99286f37cf1cd24b88a948cec0c860b
research-lab/data/sipakmed/raw/im_Superficial-Intermediate/CROPPED/026_02.bmp,a2050946200578b9ce607e7b6d9aeb4807913cc70a3cc46297fb02f695fdccaf
research-lab/data/sipakmed/raw/im_Superficial-Intermediate/CROPPED/026_03.bmp,3fda654f5df58f9142184d662824ed00497a660da10fdfa3bbf4cc973d8dbbaf
research-lab/data/sipakmed/raw/im_Superficial-Intermediate/CROPPED/026_04.bmp,a038e915e6aa12f1e2266e467c7675eca9381d91d592c18e43a53d4821ffc5fc
research-lab/data/sipakmed/raw/im_Superficial-Intermediate/CROPPED/026_05.bmp,cdc169a91978248a6ef10c8e20c906ead5c2b23217803c5967bd87e58ff8bb9e
research-lab/data/sipakmed/raw/im_Superficial-Intermediate/CROPPED/027_01.bmp,d6fda5ec7c4c297529f6c3a94c25adf7ecd96917afe7515b6885836c9516480c
research-lab/data/sipakmed/raw/im_Superficial-Intermediate/CROPPED/027_02.bmp,e6591927d5d251f93f7f3e6479755886bcce8f853bdaf4920b1acbebcecb1062
research-lab/data/sipakmed/raw/im_Superficial-Intermediate/CROPPED/027_03.bmp,15a0fbdfd77cfbaca9ec5dd9a1acde0a011fa6decf8b01ef956a36f095228b37
research-lab/data/sipakmed/raw/im_Superficial-Intermediate/CROPPED/027_04.bmp,51d6f28066b27c2e5b9ed57440b9cb0decc0fdda9e77f3ed3d21d87a01eaaf3a
research-lab/data/sipakmed/raw/im_Superficial-Intermediate/CROPPED/027_05.bmp,3b823c20c34267decf12bf2a93036d68ea86a40b2223fe49a685c5e85bc5dbfd
research-lab/data/sipakmed/raw/im_Superficial-Intermediate/CROPPED/027_06.bmp,7025bccf745049a48d93104a2dc09f3b689a2cebfdc07a21299646cb1292b69c
research-lab/data/sipakmed/raw/im_Superficial-Intermediate/CROPPED/027_07.bmp,dccb72aea6312b1ea555f10164ceabe6519c9ff2cec3d1e17d9f01fa6c40303b
research-lab/data/sipakmed/raw/im_Superficial-Intermediate/CROPPED/028_01.bmp,5652d840f1a134130c30a641bf46029166723ddcfe37d71ed9f7172c11a3f85a
research-lab/data/sipakmed/raw/im_Superficial-Intermediate/CROPPED/028_02.bmp,36aa40a72d7aad4f0325b2bf60ad57a91487d453a649e3e0fd0e7ab935bad4c9
research-lab/data/sipakmed/raw/im_Superficial-Intermediate/CROPPED/028_03.bmp,48c6334586dff1652ecbb2a66008f166b01a7cda48d768b6557c7653a0f000d7
research-lab/data/sipakmed/raw/im_Superficial-Intermediate/CROPPED/028_04.bmp,17d48c17117a2daf2d0d26f562a7135976f28070fe8ca3319967ace5738cf898
research-lab/data/sipakmed/raw/im_Superficial-Intermediate/CROPPED/028_05.bmp,dfd3d66a2544add54a05489d10bb12383fb3cb29c97ac5f9186ea4a331e73aa3
research-lab/data/sipakmed/raw/im_Superficial-Intermediate/CROPPED/028_06.bmp,35cb87397d23bf5dc6cf49cdcd8c072fb22c30f9e0cc497f77aba209c0222c01
research-lab/data/sipakmed/raw/im_Superficial-Intermediate/CROPPED/028_07.bmp,93766f5ceb2d062debf76bf9a7c0157b9b3eb6c78f0506d37b8433dfdc598913
research-lab/data/sipakmed/raw/im_Superficial-Intermediate/CROPPED/028_08.bmp,b8fc5149704b6db3e03d0a91afd6c96621efa5c87aaaa0c793f1334f050d5b33
research-lab/data/sipakmed/raw/im_Superficial-Intermediate/CROPPED/029_01.bmp,1ccddccdac3399e18e0884ba590b831c09c5238ab916c2d0f335280b45d3b33d
research-lab/data/sipakmed/raw/im_Superficial-Intermediate/CROPPED/029_02.bmp,695fd3f6e2443051badfaaa785919c0514bfdde2ad0ebd022062bad95876cbf9
research-lab/data/sipakmed/raw/im_Superficial-Intermediate/CROPPED/029_03.bmp,4990edaf2744492ce9865f1c205f6f73720fd59bef5c4987143a20241eccf777
research-lab/data/sipakmed/raw/im_Superficial-Intermediate/CROPPED/029_04.bmp,d9695e2c40a2cb78cf07c5e7b7389dc82c7922739386c21aa365015e4da732a1
research-lab/data/sipakmed/raw/im_Superficial-Intermediate/CROPPED/029_05.bmp,4c6c5a5fabc29ca221c1fe3943773fa120e5bf77c51e52b450518919b840a71b
research-lab/data/sipakmed/raw/im_Superficial-Intermediate/CROPPED/029_06.bmp,8dafbfbdf3342cbefdeb9cecc5fdc142dc8cc940cf465e16a7ad59df1de6d75d
research-lab/data/sipakmed/raw/im_Superficial-Intermediate/CROPPED/029_07.bmp,6a9fafbd18897b3e2be39eb181233dbd0097ecbda7a3596d20fd0d4edc9b49bf
research-lab/data/sipakmed/raw/im_Superficial-Intermediate/CROPPED/029_08.bmp,315f86c07bc7b23b77a38efd4556769952abb55c56f651a89a6106655bb850c7
research-lab/data/sipakmed/raw/im_Superficial-Intermediate/CROPPED/029_09.bmp,290ddf54a3f04d0fa3621fe86fa61035111b14f9e8be04456bc7112b09b765a6
research-lab/data/sipakmed/raw/im_Superficial-Intermediate/CROPPED/029_10.bmp,d69c0d7aeaec5fe279685dd76af5a6081cb158592b0ea6893b0ff88efdede662
research-lab/data/sipakmed/raw/im_Superficial-Intermediate/CROPPED/029_11.bmp,ef564bae4eb9d37cfd4af86582bcc51aa10e48e5bb06686fd12737b8c60cac61
research-lab/data/sipakmed/raw/im_Superficial-Intermediate/CROPPED/029_12.bmp,56e95c4b95e84d8d0ada8cc818d54dae08d42bea40bc47a6cebe63dcd8c9b6df
research-lab/data/sipakmed/raw/im_Superficial-Intermediate/CROPPED/030_01.bmp,04ec17ae244ad5b45b6e99bda7f655b23153b5a9a5724ff80c9df8160edca267
research-lab/data/sipakmed/raw/im_Superficial-Intermediate/CROPPED/030_02.bmp,734f371fb3eb39b1304c41f3e5302534d34c71805331ca5fcbcf0bb806d943c2
research-lab/data/sipakmed/raw/im_Superficial-Intermediate/CROPPED/030_03.bmp,7eff1e7081ae55cfe1b24f05d9b97e3b9c98158969819aa090a6bc50edee2aaf
research-lab/data/sipakmed/raw/im_Superficial-Intermediate/CROPPED/030_04.bmp,db71bebbe81ea875fe1dd5857eb353943f2af0e8b5f84a668e41049d4d0e0fba
research-lab/data/sipakmed/raw/im_Superficial-Intermediate/CROPPED/030_05.bmp,5db2daad295b89a0f875655ad1ffe6426f018c38b52d2ffc2db5c85953c6a233
research-lab/data/sipakmed/raw/im_Superficial-Intermediate/CROPPED/031_01.bmp,12d2fcb8b50ff592aa1557e145dd436efb0c920bb07bfc201763ae5e60983589
research-lab/data/sipakmed/raw/im_Superficial-Intermediate/CROPPED/031_02.bmp,d713fcb6532d150642477923286dd40ae9658bc51d2156edbdaedaca62d375c5
research-lab/data/sipakmed/raw/im_Superficial-Intermediate/CROPPED/031_03.bmp,75e429b03fc99ff679eb45c2af4528d6f38d6ece979e0be541af828aeef04832
research-lab/data/sipakmed/raw/im_Superficial-Intermediate/CROPPED/031_04.bmp,74f70e3c349b395d9579da795a8018ebb338675d83c33e5852c7d628b4a1120e
research-lab/data/sipakmed/raw/im_Superficial-Intermediate/CROPPED/031_05.bmp,fc1768d67801b2f1a15f750d277c1547d8897cd0943b0a11297799bddf85a988
research-lab/data/sipakmed/raw/im_Superficial-Intermediate/CROPPED/032_01.bmp,ea1023adce8817df7b29f63117885810c113fe62348d3be61dacf7fc2aa657a5
research-lab/data/sipakmed/raw/im_Superficial-Intermediate/CROPPED/032_02.bmp,d3463331022bd72289554799a6320d08a1ef2ee02c95b52d0e040518f1a6cb94
research-lab/data/sipakmed/raw/im_Superficial-Intermediate/CROPPED/032_03.bmp,8fca127d151681a6d6d0629d5011b10d7010abc9ebfbb7626e4c923caafe0c60
research-lab/data/sipakmed/raw/im_Superficial-Intermediate/CROPPED/032_04.bmp,412584ee8428d8e493938d2c0c20cfdc8594347e83bfed42e2aa453ec7c1d5d8
research-lab/data/sipakmed/raw/im_Superficial-Intermediate/CROPPED/032_05.bmp,1063283f68152bc2e550f533ef82fbe01d43fded9302708703bad6b3162f1a27
research-lab/data/sipakmed/raw/im_Superficial-Intermediate/CROPPED/032_06.bmp,0a2117a9f4576fcf1809e7a6fe7ff64156634b7d5ec6462e9d5630be020a13fb
research-lab/data/sipakmed/raw/im_Superficial-Intermediate/CROPPED/032_07.bmp,df73c25c48a2ed7f807924a12889dfc992da25f999268abc6072f7695513b966
research-lab/data/sipakmed/raw/im_Superficial-Intermediate/CROPPED/032_08.bmp,387fc14f19a3e4c6417d52022036d0d84c4c36fdf9f3d5aff0658119f6a17af3
research-lab/data/sipakmed/raw/im_Superficial-Intermediate/CROPPED/032_09.bmp,f3f42ab02b7f438c8e989254074aacde79f4e4a8d8f10f8b670a7a6979575376
research-lab/data/sipakmed/raw/im_Superficial-Intermediate/CROPPED/032_10.bmp,ceb3d1349d0441083d50e81da65dd24a8d0e79040abb2c5e96ac0e8e01c61f4d
research-lab/data/sipakmed/raw/im_Superficial-Intermediate/CROPPED/033_01.bmp,d1efb318171870ce2a79b15208c192b05dfa063c14fbaa0668eb9e442c63781e
research-lab/data/sipakmed/raw/im_Superficial-Intermediate/CROPPED/033_02.bmp,dce88019558a8b06452cba85ecd49e2ed89c5f404110dcdd45315eec5d48ccd8
research-lab/data/sipakmed/raw/im_Superficial-Intermediate/CROPPED/033_03.bmp,bc635f4601e4f6590b914fb5146438e0967808688baac3b4fc7a702c806e1053
research-lab/data/sipakmed/raw/im_Superficial-Intermediate/CROPPED/034_01.bmp,46e18a0f41ab3f2167af65f6fd3e9d1e4d9e50f671378555c728a08afa0b3c56
research-lab/data/sipakmed/raw/im_Superficial-Intermediate/CROPPED/034_02.bmp,17697ee1092a71829c16d1600325f869ebbf1593ccd84e1281fe6a985072be65
research-lab/data/sipakmed/raw/im_Superficial-Intermediate/CROPPED/034_03.bmp,4a83ad62ea8d2407d89323f329d41b5a81ec7008961c105d64255a90fea26bac
research-lab/data/sipakmed/raw/im_Superficial-Intermediate/CROPPED/034_04.bmp,d5abbad3f06fc9ec61c10e5188d93dbfa4b13bf8daae5b08846766c3b598360e
research-lab/data/sipakmed/raw/im_Superficial-Intermediate/CROPPED/034_05.bmp,3f75950bde93ffb60e379a868062a7d09ed6fd2ee3daf8166c46222fcedc3db1
research-lab/data/sipakmed/raw/im_Superficial-Intermediate/CROPPED/035_01.bmp,b4735c7cd5d7b2327faf88c0dde73acafd41d4c0dcaa58460d0356cf9a79cba5
research-lab/data/sipakmed/raw/im_Superficial-Intermediate/CROPPED/035_02.bmp,5ca74125d6cf6c69afc49dffb1794fbf168f566a8922ad2a53afdcfce4efd715
research-lab/data/sipakmed/raw/im_Superficial-Intermediate/CROPPED/035_03.bmp,e6b6526efa2a520bdc9f1879ebcf21e8945f2aa78ad1c56dcc0c933564cfdeb3
research-lab/data/sipakmed/raw/im_Superficial-Intermediate/CROPPED/035_04.bmp,6a72fe9e4893795f1a59b3a0a76fb1718b582030d51055dac3ac9a90b6cdf847
research-lab/data/sipakmed/raw/im_Superficial-Intermediate/CROPPED/035_05.bmp,ecb2f5a422b5cb6201aba174ec1b4f5fbed9b2eb087f2afd3a36bb871edc20b2
research-lab/data/sipakmed/raw/im_Superficial-Intermediate/CROPPED/035_06.bmp,3e8bac3d95af487fb3c5f39a62fc3be1fb15245bed037ba0f0c48bda3d8085a9
research-lab/data/sipakmed/raw/im_Superficial-Intermediate/CROPPED/035_07.bmp,65db8a630e8791636105cde170eee2b2c1cd4e9344246bd21b0d0f351075ca8e
research-lab/data/sipakmed/raw/im_Superficial-Intermediate/CROPPED/036_01.bmp,d656a4bcba812dd8e344143f008983290c8ba151b04bb24e6c0dc118b10d2f43
research-lab/data/sipakmed/raw/im_Superficial-Intermediate/CROPPED/036_02.bmp,cac307121aaa41391526c8a31524c5d59afd5e46419672a39fa1bb23f6461fa4
research-lab/data/sipakmed/raw/im_Superficial-Intermediate/CROPPED/036_03.bmp,325604c6bc43b9a901c5331d0a3edacbc099cc512e761f8b7ec37cb2456afade
research-lab/data/sipakmed/raw/im_Superficial-Intermediate/CROPPED/036_04.bmp,b7c75d4624559aecdd59adbb33723b438669b92a10a50bb5c6cad4f5540f7d75
research-lab/data/sipakmed/raw/im_Superficial-Intermediate/CROPPED/036_05.bmp,9712b44d3604447c4e18f7ed3c0237d8279ba2cbec5a62aa635b51f25b7df2e2
research-lab/data/sipakmed/raw/im_Superficial-Intermediate/CROPPED/037_01.bmp,76c7b1c84dc48f967360b823c265d645a8d42fd0d0f9d54ddb015f5030b1c850
research-lab/data/sipakmed/raw/im_Superficial-Intermediate/CROPPED/037_02.bmp,a2d54eebe24f4f8a4c875b66a64bf94d981f266297b73152adce3de6167feb6b
research-lab/data/sipakmed/raw/im_Superficial-Intermediate/CROPPED/037_03.bmp,688c73e3801e4b9172c79b90eaa7c3fb5151b1fd850c43dee5b3f661d10c5721
research-lab/data/sipakmed/raw/im_Superficial-Intermediate/CROPPED/037_04.bmp,e731e1b002d37ca42ba2fadc0d181e1039a7287ed04ab82c77177c8d6bc894d4
research-lab/data/sipakmed/raw/im_Superficial-Intermediate/CROPPED/037_05.bmp,9232b87a5a40f66995a4b576d0269bdabfd0d172e0c8cfb87076f8484a23df7e
research-lab/data/sipakmed/raw/im_Superficial-Intermediate/CROPPED/038_01.bmp,648d4b793dfba3208878d6edcb0abe7c4ba8df688785d45b3d07cc4267ca5dd9
research-lab/data/sipakmed/raw/im_Superficial-Intermediate/CROPPED/039_01.bmp,c19b9c9551006c385fb59b1e6a51fa373352f95c293a8f9eefc4448df781ecab
research-lab/data/sipakmed/raw/im_Superficial-Intermediate/CROPPED/039_02.bmp,146c9479ceae727394997c2f8d74561cc56b1f5b2e9abf078b8b18b048bf3ff2
research-lab/data/sipakmed/raw/im_Superficial-Intermediate/CROPPED/040_01.bmp,2c942e57a8030207539aaab5fc0cc12da153325d3bb45826e2091b078afe5336
research-lab/data/sipakmed/raw/im_Superficial-Intermediate/CROPPED/040_02.bmp,d9c6c54758fd39c92c870c3eb0f3767179beb261b684a566880a65dd90de2fbb
research-lab/data/sipakmed/raw/im_Superficial-Intermediate/CROPPED/040_03.bmp,2cbd10a95916a7f5b4a368cde19f2e6bad0b1d148cb45e8330906145ac8a6491
research-lab/data/sipakmed/raw/im_Superficial-Intermediate/CROPPED/041_01.bmp,fa39d9f8d671538027141d6dd320d4f8355f5b2108274d133ce1486646235a69
research-lab/data/sipakmed/raw/im_Superficial-Intermediate/CROPPED/041_02.bmp,c04953c78b9990585ce65cc8ff2ed32abcddddf55427132a8b691ad19d74277a
research-lab/data/sipakmed/raw/im_Superficial-Intermediate/CROPPED/041_03.bmp,b6651be28f06557fa3f19d114fd9a174a207918b58b9c74051975eb5acb3ec13
research-lab/data/sipakmed/raw/im_Superficial-Intermediate/CROPPED/041_04.bmp,ee5868935240cfed824a40ec01d1c14a3eb5e26789ef0772a3e14266eab8d939
research-lab/data/sipakmed/raw/im_Superficial-Intermediate/CROPPED/042_01.bmp,a1eba33f8e47a0ef8c83472f39f1f67a7bb2fbd1086d16710ca0ec5b697537b8
research-lab/data/sipakmed/raw/im_Superficial-Intermediate/CROPPED/042_02.bmp,c48b79d998cea01beaec28c8cbe1a55251c663a0a02cb873922c1b43b1a75b1b
research-lab/data/sipakmed/raw/im_Superficial-Intermediate/CROPPED/042_03.bmp,e568d5c4f0fa22fc7416b93e394b687bfbc4f1b0090f9cebac33be2369f7d834
research-lab/data/sipakmed/raw/im_Superficial-Intermediate/CROPPED/042_04.bmp,af952a93cc510382b676dbbf991ec8820aa90175c1757f3409e761a358c72a48
research-lab/data/sipakmed/raw/im_Superficial-Intermediate/CROPPED/043_01.bmp,a8f504aa1bc1e9ba12341b8e2a464c3ab66551d6dde138ca90c159e38fbe574d
research-lab/data/sipakmed/raw/im_Superficial-Intermediate/CROPPED/043_02.bmp,ad7b36a4c51afbe40a082a056bd9c11325ef5ebed37a89f7fe964b03128a281d
research-lab/data/sipakmed/raw/im_Superficial-Intermediate/CROPPED/043_03.bmp,7d0029b12c62a8763e08d20a5127f26845b718145394050c34719e2f3792091a
research-lab/data/sipakmed/raw/im_Superficial-Intermediate/CROPPED/043_04.bmp,d00d77c0d055c73e2f782b1c19a493de41cb894010636b34653bafb70bffc860
research-lab/data/sipakmed/raw/im_Superficial-Intermediate/CROPPED/043_05.bmp,6c79970165d9cfd26fde9fd2cbdfbd55b3bb6b44f824434f47b72e1da94b602d
research-lab/data/sipakmed/raw/im_Superficial-Intermediate/CROPPED/043_06.bmp,f959796687b2f19813277f962b2d62827adfeed9e433ccf4f849b3a728aa9e1b
research-lab/data/sipakmed/raw/im_Superficial-Intermediate/CROPPED/043_07.bmp,4b82e1372d7879f7aab673c1233f70ec18cf62c06386b6dc0ee9db98d4948cb2
research-lab/data/sipakmed/raw/im_Superficial-Intermediate/CROPPED/044_01.bmp,5132b60be53c7aa4ec9344cd46372533b2958e49e5211175fd6c6db8dc5a9663
research-lab/data/sipakmed/raw/im_Superficial-Intermediate/CROPPED/044_02.bmp,b29b800497ec61816167019ca2ff3809ad93ff094c4a3e95d83ef3e861ef63d7
research-lab/data/sipakmed/raw/im_Superficial-Intermediate/CROPPED/044_03.bmp,97cbde2b3bf58d2c8548becff2cfb597a5276e6ce58e0d3811c0797f0d4a9a7e
research-lab/data/sipakmed/raw/im_Superficial-Intermediate/CROPPED/044_04.bmp,fe3806a0c1d6284ef4040d9c18b33f15a3f1c123a57dc4e1677cf15c493225c5
research-lab/data/sipakmed/raw/im_Superficial-Intermediate/CROPPED/045_01.bmp,bcd8a71f1c1582e5adb375700a24339e4e8504201cccd54feed8f506049abb5d
research-lab/data/sipakmed/raw/im_Superficial-Intermediate/CROPPED/045_02.bmp,9a6a550504d612a951e0b94119738433e75546d1440127e9bc260a26769afe2f
research-lab/data/sipakmed/raw/im_Superficial-Intermediate/CROPPED/045_03.bmp,b6ab7954f4105ae2d93d151c44fde62e195fc616b51578ac71fc2edd139a8bb3
research-lab/data/sipakmed/raw/im_Superficial-Intermediate/CROPPED/045_04.bmp,ede5bd940fe047cf19ebc705e8c168736cf470a7009196864b323027601d4ca5
research-lab/data/sipakmed/raw/im_Superficial-Intermediate/CROPPED/045_05.bmp,91ac46fa02f6f7eceb9aeedd9eb6e38c452d9f31b0488753d5aaf41b711c5c95
research-lab/data/sipakmed/raw/im_Superficial-Intermediate/CROPPED/045_06.bmp,581562ba7cd2f737c420b42c5a87e74c412ce5fb482be862586ad90c0aac950e
research-lab/data/sipakmed/raw/im_Superficial-Intermediate/CROPPED/045_07.bmp,564d989970b172d329734fbdb282a113f032de206d6c849746dcc4e985996c2a
research-lab/data/sipakmed/raw/im_Superficial-Intermediate/CROPPED/045_08.bmp,d4ccb858360516470f95725118b5e1b6bd971c7408d320aa2bfa5d1a8c2ae9d3
research-lab/data/sipakmed/raw/im_Superficial-Intermediate/CROPPED/045_09.bmp,d643fd2e0eeb2f4ca35385ca865b00cd6021c28922823fa069c71e82901aad71
research-lab/data/sipakmed/raw/im_Superficial-Intermediate/CROPPED/045_10.bmp,1ceca100f089f5893254f1047cb9c0d8f7279e58f0c3e4a912f209f98454fe26
research-lab/data/sipakmed/raw/im_Superficial-Intermediate/CROPPED/045_11.bmp,c7469d674fd7beeaa67279ad2f0dc935cb6af759bcbd1c44b99a5679e2efbc10
research-lab/data/sipakmed/raw/im_Superficial-Intermediate/CROPPED/046_01.bmp,5a35a16e40161b109dd9db020c20b97c2ba8da71fe1bff493158fca0832aa215
research-lab/data/sipakmed/raw/im_Superficial-Intermediate/CROPPED/046_02.bmp,5a823a945d40d78ff6064daf7f4d15ca9250ba4bac84dc7d406dc64119dffd34
research-lab/data/sipakmed/raw/im_Superficial-Intermediate/CROPPED/046_03.bmp,2facf2d5faf2a03f14961e9315071f30b7f8a7953b169dce2421977c3d11c0ee
research-lab/data/sipakmed/raw/im_Superficial-Intermediate/CROPPED/046_04.bmp,4e7c115f9d2e44069902656f4b2927bf1b1c0b73ce22aefcbc81fbe98361847b
research-lab/data/sipakmed/raw/im_Superficial-Intermediate/CROPPED/046_05.bmp,e28b282909196dc46cb256073f88c5d32a8fe80aeeed1266da42bfea8eb03a4c
research-lab/data/sipakmed/raw/im_Superficial-Intermediate/CROPPED/046_06.bmp,c89ffb3309039ada7b28c5792a4bc64a1100aa4359f0df3988e757e2825d64f3
research-lab/data/sipakmed/raw/im_Superficial-Intermediate/CROPPED/046_07.bmp,a2c0d9c2c22d1c35d5b24bbe21aca2d53c098ae1b2a8151fb794bd541a03da3c
research-lab/data/sipakmed/raw/im_Superficial-Intermediate/CROPPED/046_08.bmp,94a20cbe025ce62787e0cf1aae8ba1107fa81db35af397ce7c00606b6f146c29
research-lab/data/sipakmed/raw/im_Superficial-Intermediate/CROPPED/046_09.bmp,b90661ff41e2dead5174e079a8afac96930ef316df865e79230148ec07df445f
research-lab/data/sipakmed/raw/im_Superficial-Intermediate/CROPPED/046_10.bmp,703ce2c2ef4a1173bfd31bc8f765df0f4a6f42c3ef01f1f1df28417d45b25120
research-lab/data/sipakmed/raw/im_Superficial-Intermediate/CROPPED/047_01.bmp,907f0c6479d0763dbe1a38d655e087302fc13da18e98e22c4c443f9848866ac6
research-lab/data/sipakmed/raw/im_Superficial-Intermediate/CROPPED/047_02.bmp,f85d1b3b85df3460adc0f0de2e18c5c748399e50993aac8cb65aa143cc1e9e52
research-lab/data/sipakmed/raw/im_Superficial-Intermediate/CROPPED/047_03.bmp,74eb048c77a2a08192bcb4bc3d58fd7ca25c7a47b0ca3fa6e80e02f44f3cc28b
research-lab/data/sipakmed/raw/im_Superficial-Intermediate/CROPPED/047_04.bmp,44d92413c9ec2fcd4ceb07e68f24f367520513027e9ce1af0649389ae39fa01f
research-lab/data/sipakmed/raw/im_Superficial-Intermediate/CROPPED/047_05.bmp,822cd6431b2142d01a8d89a04feb07102a8ec2f2e50a0deda2d9494980c5dfe3
research-lab/data/sipakmed/raw/im_Superficial-Intermediate/CROPPED/048_01.bmp,ab6e7eb0cfbf11a50564c98a2abb5ca7bfe7931375e8ff7a456d31213f31eea0
research-lab/data/sipakmed/raw/im_Superficial-Intermediate/CROPPED/048_02.bmp,1d1fca07a5268132e589f5db6ced91f21ef8ff7929ea309795d97777273c52c9
research-lab/data/sipakmed/raw/im_Superficial-Intermediate/CROPPED/048_03.bmp,3b18e7d739d9c4b1a407783fd4e1242312df9f416f87dd3f95b27adbb351c2bf
research-lab/data/sipakmed/raw/im_Superficial-Intermediate/CROPPED/048_04.bmp,43f870f5eb554294bcbe89144e3552b8f27955d9c501f2c7d81ce28daa5a3e20
research-lab/data/sipakmed/raw/im_Superficial-Intermediate/CROPPED/049_01.bmp,0fc07e5d00d8874a42d09019b10705d3a5313b9cf3b005a9ea5c72d28a7fa3a5
research-lab/data/sipakmed/raw/im_Superficial-Intermediate/CROPPED/049_02.bmp,c8c500d7d7170ae5193e9c7e247336a74351aba4837d42854758e9dbaeafd1ec
research-lab/data/sipakmed/raw/im_Superficial-Intermediate/CROPPED/049_03.bmp,442624c6b813446188c0f6faf512979bfe99b9081af0d933775554a84bdf6972
research-lab/data/sipakmed/raw/im_Superficial-Intermediate/CROPPED/049_04.bmp,a5a806122d981b3b1e73a0c9b58c2623bca420ce7a554bd70ad0ed77895a16af
research-lab/data/sipakmed/raw/im_Superficial-Intermediate/CROPPED/050_01.bmp,82c053e3baab2bac90d74b69d02ba7bb05b3e53156420c218712b5db94977f03
research-lab/data/sipakmed/raw/im_Superficial-Intermediate/CROPPED/050_02.bmp,f96ec8bd44f760a83a3c491121303bd0bd3ca0b00c1292f1cb0a790438bc3aea
research-lab/data/sipakmed/raw/im_Superficial-Intermediate/CROPPED/050_03.bmp,727d80646fe19d9f7894b3cf59250aba6cf87a4ed1a167a25bd011792d5d42c4
research-lab/data/sipakmed/raw/im_Superficial-Intermediate/CROPPED/050_04.bmp,90b63981e9805604a117dfeb3b6826d476f902beb17e1af75467a0c9c9e45070
research-lab/data/sipakmed/raw/im_Superficial-Intermediate/CROPPED/050_05.bmp,50fe311fb146a2ef13ae11ef45fde530814790344bf0600b3921189e6e3323b3
research-lab/data/sipakmed/raw/im_Superficial-Intermediate/CROPPED/050_06.bmp,4a7351f0bf7685d2ac6c3006ffcd0347e1271455f37f479e27e087ce663f7d65
research-lab/data/sipakmed/raw/im_Superficial-Intermediate/CROPPED/050_07.bmp,575a2121acfb8535f77cab4ad1c93976d6d662c3724abc13188b56dfd5e1c41d
research-lab/data/sipakmed/raw/im_Superficial-Intermediate/CROPPED/050_08.bmp,758760c5d6dffb73c0f5b8ca5da774a4ed04a82d9eb18fa96f0d97b75c80ea8d
research-lab/data/sipakmed/raw/im_Superficial-Intermediate/CROPPED/051_01.bmp,46ff31937244c3db6489244a79cb8cc7ad96e0300cd492b6c652ac287c4bdbea
research-lab/data/sipakmed/raw/im_Superficial-Intermediate/CROPPED/051_02.bmp,098c3dbd481fcbcc340eb0b6907181cb3f4b9d7531d0eb4375652f9529c8c0ec
research-lab/data/sipakmed/raw/im_Superficial-Intermediate/CROPPED/051_03.bmp,6ebb93604510a6fcb5a7de7fe94d366cd2e7248387b0704b966ce59962881e79
research-lab/data/sipakmed/raw/im_Superficial-Intermediate/CROPPED/051_04.bmp,cce8df601058d597f83303436eb88d8d799502b9ab4a1b2953c409fbe6cccbae
research-lab/data/sipakmed/raw/im_Superficial-Intermediate/CROPPED/051_05.bmp,4c00422c22f0ab65b415eb15cdd0f5190c0ec3a457fe3dda6598faefd782770b
research-lab/data/sipakmed/raw/im_Superficial-Intermediate/CROPPED/052_01.bmp,906d37dcbb55108a76cb301ddd0ddcf530cdf6baa110a5f98504c2d2c714e5f9
research-lab/data/sipakmed/raw/im_Superficial-Intermediate/CROPPED/052_02.bmp,9765ad6c1c8796a605275f5d2a1e7173dbf264269ff850da42cdcd16235b403a
research-lab/data/sipakmed/raw/im_Superficial-Intermediate/CROPPED/052_03.bmp,dd3d0a849876c68f6d432f07a2bf7e182ff484b09f09812c08c452992c05c658
research-lab/data/sipakmed/raw/im_Superficial-Intermediate/CROPPED/053_01.bmp,39efca1b098ee58cb97e190d828c8e2b328f17229976bff99bb6f5ef3d0b0a92
research-lab/data/sipakmed/raw/im_Superficial-Intermediate/CROPPED/053_02.bmp,841f14bc9940b77e472fae0e01ff4794a77ef2cdf3f8f3a61e29375fb10d2d96
research-lab/data/sipakmed/raw/im_Superficial-Intermediate/CROPPED/053_03.bmp,04dedf4b78829bd66bfa5e5e22cc13a11ffc99b4afea122a1b546d8840eca178
research-lab/data/sipakmed/raw/im_Superficial-Intermediate/CROPPED/053_04.bmp,2ff39266de696cd042da8dd764a3cd0056e4735251101fe7d861be5d824004fe
research-lab/data/sipakmed/raw/im_Superficial-Intermediate/CROPPED/053_05.bmp,0c0ef0aeee34c6d17e78739139a437eead3544b567a80e6f40c86a9d68f171cb
research-lab/data/sipakmed/raw/im_Superficial-Intermediate/CROPPED/053_06.bmp,b28b50eeef89e198c800bbf999101f55a9da474c36a1e1f75dd9c39ef09b0d78
research-lab/data/sipakmed/raw/im_Superficial-Intermediate/CROPPED/053_07.bmp,7c497b335b8a3246f670c4724f64f6e9749ea1d664b6df4583ef9953207950cf
research-lab/data/sipakmed/raw/im_Superficial-Intermediate/CROPPED/054_01.bmp,b9dfdb2b07cc11e6ddcf1b433fe9a978c98f869cce2f6294c9c900a1b084bef2
research-lab/data/sipakmed/raw/im_Superficial-Intermediate/CROPPED/054_02.bmp,4073c2bf2090b19e25ed53131783b521c4300fcdb0369d89b6194efc72456188
research-lab/data/sipakmed/raw/im_Superficial-Intermediate/CROPPED/054_03.bmp,e14cbd7c50d4b7c921deee13d0637e7928833ec921c7065f8123b649a668cc08
research-lab/data/sipakmed/raw/im_Superficial-Intermediate/CROPPED/054_04.bmp,aa1a44fccaa4f2f0547108d7aa9c7e4d7bd6882484bb171982cb8a231d6bf9b3
research-lab/data/sipakmed/raw/im_Superficial-Intermediate/CROPPED/054_05.bmp,6ac1d9f3ac725f584ab458d769457a6c2d5a9e9155890c0aeb223ad357a4d8cd
research-lab/data/sipakmed/raw/im_Superficial-Intermediate/CROPPED/055_01.bmp,a39409d7f9b219c63bcbbe24e3d38e29ac52d800d62d8f2b885197a74287d865
research-lab/data/sipakmed/raw/im_Superficial-Intermediate/CROPPED/055_02.bmp,c854916c1c8aea23116a42f3b8555be49812d314c02956bc572942d801f77f63
research-lab/data/sipakmed/raw/im_Superficial-Intermediate/CROPPED/055_03.bmp,9acb0b4c845cdc9247df9fe6bf26338a4b5619f2e0413d2c0f89e30d8eabe8b2
research-lab/data/sipakmed/raw/im_Superficial-Intermediate/CROPPED/055_04.bmp,8c6af074479ba3b30c6a4d073ddeb98dd7870244c87ae03ecfbd3928d0e2e48b
research-lab/data/sipakmed/raw/im_Superficial-Intermediate/CROPPED/055_05.bmp,966a3307c55bed8c35b610eb02b6b31cfaf0a8db2332cef8553ffb50da7aa91a
research-lab/data/sipakmed/raw/im_Superficial-Intermediate/CROPPED/055_06.bmp,556cab1beff912662730f563278d3b5612aa63fd386e1236e964655bc6468242
research-lab/data/sipakmed/raw/im_Superficial-Intermediate/CROPPED/055_07.bmp,8a824d1ec5ab7bbd912572c240b57bb568460914b8754794369bbf42576fc28b
research-lab/data/sipakmed/raw/im_Superficial-Intermediate/CROPPED/056_01.bmp,48cab823fa80b589b66f245d1d65d4e6994280b09b585e475d3bd9ac8296d82b
research-lab/data/sipakmed/raw/im_Superficial-Intermediate/CROPPED/056_02.bmp,31b391512b352cb7669b4b1727195bfbe27434b057f64f9a3ad8c98d9da33b68
research-lab/data/sipakmed/raw/im_Superficial-Intermediate/CROPPED/056_03.bmp,5e4af5203e1101ecf0aeb5b330864428c0bcf34707fe4f86d8e208846e081f9b
research-lab/data/sipakmed/raw/im_Superficial-Intermediate/CROPPED/056_04.bmp,96ae56eed7cff05a6217f047eb2e0660aa7ae22eb0318fd10af1f7b2e03c65c4
research-lab/data/sipakmed/raw/im_Superficial-Intermediate/CROPPED/056_05.bmp,b2f5d24b1a0887d6cc1416411ec742c132638c68c0d07b76460dc467a4750c8a
research-lab/data/sipakmed/raw/im_Superficial-Intermediate/CROPPED/056_06.bmp,0d5d8d95e79955b3e76817197c8619c5c4f17f9ee28fe506b915860d89a2b10e
research-lab/data/sipakmed/raw/im_Superficial-Intermediate/CROPPED/056_07.bmp,d95f0ce8ab735b1fa6b09b8cb6829b69e7b83e85891ecaa6cf9366f72cb83282
research-lab/data/sipakmed/raw/im_Superficial-Intermediate/CROPPED/057_01.bmp,3522d12fe114069847c2b9fe3d643066f4fb91836ce1245cb55c73ab92922163
research-lab/data/sipakmed/raw/im_Superficial-Intermediate/CROPPED/057_02.bmp,f8e6db266c5ca8808a2a7990d7304eccd3ba5df56f0b020b9d34857f3e824aa6
research-lab/data/sipakmed/raw/im_Superficial-Intermediate/CROPPED/057_03.bmp,ac6851d2485baaa149e76f01499de48e4e7d61d2a7052e83b999a3febd816ab0
research-lab/data/sipakmed/raw/im_Superficial-Intermediate/CROPPED/057_04.bmp,87e0ead2ed9cfcc98d78a26622033c7f0f5796aa349114f36d1899e4f6943393
research-lab/data/sipakmed/raw/im_Superficial-Intermediate/CROPPED/057_05.bmp,5434377e4c396bf5653997a187a0b36d3b46c902ac5d12e2f6eec99bf8ea9d86
research-lab/data/sipakmed/raw/im_Superficial-Intermediate/CROPPED/057_06.bmp,43fbf49281f82c8fef752f3c418ee20141f48e09dac3e13eb95100ac3972af4b
research-lab/data/sipakmed/raw/im_Superficial-Intermediate/CROPPED/057_07.bmp,dd8a1f4cb078e8b4b1238e39ff6141c6452cfe3b1f07e5af3c20c9378c212c2b
research-lab/data/sipakmed/raw/im_Superficial-Intermediate/CROPPED/057_08.bmp,ce6872cd4ab4ae0d0716f3afe3ecd966c52ce666caf096d477b4949fb5f0902c
research-lab/data/sipakmed/raw/im_Superficial-Intermediate/CROPPED/057_09.bmp,f784c9dc4f228ca2240d9b6e2e95247ad180b5cc51c643a7ce4a1f1af756cf66
research-lab/data/sipakmed/raw/im_Superficial-Intermediate/CROPPED/057_10.bmp,b11ae50bf59b3b88b2d8e3d9c8872f3b687d25730394b30eae95833d7884640c
research-lab/data/sipakmed/raw/im_Superficial-Intermediate/CROPPED/057_11.bmp,76632b925fd8da477a831bf15149e976ff3d56b6be6508a2be227b5d90399d7e
research-lab/data/sipakmed/raw/im_Superficial-Intermediate/CROPPED/058_01.bmp,c650e37c3dae117b2559a4e3568e44294b9459ff17bd55b2bb473bd51a793a60
research-lab/data/sipakmed/raw/im_Superficial-Intermediate/CROPPED/058_02.bmp,63508fb12479786c4df4b019540ea0372f836973d3bd40af1bc6fd2c0ffc8787
research-lab/data/sipakmed/raw/im_Superficial-Intermediate/CROPPED/058_03.bmp,52f14ade2f76e04280935e1ac3880f6080638bd5654028513219c08046e7a349
research-lab/data/sipakmed/raw/im_Superficial-Intermediate/CROPPED/058_04.bmp,44185c66515331d8cd5c6e7b2cbe6c9fc9bd68f45f2b988f772b18c799543e9f
research-lab/data/sipakmed/raw/im_Superficial-Intermediate/CROPPED/058_05.bmp,b6deca0af42b6390a28ab4f9434e4feeb39d16199defb0bab4b4e75911bb6c9c
research-lab/data/sipakmed/raw/im_Superficial-Intermediate/CROPPED/058_06.bmp,463479ff763aeaba097237f41c28b1c3a7e389a6ff6d844313d63bf83c3ce741
research-lab/data/sipakmed/raw/im_Superficial-Intermediate/CROPPED/058_07.bmp,ed08136c301d85e59bf81e027ff580201389c7577b45bbe77dc78eb2dce8c105
research-lab/data/sipakmed/raw/im_Superficial-Intermediate/CROPPED/059_01.bmp,a1751d732cea6e08a714aa4ce3e9e870153c07406b00bbc7fd3e11a5ecad3b90
research-lab/data/sipakmed/raw/im_Superficial-Intermediate/CROPPED/059_02.bmp,309a256eaa2289f02b6cc7d5cbd7ba49d8951d9de2794f39af9dad5127cb51a4
research-lab/data/sipakmed/raw/im_Superficial-Intermediate/CROPPED/059_03.bmp,cd5b45227d25a5f7a67e1b2c69cf2e8b0713a054160d2c7f0e0d09f8a8f3e1c8
research-lab/data/sipakmed/raw/im_Superficial-Intermediate/CROPPED/059_04.bmp,e3797034be69a43e4775ae652c200e81ece9444baede76b4f9f92ae1d36caa98
research-lab/data/sipakmed/raw/im_Superficial-Intermediate/CROPPED/059_05.bmp,73f8614f6df548428be20a1d4051acd7134f91f0dd0294bb42ef6af3197dbef0
research-lab/data/sipakmed/raw/im_Superficial-Intermediate/CROPPED/059_06.bmp,9d3580875424c3ffc5de73fde37472ab55b3338e9be34f208b254c9f1e4e4892
research-lab/data/sipakmed/raw/im_Superficial-Intermediate/CROPPED/059_07.bmp,5a7d74088162aad8a09f6582bc7fc4510d830ec818f237c861f12808f047bb72
research-lab/data/sipakmed/raw/im_Superficial-Intermediate/CROPPED/060_01.bmp,f419c6d540631fa3a6bdfc30ffb232333b64cc9db47a92d365401e8ab4037256
research-lab/data/sipakmed/raw/im_Superficial-Intermediate/CROPPED/060_02.bmp,9724f9d4bd9e42abb8c6b428b4c1d2160d065845321f37d40a8b764708ccd0dd
research-lab/data/sipakmed/raw/im_Superficial-Intermediate/CROPPED/060_03.bmp,3aedb0194dd490c727543bbaf50e71752d12fa6eab328b6e70f7ebc2875a25d7
research-lab/data/sipakmed/raw/im_Superficial-Intermediate/CROPPED/060_04.bmp,8b92aaa4ba53dff4e018a37fa1dc2fd8a8502ccaea543973378cd135760f31bb
research-lab/data/sipakmed/raw/im_Superficial-Intermediate/CROPPED/060_05.bmp,d5657ddc8bf65b7c897d5959882558193d56a07571402b8bd9d04588432fa679
research-lab/data/sipakmed/raw/im_Superficial-Intermediate/CROPPED/060_06.bmp,47cb333a3a951787f5cef7d969990718a99eee133bb04d8866f0143c0bc173e7
research-lab/data/sipakmed/raw/im_Superficial-Intermediate/CROPPED/060_07.bmp,b5dfba665ef2c1bdbaecfc9181505da79d6ca39b1e8b404a77117ada791f450d
research-lab/data/sipakmed/raw/im_Superficial-Intermediate/CROPPED/061_01.bmp,cc9804deee61feaf1fe57a7218a5ab52e83635b5815d002af052f90914bf2eb9
research-lab/data/sipakmed/raw/im_Superficial-Intermediate/CROPPED/061_02.bmp,d1b11603f1482a67f7a54b00a5a51bb50fa946fa40c1f116bd186cbea4093c1d
research-lab/data/sipakmed/raw/im_Superficial-Intermediate/CROPPED/061_03.bmp,214373f62fb17de9e570fc01d01eed04c396bcbad4e994176a6c3a2b608ddfc9
research-lab/data/sipakmed/raw/im_Superficial-Intermediate/CROPPED/061_04.bmp,4e7ef03c571631d49011bdac2b1787790dd546e625592da179a572d930d62820
research-lab/data/sipakmed/raw/im_Superficial-Intermediate/CROPPED/061_05.bmp,e0ea04b8fdcc26600b0e7cd697c8c28fb9f5a59628a0751f7f808619bd482a26
research-lab/data/sipakmed/raw/im_Superficial-Intermediate/CROPPED/061_06.bmp,6ace4a72446b1b876d3df222d8b478a574dcb5d97d8b3665180e7d983e3426b8
research-lab/data/sipakmed/raw/im_Superficial-Intermediate/CROPPED/061_07.bmp,d21e266210110948fae212ea9e3e9af33bb6717c6364fa0e10998ef4cc382715
research-lab/data/sipakmed/raw/im_Superficial-Intermediate/CROPPED/061_08.bmp,1b44578ed51f098c358a6b5b8093036403d4b3575998668dd080a86bff03d89c
research-lab/data/sipakmed/raw/im_Superficial-Intermediate/CROPPED/061_09.bmp,c033fe2cd060a1c6242515fbf4bb6347e235f5f18dd500d49a91d2b682967706
research-lab/data/sipakmed/raw/im_Superficial-Intermediate/CROPPED/061_10.bmp,da51cfdde36cdbd87af8804128303ae196c20822358712979c2d41c7216c4c84
research-lab/data/sipakmed/raw/im_Superficial-Intermediate/CROPPED/062_01.bmp,857c92e41138d71a07813a8ab316c0343a9f8b948319aa6b53fdb7f85946293b
research-lab/data/sipakmed/raw/im_Superficial-Intermediate/CROPPED/062_02.bmp,a82ae9a32fe9e1a7e5da7f55c519ec1d00bd5f4afb35036184a7dbabf215d8da
research-lab/data/sipakmed/raw/im_Superficial-Intermediate/CROPPED/062_03.bmp,f19a5666f67da959985dddfea1dea2352af29f52eed6586eec8aedf59a589c3a
research-lab/data/sipakmed/raw/im_Superficial-Intermediate/CROPPED/062_04.bmp,a103694f5587d9ed3846ff63ec7b1999f83bd3006309d9ed8e63a1ce6848ef25
research-lab/data/sipakmed/raw/im_Superficial-Intermediate/CROPPED/062_05.bmp,35c278dc3f2843d51e1325fcd21dac1566ea1c6c222f3ccc6aef9402f10272a1
research-lab/data/sipakmed/raw/im_Superficial-Intermediate/CROPPED/062_06.bmp,669e13f7cd9413fdaf92e464c1c26de7cd42502e2f170acdc28f9ba8c8b97fc0
research-lab/data/sipakmed/raw/im_Superficial-Intermediate/CROPPED/062_07.bmp,2182aae5aaaa951fc7caf40282b97b5ef31f03f7e8a5a2e9b41f8ccac3e5ed12
research-lab/data/sipakmed/raw/im_Superficial-Intermediate/CROPPED/063_01.bmp,be183dbd84d2c21e6127bbbe05fbfc4211777ab9bbe0b1a7838aed72cab2c4b5
research-lab/data/sipakmed/raw/im_Superficial-Intermediate/CROPPED/063_02.bmp,47a2eabbfa976fc95d6b7e212814b083edf3b770a852c3c13c82a9f591a2a7e4
research-lab/data/sipakmed/raw/im_Superficial-Intermediate/CROPPED/063_03.bmp,60d99a06121f3c7d82db523dbb24fa8d56b6b6ca91f522db84cbc44ee29343c1
research-lab/data/sipakmed/raw/im_Superficial-Intermediate/CROPPED/063_04.bmp,68a2ba2eff971e1bf4f6b1cb6b4839914dfd672dd4c245cfb83d8870adc3c13b
research-lab/data/sipakmed/raw/im_Superficial-Intermediate/CROPPED/063_05.bmp,a2955156d874415b45c66b44dcd013178b8addbbc495abac8385ceb900641f56
research-lab/data/sipakmed/raw/im_Superficial-Intermediate/CROPPED/063_06.bmp,3091acd0880eaebc38e8cf5e5b6890ff4c9b60662a7b40a3e15205dd2a3b49e8
research-lab/data/sipakmed/raw/im_Superficial-Intermediate/CROPPED/064_01.bmp,f48a26f5173e402a29035d4bf1ee7090cfbf40c63953bdeb1a11bd46ef861ad5
research-lab/data/sipakmed/raw/im_Superficial-Intermediate/CROPPED/064_02.bmp,979a66e7eefdf1749be6c6fa5f7a75fc26c460cdce41ed9db14bbe0fbb5fbd87
research-lab/data/sipakmed/raw/im_Superficial-Intermediate/CROPPED/064_03.bmp,c1abf9a3d721c9decfcedb4d63e63008f5129227a7237afc42f7073127226348
research-lab/data/sipakmed/raw/im_Superficial-Intermediate/CROPPED/064_04.bmp,13616b9972dd5f09d2ad0b280c15ae284f52645d4408f0a25cc3559c35908fe5
research-lab/data/sipakmed/raw/im_Superficial-Intermediate/CROPPED/064_05.bmp,6d95ce550a9bc02cc73277a6a6c03865d5946fbe2c64f900a49f2d95f84e013d
research-lab/data/sipakmed/raw/im_Superficial-Intermediate/CROPPED/065_01.bmp,6d86c56be9ec7552ebac52069d24039c3dd2cb0938cfd1832aa126d80d08d9ee
research-lab/data/sipakmed/raw/im_Superficial-Intermediate/CROPPED/065_02.bmp,f309496a31845a02707fe663054b58173877222ef7234e1ad241940aba159474
research-lab/data/sipakmed/raw/im_Superficial-Intermediate/CROPPED/065_03.bmp,3e5c8a0b0a8a0aca78c1c0ed41ee35b3b5bfd8236c0c79913b4884d08547c7de
research-lab/data/sipakmed/raw/im_Superficial-Intermediate/CROPPED/065_04.bmp,a798a52a49069d6fb626a5f639102701ac91ea1467f32156a9d79fcd92e28c93
research-lab/data/sipakmed/raw/im_Superficial-Intermediate/CROPPED/065_05.bmp,6daab4818d048bbefeb78b1682b91bd9ae1ef9b110206e3b23de6cd6d413214e
research-lab/data/sipakmed/raw/im_Superficial-Intermediate/CROPPED/066_01.bmp,d8d5a315a5be041868fd6edf8a5b1db39dc2f5ba7c382860886bc43905870c15
research-lab/data/sipakmed/raw/im_Superficial-Intermediate/CROPPED/066_02.bmp,3afc0c4cce1878b13dcfadae589e88260ec4e63ff54773e0d225b6d5201eb3f3
research-lab/data/sipakmed/raw/im_Superficial-Intermediate/CROPPED/066_03.bmp,9e31171765e98c5c4dcfdf10ee7990949125a93e0a5e46e6ad9e0e3a5ce5542e
research-lab/data/sipakmed/raw/im_Superficial-Intermediate/CROPPED/066_04.bmp,4c7f93a94ad26eab5ec9ce63671ccc39511984f6bf10af3b7e4005c02a5ffc86
research-lab/data/sipakmed/raw/im_Superficial-Intermediate/CROPPED/066_05.bmp,b11690ea159c2d294e2b6f7f10ee48e088e38fe265f48fd7351b52e2e32aad40
research-lab/data/sipakmed/raw/im_Superficial-Intermediate/CROPPED/066_06.bmp,382bb4a962041e7fe705594e03616dab33480db9e709ee2e8a1ff6ca044dfd0b
research-lab/data/sipakmed/raw/im_Superficial-Intermediate/CROPPED/066_07.bmp,594362cb2416ebc64d4d72201bf7d73d40827faca3f5b96ee51f8bfa6848d24b
research-lab/data/sipakmed/raw/im_Superficial-Intermediate/CROPPED/066_08.bmp,96b94e25320025760b35df15b07095ec8d95ae9bbfb6806be1db3f1733377730
research-lab/data/sipakmed/raw/im_Superficial-Intermediate/CROPPED/066_09.bmp,5e3d5812424c8d47ab2b8afccfad57df8aa4956c41e02ca5e6be472de95f833d
research-lab/data/sipakmed/raw/im_Superficial-Intermediate/CROPPED/066_10.bmp,6d88290240d0524af2d80de6d485ec04917e14e6cecd8b4071740fa8c7f60575
research-lab/data/sipakmed/raw/im_Superficial-Intermediate/CROPPED/066_11.bmp,7e8f790d3f105746656dfa994f1db14a68288023a95d3d53ecb9b8f5b50cf633
research-lab/data/sipakmed/raw/im_Superficial-Intermediate/CROPPED/067_01.bmp,7d2ba4424491a1d8b02b4f4dc0c5a29a7ae642910a6a64d12f58aad814488d28
research-lab/data/sipakmed/raw/im_Superficial-Intermediate/CROPPED/067_02.bmp,7a3147c25f48d3093e9814ae3c3aa51322edeeffaffbaa2b85d016c79e30443a
research-lab/data/sipakmed/raw/im_Superficial-Intermediate/CROPPED/067_03.bmp,65998c42435a77251d818968001ef2d8c35bc4f68ec91bf7a442edf63e11ab83
research-lab/data/sipakmed/raw/im_Superficial-Intermediate/CROPPED/067_04.bmp,a5510a7a1b375ff28c1865fead8019cf17b10af6978aeffb88d939bc3062eda6
research-lab/data/sipakmed/raw/im_Superficial-Intermediate/CROPPED/067_05.bmp,de6f4a38b1d7fbaa2e28a51ae7e91bf3724e0253f67945e898f2851236a4d237
research-lab/data/sipakmed/raw/im_Superficial-Intermediate/CROPPED/067_06.bmp,76a90a4f7cc74b61e5fd86f67a4fd80a6edd71946623923113d2d30a2008507e
research-lab/data/sipakmed/raw/im_Superficial-Intermediate/CROPPED/067_07.bmp,15a18295af7d85b788446b6ea6ebabc0649e5c1af4cb3ad74cf8c2b8eb9845b6
research-lab/data/sipakmed/raw/im_Superficial-Intermediate/CROPPED/067_08.bmp,9ebe125dbcf5c9fe40f11fc99894ec0247636693ec67672e9fe21415ff658a73
research-lab/data/sipakmed/raw/im_Superficial-Intermediate/CROPPED/067_09.bmp,2e197077bd90fbc648b74f2c6d14666cf4a12e5038e1724b28486661e03aa110
research-lab/data/sipakmed/raw/im_Superficial-Intermediate/CROPPED/067_10.bmp,187fcd98d929eed3dcb716cbb61ac9e9cc7cf56d9c54ab67686290386edb2318
research-lab/data/sipakmed/raw/im_Superficial-Intermediate/CROPPED/068_01.bmp,3fc9e6ed9531f1e4b57fcef8fa009bf574f7d933e5e8fc191a37baf20183f9ee
research-lab/data/sipakmed/raw/im_Superficial-Intermediate/CROPPED/068_02.bmp,95d0f73e87048ba8c3c77c7dbcc08be7ef21b23a8ef51819cf6cfcb2b625f2ac
research-lab/data/sipakmed/raw/im_Superficial-Intermediate/CROPPED/068_03.bmp,d3d17f761b8b243d2b8ce93e48f7649a60bda72d1d7d5301756b96cef0990b59
research-lab/data/sipakmed/raw/im_Superficial-Intermediate/CROPPED/068_04.bmp,5eb6f1cd1413588fb24d25b597b44e86bbc6623621ba7ab4adf92f87a327372d
research-lab/data/sipakmed/raw/im_Superficial-Intermediate/CROPPED/068_05.bmp,17cbbe25bd0cd460e15c9189616c98d72c6888e38f20ddf7de04657a9144727a
research-lab/data/sipakmed/raw/im_Superficial-Intermediate/CROPPED/068_06.bmp,d759e9bcba35ecd65deacf94aea2ef26a6fde6e3d3f5f92314b1c84b08fd11bd
research-lab/data/sipakmed/raw/im_Superficial-Intermediate/CROPPED/068_07.bmp,083efc0b18afe45fe09aa440646a642ec65e5b360753be472e328603e82d38d5
research-lab/data/sipakmed/raw/im_Superficial-Intermediate/CROPPED/068_08.bmp,55e8fdd1874e9d7eea5ec63f14b9f23a4ce0879c9e400a941572ffe444b5e056
research-lab/data/sipakmed/raw/im_Superficial-Intermediate/CROPPED/068_09.bmp,e09a0e1b8e560ae16e43564765f73ba52e2825cd077ebe65928c4432bb74ea4e
research-lab/data/sipakmed/raw/im_Superficial-Intermediate/CROPPED/069_01.bmp,bc066e6b4a3d1c7fa70a9f9d5b7ec22956a42a2e4542c91cc320a5d7b76dc52a
research-lab/data/sipakmed/raw/im_Superficial-Intermediate/CROPPED/069_02.bmp,f32a286b82bb4277d9d73312a42edf1837c0009511c565488bfa64a899e1649d
research-lab/data/sipakmed/raw/im_Superficial-Intermediate/CROPPED/069_03.bmp,e4afd08d91ecf74a6eb58034d8c681a2e6e54f7dbb4962902093901642ef4aa4
research-lab/data/sipakmed/raw/im_Superficial-Intermediate/CROPPED/069_04.bmp,7aa89a42cbba6f158f188eb4000e5cd6b07d3e2895ca334ab4a64c45816ee43b
research-lab/data/sipakmed/raw/im_Superficial-Intermediate/CROPPED/069_05.bmp,e3d929881db8ac07f2e457df61aabb3936d8030157f0bf23275e8f4206c4235f
research-lab/data/sipakmed/raw/im_Superficial-Intermediate/CROPPED/069_06.bmp,18dded05359fa38864d5e67b77de21461e2b0dd45a665346aabc0b1a11dc3e58
research-lab/data/sipakmed/raw/im_Superficial-Intermediate/CROPPED/069_07.bmp,4488872ff150b2f6bbadd002a0e6943a274d8e0c5a1d1011e2ffaabacdbc8a5d
research-lab/data/sipakmed/raw/im_Superficial-Intermediate/CROPPED/069_08.bmp,703ab1169ce8854c3c9db40f74566766033b2025ef2f3e42e63e3c5ae4fde6c3
research-lab/data/sipakmed/raw/im_Superficial-Intermediate/CROPPED/069_09.bmp,d65452d41f5f46401a1b598b7eba55af4d6b9db757c17d6d98b0a101c3a8c539
research-lab/data/sipakmed/raw/im_Superficial-Intermediate/CROPPED/069_10.bmp,6a43abf396069b809ba6480b9c613f10cbac2ea4fb868cef1aedd96b4a2a26a0
research-lab/data/sipakmed/raw/im_Superficial-Intermediate/CROPPED/070_01.bmp,dc658e2d1191d61ab7359862405928bf9c19aa694b269871fd702d72b055614d
research-lab/data/sipakmed/raw/im_Superficial-Intermediate/CROPPED/070_02.bmp,fc197a206dd0f9f3664a660c90f5421243c6526ec13b4ed49b2b703059bba8e1
research-lab/data/sipakmed/raw/im_Superficial-Intermediate/CROPPED/070_03.bmp,1048ff9c1dc36f8e7552b86fb366e0743aaf1c8376808dd34c44b834ae61e7f7
research-lab/data/sipakmed/raw/im_Superficial-Intermediate/CROPPED/070_04.bmp,34b222f22a6fec6187c671c956484d0342529312deecb7ad38600d19885a11b4
research-lab/data/sipakmed/raw/im_Superficial-Intermediate/CROPPED/070_05.bmp,65647bdaaac235bd22ca9b4a85380b649955ad05059a989c95f01a331e210d71
research-lab/data/sipakmed/raw/im_Superficial-Intermediate/CROPPED/071_01.bmp,272a937de4fed53cb7ca69a64f518724bded71aa6c46c8818a034e42d8c97bce
research-lab/data/sipakmed/raw/im_Superficial-Intermediate/CROPPED/071_02.bmp,9f1b8fb30ec0a505d32ab2d5f0a0f3796096aefc27f0006531c0cafdda75bd3b
research-lab/data/sipakmed/raw/im_Superficial-Intermediate/CROPPED/071_03.bmp,f1db61838d3fc20ccc1d35fceed3861b0893953cb1cfb8e963a6ffea2abf62da
research-lab/data/sipakmed/raw/im_Superficial-Intermediate/CROPPED/071_04.bmp,04c215bb1acf82d42adbfcb92513320325e70f54d2e29d674199b389a60addcd
research-lab/data/sipakmed/raw/im_Superficial-Intermediate/CROPPED/071_05.bmp,abc5306e339c66a96c3f1fc5de2b5dbf4e363bd0c2a0daa3dc99757fa87787c5
research-lab/data/sipakmed/raw/im_Superficial-Intermediate/CROPPED/071_06.bmp,e7c23de5644851023cfe7d8630a2f7b26939ad4e598d2bcaffea4bf5f83f9459
research-lab/data/sipakmed/raw/im_Superficial-Intermediate/CROPPED/071_07.bmp,6055572153ed0f2552ea786d90538b677219207a77019807954b38130f5b8d17
research-lab/data/sipakmed/raw/im_Superficial-Intermediate/CROPPED/072_01.bmp,68697916019ea50af1550f9efcdd8812f137fd3b739fe0435e35682f964625b5
research-lab/data/sipakmed/raw/im_Superficial-Intermediate/CROPPED/072_02.bmp,d58037636f623d87775579e11ad054ea332bc7e03704e2edc78798b89c482673
research-lab/data/sipakmed/raw/im_Superficial-Intermediate/CROPPED/072_03.bmp,02626fddb3f65991552aaa41852d04830a1842869a39f78f28884593e0b4d68c
research-lab/data/sipakmed/raw/im_Superficial-Intermediate/CROPPED/072_04.bmp,a4cf5916d17fe1ac9387bcf73b9c6ff7ef8e0dfd7127942caa03950a79028c22
research-lab/data/sipakmed/raw/im_Superficial-Intermediate/CROPPED/072_05.bmp,e4571794d49014e4ee6127d3bc409e0d26d87ffe4d145a50d0e2ed11b6852e98
research-lab/data/sipakmed/raw/im_Superficial-Intermediate/CROPPED/073_01.bmp,5ca478a97b219b247d21fa6a09ea0b87502cd59e93b0fb053f79278cdf1c7aac
research-lab/data/sipakmed/raw/im_Superficial-Intermediate/CROPPED/073_02.bmp,a24d2b2eaa0c1a42b867a12c43ff8c82600cac379b521d308d311ea954345699
research-lab/data/sipakmed/raw/im_Superficial-Intermediate/CROPPED/073_03.bmp,9529d3e8458388403e9a1943cf94f94ea0bf788afe14bd734575bf5cf3c48230
research-lab/data/sipakmed/raw/im_Superficial-Intermediate/CROPPED/073_04.bmp,07fb6a0949a1df573fd464f06130784099d80afddb7ec947d767b52c851fcf76
research-lab/data/sipakmed/raw/im_Superficial-Intermediate/CROPPED/073_05.bmp,30043ddda38f5ff794c23eaf282bbfe58c211f791f50de8a515782b259951dd3
research-lab/data/sipakmed/raw/im_Superficial-Intermediate/CROPPED/073_06.bmp,6cb7bf8884252629f3295cd45e4b4f6167061cc22ce970b73b49fa6a420f9d06
research-lab/data/sipakmed/raw/im_Superficial-Intermediate/CROPPED/074_01.bmp,9ee490156fa6e832299455c3ceef686ae5abaad267dc165db4f7de5793d60e4d
research-lab/data/sipakmed/raw/im_Superficial-Intermediate/CROPPED/074_02.bmp,7cb9b8d80dfce7b3c08a0107d7f69c84859a3575bc67a6658657f4003d26acd6
research-lab/data/sipakmed/raw/im_Superficial-Intermediate/CROPPED/074_03.bmp,ff76a633560cde90a6f744c8e4942331f5e3462e3b9f64a3ef87e4975b2d8bb4
research-lab/data/sipakmed/raw/im_Superficial-Intermediate/CROPPED/075_01.bmp,be8e5bbaf6fe2c885722f2295e351d6d5da9c91159ddfbc60bfb2c2c2be012aa
research-lab/data/sipakmed/raw/im_Superficial-Intermediate/CROPPED/075_02.bmp,71fbb3bb3f8164c1eebf7dcdd06357e54f27661ac5987a58644564354a521afd
research-lab/data/sipakmed/raw/im_Superficial-Intermediate/CROPPED/075_03.bmp,6aec26cef4333b16a21850f7ff69f324a5b0b7015524cf67fae088975e2d04e0
research-lab/data/sipakmed/raw/im_Superficial-Intermediate/CROPPED/075_04.bmp,4087f3118b44a7613b6ed06222ce0028b2449a6967fb9fc331a994097ca0e462
research-lab/data/sipakmed/raw/im_Superficial-Intermediate/CROPPED/075_05.bmp,8920ec7046c6badfdca64cda0c166d9014eeef8c4d6244ccc9c1dcb441efd841
research-lab/data/sipakmed/raw/im_Superficial-Intermediate/CROPPED/076_01.bmp,bdb5a3d452e5089a0061994298734fd0e3e1eec7db46363434912b591eba4332
research-lab/data/sipakmed/raw/im_Superficial-Intermediate/CROPPED/076_02.bmp,a8642f96079c8c653117ffc3a345945e9829c836b2087c2bc6530742b65fe206
research-lab/data/sipakmed/raw/im_Superficial-Intermediate/CROPPED/076_03.bmp,5dc8242aa330c9b8d0465320c83fca2b9e926ca3b34497957d2a00cb73860e4e
research-lab/data/sipakmed/raw/im_Superficial-Intermediate/CROPPED/076_04.bmp,e36feec222f32f976c1ae9da3993f2254f335f76f94436b25e61fea7ec56ca49
research-lab/data/sipakmed/raw/im_Superficial-Intermediate/CROPPED/076_05.bmp,ad3382ae605d7f9de557b33ecdad36eed283da778495c16d0a3dfe4ab2f9673c
research-lab/data/sipakmed/raw/im_Superficial-Intermediate/CROPPED/077_01.bmp,2ab3291b27ff055edf7bf595844621f01dc6dcfac043ff47bd572000602bcded
research-lab/data/sipakmed/raw/im_Superficial-Intermediate/CROPPED/077_02.bmp,b40477d6d8f98890eb674d0d174c173bbf2aef5bdfbc5b8cc5a07cc7adcb6569
research-lab/data/sipakmed/raw/im_Superficial-Intermediate/CROPPED/078_01.bmp,efe3f3b0d12c5b866eb2547c03f1e9cfb5b8fdc1d5747fc1070f9b7304abcebf
research-lab/data/sipakmed/raw/im_Superficial-Intermediate/CROPPED/078_02.bmp,0fc084199440fabf0ef7161d2fce848e516d3abdeb5a24e28376643ea2f2fbb2
research-lab/data/sipakmed/raw/im_Superficial-Intermediate/CROPPED/078_03.bmp,2c9339b223f4a0d150ed8921e1e3411a8e5b255afe4aa473aa313ac147845219
research-lab/data/sipakmed/raw/im_Superficial-Intermediate/CROPPED/078_04.bmp,8969995f6682770ef887965e900e71c9e5def0a097e64324e8a78220d37df9f9
research-lab/data/sipakmed/raw/im_Superficial-Intermediate/CROPPED/078_05.bmp,03de0d2d1a79c967fea8ee54ea54ede22dec40fe8eb3f747f31c2ea8214b6570
research-lab/data/sipakmed/raw/im_Superficial-Intermediate/CROPPED/078_06.bmp,f918511f8384e0c9165178c13cc20b23fe5565298f1c0dd9101701600b6f8f9e
research-lab/data/sipakmed/raw/im_Superficial-Intermediate/CROPPED/078_07.bmp,6ca424bd8d37ac60bba1937058ba847855ae19be56f43a0d0c576b62ac67f90c
research-lab/data/sipakmed/raw/im_Superficial-Intermediate/CROPPED/079_01.bmp,0a35cc9c5337bde4e50731f76a86dc7ad586c2c8fbd3c79e902978df49d16269
research-lab/data/sipakmed/raw/im_Superficial-Intermediate/CROPPED/079_02.bmp,65271b6f5b3f6e35b08a07bb47cf09da75c10cba25b5a953ddc0fbf0edd1bec3
research-lab/data/sipakmed/raw/im_Superficial-Intermediate/CROPPED/079_03.bmp,75f517fb22c1b99902dc9e7656291d9580ebb74996d83f4d8955a1f0a50399a6
research-lab/data/sipakmed/raw/im_Superficial-Intermediate/CROPPED/080_01.bmp,f5d3f8d02bf46366e7d377a878d1f4bb3e56da527d0527ac61c6e737b34f34b4
research-lab/data/sipakmed/raw/im_Superficial-Intermediate/CROPPED/080_02.bmp,23e67c2e5fb2f0f574c13358caf00fc2f2a4106786963e53ddb38cb44a767941
research-lab/data/sipakmed/raw/im_Superficial-Intermediate/CROPPED/080_03.bmp,4c4defd813b92e5def3e8bd52003ef76b006d459cc9017368e6e2dc385c69e67
research-lab/data/sipakmed/raw/im_Superficial-Intermediate/CROPPED/080_04.bmp,64a70b7c84c8c67b5feed66961bc8e15e297eb9ecc571b7434206d42c3a5fb12
research-lab/data/sipakmed/raw/im_Superficial-Intermediate/CROPPED/080_05.bmp,598fa5fc76319a9489a480f7352a84ae46071f904a9bb9b015d1c144ac9548d8
research-lab/data/sipakmed/raw/im_Superficial-Intermediate/CROPPED/080_06.bmp,dec1a250196da046fd2dd9b4ce4a8745571fb0b2f6367c5aac60b0f800fb695c
research-lab/data/sipakmed/raw/im_Superficial-Intermediate/CROPPED/080_07.bmp,31ba2ebc756c2bbeb0f16e394aea84230274c720e567f7a25c666ea986e9bb7a
research-lab/data/sipakmed/raw/im_Superficial-Intermediate/CROPPED/080_08.bmp,c2eb54849185c42c59310c5081c15144829a66c6e9959adcc41720f8256da6eb
research-lab/data/sipakmed/raw/im_Superficial-Intermediate/CROPPED/080_09.bmp,c8288f7dab9b39987e6885f9bfeb7657c81c8a692455fefb09b10caf61b5e2ca
research-lab/data/sipakmed/raw/im_Superficial-Intermediate/CROPPED/080_10.bmp,b24c21ceb9017b99be36e50dddc55fbda0ec98a8ec6d2e1520ced15f715f1a95
research-lab/data/sipakmed/raw/im_Superficial-Intermediate/CROPPED/080_11.bmp,d59ddaf21a8988c34e3195c667caeaaef88394d03a1491d8041a4ecaabf2eb79
research-lab/data/sipakmed/raw/im_Superficial-Intermediate/CROPPED/080_12.bmp,788ac2ecddfde541510db9aa99d25757dd2f72ad346c3aa6b22d08c0945e1397
research-lab/data/sipakmed/raw/im_Superficial-Intermediate/CROPPED/081_01.bmp,487ea490d502de9ceff8c4e998b05e0df0ad96bbf8e087a230dc0b41d162b579
research-lab/data/sipakmed/raw/im_Superficial-Intermediate/CROPPED/081_02.bmp,7882d6a6afd7df96df8b96469cba70c723729a32e498bc6726a72c2b37f4e802
research-lab/data/sipakmed/raw/im_Superficial-Intermediate/CROPPED/081_03.bmp,9eef662681c2ee674f4e62bfea7e50048c287622a1d2842fa23a2b81ac513e4c
research-lab/data/sipakmed/raw/im_Superficial-Intermediate/CROPPED/081_04.bmp,04bdfe4c435d521b79da0e04145f5e8d651017269bd918b352d4631ccc7ed8f3
research-lab/data/sipakmed/raw/im_Superficial-Intermediate/CROPPED/081_05.bmp,57c388478fcf2006d989b1d5feb4c07f0841387af9ba1bf2865ec6a5a0391b25
research-lab/data/sipakmed/raw/im_Superficial-Intermediate/CROPPED/081_06.bmp,d4d7e2dfbb93979117309c9d7d8fcfceab728438f72d62175cb58d62a5ef8778
research-lab/data/sipakmed/raw/im_Superficial-Intermediate/CROPPED/082_01.bmp,806662f321eab2091f0717969e71ae69184f8676b5618e40de1e801b539702ae
research-lab/data/sipakmed/raw/im_Superficial-Intermediate/CROPPED/082_02.bmp,8c70238da878065c4eb28edf204ce3905e3af07436d0354751435a783defe1e9
research-lab/data/sipakmed/raw/im_Superficial-Intermediate/CROPPED/082_03.bmp,76405067297c61037d78678f5ca3efc366065dc9ea28b1459211be72d0276061
research-lab/data/sipakmed/raw/im_Superficial-Intermediate/CROPPED/082_04.bmp,a941548a8e3e26b03da9cf7ba10ef7d69f6846f6475f88afd4cff5b35ffc9e08
research-lab/data/sipakmed/raw/im_Superficial-Intermediate/CROPPED/082_05.bmp,7ebf8b8fc6c83e453d323bdcdb3cf98a33b5b83d168ec12f0389d95f99bfbfea
research-lab/data/sipakmed/raw/im_Superficial-Intermediate/CROPPED/082_06.bmp,5eff5b3b3420fbf191561725064a2821ae889e84462adacf05dcac69f29a737b
research-lab/data/sipakmed/raw/im_Superficial-Intermediate/CROPPED/082_07.bmp,f8538de4cd8e3fcb5c947286b9e8b87f61a266ac2a50c2afb37f3db595333eb0
research-lab/data/sipakmed/raw/im_Superficial-Intermediate/CROPPED/083_01.bmp,1990873074bd3fcef0fa8aa23727c7248d5ca123bd0a29dc05bf26cd7623ed61
research-lab/data/sipakmed/raw/im_Superficial-Intermediate/CROPPED/083_02.bmp,d730b7e30772cfd7ba0eb09720305ff79a26e5a3d1557e498239b42ab9bb7845
research-lab/data/sipakmed/raw/im_Superficial-Intermediate/CROPPED/083_03.bmp,d89ed232d26ed814e67e62be5b28a55b44b7ab240f4968e7e5e3a1ff9852b85b
research-lab/data/sipakmed/raw/im_Superficial-Intermediate/CROPPED/083_04.bmp,6544859f270ff6de7d232de5733b32dbf89c7c0e7ed4eaf66c7c37fef1c88c28
research-lab/data/sipakmed/raw/im_Superficial-Intermediate/CROPPED/083_05.bmp,e1770e29adab0a4e7a84539a1f1fb9a500af5970b8baae1b1d2a4661f76de587
research-lab/data/sipakmed/raw/im_Superficial-Intermediate/CROPPED/083_06.bmp,2bb5fd5d48c4e6d76c165b5decff6187279c2b5c13d908feec51444046a49c8d
research-lab/data/sipakmed/raw/im_Superficial-Intermediate/CROPPED/083_07.bmp,2716c2cab42511ebf6b1b5defc8851d52f712d79d054f853290a9f8ff7e3145c
research-lab/data/sipakmed/raw/im_Superficial-Intermediate/CROPPED/083_08.bmp,05c3a78eb6f9d9a0c7fabcd7576fcf1f0a581abd490c24cc8126cf4cb0278134
research-lab/data/sipakmed/raw/im_Superficial-Intermediate/CROPPED/083_09.bmp,10a41dc1ce16bfb2d1b00dc3106b28256a4cb88accf3084f0a7dbc46e5d1456e
research-lab/data/sipakmed/raw/im_Superficial-Intermediate/CROPPED/083_10.bmp,137094c63a27f057a54ff718b2b72a60a24786a1d4485583c1bea091662940a1
research-lab/data/sipakmed/raw/im_Superficial-Intermediate/CROPPED/083_11.bmp,1c630ecc2a131aefc8cab5aaed8971383eda59841f98d21bee33344e7a63da18
research-lab/data/sipakmed/raw/im_Superficial-Intermediate/CROPPED/084_01.bmp,8b137f03a9852dcbf00666d7eba91a1a5340285878961782430ace3e2d359953
research-lab/data/sipakmed/raw/im_Superficial-Intermediate/CROPPED/084_02.bmp,7b2f7ebf77a9cf15e10d433334b46378415280f1951dcf4e0543e9c777238a0d
research-lab/data/sipakmed/raw/im_Superficial-Intermediate/CROPPED/084_03.bmp,f156a24d3a4333a60790e807859bcc65196619f6366d330f76c09d7954574f4f
research-lab/data/sipakmed/raw/im_Superficial-Intermediate/CROPPED/085_01.bmp,39eda3936533367954736357b2b0a41bee66dbeb11614d89552068472b121b2d
research-lab/data/sipakmed/raw/im_Superficial-Intermediate/CROPPED/085_02.bmp,7945fff6db561b3e98439ff02c3bd8cafdd5e9842d16d0b03819cf8db755f367
research-lab/data/sipakmed/raw/im_Superficial-Intermediate/CROPPED/085_03.bmp,8ce0181206efff16c95ed7c210e8beca688d4d5f776edf70343f59e62d784157
research-lab/data/sipakmed/raw/im_Superficial-Intermediate/CROPPED/086_01.bmp,140f93d4c2f54e8f5da8ca623b1ef06ab665eb5d99eca58c376197b52c5a7e14
research-lab/data/sipakmed/raw/im_Superficial-Intermediate/CROPPED/086_02.bmp,113c77ce2937305c2875765f69b0dabab605fd0e415cbbc034b86ba22a7a4ce5
research-lab/data/sipakmed/raw/im_Superficial-Intermediate/CROPPED/086_03.bmp,b49acb126fce7380fef138dc09b5f586d69c41517f96cdbd08dd1bf9ab09681f
research-lab/data/sipakmed/raw/im_Superficial-Intermediate/CROPPED/086_04.bmp,e80446a7288c6a7ebc73e341e10c37289b18a7b93ee730961d1c5d6109e63cac
research-lab/data/sipakmed/raw/im_Superficial-Intermediate/CROPPED/087_01.bmp,fe7b3c707d1ae6033936b2c7fd86edaebfb3ab693d70e84a9230f9b051c7f7ce
research-lab/data/sipakmed/raw/im_Superficial-Intermediate/CROPPED/087_02.bmp,574d26f2a04fb68767112c8ebe913b477d73e39db3b76b88795a6b22272137dc
research-lab/data/sipakmed/raw/im_Superficial-Intermediate/CROPPED/087_03.bmp,45b9615e1a96641a23e80a5df3e97b6f31918172470dc3fad23979b352a1e846
research-lab/data/sipakmed/raw/im_Superficial-Intermediate/CROPPED/088_01.bmp,290b43ccb17cef94c7105bc9c1310ba4e5862dc5678082e9b6436450cb8e8086
research-lab/data/sipakmed/raw/im_Superficial-Intermediate/CROPPED/088_02.bmp,18ebacff4e29fabd884a4cd756d8dbd3d978f0ed08549bcc90ec7d6c46dc7756
research-lab/data/sipakmed/raw/im_Superficial-Intermediate/CROPPED/089_01.bmp,a8a8f2470ee61e571cca72e9ccd0d7f8645ef2c64a32468d2c2e10e7d6ed4bfc
research-lab/data/sipakmed/raw/im_Superficial-Intermediate/CROPPED/090_01.bmp,b3a14a78d3675c5cf0c2937cda491af982048f17c132db965b2535bd059ed7e4
research-lab/data/sipakmed/raw/im_Superficial-Intermediate/CROPPED/090_02.bmp,0115e5108f125994174b6015ffd65e6fa540139e2f71a71cd9820ecbe788d40d
research-lab/data/sipakmed/raw/im_Superficial-Intermediate/CROPPED/091_01.bmp,8696a0d4692a095ace258af884acc5df365e8dc08de5b266cf0572cb47198091
research-lab/data/sipakmed/raw/im_Superficial-Intermediate/CROPPED/092_01.bmp,3a12d7379a4bca9b386989d54650a399ace80b2420934d03e20c7d089257b71d
research-lab/data/sipakmed/raw/im_Superficial-Intermediate/CROPPED/092_02.bmp,fd09a9a12d45bb4fb013fc36c1250c6b379162480fc5edd5c1086e6e8f89e2e3
research-lab/data/sipakmed/raw/im_Superficial-Intermediate/CROPPED/093_01.bmp,d87c9c2cf6886ef9173b19c72fa2e38046371d6ab75551ed1fd02ade1a113315
research-lab/data/sipakmed/raw/im_Superficial-Intermediate/CROPPED/093_02.bmp,221d68a3db38cef9acb2961d6dce6957abadb903a6567a5422ed3db99e0d47b9
research-lab/data/sipakmed/raw/im_Superficial-Intermediate/CROPPED/093_03.bmp,c9539996765b11e0c676a878852561c65c47e25413ebb4094deda0c0b3c897db
research-lab/data/sipakmed/raw/im_Superficial-Intermediate/CROPPED/093_04.bmp,fa6a2130bc3f3505089ee2c137ad91bdae6c647b8a6de9ee2c38b02a68e23790
research-lab/data/sipakmed/raw/im_Superficial-Intermediate/CROPPED/094_01.bmp,b2dce695a0315cf00ffb8b9c839d0ca68aacf92145bf89cb58da8858954bb83c
research-lab/data/sipakmed/raw/im_Superficial-Intermediate/CROPPED/094_02.bmp,5d72d44e3ae3e433eec28f803c606e949860fca0a09fbbfdea8e400495071f33
research-lab/data/sipakmed/raw/im_Superficial-Intermediate/CROPPED/094_03.bmp,b536debcb0e8f77f95b81e1f3f61e8f4d3b5af0424cec9a104d302de134f72ae
research-lab/data/sipakmed/raw/im_Superficial-Intermediate/CROPPED/094_04.bmp,d43d2a5ed50f2bbf2a6f734c956c96c21ed6c362a9761a07ab2d3dd7e436cb8a
research-lab/data/sipakmed/raw/im_Superficial-Intermediate/CROPPED/094_05.bmp,982f6c274d77d267f30fc8f7d8e1fe6df335e5e7a687f9a4534192c8bf8f7302
research-lab/data/sipakmed/raw/im_Superficial-Intermediate/CROPPED/094_06.bmp,9e46aa002f6745e628457f08394ebe3285f9594e1a48059b269ccdc7461fc252
research-lab/data/sipakmed/raw/im_Superficial-Intermediate/CROPPED/094_07.bmp,5831377f43bbab06939b8bdb185ba597ac9444623210d5df8f35277aeadcc25a
research-lab/data/sipakmed/raw/im_Superficial-Intermediate/CROPPED/094_08.bmp,a3ce81d239ce5c5075a45cac275fc6dba00dcf4c0362edecfc0d7e7ac4930ea9
research-lab/data/sipakmed/raw/im_Superficial-Intermediate/CROPPED/094_09.bmp,6d0b5d751f687d99757b9f514fd65dd5d8e86d1c24c36167ae2fedfb2d3b30b6
research-lab/data/sipakmed/raw/im_Superficial-Intermediate/CROPPED/094_10.bmp,0ff1b507ff3c392c44b3476a870dd8d53c35a33032a0ac86e29c7142c830ceaa
research-lab/data/sipakmed/raw/im_Superficial-Intermediate/CROPPED/095_01.bmp,ef71f2255703391bf3310bb1e89d56f1e8c1c458b170aae1c7ef59a8c6519291
research-lab/data/sipakmed/raw/im_Superficial-Intermediate/CROPPED/095_02.bmp,6b88aac42b935d0cb0d24fc412cfbc763a711aebafd70ab586e0b54177e6bf0e
research-lab/data/sipakmed/raw/im_Superficial-Intermediate/CROPPED/095_03.bmp,4c5f875b26350f37a490cce3d720c8af5ca753743cf4915a90fbd16760696ca0
research-lab/data/sipakmed/raw/im_Superficial-Intermediate/CROPPED/095_04.bmp,fd40764977026e6fe27570b7bdccbbe1c3927c35608d2dbb02f4c709a03c7cd1
research-lab/data/sipakmed/raw/im_Superficial-Intermediate/CROPPED/095_05.bmp,e3c96f295194de2bbd7b435dbce7bf0802ab0a80bc1aae98119a0feb5496c658
research-lab/data/sipakmed/raw/im_Superficial-Intermediate/CROPPED/095_06.bmp,701cda1e5724a6473c2bed89c0bf79c3c553f3eb8b6f9da32a253c90359d6b14
research-lab/data/sipakmed/raw/im_Superficial-Intermediate/CROPPED/095_07.bmp,4657e437fd883fdf819ea6019e10e26e3b937488062596c438e75e5670903bd7
research-lab/data/sipakmed/raw/im_Superficial-Intermediate/CROPPED/096_01.bmp,2e0016c3fd153ec0264bf3d0a06c23df91996103ca3573297ff469dc3ba164b4
research-lab/data/sipakmed/raw/im_Superficial-Intermediate/CROPPED/096_02.bmp,00b033d2f9be7501af3f4a74b033e3c7a744aa247c0a1d03bc45fba094713d82
research-lab/data/sipakmed/raw/im_Superficial-Intermediate/CROPPED/096_03.bmp,718bbacb8d08f2ce5fc19b5d4c3a348db96f5bb18aba8cdcf40494a7bd6c8a75
research-lab/data/sipakmed/raw/im_Superficial-Intermediate/CROPPED/096_04.bmp,9911581a313b1be0519b809c0b82cef7b8442b3fafa226d2c3e7194a75ef949f
research-lab/data/sipakmed/raw/im_Superficial-Intermediate/CROPPED/096_05.bmp,a84f7119b7fe9e6effbc917344d2f893eea6ec4e8d5b5dc1c40fb7cd14e1ad25
research-lab/data/sipakmed/raw/im_Superficial-Intermediate/CROPPED/096_06.bmp,0a4b650930e6a94aa0f719eeeef9a97977548d9e9de0a648200debe16e4b0bbe
research-lab/data/sipakmed/raw/im_Superficial-Intermediate/CROPPED/096_07.bmp,723fd8148f9f06060fbd7a69dbc31a165ed3730ce348b91a48121b5290d5f1c4
research-lab/data/sipakmed/raw/im_Superficial-Intermediate/CROPPED/096_08.bmp,e3347562d8df9984adcee98e870691708e59234479bd07cca3a1ec46cc214c5e
research-lab/data/sipakmed/raw/im_Superficial-Intermediate/CROPPED/096_09.bmp,b2a11c5bed3e9de374db10e6d41728aa0e4ee3d1201be9c1cf0982fd9de577b5
research-lab/data/sipakmed/raw/im_Superficial-Intermediate/CROPPED/097_01.bmp,8a2d716aeeb1226677dcf633946052cd676fcf69647de521e029675ba96612d4
research-lab/data/sipakmed/raw/im_Superficial-Intermediate/CROPPED/097_02.bmp,afaa8523e65fd5ea09e054917b933cd125cea2d6ff0fd2865c0c04ada1181d3a
research-lab/data/sipakmed/raw/im_Superficial-Intermediate/CROPPED/097_03.bmp,555fa37e5f5f2601eb34f0d0bbb9ffb19348b94ef26ee6f3421eea7b3c534db9
research-lab/data/sipakmed/raw/im_Superficial-Intermediate/CROPPED/097_04.bmp,9d157e451b9a3674c3a77db1d5ca2de9a0d73cf6a5ddba0876630d564a452e59
research-lab/data/sipakmed/raw/im_Superficial-Intermediate/CROPPED/097_05.bmp,7d1cc7092082bf2ea1136d548dd0044ab5488e24e1be6c76113bdbaee0b56acf
research-lab/data/sipakmed/raw/im_Superficial-Intermediate/CROPPED/097_06.bmp,360fcebf81f1f98f1425a6fd730fa64a6380e098b38f45bbdb8fc6edc6c59bea
research-lab/data/sipakmed/raw/im_Superficial-Intermediate/CROPPED/097_07.bmp,36df9a524e35b9c29798ad7d6376e394c0abb7e863ac540427dbc4e361f2fc98
research-lab/data/sipakmed/raw/im_Superficial-Intermediate/CROPPED/097_08.bmp,2079300711548970aa1f756685b20a398f0751f91212f354283f380edbae202b
research-lab/data/sipakmed/raw/im_Superficial-Intermediate/CROPPED/097_09.bmp,fccd003e105a1088fd3f25b97eb5043b25924424becda0a104d92f8efb7bf733
research-lab/data/sipakmed/raw/im_Superficial-Intermediate/CROPPED/097_10.bmp,b9eb9c096c43df2493ad887acebc75ff24b148ad59ba55cc579920a8cd5a3b09
research-lab/data/sipakmed/raw/im_Superficial-Intermediate/CROPPED/097_11.bmp,58c2133204c51ffefc949b6d11e341c4be2ee5237e8b079e702ad943856e883d
research-lab/data/sipakmed/raw/im_Superficial-Intermediate/CROPPED/097_12.bmp,27a894fe9dbcfdf09c68b1c7fa053e530cdb64c252dda25618341cc10c4b38a2
research-lab/data/sipakmed/raw/im_Superficial-Intermediate/CROPPED/098_01.bmp,adb7fcbea71c94b31795a78cb1fd6fa180f8e17e4f7be7ab25bdf4012b11e58b
research-lab/data/sipakmed/raw/im_Superficial-Intermediate/CROPPED/098_02.bmp,ae6cf68f578faebffaaf59523354477bcd14d9d1c879024f34c0f4ef27b0bb07
research-lab/data/sipakmed/raw/im_Superficial-Intermediate/CROPPED/098_03.bmp,bd29508d62162d88303cf89a1deb68ea0d9fb21b9392a485576fa16628977b4b
research-lab/data/sipakmed/raw/im_Superficial-Intermediate/CROPPED/098_04.bmp,4042cdfd3e07b007ffb9eeef4d26d54d3d2505546748b2026b03eb873c99d929
research-lab/data/sipakmed/raw/im_Superficial-Intermediate/CROPPED/098_05.bmp,88101030f430bf9776e18920491d619372f8f9544e1339b0106f91c0a1739adc
research-lab/data/sipakmed/raw/im_Superficial-Intermediate/CROPPED/098_06.bmp,879af45750e1f412d247f8d7a1ab3f526a97826a207de3a956a263ab1825a47d
research-lab/data/sipakmed/raw/im_Superficial-Intermediate/CROPPED/098_07.bmp,3262b2fe8255e28361d32cd8be0826eac60f79c266f0086a1bd94591af2550f5
research-lab/data/sipakmed/raw/im_Superficial-Intermediate/CROPPED/098_08.bmp,e274d1b392932bd16fff472d47593779cac171f89a3a48412bed5e9ef8081946
research-lab/data/sipakmed/raw/im_Superficial-Intermediate/CROPPED/098_09.bmp,0c42bd1f2c4cd5545dd1580a0818b65fa2574be3c1227f151b7f96cded3bd4b3
research-lab/data/sipakmed/raw/im_Superficial-Intermediate/CROPPED/099_01.bmp,c780fe331782243b10b84aef490a605bfed168341572b8d39b340bba352c2bc1
research-lab/data/sipakmed/raw/im_Superficial-Intermediate/CROPPED/099_02.bmp,22c0b9169bb03b6d7c10504272e95ad73abfcadde1aed10642be72d8bfc15de6
research-lab/data/sipakmed/raw/im_Superficial-Intermediate/CROPPED/099_03.bmp,89d668001d5bfc5c2084558b48ee0e93b09734440773f5d769009d54b13dc5d1
research-lab/data/sipakmed/raw/im_Superficial-Intermediate/CROPPED/099_04.bmp,d9ff678cb67992e7a740307c80815024f259468568bf08ff834add4d725d668d
research-lab/data/sipakmed/raw/im_Superficial-Intermediate/CROPPED/099_05.bmp,5a5dfb20ef5a5ac726a157592185c81567ca3c90afa72faf71de2f4c590858de
research-lab/data/sipakmed/raw/im_Superficial-Intermediate/CROPPED/099_06.bmp,8a03c5f0acc31c91614787f712fd001cb465bcedae845560379c66982570a2f8
research-lab/data/sipakmed/raw/im_Superficial-Intermediate/CROPPED/099_07.bmp,b838d58cd5261cc20ce0d3cd2c56eba4b232f253597d386356649a9fd595f614
research-lab/data/sipakmed/raw/im_Superficial-Intermediate/CROPPED/099_08.bmp,27dfa2bddb1599689a6db3eba98918406dd638f331f862dea7d170e379e73edf
research-lab/data/sipakmed/raw/im_Superficial-Intermediate/CROPPED/099_09.bmp,478c8619b7a5a11eb2e1cff7bb04b5822b9092a952e69ca6ee0d117123a72f6a
research-lab/data/sipakmed/raw/im_Superficial-Intermediate/CROPPED/100_01.bmp,63ecc4e64072561acbfa5dfc7a9d08b397ebf9ecac798716a99be9a0e56799c8
research-lab/data/sipakmed/raw/im_Superficial-Intermediate/CROPPED/100_02.bmp,a1805d3e3ebb2a6f7f9ef623f7e92e79956d7cc1da8fb214cb55dcaff2bdee96
research-lab/data/sipakmed/raw/im_Superficial-Intermediate/CROPPED/100_03.bmp,2538e618b1fc560381f64e15d85fe10c530bbfe8441307b83e0b45db12ec79d0
research-lab/data/sipakmed/raw/im_Superficial-Intermediate/CROPPED/100_04.bmp,0d324713a99c65bdc26b43e2b2eeac5bb4a9a482ce1aae2855db0ff58536e371
research-lab/data/sipakmed/raw/im_Superficial-Intermediate/CROPPED/100_05.bmp,f55d6605aaecb90cd80341f26e6dd7551e42a5fa9342c86553d3a16b9329bf3c
research-lab/data/sipakmed/raw/im_Superficial-Intermediate/CROPPED/100_06.bmp,64243c528592ae5c7db42b0282c2eab7ce5cab0c08d68290eed3bb56885d83e6
research-lab/data/sipakmed/raw/im_Superficial-Intermediate/CROPPED/100_07.bmp,591d040bd358725573fe86264351e2823d8c70ef879fed23c56915c6102fa69f
research-lab/data/sipakmed/raw/im_Superficial-Intermediate/CROPPED/101_01.bmp,d8a7799309a8e1e67c2ec4bc520c94d91cb36056b5ee5e9758e6125b348ba4e8
research-lab/data/sipakmed/raw/im_Superficial-Intermediate/CROPPED/101_02.bmp,94e36744910f3333781f6bdf24f4fc191babb98e302456fe8f14bddc324e4464
research-lab/data/sipakmed/raw/im_Superficial-Intermediate/CROPPED/101_03.bmp,9a53d64be996a9db3e8ab42b2906e525644209b67c19f2ce8a09abd1bfdeb33e
research-lab/data/sipakmed/raw/im_Superficial-Intermediate/CROPPED/101_04.bmp,5b984ec16528583978fcb9b65310608fd30a2b13b0431f6422c08d13863a09ac
research-lab/data/sipakmed/raw/im_Superficial-Intermediate/CROPPED/101_05.bmp,a4139d8463c6bb6da0b14627b5d75563bad78090ec4f6369aaf49fa15e8f07e1
research-lab/data/sipakmed/raw/im_Superficial-Intermediate/CROPPED/101_06.bmp,0f0fa4ce198b82e1bfd406d87da1b97ba706bc2b76a757ef1894bf5ad40244ab
research-lab/data/sipakmed/raw/im_Superficial-Intermediate/CROPPED/101_07.bmp,d955594f71ccbac13f173251e503ef6310248a1cc1d84fb18c944a5b1f876eb9
research-lab/data/sipakmed/raw/im_Superficial-Intermediate/CROPPED/102_01.bmp,8e59c6f0c8099d46e84d12ee180ccf2c7c23b279cc23bc9f28e03df7d1aaf16b
research-lab/data/sipakmed/raw/im_Superficial-Intermediate/CROPPED/102_02.bmp,b39709a6511e391ebb5f7e764df905fb4035cce14d7cb9b5057e12b4ff5ea060
research-lab/data/sipakmed/raw/im_Superficial-Intermediate/CROPPED/102_03.bmp,90eead3279d75f81e0c3feb5acfec864ecaa7a8c21a92bd44ab15f2ab8d5136b
research-lab/data/sipakmed/raw/im_Superficial-Intermediate/CROPPED/102_04.bmp,0e1ddae18c2d8d2675fe284f5f93f4906877a6ad198a0008e8a5e9dfbd2728f8
research-lab/data/sipakmed/raw/im_Superficial-Intermediate/CROPPED/102_05.bmp,400fa58c4751b14fb230130c3867834fe3d1df5a22cc6dd6aeee3f04846b3250
research-lab/data/sipakmed/raw/im_Superficial-Intermediate/CROPPED/102_06.bmp,a8282f0793df4a4b2afb2825b26347eff19c528145602e09a1af15b9208049fa
research-lab/data/sipakmed/raw/im_Superficial-Intermediate/CROPPED/102_07.bmp,eb25a97912153ffb69999aefac4246728e81de9fc7e0783e9c358b6317d6c442
research-lab/data/sipakmed/raw/im_Superficial-Intermediate/CROPPED/102_08.bmp,bda12815fc965ea1bb0e970a2fad165d71b50a86ef64d83be3f536ac475be05e
research-lab/data/sipakmed/raw/im_Superficial-Intermediate/CROPPED/103_01.bmp,cfd1b4c07071bd4755239837e72f2a2ed1fd794b0d8037d347cc090f4266652d
research-lab/data/sipakmed/raw/im_Superficial-Intermediate/CROPPED/103_02.bmp,287c946a84935c14d0b75786ba396abe910eae4f9205c031375b4eabc3c30788
research-lab/data/sipakmed/raw/im_Superficial-Intermediate/CROPPED/103_03.bmp,a015089f6ece2644fb5656a85ddc4f2cc81ba666df90bc3190be819979245b47
research-lab/data/sipakmed/raw/im_Superficial-Intermediate/CROPPED/103_04.bmp,5426616a3dbd128ca00ad676e04dd4dd489b1b6ea1730a1fe211fd56939de84b
research-lab/data/sipakmed/raw/im_Superficial-Intermediate/CROPPED/103_05.bmp,04b2a98b004925b3ed4dc9410f84cb585b04e0ec32d87269466484a420a02252
research-lab/data/sipakmed/raw/im_Superficial-Intermediate/CROPPED/103_06.bmp,0a064afb554f95064f986beb0abb437479d93ef5c950ba2b8bd855a8b29344cb
research-lab/data/sipakmed/raw/im_Superficial-Intermediate/CROPPED/103_07.bmp,defb7f326bc2b049cf1dde521771ace01dff5fb37362b65caffba567604e666e
research-lab/data/sipakmed/raw/im_Superficial-Intermediate/CROPPED/104_01.bmp,5cf94f253d4bd0f3962224ea6bd6f0d74b0c2895592a198959cf923613dc770d
research-lab/data/sipakmed/raw/im_Superficial-Intermediate/CROPPED/104_02.bmp,35ceab06ba395ece1e867423ff297a114bcdeb114d43f045670c5e67321bead1
research-lab/data/sipakmed/raw/im_Superficial-Intermediate/CROPPED/104_03.bmp,1b08969a5e3c3ed5f80ee70dced908cb7032e72fa69b62f5df40d30b78a23804
research-lab/data/sipakmed/raw/im_Superficial-Intermediate/CROPPED/104_04.bmp,e76a741f67de413061a79e000155b22c01f89ceb0d9158fdf4c494f86b920845
research-lab/data/sipakmed/raw/im_Superficial-Intermediate/CROPPED/104_05.bmp,a7208468312dadb01c178e1cd5ec43cd045c335f74b9dfbe884c74ccfa5579b2
research-lab/data/sipakmed/raw/im_Superficial-Intermediate/CROPPED/104_06.bmp,ac1fe37cba8e6a3e2a3e4e0cca25f1a43d85462b8d12d591026f365fb15d402c
research-lab/data/sipakmed/raw/im_Superficial-Intermediate/CROPPED/105_01.bmp,cdcac0ef85ba87611cd8e28f3107cc0c84291c8cf07654b9f52757130a40be4f
research-lab/data/sipakmed/raw/im_Superficial-Intermediate/CROPPED/105_02.bmp,dbd72052dc1d9e86ac64bd75e04b495f149715c7217cabd6dd8c5e66b0cc41d9
research-lab/data/sipakmed/raw/im_Superficial-Intermediate/CROPPED/105_03.bmp,920907b343f5a2adcbe45342611868159d1ad29e86df23a11bfc87d3ffb4f588
research-lab/data/sipakmed/raw/im_Superficial-Intermediate/CROPPED/105_04.bmp,704f87d8a03262e162400d2d7604be029279fe495e20eee78500d881df145788
research-lab/data/sipakmed/raw/im_Superficial-Intermediate/CROPPED/106_01.bmp,0c52d60f191bf0891b4a6e73daf73b78f27f35136439c7821a86c5ac1af5fa01
research-lab/data/sipakmed/raw/im_Superficial-Intermediate/CROPPED/106_02.bmp,3671f6f2ee8baa6bd1f9cd2aa88e2cb59877a2af28f58f063a10aec03841f2dd
research-lab/data/sipakmed/raw/im_Superficial-Intermediate/CROPPED/106_03.bmp,9d2506a345cf890def05be7735ac554386b9fbc6baa5e001c9b9edcb8fd22945
research-lab/data/sipakmed/raw/im_Superficial-Intermediate/CROPPED/106_04.bmp,a7dd5bd8016a123b9454128e35b4c9dba223c97c1501f1b3870ddcf9e1792d5b
research-lab/data/sipakmed/raw/im_Superficial-Intermediate/CROPPED/106_05.bmp,c1d4241a528d7893a4e47dc2f0ab5c3852a0ef0a53fd43f483f1b0a287207f50
research-lab/data/sipakmed/raw/im_Superficial-Intermediate/CROPPED/106_06.bmp,5277a3e94ebd74d5ba277d1083998e715bc2794cb7822059653834c833b1af2d
research-lab/data/sipakmed/raw/im_Superficial-Intermediate/CROPPED/106_07.bmp,ffb28cf326d233fa8e0190d4947502c030e8e39a7d47db5d3525fd5e1ae27722
research-lab/data/sipakmed/raw/im_Superficial-Intermediate/CROPPED/106_08.bmp,e25ec3ad04b988419b07848d34e7a4d5be3224bdc2f2ad0972e31fe1bf3e1387
research-lab/data/sipakmed/raw/im_Superficial-Intermediate/CROPPED/106_09.bmp,921677be1402f1812835be00d6998d708de666762f5ea8e94fc3dbc97a56a34f
research-lab/data/sipakmed/raw/im_Superficial-Intermediate/CROPPED/106_10.bmp,5dc0fb69f8e7f342b7bd6b28e1594a14508438d8ae7ae8ab5b39d14aac989195
research-lab/data/sipakmed/raw/im_Superficial-Intermediate/CROPPED/106_11.bmp,5b579addb74009352690cd644b8650a637f460617c0f4bfefea2a2e58fdd34e4
research-lab/data/sipakmed/raw/im_Superficial-Intermediate/CROPPED/106_12.bmp,5cf1a48469788deafa13b5ff97d4369633b9d4c4ea585cd6370d1ff0f5677b79
research-lab/data/sipakmed/raw/im_Superficial-Intermediate/CROPPED/106_13.bmp,ee0303497436db8c7f57842908b058187069f3f4ee5b298c5f9b18b4b1bc4564
research-lab/data/sipakmed/raw/im_Superficial-Intermediate/CROPPED/107_01.bmp,909ba9a3755d30f6cd1100f472bee85fe8b9d84355fd5322424ec359e1edc33a
research-lab/data/sipakmed/raw/im_Superficial-Intermediate/CROPPED/107_02.bmp,be021d250a4b26d7d8da37734b8c54be65795c71f788da5239fa5923ee03d9d1
research-lab/data/sipakmed/raw/im_Superficial-Intermediate/CROPPED/107_03.bmp,ac781244f6c7884509a0cd5ce44352af1059fddafc253a9f9bcabdfc03441c7f
research-lab/data/sipakmed/raw/im_Superficial-Intermediate/CROPPED/107_04.bmp,27816fd2cc6f890fa23f877cfa4ff6be859a251ebaa7ef56ef41f2c0f4a5989f
research-lab/data/sipakmed/raw/im_Superficial-Intermediate/CROPPED/107_05.bmp,22fac7efa28bf0e85584256e9075561d4ba2b67c0e33c0c6d7c3852af91fa8dd
research-lab/data/sipakmed/raw/im_Superficial-Intermediate/CROPPED/107_06.bmp,9abae6844bd26a60598fe9dcc6565b00a81ab08b92b2be2b3e93cb8da1544781
research-lab/data/sipakmed/raw/im_Superficial-Intermediate/CROPPED/107_07.bmp,9c1f2c95aba6fdf79f372b5c993ff4abf52dd61fd8c628ce10316d86d4d7ae71
research-lab/data/sipakmed/raw/im_Superficial-Intermediate/CROPPED/108_01.bmp,e76cbe146e2d324a0037335ffdf7c4a3be27ac9701f1ef85192a1de4d5e68c26
research-lab/data/sipakmed/raw/im_Superficial-Intermediate/CROPPED/108_02.bmp,c606dbaa58902fab1c289609727a5482f569450a503cc970a09939a7b3fc4232
research-lab/data/sipakmed/raw/im_Superficial-Intermediate/CROPPED/108_03.bmp,a49e0d7655a5c1b783c781adb403398b25b94fa50dd7903d1bc30a6819cc77c4
research-lab/data/sipakmed/raw/im_Superficial-Intermediate/CROPPED/108_04.bmp,c8ce996de83d0f3bc2a1b048b46183083bb10b7207a1a9de542c32ee1ee8744a
research-lab/data/sipakmed/raw/im_Superficial-Intermediate/CROPPED/108_05.bmp,67f75dbc34e7fbc73049777aba59c93db63c7a89e5bfd4cd2b5cdd007a1e1194
research-lab/data/sipakmed/raw/im_Superficial-Intermediate/CROPPED/108_06.bmp,bdad214dc954f374a2e7f9721bf6ff751bcf9e966d579378c189f4e80afb99c9
research-lab/data/sipakmed/raw/im_Superficial-Intermediate/CROPPED/108_07.bmp,d575e01a02282ce3934bffa849d4518ef684fb0c550897ce660eafe2774ae8fa
research-lab/data/sipakmed/raw/im_Superficial-Intermediate/CROPPED/108_08.bmp,fe9bfcab3ae101215957c0a48962e41c835b44e50e620c0f42160aab1a2a53e8
research-lab/data/sipakmed/raw/im_Superficial-Intermediate/CROPPED/109_01.bmp,868fef893ab4c1fe25eb3e2ad92e5f8c2dad8252d9529245d3fbfbbdd5757137
research-lab/data/sipakmed/raw/im_Superficial-Intermediate/CROPPED/109_02.bmp,998bafab9b95a71da7fa3b5e2f9354f0f695846072608bff239332221c172bf6
research-lab/data/sipakmed/raw/im_Superficial-Intermediate/CROPPED/109_03.bmp,c795726fa763a026f42708e91a95aa583bdc60b785de3005beaa3560b6acf024
research-lab/data/sipakmed/raw/im_Superficial-Intermediate/CROPPED/109_04.bmp,4001f6fdb5fac70e97c9d27df9a277537e1bdd5d7a51e0d7512a75860b26c2a7
research-lab/data/sipakmed/raw/im_Superficial-Intermediate/CROPPED/110_01.bmp,b8966adc6ba296f496e6671dc1ad62b83e8dd7d839d6463eca3ad82a52390ced
research-lab/data/sipakmed/raw/im_Superficial-Intermediate/CROPPED/110_02.bmp,fefde338ba36a55937602e984857eb15b6214039569d5f98abaf6c15cb28bbb4
research-lab/data/sipakmed/raw/im_Superficial-Intermediate/CROPPED/111_01.bmp,5bd282d260ebb3d9cb597a704661f9b345e00fb9ea94fe05ae29f6e2856bad05
research-lab/data/sipakmed/raw/im_Superficial-Intermediate/CROPPED/111_02.bmp,22d7621aee10d6cf0fd4733f0a1fd0b38195cd928799a5c2eeed44a506089f77
research-lab/data/sipakmed/raw/im_Superficial-Intermediate/CROPPED/111_03.bmp,fcf670856dcf5969f6790ecb1d5b0ce1beed40c61949fbaf7daad56ee6893bb6
research-lab/data/sipakmed/raw/im_Superficial-Intermediate/CROPPED/111_04.bmp,1ff4d3086c03f6350fa9139dd62ac4c0b30fc8885379a2dacf71d8fa927ec7cb
research-lab/data/sipakmed/raw/im_Superficial-Intermediate/CROPPED/111_05.bmp,57eb546acf27c68e4170dfd6d2b945a94202144940b63d0692de0ff265224679
research-lab/data/sipakmed/raw/im_Superficial-Intermediate/CROPPED/111_06.bmp,c49042f726071aa4c5a8fd1b97dc3ec375ef661a376c561dd1f306a1d603d80c
research-lab/data/sipakmed/raw/im_Superficial-Intermediate/CROPPED/112_01.bmp,685a2e424cd69e612844ecb905dbf7d7be04bd9c431af2c619019b739ddf5906
research-lab/data/sipakmed/raw/im_Superficial-Intermediate/CROPPED/112_02.bmp,69b69eecb99b86fccda55aa9b2593d48172fa32ee09fc5fc8519ea1bcf32084e
research-lab/data/sipakmed/raw/im_Superficial-Intermediate/CROPPED/112_03.bmp,10ea9a5df3d7c69708a9401d547509e681bc8565f5263d053bdc89ca6b33f13e
research-lab/data/sipakmed/raw/im_Superficial-Intermediate/CROPPED/112_04.bmp,b6396f3757a8266cb0480bdb92b10fae797a4a6ae4064d497d8ab7d0476d9e29
research-lab/data/sipakmed/raw/im_Superficial-Intermediate/CROPPED/112_05.bmp,98db0096c1ee7cbd9668ef5eb9465c69f6f78d62c3c7e21265031b43a688f037
research-lab/data/sipakmed/raw/im_Superficial-Intermediate/CROPPED/112_06.bmp,a41d2940a821c8418060cd81039d86b88f917351b8aaf44c32ab0f979e7a9366
research-lab/data/sipakmed/raw/im_Superficial-Intermediate/CROPPED/112_07.bmp,11a5f1ea2cec75146ef6513180541ec099f5d2c0308d34db2a9bb8219865daa3
research-lab/data/sipakmed/raw/im_Superficial-Intermediate/CROPPED/112_08.bmp,78e3b2ec240ee2a3a323582ac3313e2280b4f21ac82cd6d9d6240a6f146089e5
research-lab/data/sipakmed/raw/im_Superficial-Intermediate/CROPPED/113_01.bmp,0ac772ed66fdc7f2d3e91474c73b6d18bd95211f4d48cf27943603dade3b51db
research-lab/data/sipakmed/raw/im_Superficial-Intermediate/CROPPED/113_02.bmp,8bbe2362c057c8643d8c6e0d53e5e538a316d35497dcd82fc818bf8e1d5cfd35
research-lab/data/sipakmed/raw/im_Superficial-Intermediate/CROPPED/113_03.bmp,4dc34a03c14f0f134ced50e9f45d1bb895d7a6a3e61a66ab880c44eb0945d36d
research-lab/data/sipakmed/raw/im_Superficial-Intermediate/CROPPED/113_04.bmp,9d70dca3ec1bb843505906da5e9a20454f6f28043e76f086dbb225fc7fd9a04f
research-lab/data/sipakmed/raw/im_Superficial-Intermediate/CROPPED/113_05.bmp,c67624898ccfec7389e106e9c081020ee6d876a37849c3c6f0454bbd0c50a98f
research-lab/data/sipakmed/raw/im_Superficial-Intermediate/CROPPED/113_06.bmp,4e26658f11b17c548a6fe5f906a68190bc9a9a0ad3c1e302f892a863564d65c0
research-lab/data/sipakmed/raw/im_Superficial-Intermediate/CROPPED/114_01.bmp,d900cf9b08f116389b2873993dad8537919217517cdda9be3a6bd9d6dca486d2
research-lab/data/sipakmed/raw/im_Superficial-Intermediate/CROPPED/114_02.bmp,d4776df6677ef812be6231e807e5aa7e69c720a33e6f94aaf48373250a87fc07
research-lab/data/sipakmed/raw/im_Superficial-Intermediate/CROPPED/114_03.bmp,795ef7f7b702febf50584a720757ce6c6d7446a96a0a6ec95878b8090fb6784a
research-lab/data/sipakmed/raw/im_Superficial-Intermediate/CROPPED/114_04.bmp,016b43fc71641d775054ff84f2019e8eb75efc2e744c113211fec063522cdba4
research-lab/data/sipakmed/raw/im_Superficial-Intermediate/CROPPED/114_05.bmp,563f5bc77357bb819b1185489af7b0f8554463b348fd5a94849f13d595c2ee2b
research-lab/data/sipakmed/raw/im_Superficial-Intermediate/CROPPED/114_06.bmp,2232339881af4906126f1975dec2e51e3d4812153f49ce228c08ef5c3af39c4f
research-lab/data/sipakmed/raw/im_Superficial-Intermediate/CROPPED/114_07.bmp,0a0c1e1b8de716af65460f32f0f798abb16ff32164fdde4f21a814845e8810d8
research-lab/data/sipakmed/raw/im_Superficial-Intermediate/CROPPED/114_08.bmp,cad6b20174f3f156ed0a8f8d0d57ca614f442d90bf4cc5f284144bc1b15aff6f
research-lab/data/sipakmed/raw/im_Superficial-Intermediate/CROPPED/115_01.bmp,4d7dad0b462457b47db09a1e4a0032f86f1e13ef9f3ae0cb86591ca9521bc6f4
research-lab/data/sipakmed/raw/im_Superficial-Intermediate/CROPPED/115_02.bmp,0c8d0dd2ca1282ab69f2eac40c82f3ee14915c237daed5286ca78e4221a3bb19
research-lab/data/sipakmed/raw/im_Superficial-Intermediate/CROPPED/115_03.bmp,8a3c07a19d4cff19566babe3666b11b56143caa6c25aed5476e16b56732d776f
research-lab/data/sipakmed/raw/im_Superficial-Intermediate/CROPPED/115_04.bmp,d685c63584037d6adc636819115f32cf307252e7a0c4e185da2364d3aaa1ef51
research-lab/data/sipakmed/raw/im_Superficial-Intermediate/CROPPED/115_05.bmp,67eda7b739530947e5efe10539cfd776254cda326b0ed8356540fb05ce0aec16
research-lab/data/sipakmed/raw/im_Superficial-Intermediate/CROPPED/115_06.bmp,48cc774248ba032d8d5201116fe4d82a6a944f7662219e0b0fc54c454e2b37ea
research-lab/data/sipakmed/raw/im_Superficial-Intermediate/CROPPED/116_01.bmp,5989ca52e6f954f58633d79da1430d96e618ef74e849473cbd61831923ce7782
research-lab/data/sipakmed/raw/im_Superficial-Intermediate/CROPPED/116_02.bmp,9f4055ab43c928bd5ebe7e55d2d2c804f8e78fcabbe6d5e9bd9ec52554a67029
research-lab/data/sipakmed/raw/im_Superficial-Intermediate/CROPPED/116_03.bmp,6aea4fcd3c07ec1be6d680a9cbc061b3cf0fd132e90c8216ea8bf83ff2406447
research-lab/data/sipakmed/raw/im_Superficial-Intermediate/CROPPED/116_04.bmp,6e789cf476a3cfe55986ff15be6fcfd0f7f740f78a3393f7c0cc91e90142f747
research-lab/data/sipakmed/raw/im_Superficial-Intermediate/CROPPED/116_05.bmp,877e287341a16864493e6ca91ae8b7e9be0b4455b43cbdc450a79551a6b521f5
research-lab/data/sipakmed/raw/im_Superficial-Intermediate/CROPPED/117_01.bmp,c58c09ae2e173311d709eb72f9b52f620f9ab197cf0d63f0b6e6314a582ce931
research-lab/data/sipakmed/raw/im_Superficial-Intermediate/CROPPED/117_02.bmp,4b46a25488f2f37073d70928c53a1eb8fb15bee4bbf6ee749d64c82f4a58bdea
research-lab/data/sipakmed/raw/im_Superficial-Intermediate/CROPPED/117_03.bmp,a43c7dbd39ec654956ee8b38a8c89cd9d7e7e0f4d80c70496adc1df11c550ac2
research-lab/data/sipakmed/raw/im_Superficial-Intermediate/CROPPED/117_04.bmp,d316f79874f247f7eb3e64f3c7b183a71b3beee42620c259752e5657497cef70
research-lab/data/sipakmed/raw/im_Superficial-Intermediate/CROPPED/118_01.bmp,f79709c1f0a76b86d03f9b2c63e6ea67fef270750e73c5aee0876bf32446b272
research-lab/data/sipakmed/raw/im_Superficial-Intermediate/CROPPED/118_02.bmp,68fecbd869554f57400ad030efc99578f72867a6e94e74c52a4b83700afe0f43
research-lab/data/sipakmed/raw/im_Superficial-Intermediate/CROPPED/118_03.bmp,ae62598d647ba32e10813ff450ec3ee3b0526b21e8777bc0f18322eef8790963
research-lab/data/sipakmed/raw/im_Superficial-Intermediate/CROPPED/118_04.bmp,ac23a47db88807e56742fa8e22bb249e459a627ffe2ab5ada237d321922c589a
research-lab/data/sipakmed/raw/im_Superficial-Intermediate/CROPPED/118_05.bmp,f173987c8030fd1068df98bc94611c304773634e4a78234fc69ee3b0b2d80f3e
research-lab/data/sipakmed/raw/im_Superficial-Intermediate/CROPPED/118_06.bmp,96942cfb3fe5b82945cc740241196ede03c65a11ab380826a810b252bce4ecef
research-lab/data/sipakmed/raw/im_Superficial-Intermediate/CROPPED/118_07.bmp,58b66872b1ca6e3ba0f2677dc0cbbbbb44719d211f24fdb1d1867bc949a03274
research-lab/data/sipakmed/raw/im_Superficial-Intermediate/CROPPED/118_08.bmp,515653eacf72954f49a2b2f3dd964cfbdb2bcd8b95e7209bdeec1ebfc4c2ef66
research-lab/data/sipakmed/raw/im_Superficial-Intermediate/CROPPED/118_09.bmp,8b1ece53209092ceeda15227029f90f22084563eee651204ca07ca7d46a927e0
research-lab/data/sipakmed/raw/im_Superficial-Intermediate/CROPPED/118_10.bmp,9261c898b0a0146cee6d4d923a7c75fc81b5ae5d87398505336eda0bb5bbb493
research-lab/data/sipakmed/raw/im_Superficial-Intermediate/CROPPED/119_01.bmp,713ddf5ab9c8c7e40b628a19956a724254428fab3f60bd788fc02194969888d4
research-lab/data/sipakmed/raw/im_Superficial-Intermediate/CROPPED/119_02.bmp,333c1b3205f4d6116ef9744b93082c6f7a88499758912fb2cea91bb47cfc357e
research-lab/data/sipakmed/raw/im_Superficial-Intermediate/CROPPED/119_03.bmp,40c2b4367781afeae2151b9212e92ec2d7b319189d01dd2f01d4692465fc351d
research-lab/data/sipakmed/raw/im_Superficial-Intermediate/CROPPED/119_04.bmp,85b8e4364fb2fb2bafa723010149862a5405609cb4c00ddbfb865fddec91b828
research-lab/data/sipakmed/raw/im_Superficial-Intermediate/CROPPED/119_05.bmp,d1cf1a4f42a2d2aefd3336360c4530b67babb9fa2a797c28e2a3522ee21c306d
research-lab/data/sipakmed/raw/im_Superficial-Intermediate/CROPPED/119_06.bmp,1a0cbc92d0658f550affeb83d78c7121f36e306b79b37d1d26417b40a557f9b1
research-lab/data/sipakmed/raw/im_Superficial-Intermediate/CROPPED/119_07.bmp,990ae7b394ffecb9958030978735223dad3317c4026bef5a986f3f27b6839726
research-lab/data/sipakmed/raw/im_Superficial-Intermediate/CROPPED/119_08.bmp,2b0aeebb1458e156d21cfcf27caf8873d9698147dae89cadd302087171069f02
research-lab/data/sipakmed/raw/im_Superficial-Intermediate/CROPPED/119_09.bmp,2856a0eff18c6c877702ab514219013c3762962fa7243631b5daf6bf0e00c9b0
research-lab/data/sipakmed/raw/im_Superficial-Intermediate/CROPPED/119_10.bmp,6a4ad336c70dce62d5f92afa30c4c3ae7df021c12cec3f82d042c93348964298
research-lab/data/sipakmed/raw/im_Superficial-Intermediate/CROPPED/120_01.bmp,c0dcc1274df3a4143c2a312f699e8e051c5b23ca65b8f775fa6c8aadc81e80cd
research-lab/data/sipakmed/raw/im_Superficial-Intermediate/CROPPED/120_02.bmp,125bc9cf3ec4456dc081ca114cf44f0230fd8a103d9bf6d8afe49d78b24022a5
research-lab/data/sipakmed/raw/im_Superficial-Intermediate/CROPPED/120_03.bmp,ff356fa07d25e858289d4c9ef349dd49a466db055ba2ece7916eb297d5470e8f
research-lab/data/sipakmed/raw/im_Superficial-Intermediate/CROPPED/120_04.bmp,8d7cbf8553028763126a53eba7f561b524928c0a6dca3efa07a944ec495c3b7d
research-lab/data/sipakmed/raw/im_Superficial-Intermediate/CROPPED/120_05.bmp,67daf8ee7f7fb96e6d184396ef64cc3b961bd9b60c627dca8ae550aa4f4c9644
research-lab/data/sipakmed/raw/im_Superficial-Intermediate/CROPPED/121_01.bmp,1c661ab9b1eeb2e0db44dd0106e567e60e9bb6d9acb7a953f2eeacffb3db920b
research-lab/data/sipakmed/raw/im_Superficial-Intermediate/CROPPED/121_02.bmp,aba68146f9806f0dc3ce6831b5575cc9c84fcfe2cdb23965a1633fd31e729dba
research-lab/data/sipakmed/raw/im_Superficial-Intermediate/CROPPED/121_03.bmp,54c569a6201f5518fcc22ecd600351fcea547ace1d56f31f8152095eaf9fa538
research-lab/data/sipakmed/raw/im_Superficial-Intermediate/CROPPED/121_04.bmp,0028daf14ee3b9b20bb11e2cb4c534056a0059b1a99fc2a7b87973a34ef934ec
research-lab/data/sipakmed/raw/im_Superficial-Intermediate/CROPPED/121_05.bmp,4680a4c26fb97cf77568e541b37c47021ef9331a318cb1bd87d35347f6168ae3
research-lab/data/sipakmed/raw/im_Superficial-Intermediate/CROPPED/121_06.bmp,e06040b352cee8dd268ad2d2dcabf19a9efa2789cc08c9cfe1024b906657f498
research-lab/data/sipakmed/raw/im_Superficial-Intermediate/CROPPED/121_07.bmp,41bb43aba2861cea7a14a3f2447492d812245a28290eb91900a144ee01637d7d
research-lab/data/sipakmed/raw/im_Superficial-Intermediate/CROPPED/121_08.bmp,05e2070c9e42e86ea3b2497fe392fd10ebf89fa79587a3a2b84350b6318f742a
research-lab/data/sipakmed/raw/im_Superficial-Intermediate/CROPPED/122_01.bmp,24d62ac1fabc161963429e972e9ad3e4617e4ed0105655e04417d0eb92ad7e31
research-lab/data/sipakmed/raw/im_Superficial-Intermediate/CROPPED/122_02.bmp,b3da62da1ea4678c17b0a78d49352504b3f8f0814a89dcf34441f5e2dc9ab081
research-lab/data/sipakmed/raw/im_Superficial-Intermediate/CROPPED/122_03.bmp,0fddee67f8f95d1921c4e93fd4aec498008b121f25a9662f058773600a86cfd2
research-lab/data/sipakmed/raw/im_Superficial-Intermediate/CROPPED/122_04.bmp,7cda41f65bbfcd0d00bd82b4758129a7355ccf0a6df1cb42f8e85841f16c4efe
research-lab/data/sipakmed/raw/im_Superficial-Intermediate/CROPPED/122_05.bmp,e0fd51d2192358800612a9ec0f258c4fcce2a97fd7096187974551ea9cf4e815
research-lab/data/sipakmed/raw/im_Superficial-Intermediate/CROPPED/122_06.bmp,6f5443e0fd8f84861736aa1cd9aa3c7d8bd1dcdb72897cf59b54912a9fa3d0ad
research-lab/data/sipakmed/raw/im_Superficial-Intermediate/CROPPED/122_07.bmp,56e050fe8493da61d1504db11ea270f4b51ccbcf10e119343bb71caf4232a4bf
research-lab/data/sipakmed/raw/im_Superficial-Intermediate/CROPPED/122_08.bmp,7dac65ff3f386458d0548707ec9a021140275403c44d8d436ce45cc14697936d
research-lab/data/sipakmed/raw/im_Superficial-Intermediate/CROPPED/122_09.bmp,4fffc6cd989504f65ad438e5cb8509b627451a21d31b599883a0d553088e1939
research-lab/data/sipakmed/raw/im_Superficial-Intermediate/CROPPED/123_01.bmp,5ea5b65882f21f72e6082ef211a50f414d54c87da80cdcb60953c5a126c66c35
research-lab/data/sipakmed/raw/im_Superficial-Intermediate/CROPPED/123_02.bmp,d9b12fd8ad452b3877682dfc4675f496143dd0661cc34d7f6cfe23959be1dc14
research-lab/data/sipakmed/raw/im_Superficial-Intermediate/CROPPED/123_03.bmp,4e6e17078e1cc3e8a193d3da45c85236f942a014f62eab6c0c42df87b86bf2a8
research-lab/data/sipakmed/raw/im_Superficial-Intermediate/CROPPED/123_04.bmp,f5544ec4deba01b9774817e61b8e5474f1866687eaee13809d797d9820316854
research-lab/data/sipakmed/raw/im_Superficial-Intermediate/CROPPED/123_05.bmp,0754c695da32fef43c343e1375091d6c4aab247d6d382fdf15aace97c4205efa
research-lab/data/sipakmed/raw/im_Superficial-Intermediate/CROPPED/123_06.bmp,6a054c43d701d1d9b4b7d2d252525587e9eb8fca2cc5a3d73ad2389e0950b198
research-lab/data/sipakmed/raw/im_Superficial-Intermediate/CROPPED/123_07.bmp,2b7f6d6c4f058a760e5c3f075e9c49a3e425ad6c58e1821d7adcf90f948210b7
research-lab/data/sipakmed/raw/im_Superficial-Intermediate/CROPPED/123_08.bmp,a592e8757b69a4d694449bc7cd181d6eb709de90f239dabe3d3a0eb9bc8fdff4
research-lab/data/sipakmed/raw/im_Superficial-Intermediate/CROPPED/124_01.bmp,59b9008f0c727f07f5b6106a70e55830bb18411219f7c67fff019d264e34cf28
research-lab/data/sipakmed/raw/im_Superficial-Intermediate/CROPPED/124_02.bmp,02250b9f487769741c05a8e53aa7730f8292224624dde853d3c18e3f972ee15b
research-lab/data/sipakmed/raw/im_Superficial-Intermediate/CROPPED/124_03.bmp,1131620aa6d15a9ef84ea24b5042aa53da1a10e38b5adcd090957a05e977da62
research-lab/data/sipakmed/raw/im_Superficial-Intermediate/CROPPED/124_04.bmp,a323bcb1380f3f65375d743d1390d49f77472012344efbbf4e1383f260b95ead
research-lab/data/sipakmed/raw/im_Superficial-Intermediate/CROPPED/124_05.bmp,f728fbf9a094c917fb4abf718bb9533b9e9025dbd7d1232c64a8cba10009472a
research-lab/data/sipakmed/raw/im_Superficial-Intermediate/CROPPED/124_06.bmp,02514eebbbe20413c363df6e81b0d9c712ac76e0be90dc00a6b7dada71abb97f
research-lab/data/sipakmed/raw/im_Superficial-Intermediate/CROPPED/124_07.bmp,edd52c3458e8f0db70b281efadd5c6953dacd3e4710ae272f269cd5a12a1c9a3
research-lab/data/sipakmed/raw/im_Superficial-Intermediate/CROPPED/124_08.bmp,1254d26ee9a743bb9787fb605a6db7668af80f2ec2b8ff1721fac7f62dfed894
research-lab/data/sipakmed/raw/im_Superficial-Intermediate/CROPPED/125_01.bmp,452b0c2dd4499dd02a96eaf423568a6d8236f615471e277097a5836ced880321
research-lab/data/sipakmed/raw/im_Superficial-Intermediate/CROPPED/125_02.bmp,188365fe5e4a563f43ee285a77f82ccb1c8cccdc91e172c798d2f8977744cafb
research-lab/data/sipakmed/raw/im_Superficial-Intermediate/CROPPED/125_03.bmp,7a8d7d0898d95ce105e1d652f37ed061e8cda76e3a3ea45595f86a93da87a568
research-lab/data/sipakmed/raw/im_Superficial-Intermediate/CROPPED/125_04.bmp,2b26d2197b2c19b530312cb658f2a2da31edd5a0fda14100c4e2cad694f54494
research-lab/data/sipakmed/raw/im_Superficial-Intermediate/CROPPED/125_05.bmp,9ea90f0abe0301581b39a22f9496429735946cfe675a6a046f385015c8e30115
research-lab/data/sipakmed/raw/im_Superficial-Intermediate/CROPPED/126_01.bmp,ee028d0c0210d100245d1faecedf14f8070f0e0068e19f6658a95a8749c49faa
research-lab/data/sipakmed/raw/im_Superficial-Intermediate/CROPPED/126_02.bmp,7026df99bff3c2a0c2f4a9c7d7acc34f422f2b4bc6410c988cdb083cc3b625b8
research-lab/data/sipakmed/raw/im_Superficial-Intermediate/CROPPED/126_03.bmp,fcd539ac8722839b7909b86a01b9344e8f0858f771767965b52321d9dcabbb29
research-lab/data/sipakmed/raw/im_Superficial-Intermediate/CROPPED/126_04.bmp,9fd4e5d61f3d85eafc8f239fe4ef38820d61687146067e783372949e8000b122
research-lab/data/sipakmed/raw/im_Superficial-Intermediate/CROPPED/126_05.bmp,ded3da6ece5b8753d60f1c4ea4b89f4e916e9c7d13caa99ad2068609a731778b
research-lab/data/sipakmed/raw/im_Superficial-Intermediate/CROPPED/126_06.bmp,5113082baf4eeda55a1635278964fc62a8b1e55e8fe0b0c2ebaeebe8ff73365f
research-lab/data/sipakmed/raw/im_Superficial-Intermediate/CROPPED/126_07.bmp,f42bc52b951cc622764d0310f3881071c6ba42efe8bd0ab76f5792b1d3773e9b
