dataset,sample_a,sample_b,group_a,group_b,label_a,label_b,phash_hamming_distance
mura,train/XR_SHOULDER/patient00072/study1_positive/image3.png,train/XR_SHOULDER/patient00214/study1_positive/image3.png,patient00072,patient00214,1,1,4
mura,train/XR_SHOULDER/patient00072/study1_positive/image3.png,train/XR_SHOULDER/patient00218/study1_positive/image2.png,patient00072,patient00218,1,1,4
mura,train/XR_SHOULDER/patient00045/study1_positive/image4.png,train/XR_SHOULDER/patient00267/study2_positive/image1.png,patient00045,patient00267,1,1,4
mura,train/XR_SHOULDER/patient00262/study1_positive/image1.png,train/XR_SHOULDER/patient00272/study1_positive/image4.png,patient00262,patient00272,1,1,4
mura,train/XR_SHOULDER/patient00114/study1_positive/image3.png,train/XR_SHOULDER/patient00304/study1_positive/image1.png,patient00114,patient00304,1,1,4
mura,train/XR_SHOULDER/patient00042/study1_positive/image1.png,train/XR_SHOULDER/patient00326/study1_positive/image4.png,patient00042,patient00326,1,1,4
mura,train/XR_SHOULDER/patient00351/study1_positive/image1.png,train/XR_SHOULDER/patient00359/study1_positive/image1.png,patient00351,patient00359,1,1,4
mura,train/XR_SHOULDER/patient00042/study1_positive/image1.png,train/XR_SHOULDER/patient00362/study1_positive/image2.png,patient00042,patient00362,1,1,4
mura,train/XR_SHOULDER/patient00194/study1_positive/image1.png,train/XR_SHOULDER/patient00388/study1_positive/image4.png,patient00194,patient00388,1,1,4
mura,train/XR_SHOULDER/patient00163/study1_positive/image4.png,train/XR_SHOULDER/patient00409/study1_positive/image3.png,patient00163,patient00409,1,1,4
mura,train/XR_SHOULDER/patient00012/study1_positive/image1.png,train/XR_SHOULDER/patient00436/study1_positive/image2.png,patient00012,patient00436,1,1,4
mura,train/XR_SHOULDER/patient00070/study1_positive/image4.png,train/XR_SHOULDER/patient00436/study1_positive/image2.png,patient00070,patient00436,1,1,4
mura,train/XR_SHOULDER/patient00130/study1_positive/image3.png,train/XR_SHOULDER/patient00437/study1_positive/image3.png,patient00130,patient00437,1,1,4
mura,train/XR_SHOULDER/patient00059/study1_positive/image4.png,train/XR_SHOULDER/patient00470/study1_positive/image3.png,patient00059,patient00470,1,1,4
mura,train/XR_SHOULDER/patient00313/study1_positive/image1.png,train/XR_SHOULDER/patient00478/study1_positive/image4.png,patient00313,patient00478,1,1,4
mura,train/XR_SHOULDER/patient00301/study1_positive/image2.png,train/XR_SHOULDER/patient00480/study1_positive/image4.png,patient00301,patient00480,1,1,4
mura,train/XR_SHOULDER/patient00415/study1_positive/image1.png,train/XR_SHOULDER/patient00506/study1_positive/image2.png,patient00415,patient00506,1,1,4
mura,train/XR_SHOULDER/patient00391/study1_positive/image4.png,train/XR_SHOULDER/patient00569/study1_positive/image1.png,patient00391,patient00569,1,1,4
mura,train/XR_SHOULDER/patient00019/study1_positive/image2.png,train/XR_SHOULDER/patient00569/study1_positive/image2.png,patient00019,patient00569,1,1,4
mura,train/XR_SHOULDER/patient00414/study1_positive/image3.png,train/XR_SHOULDER/patient00569/study1_positive/image2.png,patient00414,patient00569,1,1,4
mura,train/XR_SHOULDER/patient00437/study1_positive/image3.png,train/XR_SHOULDER/patient00655/study1_positive/image2.png,patient00437,patient00655,1,1,4
mura,train/XR_SHOULDER/patient00437/study1_positive/image3.png,train/XR_SHOULDER/patient00655/study1_positive/image3.png,patient00437,patient00655,1,1,4
mura,train/XR_SHOULDER/patient00470/study1_positive/image3.png,train/XR_SHOULDER/patient00663/study1_positive/image1.png,patient00470,patient00663,1,1,4
mura,train/XR_SHOULDER/patient00352/study1_positive/image1.png,train/XR_SHOULDER/patient00663/study1_positive/image2.png,patient00352,patient00663,1,1,4
mura,train/XR_SHOULDER/patient00353/study1_positive/image1.png,train/XR_SHOULDER/patient00663/study1_positive/image2.png,patient00353,patient00663,1,1,2
mura,train/XR_SHOULDER/patient00099/study1_positive/image4.png,train/XR_SHOULDER/patient00667/study1_positive/image2.png,patient00099,patient00667,1,1,4
mura,train/XR_SHOULDER/patient00052/study1_positive/image1.png,train/XR_SHOULDER/patient00696/study1_positive/image2.png,patient00052,patient00696,1,1,4
mura,train/XR_SHOULDER/patient00492/study1_positive/image1.png,train/XR_SHOULDER/patient00742/study1_positive/image4.png,patient00492,patient00742,1,1,4
mura,train/XR_SHOULDER/patient00115/study1_positive/image4.png,train/XR_SHOULDER/patient00751/study1_positive/image3.png,patient00115,patient00751,1,1,4
mura,train/XR_SHOULDER/patient00015/study1_positive/image2.png,train/XR_SHOULDER/patient00769/study1_positive/image1.png,patient00015,patient00769,1,1,4
mura,train/XR_SHOULDER/patient00377/study1_positive/image1.png,train/XR_SHOULDER/patient00771/study1_positive/image2.png,patient00377,patient00771,1,1,4
mura,train/XR_SHOULDER/patient00291/study1_positive/image2.png,train/XR_SHOULDER/patient00773/study1_positive/image2.png,patient00291,patient00773,1,1,4
mura,train/XR_SHOULDER/patient00382/study3_negative/image3.png,train/XR_SHOULDER/patient00773/study1_positive/image4.png,patient00382,patient00773,0,1,4
mura,train/XR_SHOULDER/patient00434/study1_positive/image2.png,train/XR_SHOULDER/patient00795/study1_positive/image3.png,patient00434,patient00795,1,1,4
mura,train/XR_SHOULDER/patient00059/study1_positive/image4.png,train/XR_SHOULDER/patient00822/study1_positive/image1.png,patient00059,patient00822,1,1,4
mura,train/XR_SHOULDER/patient00470/study1_positive/image3.png,train/XR_SHOULDER/patient00822/study1_positive/image1.png,patient00470,patient00822,1,1,2
mura,train/XR_SHOULDER/patient00695/study1_positive/image1.png,train/XR_SHOULDER/patient00828/study1_positive/image3.png,patient00695,patient00828,1,1,4
mura,train/XR_SHOULDER/patient00781/study1_positive/image2.png,train/XR_SHOULDER/patient00830/study1_positive/image2.png,patient00781,patient00830,1,1,4
mura,train/XR_SHOULDER/patient00439/study1_positive/image4.png,train/XR_SHOULDER/patient00838/study1_positive/image2.png,patient00439,patient00838,1,1,2
mura,train/XR_SHOULDER/patient00033/study1_positive/image2.png,train/XR_SHOULDER/patient00868/study1_positive/image4.png,patient00033,patient00868,1,1,4
mura,train/XR_SHOULDER/patient00070/study1_positive/image4.png,train/XR_SHOULDER/patient00868/study1_positive/image4.png,patient00070,patient00868,1,1,4
mura,train/XR_SHOULDER/patient00289/study1_positive/image1.png,train/XR_SHOULDER/patient00868/study1_positive/image4.png,patient00289,patient00868,1,1,4
mura,train/XR_SHOULDER/patient00245/study1_positive/image2.png,train/XR_SHOULDER/patient00874/study1_positive/image2.png,patient00245,patient00874,1,1,4
mura,train/XR_SHOULDER/patient00715/study1_positive/image2.png,train/XR_SHOULDER/patient00897/study1_positive/image2.png,patient00715,patient00897,1,1,4
mura,train/XR_SHOULDER/patient00649/study1_positive/image2.png,train/XR_SHOULDER/patient00923/study1_positive/image1.png,patient00649,patient00923,1,1,4
mura,train/XR_SHOULDER/patient00218/study1_positive/image1.png,train/XR_SHOULDER/patient00925/study1_positive/image1.png,patient00218,patient00925,1,1,4
mura,train/XR_SHOULDER/patient00551/study4_positive/image4.png,train/XR_SHOULDER/patient00944/study1_positive/image3.png,patient00551,patient00944,1,1,4
mura,train/XR_SHOULDER/patient00375/study1_positive/image1.png,train/XR_SHOULDER/patient00960/study1_positive/image2.png,patient00375,patient00960,1,1,4
mura,train/XR_SHOULDER/patient00164/study1_positive/image2.png,train/XR_SHOULDER/patient00977/study1_positive/image4.png,patient00164,patient00977,1,1,4
mura,train/XR_SHOULDER/patient00499/study1_positive/image3.png,train/XR_SHOULDER/patient00977/study1_positive/image4.png,patient00499,patient00977,1,1,4
mura,train/XR_SHOULDER/patient00070/study1_positive/image1.png,train/XR_SHOULDER/patient00983/study1_positive/image4.png,patient00070,patient00983,1,1,4
mura,train/XR_SHOULDER/patient00606/study1_positive/image2.png,train/XR_SHOULDER/patient00983/study1_positive/image4.png,patient00606,patient00983,1,1,4
mura,train/XR_SHOULDER/patient00286/study1_positive/image3.png,train/XR_SHOULDER/patient01009/study1_positive/image4.png,patient00286,patient01009,1,1,4
mura,train/XR_SHOULDER/patient00052/study1_positive/image1.png,train/XR_SHOULDER/patient01028/study1_positive/image2.png,patient00052,patient01028,1,1,4
mura,train/XR_SHOULDER/patient00352/study1_positive/image2.png,train/XR_SHOULDER/patient01031/study1_positive/image1.png,patient00352,patient01031,1,1,4
mura,train/XR_SHOULDER/patient01009/study1_positive/image4.png,train/XR_SHOULDER/patient01053/study1_positive/image2.png,patient01009,patient01053,1,1,4
mura,train/XR_SHOULDER/patient00195/study1_positive/image1.png,train/XR_SHOULDER/patient01062/study1_positive/image2.png,patient00195,patient01062,1,1,4
mura,train/XR_SHOULDER/patient00195/study1_positive/image4.png,train/XR_SHOULDER/patient01062/study1_positive/image2.png,patient00195,patient01062,1,1,4
mura,train/XR_SHOULDER/patient00944/study2_negative/image1.png,train/XR_SHOULDER/patient01088/study1_positive/image3.png,patient00944,patient01088,0,1,4
mura,train/XR_SHOULDER/patient00841/study1_positive/image2.png,train/XR_SHOULDER/patient01092/study1_positive/image4.png,patient00841,patient01092,1,1,4
mura,train/XR_SHOULDER/patient00304/study1_positive/image1.png,train/XR_SHOULDER/patient01099/study1_positive/image4.png,patient00304,patient01099,1,1,4
mura,train/XR_SHOULDER/patient00769/study1_positive/image1.png,train/XR_SHOULDER/patient01133/study1_positive/image1.png,patient00769,patient01133,1,1,4
mura,train/XR_SHOULDER/patient00488/study1_positive/image4.png,train/XR_SHOULDER/patient01155/study1_positive/image4.png,patient00488,patient01155,1,1,4
mura,train/XR_SHOULDER/patient01034/study1_positive/image2.png,train/XR_SHOULDER/patient01170/study1_positive/image1.png,patient01034,patient01170,1,1,4
mura,train/XR_SHOULDER/patient00045/study1_positive/image1.png,train/XR_SHOULDER/patient01175/study2_negative/image3.png,patient00045,patient01175,1,0,4
mura,train/XR_SHOULDER/patient00696/study1_positive/image2.png,train/XR_SHOULDER/patient01178/study1_positive/image4.png,patient00696,patient01178,1,1,4
mura,train/XR_SHOULDER/patient00871/study1_positive/image3.png,train/XR_SHOULDER/patient01184/study1_positive/image1.png,patient00871,patient01184,1,1,4
mura,train/XR_SHOULDER/patient00852/study1_positive/image1.png,train/XR_SHOULDER/patient01197/study1_positive/image1.png,patient00852,patient01197,1,1,4
mura,train/XR_SHOULDER/patient00749/study1_positive/image2.png,train/XR_SHOULDER/patient01198/study1_positive/image1.png,patient00749,patient01198,1,1,4
mura,train/XR_SHOULDER/patient00238/study1_positive/image2.png,train/XR_SHOULDER/patient01198/study1_positive/image1.png,patient00238,patient01198,1,1,4
mura,train/XR_SHOULDER/patient01053/study1_positive/image2.png,train/XR_SHOULDER/patient01231/study1_positive/image1.png,patient01053,patient01231,1,1,4
mura,train/XR_SHOULDER/patient00286/study1_positive/image3.png,train/XR_SHOULDER/patient01233/study1_positive/image1.png,patient00286,patient01233,1,1,4
mura,train/XR_SHOULDER/patient00582/study1_positive/image1.png,train/XR_SHOULDER/patient01256/study1_positive/image2.png,patient00582,patient01256,1,1,4
mura,train/XR_SHOULDER/patient01119/study1_positive/image1.png,train/XR_SHOULDER/patient01275/study1_positive/image4.png,patient01119,patient01275,1,1,4
mura,train/XR_SHOULDER/patient00934/study1_positive/image2.png,train/XR_SHOULDER/patient01282/study1_positive/image2.png,patient00934,patient01282,1,1,4
mura,train/XR_SHOULDER/patient00773/study1_positive/image1.png,train/XR_SHOULDER/patient01282/study1_positive/image3.png,patient00773,patient01282,1,1,4
mura,train/XR_SHOULDER/patient00153/study1_positive/image1.png,train/XR_SHOULDER/patient01316/study1_positive/image3.png,patient00153,patient01316,1,1,4
mura,train/XR_SHOULDER/patient01309/study1_positive/image2.png,train/XR_SHOULDER/patient01317/study1_positive/image2.png,patient01309,patient01317,1,1,2
mura,train/XR_SHOULDER/patient00203/study1_positive/image3.png,train/XR_SHOULDER/patient01323/study1_positive/image2.png,patient00203,patient01323,1,1,4
mura,train/XR_SHOULDER/patient01007/study1_positive/image2.png,train/XR_SHOULDER/patient01323/study1_positive/image2.png,patient01007,patient01323,1,1,4
mura,train/XR_SHOULDER/patient00091/study1_positive/image2.png,train/XR_SHOULDER/patient01326/study1_positive/image2.png,patient00091,patient01326,1,1,4
mura,train/XR_SHOULDER/patient00488/study1_positive/image4.png,train/XR_SHOULDER/patient01339/study2_negative/image2.png,patient00488,patient01339,1,0,4
mura,train/XR_SHOULDER/patient00470/study1_positive/image3.png,train/XR_SHOULDER/patient01344/study3_negative/image1.png,patient00470,patient01344,1,0,4
mura,train/XR_SHOULDER/patient00458/study1_positive/image2.png,train/XR_SHOULDER/patient01346/study1_positive/image3.png,patient00458,patient01346,1,1,2
mura,train/XR_SHOULDER/patient00727/study1_positive/image2.png,train/XR_SHOULDER/patient01361/study1_positive/image2.png,patient00727,patient01361,1,1,4
mura,train/XR_SHOULDER/patient00854/study2_negative/image3.png,train/XR_SHOULDER/patient01361/study1_positive/image2.png,patient00854,patient01361,0,1,4
mura,train/XR_SHOULDER/patient01294/study1_positive/image2.png,train/XR_SHOULDER/patient01363/study1_positive/image1.png,patient01294,patient01363,1,1,4
mura,train/XR_SHOULDER/patient00295/study1_positive/image3.png,train/XR_SHOULDER/patient01363/study1_positive/image1.png,patient00295,patient01363,1,1,4
mura,train/XR_SHOULDER/patient00130/study1_positive/image3.png,train/XR_SHOULDER/patient01363/study1_positive/image3.png,patient00130,patient01363,1,1,4
mura,train/XR_SHOULDER/patient00295/study1_positive/image3.png,train/XR_SHOULDER/patient01363/study1_positive/image3.png,patient00295,patient01363,1,1,4
mura,train/XR_SHOULDER/patient00437/study1_positive/image1.png,train/XR_SHOULDER/patient01363/study1_positive/image3.png,patient00437,patient01363,1,1,4
mura,train/XR_SHOULDER/patient00437/study1_positive/image3.png,train/XR_SHOULDER/patient01363/study1_positive/image3.png,patient00437,patient01363,1,1,4
mura,train/XR_SHOULDER/patient01294/study1_positive/image2.png,train/XR_SHOULDER/patient01363/study1_positive/image3.png,patient01294,patient01363,1,1,4
mura,train/XR_SHOULDER/patient01062/study1_positive/image3.png,train/XR_SHOULDER/patient01367/study1_positive/image2.png,patient01062,patient01367,1,1,4
mura,train/XR_SHOULDER/patient00042/study1_positive/image1.png,train/XR_SHOULDER/patient01370/study1_positive/image3.png,patient00042,patient01370,1,1,4
mura,train/XR_SHOULDER/patient00203/study1_positive/image1.png,train/XR_SHOULDER/patient01371/study1_positive/image3.png,patient00203,patient01371,1,1,4
mura,train/XR_SHOULDER/patient00042/study1_positive/image2.png,train/XR_SHOULDER/patient01385/study1_positive/image2.png,patient00042,patient01385,1,1,4
mura,train/XR_SHOULDER/patient00745/study1_positive/image2.png,train/XR_SHOULDER/patient01414/study1_positive/image4.png,patient00745,patient01414,1,1,4
mura,train/XR_SHOULDER/patient00125/study1_positive/image3.png,train/XR_SHOULDER/patient01422/study1_negative/image2.png,patient00125,patient01422,1,0,4
mura,train/XR_SHOULDER/patient00278/study1_positive/image2.png,train/XR_SHOULDER/patient01427/study1_negative/image1.png,patient00278,patient01427,1,0,4
mura,train/XR_SHOULDER/patient01340/study1_positive/image2.png,train/XR_SHOULDER/patient01428/study1_negative/image2.png,patient01340,patient01428,1,0,4
mura,train/XR_SHOULDER/patient00986/study1_positive/image1.png,train/XR_SHOULDER/patient01443/study1_negative/image1.png,patient00986,patient01443,1,0,4
mura,train/XR_SHOULDER/patient01022/study1_positive/image1.png,train/XR_SHOULDER/patient01450/study1_negative/image2.png,patient01022,patient01450,1,0,4
mura,train/XR_SHOULDER/patient00954/study1_positive/image1.png,train/XR_SHOULDER/patient01460/study1_negative/image2.png,patient00954,patient01460,1,0,4
mura,train/XR_SHOULDER/patient00351/study1_positive/image1.png,train/XR_SHOULDER/patient01466/study1_negative/image2.png,patient00351,patient01466,1,0,2
mura,train/XR_SHOULDER/patient00117/study1_positive/image4.png,train/XR_SHOULDER/patient01485/study1_negative/image2.png,patient00117,patient01485,1,0,4
mura,train/XR_SHOULDER/patient00269/study1_positive/image1.png,train/XR_SHOULDER/patient01510/study1_negative/image1.png,patient00269,patient01510,1,0,4
mura,train/XR_SHOULDER/patient00690/study1_positive/image1.png,train/XR_SHOULDER/patient01515/study1_negative/image4.png,patient00690,patient01515,1,0,4
mura,train/XR_SHOULDER/patient01363/study1_positive/image3.png,train/XR_SHOULDER/patient01532/study1_negative/image3.png,patient01363,patient01532,1,0,4
mura,train/XR_SHOULDER/patient00437/study1_positive/image3.png,train/XR_SHOULDER/patient01532/study1_negative/image3.png,patient00437,patient01532,1,0,4
mura,train/XR_SHOULDER/patient00330/study1_positive/image2.png,train/XR_SHOULDER/patient01536/study1_negative/image1.png,patient00330,patient01536,1,0,4
mura,train/XR_SHOULDER/patient00933/study1_positive/image2.png,train/XR_SHOULDER/patient01539/study1_negative/image1.png,patient00933,patient01539,1,0,4
mura,train/XR_SHOULDER/patient00933/study1_positive/image4.png,train/XR_SHOULDER/patient01539/study1_negative/image1.png,patient00933,patient01539,1,0,4
mura,train/XR_SHOULDER/patient01275/study1_positive/image4.png,train/XR_SHOULDER/patient01539/study1_negative/image1.png,patient01275,patient01539,1,0,4
mura,train/XR_SHOULDER/patient01475/study1_negative/image1.png,train/XR_SHOULDER/patient01540/study1_negative/image3.png,patient01475,patient01540,0,0,4
mura,train/XR_SHOULDER/patient00604/study3_negative/image3.png,train/XR_SHOULDER/patient01560/study1_negative/image4.png,patient00604,patient01560,0,0,4
mura,train/XR_SHOULDER/patient00074/study2_positive/image3.png,train/XR_SHOULDER/patient01566/study1_negative/image2.png,patient00074,patient01566,1,0,4
mura,train/XR_SHOULDER/patient00943/study2_negative/image4.png,train/XR_SHOULDER/patient01572/study1_negative/image1.png,patient00943,patient01572,0,0,4
mura,train/XR_SHOULDER/patient01034/study1_positive/image2.png,train/XR_SHOULDER/patient01574/study1_negative/image2.png,patient01034,patient01574,1,0,4
mura,train/XR_SHOULDER/patient01428/study1_negative/image3.png,train/XR_SHOULDER/patient01577/study1_negative/image3.png,patient01428,patient01577,0,0,4
mura,train/XR_SHOULDER/patient00771/study1_positive/image2.png,train/XR_SHOULDER/patient01589/study1_negative/image3.png,patient00771,patient01589,1,0,4
mura,train/XR_SHOULDER/patient00377/study1_positive/image1.png,train/XR_SHOULDER/patient01589/study1_negative/image3.png,patient00377,patient01589,1,0,4
mura,train/XR_SHOULDER/patient00517/study1_positive/image2.png,train/XR_SHOULDER/patient01589/study1_negative/image3.png,patient00517,patient01589,1,0,4
mura,train/XR_SHOULDER/patient00846/study2_negative/image2.png,train/XR_SHOULDER/patient01594/study1_negative/image2.png,patient00846,patient01594,0,0,4
mura,train/XR_SHOULDER/patient00667/study1_positive/image2.png,train/XR_SHOULDER/patient01617/study1_negative/image3.png,patient00667,patient01617,1,0,4
mura,train/XR_SHOULDER/patient00099/study1_positive/image4.png,train/XR_SHOULDER/patient01617/study1_negative/image3.png,patient00099,patient01617,1,0,4
mura,train/XR_SHOULDER/patient00058/study2_negative/image1.png,train/XR_SHOULDER/patient01618/study1_negative/image2.png,patient00058,patient01618,0,0,4
mura,train/XR_SHOULDER/patient00126/study1_positive/image3.png,train/XR_SHOULDER/patient01625/study1_negative/image2.png,patient00126,patient01625,1,0,2
mura,train/XR_SHOULDER/patient01267/study1_positive/image2.png,train/XR_SHOULDER/patient01640/study1_negative/image1.png,patient01267,patient01640,1,0,4
mura,train/XR_SHOULDER/patient00128/study1_positive/image1.png,train/XR_SHOULDER/patient01674/study1_negative/image3.png,patient00128,patient01674,1,0,4
mura,train/XR_SHOULDER/patient01062/study1_positive/image2.png,train/XR_SHOULDER/patient01674/study1_negative/image3.png,patient01062,patient01674,1,0,4
mura,train/XR_SHOULDER/patient00192/study1_positive/image1.png,train/XR_SHOULDER/patient01677/study1_negative/image3.png,patient00192,patient01677,1,0,4
mura,train/XR_SHOULDER/patient01003/study1_positive/image3.png,train/XR_SHOULDER/patient01679/study1_negative/image4.png,patient01003,patient01679,1,0,4
mura,train/XR_SHOULDER/patient00330/study1_positive/image2.png,train/XR_SHOULDER/patient01698/study1_negative/image2.png,patient00330,patient01698,1,0,4
mura,train/XR_SHOULDER/patient01577/study1_negative/image3.png,train/XR_SHOULDER/patient01700/study1_negative/image1.png,patient01577,patient01700,0,0,4
mura,train/XR_SHOULDER/patient00362/study1_positive/image2.png,train/XR_SHOULDER/patient01708/study1_negative/image3.png,patient00362,patient01708,1,0,4
mura,train/XR_SHOULDER/patient01091/study1_positive/image2.png,train/XR_SHOULDER/patient01720/study1_negative/image1.png,patient01091,patient01720,1,0,4
mura,train/XR_SHOULDER/patient00272/study1_positive/image4.png,train/XR_SHOULDER/patient01721/study1_negative/image3.png,patient00272,patient01721,1,0,4
mura,train/XR_SHOULDER/patient01397/study1_positive/image1.png,train/XR_SHOULDER/patient01743/study1_negative/image2.png,patient01397,patient01743,1,0,4
mura,train/XR_SHOULDER/patient01097/study1_positive/image4.png,train/XR_SHOULDER/patient01754/study2_negative/image2.png,patient01097,patient01754,1,0,4
mura,train/XR_SHOULDER/patient01248/study1_positive/image4.png,train/XR_SHOULDER/patient01763/study1_negative/image1.png,patient01248,patient01763,1,0,4
mura,train/XR_SHOULDER/patient00125/study1_positive/image3.png,train/XR_SHOULDER/patient01781/study1_negative/image2.png,patient00125,patient01781,1,0,4
mura,train/XR_SHOULDER/patient00773/study1_positive/image4.png,train/XR_SHOULDER/patient01795/study1_negative/image1.png,patient00773,patient01795,1,0,4
mura,train/XR_SHOULDER/patient00467/study1_positive/image1.png,train/XR_SHOULDER/patient01795/study1_negative/image1.png,patient00467,patient01795,1,0,4
mura,train/XR_SHOULDER/patient00203/study1_positive/image3.png,train/XR_SHOULDER/patient01797/study1_negative/image2.png,patient00203,patient01797,1,0,4
mura,train/XR_SHOULDER/patient01323/study1_positive/image2.png,train/XR_SHOULDER/patient01797/study1_negative/image2.png,patient01323,patient01797,1,0,4
mura,train/XR_SHOULDER/patient00467/study1_positive/image1.png,train/XR_SHOULDER/patient01801/study1_negative/image4.png,patient00467,patient01801,1,0,4
mura,train/XR_SHOULDER/patient00439/study1_positive/image4.png,train/XR_SHOULDER/patient01803/study1_negative/image2.png,patient00439,patient01803,1,0,4
mura,train/XR_SHOULDER/patient01361/study1_positive/image2.png,train/XR_SHOULDER/patient01808/study1_negative/image3.png,patient01361,patient01808,1,0,4
mura,train/XR_SHOULDER/patient01053/study1_positive/image3.png,train/XR_SHOULDER/patient01818/study1_negative/image4.png,patient01053,patient01818,1,0,4
mura,train/XR_SHOULDER/patient01022/study1_positive/image1.png,train/XR_SHOULDER/patient01824/study1_negative/image2.png,patient01022,patient01824,1,0,2
mura,train/XR_SHOULDER/patient01231/study1_positive/image1.png,train/XR_SHOULDER/patient01829/study1_negative/image2.png,patient01231,patient01829,1,0,4
mura,train/XR_SHOULDER/patient00915/study1_positive/image1.png,train/XR_SHOULDER/patient01829/study1_negative/image3.png,patient00915,patient01829,1,0,4
mura,train/XR_SHOULDER/patient00933/study1_positive/image2.png,train/XR_SHOULDER/patient01833/study1_negative/image1.png,patient00933,patient01833,1,0,4
mura,train/XR_SHOULDER/patient00933/study1_positive/image4.png,train/XR_SHOULDER/patient01833/study1_negative/image1.png,patient00933,patient01833,1,0,4
mura,train/XR_SHOULDER/patient01155/study1_positive/image1.png,train/XR_SHOULDER/patient01833/study1_negative/image1.png,patient01155,patient01833,1,0,4
mura,train/XR_SHOULDER/patient00523/study1_positive/image3.png,train/XR_SHOULDER/patient01833/study1_negative/image4.png,patient00523,patient01833,1,0,4
mura,train/XR_SHOULDER/patient01780/study1_negative/image3.png,train/XR_SHOULDER/patient01835/study1_negative/image3.png,patient01780,patient01835,0,0,4
mura,train/XR_SHOULDER/patient01536/study1_negative/image3.png,train/XR_SHOULDER/patient01835/study1_negative/image4.png,patient01536,patient01835,0,0,4
mura,train/XR_SHOULDER/patient01147/study2_negative/image1.png,train/XR_SHOULDER/patient01835/study1_negative/image4.png,patient01147,patient01835,0,0,4
mura,train/XR_SHOULDER/patient01798/study1_negative/image1.png,train/XR_SHOULDER/patient01836/study1_negative/image1.png,patient01798,patient01836,0,0,4
mura,train/XR_SHOULDER/patient01833/study1_negative/image4.png,train/XR_SHOULDER/patient01854/study1_negative/image3.png,patient01833,patient01854,0,0,4
mura,train/XR_SHOULDER/patient01428/study1_negative/image3.png,train/XR_SHOULDER/patient01858/study1_negative/image2.png,patient01428,patient01858,0,0,4
mura,train/XR_SHOULDER/patient01225/study1_positive/image1.png,train/XR_SHOULDER/patient01858/study1_negative/image3.png,patient01225,patient01858,1,0,4
mura,train/XR_SHOULDER/patient01178/study1_positive/image2.png,train/XR_SHOULDER/patient01864/study1_negative/image2.png,patient01178,patient01864,1,0,4
mura,train/XR_SHOULDER/patient01231/study1_positive/image4.png,train/XR_SHOULDER/patient01868/study1_negative/image1.png,patient01231,patient01868,1,0,4
mura,train/XR_SHOULDER/patient01751/study1_negative/image1.png,train/XR_SHOULDER/patient01871/study1_negative/image2.png,patient01751,patient01871,0,0,4
mura,train/XR_SHOULDER/patient01515/study1_negative/image2.png,train/XR_SHOULDER/patient01877/study1_negative/image1.png,patient01515,patient01877,0,0,4
mura,train/XR_SHOULDER/patient01538/study1_negative/image1.png,train/XR_SHOULDER/patient01888/study1_negative/image3.png,patient01538,patient01888,0,0,2
mura,train/XR_SHOULDER/patient01370/study1_positive/image3.png,train/XR_SHOULDER/patient01889/study1_negative/image3.png,patient01370,patient01889,1,0,4
mura,train/XR_SHOULDER/patient00286/study1_positive/image4.png,train/XR_SHOULDER/patient01889/study1_negative/image3.png,patient00286,patient01889,1,0,4
mura,train/XR_SHOULDER/patient01539/study1_negative/image1.png,train/XR_SHOULDER/patient01899/study1_negative/image1.png,patient01539,patient01899,0,0,4
mura,train/XR_SHOULDER/patient01720/study1_negative/image3.png,train/XR_SHOULDER/patient01903/study1_negative/image1.png,patient01720,patient01903,0,0,4
mura,train/XR_SHOULDER/patient01142/study1_positive/image1.png,train/XR_SHOULDER/patient01903/study1_negative/image3.png,patient01142,patient01903,1,0,4
mura,train/XR_SHOULDER/patient01756/study1_negative/image3.png,train/XR_SHOULDER/patient01905/study1_negative/image2.png,patient01756,patient01905,0,0,4
mura,train/XR_SHOULDER/patient00663/study1_positive/image1.png,train/XR_SHOULDER/patient01906/study1_negative/image2.png,patient00663,patient01906,1,0,4
mura,train/XR_SHOULDER/patient00321/study3_negative/image1.png,train/XR_SHOULDER/patient01914/study1_negative/image1.png,patient00321,patient01914,0,0,4
mura,train/XR_SHOULDER/patient00771/study1_positive/image2.png,train/XR_SHOULDER/patient01923/study1_negative/image1.png,patient00771,patient01923,1,0,4
mura,train/XR_SHOULDER/patient01589/study1_negative/image3.png,train/XR_SHOULDER/patient01923/study1_negative/image1.png,patient01589,patient01923,0,0,4
mura,train/XR_SHOULDER/patient00377/study1_positive/image1.png,train/XR_SHOULDER/patient01923/study1_negative/image1.png,patient00377,patient01923,1,0,2
mura,train/XR_SHOULDER/patient00818/study1_positive/image1.png,train/XR_SHOULDER/patient01933/study1_negative/image2.png,patient00818,patient01933,1,0,4
mura,train/XR_SHOULDER/patient01617/study1_negative/image3.png,train/XR_SHOULDER/patient01947/study1_negative/image2.png,patient01617,patient01947,0,0,4
mura,train/XR_SHOULDER/patient01149/study1_positive/image1.png,train/XR_SHOULDER/patient01957/study2_negative/image3.png,patient01149,patient01957,1,0,4
mura,train/XR_SHOULDER/patient00086/study1_positive/image2.png,train/XR_SHOULDER/patient01959/study1_negative/image2.png,patient00086,patient01959,1,0,4
mura,train/XR_SHOULDER/patient01486/study1_negative/image2.png,train/XR_SHOULDER/patient01973/study1_negative/image3.png,patient01486,patient01973,0,0,4
mura,train/XR_SHOULDER/patient00599/study1_positive/image2.png,train/XR_SHOULDER/patient01973/study1_negative/image3.png,patient00599,patient01973,1,0,2
mura,train/XR_SHOULDER/patient00392/study1_positive/image3.png,train/XR_SHOULDER/patient01974/study1_negative/image1.png,patient00392,patient01974,1,0,4
mura,train/XR_SHOULDER/patient01500/study1_negative/image1.png,train/XR_SHOULDER/patient01983/study1_negative/image1.png,patient01500,patient01983,0,0,4
mura,train/XR_SHOULDER/patient00123/study1_positive/image4.png,train/XR_SHOULDER/patient01988/study1_negative/image2.png,patient00123,patient01988,1,0,4
mura,train/XR_SHOULDER/patient01628/study1_negative/image2.png,train/XR_SHOULDER/patient01989/study1_negative/image4.png,patient01628,patient01989,0,0,4
mura,train/XR_SHOULDER/patient00655/study1_positive/image3.png,train/XR_SHOULDER/patient01993/study1_negative/image1.png,patient00655,patient01993,1,0,4
mura,train/XR_SHOULDER/patient01344/study3_negative/image1.png,train/XR_SHOULDER/patient01993/study1_negative/image4.png,patient01344,patient01993,0,0,4
mura,train/XR_SHOULDER/patient00351/study1_positive/image3.png,train/XR_SHOULDER/patient01993/study1_negative/image4.png,patient00351,patient01993,1,0,4
mura,train/XR_SHOULDER/patient01640/study1_negative/image1.png,train/XR_SHOULDER/patient01997/study1_negative/image3.png,patient01640,patient01997,0,0,4
mura,train/XR_SHOULDER/patient01267/study1_positive/image2.png,train/XR_SHOULDER/patient01997/study1_negative/image3.png,patient01267,patient01997,1,0,4
mura,train/XR_SHOULDER/patient01865/study1_negative/image1.png,train/XR_SHOULDER/patient02002/study1_negative/image1.png,patient01865,patient02002,0,0,4
mura,train/XR_SHOULDER/patient00008/study1_positive/image3.png,train/XR_SHOULDER/patient02002/study1_negative/image3.png,patient00008,patient02002,1,0,4
mura,train/XR_SHOULDER/patient00769/study1_positive/image1.png,train/XR_SHOULDER/patient02002/study1_negative/image3.png,patient00769,patient02002,1,0,4
mura,train/XR_SHOULDER/patient00274/study1_positive/image3.png,train/XR_SHOULDER/patient02002/study1_negative/image3.png,patient00274,patient02002,1,0,4
mura,train/XR_SHOULDER/patient00297/study3_positive/image3.png,train/XR_SHOULDER/patient02015/study1_negative/image2.png,patient00297,patient02015,1,0,4
mura,train/XR_SHOULDER/patient01539/study1_negative/image1.png,train/XR_SHOULDER/patient02020/study1_negative/image1.png,patient01539,patient02020,0,0,4
mura,train/XR_SHOULDER/patient01308/study1_positive/image3.png,train/XR_SHOULDER/patient02023/study1_negative/image1.png,patient01308,patient02023,1,0,4
mura,train/XR_SHOULDER/patient01361/study1_positive/image2.png,train/XR_SHOULDER/patient02023/study1_negative/image2.png,patient01361,patient02023,1,0,4
mura,train/XR_SHOULDER/patient00049/study1_positive/image3.png,train/XR_SHOULDER/patient02023/study1_negative/image2.png,patient00049,patient02023,1,0,4
mura,train/XR_SHOULDER/patient00933/study1_positive/image2.png,train/XR_SHOULDER/patient02023/study1_negative/image4.png,patient00933,patient02023,1,0,4
mura,train/XR_SHOULDER/patient00933/study1_positive/image4.png,train/XR_SHOULDER/patient02023/study1_negative/image4.png,patient00933,patient02023,1,0,4
mura,train/XR_SHOULDER/patient01413/study1_positive/image1.png,train/XR_SHOULDER/patient02035/study1_negative/image1.png,patient01413,patient02035,1,0,4
mura,train/XR_SHOULDER/patient01574/study1_negative/image2.png,train/XR_SHOULDER/patient02035/study1_negative/image1.png,patient01574,patient02035,0,0,4
mura,train/XR_SHOULDER/patient00273/study1_positive/image1.png,train/XR_SHOULDER/patient02035/study1_negative/image1.png,patient00273,patient02035,1,0,4
mura,train/XR_SHOULDER/patient01613/study1_negative/image2.png,train/XR_SHOULDER/patient02035/study1_negative/image1.png,patient01613,patient02035,0,0,4
mura,train/XR_SHOULDER/patient01034/study1_positive/image2.png,train/XR_SHOULDER/patient02035/study1_negative/image1.png,patient01034,patient02035,1,0,4
mura,train/XR_SHOULDER/patient01398/study1_positive/image2.png,train/XR_SHOULDER/patient02036/study1_negative/image2.png,patient01398,patient02036,1,0,4
mura,train/XR_SHOULDER/patient00916/study1_positive/image4.png,train/XR_SHOULDER/patient02036/study1_negative/image2.png,patient00916,patient02036,1,0,4
mura,train/XR_SHOULDER/patient00020/study1_positive/image4.png,train/XR_SHOULDER/patient02041/study1_negative/image1.png,patient00020,patient02041,1,0,4
mura,train/XR_SHOULDER/patient00277/study1_positive/image3.png,train/XR_SHOULDER/patient02041/study1_negative/image4.png,patient00277,patient02041,1,0,4
mura,train/XR_SHOULDER/patient01708/study1_negative/image3.png,train/XR_SHOULDER/patient02044/study1_negative/image3.png,patient01708,patient02044,0,0,4
mura,train/XR_SHOULDER/patient01763/study1_negative/image1.png,train/XR_SHOULDER/patient02051/study1_negative/image3.png,patient01763,patient02051,0,0,4
mura,train/XR_SHOULDER/patient01248/study1_positive/image4.png,train/XR_SHOULDER/patient02051/study1_negative/image3.png,patient01248,patient02051,1,0,2
mura,train/XR_SHOULDER/patient00625/study1_positive/image4.png,train/XR_SHOULDER/patient02051/study1_negative/image3.png,patient00625,patient02051,1,0,4
mura,train/XR_SHOULDER/patient01989/study1_negative/image2.png,train/XR_SHOULDER/patient02055/study1_negative/image2.png,patient01989,patient02055,0,0,4
mura,train/XR_SHOULDER/patient01500/study1_negative/image1.png,train/XR_SHOULDER/patient02055/study1_negative/image3.png,patient01500,patient02055,0,0,4
mura,train/XR_SHOULDER/patient01308/study1_positive/image3.png,train/XR_SHOULDER/patient02055/study1_negative/image3.png,patient01308,patient02055,1,0,4
mura,train/XR_SHOULDER/patient01076/study1_positive/image2.png,train/XR_SHOULDER/patient02062/study1_negative/image3.png,patient01076,patient02062,1,0,4
mura,train/XR_SHOULDER/patient00106/study1_positive/image2.png,train/XR_SHOULDER/patient02065/study1_negative/image2.png,patient00106,patient02065,1,0,4
mura,train/XR_SHOULDER/patient00560/study1_positive/image3.png,train/XR_SHOULDER/patient02069/study1_negative/image3.png,patient00560,patient02069,1,0,4
mura,train/XR_SHOULDER/patient00274/study1_positive/image4.png,train/XR_SHOULDER/patient02071/study1_negative/image1.png,patient00274,patient02071,1,0,4
mura,train/XR_SHOULDER/patient00519/study1_positive/image4.png,train/XR_SHOULDER/patient02075/study1_negative/image3.png,patient00519,patient02075,1,0,4
mura,train/XR_SHOULDER/patient00920/study1_positive/image1.png,train/XR_SHOULDER/patient02093/study1_negative/image1.png,patient00920,patient02093,1,0,4
mura,train/XR_SHOULDER/patient00024/study1_positive/image3.png,train/XR_SHOULDER/patient02095/study1_negative/image2.png,patient00024,patient02095,1,0,4
mura,train/XR_SHOULDER/patient00828/study1_positive/image3.png,train/XR_SHOULDER/patient02097/study1_negative/image2.png,patient00828,patient02097,1,0,4
mura,train/XR_SHOULDER/patient00828/study1_positive/image3.png,train/XR_SHOULDER/patient02097/study1_negative/image3.png,patient00828,patient02097,1,0,4
mura,train/XR_SHOULDER/patient01438/study1_negative/image4.png,train/XR_SHOULDER/patient02101/study1_negative/image2.png,patient01438,patient02101,0,0,4
mura,train/XR_SHOULDER/patient01532/study1_negative/image3.png,train/XR_SHOULDER/patient02101/study1_negative/image2.png,patient01532,patient02101,0,0,4
mura,train/XR_SHOULDER/patient00232/study1_positive/image3.png,train/XR_SHOULDER/patient02103/study1_negative/image3.png,patient00232,patient02103,1,0,4
mura,train/XR_SHOULDER/patient00550/study2_negative/image1.png,train/XR_SHOULDER/patient02107/study1_negative/image4.png,patient00550,patient02107,0,0,4
mura,train/XR_SHOULDER/patient01178/study1_positive/image2.png,train/XR_SHOULDER/patient02111/study1_negative/image2.png,patient01178,patient02111,1,0,4
mura,train/XR_SHOULDER/patient00114/study1_positive/image3.png,train/XR_SHOULDER/patient02117/study1_negative/image2.png,patient00114,patient02117,1,0,4
mura,train/XR_SHOULDER/patient00195/study1_positive/image1.png,train/XR_SHOULDER/patient02118/study1_negative/image2.png,patient00195,patient02118,1,0,4
mura,train/XR_SHOULDER/patient00115/study1_positive/image1.png,train/XR_SHOULDER/patient02133/study1_negative/image1.png,patient00115,patient02133,1,0,2
mura,train/XR_SHOULDER/patient00102/study1_positive/image4.png,train/XR_SHOULDER/patient02134/study1_negative/image3.png,patient00102,patient02134,1,0,4
mura,train/XR_SHOULDER/patient02128/study1_negative/image2.png,train/XR_SHOULDER/patient02134/study1_negative/image3.png,patient02128,patient02134,0,0,4
mura,train/XR_SHOULDER/patient00262/study1_positive/image1.png,train/XR_SHOULDER/patient02136/study1_negative/image1.png,patient00262,patient02136,1,0,4
mura,train/XR_SHOULDER/patient01012/study1_positive/image1.png,train/XR_SHOULDER/patient02141/study1_negative/image2.png,patient01012,patient02141,1,0,4
mura,train/XR_SHOULDER/patient01822/study1_negative/image2.png,train/XR_SHOULDER/patient02145/study1_negative/image3.png,patient01822,patient02145,0,0,4
mura,train/XR_SHOULDER/patient01309/study1_positive/image2.png,train/XR_SHOULDER/patient02149/study1_negative/image1.png,patient01309,patient02149,1,0,4
mura,train/XR_SHOULDER/patient01317/study1_positive/image2.png,train/XR_SHOULDER/patient02149/study1_negative/image1.png,patient01317,patient02149,1,0,2
mura,train/XR_SHOULDER/patient00975/study1_positive/image3.png,train/XR_SHOULDER/patient02149/study1_negative/image2.png,patient00975,patient02149,1,0,4
mura,train/XR_SHOULDER/patient00052/study1_positive/image1.png,train/XR_SHOULDER/patient02157/study1_negative/image3.png,patient00052,patient02157,1,0,2
mura,train/XR_SHOULDER/patient02128/study1_negative/image2.png,train/XR_SHOULDER/patient02157/study1_negative/image3.png,patient02128,patient02157,0,0,4
mura,train/XR_SHOULDER/patient01500/study1_negative/image1.png,train/XR_SHOULDER/patient02157/study1_negative/image3.png,patient01500,patient02157,0,0,4
mura,train/XR_SHOULDER/patient00347/study1_positive/image4.png,train/XR_SHOULDER/patient02162/study1_negative/image2.png,patient00347,patient02162,1,0,4
mura,train/XR_SHOULDER/patient01142/study1_positive/image3.png,train/XR_SHOULDER/patient02164/study1_negative/image1.png,patient01142,patient02164,1,0,4
mura,train/XR_SHOULDER/patient02118/study1_negative/image2.png,train/XR_SHOULDER/patient02167/study1_negative/image2.png,patient02118,patient02167,0,0,4
mura,train/XR_SHOULDER/patient01990/study1_negative/image3.png,train/XR_SHOULDER/patient02172/study1_negative/image4.png,patient01990,patient02172,0,0,4
mura,train/XR_SHOULDER/patient02002/study1_negative/image3.png,train/XR_SHOULDER/patient02175/study1_negative/image3.png,patient02002,patient02175,0,0,4
mura,train/XR_SHOULDER/patient00552/study1_positive/image2.png,train/XR_SHOULDER/patient02175/study1_negative/image3.png,patient00552,patient02175,1,0,4
mura,train/XR_SHOULDER/patient02075/study1_negative/image3.png,train/XR_SHOULDER/patient02192/study1_negative/image2.png,patient02075,patient02192,0,0,4
mura,train/XR_SHOULDER/patient01858/study1_negative/image3.png,train/XR_SHOULDER/patient02200/study1_negative/image3.png,patient01858,patient02200,0,0,4
mura,train/XR_SHOULDER/patient01303/study1_positive/image2.png,train/XR_SHOULDER/patient02216/study1_negative/image3.png,patient01303,patient02216,1,0,4
mura,train/XR_SHOULDER/patient01679/study1_negative/image4.png,train/XR_SHOULDER/patient02219/study1_negative/image2.png,patient01679,patient02219,0,0,2
mura,train/XR_SHOULDER/patient01124/study1_positive/image2.png,train/XR_SHOULDER/patient02219/study1_negative/image3.png,patient01124,patient02219,1,0,4
mura,train/XR_SHOULDER/patient00238/study1_positive/image2.png,train/XR_SHOULDER/patient02230/study1_negative/image3.png,patient00238,patient02230,1,0,4
mura,train/XR_SHOULDER/patient00232/study1_positive/image2.png,train/XR_SHOULDER/patient02235/study1_negative/image4.png,patient00232,patient02235,1,0,4
mura,train/XR_SHOULDER/patient01466/study1_negative/image2.png,train/XR_SHOULDER/patient02236/study1_negative/image2.png,patient01466,patient02236,0,0,4
mura,train/XR_SHOULDER/patient01228/study1_positive/image2.png,train/XR_SHOULDER/patient02236/study1_negative/image2.png,patient01228,patient02236,1,0,4
mura,train/XR_SHOULDER/patient00506/study1_positive/image2.png,train/XR_SHOULDER/patient02239/study1_negative/image3.png,patient00506,patient02239,1,0,4
mura,train/XR_SHOULDER/patient02069/study1_negative/image3.png,train/XR_SHOULDER/patient02273/study1_negative/image3.png,patient02069,patient02273,0,0,4
mura,train/XR_SHOULDER/patient02035/study1_negative/image1.png,train/XR_SHOULDER/patient02278/study1_negative/image2.png,patient02035,patient02278,0,0,4
mura,train/XR_SHOULDER/patient01574/study1_negative/image2.png,train/XR_SHOULDER/patient02278/study1_negative/image2.png,patient01574,patient02278,0,0,4
mura,train/XR_SHOULDER/patient01588/study1_negative/image1.png,train/XR_SHOULDER/patient02278/study1_negative/image2.png,patient01588,patient02278,0,0,4
mura,train/XR_SHOULDER/patient01034/study1_positive/image2.png,train/XR_SHOULDER/patient02278/study1_negative/image2.png,patient01034,patient02278,1,0,4
mura,train/XR_SHOULDER/patient01170/study1_positive/image1.png,train/XR_SHOULDER/patient02278/study1_negative/image2.png,patient01170,patient02278,1,0,4
mura,train/XR_SHOULDER/patient02036/study1_negative/image2.png,train/XR_SHOULDER/patient02280/study1_negative/image4.png,patient02036,patient02280,0,0,4
mura,train/XR_SHOULDER/patient01149/study1_positive/image2.png,train/XR_SHOULDER/patient02290/study1_negative/image1.png,patient01149,patient02290,1,0,4
mura,train/XR_SHOULDER/patient00954/study1_positive/image1.png,train/XR_SHOULDER/patient02292/study1_negative/image3.png,patient00954,patient02292,1,0,4
mura,train/XR_SHOULDER/patient01949/study1_negative/image3.png,train/XR_SHOULDER/patient02300/study1_negative/image3.png,patient01949,patient02300,0,0,2
mura,train/XR_SHOULDER/patient01835/study1_negative/image4.png,train/XR_SHOULDER/patient02313/study1_negative/image2.png,patient01835,patient02313,0,0,4
mura,train/XR_SHOULDER/patient01007/study1_positive/image3.png,train/XR_SHOULDER/patient02319/study1_negative/image3.png,patient01007,patient02319,1,0,4
mura,train/XR_SHOULDER/patient01897/study1_negative/image1.png,train/XR_SHOULDER/patient02328/study1_negative/image1.png,patient01897,patient02328,0,0,4
mura,train/XR_SHOULDER/patient01678/study1_negative/image3.png,train/XR_SHOULDER/patient02357/study1_negative/image3.png,patient01678,patient02357,0,0,4
mura,train/XR_SHOULDER/patient02219/study1_negative/image2.png,train/XR_SHOULDER/patient02360/study1_negative/image1.png,patient02219,patient02360,0,0,4
mura,train/XR_SHOULDER/patient01679/study1_negative/image4.png,train/XR_SHOULDER/patient02360/study1_negative/image1.png,patient01679,patient02360,0,0,2
mura,train/XR_SHOULDER/patient01003/study1_positive/image3.png,train/XR_SHOULDER/patient02360/study1_negative/image1.png,patient01003,patient02360,1,0,4
mura,train/XR_SHOULDER/patient00099/study1_positive/image1.png,train/XR_SHOULDER/patient02365/study1_negative/image2.png,patient00099,patient02365,1,0,4
mura,train/XR_SHOULDER/patient00059/study1_positive/image4.png,train/XR_SHOULDER/patient02365/study1_negative/image3.png,patient00059,patient02365,1,0,4
mura,train/XR_SHOULDER/patient00470/study1_positive/image3.png,train/XR_SHOULDER/patient02365/study1_negative/image3.png,patient00470,patient02365,1,0,4
mura,train/XR_SHOULDER/patient01155/study1_positive/image1.png,train/XR_SHOULDER/patient02365/study1_negative/image3.png,patient01155,patient02365,1,0,4
mura,train/XR_SHOULDER/patient01889/study1_negative/image3.png,train/XR_SHOULDER/patient02365/study1_negative/image3.png,patient01889,patient02365,0,0,4
mura,train/XR_SHOULDER/patient00045/study1_positive/image4.png,train/XR_SHOULDER/patient02366/study1_negative/image2.png,patient00045,patient02366,1,0,4
mura,train/XR_SHOULDER/patient00267/study2_positive/image1.png,train/XR_SHOULDER/patient02366/study1_negative/image2.png,patient00267,patient02366,1,0,4
mura,train/XR_SHOULDER/patient02321/study1_negative/image2.png,train/XR_SHOULDER/patient02366/study1_negative/image2.png,patient02321,patient02366,0,0,4
mura,train/XR_SHOULDER/patient01859/study2_negative/image1.png,train/XR_SHOULDER/patient02384/study1_negative/image4.png,patient01859,patient02384,0,0,4
mura,train/XR_SHOULDER/patient01923/study1_negative/image1.png,train/XR_SHOULDER/patient02399/study1_negative/image3.png,patient01923,patient02399,0,0,4
mura,train/XR_SHOULDER/patient02002/study1_negative/image3.png,train/XR_SHOULDER/patient02408/study1_negative/image3.png,patient02002,patient02408,0,0,4
mura,train/XR_SHOULDER/patient01486/study1_negative/image2.png,train/XR_SHOULDER/patient02410/study1_negative/image4.png,patient01486,patient02410,0,0,4
mura,train/XR_SHOULDER/patient01854/study1_negative/image3.png,train/XR_SHOULDER/patient02413/study1_negative/image2.png,patient01854,patient02413,0,0,4
mura,train/XR_SHOULDER/patient01398/study1_positive/image2.png,train/XR_SHOULDER/patient02418/study1_negative/image2.png,patient01398,patient02418,1,0,4
mura,train/XR_SHOULDER/patient00470/study1_positive/image3.png,train/XR_SHOULDER/patient02420/study1_negative/image3.png,patient00470,patient02420,1,0,4
mura,train/XR_SHOULDER/patient01531/study1_negative/image2.png,train/XR_SHOULDER/patient02423/study1_negative/image3.png,patient01531,patient02423,0,0,4
mura,train/XR_SHOULDER/patient01009/study1_positive/image4.png,train/XR_SHOULDER/patient02426/study1_negative/image2.png,patient01009,patient02426,1,0,4
mura,train/XR_SHOULDER/patient01897/study1_negative/image1.png,train/XR_SHOULDER/patient02430/study1_negative/image2.png,patient01897,patient02430,0,0,4
mura,train/XR_SHOULDER/patient00429/study1_positive/image1.png,train/XR_SHOULDER/patient02433/study1_negative/image4.png,patient00429,patient02433,1,0,4
mura,train/XR_SHOULDER/patient00431/study1_positive/image3.png,train/XR_SHOULDER/patient02433/study1_negative/image4.png,patient00431,patient02433,1,0,4
mura,train/XR_SHOULDER/patient00059/study1_positive/image4.png,train/XR_SHOULDER/patient02434/study1_negative/image1.png,patient00059,patient02434,1,0,4
mura,train/XR_SHOULDER/patient00447/study1_positive/image4.png,train/XR_SHOULDER/patient02435/study1_negative/image1.png,patient00447,patient02435,1,0,4
mura,train/XR_SHOULDER/patient01557/study1_negative/image3.png,train/XR_SHOULDER/patient02440/study1_negative/image1.png,patient01557,patient02440,0,0,4
mura,train/XR_SHOULDER/patient02321/study1_negative/image1.png,train/XR_SHOULDER/patient02440/study1_negative/image1.png,patient02321,patient02440,0,0,2
mura,train/XR_SHOULDER/patient01119/study1_positive/image1.png,train/XR_SHOULDER/patient02443/study1_negative/image2.png,patient01119,patient02443,1,0,4
mura,train/XR_SHOULDER/patient01947/study1_negative/image3.png,train/XR_SHOULDER/patient02447/study1_negative/image3.png,patient01947,patient02447,0,0,4
mura,train/XR_SHOULDER/patient00115/study1_positive/image4.png,train/XR_SHOULDER/patient02453/study1_negative/image1.png,patient00115,patient02453,1,0,4
mura,train/XR_SHOULDER/patient02217/study1_negative/image3.png,train/XR_SHOULDER/patient02464/study1_negative/image2.png,patient02217,patient02464,0,0,4
mura,train/XR_SHOULDER/patient01781/study1_negative/image1.png,train/XR_SHOULDER/patient02466/study1_negative/image1.png,patient01781,patient02466,0,0,4
mura,train/XR_SHOULDER/patient01968/study1_negative/image4.png,train/XR_SHOULDER/patient02467/study1_negative/image1.png,patient01968,patient02467,0,0,4
mura,train/XR_SHOULDER/patient01678/study1_negative/image3.png,train/XR_SHOULDER/patient02473/study1_negative/image2.png,patient01678,patient02473,0,0,4
mura,train/XR_SHOULDER/patient02357/study1_negative/image3.png,train/XR_SHOULDER/patient02473/study1_negative/image2.png,patient02357,patient02473,0,0,2
mura,train/XR_SHOULDER/patient00641/study1_positive/image2.png,train/XR_SHOULDER/patient02478/study1_negative/image1.png,patient00641,patient02478,1,0,4
mura,train/XR_SHOULDER/patient02445/study1_negative/image4.png,train/XR_SHOULDER/patient02490/study1_negative/image1.png,patient02445,patient02490,0,0,4
mura,train/XR_SHOULDER/patient02473/study1_negative/image2.png,train/XR_SHOULDER/patient02491/study1_negative/image2.png,patient02473,patient02491,0,0,4
mura,train/XR_SHOULDER/patient02149/study1_negative/image2.png,train/XR_SHOULDER/patient02491/study1_negative/image3.png,patient02149,patient02491,0,0,4
mura,train/XR_SHOULDER/patient00964/study1_positive/image2.png,train/XR_SHOULDER/patient02494/study1_negative/image2.png,patient00964,patient02494,1,0,4
mura,train/XR_SHOULDER/patient01988/study1_negative/image1.png,train/XR_SHOULDER/patient02496/study1_negative/image4.png,patient01988,patient02496,0,0,4
mura,train/XR_SHOULDER/patient00070/study1_positive/image1.png,train/XR_SHOULDER/patient02496/study1_negative/image4.png,patient00070,patient02496,1,0,4
mura,train/XR_SHOULDER/patient00803/study1_positive/image2.png,train/XR_SHOULDER/patient02496/study1_negative/image4.png,patient00803,patient02496,1,0,4
mura,train/XR_SHOULDER/patient00488/study1_positive/image1.png,train/XR_SHOULDER/patient02511/study1_negative/image2.png,patient00488,patient02511,1,0,4
mura,train/XR_SHOULDER/patient00194/study1_positive/image1.png,train/XR_SHOULDER/patient02515/study1_negative/image2.png,patient00194,patient02515,1,0,2
mura,train/XR_SHOULDER/patient01466/study1_negative/image2.png,train/XR_SHOULDER/patient02519/study1_negative/image1.png,patient01466,patient02519,0,0,4
mura,train/XR_SHOULDER/patient02166/study1_negative/image1.png,train/XR_SHOULDER/patient02525/study1_negative/image3.png,patient02166,patient02525,0,0,4
mura,train/XR_SHOULDER/patient00998/study1_positive/image2.png,train/XR_SHOULDER/patient02527/study1_negative/image1.png,patient00998,patient02527,1,0,4
mura,train/XR_SHOULDER/patient01833/study1_negative/image1.png,train/XR_SHOULDER/patient02530/study1_negative/image4.png,patient01833,patient02530,0,0,4
mura,train/XR_SHOULDER/patient00045/study1_positive/image4.png,train/XR_SHOULDER/patient02532/study1_negative/image1.png,patient00045,patient02532,1,0,4
mura,train/XR_SHOULDER/patient01224/study1_positive/image2.png,train/XR_SHOULDER/patient02550/study1_negative/image2.png,patient01224,patient02550,1,0,4
mura,train/XR_SHOULDER/patient00613/study1_positive/image1.png,train/XR_SHOULDER/patient02552/study1_negative/image3.png,patient00613,patient02552,1,0,4
mura,train/XR_SHOULDER/patient00925/study1_positive/image3.png,train/XR_SHOULDER/patient02555/study1_negative/image2.png,patient00925,patient02555,1,0,4
mura,train/XR_SHOULDER/patient00668/study1_positive/image4.png,train/XR_SHOULDER/patient02558/study1_negative/image4.png,patient00668,patient02558,1,0,4
mura,train/XR_SHOULDER/patient00123/study1_positive/image4.png,train/XR_SHOULDER/patient02566/study1_negative/image3.png,patient00123,patient02566,1,0,4
mura,train/XR_SHOULDER/patient00964/study1_positive/image2.png,train/XR_SHOULDER/patient02578/study1_negative/image2.png,patient00964,patient02578,1,0,4
mura,train/XR_SHOULDER/patient02494/study1_negative/image2.png,train/XR_SHOULDER/patient02578/study1_negative/image2.png,patient02494,patient02578,0,0,4
mura,train/XR_SHOULDER/patient01560/study1_negative/image1.png,train/XR_SHOULDER/patient02579/study1_negative/image4.png,patient01560,patient02579,0,0,4
mura,train/XR_SHOULDER/patient00799/study1_positive/image3.png,train/XR_SHOULDER/patient02581/study1_negative/image2.png,patient00799,patient02581,1,0,4
mura,train/XR_SHOULDER/patient01625/study1_negative/image2.png,train/XR_SHOULDER/patient02581/study1_negative/image2.png,patient01625,patient02581,0,0,4
mura,train/XR_SHOULDER/patient02521/study1_negative/image3.png,train/XR_SHOULDER/patient02581/study1_negative/image3.png,patient02521,patient02581,0,0,4
mura,train/XR_SHOULDER/patient02428/study1_negative/image2.png,train/XR_SHOULDER/patient02594/study1_negative/image2.png,patient02428,patient02594,0,0,4
mura,train/XR_SHOULDER/patient01184/study1_positive/image4.png,train/XR_SHOULDER/patient02599/study1_negative/image1.png,patient01184,patient02599,1,0,4
mura,train/XR_SHOULDER/patient00836/study1_positive/image2.png,train/XR_SHOULDER/patient02599/study1_negative/image3.png,patient00836,patient02599,1,0,4
mura,train/XR_SHOULDER/patient01220/study1_positive/image1.png,train/XR_SHOULDER/patient02602/study1_negative/image3.png,patient01220,patient02602,1,0,4
mura,train/XR_SHOULDER/patient02391/study1_negative/image3.png,train/XR_SHOULDER/patient02604/study1_negative/image3.png,patient02391,patient02604,0,0,4
mura,train/XR_SHOULDER/patient01560/study1_negative/image4.png,train/XR_SHOULDER/patient02612/study1_negative/image1.png,patient01560,patient02612,0,0,4
mura,train/XR_SHOULDER/patient01968/study1_negative/image4.png,train/XR_SHOULDER/patient02612/study1_negative/image1.png,patient01968,patient02612,0,0,4
mura,train/XR_SHOULDER/patient00891/study1_positive/image1.png,train/XR_SHOULDER/patient02616/study1_negative/image3.png,patient00891,patient02616,1,0,4
mura,train/XR_SHOULDER/patient02128/study1_negative/image3.png,train/XR_SHOULDER/patient02639/study1_negative/image4.png,patient02128,patient02639,0,0,4
mura,train/XR_SHOULDER/patient00458/study1_positive/image1.png,train/XR_SHOULDER/patient02641/study1_negative/image3.png,patient00458,patient02641,1,0,4
mura,train/XR_SHOULDER/patient00560/study1_positive/image4.png,train/XR_SHOULDER/patient02647/study1_negative/image3.png,patient00560,patient02647,1,0,4
mura,train/XR_SHOULDER/patient01997/study1_negative/image3.png,train/XR_SHOULDER/patient02651/study1_negative/image1.png,patient01997,patient02651,0,0,4
mura,train/XR_SHOULDER/patient02208/study1_negative/image2.png,train/XR_SHOULDER/patient02651/study1_negative/image1.png,patient02208,patient02651,0,0,4
mura,train/XR_SHOULDER/patient00042/study1_positive/image1.png,train/XR_SHOULDER/patient02662/study1_negative/image3.png,patient00042,patient02662,1,0,4
mura,train/XR_SHOULDER/patient01708/study1_negative/image3.png,train/XR_SHOULDER/patient02662/study1_negative/image3.png,patient01708,patient02662,0,0,4
mura,train/XR_SHOULDER/patient01760/study1_negative/image1.png,train/XR_SHOULDER/patient02672/study1_negative/image1.png,patient01760,patient02672,0,0,4
mura,train/XR_SHOULDER/patient00042/study1_positive/image2.png,train/XR_SHOULDER/patient02672/study1_negative/image2.png,patient00042,patient02672,1,0,4
mura,train/XR_SHOULDER/patient00099/study1_positive/image1.png,train/XR_SHOULDER/patient02685/study1_negative/image3.png,patient00099,patient02685,1,0,4
mura,train/XR_SHOULDER/patient01471/study1_negative/image1.png,train/XR_SHOULDER/patient02689/study1_negative/image1.png,patient01471,patient02689,0,0,4
mura,train/XR_SHOULDER/patient02019/study1_negative/image3.png,train/XR_SHOULDER/patient02690/study1_negative/image2.png,patient02019,patient02690,0,0,4
mura,train/XR_FINGER/patient03241/study1_positive/image3.png,train/XR_FINGER/patient03306/study1_positive/image3.png,patient03241,patient03306,1,1,4
mura,train/XR_FINGER/patient03291/study1_positive/image1.png,train/XR_FINGER/patient03307/study1_positive/image3.png,patient03291,patient03307,1,1,4
mura,train/XR_FINGER/patient03307/study1_positive/image3.png,train/XR_FINGER/patient03391/study1_positive/image5.png,patient03307,patient03391,1,1,4
mura,train/XR_FINGER/patient01992/study1_positive/image1.png,train/XR_FINGER/patient03410/study1_positive/image3.png,patient01992,patient03410,1,1,4
mura,train/XR_FINGER/patient03412/study1_positive/image2.png,train/XR_FINGER/patient03459/study1_positive/image1.png,patient03412,patient03459,1,1,4
mura,train/XR_FINGER/patient03307/study1_positive/image3.png,train/XR_FINGER/patient03513/study1_positive/image2.png,patient03307,patient03513,1,1,2
mura,train/XR_FINGER/patient03311/study1_positive/image2.png,train/XR_FINGER/patient03547/study1_positive/image2.png,patient03311,patient03547,1,1,4
mura,train/XR_FINGER/patient03410/study1_positive/image3.png,train/XR_FINGER/patient03587/study1_positive/image2.png,patient03410,patient03587,1,1,4
mura,train/XR_FINGER/patient01992/study1_positive/image1.png,train/XR_FINGER/patient03587/study1_positive/image2.png,patient01992,patient03587,1,1,4
mura,train/XR_FINGER/patient03410/study1_positive/image3.png,train/XR_FINGER/patient03615/study1_positive/image3.png,patient03410,patient03615,1,1,4
mura,train/XR_FINGER/patient03547/study1_positive/image2.png,train/XR_FINGER/patient03615/study1_positive/image3.png,patient03547,patient03615,1,1,4
mura,train/XR_FINGER/patient03587/study1_positive/image2.png,train/XR_FINGER/patient03615/study1_positive/image3.png,patient03587,patient03615,1,1,4
mura,train/XR_FINGER/patient03227/study1_positive/image3.png,train/XR_FINGER/patient03615/study1_positive/image3.png,patient03227,patient03615,1,1,4
mura,train/XR_FINGER/patient01992/study1_positive/image1.png,train/XR_FINGER/patient03615/study1_positive/image3.png,patient01992,patient03615,1,1,2
mura,train/XR_FINGER/patient00466/study1_positive/image2.png,train/XR_FINGER/patient03645/study1_positive/image3.png,patient00466,patient03645,1,1,4
mura,train/XR_FINGER/patient03670/study1_positive/image1.png,train/XR_FINGER/patient03692/study1_positive/image2.png,patient03670,patient03692,1,1,2
mura,train/XR_FINGER/patient03621/study1_positive/image3.png,train/XR_FINGER/patient03703/study1_positive/image1.png,patient03621,patient03703,1,1,4
mura,train/XR_FINGER/patient03615/study1_positive/image2.png,train/XR_FINGER/patient03743/study1_positive/image2.png,patient03615,patient03743,1,1,2
mura,train/XR_FINGER/patient03615/study1_positive/image2.png,train/XR_FINGER/patient03743/study1_positive/image3.png,patient03615,patient03743,1,1,4
mura,train/XR_FINGER/patient03459/study1_positive/image1.png,train/XR_FINGER/patient03754/study1_positive/image3.png,patient03459,patient03754,1,1,4
mura,train/XR_FINGER/patient03410/study1_positive/image3.png,train/XR_FINGER/patient03756/study1_positive/image1.png,patient03410,patient03756,1,1,4
mura,train/XR_FINGER/patient03547/study1_positive/image2.png,train/XR_FINGER/patient03756/study1_positive/image1.png,patient03547,patient03756,1,1,4
mura,train/XR_FINGER/patient03587/study1_positive/image2.png,train/XR_FINGER/patient03756/study1_positive/image1.png,patient03587,patient03756,1,1,4
mura,train/XR_FINGER/patient03615/study1_positive/image3.png,train/XR_FINGER/patient03756/study1_positive/image1.png,patient03615,patient03756,1,1,0
mura,train/XR_FINGER/patient03227/study1_positive/image3.png,train/XR_FINGER/patient03756/study1_positive/image1.png,patient03227,patient03756,1,1,4
mura,train/XR_FINGER/patient01992/study1_positive/image1.png,train/XR_FINGER/patient03756/study1_positive/image1.png,patient01992,patient03756,1,1,2
mura,train/XR_FINGER/patient03547/study1_positive/image2.png,train/XR_FINGER/patient03756/study1_positive/image2.png,patient03547,patient03756,1,1,2
mura,train/XR_FINGER/patient03615/study1_positive/image3.png,train/XR_FINGER/patient03756/study1_positive/image2.png,patient03615,patient03756,1,1,2
mura,train/XR_FINGER/patient01992/study1_positive/image1.png,train/XR_FINGER/patient03756/study1_positive/image2.png,patient01992,patient03756,1,1,4
mura,train/XR_FINGER/patient03311/study1_positive/image2.png,train/XR_FINGER/patient03756/study1_positive/image2.png,patient03311,patient03756,1,1,4
mura,train/XR_FINGER/patient03684/study2_negative/image1.png,train/XR_FINGER/patient03759/study1_positive/image2.png,patient03684,patient03759,0,1,4
mura,train/XR_FINGER/patient03615/study1_positive/image3.png,train/XR_FINGER/patient00238/study2_negative/image1.png,patient03615,patient00238,1,0,4
mura,train/XR_FINGER/patient03756/study1_positive/image1.png,train/XR_FINGER/patient00238/study2_negative/image1.png,patient03756,patient00238,1,0,4
mura,train/XR_FINGER/patient03615/study1_positive/image2.png,train/XR_FINGER/patient00238/study2_negative/image3.png,patient03615,patient00238,1,0,2
mura,train/XR_FINGER/patient03743/study1_positive/image2.png,train/XR_FINGER/patient00238/study2_negative/image3.png,patient03743,patient00238,1,0,2
mura,train/XR_FINGER/patient03410/study1_positive/image3.png,train/XR_FINGER/patient03760/study1_positive/image2.png,patient03410,patient03760,1,1,4
mura,train/XR_FINGER/patient03743/study1_positive/image3.png,train/XR_FINGER/patient03768/study1_positive/image2.png,patient03743,patient03768,1,1,4
mura,train/XR_FINGER/patient03501/study1_positive/image3.png,train/XR_FINGER/patient03803/study1_positive/image1.png,patient03501,patient03803,1,1,4
mura,train/XR_FINGER/patient03239/study1_positive/image3.png,train/XR_FINGER/patient03820/study1_negative/image1.png,patient03239,patient03820,1,0,4
mura,train/XR_FINGER/patient03615/study1_positive/image3.png,train/XR_FINGER/patient03839/study1_negative/image1.png,patient03615,patient03839,1,0,2
mura,train/XR_FINGER/patient03645/study1_positive/image2.png,train/XR_FINGER/patient03839/study1_negative/image1.png,patient03645,patient03839,1,0,4
mura,train/XR_FINGER/patient03756/study1_positive/image1.png,train/XR_FINGER/patient03839/study1_negative/image1.png,patient03756,patient03839,1,0,2
mura,train/XR_FINGER/patient03756/study1_positive/image2.png,train/XR_FINGER/patient03839/study1_negative/image1.png,patient03756,patient03839,1,0,4
mura,train/XR_FINGER/patient03227/study1_positive/image3.png,train/XR_FINGER/patient03839/study1_negative/image1.png,patient03227,patient03839,1,0,2
mura,train/XR_FINGER/patient01992/study1_positive/image1.png,train/XR_FINGER/patient03839/study1_negative/image1.png,patient01992,patient03839,1,0,4
mura,train/XR_FINGER/patient03615/study1_positive/image1.png,train/XR_FINGER/patient03846/study1_negative/image1.png,patient03615,patient03846,1,0,4
mura,train/XR_FINGER/patient03803/study1_positive/image1.png,train/XR_FINGER/patient03846/study1_negative/image1.png,patient03803,patient03846,1,0,4
mura,train/XR_FINGER/patient03580/study1_positive/image3.png,train/XR_FINGER/patient03846/study1_negative/image3.png,patient03580,patient03846,1,0,4
mura,train/XR_FINGER/patient03389/study1_positive/image2.png,train/XR_FINGER/patient03869/study1_negative/image2.png,patient03389,patient03869,1,0,4
mura,train/XR_FINGER/patient03615/study1_positive/image2.png,train/XR_FINGER/patient03869/study1_negative/image2.png,patient03615,patient03869,1,0,2
mura,train/XR_FINGER/patient03743/study1_positive/image2.png,train/XR_FINGER/patient03869/study1_negative/image2.png,patient03743,patient03869,1,0,4
mura,train/XR_FINGER/patient00238/study2_negative/image3.png,train/XR_FINGER/patient03869/study1_negative/image2.png,patient00238,patient03869,0,0,2
mura,train/XR_FINGER/patient03239/study1_positive/image1.png,train/XR_FINGER/patient03869/study1_negative/image2.png,patient03239,patient03869,1,0,4
mura,train/XR_FINGER/patient03729/study1_positive/image1.png,train/XR_FINGER/patient03878/study1_negative/image2.png,patient03729,patient03878,1,0,4
mura,train/XR_FINGER/patient03743/study1_positive/image3.png,train/XR_FINGER/patient03878/study1_negative/image2.png,patient03743,patient03878,1,0,4
mura,train/XR_FINGER/patient03768/study1_positive/image2.png,train/XR_FINGER/patient03878/study1_negative/image2.png,patient03768,patient03878,1,0,4
mura,train/XR_FINGER/patient03615/study1_positive/image2.png,train/XR_FINGER/patient01458/study1_negative/image3.png,patient03615,patient01458,1,0,2
mura,train/XR_FINGER/patient03743/study1_positive/image2.png,train/XR_FINGER/patient01458/study1_negative/image3.png,patient03743,patient01458,1,0,4
mura,train/XR_FINGER/patient00238/study2_negative/image3.png,train/XR_FINGER/patient01458/study1_negative/image3.png,patient00238,patient01458,0,0,2
mura,train/XR_FINGER/patient03239/study1_positive/image1.png,train/XR_FINGER/patient01458/study1_negative/image3.png,patient03239,patient01458,1,0,4
mura,train/XR_FINGER/patient03869/study1_negative/image2.png,train/XR_FINGER/patient01458/study1_negative/image3.png,patient03869,patient01458,0,0,2
mura,train/XR_FINGER/patient03580/study1_positive/image3.png,train/XR_FINGER/patient03895/study1_negative/image1.png,patient03580,patient03895,1,0,4
mura,train/XR_FINGER/patient03410/study1_positive/image3.png,train/XR_FINGER/patient03903/study1_negative/image1.png,patient03410,patient03903,1,0,4
mura,train/XR_FINGER/patient03547/study1_positive/image2.png,train/XR_FINGER/patient03903/study1_negative/image1.png,patient03547,patient03903,1,0,4
mura,train/XR_FINGER/patient03587/study1_positive/image2.png,train/XR_FINGER/patient03903/study1_negative/image1.png,patient03587,patient03903,1,0,4
mura,train/XR_FINGER/patient03615/study1_positive/image3.png,train/XR_FINGER/patient03903/study1_negative/image1.png,patient03615,patient03903,1,0,0
mura,train/XR_FINGER/patient03756/study1_positive/image1.png,train/XR_FINGER/patient03903/study1_negative/image1.png,patient03756,patient03903,1,0,0
mura,train/XR_FINGER/patient03756/study1_positive/image2.png,train/XR_FINGER/patient03903/study1_negative/image1.png,patient03756,patient03903,1,0,2
mura,train/XR_FINGER/patient00238/study2_negative/image1.png,train/XR_FINGER/patient03903/study1_negative/image1.png,patient00238,patient03903,0,0,4
mura,train/XR_FINGER/patient03227/study1_positive/image3.png,train/XR_FINGER/patient03903/study1_negative/image1.png,patient03227,patient03903,1,0,4
mura,train/XR_FINGER/patient03839/study1_negative/image1.png,train/XR_FINGER/patient03903/study1_negative/image1.png,patient03839,patient03903,0,0,2
mura,train/XR_FINGER/patient01992/study1_positive/image1.png,train/XR_FINGER/patient03903/study1_negative/image1.png,patient01992,patient03903,1,0,2
mura,train/XR_FINGER/patient03855/study1_negative/image3.png,train/XR_FINGER/patient03903/study1_negative/image3.png,patient03855,patient03903,0,0,4
mura,train/XR_FINGER/patient03873/study1_negative/image1.png,train/XR_FINGER/patient03903/study1_negative/image3.png,patient03873,patient03903,0,0,4
mura,train/XR_FINGER/patient03912/study1_negative/image3.png,train/XR_FINGER/patient03931/study1_negative/image1.png,patient03912,patient03931,0,0,4
mura,train/XR_FINGER/patient03410/study1_positive/image3.png,train/XR_FINGER/patient03931/study1_negative/image2.png,patient03410,patient03931,1,0,4
mura,train/XR_FINGER/patient03547/study1_positive/image2.png,train/XR_FINGER/patient03931/study1_negative/image2.png,patient03547,patient03931,1,0,4
mura,train/XR_FINGER/patient03587/study1_positive/image2.png,train/XR_FINGER/patient03931/study1_negative/image2.png,patient03587,patient03931,1,0,4
mura,train/XR_FINGER/patient03615/study1_positive/image3.png,train/XR_FINGER/patient03931/study1_negative/image2.png,patient03615,patient03931,1,0,0
mura,train/XR_FINGER/patient03756/study1_positive/image1.png,train/XR_FINGER/patient03931/study1_negative/image2.png,patient03756,patient03931,1,0,0
mura,train/XR_FINGER/patient03756/study1_positive/image2.png,train/XR_FINGER/patient03931/study1_negative/image2.png,patient03756,patient03931,1,0,2
mura,train/XR_FINGER/patient00238/study2_negative/image1.png,train/XR_FINGER/patient03931/study1_negative/image2.png,patient00238,patient03931,0,0,4
mura,train/XR_FINGER/patient03227/study1_positive/image3.png,train/XR_FINGER/patient03931/study1_negative/image2.png,patient03227,patient03931,1,0,4
mura,train/XR_FINGER/patient03839/study1_negative/image1.png,train/XR_FINGER/patient03931/study1_negative/image2.png,patient03839,patient03931,0,0,2
mura,train/XR_FINGER/patient01992/study1_positive/image1.png,train/XR_FINGER/patient03931/study1_negative/image2.png,patient01992,patient03931,1,0,2
mura,train/XR_FINGER/patient03903/study1_negative/image1.png,train/XR_FINGER/patient03931/study1_negative/image2.png,patient03903,patient03931,0,0,0
mura,train/XR_FINGER/patient03817/study1_negative/image1.png,train/XR_FINGER/patient03941/study1_negative/image1.png,patient03817,patient03941,0,0,2
mura,train/XR_FINGER/patient03558/study1_positive/image1.png,train/XR_FINGER/patient03154/study1_negative/image1.png,patient03558,patient03154,1,0,4
mura,train/XR_FINGER/patient03869/study1_negative/image3.png,train/XR_FINGER/patient03154/study1_negative/image1.png,patient03869,patient03154,0,0,4
mura,train/XR_FINGER/patient03615/study1_positive/image3.png,train/XR_FINGER/patient03959/study1_negative/image2.png,patient03615,patient03959,1,0,2
mura,train/XR_FINGER/patient03756/study1_positive/image1.png,train/XR_FINGER/patient03959/study1_negative/image2.png,patient03756,patient03959,1,0,2
mura,train/XR_FINGER/patient03756/study1_positive/image2.png,train/XR_FINGER/patient03959/study1_negative/image2.png,patient03756,patient03959,1,0,4
mura,train/XR_FINGER/patient03839/study1_negative/image1.png,train/XR_FINGER/patient03959/study1_negative/image2.png,patient03839,patient03959,0,0,4
mura,train/XR_FINGER/patient01992/study1_positive/image1.png,train/XR_FINGER/patient03959/study1_negative/image2.png,patient01992,patient03959,1,0,4
mura,train/XR_FINGER/patient03903/study1_negative/image1.png,train/XR_FINGER/patient03959/study1_negative/image2.png,patient03903,patient03959,0,0,2
mura,train/XR_FINGER/patient03931/study1_negative/image2.png,train/XR_FINGER/patient03959/study1_negative/image2.png,patient03931,patient03959,0,0,2
mura,train/XR_FINGER/patient03917/study1_negative/image2.png,train/XR_FINGER/patient03959/study1_negative/image3.png,patient03917,patient03959,0,0,4
mura,train/XR_FINGER/patient03580/study1_positive/image2.png,train/XR_FINGER/patient03968/study1_negative/image1.png,patient03580,patient03968,1,0,4
mura,train/XR_FINGER/patient03815/study1_negative/image2.png,train/XR_FINGER/patient03968/study1_negative/image2.png,patient03815,patient03968,0,0,4
mura,train/XR_FINGER/patient03389/study1_positive/image2.png,train/XR_FINGER/patient03979/study1_negative/image2.png,patient03389,patient03979,1,0,4
mura,train/XR_FINGER/patient03615/study1_positive/image2.png,train/XR_FINGER/patient03979/study1_negative/image2.png,patient03615,patient03979,1,0,2
mura,train/XR_FINGER/patient03743/study1_positive/image2.png,train/XR_FINGER/patient03979/study1_negative/image2.png,patient03743,patient03979,1,0,4
mura,train/XR_FINGER/patient00238/study2_negative/image3.png,train/XR_FINGER/patient03979/study1_negative/image2.png,patient00238,patient03979,0,0,2
mura,train/XR_FINGER/patient03239/study1_positive/image1.png,train/XR_FINGER/patient03979/study1_negative/image2.png,patient03239,patient03979,1,0,4
mura,train/XR_FINGER/patient03869/study1_negative/image2.png,train/XR_FINGER/patient03979/study1_negative/image2.png,patient03869,patient03979,0,0,0
mura,train/XR_FINGER/patient01458/study1_negative/image3.png,train/XR_FINGER/patient03979/study1_negative/image2.png,patient01458,patient03979,0,0,2
mura,train/XR_FINGER/patient03914/study1_negative/image2.png,train/XR_FINGER/patient03980/study1_negative/image2.png,patient03914,patient03980,0,0,2
mura,train/XR_FINGER/patient03615/study1_positive/image1.png,train/XR_FINGER/patient03991/study1_negative/image1.png,patient03615,patient03991,1,0,4
mura,train/XR_FINGER/patient03615/study1_positive/image3.png,train/XR_FINGER/patient03991/study1_negative/image1.png,patient03615,patient03991,1,0,4
mura,train/XR_FINGER/patient03756/study1_positive/image1.png,train/XR_FINGER/patient03991/study1_negative/image1.png,patient03756,patient03991,1,0,4
mura,train/XR_FINGER/patient03846/study1_negative/image1.png,train/XR_FINGER/patient03991/study1_negative/image1.png,patient03846,patient03991,0,0,4
mura,train/XR_FINGER/patient03903/study1_negative/image1.png,train/XR_FINGER/patient03991/study1_negative/image1.png,patient03903,patient03991,0,0,4
mura,train/XR_FINGER/patient03931/study1_negative/image2.png,train/XR_FINGER/patient03991/study1_negative/image1.png,patient03931,patient03991,0,0,4
mura,train/XR_FINGER/patient03803/study1_positive/image1.png,train/XR_FINGER/patient03991/study1_negative/image2.png,patient03803,patient03991,1,0,4
mura,train/XR_FINGER/patient03846/study1_negative/image1.png,train/XR_FINGER/patient03991/study1_negative/image2.png,patient03846,patient03991,0,0,4
mura,train/XR_FINGER/patient00238/study2_negative/image3.png,train/XR_FINGER/patient03999/study1_negative/image1.png,patient00238,patient03999,0,0,4
mura,train/XR_FINGER/patient03829/study1_negative/image1.png,train/XR_FINGER/patient03999/study1_negative/image1.png,patient03829,patient03999,0,0,2
mura,train/XR_FINGER/patient03869/study1_negative/image2.png,train/XR_FINGER/patient03999/study1_negative/image1.png,patient03869,patient03999,0,0,4
mura,train/XR_FINGER/patient03959/study1_negative/image3.png,train/XR_FINGER/patient03999/study1_negative/image1.png,patient03959,patient03999,0,0,4
mura,train/XR_FINGER/patient03979/study1_negative/image2.png,train/XR_FINGER/patient03999/study1_negative/image1.png,patient03979,patient03999,0,0,4
mura,train/XR_FINGER/patient03991/study1_negative/image1.png,train/XR_FINGER/patient03999/study1_negative/image3.png,patient03991,patient03999,0,0,4
mura,train/XR_FINGER/patient03481/study1_positive/image3.png,train/XR_FINGER/patient04006/study1_negative/image1.png,patient03481,patient04006,1,0,4
mura,train/XR_FINGER/patient03481/study1_positive/image3.png,train/XR_FINGER/patient04006/study1_negative/image2.png,patient03481,patient04006,1,0,4
mura,train/XR_FINGER/patient03781/study1_positive/image3.png,train/XR_FINGER/patient04008/study1_negative/image3.png,patient03781,patient04008,1,0,4
mura,train/XR_FINGER/patient03991/study1_negative/image1.png,train/XR_FINGER/patient04012/study1_negative/image1.png,patient03991,patient04012,0,0,2
mura,train/XR_FINGER/patient03410/study1_positive/image3.png,train/XR_FINGER/patient04012/study1_negative/image3.png,patient03410,patient04012,1,0,4
mura,train/XR_FINGER/patient03547/study1_positive/image2.png,train/XR_FINGER/patient04012/study1_negative/image3.png,patient03547,patient04012,1,0,4
mura,train/XR_FINGER/patient03587/study1_positive/image2.png,train/XR_FINGER/patient04012/study1_negative/image3.png,patient03587,patient04012,1,0,4
mura,train/XR_FINGER/patient03615/study1_positive/image3.png,train/XR_FINGER/patient04012/study1_negative/image3.png,patient03615,patient04012,1,0,0
mura,train/XR_FINGER/patient03756/study1_positive/image1.png,train/XR_FINGER/patient04012/study1_negative/image3.png,patient03756,patient04012,1,0,0
mura,train/XR_FINGER/patient03756/study1_positive/image2.png,train/XR_FINGER/patient04012/study1_negative/image3.png,patient03756,patient04012,1,0,2
mura,train/XR_FINGER/patient00238/study2_negative/image1.png,train/XR_FINGER/patient04012/study1_negative/image3.png,patient00238,patient04012,0,0,4
mura,train/XR_FINGER/patient03227/study1_positive/image3.png,train/XR_FINGER/patient04012/study1_negative/image3.png,patient03227,patient04012,1,0,4
mura,train/XR_FINGER/patient03839/study1_negative/image1.png,train/XR_FINGER/patient04012/study1_negative/image3.png,patient03839,patient04012,0,0,2
mura,train/XR_FINGER/patient01992/study1_positive/image1.png,train/XR_FINGER/patient04012/study1_negative/image3.png,patient01992,patient04012,1,0,2
mura,train/XR_FINGER/patient03903/study1_negative/image1.png,train/XR_FINGER/patient04012/study1_negative/image3.png,patient03903,patient04012,0,0,0
mura,train/XR_FINGER/patient03931/study1_negative/image2.png,train/XR_FINGER/patient04012/study1_negative/image3.png,patient03931,patient04012,0,0,0
mura,train/XR_FINGER/patient03959/study1_negative/image2.png,train/XR_FINGER/patient04012/study1_negative/image3.png,patient03959,patient04012,0,0,2
mura,train/XR_FINGER/patient03991/study1_negative/image1.png,train/XR_FINGER/patient04012/study1_negative/image3.png,patient03991,patient04012,0,0,4
mura,train/XR_FINGER/patient03756/study1_positive/image3.png,train/XR_FINGER/patient04014/study1_negative/image2.png,patient03756,patient04014,1,0,2
mura,train/XR_FINGER/patient03999/study1_negative/image1.png,train/XR_FINGER/patient04029/study1_negative/image1.png,patient03999,patient04029,0,0,4
mura,train/XR_FINGER/patient03459/study1_positive/image1.png,train/XR_FINGER/patient02251/study1_negative/image2.png,patient03459,patient02251,1,0,4
mura,train/XR_FINGER/patient01822/study2_negative/image3.png,train/XR_FINGER/patient04074/study1_negative/image2.png,patient01822,patient04074,0,0,4
mura,train/XR_FINGER/patient03411/study1_positive/image1.png,train/XR_FINGER/patient04082/study1_negative/image1.png,patient03411,patient04082,1,0,4
mura,train/XR_FINGER/patient03411/study1_positive/image1.png,train/XR_FINGER/patient04082/study1_negative/image2.png,patient03411,patient04082,1,0,4
mura,train/XR_FINGER/patient03959/study1_negative/image3.png,train/XR_FINGER/patient04100/study1_negative/image2.png,patient03959,patient04100,0,0,4
mura,train/XR_FINGER/patient03239/study1_positive/image1.png,train/XR_FINGER/patient04103/study1_negative/image1.png,patient03239,patient04103,1,0,4
mura,train/XR_FINGER/patient03239/study1_positive/image3.png,train/XR_FINGER/patient04103/study1_negative/image1.png,patient03239,patient04103,1,0,4
mura,train/XR_FINGER/patient03869/study1_negative/image2.png,train/XR_FINGER/patient04103/study1_negative/image1.png,patient03869,patient04103,0,0,4
mura,train/XR_FINGER/patient01458/study1_negative/image3.png,train/XR_FINGER/patient04103/study1_negative/image1.png,patient01458,patient04103,0,0,4
mura,train/XR_FINGER/patient03979/study1_negative/image2.png,train/XR_FINGER/patient04103/study1_negative/image1.png,patient03979,patient04103,0,0,4
mura,train/XR_FINGER/patient03410/study1_positive/image3.png,train/XR_FINGER/patient04103/study1_negative/image2.png,patient03410,patient04103,1,0,4
mura,train/XR_FINGER/patient03615/study1_positive/image3.png,train/XR_FINGER/patient04103/study1_negative/image2.png,patient03615,patient04103,1,0,2
mura,train/XR_FINGER/patient03756/study1_positive/image1.png,train/XR_FINGER/patient04103/study1_negative/image2.png,patient03756,patient04103,1,0,2
mura,train/XR_FINGER/patient03756/study1_positive/image2.png,train/XR_FINGER/patient04103/study1_negative/image2.png,patient03756,patient04103,1,0,4
mura,train/XR_FINGER/patient03759/study1_positive/image2.png,train/XR_FINGER/patient04103/study1_negative/image2.png,patient03759,patient04103,1,0,4
mura,train/XR_FINGER/patient03839/study1_negative/image1.png,train/XR_FINGER/patient04103/study1_negative/image2.png,patient03839,patient04103,0,0,4
mura,train/XR_FINGER/patient01992/study1_positive/image1.png,train/XR_FINGER/patient04103/study1_negative/image2.png,patient01992,patient04103,1,0,4
mura,train/XR_FINGER/patient03903/study1_negative/image1.png,train/XR_FINGER/patient04103/study1_negative/image2.png,patient03903,patient04103,0,0,2
mura,train/XR_FINGER/patient03931/study1_negative/image2.png,train/XR_FINGER/patient04103/study1_negative/image2.png,patient03931,patient04103,0,0,2
mura,train/XR_FINGER/patient03959/study1_negative/image2.png,train/XR_FINGER/patient04103/study1_negative/image2.png,patient03959,patient04103,0,0,4
mura,train/XR_FINGER/patient04012/study1_negative/image3.png,train/XR_FINGER/patient04103/study1_negative/image2.png,patient04012,patient04103,0,0,2
mura,train/XR_FINGER/patient03991/study1_negative/image1.png,train/XR_FINGER/patient04105/study1_negative/image3.png,patient03991,patient04105,0,0,4
mura,train/XR_FINGER/patient03410/study1_positive/image3.png,train/XR_FINGER/patient04108/study1_negative/image1.png,patient03410,patient04108,1,0,4
mura,train/XR_FINGER/patient03547/study1_positive/image2.png,train/XR_FINGER/patient04108/study1_negative/image1.png,patient03547,patient04108,1,0,4
mura,train/XR_FINGER/patient03587/study1_positive/image2.png,train/XR_FINGER/patient04108/study1_negative/image1.png,patient03587,patient04108,1,0,4
mura,train/XR_FINGER/patient03615/study1_positive/image3.png,train/XR_FINGER/patient04108/study1_negative/image1.png,patient03615,patient04108,1,0,4
mura,train/XR_FINGER/patient03756/study1_positive/image1.png,train/XR_FINGER/patient04108/study1_negative/image1.png,patient03756,patient04108,1,0,4
mura,train/XR_FINGER/patient03756/study1_positive/image2.png,train/XR_FINGER/patient04108/study1_negative/image1.png,patient03756,patient04108,1,0,4
mura,train/XR_FINGER/patient03760/study1_positive/image2.png,train/XR_FINGER/patient04108/study1_negative/image1.png,patient03760,patient04108,1,0,4
mura,train/XR_FINGER/patient01992/study1_positive/image1.png,train/XR_FINGER/patient04108/study1_negative/image1.png,patient01992,patient04108,1,0,4
mura,train/XR_FINGER/patient03903/study1_negative/image1.png,train/XR_FINGER/patient04108/study1_negative/image1.png,patient03903,patient04108,0,0,4
mura,train/XR_FINGER/patient03931/study1_negative/image2.png,train/XR_FINGER/patient04108/study1_negative/image1.png,patient03931,patient04108,0,0,4
mura,train/XR_FINGER/patient04012/study1_negative/image3.png,train/XR_FINGER/patient04108/study1_negative/image1.png,patient04012,patient04108,0,0,4
mura,train/XR_FINGER/patient03415/study1_positive/image3.png,train/XR_FINGER/patient04113/study1_negative/image2.png,patient03415,patient04113,1,0,2
mura,train/XR_FINGER/patient03615/study1_positive/image3.png,train/XR_FINGER/patient04113/study1_negative/image2.png,patient03615,patient04113,1,0,4
mura,train/XR_FINGER/patient03756/study1_positive/image1.png,train/XR_FINGER/patient04113/study1_negative/image2.png,patient03756,patient04113,1,0,4
mura,train/XR_FINGER/patient03756/study1_positive/image2.png,train/XR_FINGER/patient04113/study1_negative/image2.png,patient03756,patient04113,1,0,4
mura,train/XR_FINGER/patient03903/study1_negative/image1.png,train/XR_FINGER/patient04113/study1_negative/image2.png,patient03903,patient04113,0,0,4
mura,train/XR_FINGER/patient03931/study1_negative/image2.png,train/XR_FINGER/patient04113/study1_negative/image2.png,patient03931,patient04113,0,0,4
mura,train/XR_FINGER/patient03959/study1_negative/image2.png,train/XR_FINGER/patient04113/study1_negative/image2.png,patient03959,patient04113,0,0,4
mura,train/XR_FINGER/patient04012/study1_negative/image3.png,train/XR_FINGER/patient04113/study1_negative/image2.png,patient04012,patient04113,0,0,4
mura,train/XR_FINGER/patient03829/study1_negative/image3.png,train/XR_FINGER/patient04113/study1_negative/image3.png,patient03829,patient04113,0,0,4
mura,train/XR_FINGER/patient04071/study1_negative/image1.png,train/XR_FINGER/patient04115/study1_negative/image2.png,patient04071,patient04115,0,0,4
mura,train/XR_FINGER/patient03433/study1_positive/image2.png,train/XR_FINGER/patient04116/study1_negative/image1.png,patient03433,patient04116,1,0,4
mura,train/XR_FINGER/patient03580/study1_positive/image3.png,train/XR_FINGER/patient04123/study1_negative/image1.png,patient03580,patient04123,1,0,4
mura,train/XR_FINGER/patient00238/study2_negative/image3.png,train/XR_FINGER/patient04129/study1_negative/image3.png,patient00238,patient04129,0,0,4
mura,train/XR_FINGER/patient03829/study1_negative/image1.png,train/XR_FINGER/patient04129/study1_negative/image3.png,patient03829,patient04129,0,0,4
mura,train/XR_FINGER/patient03999/study1_negative/image1.png,train/XR_FINGER/patient04129/study1_negative/image3.png,patient03999,patient04129,0,0,2
mura,train/XR_FINGER/patient04123/study1_negative/image1.png,train/XR_FINGER/patient04137/study1_negative/image1.png,patient04123,patient04137,0,0,2
mura,train/XR_FINGER/patient03615/study1_positive/image3.png,train/XR_FINGER/patient04137/study1_negative/image1.png,patient03615,patient04137,1,0,4
mura,train/XR_FINGER/patient03756/study1_positive/image1.png,train/XR_FINGER/patient04137/study1_negative/image1.png,patient03756,patient04137,1,0,4
mura,train/XR_FINGER/patient03227/study1_positive/image1.png,train/XR_FINGER/patient04137/study1_negative/image1.png,patient03227,patient04137,1,0,4
mura,train/XR_FINGER/patient01992/study1_positive/image1.png,train/XR_FINGER/patient04137/study1_negative/image1.png,patient01992,patient04137,1,0,4
mura,train/XR_FINGER/patient03903/study1_negative/image1.png,train/XR_FINGER/patient04137/study1_negative/image1.png,patient03903,patient04137,0,0,4
mura,train/XR_FINGER/patient03931/study1_negative/image2.png,train/XR_FINGER/patient04137/study1_negative/image1.png,patient03931,patient04137,0,0,4
mura,train/XR_FINGER/patient03931/study1_negative/image3.png,train/XR_FINGER/patient04137/study1_negative/image1.png,patient03931,patient04137,0,0,4
mura,train/XR_FINGER/patient03968/study1_negative/image1.png,train/XR_FINGER/patient04137/study1_negative/image1.png,patient03968,patient04137,0,0,4
mura,train/XR_FINGER/patient04012/study1_negative/image3.png,train/XR_FINGER/patient04137/study1_negative/image1.png,patient04012,patient04137,0,0,4
mura,train/XR_FINGER/patient03878/study1_negative/image1.png,train/XR_FINGER/patient04146/study1_negative/image1.png,patient03878,patient04146,0,0,4
mura,train/XR_FINGER/patient03922/study1_negative/image3.png,train/XR_FINGER/patient04146/study1_negative/image1.png,patient03922,patient04146,0,0,4
mura,train/XR_FINGER/patient03154/study1_negative/image1.png,train/XR_FINGER/patient04146/study1_negative/image2.png,patient03154,patient04146,0,0,4
mura,train/XR_FINGER/patient03615/study1_positive/image2.png,train/XR_FINGER/patient04146/study1_negative/image3.png,patient03615,patient04146,1,0,4
mura,train/XR_FINGER/patient00238/study2_negative/image3.png,train/XR_FINGER/patient04146/study1_negative/image3.png,patient00238,patient04146,0,0,4
mura,train/XR_FINGER/patient03806/study1_positive/image3.png,train/XR_FINGER/patient04146/study1_negative/image3.png,patient03806,patient04146,1,0,4
mura,train/XR_FINGER/patient03869/study1_negative/image2.png,train/XR_FINGER/patient04146/study1_negative/image3.png,patient03869,patient04146,0,0,4
mura,train/XR_FINGER/patient01458/study1_negative/image3.png,train/XR_FINGER/patient04146/study1_negative/image3.png,patient01458,patient04146,0,0,4
mura,train/XR_FINGER/patient03979/study1_negative/image2.png,train/XR_FINGER/patient04146/study1_negative/image3.png,patient03979,patient04146,0,0,4
mura,train/XR_FINGER/patient03999/study1_negative/image2.png,train/XR_FINGER/patient04156/study1_negative/image2.png,patient03999,patient04156,0,0,4
mura,train/XR_FINGER/patient04123/study1_negative/image1.png,train/XR_FINGER/patient04160/study1_negative/image1.png,patient04123,patient04160,0,0,4
mura,train/XR_FINGER/patient04137/study1_negative/image1.png,train/XR_FINGER/patient04160/study1_negative/image1.png,patient04137,patient04160,0,0,2
mura,train/XR_FINGER/patient03615/study1_positive/image3.png,train/XR_FINGER/patient04160/study1_negative/image1.png,patient03615,patient04160,1,0,4
mura,train/XR_FINGER/patient03756/study1_positive/image1.png,train/XR_FINGER/patient04160/study1_negative/image1.png,patient03756,patient04160,1,0,4
mura,train/XR_FINGER/patient03227/study1_positive/image1.png,train/XR_FINGER/patient04160/study1_negative/image1.png,patient03227,patient04160,1,0,2
mura,train/XR_FINGER/patient03839/study1_negative/image1.png,train/XR_FINGER/patient04160/study1_negative/image1.png,patient03839,patient04160,0,0,4
mura,train/XR_FINGER/patient01992/study1_positive/image1.png,train/XR_FINGER/patient04160/study1_negative/image1.png,patient01992,patient04160,1,0,4
mura,train/XR_FINGER/patient03903/study1_negative/image1.png,train/XR_FINGER/patient04160/study1_negative/image1.png,patient03903,patient04160,0,0,4
mura,train/XR_FINGER/patient03931/study1_negative/image2.png,train/XR_FINGER/patient04160/study1_negative/image1.png,patient03931,patient04160,0,0,4
mura,train/XR_FINGER/patient03968/study1_negative/image1.png,train/XR_FINGER/patient04160/study1_negative/image1.png,patient03968,patient04160,0,0,4
mura,train/XR_FINGER/patient04012/study1_negative/image3.png,train/XR_FINGER/patient04160/study1_negative/image1.png,patient04012,patient04160,0,0,4
mura,train/XR_FINGER/patient04032/study1_negative/image2.png,train/XR_FINGER/patient04164/study1_negative/image1.png,patient04032,patient04164,0,0,4
mura,train/XR_FINGER/patient03991/study1_negative/image2.png,train/XR_FINGER/patient04164/study1_negative/image2.png,patient03991,patient04164,0,0,4
mura,train/XR_FINGER/patient03410/study1_positive/image3.png,train/XR_FINGER/patient04164/study1_negative/image5.png,patient03410,patient04164,1,0,4
mura,train/XR_FINGER/patient04103/study1_negative/image2.png,train/XR_FINGER/patient04164/study1_negative/image5.png,patient04103,patient04164,0,0,2
mura,train/XR_FINGER/patient04108/study1_negative/image1.png,train/XR_FINGER/patient04164/study1_negative/image5.png,patient04108,patient04164,0,0,4
mura,train/XR_FINGER/patient04113/study1_negative/image2.png,train/XR_FINGER/patient04164/study1_negative/image5.png,patient04113,patient04164,0,0,4
mura,train/XR_FINGER/patient04137/study1_negative/image1.png,train/XR_FINGER/patient04164/study1_negative/image5.png,patient04137,patient04164,0,0,4
mura,train/XR_FINGER/patient04160/study1_negative/image1.png,train/XR_FINGER/patient04164/study1_negative/image5.png,patient04160,patient04164,0,0,4
mura,train/XR_FINGER/patient03547/study1_positive/image2.png,train/XR_FINGER/patient04164/study1_negative/image5.png,patient03547,patient04164,1,0,4
mura,train/XR_FINGER/patient03587/study1_positive/image2.png,train/XR_FINGER/patient04164/study1_negative/image5.png,patient03587,patient04164,1,0,4
mura,train/XR_FINGER/patient03615/study1_positive/image3.png,train/XR_FINGER/patient04164/study1_negative/image5.png,patient03615,patient04164,1,0,0
mura,train/XR_FINGER/patient03756/study1_positive/image1.png,train/XR_FINGER/patient04164/study1_negative/image5.png,patient03756,patient04164,1,0,0
mura,train/XR_FINGER/patient03756/study1_positive/image2.png,train/XR_FINGER/patient04164/study1_negative/image5.png,patient03756,patient04164,1,0,2
mura,train/XR_FINGER/patient00238/study2_negative/image1.png,train/XR_FINGER/patient04164/study1_negative/image5.png,patient00238,patient04164,0,0,4
mura,train/XR_FINGER/patient03227/study1_positive/image3.png,train/XR_FINGER/patient04164/study1_negative/image5.png,patient03227,patient04164,1,0,4
mura,train/XR_FINGER/patient03839/study1_negative/image1.png,train/XR_FINGER/patient04164/study1_negative/image5.png,patient03839,patient04164,0,0,2
mura,train/XR_FINGER/patient01992/study1_positive/image1.png,train/XR_FINGER/patient04164/study1_negative/image5.png,patient01992,patient04164,1,0,2
mura,train/XR_FINGER/patient03903/study1_negative/image1.png,train/XR_FINGER/patient04164/study1_negative/image5.png,patient03903,patient04164,0,0,0
mura,train/XR_FINGER/patient03931/study1_negative/image2.png,train/XR_FINGER/patient04164/study1_negative/image5.png,patient03931,patient04164,0,0,0
mura,train/XR_FINGER/patient03959/study1_negative/image2.png,train/XR_FINGER/patient04164/study1_negative/image5.png,patient03959,patient04164,0,0,2
mura,train/XR_FINGER/patient03991/study1_negative/image1.png,train/XR_FINGER/patient04164/study1_negative/image5.png,patient03991,patient04164,0,0,4
mura,train/XR_FINGER/patient04012/study1_negative/image3.png,train/XR_FINGER/patient04164/study1_negative/image5.png,patient04012,patient04164,0,0,0
mura,train/XR_FINGER/patient04051/study1_negative/image2.png,train/XR_FINGER/patient04166/study1_negative/image3.png,patient04051,patient04166,0,0,2
mura,train/XR_FINGER/patient03410/study1_positive/image3.png,train/XR_FINGER/patient04174/study2_negative/image1.png,patient03410,patient04174,1,0,4
mura,train/XR_FINGER/patient04103/study1_negative/image2.png,train/XR_FINGER/patient04174/study2_negative/image1.png,patient04103,patient04174,0,0,2
mura,train/XR_FINGER/patient04108/study1_negative/image1.png,train/XR_FINGER/patient04174/study2_negative/image1.png,patient04108,patient04174,0,0,4
mura,train/XR_FINGER/patient04113/study1_negative/image2.png,train/XR_FINGER/patient04174/study2_negative/image1.png,patient04113,patient04174,0,0,4
mura,train/XR_FINGER/patient04137/study1_negative/image1.png,train/XR_FINGER/patient04174/study2_negative/image1.png,patient04137,patient04174,0,0,4
mura,train/XR_FINGER/patient04160/study1_negative/image1.png,train/XR_FINGER/patient04174/study2_negative/image1.png,patient04160,patient04174,0,0,4
mura,train/XR_FINGER/patient04164/study1_negative/image5.png,train/XR_FINGER/patient04174/study2_negative/image1.png,patient04164,patient04174,0,0,0
mura,train/XR_FINGER/patient03547/study1_positive/image2.png,train/XR_FINGER/patient04174/study2_negative/image1.png,patient03547,patient04174,1,0,4
mura,train/XR_FINGER/patient03587/study1_positive/image2.png,train/XR_FINGER/patient04174/study2_negative/image1.png,patient03587,patient04174,1,0,4
mura,train/XR_FINGER/patient03615/study1_positive/image3.png,train/XR_FINGER/patient04174/study2_negative/image1.png,patient03615,patient04174,1,0,0
mura,train/XR_FINGER/patient03756/study1_positive/image1.png,train/XR_FINGER/patient04174/study2_negative/image1.png,patient03756,patient04174,1,0,0
mura,train/XR_FINGER/patient03756/study1_positive/image2.png,train/XR_FINGER/patient04174/study2_negative/image1.png,patient03756,patient04174,1,0,2
mura,train/XR_FINGER/patient00238/study2_negative/image1.png,train/XR_FINGER/patient04174/study2_negative/image1.png,patient00238,patient04174,0,0,4
mura,train/XR_FINGER/patient03227/study1_positive/image3.png,train/XR_FINGER/patient04174/study2_negative/image1.png,patient03227,patient04174,1,0,4
mura,train/XR_FINGER/patient03839/study1_negative/image1.png,train/XR_FINGER/patient04174/study2_negative/image1.png,patient03839,patient04174,0,0,2
mura,train/XR_FINGER/patient01992/study1_positive/image1.png,train/XR_FINGER/patient04174/study2_negative/image1.png,patient01992,patient04174,1,0,2
mura,train/XR_FINGER/patient03903/study1_negative/image1.png,train/XR_FINGER/patient04174/study2_negative/image1.png,patient03903,patient04174,0,0,0
mura,train/XR_FINGER/patient03931/study1_negative/image2.png,train/XR_FINGER/patient04174/study2_negative/image1.png,patient03931,patient04174,0,0,0
mura,train/XR_FINGER/patient03959/study1_negative/image2.png,train/XR_FINGER/patient04174/study2_negative/image1.png,patient03959,patient04174,0,0,2
mura,train/XR_FINGER/patient03991/study1_negative/image1.png,train/XR_FINGER/patient04174/study2_negative/image1.png,patient03991,patient04174,0,0,4
mura,train/XR_FINGER/patient04012/study1_negative/image3.png,train/XR_FINGER/patient04174/study2_negative/image1.png,patient04012,patient04174,0,0,0
mura,train/XR_FINGER/patient03410/study1_positive/image3.png,train/XR_FINGER/patient04182/study1_negative/image1.png,patient03410,patient04182,1,0,4
mura,train/XR_FINGER/patient04103/study1_negative/image2.png,train/XR_FINGER/patient04182/study1_negative/image1.png,patient04103,patient04182,0,0,2
mura,train/XR_FINGER/patient04108/study1_negative/image1.png,train/XR_FINGER/patient04182/study1_negative/image1.png,patient04108,patient04182,0,0,4
mura,train/XR_FINGER/patient04113/study1_negative/image2.png,train/XR_FINGER/patient04182/study1_negative/image1.png,patient04113,patient04182,0,0,4
mura,train/XR_FINGER/patient04137/study1_negative/image1.png,train/XR_FINGER/patient04182/study1_negative/image1.png,patient04137,patient04182,0,0,4
mura,train/XR_FINGER/patient04160/study1_negative/image1.png,train/XR_FINGER/patient04182/study1_negative/image1.png,patient04160,patient04182,0,0,4
mura,train/XR_FINGER/patient04164/study1_negative/image5.png,train/XR_FINGER/patient04182/study1_negative/image1.png,patient04164,patient04182,0,0,0
mura,train/XR_FINGER/patient04174/study2_negative/image1.png,train/XR_FINGER/patient04182/study1_negative/image1.png,patient04174,patient04182,0,0,0
mura,train/XR_FINGER/patient03547/study1_positive/image2.png,train/XR_FINGER/patient04182/study1_negative/image1.png,patient03547,patient04182,1,0,4
mura,train/XR_FINGER/patient03587/study1_positive/image2.png,train/XR_FINGER/patient04182/study1_negative/image1.png,patient03587,patient04182,1,0,4
mura,train/XR_FINGER/patient03615/study1_positive/image3.png,train/XR_FINGER/patient04182/study1_negative/image1.png,patient03615,patient04182,1,0,0
mura,train/XR_FINGER/patient03756/study1_positive/image1.png,train/XR_FINGER/patient04182/study1_negative/image1.png,patient03756,patient04182,1,0,0
mura,train/XR_FINGER/patient03756/study1_positive/image2.png,train/XR_FINGER/patient04182/study1_negative/image1.png,patient03756,patient04182,1,0,2
mura,train/XR_FINGER/patient00238/study2_negative/image1.png,train/XR_FINGER/patient04182/study1_negative/image1.png,patient00238,patient04182,0,0,4
mura,train/XR_FINGER/patient03227/study1_positive/image3.png,train/XR_FINGER/patient04182/study1_negative/image1.png,patient03227,patient04182,1,0,4
mura,train/XR_FINGER/patient03839/study1_negative/image1.png,train/XR_FINGER/patient04182/study1_negative/image1.png,patient03839,patient04182,0,0,2
mura,train/XR_FINGER/patient01992/study1_positive/image1.png,train/XR_FINGER/patient04182/study1_negative/image1.png,patient01992,patient04182,1,0,2
mura,train/XR_FINGER/patient03903/study1_negative/image1.png,train/XR_FINGER/patient04182/study1_negative/image1.png,patient03903,patient04182,0,0,0
mura,train/XR_FINGER/patient03931/study1_negative/image2.png,train/XR_FINGER/patient04182/study1_negative/image1.png,patient03931,patient04182,0,0,0
mura,train/XR_FINGER/patient03959/study1_negative/image2.png,train/XR_FINGER/patient04182/study1_negative/image1.png,patient03959,patient04182,0,0,2
mura,train/XR_FINGER/patient03991/study1_negative/image1.png,train/XR_FINGER/patient04182/study1_negative/image1.png,patient03991,patient04182,0,0,4
mura,train/XR_FINGER/patient04012/study1_negative/image3.png,train/XR_FINGER/patient04182/study1_negative/image1.png,patient04012,patient04182,0,0,0
mura,train/XR_FINGER/patient04075/study1_negative/image1.png,train/XR_FINGER/patient04182/study1_negative/image2.png,patient04075,patient04182,0,0,2
mura,train/XR_FINGER/patient03410/study1_positive/image3.png,train/XR_FINGER/patient04182/study1_negative/image3.png,patient03410,patient04182,1,0,4
mura,train/XR_FINGER/patient04164/study1_negative/image5.png,train/XR_FINGER/patient04182/study1_negative/image3.png,patient04164,patient04182,0,0,4
mura,train/XR_FINGER/patient04174/study2_negative/image1.png,train/XR_FINGER/patient04182/study1_negative/image3.png,patient04174,patient04182,0,0,4
mura,train/XR_FINGER/patient03615/study1_positive/image3.png,train/XR_FINGER/patient04182/study1_negative/image3.png,patient03615,patient04182,1,0,4
mura,train/XR_FINGER/patient03684/study2_negative/image1.png,train/XR_FINGER/patient04182/study1_negative/image3.png,patient03684,patient04182,0,0,4
mura,train/XR_FINGER/patient03700/study1_positive/image3.png,train/XR_FINGER/patient04182/study1_negative/image3.png,patient03700,patient04182,1,0,4
mura,train/XR_FINGER/patient03756/study1_positive/image1.png,train/XR_FINGER/patient04182/study1_negative/image3.png,patient03756,patient04182,1,0,4
mura,train/XR_FINGER/patient03759/study1_positive/image2.png,train/XR_FINGER/patient04182/study1_negative/image3.png,patient03759,patient04182,1,0,4
mura,train/XR_FINGER/patient01992/study1_positive/image1.png,train/XR_FINGER/patient04182/study1_negative/image3.png,patient01992,patient04182,1,0,4
mura,train/XR_FINGER/patient03903/study1_negative/image1.png,train/XR_FINGER/patient04182/study1_negative/image3.png,patient03903,patient04182,0,0,4
mura,train/XR_FINGER/patient03931/study1_negative/image2.png,train/XR_FINGER/patient04182/study1_negative/image3.png,patient03931,patient04182,0,0,4
mura,train/XR_FINGER/patient04012/study1_negative/image3.png,train/XR_FINGER/patient04182/study1_negative/image3.png,patient04012,patient04182,0,0,4
mura,train/XR_FINGER/patient04116/study1_negative/image1.png,train/XR_FINGER/patient04183/study1_negative/image3.png,patient04116,patient04183,0,0,4
mura,train/XR_FINGER/patient03729/study1_positive/image1.png,train/XR_FINGER/patient04183/study1_negative/image3.png,patient03729,patient04183,1,0,4
mura,train/XR_FINGER/patient03247/study2_negative/image1.png,train/XR_FINGER/patient04183/study1_negative/image3.png,patient03247,patient04183,0,0,4
mura,train/XR_FINGER/patient03878/study1_negative/image2.png,train/XR_FINGER/patient04183/study1_negative/image3.png,patient03878,patient04183,0,0,4
mura,train/XR_FINGER/patient00238/study2_negative/image2.png,train/XR_FINGER/patient04185/study1_negative/image1.png,patient00238,patient04185,0,0,4
mura,train/XR_FINGER/patient04164/study1_negative/image1.png,train/XR_FINGER/patient04185/study1_negative/image3.png,patient04164,patient04185,0,0,4
mura,train/XR_FINGER/patient04100/study1_negative/image2.png,train/XR_FINGER/patient01750/study1_negative/image1.png,patient04100,patient01750,0,0,4
mura,train/XR_FINGER/patient03615/study1_positive/image2.png,train/XR_FINGER/patient01592/study1_negative/image1.png,patient03615,patient01592,1,0,4
mura,train/XR_FINGER/patient00238/study2_negative/image3.png,train/XR_FINGER/patient01592/study1_negative/image1.png,patient00238,patient01592,0,0,4
mura,train/XR_FINGER/patient03829/study1_negative/image1.png,train/XR_FINGER/patient01592/study1_negative/image1.png,patient03829,patient01592,0,0,4
mura,train/XR_FINGER/patient03869/study1_negative/image2.png,train/XR_FINGER/patient01592/study1_negative/image1.png,patient03869,patient01592,0,0,2
mura,train/XR_FINGER/patient01458/study1_negative/image3.png,train/XR_FINGER/patient01592/study1_negative/image1.png,patient01458,patient01592,0,0,4
mura,train/XR_FINGER/patient03979/study1_negative/image2.png,train/XR_FINGER/patient01592/study1_negative/image1.png,patient03979,patient01592,0,0,2
mura,train/XR_FINGER/patient03389/study1_positive/image2.png,train/XR_FINGER/patient04226/study1_negative/image3.png,patient03389,patient04226,1,0,4
mura,train/XR_FINGER/patient04103/study1_negative/image1.png,train/XR_FINGER/patient04226/study1_negative/image3.png,patient04103,patient04226,0,0,4
mura,train/XR_FINGER/patient04146/study1_negative/image3.png,train/XR_FINGER/patient04226/study1_negative/image3.png,patient04146,patient04226,0,0,4
mura,train/XR_FINGER/patient01592/study1_negative/image1.png,train/XR_FINGER/patient04226/study1_negative/image3.png,patient01592,patient04226,0,0,2
mura,train/XR_FINGER/patient03615/study1_positive/image2.png,train/XR_FINGER/patient04226/study1_negative/image3.png,patient03615,patient04226,1,0,2
mura,train/XR_FINGER/patient03743/study1_positive/image2.png,train/XR_FINGER/patient04226/study1_negative/image3.png,patient03743,patient04226,1,0,4
mura,train/XR_FINGER/patient00238/study2_negative/image3.png,train/XR_FINGER/patient04226/study1_negative/image3.png,patient00238,patient04226,0,0,2
mura,train/XR_FINGER/patient03239/study1_positive/image1.png,train/XR_FINGER/patient04226/study1_negative/image3.png,patient03239,patient04226,1,0,4
mura,train/XR_FINGER/patient03869/study1_negative/image2.png,train/XR_FINGER/patient04226/study1_negative/image3.png,patient03869,patient04226,0,0,0
mura,train/XR_FINGER/patient01458/study1_negative/image3.png,train/XR_FINGER/patient04226/study1_negative/image3.png,patient01458,patient04226,0,0,2
mura,train/XR_FINGER/patient03979/study1_negative/image2.png,train/XR_FINGER/patient04226/study1_negative/image3.png,patient03979,patient04226,0,0,0
mura,train/XR_FINGER/patient03999/study1_negative/image1.png,train/XR_FINGER/patient04226/study1_negative/image3.png,patient03999,patient04226,0,0,4
mura,train/XR_FINGER/patient03863/study1_negative/image1.png,train/XR_FINGER/patient04229/study1_negative/image3.png,patient03863,patient04229,0,0,4
mura,train/XR_FINGER/patient03389/study1_positive/image2.png,train/XR_FINGER/patient02615/study1_negative/image2.png,patient03389,patient02615,1,0,4
mura,train/XR_FINGER/patient04103/study1_negative/image1.png,train/XR_FINGER/patient02615/study1_negative/image2.png,patient04103,patient02615,0,0,4
mura,train/XR_FINGER/patient04146/study1_negative/image3.png,train/XR_FINGER/patient02615/study1_negative/image2.png,patient04146,patient02615,0,0,4
mura,train/XR_FINGER/patient01592/study1_negative/image1.png,train/XR_FINGER/patient02615/study1_negative/image2.png,patient01592,patient02615,0,0,2
mura,train/XR_FINGER/patient04226/study1_negative/image3.png,train/XR_FINGER/patient02615/study1_negative/image2.png,patient04226,patient02615,0,0,0
mura,train/XR_FINGER/patient03615/study1_positive/image2.png,train/XR_FINGER/patient02615/study1_negative/image2.png,patient03615,patient02615,1,0,2
mura,train/XR_FINGER/patient03743/study1_positive/image2.png,train/XR_FINGER/patient02615/study1_negative/image2.png,patient03743,patient02615,1,0,4
mura,train/XR_FINGER/patient00238/study2_negative/image3.png,train/XR_FINGER/patient02615/study1_negative/image2.png,patient00238,patient02615,0,0,2
mura,train/XR_FINGER/patient03239/study1_positive/image1.png,train/XR_FINGER/patient02615/study1_negative/image2.png,patient03239,patient02615,1,0,4
mura,train/XR_FINGER/patient03869/study1_negative/image2.png,train/XR_FINGER/patient02615/study1_negative/image2.png,patient03869,patient02615,0,0,0
mura,train/XR_FINGER/patient01458/study1_negative/image3.png,train/XR_FINGER/patient02615/study1_negative/image2.png,patient01458,patient02615,0,0,2
mura,train/XR_FINGER/patient03979/study1_negative/image2.png,train/XR_FINGER/patient02615/study1_negative/image2.png,patient03979,patient02615,0,0,0
mura,train/XR_FINGER/patient03999/study1_negative/image1.png,train/XR_FINGER/patient02615/study1_negative/image2.png,patient03999,patient02615,0,0,4
mura,train/XR_FINGER/patient04123/study1_negative/image1.png,train/XR_FINGER/patient02615/study1_negative/image3.png,patient04123,patient02615,0,0,2
mura,train/XR_FINGER/patient04137/study1_negative/image1.png,train/XR_FINGER/patient02615/study1_negative/image3.png,patient04137,patient02615,0,0,0
mura,train/XR_FINGER/patient04160/study1_negative/image1.png,train/XR_FINGER/patient02615/study1_negative/image3.png,patient04160,patient02615,0,0,2
mura,train/XR_FINGER/patient04164/study1_negative/image5.png,train/XR_FINGER/patient02615/study1_negative/image3.png,patient04164,patient02615,0,0,4
mura,train/XR_FINGER/patient04174/study2_negative/image1.png,train/XR_FINGER/patient02615/study1_negative/image3.png,patient04174,patient02615,0,0,4
mura,train/XR_FINGER/patient04182/study1_negative/image1.png,train/XR_FINGER/patient02615/study1_negative/image3.png,patient04182,patient02615,0,0,4
mura,train/XR_FINGER/patient03615/study1_positive/image3.png,train/XR_FINGER/patient02615/study1_negative/image3.png,patient03615,patient02615,1,0,4
mura,train/XR_FINGER/patient03756/study1_positive/image1.png,train/XR_FINGER/patient02615/study1_negative/image3.png,patient03756,patient02615,1,0,4
mura,train/XR_FINGER/patient03227/study1_positive/image1.png,train/XR_FINGER/patient02615/study1_negative/image3.png,patient03227,patient02615,1,0,4
mura,train/XR_FINGER/patient01992/study1_positive/image1.png,train/XR_FINGER/patient02615/study1_negative/image3.png,patient01992,patient02615,1,0,4
mura,train/XR_FINGER/patient03903/study1_negative/image1.png,train/XR_FINGER/patient02615/study1_negative/image3.png,patient03903,patient02615,0,0,4
mura,train/XR_FINGER/patient03931/study1_negative/image2.png,train/XR_FINGER/patient02615/study1_negative/image3.png,patient03931,patient02615,0,0,4
mura,train/XR_FINGER/patient03931/study1_negative/image3.png,train/XR_FINGER/patient02615/study1_negative/image3.png,patient03931,patient02615,0,0,4
mura,train/XR_FINGER/patient03968/study1_negative/image1.png,train/XR_FINGER/patient02615/study1_negative/image3.png,patient03968,patient02615,0,0,4
mura,train/XR_FINGER/patient04012/study1_negative/image3.png,train/XR_FINGER/patient02615/study1_negative/image3.png,patient04012,patient02615,0,0,4
mura,train/XR_FINGER/patient04107/study1_negative/image1.png,train/XR_FINGER/patient04244/study1_negative/image2.png,patient04107,patient04244,0,0,4
mura,train/XR_FINGER/patient04250/study1_negative/image2.png,train/XR_FINGER/patient04254/study1_negative/image2.png,patient04250,patient04254,0,0,4
mura,train/XR_FINGER/patient03886/study1_negative/image2.png,train/XR_FINGER/patient04259/study1_negative/image1.png,patient03886,patient04259,0,0,4
mura,train/XR_FINGER/patient04146/study1_negative/image2.png,train/XR_FINGER/patient04260/study1_negative/image3.png,patient04146,patient04260,0,0,4
mura,train/XR_FINGER/patient01210/study1_positive/image2.png,train/XR_FINGER/patient00742/study1_negative/image3.png,patient01210,patient00742,1,0,4
mura,train/XR_FINGER/patient03897/study1_negative/image3.png,train/XR_FINGER/patient04274/study1_negative/image2.png,patient03897,patient04274,0,0,4
mura,train/XR_FINGER/patient03855/study1_negative/image2.png,train/XR_FINGER/patient04283/study1_negative/image1.png,patient03855,patient04283,0,0,4
mura,train/XR_FINGER/patient04147/study1_negative/image1.png,train/XR_FINGER/patient02754/study1_negative/image2.png,patient04147,patient02754,0,0,4
mura,train/XR_FINGER/patient03596/study1_positive/image3.png,train/XR_FINGER/patient02512/study1_negative/image1.png,patient03596,patient02512,1,0,4
mura,train/XR_FINGER/patient03239/study1_positive/image1.png,train/XR_FINGER/patient04307/study1_negative/image3.png,patient03239,patient04307,1,0,4
mura,train/XR_FINGER/patient03389/study1_positive/image2.png,train/XR_FINGER/patient04307/study1_negative/image3.png,patient03389,patient04307,1,0,4
mura,train/XR_FINGER/patient03615/study1_positive/image2.png,train/XR_FINGER/patient04307/study1_negative/image3.png,patient03615,patient04307,1,0,2
mura,train/XR_FINGER/patient03743/study1_positive/image2.png,train/XR_FINGER/patient04307/study1_negative/image3.png,patient03743,patient04307,1,0,4
mura,train/XR_FINGER/patient00238/study2_negative/image3.png,train/XR_FINGER/patient04307/study1_negative/image3.png,patient00238,patient04307,0,0,2
mura,train/XR_FINGER/patient03869/study1_negative/image2.png,train/XR_FINGER/patient04307/study1_negative/image3.png,patient03869,patient04307,0,0,0
mura,train/XR_FINGER/patient01458/study1_negative/image3.png,train/XR_FINGER/patient04307/study1_negative/image3.png,patient01458,patient04307,0,0,2
mura,train/XR_FINGER/patient03979/study1_negative/image2.png,train/XR_FINGER/patient04307/study1_negative/image3.png,patient03979,patient04307,0,0,0
mura,train/XR_FINGER/patient03999/study1_negative/image1.png,train/XR_FINGER/patient04307/study1_negative/image3.png,patient03999,patient04307,0,0,4
mura,train/XR_FINGER/patient04103/study1_negative/image1.png,train/XR_FINGER/patient04307/study1_negative/image3.png,patient04103,patient04307,0,0,4
mura,train/XR_FINGER/patient04146/study1_negative/image3.png,train/XR_FINGER/patient04307/study1_negative/image3.png,patient04146,patient04307,0,0,4
mura,train/XR_FINGER/patient01592/study1_negative/image1.png,train/XR_FINGER/patient04307/study1_negative/image3.png,patient01592,patient04307,0,0,2
mura,train/XR_FINGER/patient04226/study1_negative/image3.png,train/XR_FINGER/patient04307/study1_negative/image3.png,patient04226,patient04307,0,0,0
mura,train/XR_FINGER/patient02615/study1_negative/image2.png,train/XR_FINGER/patient04307/study1_negative/image3.png,patient02615,patient04307,0,0,0
mura,train/XR_FINGER/patient04103/study1_negative/image1.png,train/XR_FINGER/patient04328/study1_negative/image3.png,patient04103,patient04328,0,0,4
mura,train/XR_FINGER/patient04129/study1_negative/image3.png,train/XR_FINGER/patient04328/study1_negative/image3.png,patient04129,patient04328,0,0,4
mura,train/XR_FINGER/patient03829/study1_negative/image1.png,train/XR_FINGER/patient04328/study1_negative/image3.png,patient03829,patient04328,0,0,4
mura,train/XR_FINGER/patient03959/study1_negative/image3.png,train/XR_FINGER/patient04328/study1_negative/image3.png,patient03959,patient04328,0,0,2
mura,train/XR_FINGER/patient03999/study1_negative/image1.png,train/XR_FINGER/patient04328/study1_negative/image3.png,patient03999,patient04328,0,0,2
mura,train/XR_FINGER/patient04099/study1_negative/image2.png,train/XR_FINGER/patient04346/study1_negative/image1.png,patient04099,patient04346,0,0,4
mura,train/XR_FINGER/patient03524/study1_positive/image3.png,train/XR_FINGER/patient04350/study1_negative/image4.png,patient03524,patient04350,1,0,4
mura,train/XR_FINGER/patient04050/study1_negative/image1.png,train/XR_FINGER/patient04354/study1_negative/image1.png,patient04050,patient04354,0,0,4
mura,train/XR_FINGER/patient04103/study1_negative/image2.png,train/XR_FINGER/patient04354/study1_negative/image1.png,patient04103,patient04354,0,0,4
mura,train/XR_FINGER/patient04160/study1_negative/image1.png,train/XR_FINGER/patient04354/study1_negative/image1.png,patient04160,patient04354,0,0,4
mura,train/XR_FINGER/patient04164/study1_negative/image5.png,train/XR_FINGER/patient04354/study1_negative/image1.png,patient04164,patient04354,0,0,2
mura,train/XR_FINGER/patient04174/study2_negative/image1.png,train/XR_FINGER/patient04354/study1_negative/image1.png,patient04174,patient04354,0,0,2
mura,train/XR_FINGER/patient04182/study1_negative/image1.png,train/XR_FINGER/patient04354/study1_negative/image1.png,patient04182,patient04354,0,0,2
mura,train/XR_FINGER/patient03615/study1_positive/image3.png,train/XR_FINGER/patient04354/study1_negative/image1.png,patient03615,patient04354,1,0,2
mura,train/XR_FINGER/patient03756/study1_positive/image1.png,train/XR_FINGER/patient04354/study1_negative/image1.png,patient03756,patient04354,1,0,2
mura,train/XR_FINGER/patient03756/study1_positive/image2.png,train/XR_FINGER/patient04354/study1_negative/image1.png,patient03756,patient04354,1,0,4
mura,train/XR_FINGER/patient03227/study1_positive/image3.png,train/XR_FINGER/patient04354/study1_negative/image1.png,patient03227,patient04354,1,0,4
mura,train/XR_FINGER/patient03839/study1_negative/image1.png,train/XR_FINGER/patient04354/study1_negative/image1.png,patient03839,patient04354,0,0,2
mura,train/XR_FINGER/patient01992/study1_positive/image1.png,train/XR_FINGER/patient04354/study1_negative/image1.png,patient01992,patient04354,1,0,4
mura,train/XR_FINGER/patient03900/study1_negative/image2.png,train/XR_FINGER/patient04354/study1_negative/image1.png,patient03900,patient04354,0,0,4
mura,train/XR_FINGER/patient03903/study1_negative/image1.png,train/XR_FINGER/patient04354/study1_negative/image1.png,patient03903,patient04354,0,0,2
mura,train/XR_FINGER/patient03931/study1_negative/image2.png,train/XR_FINGER/patient04354/study1_negative/image1.png,patient03931,patient04354,0,0,2
mura,train/XR_FINGER/patient03959/study1_negative/image2.png,train/XR_FINGER/patient04354/study1_negative/image1.png,patient03959,patient04354,0,0,4
mura,train/XR_FINGER/patient04012/study1_negative/image3.png,train/XR_FINGER/patient04354/study1_negative/image1.png,patient04012,patient04354,0,0,2
mura,train/XR_FINGER/patient04103/study1_negative/image2.png,train/XR_FINGER/patient04354/study1_negative/image2.png,patient04103,patient04354,0,0,4
mura,train/XR_FINGER/patient04164/study1_negative/image5.png,train/XR_FINGER/patient04354/study1_negative/image2.png,patient04164,patient04354,0,0,2
mura,train/XR_FINGER/patient04174/study2_negative/image1.png,train/XR_FINGER/patient04354/study1_negative/image2.png,patient04174,patient04354,0,0,2
mura,train/XR_FINGER/patient04182/study1_negative/image1.png,train/XR_FINGER/patient04354/study1_negative/image2.png,patient04182,patient04354,0,0,2
mura,train/XR_FINGER/patient03615/study1_positive/image3.png,train/XR_FINGER/patient04354/study1_negative/image2.png,patient03615,patient04354,1,0,2
mura,train/XR_FINGER/patient03756/study1_positive/image1.png,train/XR_FINGER/patient04354/study1_negative/image2.png,patient03756,patient04354,1,0,2
mura,train/XR_FINGER/patient03756/study1_positive/image2.png,train/XR_FINGER/patient04354/study1_negative/image2.png,patient03756,patient04354,1,0,4
mura,train/XR_FINGER/patient00238/study2_negative/image1.png,train/XR_FINGER/patient04354/study1_negative/image2.png,patient00238,patient04354,0,0,2
mura,train/XR_FINGER/patient03839/study1_negative/image1.png,train/XR_FINGER/patient04354/study1_negative/image2.png,patient03839,patient04354,0,0,4
mura,train/XR_FINGER/patient01992/study1_positive/image1.png,train/XR_FINGER/patient04354/study1_negative/image2.png,patient01992,patient04354,1,0,4
mura,train/XR_FINGER/patient03903/study1_negative/image1.png,train/XR_FINGER/patient04354/study1_negative/image2.png,patient03903,patient04354,0,0,2
mura,train/XR_FINGER/patient03931/study1_negative/image2.png,train/XR_FINGER/patient04354/study1_negative/image2.png,patient03931,patient04354,0,0,2
mura,train/XR_FINGER/patient03959/study1_negative/image2.png,train/XR_FINGER/patient04354/study1_negative/image2.png,patient03959,patient04354,0,0,4
mura,train/XR_FINGER/patient04012/study1_negative/image3.png,train/XR_FINGER/patient04354/study1_negative/image2.png,patient04012,patient04354,0,0,2
mura,train/XR_FINGER/patient03587/study1_positive/image2.png,train/XR_FINGER/patient04357/study1_negative/image2.png,patient03587,patient04357,1,0,4
mura,train/XR_FINGER/patient03756/study1_positive/image2.png,train/XR_FINGER/patient04357/study1_negative/image2.png,patient03756,patient04357,1,0,4
mura,train/XR_FINGER/patient03239/study1_positive/image1.png,train/XR_FINGER/patient04372/study1_negative/image1.png,patient03239,patient04372,1,0,4
mura,train/XR_FINGER/patient03239/study1_positive/image3.png,train/XR_FINGER/patient04372/study1_negative/image1.png,patient03239,patient04372,1,0,4
mura,train/XR_FINGER/patient03389/study1_positive/image2.png,train/XR_FINGER/patient04372/study1_negative/image1.png,patient03389,patient04372,1,0,4
mura,train/XR_FINGER/patient03615/study1_positive/image2.png,train/XR_FINGER/patient04372/study1_negative/image1.png,patient03615,patient04372,1,0,4
mura,train/XR_FINGER/patient00238/study2_negative/image3.png,train/XR_FINGER/patient04372/study1_negative/image1.png,patient00238,patient04372,0,0,4
mura,train/XR_FINGER/patient03869/study1_negative/image2.png,train/XR_FINGER/patient04372/study1_negative/image1.png,patient03869,patient04372,0,0,2
mura,train/XR_FINGER/patient01458/study1_negative/image3.png,train/XR_FINGER/patient04372/study1_negative/image1.png,patient01458,patient04372,0,0,2
mura,train/XR_FINGER/patient03979/study1_negative/image2.png,train/XR_FINGER/patient04372/study1_negative/image1.png,patient03979,patient04372,0,0,2
mura,train/XR_FINGER/patient04074/study1_negative/image1.png,train/XR_FINGER/patient04372/study1_negative/image1.png,patient04074,patient04372,0,0,4
mura,train/XR_FINGER/patient04103/study1_negative/image1.png,train/XR_FINGER/patient04372/study1_negative/image1.png,patient04103,patient04372,0,0,4
mura,train/XR_FINGER/patient01592/study1_negative/image1.png,train/XR_FINGER/patient04372/study1_negative/image1.png,patient01592,patient04372,0,0,4
mura,train/XR_FINGER/patient04226/study1_negative/image3.png,train/XR_FINGER/patient04372/study1_negative/image1.png,patient04226,patient04372,0,0,2
mura,train/XR_FINGER/patient02615/study1_negative/image2.png,train/XR_FINGER/patient04372/study1_negative/image1.png,patient02615,patient04372,0,0,2
mura,train/XR_FINGER/patient04307/study1_negative/image3.png,train/XR_FINGER/patient04372/study1_negative/image1.png,patient04307,patient04372,0,0,2
mura,train/XR_FINGER/patient04069/study1_negative/image3.png,train/XR_FINGER/patient04374/study1_negative/image1.png,patient04069,patient04374,0,0,4
mura,train/XR_FINGER/patient03683/study1_positive/image3.png,train/XR_FINGER/patient04374/study1_negative/image2.png,patient03683,patient04374,1,0,4
mura,train/XR_FINGER/patient03756/study1_positive/image3.png,train/XR_FINGER/patient04374/study1_negative/image2.png,patient03756,patient04374,1,0,4
mura,train/XR_FINGER/patient04014/study1_negative/image2.png,train/XR_FINGER/patient04374/study1_negative/image2.png,patient04014,patient04374,0,0,2
mura,train/XR_FINGER/patient04146/study1_negative/image2.png,train/XR_FINGER/patient04391/study1_negative/image3.png,patient04146,patient04391,0,0,4
mura,train/XR_FINGER/patient04164/study1_negative/image1.png,train/XR_FINGER/patient04391/study1_negative/image3.png,patient04164,patient04391,0,0,2
mura,train/XR_FINGER/patient03922/study1_negative/image2.png,train/XR_FINGER/patient04391/study1_negative/image3.png,patient03922,patient04391,0,0,4
mura,train/XR_FINGER/patient04292/study1_negative/image3.png,train/XR_FINGER/patient04395/study1_negative/image2.png,patient04292,patient04395,0,0,4
mura,train/XR_FINGER/patient03991/study1_negative/image1.png,train/XR_FINGER/patient04406/study1_negative/image2.png,patient03991,patient04406,0,0,4
mura,train/XR_FINGER/patient03869/study1_negative/image2.png,train/XR_FINGER/patient04416/study1_negative/image1.png,patient03869,patient04416,0,0,4
mura,train/XR_FINGER/patient03979/study1_negative/image2.png,train/XR_FINGER/patient04416/study1_negative/image1.png,patient03979,patient04416,0,0,4
mura,train/XR_FINGER/patient04226/study1_negative/image3.png,train/XR_FINGER/patient04416/study1_negative/image1.png,patient04226,patient04416,0,0,4
mura,train/XR_FINGER/patient02615/study1_negative/image2.png,train/XR_FINGER/patient04416/study1_negative/image1.png,patient02615,patient04416,0,0,4
mura,train/XR_FINGER/patient04307/study1_negative/image3.png,train/XR_FINGER/patient04416/study1_negative/image1.png,patient04307,patient04416,0,0,4
mura,train/XR_FINGER/patient03592/study1_positive/image1.png,train/XR_FINGER/patient04420/study1_negative/image2.png,patient03592,patient04420,1,0,4
mura,train/XR_FINGER/patient03262/study1_positive/image1.png,train/XR_FINGER/patient04420/study1_negative/image3.png,patient03262,patient04420,1,0,2
mura,train/XR_FINGER/patient03980/study1_negative/image3.png,train/XR_FINGER/patient04423/study1_negative/image2.png,patient03980,patient04423,0,0,4
mura,train/XR_FINGER/patient03335/study2_positive/image2.png,train/XR_FINGER/patient04425/study1_negative/image2.png,patient03335,patient04425,1,0,4
mura,train/XR_FINGER/patient04123/study1_negative/image1.png,train/XR_FINGER/patient04430/study1_negative/image4.png,patient04123,patient04430,0,0,4
mura,train/XR_FINGER/patient03501/study1_positive/image1.png,train/XR_FINGER/patient04444/study1_negative/image3.png,patient03501,patient04444,1,0,4
mura,train/XR_FINGER/patient01992/study1_positive/image1.png,train/XR_FINGER/patient04445/study1_negative/image2.png,patient01992,patient04445,1,0,4
mura,train/XR_FINGER/patient03410/study1_positive/image3.png,train/XR_FINGER/patient04445/study1_negative/image2.png,patient03410,patient04445,1,0,4
mura,train/XR_FINGER/patient03587/study1_positive/image2.png,train/XR_FINGER/patient04445/study1_negative/image2.png,patient03587,patient04445,1,0,2
mura,train/XR_FINGER/patient03615/study1_positive/image3.png,train/XR_FINGER/patient04445/study1_negative/image2.png,patient03615,patient04445,1,0,4
mura,train/XR_FINGER/patient03659/study1_positive/image2.png,train/XR_FINGER/patient04445/study1_negative/image2.png,patient03659,patient04445,1,0,4
mura,train/XR_FINGER/patient03756/study1_positive/image1.png,train/XR_FINGER/patient04445/study1_negative/image2.png,patient03756,patient04445,1,0,4
mura,train/XR_FINGER/patient03903/study1_negative/image1.png,train/XR_FINGER/patient04445/study1_negative/image2.png,patient03903,patient04445,0,0,4
mura,train/XR_FINGER/patient03931/study1_negative/image2.png,train/XR_FINGER/patient04445/study1_negative/image2.png,patient03931,patient04445,0,0,4
mura,train/XR_FINGER/patient03959/study1_negative/image2.png,train/XR_FINGER/patient04445/study1_negative/image2.png,patient03959,patient04445,0,0,4
mura,train/XR_FINGER/patient04012/study1_negative/image3.png,train/XR_FINGER/patient04445/study1_negative/image2.png,patient04012,patient04445,0,0,4
mura,train/XR_FINGER/patient04108/study1_negative/image1.png,train/XR_FINGER/patient04445/study1_negative/image2.png,patient04108,patient04445,0,0,4
mura,train/XR_FINGER/patient04164/study1_negative/image5.png,train/XR_FINGER/patient04445/study1_negative/image2.png,patient04164,patient04445,0,0,4
mura,train/XR_FINGER/patient04174/study2_negative/image1.png,train/XR_FINGER/patient04445/study1_negative/image2.png,patient04174,patient04445,0,0,4
mura,train/XR_FINGER/patient04182/study1_negative/image1.png,train/XR_FINGER/patient04445/study1_negative/image2.png,patient04182,patient04445,0,0,4
mura,train/XR_FINGER/patient03829/study1_negative/image1.png,train/XR_FINGER/patient04445/study1_negative/image3.png,patient03829,patient04445,0,0,4
mura,train/XR_FINGER/patient03999/study1_negative/image1.png,train/XR_FINGER/patient04445/study1_negative/image3.png,patient03999,patient04445,0,0,2
mura,train/XR_FINGER/patient04129/study1_negative/image3.png,train/XR_FINGER/patient04445/study1_negative/image3.png,patient04129,patient04445,0,0,4
mura,train/XR_FINGER/patient04328/study1_negative/image3.png,train/XR_FINGER/patient04445/study1_negative/image3.png,patient04328,patient04445,0,0,4
mura,train/XR_FINGER/patient04075/study1_negative/image1.png,train/XR_FINGER/patient04452/study1_negative/image2.png,patient04075,patient04452,0,0,4
mura,train/XR_FINGER/patient03420/study1_positive/image2.png,train/XR_FINGER/patient04455/study1_negative/image1.png,patient03420,patient04455,1,0,4
mura,train/XR_FINGER/patient04035/study1_negative/image3.png,train/XR_FINGER/patient04474/study1_negative/image2.png,patient04035,patient04474,0,0,4
mura,train/XR_FINGER/patient04434/study1_negative/image2.png,train/XR_FINGER/patient04481/study1_negative/image2.png,patient04434,patient04481,0,0,4
mura,train/XR_FINGER/patient03914/study1_negative/image2.png,train/XR_FINGER/patient04481/study1_negative/image2.png,patient03914,patient04481,0,0,4
mura,train/XR_FINGER/patient03799/study1_positive/image1.png,train/XR_FINGER/patient04486/study1_negative/image2.png,patient03799,patient04486,1,0,4
mura,train/XR_FINGER/patient04384/study1_negative/image3.png,train/XR_FINGER/patient04509/study1_negative/image3.png,patient04384,patient04509,0,0,4
mura,train/XR_FINGER/patient03820/study1_negative/image1.png,train/XR_FINGER/patient04529/study1_negative/image1.png,patient03820,patient04529,0,0,4
mura,train/XR_FINGER/patient03236/study1_positive/image2.png,train/XR_FINGER/patient04550/study1_negative/image2.png,patient03236,patient04550,1,0,4
mura,train/XR_FINGER/patient03991/study1_negative/image1.png,train/XR_FINGER/patient04555/study1_negative/image1.png,patient03991,patient04555,0,0,4
mura,train/XR_FINGER/patient03931/study1_negative/image3.png,train/XR_FINGER/patient04558/study1_negative/image1.png,patient03931,patient04558,0,0,4
mura,train/XR_FINGER/patient04137/study1_negative/image1.png,train/XR_FINGER/patient04558/study1_negative/image1.png,patient04137,patient04558,0,0,4
mura,train/XR_FINGER/patient02615/study1_negative/image3.png,train/XR_FINGER/patient04558/study1_negative/image1.png,patient02615,patient04558,0,0,4
mura,train/XR_FINGER/patient04361/study1_negative/image2.png,train/XR_FINGER/patient04558/study1_negative/image1.png,patient04361,patient04558,0,0,2
mura,train/XR_FINGER/patient04164/study1_negative/image1.png,train/XR_FINGER/patient04558/study1_negative/image2.png,patient04164,patient04558,0,0,4
mura,train/XR_FINGER/patient04391/study1_negative/image3.png,train/XR_FINGER/patient04558/study1_negative/image2.png,patient04391,patient04558,0,0,2
mura,train/XR_FINGER/patient04169/study1_negative/image2.png,train/XR_FINGER/patient04560/study1_negative/image3.png,patient04169,patient04560,0,0,4
mura,train/XR_FINGER/patient03920/study1_negative/image2.png,train/XR_FINGER/patient04560/study1_negative/image3.png,patient03920,patient04560,0,0,4
mura,train/XR_FINGER/patient04409/study1_negative/image2.png,train/XR_FINGER/patient01641/study1_negative/image1.png,patient04409,patient01641,0,0,4
mura,train/XR_FINGER/patient03968/study1_negative/image2.png,train/XR_FINGER/patient04583/study1_negative/image1.png,patient03968,patient04583,0,0,4
mura,train/XR_FINGER/patient03513/study1_positive/image2.png,train/XR_FINGER/patient04583/study1_negative/image2.png,patient03513,patient04583,1,0,2
mura,train/XR_FINGER/patient03307/study1_positive/image3.png,train/XR_FINGER/patient04583/study1_negative/image2.png,patient03307,patient04583,1,0,4
mura,train/XR_FINGER/patient03239/study1_positive/image1.png,train/XR_FINGER/patient04590/study1_negative/image2.png,patient03239,patient04590,1,0,4
mura,train/XR_FINGER/patient03389/study1_positive/image2.png,train/XR_FINGER/patient04590/study1_negative/image2.png,patient03389,patient04590,1,0,4
mura,train/XR_FINGER/patient03615/study1_positive/image2.png,train/XR_FINGER/patient04590/study1_negative/image2.png,patient03615,patient04590,1,0,2
mura,train/XR_FINGER/patient03743/study1_positive/image2.png,train/XR_FINGER/patient04590/study1_negative/image2.png,patient03743,patient04590,1,0,4
mura,train/XR_FINGER/patient00238/study2_negative/image3.png,train/XR_FINGER/patient04590/study1_negative/image2.png,patient00238,patient04590,0,0,2
mura,train/XR_FINGER/patient03869/study1_negative/image2.png,train/XR_FINGER/patient04590/study1_negative/image2.png,patient03869,patient04590,0,0,0
mura,train/XR_FINGER/patient01458/study1_negative/image3.png,train/XR_FINGER/patient04590/study1_negative/image2.png,patient01458,patient04590,0,0,2
mura,train/XR_FINGER/patient03979/study1_negative/image2.png,train/XR_FINGER/patient04590/study1_negative/image2.png,patient03979,patient04590,0,0,0
mura,train/XR_FINGER/patient03999/study1_negative/image1.png,train/XR_FINGER/patient04590/study1_negative/image2.png,patient03999,patient04590,0,0,4
mura,train/XR_FINGER/patient04103/study1_negative/image1.png,train/XR_FINGER/patient04590/study1_negative/image2.png,patient04103,patient04590,0,0,4
mura,train/XR_FINGER/patient04146/study1_negative/image3.png,train/XR_FINGER/patient04590/study1_negative/image2.png,patient04146,patient04590,0,0,4
mura,train/XR_FINGER/patient01592/study1_negative/image1.png,train/XR_FINGER/patient04590/study1_negative/image2.png,patient01592,patient04590,0,0,2
mura,train/XR_FINGER/patient04226/study1_negative/image3.png,train/XR_FINGER/patient04590/study1_negative/image2.png,patient04226,patient04590,0,0,0
mura,train/XR_FINGER/patient02615/study1_negative/image2.png,train/XR_FINGER/patient04590/study1_negative/image2.png,patient02615,patient04590,0,0,0
mura,train/XR_FINGER/patient04307/study1_negative/image3.png,train/XR_FINGER/patient04590/study1_negative/image2.png,patient04307,patient04590,0,0,0
mura,train/XR_FINGER/patient04372/study1_negative/image1.png,train/XR_FINGER/patient04590/study1_negative/image2.png,patient04372,patient04590,0,0,2
mura,train/XR_FINGER/patient04416/study1_negative/image1.png,train/XR_FINGER/patient04590/study1_negative/image2.png,patient04416,patient04590,0,0,4
mura,train/XR_FINGER/patient03829/study1_negative/image1.png,train/XR_FINGER/patient04598/study1_negative/image1.png,patient03829,patient04598,0,0,4
mura,train/XR_FINGER/patient03999/study1_negative/image1.png,train/XR_FINGER/patient04598/study1_negative/image1.png,patient03999,patient04598,0,0,2
mura,train/XR_FINGER/patient04129/study1_negative/image3.png,train/XR_FINGER/patient04598/study1_negative/image1.png,patient04129,patient04598,0,0,4
mura,train/XR_FINGER/patient04328/study1_negative/image3.png,train/XR_FINGER/patient04598/study1_negative/image1.png,patient04328,patient04598,0,0,4
mura,train/XR_FINGER/patient04445/study1_negative/image3.png,train/XR_FINGER/patient04598/study1_negative/image1.png,patient04445,patient04598,0,0,4
mura,train/XR_FINGER/patient03966/study1_negative/image3.png,train/XR_FINGER/patient04598/study1_negative/image2.png,patient03966,patient04598,0,0,4
mura,train/XR_FINGER/patient04555/study1_negative/image1.png,train/XR_FINGER/patient04603/study1_negative/image3.png,patient04555,patient04603,0,0,4
mura,train/XR_FINGER/patient03820/study1_negative/image1.png,train/XR_FINGER/patient04613/study1_negative/image1.png,patient03820,patient04613,0,0,4
mura,train/XR_FINGER/patient03239/study1_positive/image3.png,train/XR_FINGER/patient04613/study1_negative/image1.png,patient03239,patient04613,1,0,4
mura,train/XR_FINGER/patient04075/study1_negative/image1.png,train/XR_FINGER/patient04613/study1_negative/image2.png,patient04075,patient04613,0,0,4
mura,train/XR_FINGER/patient04182/study1_negative/image2.png,train/XR_FINGER/patient04613/study1_negative/image2.png,patient04182,patient04613,0,0,2
mura,train/XR_FINGER/patient04184/study1_negative/image2.png,train/XR_FINGER/patient04619/study1_negative/image2.png,patient04184,patient04619,0,0,4
mura,train/XR_FINGER/patient04103/study1_negative/image1.png,train/XR_FINGER/patient04628/study1_negative/image2.png,patient04103,patient04628,0,0,4
mura,train/XR_FINGER/patient03239/study1_positive/image1.png,train/XR_FINGER/patient04628/study1_negative/image2.png,patient03239,patient04628,1,0,2
mura,train/XR_FINGER/patient03239/study1_positive/image3.png,train/XR_FINGER/patient04628/study1_negative/image2.png,patient03239,patient04628,1,0,4
mura,train/XR_FINGER/patient03227/study1_positive/image3.png,train/XR_FINGER/patient04628/study1_negative/image3.png,patient03227,patient04628,1,0,4
mura,train/XR_FINGER/patient01992/study1_positive/image1.png,train/XR_FINGER/patient04628/study1_negative/image3.png,patient01992,patient04628,1,0,2
mura,train/XR_FINGER/patient03410/study1_positive/image3.png,train/XR_FINGER/patient04628/study1_negative/image3.png,patient03410,patient04628,1,0,4
mura,train/XR_FINGER/patient03547/study1_positive/image2.png,train/XR_FINGER/patient04628/study1_negative/image3.png,patient03547,patient04628,1,0,4
mura,train/XR_FINGER/patient03587/study1_positive/image2.png,train/XR_FINGER/patient04628/study1_negative/image3.png,patient03587,patient04628,1,0,4
mura,train/XR_FINGER/patient03615/study1_positive/image3.png,train/XR_FINGER/patient04628/study1_negative/image3.png,patient03615,patient04628,1,0,0
mura,train/XR_FINGER/patient03756/study1_positive/image1.png,train/XR_FINGER/patient04628/study1_negative/image3.png,patient03756,patient04628,1,0,0
mura,train/XR_FINGER/patient03756/study1_positive/image2.png,train/XR_FINGER/patient04628/study1_negative/image3.png,patient03756,patient04628,1,0,2
mura,train/XR_FINGER/patient00238/study2_negative/image1.png,train/XR_FINGER/patient04628/study1_negative/image3.png,patient00238,patient04628,0,0,4
mura,train/XR_FINGER/patient03839/study1_negative/image1.png,train/XR_FINGER/patient04628/study1_negative/image3.png,patient03839,patient04628,0,0,2
mura,train/XR_FINGER/patient03903/study1_negative/image1.png,train/XR_FINGER/patient04628/study1_negative/image3.png,patient03903,patient04628,0,0,0
mura,train/XR_FINGER/patient03931/study1_negative/image2.png,train/XR_FINGER/patient04628/study1_negative/image3.png,patient03931,patient04628,0,0,0
mura,train/XR_FINGER/patient03959/study1_negative/image2.png,train/XR_FINGER/patient04628/study1_negative/image3.png,patient03959,patient04628,0,0,2
mura,train/XR_FINGER/patient03991/study1_negative/image1.png,train/XR_FINGER/patient04628/study1_negative/image3.png,patient03991,patient04628,0,0,4
mura,train/XR_FINGER/patient04012/study1_negative/image3.png,train/XR_FINGER/patient04628/study1_negative/image3.png,patient04012,patient04628,0,0,0
mura,train/XR_FINGER/patient04103/study1_negative/image2.png,train/XR_FINGER/patient04628/study1_negative/image3.png,patient04103,patient04628,0,0,2
mura,train/XR_FINGER/patient04108/study1_negative/image1.png,train/XR_FINGER/patient04628/study1_negative/image3.png,patient04108,patient04628,0,0,4
mura,train/XR_FINGER/patient04113/study1_negative/image2.png,train/XR_FINGER/patient04628/study1_negative/image3.png,patient04113,patient04628,0,0,4
mura,train/XR_FINGER/patient04137/study1_negative/image1.png,train/XR_FINGER/patient04628/study1_negative/image3.png,patient04137,patient04628,0,0,4
mura,train/XR_FINGER/patient04160/study1_negative/image1.png,train/XR_FINGER/patient04628/study1_negative/image3.png,patient04160,patient04628,0,0,4
mura,train/XR_FINGER/patient04164/study1_negative/image5.png,train/XR_FINGER/patient04628/study1_negative/image3.png,patient04164,patient04628,0,0,0
mura,train/XR_FINGER/patient04174/study2_negative/image1.png,train/XR_FINGER/patient04628/study1_negative/image3.png,patient04174,patient04628,0,0,0
mura,train/XR_FINGER/patient04182/study1_negative/image1.png,train/XR_FINGER/patient04628/study1_negative/image3.png,patient04182,patient04628,0,0,0
mura,train/XR_FINGER/patient04182/study1_negative/image3.png,train/XR_FINGER/patient04628/study1_negative/image3.png,patient04182,patient04628,0,0,4
mura,train/XR_FINGER/patient02615/study1_negative/image3.png,train/XR_FINGER/patient04628/study1_negative/image3.png,patient02615,patient04628,0,0,4
mura,train/XR_FINGER/patient04354/study1_negative/image1.png,train/XR_FINGER/patient04628/study1_negative/image3.png,patient04354,patient04628,0,0,2
mura,train/XR_FINGER/patient04354/study1_negative/image2.png,train/XR_FINGER/patient04628/study1_negative/image3.png,patient04354,patient04628,0,0,2
mura,train/XR_FINGER/patient04445/study1_negative/image2.png,train/XR_FINGER/patient04628/study1_negative/image3.png,patient04445,patient04628,0,0,4
mura,train/XR_FINGER/patient03615/study1_positive/image2.png,train/XR_FINGER/patient04630/study1_negative/image1.png,patient03615,patient04630,1,0,2
mura,train/XR_FINGER/patient03743/study1_positive/image2.png,train/XR_FINGER/patient04630/study1_negative/image1.png,patient03743,patient04630,1,0,2
mura,train/XR_FINGER/patient00238/study2_negative/image3.png,train/XR_FINGER/patient04630/study1_negative/image1.png,patient00238,patient04630,0,0,0
mura,train/XR_FINGER/patient03869/study1_negative/image2.png,train/XR_FINGER/patient04630/study1_negative/image1.png,patient03869,patient04630,0,0,2
mura,train/XR_FINGER/patient01458/study1_negative/image3.png,train/XR_FINGER/patient04630/study1_negative/image1.png,patient01458,patient04630,0,0,2
mura,train/XR_FINGER/patient03979/study1_negative/image2.png,train/XR_FINGER/patient04630/study1_negative/image1.png,patient03979,patient04630,0,0,2
mura,train/XR_FINGER/patient03999/study1_negative/image1.png,train/XR_FINGER/patient04630/study1_negative/image1.png,patient03999,patient04630,0,0,4
mura,train/XR_FINGER/patient04129/study1_negative/image3.png,train/XR_FINGER/patient04630/study1_negative/image1.png,patient04129,patient04630,0,0,4
mura,train/XR_FINGER/patient04146/study1_negative/image3.png,train/XR_FINGER/patient04630/study1_negative/image1.png,patient04146,patient04630,0,0,4
mura,train/XR_FINGER/patient01592/study1_negative/image1.png,train/XR_FINGER/patient04630/study1_negative/image1.png,patient01592,patient04630,0,0,4
mura,train/XR_FINGER/patient04226/study1_negative/image3.png,train/XR_FINGER/patient04630/study1_negative/image1.png,patient04226,patient04630,0,0,2
mura,train/XR_FINGER/patient02615/study1_negative/image2.png,train/XR_FINGER/patient04630/study1_negative/image1.png,patient02615,patient04630,0,0,2
mura,train/XR_FINGER/patient04307/study1_negative/image3.png,train/XR_FINGER/patient04630/study1_negative/image1.png,patient04307,patient04630,0,0,2
mura,train/XR_FINGER/patient04372/study1_negative/image1.png,train/XR_FINGER/patient04630/study1_negative/image1.png,patient04372,patient04630,0,0,4
mura,train/XR_FINGER/patient04590/study1_negative/image2.png,train/XR_FINGER/patient04630/study1_negative/image1.png,patient04590,patient04630,0,0,2
mura,train/XR_FINGER/patient04360/study1_negative/image3.png,train/XR_FINGER/patient04637/study1_negative/image1.png,patient04360,patient04637,0,0,4
mura,train/XR_FINGER/patient00842/study1_negative/image4.png,train/XR_FINGER/patient04641/study1_negative/image2.png,patient00842,patient04641,0,0,4
mura,train/XR_FINGER/patient03615/study1_positive/image1.png,train/XR_FINGER/patient04646/study1_negative/image2.png,patient03615,patient04646,1,0,4
mura,train/XR_FINGER/patient03615/study1_positive/image3.png,train/XR_FINGER/patient04646/study1_negative/image2.png,patient03615,patient04646,1,0,4
mura,train/XR_FINGER/patient03756/study1_positive/image1.png,train/XR_FINGER/patient04646/study1_negative/image2.png,patient03756,patient04646,1,0,4
mura,train/XR_FINGER/patient03846/study1_negative/image1.png,train/XR_FINGER/patient04646/study1_negative/image2.png,patient03846,patient04646,0,0,4
mura,train/XR_FINGER/patient03903/study1_negative/image1.png,train/XR_FINGER/patient04646/study1_negative/image2.png,patient03903,patient04646,0,0,4
mura,train/XR_FINGER/patient03931/study1_negative/image2.png,train/XR_FINGER/patient04646/study1_negative/image2.png,patient03931,patient04646,0,0,4
mura,train/XR_FINGER/patient03991/study1_negative/image1.png,train/XR_FINGER/patient04646/study1_negative/image2.png,patient03991,patient04646,0,0,0
mura,train/XR_FINGER/patient03999/study1_negative/image3.png,train/XR_FINGER/patient04646/study1_negative/image2.png,patient03999,patient04646,0,0,4
mura,train/XR_FINGER/patient04012/study1_negative/image1.png,train/XR_FINGER/patient04646/study1_negative/image2.png,patient04012,patient04646,0,0,2
mura,train/XR_FINGER/patient04012/study1_negative/image3.png,train/XR_FINGER/patient04646/study1_negative/image2.png,patient04012,patient04646,0,0,4
mura,train/XR_FINGER/patient04105/study1_negative/image3.png,train/XR_FINGER/patient04646/study1_negative/image2.png,patient04105,patient04646,0,0,4
mura,train/XR_FINGER/patient04164/study1_negative/image5.png,train/XR_FINGER/patient04646/study1_negative/image2.png,patient04164,patient04646,0,0,4
mura,train/XR_FINGER/patient04174/study2_negative/image1.png,train/XR_FINGER/patient04646/study1_negative/image2.png,patient04174,patient04646,0,0,4
mura,train/XR_FINGER/patient04182/study1_negative/image1.png,train/XR_FINGER/patient04646/study1_negative/image2.png,patient04182,patient04646,0,0,4
mura,train/XR_FINGER/patient04406/study1_negative/image2.png,train/XR_FINGER/patient04646/study1_negative/image2.png,patient04406,patient04646,0,0,4
mura,train/XR_FINGER/patient04555/study1_negative/image1.png,train/XR_FINGER/patient04646/study1_negative/image2.png,patient04555,patient04646,0,0,4
mura,train/XR_FINGER/patient04628/study1_negative/image3.png,train/XR_FINGER/patient04646/study1_negative/image2.png,patient04628,patient04646,0,0,4
mura,train/XR_FINGER/patient03239/study1_positive/image1.png,train/XR_FINGER/patient04646/study1_negative/image3.png,patient03239,patient04646,1,0,4
mura,train/XR_FINGER/patient03389/study1_positive/image2.png,train/XR_FINGER/patient04646/study1_negative/image3.png,patient03389,patient04646,1,0,4
mura,train/XR_FINGER/patient03615/study1_positive/image2.png,train/XR_FINGER/patient04646/study1_negative/image3.png,patient03615,patient04646,1,0,2
mura,train/XR_FINGER/patient03743/study1_positive/image2.png,train/XR_FINGER/patient04646/study1_negative/image3.png,patient03743,patient04646,1,0,4
mura,train/XR_FINGER/patient00238/study2_negative/image3.png,train/XR_FINGER/patient04646/study1_negative/image3.png,patient00238,patient04646,0,0,2
mura,train/XR_FINGER/patient03869/study1_negative/image2.png,train/XR_FINGER/patient04646/study1_negative/image3.png,patient03869,patient04646,0,0,0
mura,train/XR_FINGER/patient01458/study1_negative/image3.png,train/XR_FINGER/patient04646/study1_negative/image3.png,patient01458,patient04646,0,0,2
mura,train/XR_FINGER/patient03979/study1_negative/image2.png,train/XR_FINGER/patient04646/study1_negative/image3.png,patient03979,patient04646,0,0,0
mura,train/XR_FINGER/patient03999/study1_negative/image1.png,train/XR_FINGER/patient04646/study1_negative/image3.png,patient03999,patient04646,0,0,4
mura,train/XR_FINGER/patient04103/study1_negative/image1.png,train/XR_FINGER/patient04646/study1_negative/image3.png,patient04103,patient04646,0,0,4
mura,train/XR_FINGER/patient04146/study1_negative/image3.png,train/XR_FINGER/patient04646/study1_negative/image3.png,patient04146,patient04646,0,0,4
mura,train/XR_FINGER/patient01592/study1_negative/image1.png,train/XR_FINGER/patient04646/study1_negative/image3.png,patient01592,patient04646,0,0,2
mura,train/XR_FINGER/patient04226/study1_negative/image3.png,train/XR_FINGER/patient04646/study1_negative/image3.png,patient04226,patient04646,0,0,0
mura,train/XR_FINGER/patient02615/study1_negative/image2.png,train/XR_FINGER/patient04646/study1_negative/image3.png,patient02615,patient04646,0,0,0
mura,train/XR_FINGER/patient04307/study1_negative/image3.png,train/XR_FINGER/patient04646/study1_negative/image3.png,patient04307,patient04646,0,0,0
mura,train/XR_FINGER/patient04372/study1_negative/image1.png,train/XR_FINGER/patient04646/study1_negative/image3.png,patient04372,patient04646,0,0,2
mura,train/XR_FINGER/patient04416/study1_negative/image1.png,train/XR_FINGER/patient04646/study1_negative/image3.png,patient04416,patient04646,0,0,4
mura,train/XR_FINGER/patient04590/study1_negative/image2.png,train/XR_FINGER/patient04646/study1_negative/image3.png,patient04590,patient04646,0,0,0
mura,train/XR_FINGER/patient04630/study1_negative/image1.png,train/XR_FINGER/patient04646/study1_negative/image3.png,patient04630,patient04646,0,0,2
mura,train/XR_FINGER/patient03684/study2_negative/image1.png,train/XR_FINGER/patient04647/study1_negative/image3.png,patient03684,patient04647,0,0,4
mura,train/XR_FINGER/patient03759/study1_positive/image2.png,train/XR_FINGER/patient04647/study1_negative/image3.png,patient03759,patient04647,1,0,4
mura,train/XR_FINGER/patient04164/study1_negative/image2.png,train/XR_FINGER/patient04647/study1_negative/image3.png,patient04164,patient04647,0,0,4
mura,train/XR_FINGER/patient03615/study1_positive/image2.png,train/XR_FINGER/patient04649/study1_negative/image2.png,patient03615,patient04649,1,0,4
mura,train/XR_FINGER/patient00238/study2_negative/image3.png,train/XR_FINGER/patient04649/study1_negative/image2.png,patient00238,patient04649,0,0,4
mura,train/XR_FINGER/patient03869/study1_negative/image2.png,train/XR_FINGER/patient04649/study1_negative/image2.png,patient03869,patient04649,0,0,2
mura,train/XR_FINGER/patient01458/study1_negative/image3.png,train/XR_FINGER/patient04649/study1_negative/image2.png,patient01458,patient04649,0,0,4
mura,train/XR_FINGER/patient03979/study1_negative/image2.png,train/XR_FINGER/patient04649/study1_negative/image2.png,patient03979,patient04649,0,0,2
mura,train/XR_FINGER/patient01592/study1_negative/image1.png,train/XR_FINGER/patient04649/study1_negative/image2.png,patient01592,patient04649,0,0,4
mura,train/XR_FINGER/patient04226/study1_negative/image3.png,train/XR_FINGER/patient04649/study1_negative/image2.png,patient04226,patient04649,0,0,2
mura,train/XR_FINGER/patient02615/study1_negative/image2.png,train/XR_FINGER/patient04649/study1_negative/image2.png,patient02615,patient04649,0,0,2
mura,train/XR_FINGER/patient04307/study1_negative/image3.png,train/XR_FINGER/patient04649/study1_negative/image2.png,patient04307,patient04649,0,0,2
mura,train/XR_FINGER/patient04372/study1_negative/image1.png,train/XR_FINGER/patient04649/study1_negative/image2.png,patient04372,patient04649,0,0,4
mura,train/XR_FINGER/patient04590/study1_negative/image2.png,train/XR_FINGER/patient04649/study1_negative/image2.png,patient04590,patient04649,0,0,2
mura,train/XR_FINGER/patient04630/study1_negative/image1.png,train/XR_FINGER/patient04649/study1_negative/image2.png,patient04630,patient04649,0,0,4
mura,train/XR_FINGER/patient04646/study1_negative/image3.png,train/XR_FINGER/patient04649/study1_negative/image2.png,patient04646,patient04649,0,0,2
mura,train/XR_FINGER/patient04074/study1_negative/image1.png,train/XR_FINGER/patient04649/study1_negative/image3.png,patient04074,patient04649,0,0,4
mura,train/XR_FINGER/patient03410/study1_positive/image3.png,train/XR_FINGER/patient00243/study1_negative/image1.png,patient03410,patient00243,1,0,4
mura,train/XR_FINGER/patient03615/study1_positive/image3.png,train/XR_FINGER/patient00243/study1_negative/image1.png,patient03615,patient00243,1,0,4
mura,train/XR_FINGER/patient03756/study1_positive/image1.png,train/XR_FINGER/patient00243/study1_negative/image1.png,patient03756,patient00243,1,0,4
mura,train/XR_FINGER/patient03903/study1_negative/image1.png,train/XR_FINGER/patient00243/study1_negative/image1.png,patient03903,patient00243,0,0,4
mura,train/XR_FINGER/patient03931/study1_negative/image2.png,train/XR_FINGER/patient00243/study1_negative/image1.png,patient03931,patient00243,0,0,4
mura,train/XR_FINGER/patient03959/study1_negative/image2.png,train/XR_FINGER/patient00243/study1_negative/image1.png,patient03959,patient00243,0,0,4
mura,train/XR_FINGER/patient04012/study1_negative/image3.png,train/XR_FINGER/patient00243/study1_negative/image1.png,patient04012,patient00243,0,0,4
mura,train/XR_FINGER/patient04014/study1_negative/image2.png,train/XR_FINGER/patient00243/study1_negative/image1.png,patient04014,patient00243,0,0,4
mura,train/XR_FINGER/patient04103/study1_negative/image2.png,train/XR_FINGER/patient00243/study1_negative/image1.png,patient04103,patient00243,0,0,4
mura,train/XR_FINGER/patient04164/study1_negative/image5.png,train/XR_FINGER/patient00243/study1_negative/image1.png,patient04164,patient00243,0,0,4
mura,train/XR_FINGER/patient04174/study2_negative/image1.png,train/XR_FINGER/patient00243/study1_negative/image1.png,patient04174,patient00243,0,0,4
mura,train/XR_FINGER/patient04182/study1_negative/image1.png,train/XR_FINGER/patient00243/study1_negative/image1.png,patient04182,patient00243,0,0,4
mura,train/XR_FINGER/patient04445/study1_negative/image2.png,train/XR_FINGER/patient00243/study1_negative/image1.png,patient04445,patient00243,0,0,4
mura,train/XR_FINGER/patient04628/study1_negative/image3.png,train/XR_FINGER/patient00243/study1_negative/image1.png,patient04628,patient00243,0,0,4
mura,train/XR_FINGER/patient03959/study1_negative/image2.png,train/XR_FINGER/patient00243/study1_negative/image2.png,patient03959,patient00243,0,0,4
mura,train/XR_FINGER/patient04280/study1_negative/image3.png,train/XR_FINGER/patient00243/study1_negative/image2.png,patient04280,patient00243,0,0,4
mura,train/XR_FINGER/patient04360/study1_negative/image2.png,train/XR_FINGER/patient04656/study1_negative/image3.png,patient04360,patient04656,0,0,4
mura,train/XR_FINGER/patient04398/study1_negative/image2.png,train/XR_FINGER/patient04661/study1_negative/image1.png,patient04398,patient04661,0,0,4
mura,train/XR_FINGER/patient04583/study1_negative/image2.png,train/XR_FINGER/patient04677/study1_negative/image1.png,patient04583,patient04677,0,0,4
mura,train/XR_FINGER/patient04164/study1_negative/image1.png,train/XR_FINGER/patient04679/study1_negative/image1.png,patient04164,patient04679,0,0,2
mura,train/XR_FINGER/patient04185/study1_negative/image3.png,train/XR_FINGER/patient04679/study1_negative/image1.png,patient04185,patient04679,0,0,4
mura,train/XR_FINGER/patient04391/study1_negative/image3.png,train/XR_FINGER/patient04679/study1_negative/image1.png,patient04391,patient04679,0,0,4
mura,train/XR_FINGER/patient03513/study1_positive/image2.png,train/XR_FINGER/patient04683/study1_negative/image3.png,patient03513,patient04683,1,0,4
mura,train/XR_FINGER/patient04558/study1_negative/image1.png,train/XR_FINGER/patient04685/study1_negative/image3.png,patient04558,patient04685,0,0,4
mura,train/XR_HUMERUS/patient02720/study1_positive/image1.png,train/XR_FINGER/patient04687/study1_negative/image2.png,patient02720,patient04687,1,0,1
mura,train/XR_FINGER/patient01992/study1_positive/image1.png,train/XR_FINGER/patient04705/study1_negative/image1.png,patient01992,patient04705,1,0,4
mura,train/XR_FINGER/patient03410/study1_positive/image3.png,train/XR_FINGER/patient04705/study1_negative/image1.png,patient03410,patient04705,1,0,4
mura,train/XR_FINGER/patient03587/study1_positive/image2.png,train/XR_FINGER/patient04705/study1_negative/image1.png,patient03587,patient04705,1,0,2
mura,train/XR_FINGER/patient03615/study1_positive/image3.png,train/XR_FINGER/patient04705/study1_negative/image1.png,patient03615,patient04705,1,0,2
mura,train/XR_FINGER/patient03756/study1_positive/image1.png,train/XR_FINGER/patient04705/study1_negative/image1.png,patient03756,patient04705,1,0,2
mura,train/XR_FINGER/patient03756/study1_positive/image2.png,train/XR_FINGER/patient04705/study1_negative/image1.png,patient03756,patient04705,1,0,4
mura,train/XR_FINGER/patient03839/study1_negative/image1.png,train/XR_FINGER/patient04705/study1_negative/image1.png,patient03839,patient04705,0,0,4
mura,train/XR_FINGER/patient03903/study1_negative/image1.png,train/XR_FINGER/patient04705/study1_negative/image1.png,patient03903,patient04705,0,0,2
mura,train/XR_FINGER/patient03931/study1_negative/image2.png,train/XR_FINGER/patient04705/study1_negative/image1.png,patient03931,patient04705,0,0,2
mura,train/XR_FINGER/patient03959/study1_negative/image2.png,train/XR_FINGER/patient04705/study1_negative/image1.png,patient03959,patient04705,0,0,4
mura,train/XR_FINGER/patient04012/study1_negative/image3.png,train/XR_FINGER/patient04705/study1_negative/image1.png,patient04012,patient04705,0,0,2
mura,train/XR_FINGER/patient04103/study1_negative/image2.png,train/XR_FINGER/patient04705/study1_negative/image1.png,patient04103,patient04705,0,0,4
mura,train/XR_FINGER/patient04108/study1_negative/image1.png,train/XR_FINGER/patient04705/study1_negative/image1.png,patient04108,patient04705,0,0,4
mura,train/XR_FINGER/patient04164/study1_negative/image5.png,train/XR_FINGER/patient04705/study1_negative/image1.png,patient04164,patient04705,0,0,2
mura,train/XR_FINGER/patient04174/study2_negative/image1.png,train/XR_FINGER/patient04705/study1_negative/image1.png,patient04174,patient04705,0,0,2
mura,train/XR_FINGER/patient04182/study1_negative/image1.png,train/XR_FINGER/patient04705/study1_negative/image1.png,patient04182,patient04705,0,0,2
mura,train/XR_FINGER/patient04182/study1_negative/image3.png,train/XR_FINGER/patient04705/study1_negative/image1.png,patient04182,patient04705,0,0,4
mura,train/XR_FINGER/patient04354/study1_negative/image1.png,train/XR_FINGER/patient04705/study1_negative/image1.png,patient04354,patient04705,0,0,4
mura,train/XR_FINGER/patient04354/study1_negative/image2.png,train/XR_FINGER/patient04705/study1_negative/image1.png,patient04354,patient04705,0,0,4
mura,train/XR_FINGER/patient04357/study1_negative/image2.png,train/XR_FINGER/patient04705/study1_negative/image1.png,patient04357,patient04705,0,0,4
mura,train/XR_FINGER/patient04445/study1_negative/image2.png,train/XR_FINGER/patient04705/study1_negative/image1.png,patient04445,patient04705,0,0,4
mura,train/XR_FINGER/patient04628/study1_negative/image3.png,train/XR_FINGER/patient04705/study1_negative/image1.png,patient04628,patient04705,0,0,2
mura,train/XR_FINGER/patient00243/study1_negative/image1.png,train/XR_FINGER/patient04705/study1_negative/image1.png,patient00243,patient04705,0,0,4
mura,train/XR_FINGER/patient03311/study1_positive/image1.png,train/XR_FINGER/patient04707/study1_negative/image2.png,patient03311,patient04707,1,0,4
mura,train/XR_FINGER/patient03869/study1_negative/image2.png,train/XR_FINGER/patient04724/study1_negative/image2.png,patient03869,patient04724,0,0,4
mura,train/XR_FINGER/patient03979/study1_negative/image2.png,train/XR_FINGER/patient04724/study1_negative/image2.png,patient03979,patient04724,0,0,4
mura,train/XR_FINGER/patient01592/study1_negative/image1.png,train/XR_FINGER/patient04724/study1_negative/image2.png,patient01592,patient04724,0,0,4
mura,train/XR_FINGER/patient04226/study1_negative/image3.png,train/XR_FINGER/patient04724/study1_negative/image2.png,patient04226,patient04724,0,0,4
mura,train/XR_FINGER/patient02615/study1_negative/image2.png,train/XR_FINGER/patient04724/study1_negative/image2.png,patient02615,patient04724,0,0,4
mura,train/XR_FINGER/patient04307/study1_negative/image3.png,train/XR_FINGER/patient04724/study1_negative/image2.png,patient04307,patient04724,0,0,4
mura,train/XR_FINGER/patient04590/study1_negative/image2.png,train/XR_FINGER/patient04724/study1_negative/image2.png,patient04590,patient04724,0,0,4
mura,train/XR_FINGER/patient04646/study1_negative/image3.png,train/XR_FINGER/patient04724/study1_negative/image2.png,patient04646,patient04724,0,0,4
mura,train/XR_FINGER/patient04649/study1_negative/image2.png,train/XR_FINGER/patient04724/study1_negative/image2.png,patient04649,patient04724,0,0,2
mura,train/XR_FINGER/patient03991/study1_negative/image1.png,train/XR_FINGER/patient04730/study1_negative/image1.png,patient03991,patient04730,0,0,4
mura,train/XR_FINGER/patient03999/study1_negative/image3.png,train/XR_FINGER/patient04730/study1_negative/image1.png,patient03999,patient04730,0,0,2
mura,train/XR_FINGER/patient04105/study1_negative/image3.png,train/XR_FINGER/patient04730/study1_negative/image1.png,patient04105,patient04730,0,0,4
mura,train/XR_FINGER/patient04260/study1_negative/image1.png,train/XR_FINGER/patient04730/study1_negative/image1.png,patient04260,patient04730,0,0,4
mura,train/XR_FINGER/patient04646/study1_negative/image2.png,train/XR_FINGER/patient04730/study1_negative/image1.png,patient04646,patient04730,0,0,4
mura,train/XR_FINGER/patient03596/study1_positive/image3.png,train/XR_FINGER/patient04734/study1_negative/image1.png,patient03596,patient04734,1,0,4
mura,train/XR_FINGER/patient04044/study1_negative/image4.png,train/XR_FINGER/patient04737/study1_negative/image2.png,patient04044,patient04737,0,0,4
mura,train/XR_FINGER/patient04641/study1_negative/image2.png,train/XR_FINGER/patient04737/study1_negative/image2.png,patient04641,patient04737,0,0,4
mura,train/XR_FINGER/patient01992/study1_positive/image1.png,train/XR_FINGER/patient04764/study1_negative/image3.png,patient01992,patient04764,1,0,4
mura,train/XR_FINGER/patient03615/study1_positive/image3.png,train/XR_FINGER/patient04764/study1_negative/image3.png,patient03615,patient04764,1,0,2
mura,train/XR_FINGER/patient03684/study2_negative/image1.png,train/XR_FINGER/patient04764/study1_negative/image3.png,patient03684,patient04764,0,0,4
mura,train/XR_FINGER/patient03756/study1_positive/image1.png,train/XR_FINGER/patient04764/study1_negative/image3.png,patient03756,patient04764,1,0,2
mura,train/XR_FINGER/patient03756/study1_positive/image2.png,train/XR_FINGER/patient04764/study1_negative/image3.png,patient03756,patient04764,1,0,4
mura,train/XR_FINGER/patient03839/study1_negative/image1.png,train/XR_FINGER/patient04764/study1_negative/image3.png,patient03839,patient04764,0,0,4
mura,train/XR_FINGER/patient03903/study1_negative/image1.png,train/XR_FINGER/patient04764/study1_negative/image3.png,patient03903,patient04764,0,0,2
mura,train/XR_FINGER/patient03931/study1_negative/image2.png,train/XR_FINGER/patient04764/study1_negative/image3.png,patient03931,patient04764,0,0,2
mura,train/XR_FINGER/patient03959/study1_negative/image2.png,train/XR_FINGER/patient04764/study1_negative/image3.png,patient03959,patient04764,0,0,4
mura,train/XR_FINGER/patient04012/study1_negative/image3.png,train/XR_FINGER/patient04764/study1_negative/image3.png,patient04012,patient04764,0,0,2
mura,train/XR_FINGER/patient04103/study1_negative/image2.png,train/XR_FINGER/patient04764/study1_negative/image3.png,patient04103,patient04764,0,0,4
mura,train/XR_FINGER/patient04113/study1_negative/image2.png,train/XR_FINGER/patient04764/study1_negative/image3.png,patient04113,patient04764,0,0,4
mura,train/XR_FINGER/patient04164/study1_negative/image5.png,train/XR_FINGER/patient04764/study1_negative/image3.png,patient04164,patient04764,0,0,2
mura,train/XR_FINGER/patient04174/study2_negative/image1.png,train/XR_FINGER/patient04764/study1_negative/image3.png,patient04174,patient04764,0,0,2
mura,train/XR_FINGER/patient04182/study1_negative/image1.png,train/XR_FINGER/patient04764/study1_negative/image3.png,patient04182,patient04764,0,0,2
mura,train/XR_FINGER/patient04354/study1_negative/image1.png,train/XR_FINGER/patient04764/study1_negative/image3.png,patient04354,patient04764,0,0,4
mura,train/XR_FINGER/patient04354/study1_negative/image2.png,train/XR_FINGER/patient04764/study1_negative/image3.png,patient04354,patient04764,0,0,4
mura,train/XR_FINGER/patient04628/study1_negative/image3.png,train/XR_FINGER/patient04764/study1_negative/image3.png,patient04628,patient04764,0,0,2
mura,train/XR_FINGER/patient00243/study1_negative/image2.png,train/XR_FINGER/patient04764/study1_negative/image3.png,patient00243,patient04764,0,0,4
mura,train/XR_FINGER/patient04705/study1_negative/image1.png,train/XR_FINGER/patient04764/study1_negative/image3.png,patient04705,patient04764,0,0,4
mura,train/XR_FINGER/patient03599/study1_positive/image2.png,train/XR_FINGER/patient04772/study1_negative/image2.png,patient03599,patient04772,1,0,4
mura,train/XR_FINGER/patient04434/study1_negative/image2.png,train/XR_FINGER/patient04782/study1_negative/image2.png,patient04434,patient04782,0,0,4
mura,train/XR_FINGER/patient04481/study1_negative/image2.png,train/XR_FINGER/patient04782/study1_negative/image2.png,patient04481,patient04782,0,0,4
mura,train/XR_FINGER/patient04075/study1_negative/image1.png,train/XR_FINGER/patient04801/study1_negative/image1.png,patient04075,patient04801,0,0,4
mura,train/XR_FINGER/patient04561/study1_negative/image2.png,train/XR_FINGER/patient04801/study1_negative/image1.png,patient04561,patient04801,0,0,4
mura,train/XR_FINGER/patient03389/study1_positive/image2.png,train/XR_FINGER/patient04819/study1_negative/image1.png,patient03389,patient04819,1,0,4
mura,train/XR_FINGER/patient03615/study1_positive/image2.png,train/XR_FINGER/patient04819/study1_negative/image1.png,patient03615,patient04819,1,0,4
mura,train/XR_FINGER/patient00238/study2_negative/image3.png,train/XR_FINGER/patient04819/study1_negative/image1.png,patient00238,patient04819,0,0,4
mura,train/XR_FINGER/patient03869/study1_negative/image2.png,train/XR_FINGER/patient04819/study1_negative/image1.png,patient03869,patient04819,0,0,2
mura,train/XR_FINGER/patient01458/study1_negative/image3.png,train/XR_FINGER/patient04819/study1_negative/image1.png,patient01458,patient04819,0,0,4
mura,train/XR_FINGER/patient03979/study1_negative/image2.png,train/XR_FINGER/patient04819/study1_negative/image1.png,patient03979,patient04819,0,0,2
mura,train/XR_FINGER/patient01592/study1_negative/image1.png,train/XR_FINGER/patient04819/study1_negative/image1.png,patient01592,patient04819,0,0,4
mura,train/XR_FINGER/patient04226/study1_negative/image3.png,train/XR_FINGER/patient04819/study1_negative/image1.png,patient04226,patient04819,0,0,2
mura,train/XR_FINGER/patient02615/study1_negative/image2.png,train/XR_FINGER/patient04819/study1_negative/image1.png,patient02615,patient04819,0,0,2
mura,train/XR_FINGER/patient04307/study1_negative/image3.png,train/XR_FINGER/patient04819/study1_negative/image1.png,patient04307,patient04819,0,0,2
mura,train/XR_FINGER/patient04372/study1_negative/image1.png,train/XR_FINGER/patient04819/study1_negative/image1.png,patient04372,patient04819,0,0,2
mura,train/XR_FINGER/patient04416/study1_negative/image1.png,train/XR_FINGER/patient04819/study1_negative/image1.png,patient04416,patient04819,0,0,4
mura,train/XR_FINGER/patient04590/study1_negative/image2.png,train/XR_FINGER/patient04819/study1_negative/image1.png,patient04590,patient04819,0,0,2
mura,train/XR_FINGER/patient04630/study1_negative/image1.png,train/XR_FINGER/patient04819/study1_negative/image1.png,patient04630,patient04819,0,0,4
mura,train/XR_FINGER/patient04646/study1_negative/image3.png,train/XR_FINGER/patient04819/study1_negative/image1.png,patient04646,patient04819,0,0,2
mura,train/XR_FINGER/patient04649/study1_negative/image2.png,train/XR_FINGER/patient04819/study1_negative/image1.png,patient04649,patient04819,0,0,4
mura,train/XR_FINGER/patient03914/study1_negative/image1.png,train/XR_FINGER/patient04823/study1_negative/image1.png,patient03914,patient04823,0,0,4
mura,train/XR_FINGER/patient03916/study1_negative/image2.png,train/XR_FINGER/patient04827/study1_negative/image2.png,patient03916,patient04827,0,0,4
mura,train/XR_FINGER/patient03532/study1_positive/image2.png,train/XR_FINGER/patient04828/study1_negative/image2.png,patient03532,patient04828,1,0,2
mura,train/XR_FINGER/patient04717/study1_negative/image1.png,train/XR_FINGER/patient04831/study1_negative/image1.png,patient04717,patient04831,0,0,4
mura,train/XR_FINGER/patient03917/study1_negative/image2.png,train/XR_FINGER/patient04839/study1_negative/image3.png,patient03917,patient04839,0,0,4
mura,train/XR_FINGER/patient03959/study1_negative/image3.png,train/XR_FINGER/patient04839/study1_negative/image3.png,patient03959,patient04839,0,0,2
mura,train/XR_FINGER/patient03999/study1_negative/image1.png,train/XR_FINGER/patient04839/study1_negative/image3.png,patient03999,patient04839,0,0,4
mura,train/XR_FINGER/patient04328/study1_negative/image3.png,train/XR_FINGER/patient04839/study1_negative/image3.png,patient04328,patient04839,0,0,4
mura,train/XR_FINGER/patient04598/study1_negative/image1.png,train/XR_FINGER/patient04839/study1_negative/image3.png,patient04598,patient04839,0,0,4
mura,train/XR_FINGER/patient04137/study1_negative/image1.png,train/XR_FINGER/patient04862/study1_negative/image2.png,patient04137,patient04862,0,0,4
mura,train/XR_FINGER/patient02615/study1_negative/image3.png,train/XR_FINGER/patient04862/study1_negative/image2.png,patient02615,patient04862,0,0,4
mura,train/XR_FINGER/patient03615/study1_positive/image2.png,train/XR_FINGER/patient04862/study1_negative/image3.png,patient03615,patient04862,1,0,4
mura,train/XR_FINGER/patient03869/study1_negative/image2.png,train/XR_FINGER/patient04862/study1_negative/image3.png,patient03869,patient04862,0,0,4
mura,train/XR_FINGER/patient03979/study1_negative/image2.png,train/XR_FINGER/patient04862/study1_negative/image3.png,patient03979,patient04862,0,0,4
mura,train/XR_FINGER/patient04116/study1_negative/image1.png,train/XR_FINGER/patient04862/study1_negative/image3.png,patient04116,patient04862,0,0,4
mura,train/XR_FINGER/patient04226/study1_negative/image3.png,train/XR_FINGER/patient04862/study1_negative/image3.png,patient04226,patient04862,0,0,4
mura,train/XR_FINGER/patient02615/study1_negative/image2.png,train/XR_FINGER/patient04862/study1_negative/image3.png,patient02615,patient04862,0,0,4
mura,train/XR_FINGER/patient04307/study1_negative/image3.png,train/XR_FINGER/patient04862/study1_negative/image3.png,patient04307,patient04862,0,0,4
mura,train/XR_FINGER/patient04590/study1_negative/image2.png,train/XR_FINGER/patient04862/study1_negative/image3.png,patient04590,patient04862,0,0,4
mura,train/XR_FINGER/patient04646/study1_negative/image3.png,train/XR_FINGER/patient04862/study1_negative/image3.png,patient04646,patient04862,0,0,4
mura,train/XR_FINGER/patient04649/study1_negative/image2.png,train/XR_FINGER/patient04862/study1_negative/image3.png,patient04649,patient04862,0,0,2
mura,train/XR_FINGER/patient04724/study1_negative/image2.png,train/XR_FINGER/patient04862/study1_negative/image3.png,patient04724,patient04862,0,0,4
mura,train/XR_FINGER/patient04374/study1_negative/image2.png,train/XR_FINGER/patient00947/study1_negative/image2.png,patient04374,patient00947,0,0,4
mura,train/XR_FINGER/patient03756/study1_positive/image3.png,train/XR_FINGER/patient00947/study1_negative/image2.png,patient03756,patient00947,1,0,4
mura,train/XR_FINGER/patient00243/study1_negative/image1.png,train/XR_FINGER/patient00947/study1_negative/image2.png,patient00243,patient00947,0,0,4
mura,train/XR_FINGER/patient04014/study1_negative/image2.png,train/XR_FINGER/patient00947/study1_negative/image2.png,patient04014,patient00947,0,0,2
mura,train/XR_FINGER/patient03274/study1_positive/image3.png,train/XR_FINGER/patient04887/study1_negative/image3.png,patient03274,patient04887,1,0,4
mura,train/XR_FINGER/patient04677/study1_negative/image1.png,train/XR_FINGER/patient04887/study1_negative/image3.png,patient04677,patient04887,0,0,4
mura,train/XR_FINGER/patient03803/study1_positive/image2.png,train/XR_FINGER/patient04889/study1_negative/image3.png,patient03803,patient04889,1,0,4
mura,train/XR_FINGER/patient04183/study1_negative/image3.png,train/XR_FINGER/patient04889/study1_negative/image3.png,patient04183,patient04889,0,0,2
mura,train/XR_FINGER/patient03389/study1_positive/image2.png,train/XR_FINGER/patient04902/study1_negative/image2.png,patient03389,patient04902,1,0,4
mura,train/XR_FINGER/patient03615/study1_positive/image2.png,train/XR_FINGER/patient04902/study1_negative/image2.png,patient03615,patient04902,1,0,4
mura,train/XR_FINGER/patient00238/study2_negative/image3.png,train/XR_FINGER/patient04902/study1_negative/image2.png,patient00238,patient04902,0,0,4
mura,train/XR_FINGER/patient03869/study1_negative/image2.png,train/XR_FINGER/patient04902/study1_negative/image2.png,patient03869,patient04902,0,0,2
mura,train/XR_FINGER/patient01458/study1_negative/image3.png,train/XR_FINGER/patient04902/study1_negative/image2.png,patient01458,patient04902,0,0,4
mura,train/XR_FINGER/patient03979/study1_negative/image2.png,train/XR_FINGER/patient04902/study1_negative/image2.png,patient03979,patient04902,0,0,2
mura,train/XR_FINGER/patient01592/study1_negative/image1.png,train/XR_FINGER/patient04902/study1_negative/image2.png,patient01592,patient04902,0,0,2
mura,train/XR_FINGER/patient04226/study1_negative/image3.png,train/XR_FINGER/patient04902/study1_negative/image2.png,patient04226,patient04902,0,0,2
mura,train/XR_FINGER/patient02615/study1_negative/image2.png,train/XR_FINGER/patient04902/study1_negative/image2.png,patient02615,patient04902,0,0,2
mura,train/XR_FINGER/patient04307/study1_negative/image3.png,train/XR_FINGER/patient04902/study1_negative/image2.png,patient04307,patient04902,0,0,2
mura,train/XR_FINGER/patient04372/study1_negative/image1.png,train/XR_FINGER/patient04902/study1_negative/image2.png,patient04372,patient04902,0,0,4
mura,train/XR_FINGER/patient04590/study1_negative/image2.png,train/XR_FINGER/patient04902/study1_negative/image2.png,patient04590,patient04902,0,0,2
mura,train/XR_FINGER/patient04630/study1_negative/image1.png,train/XR_FINGER/patient04902/study1_negative/image2.png,patient04630,patient04902,0,0,4
mura,train/XR_FINGER/patient04646/study1_negative/image3.png,train/XR_FINGER/patient04902/study1_negative/image2.png,patient04646,patient04902,0,0,2
mura,train/XR_FINGER/patient04649/study1_negative/image2.png,train/XR_FINGER/patient04902/study1_negative/image2.png,patient04649,patient04902,0,0,4
mura,train/XR_FINGER/patient04724/study1_negative/image2.png,train/XR_FINGER/patient04902/study1_negative/image2.png,patient04724,patient04902,0,0,4
mura,train/XR_FINGER/patient04819/study1_negative/image1.png,train/XR_FINGER/patient04902/study1_negative/image2.png,patient04819,patient04902,0,0,4
mura,train/XR_FINGER/patient03869/study1_negative/image2.png,train/XR_FINGER/patient04902/study1_negative/image3.png,patient03869,patient04902,0,0,4
mura,train/XR_FINGER/patient03913/study1_negative/image3.png,train/XR_FINGER/patient04902/study1_negative/image3.png,patient03913,patient04902,0,0,4
mura,train/XR_FINGER/patient03914/study1_negative/image3.png,train/XR_FINGER/patient04902/study1_negative/image3.png,patient03914,patient04902,0,0,4
mura,train/XR_FINGER/patient03979/study1_negative/image2.png,train/XR_FINGER/patient04902/study1_negative/image3.png,patient03979,patient04902,0,0,4
mura,train/XR_FINGER/patient01592/study1_negative/image1.png,train/XR_FINGER/patient04902/study1_negative/image3.png,patient01592,patient04902,0,0,2
mura,train/XR_FINGER/patient04226/study1_negative/image3.png,train/XR_FINGER/patient04902/study1_negative/image3.png,patient04226,patient04902,0,0,4
mura,train/XR_FINGER/patient02615/study1_negative/image2.png,train/XR_FINGER/patient04902/study1_negative/image3.png,patient02615,patient04902,0,0,4
mura,train/XR_FINGER/patient04307/study1_negative/image3.png,train/XR_FINGER/patient04902/study1_negative/image3.png,patient04307,patient04902,0,0,4
mura,train/XR_FINGER/patient04590/study1_negative/image2.png,train/XR_FINGER/patient04902/study1_negative/image3.png,patient04590,patient04902,0,0,4
mura,train/XR_FINGER/patient04646/study1_negative/image3.png,train/XR_FINGER/patient04902/study1_negative/image3.png,patient04646,patient04902,0,0,4
mura,train/XR_FINGER/patient04649/study1_negative/image3.png,train/XR_FINGER/patient04902/study1_negative/image3.png,patient04649,patient04902,0,0,4
mura,train/XR_FINGER/patient04107/study1_negative/image1.png,train/XR_ELBOW/patient05331/study1_positive/image3.png,patient04107,patient05331,0,1,2
mura,train/XR_ELBOW/patient05321/study1_positive/image5.png,train/XR_ELBOW/patient05404/study1_positive/image1.png,patient05321,patient05404,1,1,4
mura,train/XR_ELBOW/patient05695/study1_negative/image1.png,train/XR_ELBOW/patient05703/study1_negative/image1.png,patient05695,patient05703,0,0,4
mura,train/XR_ELBOW/patient05283/study1_positive/image1.png,train/XR_ELBOW/patient05753/study1_negative/image2.png,patient05283,patient05753,1,0,4
mura,train/XR_ELBOW/patient05283/study1_positive/image3.png,train/XR_ELBOW/patient05753/study1_negative/image2.png,patient05283,patient05753,1,0,4
mura,train/XR_FINGER/patient04416/study1_negative/image1.png,train/XR_ELBOW/patient05889/study1_negative/image1.png,patient04416,patient05889,0,0,4
mura,train/XR_ELBOW/patient05679/study1_negative/image2.png,train/XR_ELBOW/patient05978/study1_negative/image1.png,patient05679,patient05978,0,0,4
mura,train/XR_ELBOW/patient03557/study1_negative/image4.png,train/XR_ELBOW/patient05992/study1_negative/image1.png,patient03557,patient05992,0,0,4
mura,train/XR_ELBOW/patient05285/study1_positive/image4.png,train/XR_ELBOW/patient06116/study1_negative/image3.png,patient05285,patient06116,1,0,4
mura,train/XR_ELBOW/patient05583/study1_negative/image3.png,train/XR_ELBOW/patient06144/study1_negative/image2.png,patient05583,patient06144,0,0,4
mura,train/XR_ELBOW/patient05171/study1_positive/image4.png,train/XR_ELBOW/patient06167/study1_negative/image1.png,patient05171,patient06167,1,0,4
mura,train/XR_ELBOW/patient06036/study1_negative/image1.png,train/XR_ELBOW/patient06219/study1_negative/image2.png,patient06036,patient06219,0,0,4
mura,train/XR_ELBOW/patient05854/study1_negative/image2.png,train/XR_ELBOW/patient06268/study1_negative/image1.png,patient05854,patient06268,0,0,4
mura,train/XR_ELBOW/patient05056/study1_positive/image3.png,train/XR_ELBOW/patient06284/study1_negative/image4.png,patient05056,patient06284,1,0,4
mura,train/XR_ELBOW/patient05458/study1_positive/image2.png,train/XR_ELBOW/patient06322/study1_negative/image3.png,patient05458,patient06322,1,0,4
mura,train/XR_FINGER/patient04035/study1_negative/image2.png,train/XR_WRIST/patient06465/study1_positive/image1.png,patient04035,patient06465,0,1,4
mura,train/XR_FINGER/patient02526/study1_negative/image2.png,train/XR_WRIST/patient06610/study1_positive/image4.png,patient02526,patient06610,0,1,4
mura,train/XR_FINGER/patient03615/study1_positive/image2.png,train/XR_WRIST/patient03402/study1_positive/image1.png,patient03615,patient03402,1,1,2
mura,train/XR_FINGER/patient03743/study1_positive/image2.png,train/XR_WRIST/patient03402/study1_positive/image1.png,patient03743,patient03402,1,1,4
mura,train/XR_FINGER/patient03743/study1_positive/image3.png,train/XR_WRIST/patient03402/study1_positive/image1.png,patient03743,patient03402,1,1,4
mura,train/XR_FINGER/patient00238/study2_negative/image3.png,train/XR_WRIST/patient03402/study1_positive/image1.png,patient00238,patient03402,0,1,4
mura,train/XR_FINGER/patient03768/study1_positive/image2.png,train/XR_WRIST/patient03402/study1_positive/image1.png,patient03768,patient03402,1,1,4
mura,train/XR_FINGER/patient03869/study1_negative/image2.png,train/XR_WRIST/patient03402/study1_positive/image1.png,patient03869,patient03402,0,1,2
mura,train/XR_FINGER/patient01458/study1_negative/image3.png,train/XR_WRIST/patient03402/study1_positive/image1.png,patient01458,patient03402,0,1,4
mura,train/XR_FINGER/patient03979/study1_negative/image2.png,train/XR_WRIST/patient03402/study1_positive/image1.png,patient03979,patient03402,0,1,2
mura,train/XR_FINGER/patient01592/study1_negative/image1.png,train/XR_WRIST/patient03402/study1_positive/image1.png,patient01592,patient03402,0,1,4
mura,train/XR_FINGER/patient04226/study1_negative/image3.png,train/XR_WRIST/patient03402/study1_positive/image1.png,patient04226,patient03402,0,1,2
mura,train/XR_FINGER/patient02615/study1_negative/image2.png,train/XR_WRIST/patient03402/study1_positive/image1.png,patient02615,patient03402,0,1,2
mura,train/XR_FINGER/patient04307/study1_negative/image3.png,train/XR_WRIST/patient03402/study1_positive/image1.png,patient04307,patient03402,0,1,2
mura,train/XR_FINGER/patient04372/study1_negative/image1.png,train/XR_WRIST/patient03402/study1_positive/image1.png,patient04372,patient03402,0,1,4
mura,train/XR_FINGER/patient04445/study1_negative/image3.png,train/XR_WRIST/patient03402/study1_positive/image1.png,patient04445,patient03402,0,1,4
mura,train/XR_FINGER/patient04590/study1_negative/image2.png,train/XR_WRIST/patient03402/study1_positive/image1.png,patient04590,patient03402,0,1,2
mura,train/XR_FINGER/patient04630/study1_negative/image1.png,train/XR_WRIST/patient03402/study1_positive/image1.png,patient04630,patient03402,0,1,4
mura,train/XR_FINGER/patient04646/study1_negative/image3.png,train/XR_WRIST/patient03402/study1_positive/image1.png,patient04646,patient03402,0,1,2
mura,train/XR_FINGER/patient04649/study1_negative/image2.png,train/XR_WRIST/patient03402/study1_positive/image1.png,patient04649,patient03402,0,1,4
mura,train/XR_FINGER/patient04819/study1_negative/image1.png,train/XR_WRIST/patient03402/study1_positive/image1.png,patient04819,patient03402,0,1,4
mura,train/XR_FINGER/patient04862/study1_negative/image3.png,train/XR_WRIST/patient03402/study1_positive/image1.png,patient04862,patient03402,0,1,4
mura,train/XR_FINGER/patient04902/study1_negative/image2.png,train/XR_WRIST/patient03402/study1_positive/image1.png,patient04902,patient03402,0,1,4
mura,train/XR_FINGER/patient04090/study1_negative/image1.png,train/XR_WRIST/patient01395/study2_negative/image2.png,patient04090,patient01395,0,0,4
mura,train/XR_FINGER/patient04558/study1_negative/image3.png,train/XR_WRIST/patient00936/study1_positive/image2.png,patient04558,patient00936,0,1,4
mura,train/XR_FINGER/patient03999/study1_negative/image1.png,train/XR_WRIST/patient05219/study1_positive/image3.png,patient03999,patient05219,0,1,4
mura,train/XR_FINGER/patient04445/study1_negative/image3.png,train/XR_WRIST/patient05219/study1_positive/image3.png,patient04445,patient05219,0,1,4
mura,train/XR_WRIST/patient06415/study1_positive/image3.png,train/XR_WRIST/patient06811/study1_positive/image1.png,patient06415,patient06811,1,1,4
mura,train/XR_FINGER/patient03351/study1_positive/image1.png,train/XR_WRIST/patient06877/study1_positive/image2.png,patient03351,patient06877,1,1,4
mura,train/XR_FINGER/patient04705/study1_negative/image1.png,train/XR_WRIST/patient06895/study2_negative/image1.png,patient04705,patient06895,0,0,4
mura,train/XR_FINGER/patient04764/study1_negative/image3.png,train/XR_WRIST/patient06895/study2_negative/image1.png,patient04764,patient06895,0,0,4
mura,train/XR_WRIST/patient06818/study1_positive/image1.png,train/XR_WRIST/patient06908/study1_positive/image1.png,patient06818,patient06908,1,1,4
mura,train/XR_WRIST/patient06882/study1_positive/image2.png,train/XR_WRIST/patient06948/study1_positive/image4.png,patient06882,patient06948,1,1,4
mura,train/XR_WRIST/patient06702/study1_positive/image1.png,train/XR_WRIST/patient06960/study1_positive/image1.png,patient06702,patient06960,1,1,4
mura,train/XR_WRIST/patient06474/study1_positive/image1.png,train/XR_WRIST/patient06968/study1_positive/image1.png,patient06474,patient06968,1,1,4
mura,train/XR_WRIST/patient05445/study1_positive/image3.png,train/XR_WRIST/patient03050/study1_positive/image2.png,patient05445,patient03050,1,1,4
mura,train/XR_WRIST/patient06642/study1_positive/image1.png,train/XR_WRIST/patient07031/study1_positive/image3.png,patient06642,patient07031,1,1,4
mura,train/XR_WRIST/patient06866/study1_positive/image1.png,train/XR_WRIST/patient03616/study1_positive/image1.png,patient06866,patient03616,1,1,2
mura,train/XR_WRIST/patient03944/study1_positive/image2.png,train/XR_WRIST/patient07052/study1_positive/image1.png,patient03944,patient07052,1,1,4
mura,train/XR_WRIST/patient03944/study1_positive/image4.png,train/XR_WRIST/patient07089/study2_negative/image2.png,patient03944,patient07089,1,0,4
mura,train/XR_WRIST/patient06607/study2_positive/image1.png,train/XR_WRIST/patient07124/study1_positive/image1.png,patient06607,patient07124,1,1,4
mura,train/XR_ELBOW/patient06211/study1_negative/image3.png,train/XR_WRIST/patient07124/study1_positive/image1.png,patient06211,patient07124,0,1,4
mura,train/XR_FINGER/patient01087/study1_positive/image2.png,train/XR_WRIST/patient07125/study2_positive/image3.png,patient01087,patient07125,1,1,4
mura,train/XR_FINGER/patient04372/study1_negative/image1.png,train/XR_WRIST/patient01514/study2_negative/image2.png,patient04372,patient01514,0,0,4
mura,train/XR_FINGER/patient04819/study1_negative/image1.png,train/XR_WRIST/patient01514/study2_negative/image2.png,patient04819,patient01514,0,0,4
mura,train/XR_WRIST/patient06782/study1_positive/image2.png,train/XR_WRIST/patient07145/study1_positive/image1.png,patient06782,patient07145,1,1,4
mura,train/XR_FINGER/patient04441/study1_negative/image3.png,train/XR_WRIST/patient07147/study1_positive/image1.png,patient04441,patient07147,0,1,4
mura,train/XR_WRIST/patient04084/study1_positive/image1.png,train/XR_WRIST/patient07150/study1_positive/image2.png,patient04084,patient07150,1,1,4
mura,train/XR_WRIST/patient06799/study1_positive/image2.png,train/XR_WRIST/patient07156/study1_positive/image3.png,patient06799,patient07156,1,1,4
mura,train/XR_WRIST/patient07033/study1_positive/image3.png,train/XR_WRIST/patient07229/study1_positive/image2.png,patient07033,patient07229,1,1,4
mura,train/XR_WRIST/patient07145/study1_positive/image4.png,train/XR_WRIST/patient07245/study1_positive/image1.png,patient07145,patient07245,1,1,4
mura,train/XR_WRIST/patient06869/study1_positive/image1.png,train/XR_WRIST/patient07250/study1_positive/image1.png,patient06869,patient07250,1,1,4
mura,train/XR_FINGER/patient01992/study1_positive/image1.png,train/XR_WRIST/patient00032/study1_positive/image1.png,patient01992,patient00032,1,1,4
mura,train/XR_FINGER/patient03410/study1_positive/image3.png,train/XR_WRIST/patient00032/study1_positive/image1.png,patient03410,patient00032,1,1,2
mura,train/XR_FINGER/patient03587/study1_positive/image2.png,train/XR_WRIST/patient00032/study1_positive/image1.png,patient03587,patient00032,1,1,4
mura,train/XR_FINGER/patient03615/study1_positive/image3.png,train/XR_WRIST/patient00032/study1_positive/image1.png,patient03615,patient00032,1,1,2
mura,train/XR_FINGER/patient03756/study1_positive/image1.png,train/XR_WRIST/patient00032/study1_positive/image1.png,patient03756,patient00032,1,1,2
mura,train/XR_FINGER/patient03756/study1_positive/image2.png,train/XR_WRIST/patient00032/study1_positive/image1.png,patient03756,patient00032,1,1,4
mura,train/XR_FINGER/patient03760/study1_positive/image2.png,train/XR_WRIST/patient00032/study1_positive/image1.png,patient03760,patient00032,1,1,4
mura,train/XR_FINGER/patient03839/study1_negative/image1.png,train/XR_WRIST/patient00032/study1_positive/image1.png,patient03839,patient00032,0,1,4
mura,train/XR_FINGER/patient03903/study1_negative/image1.png,train/XR_WRIST/patient00032/study1_positive/image1.png,patient03903,patient00032,0,1,2
mura,train/XR_FINGER/patient03931/study1_negative/image2.png,train/XR_WRIST/patient00032/study1_positive/image1.png,patient03931,patient00032,0,1,2
mura,train/XR_FINGER/patient03959/study1_negative/image2.png,train/XR_WRIST/patient00032/study1_positive/image1.png,patient03959,patient00032,0,1,4
mura,train/XR_FINGER/patient04012/study1_negative/image3.png,train/XR_WRIST/patient00032/study1_positive/image1.png,patient04012,patient00032,0,1,2
mura,train/XR_FINGER/patient04014/study1_negative/image2.png,train/XR_WRIST/patient00032/study1_positive/image1.png,patient04014,patient00032,0,1,4
mura,train/XR_FINGER/patient04103/study1_negative/image2.png,train/XR_WRIST/patient00032/study1_positive/image1.png,patient04103,patient00032,0,1,2
mura,train/XR_FINGER/patient04108/study1_negative/image1.png,train/XR_WRIST/patient00032/study1_positive/image1.png,patient04108,patient00032,0,1,4
mura,train/XR_FINGER/patient04164/study1_negative/image5.png,train/XR_WRIST/patient00032/study1_positive/image1.png,patient04164,patient00032,0,1,2
mura,train/XR_FINGER/patient04174/study2_negative/image1.png,train/XR_WRIST/patient00032/study1_positive/image1.png,patient04174,patient00032,0,1,2
mura,train/XR_FINGER/patient04182/study1_negative/image1.png,train/XR_WRIST/patient00032/study1_positive/image1.png,patient04182,patient00032,0,1,2
mura,train/XR_FINGER/patient04182/study1_negative/image3.png,train/XR_WRIST/patient00032/study1_positive/image1.png,patient04182,patient00032,0,1,4
mura,train/XR_FINGER/patient04354/study1_negative/image1.png,train/XR_WRIST/patient00032/study1_positive/image1.png,patient04354,patient00032,0,1,4
mura,train/XR_FINGER/patient04354/study1_negative/image2.png,train/XR_WRIST/patient00032/study1_positive/image1.png,patient04354,patient00032,0,1,4
mura,train/XR_FINGER/patient04445/study1_negative/image2.png,train/XR_WRIST/patient00032/study1_positive/image1.png,patient04445,patient00032,0,1,4
mura,train/XR_FINGER/patient04628/study1_negative/image3.png,train/XR_WRIST/patient00032/study1_positive/image1.png,patient04628,patient00032,0,1,2
mura,train/XR_FINGER/patient00243/study1_negative/image1.png,train/XR_WRIST/patient00032/study1_positive/image1.png,patient00243,patient00032,0,1,2
mura,train/XR_FINGER/patient04705/study1_negative/image1.png,train/XR_WRIST/patient00032/study1_positive/image1.png,patient04705,patient00032,0,1,2
mura,train/XR_FINGER/patient04764/study1_negative/image3.png,train/XR_WRIST/patient00032/study1_positive/image1.png,patient04764,patient00032,0,1,4
mura,train/XR_FINGER/patient01320/study1_negative/image3.png,train/XR_WRIST/patient00032/study1_positive/image1.png,patient01320,patient00032,0,1,4
mura,train/XR_WRIST/patient06887/study1_positive/image2.png,train/XR_WRIST/patient02629/study1_positive/image3.png,patient06887,patient02629,1,1,4
mura,train/XR_WRIST/patient06607/study1_positive/image3.png,train/XR_WRIST/patient07277/study1_positive/image3.png,patient06607,patient07277,1,1,4
mura,train/XR_WRIST/patient04179/study2_negative/image2.png,train/XR_WRIST/patient07277/study1_positive/image3.png,patient04179,patient07277,0,1,2
mura,train/XR_WRIST/patient06887/study1_positive/image2.png,train/XR_WRIST/patient07286/study1_positive/image3.png,patient06887,patient07286,1,1,4
mura,train/XR_WRIST/patient05302/study1_positive/image4.png,train/XR_WRIST/patient07286/study1_positive/image3.png,patient05302,patient07286,1,1,4
mura,train/XR_WRIST/patient07186/study1_positive/image1.png,train/XR_WRIST/patient07313/study1_positive/image2.png,patient07186,patient07313,1,1,4
mura,train/XR_FINGER/patient04650/study1_negative/image2.png,train/XR_WRIST/patient07357/study1_positive/image3.png,patient04650,patient07357,0,1,4
mura,train/XR_WRIST/patient07167/study1_positive/image2.png,train/XR_WRIST/patient07358/study1_positive/image3.png,patient07167,patient07358,1,1,4
mura,train/XR_WRIST/patient07016/study1_positive/image3.png,train/XR_WRIST/patient07389/study1_positive/image2.png,patient07016,patient07389,1,1,4
mura,train/XR_FINGER/patient04166/study2_negative/image3.png,train/XR_WRIST/patient07389/study1_positive/image3.png,patient04166,patient07389,0,1,4
mura,train/XR_FINGER/patient03442/study1_positive/image2.png,train/XR_WRIST/patient07389/study1_positive/image4.png,patient03442,patient07389,1,1,4
mura,train/XR_WRIST/patient07064/study1_positive/image2.png,train/XR_WRIST/patient02766/study1_positive/image2.png,patient07064,patient02766,1,1,4
mura,train/XR_WRIST/patient06835/study1_positive/image2.png,train/XR_WRIST/patient07441/study1_negative/image1.png,patient06835,patient07441,1,0,4
mura,train/XR_WRIST/patient07389/study1_positive/image3.png,train/XR_WRIST/patient07473/study1_negative/image2.png,patient07389,patient07473,1,0,4
mura,train/XR_FINGER/patient03227/study1_positive/image3.png,train/XR_WRIST/patient07499/study1_negative/image1.png,patient03227,patient07499,1,0,4
mura,train/XR_WRIST/patient07145/study1_positive/image1.png,train/XR_WRIST/patient07500/study1_negative/image3.png,patient07145,patient07500,1,0,2
mura,train/XR_FINGER/patient04441/study1_negative/image1.png,train/XR_WRIST/patient07506/study1_negative/image2.png,patient04441,patient07506,0,0,4
mura,train/XR_FINGER/patient04441/study1_negative/image2.png,train/XR_WRIST/patient07506/study1_negative/image2.png,patient04441,patient07506,0,0,4
mura,train/XR_FINGER/patient03238/study1_positive/image2.png,train/XR_WRIST/patient07567/study1_negative/image2.png,patient03238,patient07567,1,0,4
mura,train/XR_WRIST/patient04320/study1_positive/image3.png,train/XR_WRIST/patient03201/study1_negative/image1.png,patient04320,patient03201,1,0,4
mura,train/XR_WRIST/patient07541/study1_negative/image3.png,train/XR_WRIST/patient07591/study1_negative/image2.png,patient07541,patient07591,0,0,4
mura,train/XR_FINGER/patient04244/study1_negative/image2.png,train/XR_WRIST/patient07605/study1_negative/image3.png,patient04244,patient07605,0,0,4
mura,train/XR_WRIST/patient07265/study2_negative/image1.png,train/XR_WRIST/patient07712/study1_negative/image2.png,patient07265,patient07712,0,0,4
mura,train/XR_WRIST/patient07090/study1_positive/image3.png,train/XR_WRIST/patient07718/study2_negative/image1.png,patient07090,patient07718,1,0,2
mura,train/XR_FINGER/patient04764/study1_negative/image3.png,train/XR_WRIST/patient07723/study1_negative/image1.png,patient04764,patient07723,0,0,4
mura,train/XR_FINGER/patient03820/study1_negative/image1.png,train/XR_WRIST/patient07879/study1_negative/image1.png,patient03820,patient07879,0,0,4
mura,train/XR_WRIST/patient06932/study1_positive/image2.png,train/XR_WRIST/patient07884/study1_negative/image3.png,patient06932,patient07884,1,0,4
mura,train/XR_WRIST/patient06826/study1_positive/image1.png,train/XR_WRIST/patient07894/study1_negative/image2.png,patient06826,patient07894,1,0,4
mura,train/XR_FINGER/patient03086/study1_negative/image1.png,train/XR_WRIST/patient01412/study1_negative/image2.png,patient03086,patient01412,0,0,4
mura,train/XR_FINGER/patient04441/study1_negative/image1.png,train/XR_WRIST/patient01412/study1_negative/image3.png,patient04441,patient01412,0,0,2
mura,train/XR_FINGER/patient04441/study1_negative/image2.png,train/XR_WRIST/patient01412/study1_negative/image3.png,patient04441,patient01412,0,0,2
mura,train/XR_WRIST/patient06982/study1_positive/image1.png,train/XR_WRIST/patient07909/study1_negative/image3.png,patient06982,patient07909,1,0,4
mura,train/XR_WRIST/patient07884/study1_negative/image3.png,train/XR_WRIST/patient04010/study1_negative/image2.png,patient07884,patient04010,0,0,4
mura,train/XR_WRIST/patient06932/study1_positive/image2.png,train/XR_WRIST/patient04010/study1_negative/image2.png,patient06932,patient04010,1,0,4
mura,train/XR_WRIST/patient06779/study2_negative/image3.png,train/XR_WRIST/patient04010/study1_negative/image3.png,patient06779,patient04010,0,0,2
mura,train/XR_WRIST/patient06528/study1_positive/image3.png,train/XR_WRIST/patient07985/study1_negative/image2.png,patient06528,patient07985,1,0,4
mura,train/XR_WRIST/patient06770/study1_positive/image2.png,train/XR_WRIST/patient07985/study1_negative/image2.png,patient06770,patient07985,1,0,4
mura,train/XR_WRIST/patient04010/study1_negative/image2.png,train/XR_WRIST/patient08009/study1_negative/image3.png,patient04010,patient08009,0,0,4
mura,train/XR_FINGER/patient01320/study1_negative/image3.png,train/XR_WRIST/patient08009/study1_negative/image3.png,patient01320,patient08009,0,0,4
mura,train/XR_WRIST/patient04825/study1_positive/image2.png,train/XR_WRIST/patient00262/study1_negative/image4.png,patient04825,patient00262,1,0,4
mura,train/XR_FINGER/patient03369/study1_positive/image2.png,train/XR_WRIST/patient08033/study1_negative/image2.png,patient03369,patient08033,1,0,4
mura,train/XR_FINGER/patient04081/study1_negative/image3.png,train/XR_WRIST/patient08040/study1_negative/image3.png,patient04081,patient08040,0,0,4
mura,train/XR_WRIST/patient07575/study1_negative/image1.png,train/XR_WRIST/patient08045/study1_negative/image3.png,patient07575,patient08045,0,0,4
mura,train/XR_WRIST/patient04750/study1_positive/image1.png,train/XR_WRIST/patient08049/study1_negative/image3.png,patient04750,patient08049,1,0,0
mura,train/XR_WRIST/patient06461/study1_positive/image3.png,train/XR_WRIST/patient08080/study1_negative/image3.png,patient06461,patient08080,1,0,4
mura,train/XR_WRIST/patient07060/study1_positive/image2.png,train/XR_WRIST/patient08102/study1_negative/image3.png,patient07060,patient08102,1,0,4
mura,train/XR_WRIST/patient07167/study1_positive/image3.png,train/XR_WRIST/patient08102/study1_negative/image3.png,patient07167,patient08102,1,0,2
mura,train/XR_FINGER/patient03236/study1_positive/image2.png,train/XR_WRIST/patient08111/study1_negative/image1.png,patient03236,patient08111,1,0,4
mura,train/XR_FINGER/patient03979/study1_negative/image3.png,train/XR_WRIST/patient08111/study1_negative/image1.png,patient03979,patient08111,0,0,4
mura,train/XR_WRIST/patient06390/study1_positive/image1.png,train/XR_WRIST/patient08119/study1_negative/image2.png,patient06390,patient08119,1,0,4
mura,train/XR_ELBOW/patient00196/study1_positive/image1.png,train/XR_WRIST/patient08134/study1_negative/image1.png,patient00196,patient08134,1,0,4
mura,train/XR_WRIST/patient06755/study1_positive/image1.png,train/XR_WRIST/patient08135/study1_negative/image1.png,patient06755,patient08135,1,0,4
mura,train/XR_FINGER/patient04416/study1_negative/image1.png,train/XR_WRIST/patient08137/study1_negative/image1.png,patient04416,patient08137,0,0,4
mura,train/XR_FINGER/patient04416/study1_negative/image1.png,train/XR_WRIST/patient08137/study1_negative/image2.png,patient04416,patient08137,0,0,4
mura,train/XR_FINGER/patient03547/study1_positive/image2.png,train/XR_WRIST/patient08137/study1_negative/image3.png,patient03547,patient08137,1,0,4
mura,train/XR_WRIST/patient06866/study1_positive/image1.png,train/XR_WRIST/patient08137/study1_negative/image3.png,patient06866,patient08137,1,0,2
mura,train/XR_WRIST/patient03616/study1_positive/image1.png,train/XR_WRIST/patient08137/study1_negative/image3.png,patient03616,patient08137,1,0,4
mura,train/XR_WRIST/patient07927/study1_negative/image2.png,train/XR_WRIST/patient08140/study1_negative/image3.png,patient07927,patient08140,0,0,4
mura,train/XR_WRIST/patient06728/study1_positive/image3.png,train/XR_WRIST/patient08151/study1_negative/image1.png,patient06728,patient08151,1,0,4
mura,train/XR_WRIST/patient06467/study1_positive/image3.png,train/XR_WRIST/patient08151/study1_negative/image2.png,patient06467,patient08151,1,0,4
mura,train/XR_WRIST/patient07712/study1_negative/image2.png,train/XR_WRIST/patient08154/study1_negative/image1.png,patient07712,patient08154,0,0,4
mura,train/XR_WRIST/patient07265/study2_negative/image1.png,train/XR_WRIST/patient08154/study1_negative/image1.png,patient07265,patient08154,0,0,4
mura,train/XR_FINGER/patient04403/study1_negative/image2.png,train/XR_WRIST/patient08155/study1_negative/image4.png,patient04403,patient08155,0,0,4
mura,train/XR_ELBOW/patient05107/study1_positive/image3.png,train/XR_WRIST/patient08174/study1_negative/image1.png,patient05107,patient08174,1,0,4
mura,train/XR_FINGER/patient04008/study1_negative/image1.png,train/XR_WRIST/patient08185/study1_negative/image3.png,patient04008,patient08185,0,0,4
mura,train/XR_FINGER/patient04008/study1_negative/image2.png,train/XR_WRIST/patient08185/study1_negative/image3.png,patient04008,patient08185,0,0,4
mura,train/XR_WRIST/patient08154/study1_negative/image1.png,train/XR_WRIST/patient08212/study1_negative/image1.png,patient08154,patient08212,0,0,4
mura,train/XR_WRIST/patient07265/study2_negative/image1.png,train/XR_WRIST/patient08212/study1_negative/image1.png,patient07265,patient08212,0,0,4
mura,train/XR_WRIST/patient07431/study1_negative/image1.png,train/XR_WRIST/patient05725/study1_negative/image1.png,patient07431,patient05725,0,0,4
mura,train/XR_WRIST/patient00032/study1_positive/image1.png,train/XR_WRIST/patient08239/study1_negative/image2.png,patient00032,patient08239,1,0,4
mura,train/XR_WRIST/patient07304/study1_positive/image1.png,train/XR_WRIST/patient08241/study1_negative/image1.png,patient07304,patient08241,1,0,4
mura,train/XR_WRIST/patient04584/study1_negative/image2.png,train/XR_WRIST/patient05090/study1_negative/image2.png,patient04584,patient05090,0,0,4
mura,train/XR_FINGER/patient04636/study1_negative/image1.png,train/XR_WRIST/patient08271/study1_negative/image1.png,patient04636,patient08271,0,0,4
mura,train/XR_FINGER/patient03729/study1_positive/image3.png,train/XR_WRIST/patient08289/study1_negative/image1.png,patient03729,patient08289,1,0,4
mura,train/XR_WRIST/patient07177/study1_positive/image1.png,train/XR_WRIST/patient08289/study1_negative/image4.png,patient07177,patient08289,1,0,4
mura,train/XR_FINGER/patient03768/study1_positive/image2.png,train/XR_WRIST/patient08312/study1_negative/image1.png,patient03768,patient08312,1,0,4
mura,train/XR_WRIST/patient06702/study1_positive/image1.png,train/XR_WRIST/patient08315/study1_negative/image3.png,patient06702,patient08315,1,0,4
mura,train/XR_WRIST/patient06960/study1_positive/image1.png,train/XR_WRIST/patient08315/study1_negative/image3.png,patient06960,patient08315,1,0,2
mura,train/XR_WRIST/patient08155/study1_negative/image2.png,train/XR_WRIST/patient08316/study1_negative/image1.png,patient08155,patient08316,0,0,4
mura,train/XR_WRIST/patient08119/study1_negative/image2.png,train/XR_WRIST/patient08318/study1_negative/image3.png,patient08119,patient08318,0,0,2
mura,train/XR_WRIST/patient08287/study1_negative/image4.png,train/XR_WRIST/patient08318/study1_negative/image3.png,patient08287,patient08318,0,0,4
mura,train/XR_WRIST/patient06390/study1_positive/image1.png,train/XR_WRIST/patient08318/study1_negative/image3.png,patient06390,patient08318,1,0,4
mura,train/XR_FINGER/patient03968/study1_negative/image2.png,train/XR_WRIST/patient08322/study1_negative/image2.png,patient03968,patient08322,0,0,4
mura,train/XR_FINGER/patient04583/study1_negative/image1.png,train/XR_WRIST/patient08322/study1_negative/image2.png,patient04583,patient08322,0,0,4
mura,train/XR_WRIST/patient05030/study1_positive/image3.png,train/XR_WRIST/patient08327/study1_negative/image3.png,patient05030,patient08327,1,0,4
mura,train/XR_WRIST/patient07146/study1_positive/image1.png,train/XR_WRIST/patient08329/study1_negative/image1.png,patient07146,patient08329,1,0,4
mura,train/XR_WRIST/patient07515/study1_negative/image1.png,train/XR_WRIST/patient08335/study1_negative/image2.png,patient07515,patient08335,0,0,4
mura,train/XR_WRIST/patient07515/study1_negative/image1.png,train/XR_WRIST/patient08335/study1_negative/image3.png,patient07515,patient08335,0,0,4
mura,train/XR_WRIST/patient05276/study1_negative/image3.png,train/XR_WRIST/patient08352/study1_negative/image1.png,patient05276,patient08352,0,0,4
mura,train/XR_WRIST/patient08151/study1_negative/image1.png,train/XR_WRIST/patient00399/study1_negative/image1.png,patient08151,patient00399,0,0,4
mura,train/XR_WRIST/patient06532/study1_positive/image1.png,train/XR_WRIST/patient08370/study1_negative/image1.png,patient06532,patient08370,1,0,4
mura,train/XR_WRIST/patient01541/study1_negative/image1.png,train/XR_WRIST/patient08373/study1_negative/image1.png,patient01541,patient08373,0,0,4
mura,train/XR_WRIST/patient07671/study2_negative/image3.png,train/XR_WRIST/patient08374/study1_negative/image3.png,patient07671,patient08374,0,0,2
mura,train/XR_WRIST/patient06828/study1_positive/image2.png,train/XR_WRIST/patient08383/study1_negative/image1.png,patient06828,patient08383,1,0,4
mura,train/XR_WRIST/patient06158/study1_negative/image2.png,train/XR_WRIST/patient08394/study1_negative/image1.png,patient06158,patient08394,0,0,4
mura,train/XR_FINGER/patient03869/study1_negative/image2.png,train/XR_WRIST/patient08398/study1_negative/image1.png,patient03869,patient08398,0,0,4
mura,train/XR_FINGER/patient03979/study1_negative/image2.png,train/XR_WRIST/patient08398/study1_negative/image1.png,patient03979,patient08398,0,0,4
mura,train/XR_FINGER/patient01592/study1_negative/image1.png,train/XR_WRIST/patient08398/study1_negative/image1.png,patient01592,patient08398,0,0,4
mura,train/XR_FINGER/patient04226/study1_negative/image3.png,train/XR_WRIST/patient08398/study1_negative/image1.png,patient04226,patient08398,0,0,4
mura,train/XR_FINGER/patient02615/study1_negative/image2.png,train/XR_WRIST/patient08398/study1_negative/image1.png,patient02615,patient08398,0,0,4
mura,train/XR_FINGER/patient04307/study1_negative/image3.png,train/XR_WRIST/patient08398/study1_negative/image1.png,patient04307,patient08398,0,0,4
mura,train/XR_FINGER/patient04590/study1_negative/image2.png,train/XR_WRIST/patient08398/study1_negative/image1.png,patient04590,patient08398,0,0,4
mura,train/XR_FINGER/patient04646/study1_negative/image3.png,train/XR_WRIST/patient08398/study1_negative/image1.png,patient04646,patient08398,0,0,4
mura,train/XR_WRIST/patient07145/study1_positive/image1.png,train/XR_WRIST/patient08398/study1_negative/image1.png,patient07145,patient08398,1,0,4
mura,train/XR_FINGER/patient04902/study1_negative/image2.png,train/XR_WRIST/patient08398/study1_negative/image1.png,patient04902,patient08398,0,0,4
mura,train/XR_FINGER/patient00238/study2_negative/image3.png,train/XR_WRIST/patient08398/study1_negative/image2.png,patient00238,patient08398,0,0,4
mura,train/XR_FINGER/patient03869/study1_negative/image2.png,train/XR_WRIST/patient08398/study1_negative/image2.png,patient03869,patient08398,0,0,4
mura,train/XR_FINGER/patient03979/study1_negative/image2.png,train/XR_WRIST/patient08398/study1_negative/image2.png,patient03979,patient08398,0,0,4
mura,train/XR_FINGER/patient03999/study1_negative/image1.png,train/XR_WRIST/patient08398/study1_negative/image2.png,patient03999,patient08398,0,0,4
mura,train/XR_FINGER/patient04226/study1_negative/image3.png,train/XR_WRIST/patient08398/study1_negative/image2.png,patient04226,patient08398,0,0,4
mura,train/XR_FINGER/patient02615/study1_negative/image2.png,train/XR_WRIST/patient08398/study1_negative/image2.png,patient02615,patient08398,0,0,4
mura,train/XR_FINGER/patient04307/study1_negative/image3.png,train/XR_WRIST/patient08398/study1_negative/image2.png,patient04307,patient08398,0,0,4
mura,train/XR_WRIST/patient05219/study1_positive/image3.png,train/XR_WRIST/patient08398/study1_negative/image2.png,patient05219,patient08398,1,0,4
mura,train/XR_FINGER/patient04590/study1_negative/image2.png,train/XR_WRIST/patient08398/study1_negative/image2.png,patient04590,patient08398,0,0,4
mura,train/XR_FINGER/patient04630/study1_negative/image1.png,train/XR_WRIST/patient08398/study1_negative/image2.png,patient04630,patient08398,0,0,4
mura,train/XR_FINGER/patient04646/study1_negative/image3.png,train/XR_WRIST/patient08398/study1_negative/image2.png,patient04646,patient08398,0,0,4
mura,train/XR_WRIST/patient06637/study1_positive/image3.png,train/XR_WRIST/patient08408/study1_negative/image1.png,patient06637,patient08408,1,0,4
mura,train/XR_WRIST/patient06866/study1_positive/image1.png,train/XR_WRIST/patient08408/study1_negative/image2.png,patient06866,patient08408,1,0,4
mura,train/XR_FINGER/patient03410/study1_positive/image1.png,train/XR_WRIST/patient08424/study1_negative/image1.png,patient03410,patient08424,1,0,4
mura,train/XR_WRIST/patient04750/study1_positive/image3.png,train/XR_WRIST/patient08444/study1_negative/image1.png,patient04750,patient08444,1,0,4
mura,train/XR_WRIST/patient07884/study1_negative/image3.png,train/XR_WRIST/patient04290/study1_negative/image1.png,patient07884,patient04290,0,0,4
mura,train/XR_FINGER/patient03615/study1_positive/image3.png,train/XR_WRIST/patient04290/study1_negative/image1.png,patient03615,patient04290,1,0,4
mura,train/XR_FINGER/patient03756/study1_positive/image1.png,train/XR_WRIST/patient04290/study1_negative/image1.png,patient03756,patient04290,1,0,4
mura,train/XR_FINGER/patient03839/study1_negative/image1.png,train/XR_WRIST/patient04290/study1_negative/image1.png,patient03839,patient04290,0,0,4
mura,train/XR_FINGER/patient03903/study1_negative/image1.png,train/XR_WRIST/patient04290/study1_negative/image1.png,patient03903,patient04290,0,0,4
mura,train/XR_FINGER/patient03931/study1_negative/image2.png,train/XR_WRIST/patient04290/study1_negative/image1.png,patient03931,patient04290,0,0,4
mura,train/XR_FINGER/patient04012/study1_negative/image3.png,train/XR_WRIST/patient04290/study1_negative/image1.png,patient04012,patient04290,0,0,4
mura,train/XR_FINGER/patient04164/study1_negative/image5.png,train/XR_WRIST/patient04290/study1_negative/image1.png,patient04164,patient04290,0,0,4
mura,train/XR_FINGER/patient04174/study2_negative/image1.png,train/XR_WRIST/patient04290/study1_negative/image1.png,patient04174,patient04290,0,0,4
mura,train/XR_FINGER/patient04182/study1_negative/image1.png,train/XR_WRIST/patient04290/study1_negative/image1.png,patient04182,patient04290,0,0,4
mura,train/XR_FINGER/patient04354/study1_negative/image1.png,train/XR_WRIST/patient04290/study1_negative/image1.png,patient04354,patient04290,0,0,4
mura,train/XR_FINGER/patient04628/study1_negative/image3.png,train/XR_WRIST/patient04290/study1_negative/image1.png,patient04628,patient04290,0,0,4
mura,train/XR_FINGER/patient01320/study1_negative/image3.png,train/XR_WRIST/patient04290/study1_negative/image1.png,patient01320,patient04290,0,0,4
mura,train/XR_WRIST/patient07103/study1_positive/image3.png,train/XR_WRIST/patient08503/study1_negative/image2.png,patient07103,patient08503,1,0,2
mura,train/XR_WRIST/patient06758/study1_positive/image1.png,train/XR_WRIST/patient08511/study1_negative/image1.png,patient06758,patient08511,1,0,2
mura,train/XR_FINGER/patient03228/study1_positive/image3.png,train/XR_WRIST/patient08543/study2_negative/image2.png,patient03228,patient08543,1,0,4
mura,train/XR_WRIST/patient07927/study1_negative/image2.png,train/XR_WRIST/patient08543/study2_negative/image4.png,patient07927,patient08543,0,0,4
mura,train/XR_WRIST/patient08327/study1_negative/image3.png,train/XR_WRIST/patient08543/study2_negative/image4.png,patient08327,patient08543,0,0,4
mura,train/XR_WRIST/patient06367/study1_positive/image2.png,train/XR_WRIST/patient08552/study1_negative/image3.png,patient06367,patient08552,1,0,4
mura,train/XR_WRIST/patient06536/study1_positive/image1.png,train/XR_WRIST/patient08557/study1_negative/image3.png,patient06536,patient08557,1,0,4
mura,train/XR_WRIST/patient04290/study1_negative/image1.png,train/XR_WRIST/patient08559/study1_negative/image1.png,patient04290,patient08559,0,0,2
mura,train/XR_FINGER/patient01320/study1_negative/image3.png,train/XR_WRIST/patient08559/study1_negative/image1.png,patient01320,patient08559,0,0,4
mura,train/XR_FINGER/patient04123/study1_negative/image1.png,train/XR_WRIST/patient08559/study1_negative/image4.png,patient04123,patient08559,0,0,4
mura,train/XR_FINGER/patient04137/study1_negative/image1.png,train/XR_WRIST/patient08559/study1_negative/image4.png,patient04137,patient08559,0,0,4
mura,train/XR_FINGER/patient02615/study1_negative/image3.png,train/XR_WRIST/patient08559/study1_negative/image4.png,patient02615,patient08559,0,0,4
mura,train/XR_WRIST/patient07186/study1_positive/image1.png,train/XR_WRIST/patient08559/study1_negative/image4.png,patient07186,patient08559,1,0,4
mura,train/XR_WRIST/patient07313/study1_positive/image2.png,train/XR_WRIST/patient08559/study1_negative/image4.png,patient07313,patient08559,1,0,4
mura,train/XR_WRIST/patient07902/study1_negative/image1.png,train/XR_WRIST/patient08565/study1_negative/image2.png,patient07902,patient08565,0,0,4
mura,train/XR_FINGER/patient04182/study1_negative/image3.png,train/XR_WRIST/patient08568/study1_negative/image3.png,patient04182,patient08568,0,0,4
mura,train/XR_FINGER/patient04104/study1_negative/image1.png,train/XR_WRIST/patient08569/study1_negative/image3.png,patient04104,patient08569,0,0,4
mura,train/XR_FINGER/patient02512/study1_negative/image2.png,train/XR_WRIST/patient08592/study1_negative/image3.png,patient02512,patient08592,0,0,4
mura,train/XR_WRIST/patient08485/study1_negative/image3.png,train/XR_WRIST/patient08598/study1_negative/image1.png,patient08485,patient08598,0,0,2
mura,train/XR_WRIST/patient06728/study1_positive/image3.png,train/XR_WRIST/patient08598/study1_negative/image1.png,patient06728,patient08598,1,0,4
mura,train/XR_WRIST/patient08185/study1_negative/image3.png,train/XR_WRIST/patient08610/study1_negative/image1.png,patient08185,patient08610,0,0,0
mura,train/XR_FINGER/patient04008/study1_negative/image1.png,train/XR_WRIST/patient08610/study1_negative/image1.png,patient04008,patient08610,0,0,4
mura,train/XR_FINGER/patient04008/study1_negative/image2.png,train/XR_WRIST/patient08610/study1_negative/image1.png,patient04008,patient08610,0,0,4
mura,train/XR_FINGER/patient03227/study1_positive/image3.png,train/XR_WRIST/patient08612/study1_negative/image3.png,patient03227,patient08612,1,0,2
mura,train/XR_FINGER/patient03839/study1_negative/image1.png,train/XR_WRIST/patient08612/study1_negative/image3.png,patient03839,patient08612,0,0,4
mura,train/XR_WRIST/patient07499/study1_negative/image1.png,train/XR_WRIST/patient08612/study1_negative/image3.png,patient07499,patient08612,0,0,4
mura,train/XR_WRIST/patient08119/study1_negative/image2.png,train/XR_WRIST/patient08619/study1_negative/image2.png,patient08119,patient08619,0,0,2
mura,train/XR_WRIST/patient08318/study1_negative/image3.png,train/XR_WRIST/patient08619/study1_negative/image2.png,patient08318,patient08619,0,0,4
mura,train/XR_WRIST/patient06390/study1_positive/image1.png,train/XR_WRIST/patient08619/study1_negative/image2.png,patient06390,patient08619,1,0,4
mura,train/XR_WRIST/patient06522/study1_positive/image1.png,train/XR_WRIST/patient08652/study1_negative/image1.png,patient06522,patient08652,1,0,4
mura,train/XR_WRIST/patient08063/study1_negative/image1.png,train/XR_WRIST/patient08668/study1_negative/image2.png,patient08063,patient08668,0,0,4
mura,train/XR_WRIST/patient07186/study1_positive/image3.png,train/XR_WRIST/patient08671/study1_negative/image1.png,patient07186,patient08671,1,0,2
mura,train/XR_FINGER/patient03403/study1_positive/image2.png,train/XR_WRIST/patient08679/study1_negative/image3.png,patient03403,patient08679,1,0,4
mura,train/XR_WRIST/patient08335/study1_negative/image3.png,train/XR_WRIST/patient08679/study1_negative/image3.png,patient08335,patient08679,0,0,4
mura,train/XR_WRIST/patient07089/study2_negative/image2.png,train/XR_WRIST/patient08679/study1_negative/image3.png,patient07089,patient08679,0,0,2
mura,train/XR_WRIST/patient07927/study1_negative/image1.png,train/XR_WRIST/patient08688/study1_negative/image2.png,patient07927,patient08688,0,0,4
mura,train/XR_WRIST/patient08552/study1_negative/image4.png,train/XR_WRIST/patient08700/study1_negative/image3.png,patient08552,patient08700,0,0,4
mura,train/XR_FINGER/patient04538/study1_negative/image3.png,train/XR_WRIST/patient08716/study1_negative/image3.png,patient04538,patient08716,0,0,4
mura,train/XR_WRIST/patient06461/study1_positive/image3.png,train/XR_WRIST/patient08732/study1_negative/image3.png,patient06461,patient08732,1,0,4
mura,train/XR_WRIST/patient05513/study1_positive/image1.png,train/XR_WRIST/patient08732/study1_negative/image3.png,patient05513,patient08732,1,0,2
mura,train/XR_WRIST/patient08543/study2_negative/image4.png,train/XR_WRIST/patient08733/study1_negative/image1.png,patient08543,patient08733,0,0,4
mura,train/XR_WRIST/patient07927/study1_negative/image2.png,train/XR_WRIST/patient08733/study1_negative/image3.png,patient07927,patient08733,0,0,4
mura,train/XR_WRIST/patient04750/study1_positive/image3.png,train/XR_WRIST/patient04882/study1_negative/image2.png,patient04750,patient04882,1,0,4
mura,train/XR_WRIST/patient08005/study1_negative/image3.png,train/XR_WRIST/patient06357/study1_negative/image3.png,patient08005,patient06357,0,0,4
mura,train/XR_WRIST/patient08619/study1_negative/image2.png,train/XR_WRIST/patient06357/study1_negative/image3.png,patient08619,patient06357,0,0,4
mura,train/XR_WRIST/patient06360/study1_positive/image3.png,train/XR_WRIST/patient08760/study1_negative/image4.png,patient06360,patient08760,1,0,4
mura,train/XR_WRIST/patient07228/study1_positive/image2.png,train/XR_WRIST/patient08782/study1_negative/image3.png,patient07228,patient08782,1,0,4
mura,train/XR_FINGER/patient01992/study1_positive/image1.png,train/XR_WRIST/patient03346/study1_negative/image2.png,patient01992,patient03346,1,0,4
mura,train/XR_FINGER/patient03410/study1_positive/image3.png,train/XR_WRIST/patient03346/study1_negative/image2.png,patient03410,patient03346,1,0,2
mura,train/XR_FINGER/patient03587/study1_positive/image2.png,train/XR_WRIST/patient03346/study1_negative/image2.png,patient03587,patient03346,1,0,4
mura,train/XR_FINGER/patient03615/study1_positive/image3.png,train/XR_WRIST/patient03346/study1_negative/image2.png,patient03615,patient03346,1,0,4
mura,train/XR_FINGER/patient03756/study1_positive/image1.png,train/XR_WRIST/patient03346/study1_negative/image2.png,patient03756,patient03346,1,0,4
mura,train/XR_FINGER/patient03760/study1_positive/image2.png,train/XR_WRIST/patient03346/study1_negative/image2.png,patient03760,patient03346,1,0,4
mura,train/XR_FINGER/patient03903/study1_negative/image1.png,train/XR_WRIST/patient03346/study1_negative/image2.png,patient03903,patient03346,0,0,4
mura,train/XR_FINGER/patient03931/study1_negative/image2.png,train/XR_WRIST/patient03346/study1_negative/image2.png,patient03931,patient03346,0,0,4
mura,train/XR_FINGER/patient04012/study1_negative/image3.png,train/XR_WRIST/patient03346/study1_negative/image2.png,patient04012,patient03346,0,0,4
mura,train/XR_FINGER/patient04103/study1_negative/image2.png,train/XR_WRIST/patient03346/study1_negative/image2.png,patient04103,patient03346,0,0,4
mura,train/XR_FINGER/patient04108/study1_negative/image1.png,train/XR_WRIST/patient03346/study1_negative/image2.png,patient04108,patient03346,0,0,4
mura,train/XR_FINGER/patient04164/study1_negative/image5.png,train/XR_WRIST/patient03346/study1_negative/image2.png,patient04164,patient03346,0,0,4
mura,train/XR_FINGER/patient04174/study2_negative/image1.png,train/XR_WRIST/patient03346/study1_negative/image2.png,patient04174,patient03346,0,0,4
mura,train/XR_FINGER/patient04182/study1_negative/image1.png,train/XR_WRIST/patient03346/study1_negative/image2.png,patient04182,patient03346,0,0,4
mura,train/XR_FINGER/patient04445/study1_negative/image2.png,train/XR_WRIST/patient03346/study1_negative/image2.png,patient04445,patient03346,0,0,4
mura,train/XR_FINGER/patient04628/study1_negative/image3.png,train/XR_WRIST/patient03346/study1_negative/image2.png,patient04628,patient03346,0,0,4
mura,train/XR_FINGER/patient00243/study1_negative/image1.png,train/XR_WRIST/patient03346/study1_negative/image2.png,patient00243,patient03346,0,0,4
mura,train/XR_FINGER/patient04705/study1_negative/image1.png,train/XR_WRIST/patient03346/study1_negative/image2.png,patient04705,patient03346,0,0,4
mura,train/XR_WRIST/patient00032/study1_positive/image1.png,train/XR_WRIST/patient03346/study1_negative/image2.png,patient00032,patient03346,1,0,2
mura,train/XR_WRIST/patient08552/study1_negative/image3.png,train/XR_WRIST/patient08808/study1_negative/image1.png,patient08552,patient08808,0,0,4
mura,train/XR_WRIST/patient08552/study1_negative/image1.png,train/XR_WRIST/patient08808/study1_negative/image4.png,patient08552,patient08808,0,0,4
mura,train/XR_WRIST/patient06572/study1_positive/image2.png,train/XR_WRIST/patient08814/study1_negative/image1.png,patient06572,patient08814,1,0,4
mura,train/XR_WRIST/patient08241/study1_negative/image1.png,train/XR_WRIST/patient08826/study1_negative/image1.png,patient08241,patient08826,0,0,4
mura,train/XR_WRIST/patient08506/study1_negative/image1.png,train/XR_WRIST/patient08826/study1_negative/image3.png,patient08506,patient08826,0,0,4
mura,train/XR_WRIST/patient08318/study1_negative/image3.png,train/XR_WRIST/patient08855/study1_negative/image2.png,patient08318,patient08855,0,0,4
mura,train/XR_WRIST/patient06908/study1_positive/image1.png,train/XR_WRIST/patient08855/study1_negative/image2.png,patient06908,patient08855,1,0,4
mura,train/XR_WRIST/patient08209/study1_negative/image2.png,train/XR_WRIST/patient08861/study1_negative/image1.png,patient08209,patient08861,0,0,4
mura,train/XR_FINGER/patient04445/study1_negative/image2.png,train/XR_WRIST/patient08876/study1_negative/image2.png,patient04445,patient08876,0,0,4
mura,train/XR_WRIST/patient08512/study1_negative/image3.png,train/XR_WRIST/patient08876/study1_negative/image3.png,patient08512,patient08876,0,0,2
mura,train/XR_WRIST/patient07723/study1_negative/image3.png,train/XR_WRIST/patient08880/study1_negative/image3.png,patient07723,patient08880,0,0,4
mura,train/XR_WRIST/patient08538/study1_negative/image3.png,train/XR_WRIST/patient08881/study1_negative/image1.png,patient08538,patient08881,0,0,4
mura,train/XR_WRIST/patient01370/study1_negative/image1.png,train/XR_WRIST/patient01750/study1_negative/image1.png,patient01370,patient01750,0,0,4
mura,train/XR_WRIST/patient08049/study1_negative/image4.png,train/XR_WRIST/patient08892/study1_negative/image3.png,patient08049,patient08892,0,0,4
mura,train/XR_WRIST/patient08150/study1_negative/image2.png,train/XR_WRIST/patient08900/study1_negative/image3.png,patient08150,patient08900,0,0,4
mura,train/XR_WRIST/patient08766/study1_negative/image3.png,train/XR_WRIST/patient08905/study1_negative/image1.png,patient08766,patient08905,0,0,4
mura,train/XR_WRIST/patient05933/study1_negative/image4.png,train/XR_WRIST/patient08933/study1_negative/image1.png,patient05933,patient08933,0,0,2
mura,train/XR_WRIST/patient08616/study1_negative/image3.png,train/XR_WRIST/patient08934/study1_negative/image3.png,patient08616,patient08934,0,0,4
mura,train/XR_WRIST/patient08706/study1_negative/image1.png,train/XR_WRIST/patient08934/study1_negative/image3.png,patient08706,patient08934,0,0,2
mura,train/XR_WRIST/patient04889/study1_negative/image1.png,train/XR_WRIST/patient08936/study1_negative/image1.png,patient04889,patient08936,0,0,4
mura,train/XR_WRIST/patient01514/study2_negative/image1.png,train/XR_WRIST/patient08963/study1_negative/image2.png,patient01514,patient08963,0,0,4
mura,train/XR_WRIST/patient06854/study1_positive/image1.png,train/XR_WRIST/patient08969/study1_negative/image1.png,patient06854,patient08969,1,0,4
mura,train/XR_WRIST/patient06427/study1_positive/image1.png,train/XR_WRIST/patient08969/study1_negative/image1.png,patient06427,patient08969,1,0,4
mura,train/XR_WRIST/patient08352/study1_negative/image1.png,train/XR_WRIST/patient08982/study1_negative/image3.png,patient08352,patient08982,0,0,4
mura,train/XR_FINGER/patient03833/study1_negative/image2.png,train/XR_WRIST/patient00637/study1_negative/image3.png,patient03833,patient00637,0,0,4
mura,train/XR_WRIST/patient04290/study1_negative/image1.png,train/XR_WRIST/patient09007/study1_negative/image1.png,patient04290,patient09007,0,0,4
mura,train/XR_WRIST/patient06427/study1_positive/image1.png,train/XR_WRIST/patient09011/study1_negative/image1.png,patient06427,patient09011,1,0,4
mura,train/XR_WRIST/patient06799/study1_positive/image2.png,train/XR_WRIST/patient09011/study1_negative/image2.png,patient06799,patient09011,1,0,4
mura,train/XR_WRIST/patient07969/study1_negative/image2.png,train/XR_WRIST/patient02591/study1_negative/image1.png,patient07969,patient02591,0,0,4
mura,train/XR_WRIST/patient08298/study1_negative/image3.png,train/XR_WRIST/patient09024/study1_negative/image2.png,patient08298,patient09024,0,0,4
mura,train/XR_WRIST/patient06360/study1_positive/image2.png,train/XR_WRIST/patient09024/study1_negative/image2.png,patient06360,patient09024,1,0,4
mura,train/XR_FINGER/patient03433/study1_positive/image1.png,train/XR_WRIST/patient09024/study1_negative/image3.png,patient03433,patient09024,1,0,2
mura,train/XR_FINGER/patient03227/study1_positive/image3.png,train/XR_WRIST/patient01379/study1_negative/image3.png,patient03227,patient01379,1,0,2
mura,train/XR_WRIST/patient08612/study1_negative/image3.png,train/XR_WRIST/patient01379/study1_negative/image3.png,patient08612,patient01379,0,0,4
mura,train/XR_FINGER/patient03839/study1_negative/image1.png,train/XR_WRIST/patient01379/study1_negative/image3.png,patient03839,patient01379,0,0,4
mura,train/XR_FINGER/patient03660/study1_positive/image2.png,train/XR_WRIST/patient03097/study1_negative/image1.png,patient03660,patient03097,1,0,4
mura,train/XR_FINGER/patient04107/study1_negative/image1.png,train/XR_WRIST/patient03097/study1_negative/image1.png,patient04107,patient03097,0,0,4
mura,train/XR_FINGER/patient04346/study1_negative/image2.png,train/XR_WRIST/patient03097/study1_negative/image1.png,patient04346,patient03097,0,0,4
mura,train/XR_WRIST/patient07389/study1_positive/image3.png,train/XR_WRIST/patient03097/study1_negative/image1.png,patient07389,patient03097,1,0,4
mura,train/XR_WRIST/patient07455/study1_negative/image2.png,train/XR_WRIST/patient03097/study1_negative/image1.png,patient07455,patient03097,0,0,4
mura,train/XR_WRIST/patient07473/study1_negative/image2.png,train/XR_WRIST/patient03097/study1_negative/image1.png,patient07473,patient03097,0,0,4
mura,train/XR_FINGER/patient04622/study1_negative/image2.png,train/XR_WRIST/patient09033/study1_negative/image1.png,patient04622,patient09033,0,0,4
mura,train/XR_FINGER/patient03323/study1_positive/image2.png,train/XR_WRIST/patient09039/study1_negative/image1.png,patient03323,patient09039,1,0,4
mura,train/XR_WRIST/patient08988/study1_negative/image2.png,train/XR_WRIST/patient09039/study1_negative/image1.png,patient08988,patient09039,0,0,4
mura,train/XR_WRIST/patient08356/study1_negative/image3.png,train/XR_WRIST/patient03464/study1_negative/image1.png,patient08356,patient03464,0,0,4
mura,train/XR_WRIST/patient08747/study1_negative/image3.png,train/XR_WRIST/patient09061/study1_negative/image1.png,patient08747,patient09061,0,0,4
mura,train/XR_WRIST/patient07171/study1_positive/image1.png,train/XR_WRIST/patient09066/study1_negative/image1.png,patient07171,patient09066,1,0,4
mura,train/XR_WRIST/patient07982/study1_negative/image1.png,train/XR_WRIST/patient09075/study1_negative/image2.png,patient07982,patient09075,0,0,4
mura,train/XR_WRIST/patient08335/study1_negative/image2.png,train/XR_WRIST/patient03082/study1_negative/image3.png,patient08335,patient03082,0,0,2
mura,train/XR_WRIST/patient08335/study1_negative/image3.png,train/XR_WRIST/patient03082/study1_negative/image3.png,patient08335,patient03082,0,0,2
mura,train/XR_WRIST/patient08679/study1_negative/image3.png,train/XR_WRIST/patient03082/study1_negative/image3.png,patient08679,patient03082,0,0,4
mura,train/XR_WRIST/patient07515/study1_negative/image1.png,train/XR_WRIST/patient03082/study1_negative/image3.png,patient07515,patient03082,0,0,2
mura,train/XR_FINGER/patient04628/study1_negative/image2.png,train/XR_FOREARM/patient09105/study1_positive/image1.png,patient04628,patient09105,0,1,4
mura,train/XR_WRIST/patient06732/study1_positive/image1.png,train/XR_FOREARM/patient02242/study1_positive/image2.png,patient06732,patient02242,1,1,0
mura,train/XR_FINGER/patient03239/study1_positive/image1.png,train/XR_FOREARM/patient09267/study1_positive/image2.png,patient03239,patient09267,1,1,4
mura,train/XR_FOREARM/patient09105/study1_positive/image1.png,train/XR_FOREARM/patient09267/study1_positive/image2.png,patient09105,patient09267,1,1,4
mura,train/XR_FINGER/patient04628/study1_negative/image2.png,train/XR_FOREARM/patient09267/study1_positive/image2.png,patient04628,patient09267,0,1,2
mura,train/XR_ELBOW/patient04244/study1_negative/image1.png,train/XR_FOREARM/patient09354/study1_negative/image1.png,patient04244,patient09354,0,0,4
mura,train/XR_FINGER/patient01992/study1_positive/image1.png,train/XR_FOREARM/patient09387/study1_negative/image1.png,patient01992,patient09387,1,0,4
mura,train/XR_FINGER/patient03311/study1_positive/image2.png,train/XR_FOREARM/patient09387/study1_negative/image1.png,patient03311,patient09387,1,0,4
mura,train/XR_FINGER/patient03547/study1_positive/image2.png,train/XR_FOREARM/patient09387/study1_negative/image1.png,patient03547,patient09387,1,0,2
mura,train/XR_FINGER/patient03615/study1_positive/image3.png,train/XR_FOREARM/patient09387/study1_negative/image1.png,patient03615,patient09387,1,0,2
mura,train/XR_FINGER/patient03756/study1_positive/image1.png,train/XR_FOREARM/patient09387/study1_negative/image1.png,patient03756,patient09387,1,0,2
mura,train/XR_FINGER/patient03756/study1_positive/image2.png,train/XR_FOREARM/patient09387/study1_negative/image1.png,patient03756,patient09387,1,0,0
mura,train/XR_FINGER/patient03839/study1_negative/image1.png,train/XR_FOREARM/patient09387/study1_negative/image1.png,patient03839,patient09387,0,0,4
mura,train/XR_FINGER/patient03903/study1_negative/image1.png,train/XR_FOREARM/patient09387/study1_negative/image1.png,patient03903,patient09387,0,0,2
mura,train/XR_FINGER/patient03931/study1_negative/image2.png,train/XR_FOREARM/patient09387/study1_negative/image1.png,patient03931,patient09387,0,0,2
mura,train/XR_FINGER/patient03959/study1_negative/image2.png,train/XR_FOREARM/patient09387/study1_negative/image1.png,patient03959,patient09387,0,0,4
mura,train/XR_FINGER/patient04012/study1_negative/image3.png,train/XR_FOREARM/patient09387/study1_negative/image1.png,patient04012,patient09387,0,0,2
mura,train/XR_FINGER/patient04103/study1_negative/image2.png,train/XR_FOREARM/patient09387/study1_negative/image1.png,patient04103,patient09387,0,0,4
mura,train/XR_FINGER/patient04108/study1_negative/image1.png,train/XR_FOREARM/patient09387/study1_negative/image1.png,patient04108,patient09387,0,0,4
mura,train/XR_FINGER/patient04113/study1_negative/image2.png,train/XR_FOREARM/patient09387/study1_negative/image1.png,patient04113,patient09387,0,0,4
mura,train/XR_FINGER/patient04164/study1_negative/image5.png,train/XR_FOREARM/patient09387/study1_negative/image1.png,patient04164,patient09387,0,0,2
mura,train/XR_FINGER/patient04174/study2_negative/image1.png,train/XR_FOREARM/patient09387/study1_negative/image1.png,patient04174,patient09387,0,0,2
mura,train/XR_FINGER/patient04182/study1_negative/image1.png,train/XR_FOREARM/patient09387/study1_negative/image1.png,patient04182,patient09387,0,0,2
mura,train/XR_FINGER/patient04354/study1_negative/image1.png,train/XR_FOREARM/patient09387/study1_negative/image1.png,patient04354,patient09387,0,0,4
mura,train/XR_FINGER/patient04354/study1_negative/image2.png,train/XR_FOREARM/patient09387/study1_negative/image1.png,patient04354,patient09387,0,0,4
mura,train/XR_FINGER/patient04357/study1_negative/image2.png,train/XR_FOREARM/patient09387/study1_negative/image1.png,patient04357,patient09387,0,0,4
mura,train/XR_FINGER/patient04628/study1_negative/image3.png,train/XR_FOREARM/patient09387/study1_negative/image1.png,patient04628,patient09387,0,0,2
mura,train/XR_FINGER/patient04705/study1_negative/image1.png,train/XR_FOREARM/patient09387/study1_negative/image1.png,patient04705,patient09387,0,0,4
mura,train/XR_FINGER/patient04764/study1_negative/image3.png,train/XR_FOREARM/patient09387/study1_negative/image1.png,patient04764,patient09387,0,0,4
mura,train/XR_WRIST/patient00032/study1_positive/image1.png,train/XR_FOREARM/patient09387/study1_negative/image1.png,patient00032,patient09387,1,0,4
mura,train/XR_FINGER/patient03154/study1_negative/image1.png,train/XR_FOREARM/patient02466/study1_negative/image1.png,patient03154,patient02466,0,0,4
mura,train/XR_WRIST/patient08892/study1_negative/image2.png,train/XR_FOREARM/patient09496/study1_negative/image2.png,patient08892,patient09496,0,0,4
mura,train/XR_FINGER/patient03743/study1_positive/image3.png,train/XR_FOREARM/patient09619/study1_negative/image2.png,patient03743,patient09619,1,0,4
mura,train/XR_FINGER/patient03878/study1_negative/image2.png,train/XR_FOREARM/patient09619/study1_negative/image2.png,patient03878,patient09619,0,0,4
mura,train/XR_ELBOW/patient05174/study1_positive/image2.png,train/XR_FOREARM/patient09631/study1_negative/image1.png,patient05174,patient09631,1,0,4
mura,train/XR_FINGER/patient04598/study1_negative/image1.png,train/XR_FOREARM/patient09641/study1_negative/image2.png,patient04598,patient09641,0,0,4
mura,train/XR_FOREARM/patient09274/study1_positive/image1.png,train/XR_FOREARM/patient09689/study1_negative/image1.png,patient09274,patient09689,1,0,4
mura,train/XR_FOREARM/patient09209/study1_positive/image1.png,train/XR_FOREARM/patient09693/study1_negative/image1.png,patient09209,patient09693,1,0,4
mura,train/XR_WRIST/patient04439/study1_positive/image1.png,train/XR_FOREARM/patient09721/study1_negative/image1.png,patient04439,patient09721,1,0,4
mura,train/XR_WRIST/patient06779/study2_negative/image1.png,train/XR_FOREARM/patient09721/study1_negative/image1.png,patient06779,patient09721,0,0,4
mura,train/XR_FOREARM/patient09284/study1_positive/image1.png,train/XR_FOREARM/patient09731/study1_negative/image2.png,patient09284,patient09731,1,0,4
mura,train/XR_HUMERUS/patient02852/study1_positive/image3.png,train/XR_FOREARM/patient09733/study1_negative/image1.png,patient02852,patient09733,1,0,4
mura,train/XR_ELBOW/patient06102/study1_negative/image1.png,train/XR_FOREARM/patient09733/study1_negative/image1.png,patient06102,patient09733,0,0,4
mura,train/XR_FINGER/patient04095/study1_negative/image2.png,train/XR_HAND/patient02570/study2_negative/image3.png,patient04095,patient02570,0,0,4
mura,train/XR_HAND/patient09101/study1_positive/image1.png,train/XR_HAND/patient03959/study1_positive/image2.png,patient09101,patient03959,1,1,4
mura,train/XR_FINGER/patient01508/study1_negative/image3.png,train/XR_HAND/patient09837/study1_positive/image1.png,patient01508,patient09837,0,1,2
mura,train/XR_HAND/patient09761/study1_positive/image2.png,train/XR_HAND/patient05358/study1_positive/image2.png,patient09761,patient05358,1,1,4
mura,train/XR_FINGER/patient03447/study1_positive/image3.png,train/XR_HAND/patient09974/study1_positive/image3.png,patient03447,patient09974,1,1,4
mura,train/XR_FINGER/patient03555/study1_positive/image1.png,train/XR_HAND/patient09985/study1_positive/image2.png,patient03555,patient09985,1,1,4
mura,train/XR_HAND/patient00218/study1_positive/image3.png,train/XR_HAND/patient09985/study1_positive/image2.png,patient00218,patient09985,1,1,4
mura,train/XR_FINGER/patient03555/study1_positive/image1.png,train/XR_HAND/patient09985/study1_positive/image3.png,patient03555,patient09985,1,1,4
mura,train/XR_FINGER/patient04705/study1_negative/image1.png,train/XR_HAND/patient09989/study1_positive/image2.png,patient04705,patient09989,0,1,4
mura,train/XR_WRIST/patient00032/study1_positive/image1.png,train/XR_HAND/patient09989/study1_positive/image2.png,patient00032,patient09989,1,1,4
mura,train/XR_FINGER/patient04328/study1_negative/image3.png,train/XR_HAND/patient09992/study1_positive/image3.png,patient04328,patient09992,0,1,4
mura,train/XR_FINGER/patient03743/study1_positive/image3.png,train/XR_HAND/patient10092/study1_positive/image2.png,patient03743,patient10092,1,1,4
mura,train/XR_FINGER/patient04137/study1_negative/image3.png,train/XR_HAND/patient10096/study1_positive/image2.png,patient04137,patient10096,0,1,4
mura,train/XR_HAND/patient07365/study1_positive/image1.png,train/XR_HAND/patient10103/study1_positive/image3.png,patient07365,patient10103,1,1,4
mura,train/XR_HAND/patient09984/study1_positive/image3.png,train/XR_HAND/patient10112/study1_positive/image3.png,patient09984,patient10112,1,1,4
mura,train/XR_HAND/patient09985/study1_positive/image2.png,train/XR_HAND/patient10132/study1_positive/image1.png,patient09985,patient10132,1,1,4
mura,train/XR_HAND/patient09866/study1_positive/image3.png,train/XR_HAND/patient02359/study1_negative/image1.png,patient09866,patient02359,1,0,2
mura,train/XR_HAND/patient09909/study1_positive/image4.png,train/XR_HAND/patient02359/study1_negative/image1.png,patient09909,patient02359,1,0,4
mura,train/XR_WRIST/patient06818/study1_positive/image1.png,train/XR_HAND/patient10187/study1_negative/image1.png,patient06818,patient10187,1,0,4
mura,train/XR_WRIST/patient08137/study1_negative/image3.png,train/XR_HAND/patient10190/study1_negative/image3.png,patient08137,patient10190,0,0,4
mura,train/XR_HAND/patient09911/study1_positive/image1.png,train/XR_HAND/patient10199/study1_negative/image3.png,patient09911,patient10199,1,0,4
mura,train/XR_FINGER/patient04705/study1_negative/image1.png,train/XR_HAND/patient10199/study2_negative/image1.png,patient04705,patient10199,0,0,4
mura,train/XR_HAND/patient09892/study1_positive/image2.png,train/XR_HAND/patient10208/study1_negative/image3.png,patient09892,patient10208,1,0,4
mura,train/XR_HAND/patient10001/study1_positive/image1.png,train/XR_HAND/patient07587/study1_negative/image2.png,patient10001,patient07587,1,0,4
mura,train/XR_HAND/patient04047/study1_negative/image2.png,train/XR_HAND/patient01385/study1_negative/image1.png,patient04047,patient01385,0,0,4
mura,train/XR_HAND/patient10088/study1_positive/image1.png,train/XR_HAND/patient10237/study1_negative/image2.png,patient10088,patient10237,1,0,2
mura,train/XR_HAND/patient10088/study1_positive/image3.png,train/XR_HAND/patient10237/study1_negative/image2.png,patient10088,patient10237,1,0,4
mura,train/XR_HAND/patient10049/study2_negative/image3.png,train/XR_HAND/patient10289/study1_negative/image3.png,patient10049,patient10289,0,0,4
mura,train/XR_HAND/patient05421/study1_positive/image3.png,train/XR_HAND/patient10305/study1_negative/image2.png,patient05421,patient10305,1,0,4
mura,train/XR_HAND/patient10139/study1_negative/image2.png,train/XR_HAND/patient10316/study1_negative/image1.png,patient10139,patient10316,0,0,4
mura,train/XR_HAND/patient05057/study1_negative/image2.png,train/XR_HAND/patient10345/study1_negative/image3.png,patient05057,patient10345,0,0,4
mura,train/XR_FINGER/patient03555/study1_positive/image1.png,train/XR_HAND/patient10365/study1_negative/image3.png,patient03555,patient10365,1,0,4
mura,train/XR_HAND/patient00218/study1_positive/image3.png,train/XR_HAND/patient10365/study1_negative/image3.png,patient00218,patient10365,1,0,4
mura,train/XR_FINGER/patient04771/study1_negative/image1.png,train/XR_HAND/patient10373/study1_negative/image1.png,patient04771,patient10373,0,0,4
mura,train/XR_FINGER/patient04649/study1_negative/image2.png,train/XR_HAND/patient10390/study1_negative/image2.png,patient04649,patient10390,0,0,4
mura,train/XR_FINGER/patient04862/study1_negative/image3.png,train/XR_HAND/patient10390/study1_negative/image2.png,patient04862,patient10390,0,0,4
mura,train/XR_FINGER/patient04090/study1_negative/image3.png,train/XR_HAND/patient10390/study1_negative/image3.png,patient04090,patient10390,0,0,4
mura,train/XR_HAND/patient10283/study2_negative/image3.png,train/XR_HAND/patient10392/study1_negative/image2.png,patient10283,patient10392,0,0,4
mura,train/XR_WRIST/patient08981/study1_negative/image2.png,train/XR_HAND/patient10436/study1_negative/image2.png,patient08981,patient10436,0,0,4
mura,train/XR_FINGER/patient04357/study1_negative/image2.png,train/XR_HAND/patient10460/study1_negative/image1.png,patient04357,patient10460,0,0,4
mura,train/XR_WRIST/patient06406/study1_positive/image2.png,train/XR_HAND/patient10461/study1_negative/image1.png,patient06406,patient10461,1,0,4
mura,train/XR_HAND/patient09865/study1_positive/image2.png,train/XR_HAND/patient10488/study1_negative/image3.png,patient09865,patient10488,1,0,4
mura,train/XR_FINGER/patient03274/study1_positive/image3.png,train/XR_HAND/patient06601/study1_negative/image3.png,patient03274,patient06601,1,0,4
mura,train/XR_FINGER/patient03307/study1_positive/image3.png,train/XR_HAND/patient06601/study1_negative/image3.png,patient03307,patient06601,1,0,4
mura,train/XR_HAND/patient09866/study1_positive/image1.png,train/XR_HAND/patient00466/study1_negative/image1.png,patient09866,patient00466,1,0,4
mura,train/XR_WRIST/patient05276/study1_negative/image4.png,train/XR_HAND/patient10499/study1_negative/image3.png,patient05276,patient10499,0,0,4
mura,train/XR_FINGER/patient03403/study1_positive/image2.png,train/XR_HAND/patient10499/study1_negative/image3.png,patient03403,patient10499,1,0,4
mura,train/XR_WRIST/patient08679/study1_negative/image3.png,train/XR_HAND/patient10499/study1_negative/image3.png,patient08679,patient10499,0,0,4
mura,train/XR_FINGER/patient03878/study1_negative/image2.png,train/XR_HAND/patient02699/study1_negative/image1.png,patient03878,patient02699,0,0,4
mura,train/XR_HAND/patient09996/study1_positive/image2.png,train/XR_HAND/patient10517/study1_negative/image3.png,patient09996,patient10517,1,0,2
mura,train/XR_HAND/patient09759/study1_positive/image1.png,train/XR_HAND/patient10519/study1_negative/image1.png,patient09759,patient10519,1,0,4
mura,train/XR_HAND/patient09782/study1_positive/image3.png,train/XR_HAND/patient01093/study1_negative/image3.png,patient09782,patient01093,1,0,2
mura,train/XR_HAND/patient00466/study1_negative/image2.png,train/XR_HAND/patient01475/study2_negative/image2.png,patient00466,patient01475,0,0,4
mura,train/XR_HAND/patient09759/study1_positive/image1.png,train/XR_HAND/patient10534/study1_negative/image2.png,patient09759,patient10534,1,0,4
mura,train/XR_HAND/patient10237/study1_negative/image2.png,train/XR_HAND/patient04796/study1_negative/image2.png,patient10237,patient04796,0,0,4
mura,train/XR_HAND/patient09101/study1_positive/image2.png,train/XR_HAND/patient04796/study1_negative/image2.png,patient09101,patient04796,1,0,4
mura,train/XR_HAND/patient10088/study1_positive/image1.png,train/XR_HAND/patient04796/study1_negative/image2.png,patient10088,patient04796,1,0,4
mura,train/XR_HAND/patient10088/study1_positive/image3.png,train/XR_HAND/patient04796/study1_negative/image2.png,patient10088,patient04796,1,0,2
mura,train/XR_HAND/patient09853/study1_positive/image2.png,train/XR_HAND/patient10578/study1_negative/image1.png,patient09853,patient10578,1,0,4
mura,train/XR_HAND/patient10525/study1_negative/image2.png,train/XR_HAND/patient10585/study1_negative/image1.png,patient10525,patient10585,0,0,4
mura,train/XR_HAND/patient10606/study1_negative/image1.png,train/XR_HAND/patient03092/study1_negative/image1.png,patient10606,patient03092,0,0,4
mura,train/XR_FINGER/patient04328/study1_negative/image3.png,train/XR_HAND/patient10631/study1_negative/image3.png,patient04328,patient10631,0,0,4
mura,train/XR_HAND/patient10191/study1_negative/image3.png,train/XR_HAND/patient10640/study1_negative/image3.png,patient10191,patient10640,0,0,4
mura,train/XR_HAND/patient00276/study1_positive/image2.png,train/XR_HAND/patient10644/study1_negative/image2.png,patient00276,patient10644,1,0,4
mura,train/XR_HAND/patient07148/study1_positive/image3.png,train/XR_HAND/patient10648/study1_negative/image1.png,patient07148,patient10648,1,0,4
mura,train/XR_FOREARM/patient09352/study1_negative/image1.png,train/XR_HAND/patient06589/study1_negative/image1.png,patient09352,patient06589,0,0,4
mura,train/XR_HAND/patient01895/study1_negative/image2.png,train/XR_HAND/patient06055/study1_negative/image1.png,patient01895,patient06055,0,0,4
mura,train/XR_HAND/patient01505/study1_negative/image4.png,train/XR_HAND/patient07107/study1_negative/image1.png,patient01505,patient07107,0,0,4
mura,train/XR_HAND/patient10640/study1_negative/image3.png,train/XR_HAND/patient02986/study1_negative/image2.png,patient10640,patient02986,0,0,4
mura,train/XR_HAND/patient10496/study1_negative/image2.png,train/XR_HAND/patient05539/study1_negative/image3.png,patient10496,patient05539,0,0,4
mura,train/XR_HAND/patient10237/study1_negative/image2.png,train/XR_HAND/patient10719/study1_negative/image3.png,patient10237,patient10719,0,0,4
mura,train/XR_HAND/patient10361/study1_negative/image1.png,train/XR_HAND/patient10719/study1_negative/image3.png,patient10361,patient10719,0,0,4
mura,train/XR_HAND/patient10053/study1_positive/image1.png,train/XR_HAND/patient10719/study1_negative/image3.png,patient10053,patient10719,1,0,4
mura,train/XR_HAND/patient10088/study1_positive/image1.png,train/XR_HAND/patient10719/study1_negative/image3.png,patient10088,patient10719,1,0,4
mura,train/XR_HAND/patient09747/study1_positive/image3.png,train/XR_HAND/patient10725/study1_negative/image3.png,patient09747,patient10725,1,0,2
mura,train/XR_HAND/patient10724/study1_negative/image2.png,train/XR_HAND/patient03281/study1_negative/image2.png,patient10724,patient03281,0,0,4
mura,train/XR_HAND/patient10452/study1_negative/image3.png,train/XR_HAND/patient10740/study1_negative/image3.png,patient10452,patient10740,0,0,4
mura,train/XR_HAND/patient10452/study1_negative/image3.png,train/XR_HAND/patient10754/study1_negative/image1.png,patient10452,patient10754,0,0,4
mura,train/XR_HAND/patient00466/study1_negative/image1.png,train/XR_HAND/patient10758/study1_negative/image3.png,patient00466,patient10758,0,0,4
mura,train/XR_HAND/patient10562/study1_negative/image2.png,train/XR_HAND/patient10762/study1_negative/image1.png,patient10562,patient10762,0,0,2
mura,train/XR_HAND/patient10207/study2_negative/image1.png,train/XR_HAND/patient10799/study1_negative/image2.png,patient10207,patient10799,0,0,4
mura,train/XR_HAND/patient00218/study2_negative/image2.png,train/XR_HAND/patient10813/study1_negative/image3.png,patient00218,patient10813,0,0,4
mura,train/XR_HAND/patient02809/study1_negative/image2.png,train/XR_HAND/patient07130/study1_negative/image1.png,patient02809,patient07130,0,0,4
mura,train/XR_HAND/patient08143/study1_positive/image2.png,train/XR_HAND/patient07130/study1_negative/image1.png,patient08143,patient07130,1,0,4
mura,train/XR_HAND/patient10680/study1_negative/image3.png,train/XR_HAND/patient10828/study1_negative/image1.png,patient10680,patient10828,0,0,4
mura,train/XR_HAND/patient02986/study1_negative/image2.png,train/XR_HAND/patient10831/study1_negative/image1.png,patient02986,patient10831,0,0,4
mura,train/XR_FINGER/patient04398/study1_negative/image2.png,train/XR_HAND/patient10836/study1_negative/image3.png,patient04398,patient10836,0,0,4
mura,train/XR_HAND/patient02442/study1_negative/image3.png,train/XR_HAND/patient07982/study1_negative/image1.png,patient02442,patient07982,0,0,4
mura,train/XR_HAND/patient10007/study1_positive/image3.png,train/XR_HAND/patient10846/study1_negative/image2.png,patient10007,patient10846,1,0,4
mura,train/XR_HAND/patient10547/study1_negative/image2.png,train/XR_HAND/patient10848/study1_negative/image2.png,patient10547,patient10848,0,0,4
mura,train/XR_HAND/patient10359/study1_negative/image2.png,train/XR_HAND/patient10922/study1_negative/image3.png,patient10359,patient10922,0,0,4
mura,train/XR_HAND/patient10749/study1_negative/image1.png,train/XR_HAND/patient10923/study1_negative/image3.png,patient10749,patient10923,0,0,4
mura,train/XR_HAND/patient10731/study1_negative/image2.png,train/XR_HAND/patient10936/study1_negative/image3.png,patient10731,patient10936,0,0,4
mura,train/XR_HAND/patient09858/study1_positive/image2.png,train/XR_HAND/patient10940/study1_negative/image2.png,patient09858,patient10940,1,0,2
mura,train/XR_HAND/patient10637/study1_negative/image2.png,train/XR_HAND/patient08679/study1_negative/image1.png,patient10637,patient08679,0,0,4
mura,train/XR_HAND/patient10474/study1_negative/image2.png,train/XR_HAND/patient10969/study1_negative/image2.png,patient10474,patient10969,0,0,4
mura,train/XR_HAND/patient10685/study1_negative/image2.png,train/XR_HAND/patient10998/study1_negative/image2.png,patient10685,patient10998,0,0,4
mura,train/XR_HAND/patient09535/study1_negative/image3.png,train/XR_HAND/patient10998/study1_negative/image2.png,patient09535,patient10998,0,0,4
mura,train/XR_HAND/patient10488/study1_negative/image3.png,train/XR_HAND/patient03134/study1_negative/image1.png,patient10488,patient03134,0,0,4
mura,train/XR_FINGER/patient03580/study1_positive/image1.png,train/XR_HAND/patient11016/study1_negative/image2.png,patient03580,patient11016,1,0,4
mura,train/XR_HAND/patient10726/study1_negative/image2.png,train/XR_HAND/patient11023/study1_negative/image1.png,patient10726,patient11023,0,0,4
mura,train/XR_HAND/patient03653/study1_negative/image1.png,train/XR_HAND/patient11029/study1_negative/image2.png,patient03653,patient11029,0,0,4
mura,train/XR_HAND/patient10941/study1_negative/image1.png,train/XR_HAND/patient11033/study1_negative/image2.png,patient10941,patient11033,0,0,4
mura,train/XR_FINGER/patient04768/study1_negative/image2.png,train/XR_HAND/patient05043/study1_negative/image1.png,patient04768,patient05043,0,0,4
mura,train/XR_HAND/patient01475/study2_negative/image3.png,train/XR_HAND/patient11071/study1_negative/image3.png,patient01475,patient11071,0,0,4
mura,train/XR_HAND/patient09747/study1_positive/image3.png,train/XR_HAND/patient06763/study1_negative/image1.png,patient09747,patient06763,1,0,4
mura,train/XR_HAND/patient09926/study2_negative/image3.png,train/XR_HAND/patient11102/study1_negative/image1.png,patient09926,patient11102,0,0,4
mura,train/XR_HAND/patient11064/study1_negative/image2.png,train/XR_HAND/patient11119/study1_negative/image2.png,patient11064,patient11119,0,0,4
mura,train/XR_HAND/patient11064/study1_negative/image3.png,train/XR_HAND/patient11119/study1_negative/image2.png,patient11064,patient11119,0,0,4
mura,train/XR_FINGER/patient04441/study1_negative/image3.png,train/XR_HAND/patient11147/study1_negative/image4.png,patient04441,patient11147,0,0,2
mura,train/XR_WRIST/patient07147/study1_positive/image1.png,train/XR_HAND/patient11147/study1_negative/image4.png,patient07147,patient11147,1,0,4
mura,train/XR_WRIST/patient08374/study1_negative/image2.png,valid/XR_WRIST/patient11188/study1_positive/image4.png,patient08374,patient11188,0,1,4
mura,train/XR_FINGER/patient04137/study1_negative/image1.png,valid/XR_WRIST/patient11206/study1_positive/image1.png,patient04137,patient11206,0,1,4
mura,train/XR_FINGER/patient02615/study1_negative/image3.png,valid/XR_WRIST/patient11206/study1_positive/image1.png,patient02615,patient11206,0,1,4
mura,train/XR_WRIST/patient08715/study1_negative/image1.png,valid/XR_WRIST/patient11222/study2_negative/image1.png,patient08715,patient11222,0,0,4
mura,train/XR_WRIST/patient08049/study1_negative/image4.png,valid/XR_WRIST/patient11222/study2_negative/image2.png,patient08049,patient11222,0,0,4
mura,train/XR_WRIST/patient07129/study1_positive/image2.png,valid/XR_WRIST/patient11229/study1_positive/image2.png,patient07129,patient11229,1,1,4
mura,train/XR_WRIST/patient08755/study1_negative/image1.png,valid/XR_WRIST/patient11246/study1_positive/image3.png,patient08755,patient11246,0,1,4
mura,train/XR_WRIST/patient07718/study4_negative/image1.png,valid/XR_WRIST/patient11253/study1_positive/image1.png,patient07718,patient11253,0,1,4
mura,train/XR_WRIST/patient08154/study1_negative/image2.png,valid/XR_WRIST/patient11253/study1_positive/image4.png,patient08154,patient11253,0,1,2
mura,train/XR_WRIST/patient08506/study1_negative/image1.png,valid/XR_WRIST/patient11263/study1_positive/image1.png,patient08506,patient11263,0,1,2
mura,valid/XR_WRIST/patient11211/study1_positive/image1.png,valid/XR_WRIST/patient11272/study3_negative/image1.png,patient11211,patient11272,1,0,4
mura,train/XR_WRIST/patient07145/study1_positive/image1.png,valid/XR_WRIST/patient11272/study3_negative/image3.png,patient07145,patient11272,1,0,4
mura,train/XR_WRIST/patient07452/study1_negative/image2.png,valid/XR_WRIST/patient11272/study3_negative/image3.png,patient07452,patient11272,0,0,4
mura,train/XR_FINGER/patient04391/study1_negative/image1.png,valid/XR_WRIST/patient11287/study1_negative/image3.png,patient04391,patient11287,0,0,4
mura,train/XR_WRIST/patient07016/study1_positive/image2.png,valid/XR_WRIST/patient11287/study1_negative/image3.png,patient07016,patient11287,1,0,4
mura,train/XR_WRIST/patient07476/study1_negative/image2.png,valid/XR_WRIST/patient11287/study1_negative/image3.png,patient07476,patient11287,0,0,2
mura,train/XR_WRIST/patient06738/study1_positive/image2.png,valid/XR_WRIST/patient11331/study1_negative/image3.png,patient06738,patient11331,1,0,4
mura,train/XR_WRIST/patient00399/study1_negative/image1.png,valid/XR_WRIST/patient11340/study1_negative/image4.png,patient00399,patient11340,0,0,4
mura,train/XR_WRIST/patient08082/study1_negative/image1.png,valid/XR_WRIST/patient11347/study1_negative/image2.png,patient08082,patient11347,0,0,2
mura,train/XR_WRIST/patient07452/study1_negative/image1.png,valid/XR_WRIST/patient11347/study1_negative/image2.png,patient07452,patient11347,0,0,4
mura,train/XR_WRIST/patient09072/study1_negative/image2.png,valid/XR_WRIST/patient11363/study1_negative/image1.png,patient09072,patient11363,0,0,4
mura,train/XR_FOREARM/patient09158/study1_positive/image1.png,valid/XR_WRIST/patient11363/study1_negative/image1.png,patient09158,patient11363,1,0,4
mura,train/XR_WRIST/patient06479/study1_positive/image3.png,valid/XR_WRIST/patient11364/study1_negative/image2.png,patient06479,patient11364,1,0,4
mura,train/XR_WRIST/patient06584/study1_positive/image2.png,valid/XR_WRIST/patient11374/study1_negative/image1.png,patient06584,patient11374,1,0,4
mura,train/XR_WRIST/patient07985/study1_negative/image2.png,valid/XR_WRIST/patient11375/study1_negative/image3.png,patient07985,patient11375,0,0,4
mura,train/XR_WRIST/patient06770/study1_positive/image2.png,valid/XR_WRIST/patient11375/study1_negative/image3.png,patient06770,patient11375,1,0,4
mura,train/XR_WRIST/patient06982/study1_positive/image1.png,valid/XR_WRIST/patient11385/study1_negative/image2.png,patient06982,patient11385,1,0,4
mura,train/XR_WRIST/patient07319/study1_positive/image3.png,valid/XR_WRIST/patient11385/study1_negative/image2.png,patient07319,patient11385,1,0,4
mura,train/XR_WRIST/patient08239/study1_negative/image2.png,valid/XR_WRIST/patient11385/study1_negative/image2.png,patient08239,patient11385,0,0,4
mura,train/XR_ELBOW/patient04939/study1_positive/image1.png,valid/XR_FOREARM/patient11421/study1_positive/image2.png,patient04939,patient11421,1,1,4
mura,train/XR_HAND/patient09986/study2_negative/image1.png,valid/XR_HAND/patient11505/study1_positive/image3.png,patient09986,patient11505,0,1,4
mura,train/XR_HAND/patient02359/study1_negative/image1.png,valid/XR_HAND/patient11506/study1_positive/image2.png,patient02359,patient11506,0,1,4
mura,train/XR_HAND/patient00841/study1_negative/image3.png,valid/XR_HAND/patient11506/study1_positive/image2.png,patient00841,patient11506,0,1,4
mura,train/XR_HAND/patient09866/study1_positive/image3.png,valid/XR_HAND/patient11506/study1_positive/image2.png,patient09866,patient11506,1,1,2
mura,train/XR_HAND/patient10801/study1_negative/image2.png,valid/XR_HAND/patient11517/study1_positive/image2.png,patient10801,patient11517,0,1,4
mura,train/XR_HAND/patient10828/study1_negative/image1.png,valid/XR_HAND/patient11518/study1_positive/image1.png,patient10828,patient11518,0,1,4
mura,train/XR_HAND/patient10237/study1_negative/image2.png,valid/XR_HAND/patient11522/study1_positive/image1.png,patient10237,patient11522,0,1,4
mura,train/XR_HAND/patient11056/study1_negative/image1.png,valid/XR_HAND/patient11522/study1_positive/image1.png,patient11056,patient11522,0,1,4
mura,train/XR_HAND/patient10156/study1_negative/image1.png,valid/XR_HAND/patient11545/study1_positive/image2.png,patient10156,patient11545,0,1,4
mura,train/XR_HAND/patient10289/study1_negative/image2.png,valid/XR_HAND/patient11348/study1_negative/image2.png,patient10289,patient11348,0,0,4
mura,train/XR_HAND/patient06055/study1_negative/image1.png,valid/XR_HAND/patient11563/study1_negative/image1.png,patient06055,patient11563,0,0,4
mura,train/XR_HAND/patient05980/study1_negative/image3.png,valid/XR_HAND/patient11563/study1_negative/image1.png,patient05980,patient11563,0,0,4
mura,valid/XR_HAND/patient11560/study1_negative/image1.png,valid/XR_HAND/patient11575/study1_negative/image1.png,patient11560,patient11575,0,0,4
mura,train/XR_HAND/patient10813/study1_negative/image1.png,valid/XR_HAND/patient11192/study1_negative/image1.png,patient10813,patient11192,0,0,2
mura,train/XR_HAND/patient10813/study1_negative/image3.png,valid/XR_HAND/patient11192/study1_negative/image1.png,patient10813,patient11192,0,0,4
mura,train/XR_HAND/patient09900/study1_positive/image4.png,valid/XR_HAND/patient11583/study1_negative/image4.png,patient09900,patient11583,1,0,4
mura,train/XR_FINGER/patient03369/study1_positive/image1.png,valid/XR_HAND/patient11406/study1_negative/image2.png,patient03369,patient11406,1,0,4
mura,train/XR_HAND/patient10758/study1_negative/image2.png,valid/XR_HAND/patient11190/study2_negative/image3.png,patient10758,patient11190,0,0,4
mura,train/XR_HAND/patient05027/study1_negative/image3.png,valid/XR_HAND/patient11588/study1_negative/image2.png,patient05027,patient11588,0,0,4
mura,train/XR_HAND/patient11071/study1_negative/image1.png,valid/XR_HAND/patient11588/study1_negative/image2.png,patient11071,patient11588,0,0,2
mura,train/XR_HAND/patient09866/study1_positive/image3.png,valid/XR_HAND/patient11588/study1_negative/image2.png,patient09866,patient11588,1,0,4
mura,train/XR_HAND/patient00841/study1_negative/image3.png,valid/XR_HAND/patient11588/study1_negative/image3.png,patient00841,patient11588,0,0,2
mura,valid/XR_HAND/patient11506/study1_positive/image2.png,valid/XR_HAND/patient11588/study1_negative/image3.png,patient11506,patient11588,1,0,2
mura,train/XR_HAND/patient09866/study1_positive/image3.png,valid/XR_HAND/patient11588/study1_negative/image3.png,patient09866,patient11588,1,0,4
mura,train/XR_HAND/patient10703/study1_negative/image2.png,valid/XR_HAND/patient11595/study1_negative/image1.png,patient10703,patient11595,0,0,4
mura,train/XR_HUMERUS/patient03034/study1_negative/image1.png,valid/XR_HUMERUS/patient11637/study1_positive/image2.png,patient03034,patient11637,0,1,2
mura,train/XR_HUMERUS/patient03168/study1_negative/image1.png,valid/XR_HUMERUS/patient11656/study1_positive/image1.png,patient03168,patient11656,0,1,4
mura,train/XR_SHOULDER/patient00297/study3_positive/image2.png,valid/XR_SHOULDER/patient11281/study1_positive/image2.png,patient00297,patient11281,1,1,4
mura,train/XR_SHOULDER/patient00227/study1_positive/image2.png,valid/XR_SHOULDER/patient11333/study1_positive/image1.png,patient00227,patient11333,1,1,4
mura,train/XR_SHOULDER/patient00276/study2_positive/image3.png,valid/XR_SHOULDER/patient11333/study1_positive/image1.png,patient00276,patient11333,1,1,4
mura,train/XR_SHOULDER/patient00559/study1_positive/image2.png,valid/XR_SHOULDER/patient11333/study1_positive/image1.png,patient00559,patient11333,1,1,4
mura,train/XR_SHOULDER/patient02055/study1_negative/image3.png,valid/XR_SHOULDER/patient11333/study1_positive/image1.png,patient02055,patient11333,0,1,4
mura,train/XR_SHOULDER/patient00351/study1_positive/image1.png,valid/XR_SHOULDER/patient11706/study1_positive/image2.png,patient00351,patient11706,1,1,4
mura,train/XR_SHOULDER/patient01466/study1_negative/image2.png,valid/XR_SHOULDER/patient11706/study1_positive/image2.png,patient01466,patient11706,0,1,4
mura,train/XR_SHOULDER/patient01361/study1_positive/image2.png,valid/XR_SHOULDER/patient11578/study2_positive/image1.png,patient01361,patient11578,1,1,4
mura,train/XR_SHOULDER/patient00015/study1_positive/image1.png,valid/XR_SHOULDER/patient11578/study2_positive/image4.png,patient00015,patient11578,1,1,2
mura,train/XR_SHOULDER/patient01833/study1_negative/image1.png,valid/XR_SHOULDER/patient11709/study2_negative/image1.png,patient01833,patient11709,0,0,4
mura,train/XR_SHOULDER/patient02066/study1_negative/image1.png,valid/XR_SHOULDER/patient11417/study1_positive/image3.png,patient02066,patient11417,0,1,4
mura,train/XR_SHOULDER/patient00278/study1_positive/image2.png,valid/XR_SHOULDER/patient11715/study1_positive/image2.png,patient00278,patient11715,1,1,4
mura,train/XR_SHOULDER/patient01427/study1_negative/image1.png,valid/XR_SHOULDER/patient11715/study1_positive/image2.png,patient01427,patient11715,0,1,4
mura,train/XR_SHOULDER/patient00697/study1_positive/image4.png,valid/XR_SHOULDER/patient11715/study1_positive/image3.png,patient00697,patient11715,1,1,4
mura,train/XR_SHOULDER/patient02560/study1_negative/image1.png,valid/XR_SHOULDER/patient11715/study1_positive/image3.png,patient02560,patient11715,0,1,4
mura,train/XR_SHOULDER/patient01897/study1_negative/image4.png,valid/XR_SHOULDER/patient11313/study2_negative/image2.png,patient01897,patient11313,0,0,4
mura,train/XR_SHOULDER/patient00375/study1_positive/image1.png,valid/XR_SHOULDER/patient11733/study1_positive/image3.png,patient00375,patient11733,1,1,4
mura,train/XR_SHOULDER/patient01449/study1_negative/image4.png,valid/XR_SHOULDER/patient11737/study1_positive/image3.png,patient01449,patient11737,0,1,4
mura,train/XR_SHOULDER/patient01539/study1_negative/image1.png,valid/XR_SHOULDER/patient11563/study1_positive/image1.png,patient01539,patient11563,0,1,4
mura,train/XR_SHOULDER/patient01119/study1_positive/image1.png,valid/XR_SHOULDER/patient11563/study1_positive/image2.png,patient01119,patient11563,1,1,4
mura,train/XR_SHOULDER/patient01275/study1_positive/image4.png,valid/XR_SHOULDER/patient11563/study1_positive/image2.png,patient01275,patient11563,1,1,4
mura,train/XR_SHOULDER/patient01539/study1_negative/image1.png,valid/XR_SHOULDER/patient11563/study1_positive/image2.png,patient01539,patient11563,0,1,4
mura,train/XR_SHOULDER/patient00686/study1_positive/image2.png,valid/XR_SHOULDER/patient11750/study1_positive/image1.png,patient00686,patient11750,1,1,4
mura,train/XR_SHOULDER/patient01119/study1_positive/image1.png,valid/XR_SHOULDER/patient11750/study1_positive/image2.png,patient01119,patient11750,1,1,4
mura,train/XR_SHOULDER/patient01760/study1_negative/image3.png,valid/XR_SHOULDER/patient11750/study1_positive/image2.png,patient01760,patient11750,0,1,4
mura,train/XR_SHOULDER/patient02443/study1_negative/image2.png,valid/XR_SHOULDER/patient11750/study1_positive/image2.png,patient02443,patient11750,0,1,4
mura,train/XR_SHOULDER/patient02366/study1_negative/image2.png,valid/XR_SHOULDER/patient11757/study1_negative/image3.png,patient02366,patient11757,0,0,4
mura,train/XR_SHOULDER/patient00262/study1_positive/image1.png,valid/XR_SHOULDER/patient11759/study1_negative/image1.png,patient00262,patient11759,1,0,4
mura,train/XR_SHOULDER/patient02692/study1_negative/image1.png,valid/XR_SHOULDER/patient11636/study1_negative/image1.png,patient02692,patient11636,0,0,4
mura,train/XR_SHOULDER/patient00070/study1_positive/image1.png,valid/XR_SHOULDER/patient11781/study1_negative/image3.png,patient00070,patient11781,1,0,4
mura,train/XR_SHOULDER/patient01427/study1_negative/image1.png,valid/XR_SHOULDER/patient11781/study1_negative/image3.png,patient01427,patient11781,0,0,4
mura,train/XR_SHOULDER/patient01649/study1_negative/image3.png,valid/XR_SHOULDER/patient11793/study1_negative/image2.png,patient01649,patient11793,0,0,4
mura,train/XR_SHOULDER/patient02232/study1_negative/image2.png,valid/XR_SHOULDER/patient11793/study1_negative/image2.png,patient02232,patient11793,0,0,4
mura,train/XR_SHOULDER/patient00506/study1_positive/image2.png,valid/XR_SHOULDER/patient11793/study1_negative/image3.png,patient00506,patient11793,1,0,4
mura,train/XR_SHOULDER/patient02239/study1_negative/image3.png,valid/XR_SHOULDER/patient11793/study1_negative/image3.png,patient02239,patient11793,0,0,4
mura,train/XR_SHOULDER/patient02452/study1_negative/image3.png,valid/XR_SHOULDER/patient11399/study1_negative/image2.png,patient02452,patient11399,0,0,4
mura,train/XR_SHOULDER/patient02585/study1_negative/image1.png,valid/XR_SHOULDER/patient11399/study1_negative/image2.png,patient02585,patient11399,0,0,4
mura,train/XR_SHOULDER/patient01097/study1_positive/image1.png,valid/XR_SHOULDER/patient11795/study1_negative/image1.png,patient01097,patient11795,1,0,4
mura,train/XR_SHOULDER/patient00523/study1_positive/image3.png,valid/XR_SHOULDER/patient11351/study1_negative/image2.png,patient00523,patient11351,1,0,4
mura,train/XR_SHOULDER/patient00015/study1_positive/image2.png,valid/XR_SHOULDER/patient11796/study1_negative/image1.png,patient00015,patient11796,1,0,4
mura,train/XR_SHOULDER/patient02062/study1_negative/image2.png,valid/XR_SHOULDER/patient11796/study1_negative/image3.png,patient02062,patient11796,0,0,4
mura,train/XR_ELBOW/patient06030/study1_negative/image1.png,valid/XR_ELBOW/patient11804/study1_positive/image1.png,patient06030,patient11804,0,1,4
mura,train/XR_FOREARM/patient09342/study1_negative/image2.png,valid/XR_ELBOW/patient11851/study2_negative/image1.png,patient09342,patient11851,0,0,4
mura,train/XR_WRIST/patient07491/study1_negative/image1.png,valid/XR_ELBOW/patient11851/study2_negative/image2.png,patient07491,patient11851,0,0,4
mura,train/XR_ELBOW/patient05418/study1_positive/image1.png,valid/XR_ELBOW/patient11338/study1_negative/image1.png,patient05418,patient11338,1,0,4
mura,train/XR_ELBOW/patient03492/study1_negative/image4.png,valid/XR_ELBOW/patient11338/study1_negative/image1.png,patient03492,patient11338,0,0,4
mura,train/XR_FINGER/patient04390/study1_negative/image2.png,valid/XR_ELBOW/patient11872/study1_negative/image2.png,patient04390,patient11872,0,0,4
mura,train/XR_FINGER/patient04839/study1_negative/image4.png,valid/XR_FINGER/patient11882/study1_positive/image1.png,patient04839,patient11882,0,1,4
mura,train/XR_FINGER/patient03756/study1_positive/image3.png,valid/XR_FINGER/patient11385/study1_positive/image2.png,patient03756,patient11385,1,1,4
mura,train/XR_FINGER/patient03900/study1_negative/image2.png,valid/XR_FINGER/patient11385/study1_positive/image2.png,patient03900,patient11385,0,1,4
mura,train/XR_FINGER/patient04014/study1_negative/image2.png,valid/XR_FINGER/patient11385/study1_positive/image2.png,patient04014,patient11385,0,1,2
mura,train/XR_FINGER/patient04374/study1_negative/image2.png,valid/XR_FINGER/patient11385/study1_positive/image2.png,patient04374,patient11385,0,1,4
mura,train/XR_FINGER/patient04445/study1_negative/image2.png,valid/XR_FINGER/patient11385/study1_positive/image2.png,patient04445,patient11385,0,1,4
mura,train/XR_FINGER/patient00947/study1_negative/image2.png,valid/XR_FINGER/patient11385/study1_positive/image2.png,patient00947,patient11385,0,1,4
mura,train/XR_FINGER/patient03931/study1_negative/image3.png,valid/XR_FINGER/patient11891/study1_positive/image1.png,patient03931,patient11891,0,1,4
mura,train/XR_FINGER/patient04289/study1_negative/image2.png,valid/XR_FINGER/patient11891/study1_positive/image1.png,patient04289,patient11891,0,1,4
mura,train/XR_FINGER/patient04558/study1_negative/image1.png,valid/XR_FINGER/patient11891/study1_positive/image1.png,patient04558,patient11891,0,1,4
mura,train/XR_FINGER/patient04685/study1_negative/image3.png,valid/XR_FINGER/patient11891/study1_positive/image1.png,patient04685,patient11891,0,1,4
mura,train/XR_FINGER/patient04164/study1_negative/image1.png,valid/XR_FINGER/patient11891/study1_positive/image3.png,patient04164,patient11891,0,1,4
mura,train/XR_FINGER/patient04166/study2_negative/image3.png,valid/XR_FINGER/patient11880/study1_positive/image2.png,patient04166,patient11880,0,1,4
mura,train/XR_WRIST/patient07775/study1_negative/image2.png,valid/XR_FINGER/patient11705/study1_positive/image3.png,patient07775,patient11705,0,1,2
mura,train/XR_WRIST/patient08218/study1_negative/image3.png,valid/XR_FINGER/patient11705/study1_positive/image3.png,patient08218,patient11705,0,1,4
mura,train/XR_FINGER/patient03425/study1_positive/image1.png,valid/XR_FINGER/patient11905/study1_positive/image2.png,patient03425,patient11905,1,1,4
mura,train/XR_FINGER/patient03489/study1_positive/image3.png,valid/XR_FINGER/patient11905/study1_positive/image2.png,patient03489,patient11905,1,1,4
mura,train/XR_WRIST/patient06818/study1_positive/image1.png,valid/XR_FINGER/patient11905/study1_positive/image2.png,patient06818,patient11905,1,1,4
mura,train/XR_WRIST/patient06908/study1_positive/image1.png,valid/XR_FINGER/patient11905/study1_positive/image2.png,patient06908,patient11905,1,1,4
mura,train/XR_FINGER/patient03251/study2_positive/image1.png,valid/XR_FINGER/patient11561/study1_positive/image2.png,patient03251,patient11561,1,1,4
mura,train/XR_FINGER/patient04832/study1_negative/image2.png,valid/XR_FINGER/patient11908/study1_positive/image2.png,patient04832,patient11908,0,1,2
mura,train/XR_FINGER/patient03336/study1_positive/image1.png,valid/XR_FINGER/patient11909/study1_positive/image1.png,patient03336,patient11909,1,1,4
mura,train/XR_FINGER/patient04823/study1_negative/image3.png,valid/XR_FINGER/patient11911/study1_positive/image3.png,patient04823,patient11911,0,1,4
mura,train/XR_FINGER/patient03815/study1_negative/image2.png,valid/XR_FINGER/patient11914/study1_positive/image1.png,patient03815,patient11914,0,1,4
mura,train/XR_FINGER/patient03968/study1_negative/image2.png,valid/XR_FINGER/patient11914/study1_positive/image1.png,patient03968,patient11914,0,1,4
mura,train/XR_FINGER/patient04764/study1_negative/image3.png,valid/XR_FINGER/patient11914/study1_positive/image1.png,patient04764,patient11914,0,1,4
mura,train/XR_FINGER/patient03587/study1_positive/image3.png,valid/XR_FINGER/patient11667/study1_positive/image2.png,patient03587,patient11667,1,1,4
mura,train/XR_FINGER/patient04075/study1_negative/image1.png,valid/XR_FINGER/patient11300/study3_negative/image1.png,patient04075,patient11300,0,0,4
mura,train/XR_FINGER/patient04182/study1_negative/image2.png,valid/XR_FINGER/patient11300/study3_negative/image1.png,patient04182,patient11300,0,0,2
mura,train/XR_FINGER/patient04613/study1_negative/image2.png,valid/XR_FINGER/patient11300/study3_negative/image1.png,patient04613,patient11300,0,0,4
mura,train/XR_FINGER/patient00577/study1_negative/image1.png,valid/XR_FINGER/patient11300/study3_negative/image2.png,patient00577,patient11300,0,0,4
mura,train/XR_FINGER/patient04249/study1_negative/image2.png,valid/XR_FINGER/patient11477/study2_negative/image2.png,patient04249,patient11477,0,0,4
mura,train/XR_HAND/patient09989/study1_positive/image3.png,valid/XR_FINGER/patient11477/study2_negative/image2.png,patient09989,patient11477,1,0,4
mura,train/XR_FINGER/patient03227/study1_positive/image3.png,valid/XR_FINGER/patient11926/study1_negative/image2.png,patient03227,patient11926,1,0,4
mura,train/XR_FINGER/patient01992/study1_positive/image1.png,valid/XR_FINGER/patient11926/study1_negative/image2.png,patient01992,patient11926,1,0,2
mura,train/XR_FINGER/patient03410/study1_positive/image3.png,valid/XR_FINGER/patient11926/study1_negative/image2.png,patient03410,patient11926,1,0,4
mura,train/XR_FINGER/patient03547/study1_positive/image2.png,valid/XR_FINGER/patient11926/study1_negative/image2.png,patient03547,patient11926,1,0,4
mura,train/XR_FINGER/patient03587/study1_positive/image2.png,valid/XR_FINGER/patient11926/study1_negative/image2.png,patient03587,patient11926,1,0,4
mura,train/XR_FINGER/patient03615/study1_positive/image3.png,valid/XR_FINGER/patient11926/study1_negative/image2.png,patient03615,patient11926,1,0,0
mura,train/XR_FINGER/patient03756/study1_positive/image1.png,valid/XR_FINGER/patient11926/study1_negative/image2.png,patient03756,patient11926,1,0,0
mura,train/XR_FINGER/patient03756/study1_positive/image2.png,valid/XR_FINGER/patient11926/study1_negative/image2.png,patient03756,patient11926,1,0,2
mura,train/XR_FINGER/patient00238/study2_negative/image1.png,valid/XR_FINGER/patient11926/study1_negative/image2.png,patient00238,patient11926,0,0,4
mura,train/XR_FINGER/patient03839/study1_negative/image1.png,valid/XR_FINGER/patient11926/study1_negative/image2.png,patient03839,patient11926,0,0,2
mura,train/XR_FINGER/patient03903/study1_negative/image1.png,valid/XR_FINGER/patient11926/study1_negative/image2.png,patient03903,patient11926,0,0,0
mura,train/XR_FINGER/patient03931/study1_negative/image2.png,valid/XR_FINGER/patient11926/study1_negative/image2.png,patient03931,patient11926,0,0,0
mura,train/XR_FINGER/patient03959/study1_negative/image2.png,valid/XR_FINGER/patient11926/study1_negative/image2.png,patient03959,patient11926,0,0,2
mura,train/XR_FINGER/patient03991/study1_negative/image1.png,valid/XR_FINGER/patient11926/study1_negative/image2.png,patient03991,patient11926,0,0,4
mura,train/XR_FINGER/patient04012/study1_negative/image3.png,valid/XR_FINGER/patient11926/study1_negative/image2.png,patient04012,patient11926,0,0,0
mura,train/XR_FINGER/patient04103/study1_negative/image2.png,valid/XR_FINGER/patient11926/study1_negative/image2.png,patient04103,patient11926,0,0,2
mura,train/XR_FINGER/patient04108/study1_negative/image1.png,valid/XR_FINGER/patient11926/study1_negative/image2.png,patient04108,patient11926,0,0,4
mura,train/XR_FINGER/patient04113/study1_negative/image2.png,valid/XR_FINGER/patient11926/study1_negative/image2.png,patient04113,patient11926,0,0,4
mura,train/XR_FINGER/patient04137/study1_negative/image1.png,valid/XR_FINGER/patient11926/study1_negative/image2.png,patient04137,patient11926,0,0,4
mura,train/XR_FINGER/patient04160/study1_negative/image1.png,valid/XR_FINGER/patient11926/study1_negative/image2.png,patient04160,patient11926,0,0,4
mura,train/XR_FINGER/patient04164/study1_negative/image5.png,valid/XR_FINGER/patient11926/study1_negative/image2.png,patient04164,patient11926,0,0,0
mura,train/XR_FINGER/patient04174/study2_negative/image1.png,valid/XR_FINGER/patient11926/study1_negative/image2.png,patient04174,patient11926,0,0,0
mura,train/XR_FINGER/patient04182/study1_negative/image1.png,valid/XR_FINGER/patient11926/study1_negative/image2.png,patient04182,patient11926,0,0,0
mura,train/XR_FINGER/patient04182/study1_negative/image3.png,valid/XR_FINGER/patient11926/study1_negative/image2.png,patient04182,patient11926,0,0,4
mura,train/XR_FINGER/patient02615/study1_negative/image3.png,valid/XR_FINGER/patient11926/study1_negative/image2.png,patient02615,patient11926,0,0,4
mura,train/XR_FINGER/patient04354/study1_negative/image1.png,valid/XR_FINGER/patient11926/study1_negative/image2.png,patient04354,patient11926,0,0,2
mura,train/XR_FINGER/patient04354/study1_negative/image2.png,valid/XR_FINGER/patient11926/study1_negative/image2.png,patient04354,patient11926,0,0,2
mura,train/XR_FINGER/patient04445/study1_negative/image2.png,valid/XR_FINGER/patient11926/study1_negative/image2.png,patient04445,patient11926,0,0,4
mura,train/XR_FINGER/patient04628/study1_negative/image3.png,valid/XR_FINGER/patient11926/study1_negative/image2.png,patient04628,patient11926,0,0,0
mura,train/XR_FINGER/patient04646/study1_negative/image2.png,valid/XR_FINGER/patient11926/study1_negative/image2.png,patient04646,patient11926,0,0,4
mura,train/XR_FINGER/patient00243/study1_negative/image1.png,valid/XR_FINGER/patient11926/study1_negative/image2.png,patient00243,patient11926,0,0,4
mura,train/XR_FINGER/patient04705/study1_negative/image1.png,valid/XR_FINGER/patient11926/study1_negative/image2.png,patient04705,patient11926,0,0,2
mura,train/XR_FINGER/patient04764/study1_negative/image3.png,valid/XR_FINGER/patient11926/study1_negative/image2.png,patient04764,patient11926,0,0,2
mura,train/XR_WRIST/patient00032/study1_positive/image1.png,valid/XR_FINGER/patient11926/study1_negative/image2.png,patient00032,patient11926,1,0,2
mura,train/XR_WRIST/patient04290/study1_negative/image1.png,valid/XR_FINGER/patient11926/study1_negative/image2.png,patient04290,patient11926,0,0,4
mura,train/XR_WRIST/patient03346/study1_negative/image2.png,valid/XR_FINGER/patient11926/study1_negative/image2.png,patient03346,patient11926,0,0,4
mura,train/XR_FOREARM/patient09387/study1_negative/image1.png,valid/XR_FINGER/patient11926/study1_negative/image2.png,patient09387,patient11926,0,0,2
mura,train/XR_WRIST/patient07671/study2_negative/image3.png,valid/XR_FINGER/patient11926/study1_negative/image3.png,patient07671,patient11926,0,0,4
mura,train/XR_FINGER/patient04862/study1_negative/image2.png,valid/XR_FINGER/patient11812/study2_negative/image1.png,patient04862,patient11812,0,0,4
mura,train/XR_FINGER/patient03615/study1_positive/image3.png,valid/XR_FINGER/patient11929/study1_negative/image3.png,patient03615,patient11929,1,0,4
mura,train/XR_FINGER/patient03756/study1_positive/image1.png,valid/XR_FINGER/patient11929/study1_negative/image3.png,patient03756,patient11929,1,0,4
mura,train/XR_FINGER/patient03903/study1_negative/image1.png,valid/XR_FINGER/patient11929/study1_negative/image3.png,patient03903,patient11929,0,0,4
mura,train/XR_FINGER/patient03931/study1_negative/image2.png,valid/XR_FINGER/patient11929/study1_negative/image3.png,patient03931,patient11929,0,0,4
mura,train/XR_FINGER/patient04012/study1_negative/image3.png,valid/XR_FINGER/patient11929/study1_negative/image3.png,patient04012,patient11929,0,0,4
mura,train/XR_FINGER/patient04164/study1_negative/image5.png,valid/XR_FINGER/patient11929/study1_negative/image3.png,patient04164,patient11929,0,0,4
mura,train/XR_FINGER/patient04174/study2_negative/image1.png,valid/XR_FINGER/patient11929/study1_negative/image3.png,patient04174,patient11929,0,0,4
mura,train/XR_FINGER/patient04182/study1_negative/image1.png,valid/XR_FINGER/patient11929/study1_negative/image3.png,patient04182,patient11929,0,0,4
mura,train/XR_FINGER/patient04354/study1_negative/image2.png,valid/XR_FINGER/patient11929/study1_negative/image3.png,patient04354,patient11929,0,0,4
mura,train/XR_WRIST/patient06895/study2_negative/image1.png,valid/XR_FINGER/patient11929/study1_negative/image3.png,patient06895,patient11929,0,0,4
mura,train/XR_FINGER/patient04628/study1_negative/image3.png,valid/XR_FINGER/patient11929/study1_negative/image3.png,patient04628,patient11929,0,0,4
mura,train/XR_FINGER/patient04705/study1_negative/image1.png,valid/XR_FINGER/patient11929/study1_negative/image3.png,patient04705,patient11929,0,0,4
mura,train/XR_FINGER/patient04764/study1_negative/image3.png,valid/XR_FINGER/patient11929/study1_negative/image3.png,patient04764,patient11929,0,0,2
mura,train/XR_WRIST/patient00032/study1_positive/image1.png,valid/XR_FINGER/patient11929/study1_negative/image3.png,patient00032,patient11929,1,0,4
mura,valid/XR_FINGER/patient11926/study1_negative/image2.png,valid/XR_FINGER/patient11929/study1_negative/image3.png,patient11926,patient11929,0,0,4
mura,train/XR_FINGER/patient03389/study1_positive/image2.png,valid/XR_FINGER/patient11937/study1_negative/image1.png,patient03389,patient11937,1,0,4
mura,train/XR_FINGER/patient04372/study1_negative/image1.png,valid/XR_FINGER/patient11937/study1_negative/image1.png,patient04372,patient11937,0,0,4
mura,train/XR_FINGER/patient03900/study1_negative/image3.png,valid/XR_FINGER/patient11937/study1_negative/image2.png,patient03900,patient11937,0,0,4
mura,train/XR_FINGER/patient00577/study1_negative/image1.png,valid/XR_FINGER/patient11937/study1_negative/image2.png,patient00577,patient11937,0,0,4
mura,train/XR_FINGER/patient04014/study1_negative/image2.png,valid/XR_FINGER/patient11859/study1_negative/image2.png,patient04014,patient11859,0,0,4
mura,train/XR_FINGER/patient03615/study1_positive/image2.png,valid/XR_FINGER/patient11576/study1_negative/image1.png,patient03615,patient11576,1,0,4
mura,train/XR_FINGER/patient03799/study1_positive/image2.png,valid/XR_FINGER/patient11576/study1_negative/image1.png,patient03799,patient11576,1,0,4
mura,train/XR_FINGER/patient04146/study1_negative/image3.png,valid/XR_FINGER/patient11576/study1_negative/image1.png,patient04146,patient11576,0,0,2
mura,train/XR_FINGER/patient04558/study1_negative/image3.png,valid/XR_FINGER/patient11576/study1_negative/image3.png,patient04558,patient11576,0,0,4
mura,train/XR_WRIST/patient08592/study1_negative/image3.png,valid/XR_FINGER/patient11649/study1_negative/image1.png,patient08592,patient11649,0,0,4
mura,train/XR_FINGER/patient03922/study1_negative/image2.png,valid/XR_FINGER/patient11649/study1_negative/image3.png,patient03922,patient11649,0,0,2
mura,train/XR_FINGER/patient04391/study1_negative/image3.png,valid/XR_FINGER/patient11649/study1_negative/image3.png,patient04391,patient11649,0,0,4
mura,train/XR_FINGER/patient04724/study1_negative/image2.png,valid/XR_FINGER/patient11649/study1_negative/image3.png,patient04724,patient11649,0,0,4
mura,train/XR_FINGER/patient03615/study1_positive/image3.png,valid/XR_FINGER/patient11374/study1_negative/image1.png,patient03615,patient11374,1,0,4
mura,train/XR_FINGER/patient03756/study1_positive/image1.png,valid/XR_FINGER/patient11374/study1_negative/image1.png,patient03756,patient11374,1,0,4
mura,train/XR_FINGER/patient03903/study1_negative/image1.png,valid/XR_FINGER/patient11374/study1_negative/image1.png,patient03903,patient11374,0,0,4
mura,train/XR_FINGER/patient03931/study1_negative/image2.png,valid/XR_FINGER/patient11374/study1_negative/image1.png,patient03931,patient11374,0,0,4
mura,train/XR_FINGER/patient04012/study1_negative/image3.png,valid/XR_FINGER/patient11374/study1_negative/image1.png,patient04012,patient11374,0,0,4
mura,train/XR_FINGER/patient04164/study1_negative/image5.png,valid/XR_FINGER/patient11374/study1_negative/image1.png,patient04164,patient11374,0,0,4
mura,train/XR_FINGER/patient04174/study2_negative/image1.png,valid/XR_FINGER/patient11374/study1_negative/image1.png,patient04174,patient11374,0,0,4
mura,train/XR_FINGER/patient04182/study1_negative/image1.png,valid/XR_FINGER/patient11374/study1_negative/image1.png,patient04182,patient11374,0,0,4
mura,train/XR_FINGER/patient04628/study1_negative/image3.png,valid/XR_FINGER/patient11374/study1_negative/image1.png,patient04628,patient11374,0,0,4
mura,valid/XR_FINGER/patient11926/study1_negative/image2.png,valid/XR_FINGER/patient11374/study1_negative/image1.png,patient11926,patient11374,0,0,4
mura,train/XR_FINGER/patient03991/study1_negative/image1.png,valid/XR_FINGER/patient11413/study1_negative/image1.png,patient03991,patient11413,0,0,2
mura,train/XR_FINGER/patient04008/study1_negative/image3.png,valid/XR_FINGER/patient11413/study1_negative/image1.png,patient04008,patient11413,0,0,4
mura,train/XR_FINGER/patient04012/study1_negative/image1.png,valid/XR_FINGER/patient11413/study1_negative/image1.png,patient04012,patient11413,0,0,4
mura,train/XR_FINGER/patient04555/study1_negative/image1.png,valid/XR_FINGER/patient11413/study1_negative/image1.png,patient04555,patient11413,0,0,2
mura,train/XR_FINGER/patient04603/study1_negative/image3.png,valid/XR_FINGER/patient11413/study1_negative/image1.png,patient04603,patient11413,0,0,4
mura,train/XR_FINGER/patient04646/study1_negative/image2.png,valid/XR_FINGER/patient11413/study1_negative/image1.png,patient04646,patient11413,0,0,2
mura,train/XR_WRIST/patient07541/study1_negative/image3.png,valid/XR_FINGER/patient11847/study1_negative/image1.png,patient07541,patient11847,0,0,4
mura,valid/XR_FINGER/patient11919/study1_positive/image3.png,valid/XR_FINGER/patient11191/study1_negative/image3.png,patient11919,patient11191,1,0,4
mura,train/XR_FINGER/patient03682/study1_positive/image3.png,valid/XR_FINGER/patient11329/study1_negative/image1.png,patient03682,patient11329,1,0,4
mura,train/XR_FINGER/patient03499/study1_positive/image2.png,valid/XR_FINGER/patient11496/study1_negative/image3.png,patient03499,patient11496,1,0,4
mura,train/XR_FINGER/patient04768/study1_negative/image2.png,valid/XR_FINGER/patient11496/study1_negative/image3.png,patient04768,patient11496,0,0,4
